tree
version=v4
num_class=1
num_tree_per_iteration=1
label_index=0
max_feature_idx=16
objective=binary sigmoid:1
feature_names=macro pull_ema8 pull_ema21 pull_ema50 rsi stoch_k z_cvd_4 z_btc_4 z_btc_10 z_cvd_20 z_btc_20 cvd_delta btc_cvd_mom vol_regime z_oi z_ls funding
feature_infos=[-1:1] [-2492665.0223178193:2308014.8344861716] [-33168023.546981119:28883110.503957752] [-91339434.715275168:82648757.096419051] [0:99.999993000000487] [0:100.00000000000001] [-1.4999957553504295:1.4999883330820041] [-1.499998479364401:1.4999982666041329] [-2.8282740286401169:2.8409553325178249] [-4.2204234603754811:4.1330226874787934] [-4.1913075890051363:4.1665921201492804] [-50769413:32702095] [-9064.1369999996386:5735.8919999999925] [-2.6598978240659008:9.8999999960745448] [-9.8999999999999968:6.7767240174507286] [-9.8999999999999861:9.8999999994886387] [-0.001787:0.0028969999999999998]
tree_sizes=3325 3396 3411 3408 3420 3402 3412 3422 3422 3429 3430 3417 3421 3414 3426 3439 3436 3433 3439 3431 3435 3414 3429 3420 3448 3425 3419 3419 3447 3437 3436 3446 3453 3440 3437 3434 3453 3431 3437 3441 3435 3447 3454 3444 3440 3420 3443 3446 3435 3434 3440 3433 3411 3420 3458 3457 3447 3455 3423 3441 3462 3440 3423 3423 3444 3436 3438 3428 3459 3446 3463 3422 3445 3416 3421 3447 3466 3418 3424 3428 3429 3403 3454 3464 3441 3468 3448 3412 3461 3416 3460 3429 3425 3429 3435 3457 3454 3457 3433 3440 3462 3443 3470 3469 3436 3447 3412 3425 3453 3459 3432 3477 3450 3456 3444 3463 3430 3431 3423 3466

Tree=0
num_leaves=31
num_cat=0
split_feature=5 13 3 4 3 3 3 3 3 11 0 3 3 13 13 15 13 15 0 15 1 14 3 13 5 2 15 3 2 0
split_gain=1842.4 1556.73 518.04 702.762 303.377 194.266 150.784 139.304 122.4 121.874 117.623 95.1616 281.524 131.363 109.252 89.6261 89.0075 97.0849 156.167 87.2668 89.0956 72.3216 62.2683 111.435 154.3 206.184 80.677 61.2676 60.8513 133.713
threshold=99.743589743589794 0.60941172256488785 8.2517031452685021 49.390153205414244 1.0000000180025095e-35 -0.52451021491629191 2.374139248815482 -1.0149044525909157 6.5803252626488016 2267909.0000000005 1.0000000180025095e-35 -21.045165055078026 -4.1953868962920433 -1.0000000180025095e-35 -0.410055582313399 -2.7322956324013314 -0.32397341358831472 0.017293326543539777 1.0000000180025095e-35 0.82549100248518781 -1.1074474670635936e-12 1.1360842327253902 4.1003122107509702 -0.058168448978860983 1.0000000180025095e-35 0.00076047733904201621 1.3158069326405393 -0.11499934431934229 -1.9353001805528476 1.0000000180025095e-35
decision_type=2 2 2 2 2 2 2 2 2 2 2 2 2 2 2 2 2 2 2 2 2 2 2 2 2 2 2 2 2 2
left_child=11 2 3 7 10 -5 -7 -2 -6 21 19 -1 13 14 -13 -4 -16 -18 -19 20 -3 -8 23 24 25 26 28 -28 29 -14
right_child=1 4 15 5 8 6 9 -9 -10 -11 -12 12 22 -15 16 -17 17 18 -20 -21 -22 -23 -24 -25 -26 -27 27 -29 -30 -31
leaf_value=-2.7050651202314118 -1.9876930933858268 -2.7050651202314118 -2.3227976734002005 -1.9633831717599852 -2.6871199436957052 -2.655982442012903 -2.4521735663725561 -2.2783609419835371 -2.253777162166787 -2.58832476221709 -2.068383190205104 -2.574046035632005 -2.7050651202314118 -2.6195579281770618 -2.0773645967415253 -1.9574968070895771 -2.7050651202314118 -2.0438757863227757 -2.6490431668164929 -2.0958263768441689 -2.3098832326288754 -2.187065029235495 -2.7047583534925463 -2.6902813603821705 -2.6625388439377149 -2.1399741118722297 -2.5184514510857698 -2.1728565627896819 -2.6427244116057405 -2.061979779989322
leaf_weight=275.32309266552329 4.7395211569964877 3.8162378147244453 2.0927755758166304 1.4157011248171318 83.58791858702898 20.373785752803087 6.5245356187224406 31.637842528522015 1.6619100160896767 10.279221210628746 2.27743224427104 7.6324756294488934 1.7850144617259494 22.220352437347174 2.7082978039979944 8.4942067489027959 2.0312233529984924 2.6467455811798573 1.78501446172595 1.2310444563627241 2.2774322442710382 4.2471033744513988 162.9902860224247 253.65671023353934 150.49518479034305 2.831402249634265 4.5548644885420799 1.7850144617259491 26.467455811798576 1.4772533476352692
leaf_count=4473 77 62 34 23 1358 331 106 514 27 167 37 124 29 361 44 138 33 43 29 20 37 69 2648 4121 2445 46 74 29 430 24
internal_value=-2.65154 -2.5074 -2.3582 -2.4021 -2.64866 -2.53933 -2.55902 -2.24049 -2.67867 -2.46517 -2.38222 -2.68046 -2.66995 -2.53978 -2.43429 -2.02971 -2.31799 -2.41882 -2.28762 -2.4798 -2.55737 -2.34765 -2.67833 -2.66861 -2.63959 -2.55083 -2.58308 -2.42115 -2.61761 -2.41386
internal_weight=1105.05 184.657 89.8047 79.2177 94.852 42.8403 41.4246 36.3774 85.2498 21.0509 9.60215 920.39 645.067 39.0241 16.8038 10.587 9.17128 6.46298 4.43176 7.32471 6.09367 10.7716 606.043 443.053 189.396 38.901 36.0696 6.33988 29.7297 3.26227
internal_count=17953 3000 1459 1287 1541 696 673 591 1385 342 156 14953 10480 634 273 172 149 105 72 119 99 175 9846 7198 3077 632 586 103 483 53
is_linear=0
shrinkage=1


Tree=1
num_leaves=31
num_cat=0
split_feature=5 13 1 3 4 2 3 3 3 3 13 2 15 3 13 5 3 3 2 15 9 11 14 11 15 13 15 3 3 1
split_gain=1456.8 921.266 226.422 167.777 344.07 141.429 93.4011 234.623 89.4647 82.2061 80.6862 77.3733 65.0608 61.0407 103.718 123.666 131.801 148.801 91.9944 61.0189 58.7554 109.171 62.3782 56.1837 54.275 90.305 49.0667 44.0808 72.356 84.3662
threshold=99.743589743589794 0.60941172256488785 5.2897123903328225e-07 6.5803252626488016 49.390153205414244 6.4868360821310711 -21.045165055078026 -4.1953868962920433 1.0000000180025095e-35 2.374139248815482 -1.0000000180025095e-35 -0.00048258134929118874 0.84327000965351806 4.1003122107509702 -0.058168448978860983 1.0000000180025095e-35 -0.11499934431934229 0.082103759847436342 0.00076047733904201621 -0.91735802468613736 -1.6245464076553013 -5697735.9999999991 1.259428660917117 2424034.0000000005 -0.5225080452297578 -0.39337096933961696 2.2368690811687406 -0.60408802236643766 0.021893091014677051 1.9567680809018387e-05
decision_type=2 2 2 2 2 2 2 2 2 2 2 2 2 2 2 2 2 2 2 2 2 2 2 2 2 2 2 2 2 2
left_child=6 3 11 4 27 -4 -1 10 -6 -10 19 12 -3 14 15 16 26 -18 -19 -8 21 22 -12 -11 -21 -26 -9 -2 -29 -30
right_child=1 2 5 -5 8 -7 7 13 9 23 20 -13 -14 -15 -16 -17 17 18 -20 24 -22 -23 -24 -25 25 -27 -28 28 29 -31
leaf_value=-0.053343295855715823 0.35114648991172437 -0.053599436829284142 -0.034179658651968786 0.33848760364713365 0.34714993131663141 0.49881027183453769 -0.037827214464902149 0.0073464239554750753 -0.010592549964744444 0.19870157415679063 -0.053641750778481684 0.3294363359037572 0.32101312932779108 -0.053022990667939175 -0.038102188458638643 -0.010553829215659997 0.55020689199986039 0.018977299931499145 0.31339972322319731 0.40853452737571117 -0.02990410989718453 0.44916464243444865 0.34142041531739237 0.037042815085730083 0.0016860502910540074 0.25832532798402857 0.25991969593836578 0.12494263066911807 0.44437723576725924 0.23802016056212083
leaf_weight=262.77516880631447 13.133903190493582 3.5380403026938438 82.914098180830479 21.273473083972931 2.9733116701245299 1.2635990753769863 3.1169900372624424 26.986507914960388 19.804775100201368 12.620787017047407 4.7460883855819702 6.2393425628542882 1.7236980721354482 155.60370683670044 245.24385735020041 149.06353672966361 2.644197702407836 6.8441263362765294 4.3327249884605408 2.6981309577822747 14.744514584541319 2.0882788896560687 1.2656235694885252 9.3612227439880353 5.39692094922066 9.3942440114915282 2.0704004913568488 9.4410229921340925 6.406408458948138 21.832365669310093
leaf_count=4473 136 58 1373 219 31 15 48 420 323 159 75 77 18 2648 4121 2445 34 102 46 36 233 33 20 144 81 108 30 112 76 259
internal_value=-0.000434906 0.117295 0.00225211 0.211495 0.183229 -0.0261789 -0.028266 -0.0179088 0.0821477 0.0632916 0.0942405 0.210342 0.0691203 -0.0261292 -0.0165571 0.0109711 0.0858018 0.212908 0.133111 0.165981 0.0295292 0.137716 0.0295292 0.129858 0.202304 0.164684 0.0253431 0.272267 0.244773 0.284835
internal_weight=1111.54 212.526 95.6788 116.847 95.5738 84.1777 899.015 636.24 44.7601 41.7868 43.4508 11.5011 5.26174 592.789 437.185 191.941 42.878 13.821 11.1769 20.6063 22.8445 8.09999 6.01171 21.982 17.4893 14.7912 29.0569 50.8137 37.6798 28.2388
internal_count=17953 3000 1541 1459 1240 1388 14953 10480 657 626 634 153 76 9846 7198 3077 632 182 148 273 361 128 95 303 225 189 450 583 447 335
is_linear=0
shrinkage=0.05


Tree=2
num_leaves=31
num_cat=0
split_feature=5 13 1 3 3 2 3 4 13 3 13 5 3 1 1 1 3 3 14 3 9 14 14 15 2 16 14 10 9 13
split_gain=1210.87 631.464 173.733 91.6487 200.134 90.3068 86.7775 198.587 63.7898 59.8252 96.7552 101.935 88.5132 71.2233 79.3939 58.7701 54.7392 63.2549 47.45 54.5676 56.2135 37.3371 52.2202 34.1758 40.4981 32.7565 45.1308 73.3291 32.8363 44.3778
threshold=99.743589743589794 0.60941172256488785 5.2897123903328225e-07 -21.045165055078026 -4.1953868962920433 6.4868360821310711 6.5803252626488016 49.390153205414244 0.60941172256488785 4.1003122107509702 -0.058168448978860983 1.0000000180025095e-35 -0.11499934431934229 -4.5928631268547285e-10 1.0000000180025095e-35 -2.6878856002054957e-06 1.0000000180025095e-35 2.374139248815482 -0.63806683898169514 -0.018400687424069397 -0.72316111627122603 2.4278342634533527 0.70259110725657747 2.2368690811687406 -2.6478417669718657 -2.2499999999999995e-05 -1.428990982586438 0.2010042696056695 0.99212696150774404 -0.49120928579517936
decision_type=2 2 2 2 2 2 2 2 2 2 2 2 2 2 2 2 2 2 2 2 2 2 2 2 2 2 2 2 2 2
left_child=3 6 18 -1 8 -4 7 -2 15 10 11 12 23 -14 -15 -5 -9 -18 19 20 -3 22 -19 24 -6 26 27 -13 -28 -30
right_child=1 2 5 4 9 -7 -8 16 -10 -11 -12 25 13 14 -16 -17 17 21 -20 -21 -22 -23 -24 -25 -26 -27 28 -29 29 -31
leaf_value=-0.053169627175626212 0.20758254266750797 -0.022793252661403481 -0.033479113344696797 0.12953435955169365 0.18150149972017285 0.31982352850338364 0.24864109224687289 0.25360008614615909 -0.053674471040671703 -0.052834980051235637 -0.037456866206476487 0.017492658267921915 0.29674030231609777 -0.054033042643921315 0.22787730460503874 -0.053627840185699598 -0.010158474536490675 0.068155203338095702 0.013275896643864164 0.36158369520160577 0.28887411415379788 -0.054747716986756415 0.22656573574857106 0.19770135851421877 -0.014422198683495285 -0.027919164707786399 -0.010471152886940413 0.49833922113743639 0.17155029491543636 -0.053451916581678638
leaf_weight=250.75528583675623 62.877328164875507 3.0611791834235182 80.479025937616825 34.865883577615023 2.9602245949208799 1.8502843007445324 27.312114976346493 3.8377692848443976 7.3608501404523841 148.52823641896248 237.20106253027916 2.1143265441060062 6.496926553547385 5.0976608693599683 4.8963803499937057 5.0086371675133696 19.623225908726454 12.62448381632567 3.6655953414738169 4.1713955476880065 2.7432916089892387 3.0046560093760482 8.8491693809628469 2.5699160993099204 24.197070844471455 93.996917217969894 40.715888306498528 1.2685959264636038 6.2221609726548195 3.3829224705696088
leaf_count=4473 583 39 1373 437 39 15 219 31 117 2648 4121 35 65 76 41 80 323 166 51 37 26 40 97 30 381 1556 674 21 103 56
internal_value=-0.00067239 0.100363 0.00184496 -0.0276224 -0.0174034 -0.0255389 0.168813 0.149138 0.0815626 -0.0254681 -0.0160398 0.0101575 0.0749622 0.167864 0.0840833 0.106527 0.0724825 0.0567214 0.167113 0.22364 0.124506 0.110336 0.133435 0.0234259 0.00693406 -0.0101211 0.0210306 0.19781 0.00914624 0.0923042
internal_weight=1111.74 234.1 95.9708 877.639 626.884 82.3293 138.129 110.817 47.2354 579.648 431.12 193.919 46.2182 16.491 9.99404 39.8745 47.9393 44.1015 13.6415 9.97587 5.80447 24.4783 21.4737 29.7272 27.1573 147.701 53.7039 3.38292 50.321 9.60508
internal_count=17953 3000 1541 14953 10480 1388 1459 1240 634 9846 7198 3077 632 182 117 517 657 626 153 102 65 303 263 450 420 2445 889 56 833 159
is_linear=0
shrinkage=0.05


Tree=3
num_leaves=31
num_cat=0
split_feature=5 13 3 3 3 3 1 3 3 13 16 3 3 13 13 10 1 15 2 11 3 1 12 3 2 13 12 1 14 10
split_gain=1031.83 468.984 117.386 89.9402 174.799 70.3486 66.8632 170.516 58.5854 84.3754 85.2281 55.5799 51.9459 75.4564 51.6538 48.7229 45.8566 44.2758 50.5847 44.4575 43.6259 42.144 37.5312 36.2985 36.0033 32.3384 32.3348 31.6941 52.6534 79.5513
threshold=99.743589743589794 0.72865907245623196 1.0000000180025095e-35 -21.045165055078026 -4.1953868962920433 8.2517031452685021 0.017582077658601081 3.8064432816564007 2.9071143028400885 -0.058168448978860983 -2.2499999999999995e-05 1.0000000180025095e-35 2.2873256920755525 0.056668400781957416 0.60941172256488785 1.5556151245895455 -2.6878856002054957e-06 0.48866967406313749 -0.37028268370878509 -752835.49999999988 10.639835338195335 0.15122185282996561 -171.70849999994968 1.1922533096091203 0.012765308858155012 -0.76830747808085342 8.1299999998882431 -4.5928631268547285e-10 -0.89398415878161719 -0.2580901995981455
decision_type=2 2 2 2 2 2 2 2 2 2 2 2 2 2 2 2 2 2 2 2 2 2 2 2 2 2 2 2 2 2
left_child=3 6 -3 -1 14 24 23 11 9 10 17 -8 -13 21 16 -9 -5 -6 -19 -20 -17 -14 -21 25 -4 -2 -24 -27 -29 -30
right_child=1 2 5 4 8 -7 7 15 -10 -11 -12 12 13 -15 -16 20 -18 18 19 22 -22 -23 26 -25 -26 27 -28 28 29 -31
leaf_value=-0.053005500390069196 0.24221879004298164 0.13028098727943443 0.17669238806234799 0.11071427255079594 0.01588637571628046 0.22974294051136113 0.21272144908889687 0.21467047894599733 -0.051123298693940701 -0.036125829515960065 -0.024789479778165601 -0.0069939253870029867 0.30536203079176932 -0.018587577496567084 -0.053482957599424341 0.025115233171936386 -0.053438685851339013 0.020774573430204005 0.24221110813757535 0.26814850815784647 0.18798845533630276 0.10775050979202815 -0.044168075609790775 0.29907990387149203 -0.041466123473030893 0.10243753519637418 0.12844573017669453 0.27676206736649472 0.2350717767956384 -0.046841250843576612
leaf_weight=239.24571408703923 11.698112785816191 14.055313270539044 1.9419199340045441 38.643885396420956 61.509618755429983 2.5813643708825103 4.9238934814929953 34.470859672874212 154.22659442573786 220.32475239038467 94.134171906858683 28.347944486886263 4.2674148902297038 8.0793294571340066 7.0262958854436866 7.8754115775227573 4.780800834298133 16.598645728081465 6.8435719981789616 2.3108556605875501 8.6020371913909894 7.3365946039557457 5.1781554296612704 6.0182652026414862 72.415623538196087 19.571411747485396 5.6990351304411888 9.5273819155991095 5.7927201613783836 4.4055615030229109
leaf_count=4473 79 141 26 437 955 19 34 284 2857 3956 1578 412 37 95 117 80 80 242 74 28 56 83 82 50 1283 162 74 74 48 37
internal_value=-0.000818115 0.0881356 -0.00258788 -0.0269802 -0.0168933 -0.0268606 0.139437 0.115563 -0.0248312 -0.0150035 0.00920044 0.0527353 0.0363344 0.0987359 0.0722912 0.180865 0.092642 0.041803 0.0853223 0.138808 0.110143 0.180423 0.0851498 0.182947 -0.0357687 0.169242 0.0462718 0.147518 0.192245 0.113288
internal_weight=1108.43 251.911 90.9942 856.522 617.276 76.9389 160.917 103.903 566.825 412.599 192.274 52.9552 48.0313 19.6833 50.451 50.9483 43.4247 98.1399 36.6303 20.0316 16.4774 11.604 13.188 57.0135 74.3575 50.9952 10.8772 39.2971 19.7257 10.1983
internal_count=17953 3000 1469 14953 10480 1328 1531 1081 9846 6989 3033 661 627 215 634 420 517 1455 500 258 136 120 184 450 1309 400 156 321 159 85
is_linear=0
shrinkage=0.05


Tree=4
num_leaves=31
num_cat=0
split_feature=5 13 3 3 3 2 3 13 5 3 3 3 1 3 13 2 11 1 15 1 1 0 15 16 13 14 12 9 14 15
split_gain=891.241 360.38 98.5653 88.3464 153.923 57.5286 57.494 84.5501 76.4948 57.1448 45.0882 71.4406 90.8163 48.3336 42.7479 42.3129 39.8476 36.8486 33.6908 33.1962 31.108 27.8107 47.0767 26.8276 35.4199 60.957 49.647 39.6813 33.6334 25.9707
threshold=99.743589743589794 0.72865907245623196 1.0000000180025095e-35 -21.045165055078026 -4.1953868962920433 6.4868360821310711 4.1003122107509702 -0.058168448978860983 1.0000000180025095e-35 -0.11499934431934229 -0.5522593832052437 4.3996084878771722 0.017582077658601081 2.2873256920755525 0.60941172256488785 0.90837598895009908 407145.00000000006 -2.6878856002054957e-06 -2.2998893393673758 1.9567680809018387e-05 -3.0032420994530151e-09 1.0000000180025095e-35 0.22638079375050549 -2.2499999999999995e-05 -0.54598909258003847 0.14710209157886148 -159.32349999994037 1.1376993551168455 -0.25077668520957358 -0.13288111564528746
decision_type=2 2 2 2 2 2 2 2 2 2 2 2 2 2 2 2 2 2 2 2 2 2 2 2 2 2 2 2 2 2
left_child=3 10 -3 -1 14 19 7 8 9 29 21 12 20 -14 17 -15 -11 -5 -13 -4 -12 22 -2 24 25 26 28 -28 -10 -6
right_child=1 2 5 4 6 -7 -8 -9 23 16 11 18 13 15 -16 -17 -18 -19 -20 -21 -22 -23 -24 -25 -26 -27 27 -29 -30 -31
leaf_value=-0.052850343860114349 0.19380001916464215 0.11256280391461056 0.16421640836975676 0.096337857927699624 -0.032020804261330568 0.20503169281711334 -0.052489330040845134 -0.036155005302283237 0.35187629454936065 0.19399935097081172 0.068014635379516991 0.075870886517945116 -0.00098251707091734863 0.23750915073930653 -0.053302034166779179 0.064497290377209665 0.051545036801690459 -0.053260001979637352 0.17664554865183518 -0.040304385588378344 0.16576684252022189 0.24508528476971639 0.0040326545719400735 -0.026527955406044964 -0.031194340151415163 -0.041082591520133813 0.024475596427741858 0.23016008495951398 0.0882245920403225 0.059913363282746324
leaf_weight=228.22880720347166 11.41886457800865 15.415312133729456 2.0415988862514487 42.092030592262745 13.720140226185324 2.59564534574747 135.45381596684456 222.18615849688649 2.8248897045850754 10.620916198939087 11.044042933732269 10.333251301199196 29.675513558089733 4.2004445195198086 6.7057320401072493 22.272170003503561 9.1278802007436735 4.5625100694596759 42.019359301775694 70.388787999749184 30.938625410199165 10.21729089319706 4.5785829126834878 89.734717443585396 22.399287041276693 11.906307835131882 14.064779091626407 2.8140519820153704 2.115470219403508 17.455039095133543
leaf_count=4473 66 141 23 437 212 15 2648 4121 36 89 89 85 423 31 117 234 93 80 287 1290 222 63 31 1556 367 188 224 40 34 238
internal_value=-0.00092123 0.0785825 -0.00259099 -0.0263258 -0.0163656 -0.0262512 -0.0241718 -0.0150166 0.00885049 0.0616096 0.12013 0.109589 0.0844255 0.0428328 0.0647416 0.0919493 0.128157 0.0817082 0.156755 -0.0345395 0.140052 0.180644 0.139487 -0.00956933 0.0175449 0.0499157 0.0995717 0.0587675 0.23898 0.0194533
internal_weight=1103.15 267.139 90.4413 836.013 607.784 75.026 554.423 418.97 196.783 50.924 176.698 150.483 98.1308 56.1481 53.3603 26.4726 19.7488 46.6545 52.3526 72.4304 41.9827 26.2147 15.9974 145.86 56.1248 33.7255 21.8192 16.8788 4.94036 31.1752
internal_count=17953 3000 1469 14953 10480 1328 9846 7198 3077 632 1531 1371 999 688 634 265 182 517 372 1313 311 160 97 2445 889 522 334 264 70 450
is_linear=0
shrinkage=0.05


Tree=5
num_leaves=31
num_cat=0
split_feature=5 13 3 3 3 3 13 16 3 3 4 13 11 0 12 2 5 14 14 1 13 13 1 3 9 14 2 14 13 1
split_gain=779.754 286.258 86.6273 136.522 84.9877 56.2233 78.932 67.3879 51.7627 36.5577 77.5266 35.9798 31.4066 31.3721 41.7737 35.6917 51.1629 45.9674 30.512 43.1887 36.6874 34.7295 33.4314 30.3023 35.9199 26.7167 23.8468 23.5468 21.6808 28.013
threshold=99.743589743589794 0.72865907245623196 -21.045165055078026 -4.1953868962920433 0.14247758116048156 4.1003122107509702 -0.047133982640461099 -2.2499999999999995e-05 8.2517031452685021 8.2517031452685021 49.390153205414244 0.60941172256488785 -5876022.4999999991 1.0000000180025095e-35 -163.0969999998342 -0.27078374572192926 39.99999999999995 -0.69634994587795807 -0.87586659880805884 -0.18420767439601984 -0.036108512637116993 0.53346123048961058 -1.0176907429148481 -8.3148124993773305 -0.47254443260519147 -1.6588784690387233 -2.1799010817336 0.12552959726970414 -0.39337096933961696 -0.32893084265286138
decision_type=2 2 2 2 2 2 2 2 2 2 2 2 2 2 2 2 2 2 2 2 2 2 2 2 2 2 2 2 2 2
left_child=2 9 -1 11 27 6 7 13 -6 10 -2 18 -12 15 -15 -5 17 -17 19 23 22 -22 -20 -4 -25 -16 -27 -3 29 -24
right_child=1 4 3 5 8 -7 -8 -9 -10 -11 12 -13 -14 14 25 16 -18 -19 20 -21 21 -23 28 24 -26 26 -28 -29 -30 -31
leaf_value=-0.052703613194350088 0.12534132471598936 0.11865895778055889 0.23757966510467232 -0.023180178418349233 -0.039237667099487748 -0.052325416771125524 -0.035628580545372754 -0.023106050011730696 0.16592755603792875 0.15424968530742783 0.17306514813490434 -0.053131056935605582 0.044127241849327897 0.14868893637394101 0.1809714201357685 -0.027868357068996538 -0.0037528370580934139 0.17388326250617481 0.0151844959455089 -0.055778595872370274 -0.042722753577143946 0.21324771008346532 -0.055454647236509939 0.0085305206991737586 0.24515192035950789 0.17156549023526507 0.0053571550603095488 0.0022541258818403447 0.21445306782370677 0.18760465071525112
leaf_weight=217.68710212782025 92.39826525002718 15.044734090566637 6.9179132133722314 32.664822645485401 65.380578421056271 129.24110072851181 213.91638885065913 92.547568514943123 3.2260185480117789 32.27426441013813 5.1238465756177893 6.3986977115273467 60.338899910449982 11.885202843695877 2.8985658250749138 3.8319262266159049 19.028183434158564 10.726037908345459 8.2297103628516215 2.6847727224230757 12.655032750219105 1.4801182895898808 2.2896061763167381 4.6318451464176187 2.4533955454826355 2.3792271129786995 23.215967983007431 6.1082682535052291 5.8042440116405469 2.458077646791935
leaf_count=4473 609 129 59 510 1236 2648 4097 1616 19 172 43 117 707 129 26 58 304 103 78 30 177 14 26 49 18 21 334 85 41 25
internal_value=-0.000994535 0.0710189 -0.025695 -0.0158687 -0.00257504 -0.0235436 -0.0145389 0.00811143 -0.0295904 0.105761 0.095848 0.0584545 0.0542194 0.0352061 0.0699453 0.014033 0.0502254 0.120778 0.0728484 0.127923 0.044927 -0.0159196 0.0907205 0.163143 0.0904651 0.0371001 0.0208072 0.0850452 0.149633 0.0703875
internal_weight=1095.92 279.895 816.026 598.338 89.7596 542.335 413.094 199.178 68.6066 190.135 157.861 56.0034 65.4627 106.63 40.379 66.251 33.5861 14.558 49.6047 16.6879 32.9168 14.1352 18.7816 14.0032 7.08524 28.4938 25.5952 21.153 10.5519 4.74768
internal_count=17953 3000 14953 10480 1469 9846 7198 3101 1255 1531 1359 634 750 1485 510 975 465 161 517 156 361 191 170 126 67 381 355 214 92 51
is_linear=0
shrinkage=0.05


Tree=6
num_leaves=31
num_cat=0
split_feature=5 13 3 3 3 3 13 16 3 3 3 1 13 10 15 3 2 0 2 5 3 13 3 1 3 13 13 14 15 1
split_gain=687.684 231.814 84.7896 121.315 74.2296 54.9691 73.7618 59.7808 44.7677 31.0557 49.8288 65.2425 30.7072 27.8967 26.8655 41.8164 38.2999 29.716 29.1856 42.1825 28.1457 33.0535 26.0199 25.6136 23.4596 39.3032 24.1201 22.8423 31.8557 24.6744
threshold=99.743589743589794 0.72865907245623196 -21.045165055078026 -4.1953868962920433 0.14247758116048156 4.1003122107509702 -0.047133982640461099 -2.2499999999999995e-05 8.2517031452685021 -0.5522593832052437 3.8064432816564007 0.032066925894784874 0.60941172256488785 1.5556151245895455 -1.0000000180025095e-35 1.650311563186825 -1.8316116070109107 1.0000000180025095e-35 -0.29264941453017129 34.428879310345003 0.34463892267289259 -0.54598909258003847 10.639835338195335 -2.6878856002054957e-06 2.2873256920755525 0.056668400781957416 -0.010451131318338408 -0.66462315377334247 0.69620538123214482 1.0000000180025095e-35
decision_type=2 2 2 2 2 2 2 2 2 2 2 2 2 2 2 2 2 2 2 2 2 2 2 2 2 2 2 2 2 2
left_child=2 9 -1 12 -3 6 7 14 -6 -2 11 -11 23 -12 15 16 -5 18 -16 -20 27 -22 -15 -4 -13 26 -26 28 -19 -29
right_child=1 4 3 5 8 -7 -8 -9 -10 10 13 24 -14 22 17 -17 -18 20 19 -21 21 -23 -24 -25 25 -27 -28 29 -30 -31
leaf_value=-0.052564814964939567 0.14068750297772475 0.076304167460115466 0.075928951561057459 0.16635645074157621 -0.038633824951187515 -0.052168497557289806 -0.034968116165051646 -0.022411431222047605 0.14523348486342486 0.10243719275686292 0.14089651322908958 -0.0069889742927684677 -0.052969422436841523 0.009518399337231696 -0.019515451049110451 0.14067379045379411 -0.038773092823524105 0.33060918266470801 0.15660638648825684 0.015156551818964893 0.16380984163153595 -0.054750834190930832 0.12249537031660383 -0.052962025860104435 0.075917227273269938 -0.021580735805950199 0.22921027198941021 0.038514809856264681 0.11811711890233881 0.20288779960670589
leaf_weight=207.60333576053381 30.617948696017265 22.351423837244511 47.903839096426964 2.467160206288102 63.139534987509251 123.29839846491814 207.23000934720039 90.693115375936031 3.493700496852397 54.133961744606495 46.762468189001083 28.1175666898489 6.1047332659363738 9.3653735741972941 20.478389725089073 4.4589550197124472 29.295017600059509 2.5930825248360669 7.8704480305314091 15.956349823623894 2.4780635237693787 5.7294243499636632 11.180771082639692 4.1917511671781531 9.9733394458889943 8.5925210788845998 3.455078303813937 9.445762809365986 5.5149294584989548 3.0108439363539228
leaf_count=4473 160 214 437 27 1236 2648 4097 1616 19 345 289 397 117 80 326 39 453 33 77 250 25 76 56 80 83 93 28 112 44 23
internal_value=-0.00104715 0.064705 -0.0250901 -0.0154015 -0.0025444 -0.0229192 -0.0140631 0.0075985 -0.0289933 0.0943004 0.0860228 0.0643744 0.0531255 0.11956 0.0325 -0.00271036 -0.0228394 0.0499522 0.0242581 0.0618801 0.0895176 0.0112386 0.070998 0.065558 0.0232784 0.0619254 0.115359 0.120759 0.186076 0.0782448
internal_weight=1087.51 291.184 796.324 588.72 88.9847 530.52 407.222 199.992 66.6332 202.199 171.581 104.272 58.2003 67.3086 109.298 36.2211 31.7622 73.0773 44.3052 23.8268 28.7721 8.20749 20.5461 52.0956 50.1385 22.0209 13.4284 20.5646 8.10801 12.4566
internal_count=17953 3000 14953 10480 1469 9846 7198 3101 1255 1531 1371 946 634 425 1485 519 480 966 653 327 313 101 136 517 601 204 111 212 77 135
is_linear=0
shrinkage=0.05


Tree=7
num_leaves=31
num_cat=0
split_feature=5 13 3 3 3 3 13 5 2 3 1 1 13 3 4 11 1 14 2 2 16 14 13 9 3 14 14 11 14 5
split_gain=610.293 191.46 83.0069 108.692 65.1866 53.6675 68.8191 53.492 39.453 35.8267 28.0577 42.848 26.5069 25.674 50.0795 22.3157 21.736 21.0367 23.0165 29.2166 19.9254 22.5313 31.8545 29.8491 57.6706 41.9357 29.9761 22.8558 18.6433 25.1093
threshold=99.743589743589794 0.72865907245623196 -21.045165055078026 -4.1953868962920433 0.14247758116048156 4.1003122107509702 -0.058168448978860983 1.0000000180025095e-35 6.4868360821310711 -0.11499934431934229 -4.5928631268547285e-10 1.0000000180025095e-35 0.60941172256488785 8.2517031452685021 49.390153205414244 -6630044.9999999991 -2.6878856002054957e-06 -0.13099721958353547 -0.1962947667295987 -2.1799010817336 -0.00026012499999999994 1.0000000180025095e-35 -0.61371581452430035 0.29945148742118594 0.52771374677728777 -1.0000000180025095e-35 -0.65115394897549417 -1308272.4999999998 -3.0398287829139825 61.591148577450959
decision_type=2 2 2 2 2 2 2 2 2 2 2 2 2 2 2 2 2 2 2 2 2 2 2 2 2 2 2 2 2 2
left_child=2 13 -1 12 -3 6 7 9 -6 17 -11 -12 16 14 -2 -16 -4 -5 19 -19 21 22 23 26 25 -25 27 -9 29 -8
right_child=1 4 3 5 8 -7 28 20 -10 10 11 -13 -14 -15 15 -17 -18 18 -20 -21 -22 -23 -24 24 -26 -27 -28 -29 -30 -31
leaf_value=-0.05243347524025075 0.099079880133054618 0.068788776521978776 0.068291412558535755 -0.024231005325806985 -0.037365921891033292 -0.052018067086283704 0.29359110860885251 0.20839392322325034 0.14169103863066229 0.15815637697289314 -0.054670848040813604 0.12847411289288754 -0.05281656809577373 0.12333235657548708 0.16448445418437632 0.038080815492229254 -0.052809417524249946 0.14373464356391299 0.19194015399817035 -0.017788599940719615 -0.021626449281761981 -0.035235714473716449 -0.018714261143154748 0.078452468132809858 -0.054629106105032826 0.3846389901525496 -0.037979539568670423 0.004710719014491254 -0.035728064182928343 -0.052751947005144476
leaf_weight=197.96056160330772 105.25873432308435 23.521402146667242 50.525682337582111 16.713739432394505 61.474981419742107 117.61569663882256 1.0101808793842786 3.1873921044170856 3.2384231388568869 10.229705773293974 5.7326181866228563 7.2105319499969482 5.8233831226825705 36.436650618910789 3.6836179718375197 67.001851268112659 3.9985482320189467 3.9618550799787053 2.6042304411530486 9.5434936955571175 98.063776526600122 13.649239048361776 12.939454425126316 1.8435699045658109 2.0342985093593597 2.8425127565860739 6.3908862732350835 2.4252639599144468 200.01624662429094 1.0858006253838537
leaf_count=4473 609 214 437 252 1240 2648 20 30 15 65 76 41 117 172 25 725 80 36 25 137 1764 224 216 19 27 35 102 28 4079 22
internal_value=-0.00108691 0.0594115 -0.024481 -0.0149314 -0.00249567 -0.022315 -0.0136134 0.00722929 -0.0284055 0.0486713 0.0962701 0.0473578 0.0485808 0.0851311 0.07722 0.0446681 0.0594105 0.0150672 0.0558393 0.029595 -0.00895606 0.0184647 0.0416135 0.083304 0.167675 0.264181 0.0360673 0.120381 -0.0341735 0.114172
internal_weight=1078.02 300.616 777.409 579.448 88.2348 519.1 401.485 199.373 64.7134 55.9962 23.1729 12.9432 60.3476 212.381 175.944 70.6855 54.5242 32.8233 16.1096 13.5053 143.376 45.3126 31.6634 18.7239 6.72038 4.68608 12.0035 5.61266 202.112 2.09598
internal_count=17953 3000 14953 10480 1469 9846 7198 3077 1255 632 182 117 634 1531 1359 750 517 450 198 173 2445 681 457 241 81 54 160 58 4121 42
is_linear=0
shrinkage=0.05


Tree=8
num_leaves=31
num_cat=0
split_feature=5 13 3 3 3 3 13 16 3 1 3 3 1 3 13 14 13 3 15 3 2 0 2 3 14 15 14 9 14 3
split_gain=544.22 159.858 81.1224 97.7797 58.1818 52.2861 64.1284 48.0764 33.7218 27.865 24.0313 37.9871 46.6478 24.4198 34.9612 23.1518 23.0884 21.874 21.5636 31.9057 28.652 22.8785 22.0903 32.568 20.2173 24.1408 36.259 19.8896 20.058 29.6378
threshold=99.743589743589794 0.72865907245623196 -21.045165055078026 -4.1953868962920433 1.0000000180025095e-35 4.1003122107509702 -0.047133982640461099 -2.2499999999999995e-05 8.2517031452685021 5.2897123903328225e-07 -0.5522593832052437 3.8064432816564007 0.017582077658601081 2.2179400872505215 0.056668400781957416 2.5462883371333542 0.60941172256488785 0.021893091014677051 -1.0000000180025095e-35 1.650311563186825 -1.8316116070109107 1.0000000180025095e-35 -0.29264941453017129 0.22111795375836638 1.1212240256366817 1.0798634265395193 1.6096382747740063 1.1768031203922797 -0.87586659880805884 -8.3148124993773305
decision_type=2 2 2 2 2 2 2 2 2 2 2 2 2 2 2 2 2 2 2 2 2 2 2 2 2 2 2 2 2 2
left_child=2 10 -1 16 -3 6 7 18 9 -6 -2 12 17 -14 -15 -13 27 -12 19 20 -5 22 -20 -24 -9 -26 -27 28 29 -4
right_child=1 4 3 5 8 -7 -8 24 -10 -11 11 15 13 14 -16 -17 -18 -19 21 -21 -22 -23 23 -25 25 26 -28 -29 -30 -31
leaf_value=-0.05230916919119552 0.11620135117215853 0.074240641641800525 0.17157847380466595 0.12420041197814312 0.13951726813401868 -0.051873635308165446 -0.033641411052379 -0.034881213781183702 0.11992291562601838 -0.039009576963816295 0.042740946330599487 0.10932226369383602 -0.0085698454015708022 0.098283393184483689 -0.020433082374616354 0.028112312898003502 -0.05267198203671003 0.10877309400118107 -0.018752818257248467 0.11258917174866641 -0.038182507413565069 0.076162670937249446 0.085785333138554437 -0.039927920101426123 -0.0065063805862315208 0.27220356197685536 -0.010971843105450066 -0.044950798182234485 0.039747094577601949 0.045507674629343728
leaf_weight=188.74209976941347 33.807309046387672 19.281649962067604 8.7484032884240168 3.0058828145265606 2.2654997631907454 112.18316027522087 194.79087267071009 66.128016177564859 3.8338233828544608 62.056546967476606 19.419381164014339 64.123873084783554 31.645313944667578 17.458528406918052 9.618151690810917 10.167788639664648 5.5541951954364768 35.412026405334473 20.041724409908056 5.0778200440108767 28.219518542289734 31.150821797549725 18.726164583116773 7.1072571352124205 16.854665566235784 2.1522440835833541 2.3810399137437344 4.6490291431546202 33.380093298852444 9.9799255281686765
leaf_count=4473 160 141 58 27 21 2648 4097 1239 19 1288 122 356 407 128 103 69 117 186 326 39 453 313 218 109 292 40 45 59 316 84
internal_value=-0.00111759 0.0548094 -0.0238967 -0.0144908 -0.00244149 -0.0217441 -0.0132008 0.00662364 -0.0241353 -0.0327216 0.0773937 0.0704093 0.0522225 0.0212554 0.056113 0.0982076 0.0446214 0.0853868 0.0281207 -0.00364851 -0.0225509 0.0430938 0.0206389 0.0511993 -0.021214 0.0210427 0.12347 0.0541424 0.0629833 0.104398
internal_weight=1067.96 309.09 758.873 570.131 87.4375 507.819 395.636 200.845 68.1559 64.322 221.652 187.845 113.553 58.722 27.0767 74.2917 62.3116 54.8314 113.329 36.3032 31.2254 77.026 45.8751 25.8334 87.516 21.3879 4.53328 56.7575 52.1084 18.7283
internal_count=17953 3000 14953 10480 1469 9846 7198 3101 1328 1309 1531 1371 946 638 231 425 634 308 1485 519 480 966 653 327 1616 377 85 517 458 142
is_linear=0
shrinkage=0.05


Tree=9
num_leaves=31
num_cat=0
split_feature=5 13 3 3 3 3 13 16 3 0 2 5 12 14 3 4 10 13 14 14 13 1 1 14 10 3 1 14 13 13
split_gain=487.431 135.33 79.3288 88.0948 51.5735 51.022 55.4825 42.6003 33.6294 23.3162 23.6985 26.0834 23.1879 22.6181 20.4557 35.8491 20.2774 20.2741 18.0263 22.7787 33.1228 26.6753 19.5753 17.4461 17.4804 20.4748 38.9331 17.1423 17.0448 16.8594
threshold=99.743589743589794 0.72865907245623196 -21.045165055078026 -4.1953868962920433 0.14247758116048156 2.9071143028400885 -1.0000000180025095e-35 -1.7854999999999998e-05 5.3240046193354722 1.0000000180025095e-35 -0.27078374572192926 39.99999999999995 -254.29049999965352 -0.82579386700525637 8.2517031452685021 49.390153205414244 1.4427594797337824 0.60941172256488785 3.1294070250923749 -0.87586659880805884 -0.036108512637116993 -0.18420767439601984 -1.2815374369011645 1.1913874658344714 -0.29172445849577727 0.46032095859448574 0.14145211865645338 -1.6810116718587669 -0.77459681867080554 -0.39337096933961696
decision_type=2 2 2 2 2 2 2 2 2 2 2 2 2 2 2 2 2 2 2 2 2 2 2 2 2 2 2 2 2 2
left_child=2 14 -1 17 -3 6 7 9 -6 10 -5 13 -11 -12 15 -2 -17 18 19 21 22 -4 -21 -9 25 26 28 -14 -25 -24
right_child=1 4 3 5 8 -7 -8 23 -10 12 11 -13 27 -15 -16 16 -18 -19 -20 20 -22 -23 29 24 -26 -27 -28 -29 -30 -31
leaf_value=-0.052191481302781131 0.081751451993162819 0.05743017770218331 0.10627510212945453 -0.023629888405158651 -0.039816614658362684 -0.049862381778041878 -0.032855832403452738 -0.033408056426602752 0.082668881092452295 0.12520066009367584 -0.039361370393496208 -0.0057491528439011022 0.11183664048631987 0.10386908222841013 0.10388271417362037 0.052452230456257222 -0.0073183410859767317 -0.052535166027023239 0.16857257019441563 -0.0040327268809370476 -0.044008922082695648 -0.056473407566516177 0.036326798826151543 0.18704053129248382 -0.024739530688522603 -0.0016202526623264959 0.35943571655619339 0.020516097543748484 -0.053417065702757283 0.14983838074982497
leaf_weight=179.93165362626314 115.00325354188681 25.432037483900785 18.313040204346184 33.389249738305807 54.858253575861454 117.99840560555458 175.17637772485614 66.603674158453941 6.2414708733558646 8.8933898620307428 3.3853143639862564 19.696153789758682 6.141716629266738 14.834084898233412 39.177289053797722 56.114281922578812 18.992611408233643 5.2967252992093554 3.0202623941004267 8.1622699350118655 13.238794080913065 2.9190958887338629 6.3694007992744446 1.2472737245261667 10.290595665574072 4.8446548767387867 1.4534355066716669 31.473966628313065 1.8013385906815549 6.7249039486050588
leaf_count=4473 609 214 126 564 1192 2857 3796 1287 63 80 52 309 44 113 172 546 204 117 21 68 176 30 57 21 179 90 25 397 32 39
internal_value=-0.00113807 0.0508776 -0.0233013 -0.0140398 -0.0024006 -0.021149 -0.0122148 0.00550506 -0.0273045 0.0250512 0.00708692 0.0341368 0.052593 0.0772557 0.0709845 0.0642049 0.0373378 0.0411546 0.0496017 0.0431538 0.0180745 0.0838997 0.0567407 -0.021197 0.0202192 0.0697182 0.146486 0.0354265 0.044961 0.0946235
internal_weight=1057.02 315.819 741.206 561.274 86.5318 497.23 379.231 204.055 61.0997 117.814 71.3048 37.9156 46.5091 18.2194 229.287 190.11 75.1069 64.0445 58.7478 55.7275 34.4954 21.2321 21.2566 86.241 19.6373 9.3467 4.50205 37.6157 3.04861 13.0943
internal_count=17953 3000 14953 10480 1469 9846 6989 3193 1255 1559 1038 474 521 165 1531 1359 750 634 517 496 340 156 164 1634 347 168 78 441 53 96
is_linear=0
shrinkage=0.05


Tree=10
num_leaves=31
num_cat=0
split_feature=5 13 3 3 3 13 3 5 3 3 1 1 1 3 3 1 3 13 14 11 3 13 1 1 16 14 3 0 15 1
split_gain=437.58 115.302 77.4617 79.5951 49.8514 56.0647 46.1377 39.603 27.9893 25.3517 24.4829 21.8759 33.8293 19.9249 30.7662 35.3379 20.5778 27.9486 19.3196 18.8293 18.1123 17.9744 17.5375 27.1787 19.1296 16.4462 21.5539 16.0985 30.3149 16.0163
threshold=99.743589743589794 0.72865907245623196 -21.045165055078026 -4.1953868962920433 4.1003122107509702 -0.058168448978860983 1.0000000180025095e-35 1.0000000180025095e-35 5.3240046193354722 -0.11499934431934229 5.2897123903328225e-07 -4.5928631268547285e-10 1.0000000180025095e-35 -0.5522593832052437 3.8064432816564007 0.017582077658601081 2.2179400872505215 0.056668400781957416 3.0032123738006766 10410674.000000002 1.1451343680964239 0.60941172256488785 0.00011202248574870834 -4.5928631268547285e-10 -0.00048097999999999994 -3.0398287829139825 1.650311563186825 1.0000000180025095e-35 0.22638079375050549 1.3742325251868284
decision_type=2 2 2 2 2 2 2 2 2 2 2 2 2 2 2 2 2 2 2 2 2 2 2 2 2 2 2 2 2 2
left_child=2 13 -1 21 5 7 -3 9 10 -5 -8 -11 -13 27 15 20 29 -18 -16 -9 22 -4 23 24 -15 26 -7 28 -2 -17
right_child=1 6 3 4 -6 25 8 19 -10 11 -12 12 -14 14 18 16 17 -19 -20 -21 -22 -23 -24 -25 -26 -27 -28 -29 -30 -31
leaf_value=-0.052080040820280109 0.10969181042973637 0.062443610153630126 0.04579063892093263 0.01201823289768629 -0.051605777815963677 0.25662991662233758 0.11901235134075992 -0.010823464892656315 0.075309703265814487 0.12965058524705689 -0.040890794656657736 -0.054838884177908165 0.10266762894731565 -0.011190803215088131 0.089629482985755682 -0.02019564834790236 0.082770755349210356 -0.021229381587533278 -0.013163850423553548 0.12961162167983983 0.13188076973304594 -0.052405673740288122 -0.001722259520606901 0.11299745816262818 0.091081944697471412 -0.033835137337816998 -0.052659450316466586 0.14051875952322809 -0.021283803865476045 0.11499116582620882
leaf_weight=171.51327646896243 15.47769269347191 20.811015382409096 60.29825546592474 33.834279540926218 102.20612561702728 1.1272839866578572 2.5007936954498282 138.36352888867259 6.5016756653785697 11.37069344520569 55.951645992696285 5.8941302932798854 8.0856981426477414 11.343542151153086 74.629576399922371 30.326245561242104 19.059153318405155 9.7722540833055955 4.8692122548818579 2.4287402667105189 10.077731609344481 5.0505361929535857 9.7559779137372953 20.54205492138863 7.6595062613487235 182.51103026419878 1.1258943900465963 14.400221839547156 6.1826405376195899 2.3615742102265349
leaf_count=4473 66 141 517 450 2648 18 21 2408 63 65 1244 76 41 67 393 373 128 103 32 37 48 117 51 99 43 4079 24 63 31 34
internal_value=-0.00115094 0.0473176 -0.022728 -0.0136128 -0.0205663 -0.0123208 -0.0023451 0.00602558 -0.0231031 0.0403441 -0.0340496 0.0781494 0.0362602 0.0653308 0.0591739 0.0432872 0.0167295 0.0475205 0.0833335 -0.00840089 0.0708023 0.0382015 0.0583171 0.0731291 0.030032 -0.0321777 0.102081 0.0995461 0.0723066 -0.0104289
internal_weight=1046.03 322.223 723.809 552.296 486.947 384.741 85.7651 199.977 64.9541 59.1848 58.4524 25.3505 13.9798 236.457 200.397 120.898 61.5192 28.8314 79.4988 140.792 59.3788 65.3488 49.3011 39.5451 19.003 184.764 2.25318 36.0606 21.6603 32.6878
internal_count=17953 3000 14953 10480 9846 7198 1469 3077 1328 632 1265 182 117 1531 1371 946 638 231 425 2445 308 634 260 209 110 4121 42 160 97 407
is_linear=0
shrinkage=0.05


Tree=11
num_leaves=31
num_cat=0
split_feature=5 13 3 3 13 16 3 0 15 14 14 15 13 14 2 9 2 15 5 3 10 13 14 1 4 6 14 5 14 13
split_gain=394.17 99.4458 75.7031 74.0365 78.8436 50.3433 41.4614 40.2416 50.4683 36.748 27.9234 36.102 31.5428 33.2192 27.6124 24.9244 23.6606 19.8156 23.0527 17.9954 27.3178 18.2491 17.9531 26.2156 20.4925 29.9274 16.2164 14.8532 14.6083 14.0515
threshold=99.743589743589794 0.72865907245623196 -21.045165055078026 0.56487008705317465 0.60941172256488785 -2.2499999999999995e-05 0.14247758116048156 1.0000000180025095e-35 2.5493933921696486 -0.51812296434954841 -0.94133141101095341 2.474749594767486 -0.010451131318338408 -2.1954939570515264 6.4868360821310711 -1.0943454581393608 0.67013279071521614 -0.13288111564528746 40.778533635676418 10.639835338195335 1.5959095328762041 -0.96077679359459245 1.1212240256366817 0.14145211865645338 57.517123287671318 -0.88813231210646293 3.1294070250923749 76.470588235293874 0.24765058235384177 -0.058168448978860983
decision_type=2 2 2 2 2 2 2 2 2 2 2 2 2 2 2 2 2 2 2 2 2 2 2 2 2 2 2 2 2 2
left_child=2 19 -1 4 5 7 28 8 9 -4 11 12 -9 -14 -8 -12 26 -17 -19 20 21 -2 -7 -24 25 -25 29 -6 -3 -11
right_child=1 6 3 -5 27 22 14 10 -10 16 15 -13 13 -15 -16 17 -18 18 -20 -21 -22 -23 23 24 -26 -27 -28 -29 -30 -31
leaf_value=-0.05197448318168002 0.11442983829959189 0.070419902264404255 -0.042556113233690483 -0.038473727077449317 -0.041076751383985172 -0.03371451850030921 -0.035051242412620323 0.084591279352340648 0.12610727957045981 0.026693327983849682 -0.02095444125788129 -0.059530589644211408 0.38167638965544592 0.13839425034923622 0.1082362444705921 -0.0080888088070895856 0.20304311703078359 0.066448175674559504 0.22482622563243707 0.098411963585053996 0.010839293453243326 0.058012442619099082 -0.009119319798135515 0.025585932851931854 -0.020015235257098852 0.3514160958502337 0.13649238917044809 0.1571922325238137 -0.013788546816195261 -0.021458348997125676
leaf_weight=163.47145483642817 15.661241233348845 20.095039047300819 32.864432666450739 188.74534834548831 92.783742446452379 57.303621787577868 54.288437485694885 16.660324752330787 8.7973022907972318 49.339062131941319 13.848096847534178 3.1395465917885295 2.0375659018754959 4.506688591092824 3.5842107087373725 7.3772653378546265 1.7394135817885388 16.744700621813539 2.6629828959703437 27.841949462890625 29.31430920958519 169.08784737065434 15.353054109960796 1.2569940462708471 1.4977835007011888 1.6040503568947309 2.7113743312656871 0.95432335883378883 6.9251189567148677 21.865223772823811
leaf_count=4473 72 137 548 4436 2137 1157 1240 130 63 612 173 25 21 46 15 109 22 172 35 117 234 1108 253 20 27 26 18 22 77 428
internal_value=-0.00115514 0.0442588 -0.0221391 -0.0131702 0.000281337 0.0143934 -0.00230093 0.0285806 0.0109269 0.00158965 0.0595027 0.0995975 0.121127 0.214141 -0.0261771 0.0335075 0.0207665 0.0616649 0.0881797 0.0605982 0.05568 0.062795 -0.0195558 0.0216044 0.129822 0.208263 0.0164771 -0.0390582 0.0488377 0.011907
internal_weight=1034.06 326.798 707.264 543.793 355.048 261.309 84.8928 184.294 117.317 108.52 66.9772 26.3441 23.2046 6.54425 57.8726 40.633 75.6551 26.7849 19.4077 241.905 214.063 184.749 77.0155 19.7119 4.35883 2.86104 73.9157 93.7381 27.0202 71.2043
internal_count=17953 3000 14953 10480 6044 3885 1469 2402 1691 1628 711 222 197 67 1255 489 1080 316 207 1531 1414 1180 1483 326 73 46 1058 2159 214 1040
is_linear=0
shrinkage=0.05


Tree=12
num_leaves=31
num_cat=0
split_feature=5 13 3 3 13 16 3 0 15 14 3 14 15 9 13 10 2 3 3 4 14 10 1 11 15 10 5 9 5 2
split_gain=355.501 85.6093 73.8695 69.6741 72.7455 44.8187 37.2501 33.7923 42.415 33.7816 26.2483 22.3181 29.4825 21.2891 21.0975 18.6745 17.5373 17.394 25.8116 25.2946 16.5428 22.2931 17.5808 17.1987 16.1297 16.7474 26.7994 23.5401 15.7251 15.0348
threshold=99.743589743589794 0.72865907245623196 -21.045165055078026 0.56487008705317465 0.60941172256488785 -2.2499999999999995e-05 0.14247758116048156 1.0000000180025095e-35 2.5493933921696486 -0.51812296434954841 5.3240046193354722 -0.94133141101095341 2.474749594767486 -1.0943454581393608 0.034272216363126919 -0.013414230990582377 0.58963603162353007 -0.5522593832052437 6.5803252626488016 49.390153205414244 1.1212240256366817 -0.17024309783457089 -0.43216077285093718 236479.50000000003 -0.13288111564528746 0.29688014919496447 30.690737833594458 -0.3853059151434976 76.666666666666956 -0.0013799055848584532
decision_type=2 2 2 2 2 2 2 2 2 2 2 2 2 2 2 2 2 2 2 2 2 2 2 2 2 2 2 2 2 2
left_child=2 17 -1 4 5 7 -3 8 9 -4 -8 12 14 -13 -9 -16 29 -2 19 -19 -7 22 -22 -24 -15 26 -26 -27 -6 -11
right_child=1 6 3 -5 28 20 10 11 -10 16 -12 13 -14 24 15 -17 -18 18 -20 -21 21 -23 23 -25 25 27 -28 -29 -30 -31
leaf_value=-0.051874485127057439 0.0875961966222389 0.045219542401899966 -0.041935919476743244 -0.037862466859605787 -0.040576574633707917 -0.033033142160517233 -0.038189454339214231 0.077252365196739475 0.11240642271417052 0.025770009979934422 0.067259884973754347 -0.020236758020076028 -0.058991823860387899 -0.0077362217648258907 0.12823857404840155 0.3068745222976012 0.15291342435196967 0.0581604034604708 0.081728173696552234 0.018010691219900156 -0.021573414452311757 -0.027270220316739448 0.078292673343205374 0.27252959805304405 0.078384904473629766 0.15313457385857721 0.26172986432480461 -0.030541648672679424 0.16949935559560297 -0.032407347949974005
leaf_weight=155.79104185849428 37.417157560586929 27.693445026874542 31.712314631789923 182.3657540269196 89.577874351292849 55.604875832796097 49.527933277189732 17.747373126447208 9.3602574244141561 60.746054071933031 6.6996508054435244 13.627959102392195 3.0130112767219535 7.3290783725678947 5.1904905438423157 2.037260338664054 2.3836618773639193 90.407306998968124 50.569275543093681 69.297312628477812 2.9441026486456394 11.174831032752989 4.4980864934623259 1.5263788923621175 9.7720725387334841 2.4813111685216427 2.5037541873753062 5.8735196664929372 0.89974627643823524 13.589640039950607
leaf_count=4473 160 214 548 4436 2141 1157 1192 133 63 816 63 173 25 109 45 19 26 461 219 691 43 194 67 22 85 19 28 75 18 238
internal_value=-0.00116487 0.0413984 -0.0215689 -0.0127598 0.000186938 0.0134859 -0.00224666 0.0266068 0.0102875 0.00147218 -0.0256249 0.0542355 0.088755 0.0310042 0.106579 0.17859 0.0194151 0.0561859 0.0505966 0.0407391 -0.0189695 0.0198525 0.0785673 0.127505 0.0559797 0.0786149 0.11578 0.0240086 -0.0384875 0.0151343
internal_weight=1023.36 331.612 691.75 535.959 353.594 263.116 83.921 187.368 117.792 108.432 56.2276 69.5758 27.9881 41.5877 24.9751 7.22775 76.7194 247.691 210.274 159.705 75.7483 20.1434 8.96857 6.02447 27.9597 20.6307 12.2758 8.35483 90.4776 74.3357
internal_count=17953 3000 14953 10480 6044 3885 1469 2402 1691 1628 1255 711 222 489 197 64 1080 1531 1371 1152 1483 326 132 89 316 207 113 94 2159 1054
is_linear=0
shrinkage=0.05


Tree=13
num_leaves=31
num_cat=0
split_feature=5 13 3 3 13 16 1 14 3 3 3 3 3 4 3 11 3 13 2 15 5 3 13 14 3 1 3 3 2 14
split_gain=321.498 74.8931 72.0384 67.1902 66.275 58.1326 40.3555 29.756 27.3954 24.824 22.2731 22.205 21.3038 19.2333 18.0699 17.4654 48.2964 21.5673 22.5742 18.2669 17.9942 42.1181 16.9103 16.6434 19.9078 30.0715 23.2475 26.978 24.5226 20.2634
threshold=99.743589743589794 0.88025560700882044 -21.045165055078026 2.4773131205293741 0.60941172256488785 -1.7854999999999998e-05 5.2897123903328225e-07 -2.158509177362411 8.2517031452685021 -0.28678598586789589 -0.018400687424069397 -0.25379145158008681 -8.3148124993773305 40.251821349382411 -0.82003166376594927 -2277221.4999999995 -0.22326523126251713 -0.058168448978860983 -2.4608109126818349 -0.94773848012625994 32.142857142857032 -0.44571356257355893 -0.10097842932581103 2.6026129496205885 4.3996084878771722 0.017582077658601081 1.0000000180025095e-35 1.7114893777423965 0.67013279071521614 0.92153640957169547
decision_type=2 2 2 2 2 2 2 2 2 2 2 2 2 2 2 2 2 2 2 2 2 2 2 2 2 2 2 2 2 2
left_child=2 23 -1 4 5 7 10 9 11 12 14 -8 -4 -11 -3 16 -9 18 19 -17 -19 -22 -18 24 25 -2 -27 -28 -29 -30
right_child=1 6 3 -5 -6 -7 8 15 -10 13 -12 -13 -14 -15 -16 17 22 20 -20 -21 21 -23 -24 -25 -26 26 27 28 29 -31
leaf_value=-0.051779727953416677 0.06519665938088591 0.11381361239370723 0.13686572357530655 -0.047591830677594593 -0.037281842752527015 -0.022715341913312301 0.13760594353087371 0.021293578618873894 0.099963734755525488 0.28699559840511124 0.11163334838983037 -0.042534748081820783 -0.010443705072181359 0.1027675229934749 -0.030794079225403954 -0.028867564520492047 0.095067878590662805 -0.044335940823439501 0.0082202740706478483 0.10288118129526128 0.31300625584392083 -0.035497425957596453 0.23713336505835292 0.00057657459491802017 0.078100028733299035 0.10650470882083365 -0.023677883799409615 0.15945791143980326 0.0045119113275782011 0.079016849012942911
leaf_weight=148.45737389847636 95.123925194144249 2.9324494749307624 3.7474891394376764 107.71274909377098 107.1236988902092 102.04011698439717 1.7711698710918415 55.271205231547356 3.9658640027046195 2.1379023715853682 9.4553667008876783 50.087151739746332 7.1126737259328374 4.1997179351747036 8.2042343243956584 3.3663281127810487 5.940863486379385 26.812397312372926 83.259625159204006 12.043417811393734 1.2298516705632208 2.9380355216562739 3.2354326918721181 14.994979329407213 66.831995189189911 7.7105383276939383 27.790510002523661 3.8495933711528769 29.345286898314953 13.245109245181082
leaf_count=4473 446 14 17 3005 2647 2093 13 664 18 17 50 1188 75 33 63 29 41 552 1103 77 25 67 35 98 315 37 371 20 265 102
internal_value=-0.00116775 0.0388669 -0.0210072 -0.0123577 -0.00333146 0.00827558 -0.00462772 0.0232419 -0.0266959 0.0862776 0.0551982 -0.0363822 0.040388 0.164914 0.00728321 0.0176567 0.0389299 0.00708206 0.0185091 0.0741001 -0.029312 0.0673383 0.145158 0.051705 0.0548484 0.0460723 0.0238711 0.0152878 0.0386055 0.0276821
internal_weight=1011.94 335.308 676.629 528.172 420.459 313.335 76.4162 211.295 55.8242 17.1978 20.5921 51.8583 10.8602 6.33762 11.1367 194.097 64.4475 129.65 98.6694 15.4097 30.9803 4.16789 9.1763 258.892 243.897 177.065 81.941 74.2305 46.44 42.5904
internal_count=17953 3000 14953 10480 7475 4828 1346 2735 1219 142 127 1201 92 50 77 2593 740 1853 1209 106 644 92 76 1654 1556 1241 795 758 387 367
is_linear=0
shrinkage=0.05


Tree=14
num_leaves=31
num_cat=0
split_feature=5 3 13 3 13 16 1 3 14 3 10 3 3 3 10 13 11 3 13 12 13 8 5 3 12 4 12 9 14 10
split_gain=291.366 70.2249 65.407 64.2819 62.9368 53.7071 36.468 24.9476 24.621 19.3775 18.8006 18.7782 18.953 15.532 21.6365 15.2632 15.1703 40.5902 19.829 17.0618 20.6471 17.0252 15.218 47.1201 15.03 14.7124 14.0789 13.6629 12.3525 14.5134
threshold=99.743589743589794 -21.045165055078026 0.88025560700882044 2.9071143028400885 0.60941172256488785 -1.7854999999999998e-05 5.2897123903328225e-07 8.2517031452685021 -2.158509177362411 -0.25379145158008681 0.1484166664687939 -0.018400687424069397 -0.85333832033289991 10.639835338195335 1.5959095328762041 -0.96077679359459245 -2612849.4999999995 -0.22326523126251713 -0.058168448978860983 413.89699999988085 -0.76830747808085342 -0.49102751985834686 8.2160077145612771 -0.96992930898981788 -713.83600000012655 50.926243567753026 -280.37700000009494 1.2389935968184649 1.1212240256366817 -0.17024309783457089
decision_type=2 2 2 2 2 2 2 2 2 2 2 2 2 2 2 2 2 2 2 2 2 2 2 2 2 2 2 2 2 2
left_child=1 -1 13 4 5 8 11 9 10 -8 -3 12 -4 14 15 -2 17 26 19 25 -21 -19 -20 -24 -17 -18 -10 -22 -7 -30
right_child=2 3 6 -5 -6 28 7 -9 16 -11 -12 -13 -14 -15 -16 24 18 21 22 20 27 -23 23 -25 -26 -27 -28 -29 29 -31
leaf_value=-0.051689915038357903 0.096360160541933956 0.028651235900289552 0.11895106765289119 -0.048861937116032136 -0.037008021451725479 -0.033725403358379875 0.11927084291174002 0.093642568488827127 0.053430027350765588 -0.04203951319425004 0.13093434205553267 0.10179856911741236 -0.031227470231745422 0.083104144244029954 0.005995658249761518 0.099203514281486244 0.020992936731869687 0.061959377102975534 -0.043948675925265836 0.19842819257928229 0.076519792412029164 0.21443838036037338 0.29422282475161371 -0.031837666680907532 0.042281830101226305 -0.026565881673383879 0.00074764092553703237 -0.042927426785623744 0.037782964438980472 -0.030628549491765647
leaf_weight=141.45618723705411 16.444455705583096 9.3798923492431658 2.8159311637282363 96.195444986224174 105.765072170645 71.488701708614826 1.9365268051624287 4.0203701555728903 21.326832994818687 48.191555969417095 8.6226076334714872 9.8397264778614026 8.2735220566391963 28.699277609586716 32.092941503971815 12.430425211787222 70.693018987774849 3.2820977419614792 25.832326576113701 2.5369162857532492 7.9876582212746126 4.1397226452827445 1.4373498894274233 4.8360452167689791 172.95880696550012 21.119691234081984 31.284564182162285 3.4186596982181072 15.726477999240162 15.290324594825504
leaf_count=4473 72 83 13 2857 2705 1583 13 18 225 1188 63 50 64 117 262 73 825 25 547 26 67 34 25 111 1130 308 386 42 269 299
internal_value=-0.00116784 -0.0204516 0.0366237 -0.0119597 -0.00359077 0.00750956 -0.00453176 -0.0261965 0.0216593 -0.0358078 0.0776415 0.0515198 0.00690718 0.048389 0.0441299 0.0501935 0.0165666 0.0375451 0.00743124 0.0178793 0.069414 0.147009 -0.0269847 0.0428688 0.0460985 0.010053 0.0221033 0.0407195 -0.0222926 0.0040582
internal_weight=999.523 661.82 337.704 520.363 424.168 318.403 75.0776 54.1485 215.897 50.1281 18.0025 20.9292 11.0895 262.626 233.927 201.834 197.895 60.0332 137.862 105.756 13.9432 7.42182 32.1057 6.2734 185.389 91.8127 52.6114 11.4063 102.506 31.0168
internal_count=17953 14953 3000 10480 7623 4918 1346 1219 2767 1201 146 127 77 1654 1537 1275 2621 670 1951 1268 135 59 683 136 1203 1133 611 109 2151 568
is_linear=0
shrinkage=0.05


Tree=15
num_leaves=31
num_cat=0
split_feature=5 3 3 13 13 16 1 3 14 3 3 3 11 3 13 14 4 9 14 3 3 3 1 15 3 0 13 0 1 7
split_gain=264.077 68.4126 61.7948 61.5196 57.0238 48.2118 33.065 22.79 20.0149 17.1539 16.013 16.6518 14.6058 35.4638 18.5057 15.3663 28.1981 28.4232 19.5624 38.334 14.4731 21.7412 20.5482 18.1636 17.6385 14.9523 25.7899 14.7747 16.2799 15.1674
threshold=99.743589743589794 -21.045165055078026 4.1003122107509702 0.60941172256488785 0.88025560700882044 -1.7854999999999998e-05 5.2897123903328225e-07 8.2517031452685021 -2.158509177362411 -0.25379145158008681 -0.018400687424069397 -0.85333832033289991 -2612849.4999999995 -0.22326523126251713 -0.058168448978860983 -0.36106443638500685 1.0000000180025095e-35 0.61768336130117107 0.019034437038464479 0.56487008705317465 -0.5522593832052437 3.8064432816564007 0.017582077658601081 -2.2998893393673758 0.021893091014677051 1.0000000180025095e-35 -0.93291259835026763 -1.0000000180025095e-35 1.3742325251868284 -0.72951494991142607
decision_type=2 2 2 2 2 2 2 2 2 2 2 2 2 2 2 2 2 2 2 2 2 2 2 2 2 2 2 2 2 2
left_child=1 -1 3 5 20 8 10 9 -3 -8 11 -6 13 -10 15 -14 -17 -18 19 -19 25 22 24 -23 -22 26 -2 28 29 -24
right_child=4 2 -4 -5 6 -7 7 -9 12 -11 -12 -13 14 -15 -16 16 17 18 -20 -21 21 23 27 -25 -26 -27 -28 -29 -30 -31
leaf_value=-0.051604782265679265 0.10184775088421603 0.069186879853928712 -0.05107147263171774 -0.036980197723177281 0.10904628113891529 -0.021398473348358833 0.10514153598467349 0.088129119668838046 0.020675595118876816 -0.04153730267637798 0.093577528329670742 -0.030286975900305754 -0.010988723444671313 0.13125716376981983 -0.026858045431169427 0.065895946691597554 -0.028404553469697509 0.16806376744704624 -0.010270840539757076 -0.053462796852906162 0.014295914316206025 0.01350956879219508 0.063059512452993585 0.071053368340929499 0.067265174955568025 0.11153184071495677 -0.0031720228485474368 -0.013998334383536263 0.10966477219779112 -0.008616441856183479
leaf_weight=134.77366806194186 11.445395186543463 18.945426162332296 82.998952120542526 106.14476071670651 2.9153439849615088 102.82327789068222 2.0827869325876227 4.0572531521320334 53.383372075855732 46.381568398326635 10.16011033952236 8.108183294534685 34.749296110123396 8.3898362591862661 32.047252342104912 30.722315702587366 26.751589514315128 6.5848329812288267 6.553509682416915 2.7762019634246826 24.740878067910671 17.001627679914236 11.60546373203397 70.903563268482685 43.086913287639618 15.497357606887816 11.948837995529177 34.537013743072748 5.6353009045124045 20.275558240711689
leaf_count=4473 46 154 2648 2814 13 2204 13 18 611 1188 50 64 434 65 701 237 413 60 91 48 130 92 108 342 192 63 53 354 53 221
internal_value=-0.00116405 -0.0199039 -0.0115735 -0.00394725 0.0344921 0.00688371 -0.00443554 -0.025704 0.0200481 -0.0352337 0.0482964 0.00656188 0.0154385 0.0356944 0.00651261 0.0164022 0.0293718 0.00307202 0.0559826 0.102366 0.0452511 0.040438 0.0281926 0.0599239 0.0479441 0.0734409 0.0482079 0.00959935 0.0313231 0.0174753
internal_weight=988.027 647.644 512.871 429.872 340.383 323.727 73.7052 52.5216 220.904 48.4644 21.1836 11.0235 201.958 61.7732 140.185 108.138 73.3884 42.6661 15.9145 9.36103 266.678 227.786 139.881 87.9052 67.8278 38.8916 23.3942 72.0533 37.5163 31.881
internal_count=17953 14953 10480 7832 3000 5018 1346 1219 2814 1201 127 77 2660 676 1984 1283 849 612 199 108 1654 1492 1058 434 322 162 99 736 382 329
is_linear=0
shrinkage=0.05


Tree=16
num_leaves=31
num_cat=0
split_feature=5 3 3 13 13 16 1 3 14 3 1 3 2 3 3 10 10 14 10 11 15 14 0 1 3 14 13 5 13 5
split_gain=239.948 66.6109 59.3314 57.3219 50.1125 43.4973 30.0631 21.2121 17.1503 15.9848 15.1547 34.8568 14.6109 15.5537 14.2543 18.7487 13.5119 13.1991 14.6589 20.7959 13.1009 14.7226 26.8282 23.031 21.6725 20.1168 17.6375 13.3656 13.233 24.9808
threshold=99.743589743589794 -21.045165055078026 4.1003122107509702 0.60941172256488785 0.88025560700882044 -1.7854999999999998e-05 5.2897123903328225e-07 5.3240046193354722 -2.158509177362411 -0.25379145158008681 1.8820761763206997 2.0770564628816843 -0.00048258134929118874 -0.78603383667275406 10.639835338195335 1.5959095328762041 0.1484166664687939 1.1212240256366817 2.2814248371683292 2738971.5000000005 2.1631169256327296 -1.0000000180025095e-35 1.0000000180025095e-35 -0.29420503212958965 -0.11499934431934229 -0.68092944472109751 0.53346123048961058 3.2258064516129905 -0.092651612824720828 3.2258064516129905
decision_type=2 2 2 2 2 2 2 2 2 2 2 2 2 2 2 2 2 2 2 2 2 2 2 2 2 2 2 2 2 2
left_child=1 -1 3 5 14 8 12 9 16 -8 -11 -12 13 -6 15 -2 -3 18 -7 -20 21 22 24 25 -10 -24 28 -22 -23 -30
right_child=4 2 -4 -5 6 17 7 -9 20 10 11 -13 -14 -15 -16 -17 -18 -19 19 -21 27 26 23 -25 -26 -27 -28 -29 29 -31
leaf_value=-0.051524068644004231 0.044109812874964183 0.022409948939661389 -0.050958610877816439 -0.036382577322677252 0.078656189338618843 -0.038060742321877956 0.093874164099003343 0.06194228587189432 -0.04970856273479296 -0.050961151920836195 0.37367893984917327 -0.051898696515596671 0.07995377362634197 -0.057644971408923155 0.075810219102064536 0.0034392809647694773 0.10547861287431802 0.0060113741883421118 -0.052344606667326814 0.20106982820393726 0.068119999890122324 0.028964472919571011 0.098934311784842216 -0.01330506410525345 0.062964572697031415 -0.024207371054476522 0.12908912264123579 -0.053836338353490311 -0.037350973060818353 0.077203538315788384
leaf_weight=128.39643580466509 207.78478011861444 9.889215826988222 79.12151075899601 102.58480869978666 3.4476574063301086 65.980376336723566 2.2125051617622367 6.1393698677420607 33.972391303628683 40.373016580939293 0.70492424070835058 1.5155871175229547 12.593010529875754 5.326933220028879 28.75671149790287 32.811572808772326 9.69405824318528 31.662292044609785 1.6651783399283879 1.5755847580730913 17.716864079236988 76.73520889878273 12.579807545989754 19.233444351702929 4.8810222111642352 4.5040159337222567 3.7229402735829344 2.5728130601346484 21.149585504084829 6.1408833451569071
leaf_count=4473 1275 83 2648 2814 16 1542 13 57 615 1086 20 43 60 51 117 262 71 589 39 34 118 869 91 242 45 51 47 43 414 125
internal_value=-0.00115685 -0.0193647 -0.0111944 -0.00381343 0.0326181 0.00650894 -0.00433872 -0.0252175 0.018843 -0.0371602 -0.0439667 0.0832053 0.0454411 -0.00409037 0.0425399 0.0385633 0.0635304 -0.0207298 -0.0329614 0.0708597 0.0145365 0.0103083 -0.00667475 0.024221 -0.0355538 0.066469 0.0221564 0.0526554 0.0183295 -0.011574
internal_weight=975.445 633.778 505.382 426.26 341.666 323.676 72.313 50.9454 222.792 44.806 42.5935 2.22051 21.3676 8.77459 269.353 240.596 19.5833 100.883 69.2211 3.24076 203.209 182.919 75.1707 36.3173 38.8534 17.0838 107.749 20.2897 104.026 27.2905
internal_count=17953 14953 10480 7832 3000 5018 1346 1219 2814 1162 1149 63 127 67 1654 1537 154 2204 1615 73 2660 2499 1044 384 660 142 1455 161 1408 539
is_linear=0
shrinkage=0.05


Tree=17
num_leaves=31
num_cat=0
split_feature=5 3 3 13 13 16 3 15 14 2 3 13 2 3 2 4 14 13 3 1 1 0 3 8 3 15 3 13 9 13
split_gain=217.73 64.7968 56.9292 53.8026 44.1802 43.1357 22.9214 21.9173 22.2886 20.8611 19.2992 16.7061 75.8428 15.666 25.577 14.9474 14.5099 15.2302 19.6012 17.1389 27.6549 30.6475 19.6901 23.1617 17.0954 17.0634 16.9143 19.7137 18.5788 14.0736
threshold=99.743589743589794 -21.045165055078026 4.1003122107509702 1.0923752466205621 0.72865907245623196 -1.7854999999999998e-05 0.14247758116048156 -1.0000000180025095e-35 1.7020009630412458 1.7811312792222946 1.8900655909890516 0.97831163928685216 -0.99889732094694905 2.0109564953310057 -1.1590844845198707 26.773138832997692 2.5462883371333542 -0.65224001952357546 4.3996084878771722 0.00011202248574870834 -3.0032420994530151e-09 -1.0000000180025095e-35 -0.52451021491629191 -0.97519100733592146 -0.039179175216745639 -2.6269654778085392 1.7114893777423965 -0.25764481544877643 1.0662428656713516 -0.49846547150979509
decision_type=2 2 2 2 2 2 2 2 2 2 2 2 2 2 2 2 2 2 2 2 2 2 2 2 2 2 2 2 2 2
left_child=1 -1 3 5 16 7 -6 8 15 -8 -11 -9 -13 14 -10 -3 17 -2 19 20 21 -19 -21 -24 -23 -20 -25 28 -28 -27
right_child=4 2 -4 -5 6 -7 9 11 13 10 -12 12 -14 -15 -16 -17 -18 18 25 22 -22 24 23 26 -26 29 27 -29 -30 -31
leaf_value=-0.051447529815728067 0.0691513292105536 0.00090844663062477542 -0.050848582903124676 -0.043968724180926934 0.032809431840023363 -0.021826593771427705 -0.043553643680700652 0.025170015831072118 0.080299417689626007 0.23592750366110155 0.012039487356487058 0.59074390991934034 -0.051966407083191474 0.17417429522201058 -0.042534322530457011 -0.04752468542400954 -0.003777164721744327 -0.039887326239329821 -0.023038927808555695 0.091415420979418169 0.085730574325055139 0.13284791130770965 0.052307631447337036 -0.036734244873668963 0.015157776046470393 0.0069073683323965067 0.12994275468386465 -0.0066570113790548491 -0.02617813437716849 0.081689314819551537
leaf_weight=122.31158479861915 47.191792126744986 40.866901081055403 75.421468868851662 69.318971063941717 29.255124762654305 109.70844599977136 35.225049167871475 155.34809581190348 9.8654402308166063 1.0405873768031586 12.832978170365093 0.70024788752198253 1.3323941342532624 2.0357020236551753 7.4294023402035245 26.106750436127186 17.294634744524956 13.179090313613417 5.3049830198287955 7.65000295639038 27.037295788526535 5.7412555366754532 21.517359837889671 27.943448610603809 6.6707747131586057 7.3278552144765845 5.9898927211761457 25.315369583666325 2.7947344109416008 44.484128393232822
leaf_count=4473 214 573 2648 1970 214 2507 995 1970 88 25 235 20 37 14 125 528 101 66 26 31 116 25 142 271 31 33 36 214 23 202
internal_value=-0.00115255 -0.0188388 -0.010832 -0.00369217 0.0307656 0.00420818 -0.0022249 0.0159292 -0.00432005 -0.0230999 0.0288322 0.0270334 0.169448 0.0429761 0.0275333 -0.0179711 0.0405038 0.0435899 0.0375872 0.0277469 0.0504684 0.0132135 0.0146367 0.00760761 0.069596 0.062368 -0.00789485 0.0157378 0.0802746 0.0711128
internal_weight=964.242 620.445 498.134 422.712 343.796 353.393 78.3537 243.685 86.3042 49.0986 13.8736 157.381 2.03264 19.3305 17.2948 66.9737 265.443 248.148 200.956 143.839 52.6284 25.5911 91.2108 83.5608 12.412 57.117 62.0434 34.1 8.78463 51.812
internal_count=17953 14953 10480 7832 3000 5862 1469 3355 1328 1255 260 2027 57 227 213 1101 1531 1430 1216 955 238 122 717 686 56 261 544 273 59 235
is_linear=0
shrinkage=0.05


Tree=18
num_leaves=31
num_cat=0
split_feature=5 3 3 13 13 16 1 3 0 15 14 14 15 1 3 3 3 3 3 12 15 13 3 1 3 16 3 1 9 14
split_gain=197.982 63.0834 54.6467 50.6287 39.6849 35.5758 25.7221 19.2312 14.8441 28.6145 28.8501 14.7534 20.1072 13.5498 13.3409 13.1359 15.8671 13.0389 17.4686 20.4276 18.77 13.2146 15.8411 16.772 18.2385 16.832 14.6451 14.2762 13.0793 12.7224
threshold=99.743589743589794 -21.045165055078026 4.1003122107509702 0.60941172256488785 0.88025560700882044 -1.7854999999999998e-05 5.2897123903328225e-07 8.2517031452685021 1.0000000180025095e-35 2.5493933921696486 -0.51812296434954841 -0.94133141101095341 2.474749594767486 -1.0000000180025095e-35 -0.25379145158008681 -0.018400687424069397 -0.8945978504247748 10.639835338195335 -0.14471036765094322 548.18300000019383 -1.9337690220040169 0.098123520357804236 0.021893091014677051 1.9567680809018387e-05 1.6110208941384061 -2.8544999999999995e-05 3.8064432816564007 1.3742325251868284 0.2239453502958699 1.1212240256366817
decision_type=2 2 2 2 2 2 2 2 2 2 2 2 2 2 2 2 2 2 2 2 2 2 2 2 2 2 2 2 2 2
left_child=1 -1 3 5 17 8 15 14 9 10 -3 12 13 -10 -8 16 -6 18 20 21 -2 22 -20 -24 -25 28 -23 -28 -26 -7
right_child=4 2 -4 -5 6 29 7 -9 11 -11 -12 -13 -14 -15 -16 -17 -18 -19 19 -21 -22 26 23 24 25 -27 27 -29 -30 -31
leaf_value=-0.051374941780359298 -0.037929985306145532 -0.041937637509044431 -0.05074109243896309 -0.035316116678578438 0.10494850410524668 -0.03185317258241574 0.081594003217790922 0.079381471226237704 0.085931931164677303 0.086012366025181031 0.013513793909630695 0.015834726551224556 -0.059662627539786045 0.0087807408653265018 -0.040362053638041573 0.081040696852633404 -0.031731309941088623 0.069753565834883416 -0.040684706511369878 -0.014138229591090871 0.068206000821104007 -0.0018647117628779316 0.10644263155542839 0.0060364685527617085 0.092030472768548088 -0.016533148925312761 0.10238832073648796 7.6943722650929939e-05 0.044515968708029582 0.0068896572134635493
leaf_weight=116.50661762617528 4.5507962182164183 31.157865200191736 71.891284987330437 96.671709531918168 2.8523645997047415 65.885699387639761 2.367697373032569 4.0881386548280707 25.788774665445089 10.422308940440415 94.898405756801367 53.459359481930733 3.3487561531364909 7.3024566806852809 42.380662154406309 10.5363472700119 8.3084747120738047 28.524891838431358 5.338633105158805 26.101991105824709 49.216021180152893 40.608217589557171 10.862567648291586 26.9346715323627 24.004673793911934 7.3981316834688178 7.7998871728777868 6.0576080158352852 36.515594787895679 31.23553554713726
leaf_count=4473 22 566 2648 2814 12 1615 13 18 170 63 1279 624 28 84 1188 50 65 117 28 200 216 400 44 191 115 44 40 37 200 589
internal_value=-0.00114667 -0.0182917 -0.0104586 -0.00356621 0.0291452 0.00592165 -0.00429969 -0.0244255 0.0167822 0.00639073 -0.000192372 0.0325577 0.0570913 0.0689065 -0.0339092 0.041 0.00319981 0.0377574 0.034038 0.0269715 0.0592227 0.0334544 0.0433482 0.0475919 0.0408523 0.0546593 0.013281 0.0576643 0.0633621 -0.0193929
internal_weight=953.016 608.569 492.062 420.171 344.447 323.499 70.5337 48.8365 226.378 136.479 126.056 89.8993 36.44 33.0912 44.7484 21.6972 11.1608 273.914 245.389 191.622 53.7668 165.52 111.054 105.716 94.8531 67.9184 54.4657 13.8575 60.5203 97.1212
internal_count=17953 14953 10480 7832 3000 5018 1346 1219 2814 1908 1845 906 282 254 1201 127 77 1654 1537 1299 238 1099 622 594 550 359 477 77 315 2204
is_linear=0
shrinkage=0.05


Tree=19
num_leaves=31
num_cat=0
split_feature=5 3 3 13 16 13 1 2 3 15 14 3 2 3 2 0 13 11 14 12 15 10 11 15 1 7 3 12 3 10
split_gain=180.332 61.3522 52.4456 48.2091 35.7138 35.158 23.5136 18.5806 19.2606 18.4621 19.8575 15.5095 16.2582 14.6282 13.8671 14.2077 13.8453 16.8508 12.8795 14.7112 16.4981 13.3125 16.3961 12.4618 25.0568 12.3306 12.1307 15.974 12.7683 14.6477
threshold=99.743589743589794 -21.045165055078026 4.1003122107509702 1.0923752466205621 -1.7854999999999998e-05 0.88025560700882044 5.2897123903328225e-07 1.7811312792222946 1.8320583183013082 -1.0000000180025095e-35 1.5851254934446073 1.9495368790737404 -1.1590844845198707 -0.25379145158008681 -3.1169386968925585 1.0000000180025095e-35 -0.22137698520179191 -10561387.499999998 1.1212240256366817 -118.57000000006518 2.0950862453562205 2.2814248371683292 2738971.5000000005 -2.847397157835633 -0.0098693144663278224 1.477487152784924 10.639835338195335 1570.8215000000785 -0.5522593832052437 -1.9586084352931117
decision_type=2 2 2 2 2 2 2 2 2 2 2 2 2 2 2 2 2 2 2 2 2 2 2 2 2 2 2 2 2 2
left_child=1 -1 3 4 9 26 -7 13 -9 10 14 12 16 -8 15 -3 -12 -18 21 -20 -21 -6 -23 24 -5 -11 27 28 -2 -30
right_child=5 2 -4 23 18 6 7 8 -10 25 11 -13 -14 -15 -16 -17 17 -19 19 20 -22 22 -24 -25 -26 -27 -28 -29 29 -31
leaf_value=-0.051306087630154346 0.060716660887017826 -0.019423143269013475 -0.050635840316396577 -0.051744532229254472 -0.037932619659497964 0.038864114211153392 0.074348404077160452 0.2325669469356425 0.0091540658411980377 0.022465937832155843 0.11740216401046136 0.14767822091969482 -0.029873659233582196 -0.052023728029821484 -0.031626454875578393 0.083261835039500534 0.11899883584928479 -0.055563562920541189 0.048876845289449966 -0.028471638120606171 0.16807986838363509 -0.052082904614721794 0.16547894004516839 -0.046964644829539076 0.33643303639971428 0.13422700390452968 0.066653371704686729 -0.04006691616304172 0.092273186935830309 0.026412581457556202
leaf_weight=110.96949510835111 38.570699170231819 7.736168332397936 68.523683995008469 1.1725854761898515 66.558468712493777 21.730365850031376 2.4658174365758887 1.0508727841079224 11.764903027564285 158.72310877218843 5.4552439823746681 2.698303595185279 9.0624287165701389 32.108635507524014 48.863400675356388 5.966731010004878 2.1611374467611313 3.8370219506323373 12.064778078347443 22.324397087097172 1.1212544739246357 1.6447147950530046 1.829052649438381 62.577964661642909 0.6440693698823442 2.5069701187312594 28.363022685050964 7.4315619282424441 8.8304394595324975 192.03672507032752
leaf_count=4473 160 83 2648 36 1718 127 13 21 224 1998 30 18 155 961 920 44 16 62 217 478 16 43 35 1914 20 29 117 61 49 1267
internal_value=-0.00113141 -0.0177647 -0.0100978 -0.00343548 0.00383069 0.0276785 -0.00420215 -0.0239498 0.0274736 0.0142331 -0.00450745 0.0349866 0.0201651 -0.043011 -0.019161 0.0252896 0.0597579 0.00733129 -0.0205149 0.00401393 -0.0190718 -0.0329524 0.0624706 -0.043217 0.0858784 0.0242037 0.0356848 0.0321268 0.0343675 0.0293079
internal_weight=940.794 596.441 485.471 416.948 352.553 344.353 69.1206 47.3902 12.8158 247.011 85.7804 23.2141 20.5158 34.5745 62.5663 13.7029 11.4534 5.99816 105.543 35.5104 23.4457 70.0322 3.47377 64.3946 1.81665 161.23 275.232 246.869 239.438 200.867
internal_count=17953 14953 10480 7832 5862 3000 1346 1219 245 3355 1328 281 263 974 1047 127 108 78 2507 711 494 1796 78 1970 56 2027 1654 1537 1476 1316
is_linear=0
shrinkage=0.05


Tree=20
num_leaves=31
num_cat=0
split_feature=5 3 3 13 16 13 1 3 15 14 13 14 3 2 2 13 11 0 14 7 0 9 14 14 3 3 1 15 3 1
split_gain=163.983 59.612 50.289 45.3584 32.4698 31.3109 19.9626 17.8861 16.3232 17.3147 15.4931 64.8458 14.2479 15.2961 13.6895 13.5564 14.9718 12.761 12.5665 14.1779 12.8095 13.8417 12.2132 14.2499 15.3372 12.94 25.7762 16.3419 13.6113 12.8486
threshold=99.743589743589794 -21.045165055078026 4.1003122107509702 1.0923752466205621 -1.7854999999999998e-05 0.9485149468756654 5.2897123903328225e-07 5.3240046193354722 -0.04444477445443392 1.5639038144366251 0.97831163928685216 1.0460060733451104 1.650311563186825 -1.1590844845198707 -3.1169386968925585 -0.22137698520179191 -19093512.999999996 1.0000000180025095e-35 -1.6810116718587669 1.4871603398116837 -1.0000000180025095e-35 0.034745950255981199 2.6026129496205885 0.90031155945258334 -0.68788116600042259 4.3996084878771722 0.032066925894784874 -2.6269654778085392 0.021893091014677051 1.9567680809018387e-05
decision_type=2 2 2 2 2 2 2 2 2 2 2 2 2 2 2 2 2 2 2 2 2 2 2 2 2 2 2 2 2 2
left_child=1 -1 3 4 8 22 -7 -8 9 14 18 -12 13 15 17 -11 -17 -3 20 -20 -10 -22 23 24 -2 26 28 -27 -26 -30
right_child=5 2 -4 -5 -6 6 7 -9 10 12 11 -13 -14 -15 -16 16 -18 -19 19 -21 21 -23 -24 -25 25 27 -28 -29 29 -31
leaf_value=-0.051240767331835274 0.068050462424615363 -0.018340454410830286 -0.050532531921696593 -0.042801164027810992 -0.019907519662886355 0.035454062999943907 -0.036290469800310227 0.055018374884423821 -0.015115989805868682 0.1070267786743323 -0.052313082076686848 0.4700666930318616 0.12138572829717512 -0.037217192448723346 -0.031967449014236843 0.11490224133778992 -0.055608029408660775 0.079008224490380349 0.011699246292459836 0.16441958680316038 0.042555640486997212 0.12553536677091623 -0.0086630730921878618 0.056420835557331322 0.0045304377849047835 -0.025013969858867908 -0.0085636377651594469 0.059876362200816768 0.084186732697934141 0.031488899336563868
leaf_weight=105.68861964158714 22.767609223723412 7.5477617867290956 65.31165711581707 61.888853156939149 103.58074635826051 20.975663304328918 38.675170920789242 6.2267833389341822 6.5114984512329093 5.6786673814058304 1.5696473903954022 0.95586581155657757 3.7244727052748194 8.2533996924757957 46.107134444639087 1.892205476760864 4.0277529507875478 6.0766347832977772 127.64567942544818 1.538014993071555 20.405595634132627 6.6677406579256049 16.180621404200792 64.943365290760994 23.128919549286366 6.6422437056899062 57.581240564584732 38.701951250433922 18.351288691163063 31.286518380045891
leaf_count=4473 94 82 2648 1970 2507 122 1118 57 99 30 40 19 25 149 896 11 66 43 1684 15 158 38 103 387 113 31 582 174 75 144
internal_value=-0.00112144 -0.0172501 -0.00975628 -0.00332462 0.00361256 0.026194 -0.00481621 -0.0236282 0.0134123 -0.00463473 0.0225079 0.145399 0.0316477 0.0148118 -0.0189557 0.0518348 -0.00110757 0.0250782 0.0206012 0.0135175 0.0478485 0.0629923 0.0335009 0.036091 0.0294383 0.0244346 0.0164313 0.0474412 0.0362102 0.0509715
internal_weight=930.533 585.072 479.383 414.072 352.183 345.461 65.8776 44.902 248.602 83.308 165.294 2.52551 23.5765 19.852 59.7315 11.5986 5.91996 13.6244 162.769 129.184 33.5848 27.0733 279.584 263.403 198.46 175.692 130.348 45.3442 72.7667 49.6378
internal_count=17953 14953 10480 7832 5862 3000 1297 1175 3355 1302 2053 59 281 256 1021 107 77 125 1994 1699 295 196 1703 1600 1213 1119 914 205 332 219
is_linear=0
shrinkage=0.05


Tree=21
num_leaves=31
num_cat=0
split_feature=5 3 3 13 16 13 3 2 3 15 14 3 13 9 11 14 11 13 15 5 4 10 4 11 3 2 3 3 14 3
split_gain=149.462 57.8657 48.2006 42.6198 29.4353 27.9284 18.8909 19.9222 18.0029 14.4181 16.3762 12.8412 13.4224 14.5119 12.5143 12.3874 14.28 13.6281 14.6172 19.3882 28.8419 12.2695 14.364 31.323 11.9891 15.5697 11.7559 11.7365 15.6199 13.9074
threshold=99.743589743589794 -21.045165055078026 4.1003122107509702 1.0923752466205621 -1.7854999999999998e-05 0.9485149468756654 0.14247758116048156 1.8712903438657544 1.8320583183013082 -1.0000000180025095e-35 1.5639038144366251 -2.2261760766790224 -0.69275496864607311 -1.5412172262894988 -7129322.4999999991 1.1212240256366817 -9386594.9999999981 -0.2967757657065016 2.0333579502136079 62.499999999999723 57.142857142856151 2.2814248371683292 37.500000000000206 921721.50000000012 1.650311563186825 -1.1590844845198707 5.3240046193354722 8.2517031452685021 2.4852808137719555 -0.8945978504247748
decision_type=2 2 2 2 2 2 2 2 2 2 2 2 2 2 2 2 2 2 2 2 2 2 2 2 2 2 2 2 2 2
left_child=1 -1 3 4 9 27 -7 -8 -9 10 11 12 -3 14 -14 21 -17 18 19 -18 -21 -6 -23 -24 25 -12 -10 28 29 -2
right_child=5 2 -4 -5 15 6 7 8 26 -11 24 -13 13 -15 -16 16 17 -19 -20 20 -22 22 23 -25 -26 -27 -28 -29 -30 -31
leaf_value=-0.05117879308136998 0.066717149476856932 0.093269120812945278 -0.050430891145880223 -0.042367206368827008 -0.037031486426867703 0.027810289729936294 -0.051750222051055998 0.21796188589389895 -0.051754409703780528 0.021175050121208544 0.052128586760960841 -0.038982293999859551 -0.055837659744872883 -0.041518268809692602 0.07392068183115573 0.14636246047596776 -0.02101165443031619 -0.034738377216301068 0.19936415197244708 0.21216416281298722 -0.031006767218756753 -0.053507478610234777 -0.051926283946964559 0.34334400295046769 0.11146208323818435 -0.037123290069535464 0.051426827842588535 0.056281907865638983 -0.024248860631540019 0.026342283305590571
leaf_weight=100.65279353968799 23.854541599750519 3.9059430360794094 62.248442187905312 59.458389014005661 63.115688737481833 26.515719685703516 26.142517667263746 1.1045106053352345 4.8979394286870939 165.98935678228736 11.79724147729576 33.246975043788552 2.5252492539584637 12.996747981756922 7.0335901118814981 1.6957248598337162 10.778073567897083 16.461468026041985 1.1744224280118931 2.618792086839675 2.2819007821381092 1.610784484073519 0.99588739126920733 1.009017292410135 3.8497847355902186 8.3412363901734352 6.3259143866598606 41.438395828008652 13.764608154073356 201.43176531605422
leaf_count=4473 99 35 2648 1970 1718 191 880 18 151 2027 109 711 33 197 61 21 202 392 13 36 47 31 28 19 25 157 57 173 97 1334
internal_value=-0.00110892 -0.0167529 -0.00942933 -0.00321767 0.00340607 0.0248736 -0.00466093 -0.0270414 0.025354 0.0126432 -0.00427727 -0.0182959 0.00769514 -0.00712368 0.0396412 -0.019263 0.00482365 -0.00238071 0.0292249 0.0164805 0.0989369 -0.0319 0.0576759 0.147003 0.030616 0.015161 0.00639992 0.0317165 0.0274582 0.0306174
internal_weight=919.263 573.788 473.135 410.886 351.428 345.476 64.9866 38.4709 12.3284 249.686 83.6968 59.7085 26.4615 22.5556 9.55884 101.742 35.0104 33.3147 16.8532 15.6788 4.90069 66.7314 3.61569 2.0049 23.9883 20.1385 11.2239 280.489 239.051 225.286
internal_count=17953 14953 10480 7832 5862 3000 1297 1106 226 3355 1328 1037 326 291 94 2507 711 690 298 285 83 1796 78 47 291 266 208 1703 1530 1433
is_linear=0
shrinkage=0.05


Tree=22
num_leaves=31
num_cat=0
split_feature=5 3 3 13 16 13 14 15 2 13 3 4 14 9 3 10 15 1 9 14 11 10 3 1 13 0 13 15 13 14
split_gain=136.094 56.1472 46.1811 40.0221 26.8675 25.2258 18.6738 12.7911 14.6276 16.3064 16.2166 21.7213 15.871 12.4698 12.2465 16.5632 12.1321 22.2596 11.8122 11.7107 16.162 13.8272 13.9442 18.6837 15.8539 12.9686 11.3682 11.2485 10.8228 67.6485
threshold=99.743589743589794 -21.045165055078026 4.1003122107509702 1.0923752466205621 -1.7854999999999998e-05 1.3654752384020183 -0.39470707664938709 -0.04444477445443392 -1.6906285870272348 -0.2967757657065016 0.27624775973169835 33.33333333333416 0.26678051565547395 -0.61873199925917832 10.639835338195335 1.5959095328762041 -2.6269654778085392 -0.0098693144663278224 -1.5412172262894988 1.1913874658344714 -10561387.499999998 -0.29172445849577727 0.46032095859448574 0.14145211865645338 -1.0029257567302672 -1.0000000180025095e-35 -0.96077679359459245 -1.5199116235556727 0.97831163928685216 1.8840465400184236
decision_type=2 2 2 2 2 2 2 2 2 2 2 2 2 2 2 2 2 2 2 2 2 2 2 2 2 2 2 2 2 2
left_child=1 -1 3 4 7 14 -7 8 9 12 -10 13 -3 -12 15 26 17 -5 27 -6 -21 22 23 24 -22 -24 -2 -11 -9 -30
right_child=5 2 -4 16 19 6 -8 28 10 18 11 -13 -14 -15 -16 -17 -18 -19 -20 20 21 -23 25 -25 -26 -27 -28 -29 29 -31
leaf_value=-0.051119980661529042 0.070718938006380308 -0.008535388885111626 -0.050330647209934076 -0.051523705763234534 -0.03061544400993595 0.019618721506535663 -0.042738442286006734 0.018046461475372182 -0.040532282572126849 0.10132047573901388 0.20050104622310913 -0.039799343228185541 0.10310839884229955 0.046654273491907074 0.060426433906693458 -0.0056173307270511799 -0.046956854497054425 0.24942401753594778 -0.055152140527335802 0.16407544921382833 0.14972348291059259 -0.032495632827301939 0.11425422112162845 0.17971217351315777 -0.053319010307464665 -0.052334271140590444 0.027594583650465611 -0.010666363824000057 -0.052748524414676715 0.45402897288737459
leaf_weight=95.851269023492932 16.440650381147861 4.9743315242230919 59.327523663640022 1.6067456491291525 67.412967044860125 25.278088172897696 22.866948494687676 166.81532136909664 34.187200399115682 3.354452095925808 1.6773726493120191 7.4122459590435028 8.8409994766116125 6.1325255092233402 28.092989921569824 36.430455448105931 54.538693802431226 0.99488830380141635 7.8914099112153044 1.5387933813035477 1.4619042016565797 16.870046157389879 1.4906060136854646 2.9565632976591587 2.8080786839127558 5.4024514071643353 216.89921635761857 6.7635655701160449 1.999417852610349 0.98190408945083607
leaf_count=4473 72 46 2648 56 1848 381 610 1994 740 23 12 158 45 63 119 338 1888 26 137 13 18 381 30 32 54 131 1480 78 47 12
internal_value=-0.00109916 -0.0162596 -0.00911133 -0.00311925 0.00319853 0.0235817 -0.00999841 0.0119274 -0.00439024 0.0220466 -0.0214183 0.0215095 0.0629101 0.0796967 0.0290094 0.0257377 -0.0419249 0.0635614 -0.00930047 -0.0187264 0.00591291 -0.00194066 0.0345663 0.0830947 0.0161962 -0.0163099 0.030633 0.0264609 0.019734 0.11416
internal_weight=909.3 563.291 467.44 408.112 350.972 346.008 48.145 251.031 81.2341 31.8248 49.4093 15.2221 13.8153 7.8099 297.863 269.77 57.1403 2.60163 18.0094 99.9414 32.5284 30.9896 14.1196 7.22655 4.26998 6.89306 233.34 10.118 169.797 2.98132
internal_count=17953 14953 10480 7832 5862 3000 991 3355 1302 329 973 233 91 75 2009 1890 1970 82 238 2507 659 646 265 104 72 161 1552 101 2053 59
is_linear=0
shrinkage=0.05


Tree=23
num_leaves=31
num_cat=0
split_feature=5 3 3 13 16 13 14 15 3 3 4 15 1 3 2 9 7 14 4 0 15 14 5 3 3 13 13 13 3 3
split_gain=123.948 54.4182 44.2135 37.6131 24.462 22.6213 15.8628 13.8201 12.0787 17.5312 21.2933 16.0446 15.3762 17.3634 14.1511 12.3125 12.1386 19.1372 11.9647 11.6186 18.8491 32.2826 16.4655 38.5529 24.909 17.2042 15.6634 14.6994 27.6914 14.51
threshold=99.743589743589794 -21.045165055078026 4.1003122107509702 1.0923752466205621 -1.7854999999999998e-05 1.5356333826200512 -1.7440848447953488 0.86243865631847916 -0.41335019681257029 3.8064432816564007 49.390153205414244 -2.2998893393673758 1.8820761763206997 1.9495368790737404 -0.017574708943454257 1.1562051916042348 -1.0191332624363447 -1.8065368843696861 69.028213166144397 1.0000000180025095e-35 2.5493933921696486 -1.0000000180025095e-35 29.459980713597094 -1.0149044525909157 -1.9583993771880974 0.35448306517987488 0.22721895729813898 0.97831163928685216 -2.2261760766790224 -0.11499934431934229
decision_type=2 2 2 2 2 2 2 2 2 2 2 2 2 2 2 2 2 2 2 2 2 2 2 2 2 2 2 2 2 2
left_child=1 -1 3 4 18 8 -7 -8 -2 10 14 15 16 -14 -10 -11 17 -12 19 20 21 29 25 24 -24 26 -21 -23 -29 -3
right_child=5 2 -4 -5 -6 6 7 -9 9 11 12 -13 13 -15 -16 -17 -18 -19 -20 22 -22 27 23 -25 -26 -27 -28 28 -30 -31
leaf_value=-0.051064165878449745 0.050417970514856136 -0.045362738236518568 -0.050231543057432174 -0.041490186228837773 -0.01818067779571151 0.040933261985515806 -0.045087753636405339 0.040944535025105228 -0.039019416336025244 -0.039277602087335953 0.1727886482058856 0.050557016237925405 0.18012783741527477 0.011431191578754142 0.033430309930326731 0.04218646762468526 -0.028446150717897065 0.00034812429151318783 -0.047380853129435241 0.015512010730313453 0.065209417540936926 0.013103045883338688 0.077360058055820358 0.027915143716081916 0.3147814089234432 -0.052966702738002337 0.084876107292469347 0.27292035378303581 -0.052023059073039425 0.039939884152293388
leaf_weight=91.273689899593592 46.965603962540627 40.338725319132209 56.542637541890144 54.958371439948678 98.120190631598234 10.632771912962196 26.002287933602933 5.6893075946718445 7.2861706539988509 9.9523235671222228 1.9128008782863606 74.512340864166617 2.1148603968322268 5.471778267994523 89.910022458061576 8.6866806000471097 47.654518984258175 10.128270586952565 8.4127225894480926 60.425307027995586 11.771419178694485 87.732653953135014 2.169242687523365 13.353649819269775 2.2512031942605999 7.9059912636876097 9.4055527187883836 1.5138123929500582 1.1565633490681637 5.6881691273301831
leaf_count=4473 203 814 2648 1970 2507 103 689 103 37 48 14 373 25 53 438 49 736 129 165 534 84 1194 21 159 20 180 69 18 35 62
internal_value=-0.00108948 -0.0157864 -0.00881306 -0.00303347 0.00300093 0.0223387 -0.0119129 -0.0296431 0.0270981 0.0228469 0.0130313 0.0401785 -0.00859153 0.0584573 0.0279992 -0.00131139 -0.0171127 0.0277414 0.0112442 0.0132679 0.00450377 -0.000734025 0.026867 0.0702831 0.198272 0.0169401 0.0248547 0.0166205 0.132184 -0.0348207
internal_weight=899.94 553.02 461.746 405.204 350.245 346.92 42.3244 31.6916 304.595 257.63 164.478 93.1513 67.2822 7.58664 97.1962 18.639 59.6956 12.0411 252.125 243.712 148.201 136.43 95.5109 17.7741 4.42045 77.7369 69.8309 90.403 2.67038 46.0269
internal_count=17953 14953 10480 7832 5862 3000 895 792 2105 1902 1432 470 957 78 475 97 879 143 3355 3190 2207 2123 983 200 41 783 603 1247 53 876
is_linear=0
shrinkage=0.05


Tree=24
num_leaves=31
num_cat=0
split_feature=5 3 3 13 16 13 14 15 1 3 10 14 12 4 3 11 15 1 1 15 14 1 3 3 1 3 15 9 9 0
split_gain=112.971 52.7457 42.3447 35.3168 22.1762 20.3088 14.7505 11.5579 16.322 11.5501 15.3168 11.103 13.8808 11.0554 10.8781 11.3738 17.4351 11.4814 27.8842 14.7089 13.217 15.7418 10.8074 12.768 17.7664 15.3927 16.6936 15.0877 14.7079 11.6389
threshold=99.743589743589794 -21.045165055078026 4.1003122107509702 1.0923752466205621 -1.7854999999999998e-05 1.5356333826200512 -0.39470707664938709 -2.6269654778085392 -0.0098693144663278224 10.639835338195335 1.5959095328762041 1.1913874658344714 -118.57000000006518 69.028213166144397 -0.96992930898981788 -5697735.9999999991 0.50675916233449347 -3.0032420994530151e-09 1.9567680809018387e-05 1.4102853598891836 1.1913874658344714 0.042003814582921857 -0.41335019681257029 -0.039179175216745639 1.9567680809018387e-05 1.5555059674450356 -1.4689698352886056 -0.28708730835972923 1.4973838116451403 -1.0000000180025095e-35
decision_type=2 2 2 2 2 2 2 2 2 2 2 2 2 2 2 2 2 2 2 2 2 2 2 2 2 2 2 2 2 2
left_child=1 -1 3 4 13 9 -7 8 -5 10 14 -6 -13 -3 -2 -16 22 -18 -19 -20 21 -21 -17 -24 -25 -26 27 -27 -28 -29
right_child=5 2 -4 7 11 6 -8 -9 -10 -11 -12 12 -14 -15 15 16 17 18 19 20 -22 -23 23 24 25 26 28 29 -30 -31
leaf_value=-0.051011185588392099 0.060856237300648201 0.012503376939266904 -0.05013331262441878 -0.051388372878632509 -0.029527098657740409 0.016561250925314873 -0.043070955273695477 -0.046427882128506029 0.19694200043400503 0.05662709321744868 -0.0072388635992915165 0.049320796845418922 -0.018772815404356026 -0.046977463433892086 0.057522245967740304 0.088729107296148468 -0.045920422082895873 0.10264703941265259 -0.03984856860497648 0.075890014625068225 0.095654053581693779 -0.044509811231679304 -0.022629695979933626 0.083715276288899132 -0.0079078619305875449 0.06925305034376289 0.068087945531480634 0.014768736721153737 -0.010963361310060375 -0.054537003011454449
leaf_weight=86.910116555169225 21.889163017272949 244.87646657973528 53.887766435742378 1.4717572182416918 64.450685255229473 22.005068600177765 19.613005809485912 50.175652788951993 1.202173277735709 27.459360718727112 37.166247997432947 11.893418073654173 20.187277005985379 8.0694213453680259 22.538527341559529 7.2505111992359152 12.575838521122931 6.6281590461730948 18.511630307883024 4.1416272372007388 4.7268536351621142 7.8803870230913162 12.238156281411646 14.104247562587259 27.935985080897808 8.1847821511328203 37.41197893768549 18.348462946712971 6.9821055028587571 9.0435254145413655
leaf_count=4473 94 3190 2648 56 1848 336 559 1888 26 119 359 204 455 165 113 32 60 27 169 17 26 80 63 60 368 45 245 113 51 64
internal_value=-0.00107836 -0.0153116 -0.00851072 -0.00293578 0.00282502 0.0212229 -0.0115411 -0.0410301 0.0602586 0.0256934 0.0226331 -0.0175634 0.00647183 0.0106058 0.0272515 0.023885 0.0200163 -0.00402267 0.0085559 -0.00913106 0.0248194 -0.00303164 0.0292691 0.0260578 0.0309413 0.0240433 0.0352048 0.00968604 0.0556551 -0.00811271
internal_weight=889.76 543.125 456.215 402.327 349.477 346.636 41.6181 52.8496 2.67393 305.018 277.558 96.5314 32.0807 252.946 240.392 218.503 195.964 54.4645 41.8887 35.2605 16.7489 12.022 141.5 134.249 122.011 107.907 79.9709 35.5768 44.3941 27.392
internal_count=17953 14953 10480 7832 5862 3000 895 1970 82 2105 1986 2507 659 3355 1627 1533 1420 379 319 292 123 97 1041 1009 946 886 518 222 296 177
is_linear=0
shrinkage=0.05


Tree=25
num_leaves=31
num_cat=0
split_feature=5 3 3 13 16 13 3 2 3 15 1 15 14 4 14 11 13 15 5 4 10 4 9 13 3 9 3 3 14 3
split_gain=102.994 51.1864 40.5921 33.2268 20.1518 18.6636 15.4615 18.5264 11.5427 10.6462 12.2063 10.6005 13.3975 12.1358 10.4424 12.598 12.2276 13.9781 12.828 19.6855 11.8111 11.8956 21.8746 10.4303 10.3931 10.3124 12.7182 9.76092 13.136 11.8217
threshold=99.743589743589794 -21.045165055078026 4.1003122107509702 1.0923752466205621 -1.7854999999999998e-05 0.9485149468756654 0.14247758116048156 1.8712903438657544 1.8320583183013082 -2.6269654778085392 -0.0098693144663278224 -1.0000000180025095e-35 1.6831513371574189 26.773138832997692 1.1212240256366817 -10561387.499999998 -0.23346301851118073 2.0950862453562205 62.499999999999723 57.142857142856151 2.2814248371683292 37.500000000000206 1.3773365177404944 -0.53076764413190347 5.3240046193354722 -1.5412172262894988 -6.0948933452250573 8.2517031452685021 2.4852808137719555 -0.14471036765094322
decision_type=2 2 2 2 2 2 2 2 2 2 2 2 2 2 2 2 2 2 2 2 2 2 2 2 2 2 2 2 2 2
left_child=1 -1 3 4 11 27 -7 -8 -9 10 -5 12 13 23 20 -16 17 18 -17 -20 -6 -22 -23 -3 -10 26 -25 28 29 -2
right_child=5 2 -4 9 14 6 7 8 24 -11 -12 -13 -14 -15 15 16 -18 -19 19 -21 21 22 -24 25 -26 -27 -28 -29 -30 -31
leaf_value=-0.050960902900464136 0.045816042623636241 0.040952646842278728 -0.050035703386297536 -0.051318830184163292 -0.035112658826780295 0.024360422071817142 -0.051597091410251331 0.15936866178808384 -0.051616535128095234 -0.046140122131925913 0.15620553233713333 0.017041585069985651 0.02978570616323133 -0.046126046382765518 0.13623655790093081 -0.017636731324063296 -0.035869338754361345 0.18957650970985923 0.15357993699797115 -0.032743477314149422 -0.053088910440086214 -0.010243021563099391 0.31042526996123687 0.073196682507284824 0.048058806662070047 -0.038633201868715217 -0.042432132982208777 0.048575150132785128 -0.02534439394825809 0.018644552564353805
leaf_weight=82.750975968316197 51.707090258598328 11.194496013224123 51.357119843363762 1.4018280152231457 56.730195892974734 26.665930632501841 23.753513693809509 1.3991632610559452 4.4687240868806821 48.018786210566759 1.432816233485936 172.54400178045034 20.89044907130301 22.174329107627273 1.7343860194087017 11.157156698405748 14.734875224530695 1.210525695234536 3.3216882646083823 2.4729922711849213 1.4346074722707265 1.1924088243395092 0.95998870395123947 5.7185482047498226 6.3052540384232998 18.03033037669957 4.071141626685856 39.999741807579994 13.862022956833242 177.27274350821972
leaf_count=4473 229 120 2648 56 1718 191 880 18 151 1888 26 2027 236 523 14 217 378 11 38 53 31 33 14 37 57 335 77 173 97 1204
internal_value=-0.00105733 -0.0148084 -0.00818654 -0.00281912 0.00267433 0.0202215 -0.00448413 -0.0258935 0.0242621 -0.0405817 0.0535777 0.0100052 -0.00478648 -0.0165898 -0.0169847 0.00489836 -0.00202596 0.0254307 0.0137091 0.0740628 -0.0295491 0.0584413 0.132778 0.000197526 0.00671645 -0.0162019 0.0251113 0.0256888 0.021919 0.0247803
internal_weight=879.968 534.534 451.783 400.426 349.572 345.434 62.5926 35.9267 12.1731 50.8534 2.83464 254.623 82.0793 61.1888 94.9488 34.6316 32.8972 18.1624 16.9518 5.79468 60.3172 3.58701 2.1524 39.0145 10.774 27.82 9.78969 282.842 242.842 228.98
internal_count=17953 14953 10480 7832 5862 3000 1297 1106 226 1970 82 3355 1328 1092 2507 711 697 319 308 91 1796 78 47 569 208 449 114 1703 1530 1433
is_linear=0
shrinkage=0.05


Tree=26
num_leaves=31
num_cat=0
split_feature=5 3 3 13 16 3 4 13 3 3 1 9 15 0 15 14 14 10 11 13 14 10 3 4 14 3 3 12 13 14
split_gain=93.8638 49.5701 38.8554 31.2182 18.4081 17.005 29.7583 24.0763 16.7237 16.6821 19.6689 12.0427 13.2744 15.6599 12.1357 11.7773 10.8546 11.4609 12.2588 10.8061 10.4691 10.1462 11.0025 9.99646 10.3544 14.2422 14.5116 10.509 14.7841 16.4902
threshold=99.743589743589794 -21.045165055078026 4.1003122107509702 1.0923752466205621 -1.7854999999999998e-05 8.2517031452685021 49.390153205414244 1.4022425251565691 1.0000000180025095e-35 1.7114893777423965 1.8820761763206997 1.6430406594842839 -1.4527094086596228 1.0000000180025095e-35 0.75095998831501742 1.4396444509044106 0.80393482278130912 -2.1433547697070172 1108572.0000000002 0.11542507224104644 -0.68092944472109751 -0.17024309783457089 2.4773131205293741 69.028213166144397 -2.158509177362411 -0.28678598586789589 -6.0948933452250573 413.89699999988085 -0.56652576277585109 1.259428660917117
decision_type=2 2 2 2 2 2 2 2 2 2 2 2 2 2 2 2 2 2 2 2 2 2 2 2 2 2 2 2 2 2
left_child=1 -1 3 4 23 6 15 8 20 10 -10 12 -11 14 21 16 17 -2 -19 -17 -8 -14 -23 24 25 26 -3 -26 -29 -30
right_child=5 2 -4 -5 -6 -7 7 -9 9 11 -12 -13 13 -15 -16 19 -18 18 -20 -21 -22 22 -24 -25 27 -27 -28 28 29 -31
leaf_value=-0.050913158569300315 0.096057920345669845 0.064342233451950559 -0.049938469746895614 -0.040127613404106692 -0.016493137013946481 0.048390055094880979 0.015499030213102276 -0.046274397309729084 -0.040673584416633365 -0.0032549906319916362 0.14706594664711764 -0.023168639639708166 0.11411562628792674 0.1008085010228387 -0.05268505208926938 0.01900668488758106 0.066798202755401145 0.015576266268447476 0.052235106454725823 -0.067603774620671186 0.11810975228599237 -0.055295953676753641 0.044506655917087717 -0.046576944263656682 0.0039549431803345553 0.09605919897126558 -0.038120228416862245 0.10776971626738917 -0.010172542171801871 0.083982902652780217
leaf_weight=78.787120029330254 5.9395478516817084 6.8864359147846699 48.945144012570381 48.939078960567713 93.321326186880469 43.619932487607002 4.7144035845994949 25.189690817147493 26.825459746643904 24.339953580871224 1.4716470129787911 16.781911721453071 3.7950206436216858 9.2040334921330196 4.2318062316626301 10.175782904028891 21.364237703382969 89.593232268467546 30.591867372393608 5.574135184288024 5.2584571689367277 3.4974100068211618 13.124167693778871 7.7207984514534465 198.02878757193685 8.2131141722202283 6.9362377841025609 5.8004061244428184 15.489929454401137 6.6451769806444636
leaf_count=4473 25 36 2648 1970 2507 191 22 856 515 174 15 150 29 64 42 44 99 429 147 37 25 53 83 165 2674 51 93 49 226 61
internal_value=-0.00104331 -0.0143456 -0.00789927 -0.00272914 0.00251448 0.0192097 0.0149904 -0.00206242 0.00777194 0.00180093 -0.0309098 0.0141468 0.024908 0.0451573 0.0243764 0.029452 0.0338407 0.0282581 0.0249074 -0.0116461 0.0696033 0.0403491 0.0235068 0.00945101 0.0111953 0.0439114 0.0129264 0.00800485 0.0367137 0.0180938
internal_weight=871.006 525.714 446.926 397.981 349.042 345.293 301.673 138.434 113.244 103.271 28.2971 74.9743 58.1924 33.8524 24.6484 163.239 147.489 126.125 120.185 15.7499 9.97286 20.4166 16.6216 255.721 248 22.0358 13.8227 225.964 27.9355 22.1351
internal_count=17953 14953 10480 7832 5862 3000 2809 2028 1172 1125 530 595 445 271 207 781 700 601 576 81 47 165 136 3355 3190 180 129 3010 336 287
is_linear=0
shrinkage=0.05


Tree=27
num_leaves=31
num_cat=0
split_feature=5 3 3 13 4 3 4 13 3 3 1 11 3 1 13 2 5 4 3 13 9 10 9 14 13 10 9 3 4 15
split_gain=85.6016 48.0226 37.2225 30.0909 16.0259 15.6477 26.7221 22.5939 14.885 15.3268 16.792 13.1881 21.8804 26.8703 21.626 20.1585 17.1063 15.8592 20.5179 15.4982 14.8826 13.762 14.9446 13.4838 13.3223 21.3294 14.2732 12.905 15.8122 18.8722
threshold=99.743589743589794 -21.045165055078026 10.639835338195335 1.0923752466205621 63.636363636363278 8.2517031452685021 49.390153205414244 1.4022425251565691 1.0000000180025095e-35 1.7114893777423965 1.8820761763206997 -2612849.4999999995 -0.25379145158008681 0.042003814582921857 -0.058168448978860983 0.58963603162353007 1.0000000180025095e-35 41.176470588235524 -0.22326523126251713 0.97831163928685216 0.079256772386572902 -1.6397427418779824 1.1562051916042348 2.1792972966022726 -0.047133982640461099 -1.0367910075551989 -1.0675000911730381 -3.1682003482350494 45.923792645104008 -1.8609596710471799
decision_type=2 2 2 2 2 2 2 2 2 2 2 2 2 2 2 2 2 2 2 2 2 2 2 2 2 2 2 2 2 2
left_child=1 -1 3 4 11 6 -2 8 -8 10 -10 12 19 24 15 16 21 -18 27 -3 -17 -13 -23 -21 -14 -26 -27 -19 29 -29
right_child=5 2 -4 -5 -6 -7 7 -9 9 -11 -12 14 13 -15 -16 20 17 18 -20 23 -22 22 -24 -25 25 26 -28 28 -30 -31
leaf_value=-0.050867835992032019 0.027916587067813803 0.0055093998529828631 -0.050913260139010985 -0.039853460633395309 -0.032907060050578557 0.04646773896685405 0.065328497269174349 -0.045922139492160355 -0.040060769495579039 0.013370921323283165 0.12480107655013269 0.08343804915540598 0.073121321931071251 -0.031703154858485204 -0.026416090166988045 -0.014121187044311506 -0.038051655098211012 0.19548451084387983 -0.032766272648999895 0.017845873323394445 0.10598357393002776 0.027101063125621314 -0.035118443377389709 0.24085866451541624 -0.052826391294841957 0.34134860965432839 0.13510445643132538 0.64649671083103155 -0.0025905196856203152 0.068302143652958155
leaf_weight=75.009717229753733 163.57515676505864 78.326361598446965 44.603070661425591 48.02842684276402 29.504631914198399 43.164901152253151 10.088741093873976 24.140375915914774 25.897686466574672 75.191936545073986 1.6425062604248513 8.0935569852590543 9.3748052492737752 4.7874214090406886 61.401126746088266 3.6819721199572077 33.905353166162968 1.1843232437968243 19.497221741825342 1.3837424032390111 8.6123745478689653 45.125633999705315 12.276592582464216 1.3285265211015937 0.79108478128910054 1.6387115661054852 1.7186906896531606 0.14316657185554404 16.965878207236528 9.9142596274614387
leaf_count=4473 781 958 2532 2022 740 191 47 856 515 595 15 59 69 135 1572 75 685 15 400 32 96 408 147 12 19 27 15 4 310 148
internal_value=-0.0010243 -0.0138751 -0.00760133 -0.00274359 0.0023538 0.0183172 0.014274 -0.00201958 0.00737428 0.00168293 -0.0302284 0.00560338 0.0207321 0.0700959 -0.00120375 0.00850806 0.00336771 -0.0119068 0.00667515 0.0095783 0.070014 0.0224003 0.0137942 0.127082 0.106134 0.180737 0.23577 0.0339372 0.0268572 0.0765327
internal_weight=860.998 517.297 442.287 397.684 349.655 343.701 300.536 136.961 112.821 102.732 27.5402 320.151 99.3493 18.3107 220.801 159.4 147.106 81.6102 47.7048 81.0386 12.2943 65.4958 57.4022 2.71227 13.5233 4.14849 3.3574 28.2076 27.0233 10.0574
internal_count=17953 14953 10480 7948 5926 3000 2809 2028 1172 1125 530 5186 1267 265 3919 2347 2176 1562 877 1002 171 614 555 44 130 61 42 477 462 152
is_linear=0
shrinkage=0.05


Tree=28
num_leaves=31
num_cat=0
split_feature=5 3 3 13 4 2 2 2 3 4 13 3 3 1 15 4 11 3 2 14 4 13 9 11 10 2 1 13 9 15
split_gain=78.1792 46.417 35.6312 28.2688 14.4782 15.2177 25.9075 20.31 14.4315 23.9359 21.2167 13.3594 14.08 14.6035 11.3743 16.9309 17.1551 14.6041 11.9938 15.6438 12.7669 13.2265 14.9352 11.8665 11.3619 11.0689 14.8146 12.9433 10.8827 10.7478
threshold=99.743589743589794 -21.045165055078026 10.639835338195335 0.60941172256488785 1.0000000180025095e-35 0.0052881960463546634 -0.00048258134929118874 -0.0077102764447778372 8.2517031452685021 49.390153205414244 1.4022425251565691 1.0000000180025095e-35 1.7114893777423965 1.8820761763206997 -1.0000000180025095e-35 41.176470588235524 10410674.000000002 0.082103759847436342 0.32401746762260281 -1.0000000180025095e-35 45.923792645104008 -0.55924834362735865 -0.85810830840666752 -4179773.4999999995 1.1691033515282792 -2.4608109126818349 -2.5191139394754782 -0.35374857567995993 1.9118757982488728 -1.4527094086596228
decision_type=2 2 2 2 2 2 2 2 2 2 2 2 2 2 2 2 2 2 2 2 2 2 2 2 2 2 2 2 2 2
left_child=1 -1 3 4 5 6 7 25 9 -2 11 -11 13 -13 -6 -16 17 18 20 -20 21 22 -17 -22 -19 26 -3 -27 29 -14
right_child=8 2 -4 -5 14 -7 -8 -9 -10 10 -12 12 28 -15 15 16 -18 24 19 -21 23 -23 -24 -25 -26 27 -28 -29 -30 -31
leaf_value=-0.050824791655315428 0.02641913521703685 -0.0010431144491309396 -0.050867924151109162 -0.030357041361705434 -0.02263593504848431 0.08194925281017397 -0.045638861806793225 0.099391373259733545 0.044644407659672682 0.061756766563227254 -0.045564175825002891 -0.039443567511550891 -0.0041850916234408625 0.10816064385572513 -0.024575151381033042 -0.025826589198540906 0.17844764124445189 -0.032687467076217003 -0.053882459682960876 0.15437341040411673 0.074874043022340367 -0.0019193336694583623 0.1398440687473915 -0.0088456072617011557 0.033856860580659655 0.019156116311259474 0.049815402848137708 -0.034281562683132531 -0.033911848088703477 0.037211800455757386
leaf_weight=71.410352641716599 164.18797494657338 24.167699694633484 42.464610300958157 74.735704259946942 63.124263195320964 8.2200446147471649 17.058906767517328 7.6021289788186541 42.693539902567863 10.137274354696272 23.138924606144428 25.010419262573127 26.469268184155226 1.7960506007075299 36.703907074406743 1.7419526875019071 1.5992774590849865 22.338993674144152 1.1884934566915033 3.7376760635524979 5.0479937307536593 4.7464673798531276 6.2103380151093006 26.203866006806496 8.9984624404460174 26.707501249387857 35.135098399594426 19.682685932144526 10.779658924788235 38.462983533740044
leaf_count=4473 781 178 2532 2871 1543 49 338 56 191 47 856 515 193 15 649 27 13 495 26 42 52 84 69 437 144 298 245 332 94 308
internal_value=-0.00101588 -0.013449 -0.0073472 -0.00266792 0.00379449 0.0159668 0.011806 0.0204555 0.0174456 0.0135746 -0.00195558 0.00700142 0.00158707 -0.029554 -0.00549172 0.00363956 0.0162975 0.0130646 0.0301475 0.104129 0.0218553 0.0641307 0.103554 0.00467731 -0.0135795 0.0147779 0.029089 -0.00351672 0.0126128 0.0203366
internal_weight=851.503 508.826 437.416 394.951 320.216 138.574 130.354 113.295 342.676 299.983 135.795 112.656 102.518 26.8065 181.642 118.517 81.8135 80.2142 48.8768 4.92617 43.9506 12.6988 7.95229 31.2519 31.3375 105.693 59.3028 46.3902 75.7119 64.9323
internal_count=17953 14953 10480 7948 5077 1496 1447 1109 3000 2809 2028 1172 1125 530 3581 2038 1389 1376 737 68 669 180 96 489 639 1053 423 630 595 501
is_linear=0
shrinkage=0.05


Tree=29
num_leaves=31
num_cat=0
split_feature=3 3 13 16 5 3 3 12 1 10 4 14 3 4 12 11 2 0 2 15 15 10 14 4 11 3 5 13 14 2
split_gain=74.0684 48.8833 34.0043 26.1657 16.6111 15.8143 13.091 14.0004 12.8126 11.9865 11.7864 11.2462 13.2694 20.6295 10.4018 10.3815 13.2116 9.57417 12.3356 15.5139 12.2772 9.71382 15.1626 8.93935 8.91546 17.1396 15.0545 8.57998 9.50695 14.8851
threshold=-12.450507552553509 62.69237531886241 0.60941172256488785 -1.1344999999999999e-05 30.079365079365598 0.14247758116048156 4.3996084878771722 926.83349999971699 3.3528902807586478 -2.666946549967478 1.0000000180025095e-35 1.6601052701702488 -2.3822071205816333 33.333333333333307 -713.83600000012655 -870182.49999999988 -2.4608109126818349 1.0000000180025095e-35 0.37147412145811293 0.39690634575900235 1.3342552618390573 1.0035916583829445 -1.0000000180025095e-35 1.0000000180025095e-35 1330157.5000000002 0.082103759847436342 75.000000000000412 -1.0270758343143995 -1.8244070414706124 9.3675067702747597e-05
decision_type=2 2 2 2 2 2 2 2 2 2 2 2 2 2 2 2 2 2 2 2 2 2 2 2 2 2 2 2 2 2
left_child=-1 2 3 6 11 17 10 -8 9 -7 14 -4 13 -13 -2 16 -12 18 19 21 -19 -6 -23 -5 -17 26 -26 -16 -29 -30
right_child=1 -3 4 23 5 8 7 -9 -10 -11 15 12 -14 -15 27 24 -18 20 -20 -21 -22 22 -24 -25 25 -27 -28 28 29 -31
leaf_value=-0.048553786872086627 0.052571671629300425 -0.050824881490657031 -0.051380062736480894 0.031744390147834693 -0.050814586964698386 0.20088180862438973 0.047751880134750201 -0.011544019555671562 0.063065455570164602 -0.02784118475478134 -0.059548196647743246 -0.051876367123020461 -0.036719349149972567 0.17441148520131097 0.063719221586873792 -0.021068078671263625 0.026012632747239164 0.089596403913210679 0.10453520376906873 0.054289822462970483 -0.028742527960178205 0.1335461801154558 -0.05630108872631559 -0.0160051960658559 0.016391930667539804 -0.01616386702955112 0.11475513224239081 0.040568591843232235 2.8400262012024933e-05 0.029555569484060219
leaf_weight=74.62880071811378 22.829742752015591 39.117690362036228 38.06214633025229 10.980381470173596 13.816078219562778 0.57873052358627219 56.208867952227592 12.097272293642162 4.4007482882589093 56.03855169005692 4.9052352346479884 1.7665657363831995 6.7823731843382102 2.3429920878261328 9.47532035037875 52.773241579532623 56.243882417678833 8.6531469915062171 2.8446549195796242 7.6851057708263388 2.9351464789360753 2.0455578994005919 2.1647329609841099 91.321561049669981 12.704760862514378 26.986649146303535 5.606496173888444 31.333672590553761 117.23460098356009 67.118471605703235
leaf_count=4544 152 2450 1552 121 179 15 350 71 39 1980 45 60 271 35 64 749 637 72 23 69 56 17 35 2225 170 315 32 196 1130 299
internal_value=-0.00100142 0.00362508 0.0065511 0.0120593 -0.0146507 -0.00308049 0.0169944 0.0372504 -0.0191155 -0.0255032 0.0135966 -0.0385602 0.00623924 0.0771377 0.0204127 0.00298042 0.0191491 0.0212921 0.00573715 -0.00519362 0.0596229 -0.0305529 0.0359357 -0.0108801 -0.00710107 0.00917087 0.0465085 0.017152 0.0151062 0.0107785
internal_weight=841.683 767.054 727.937 577.82 150.117 101.162 475.518 68.3061 61.018 56.6173 407.212 48.9541 10.8919 4.10956 247.992 159.22 61.1491 40.1444 28.5561 25.7115 11.5883 18.0264 4.21029 102.302 98.0711 45.2979 18.3113 225.162 215.687 184.353
internal_count=17953 13409 10959 6556 4403 2485 4210 421 2034 1995 3789 1918 366 95 1841 1948 682 451 323 300 128 231 52 2346 1266 517 202 1689 1625 1429
is_linear=0
shrinkage=0.05


Tree=30
num_leaves=31
num_cat=0
split_feature=3 3 13 16 5 3 3 12 1 14 10 4 4 4 10 11 2 12 0 15 2 15 10 14 11 3 2 4 8 3
split_gain=69.9394 46.0718 31.0207 23.5752 15.8032 14.4727 11.8861 12.6593 11.6415 10.9041 11.6509 14.6243 14.9395 10.5619 9.67301 9.29194 12.0811 9.15387 8.61751 10.9511 10.6333 14.1901 9.57437 13.451 8.16485 15.3681 15.8517 8.08454 8.36461 8.10109
threshold=-12.450507552553509 62.69237531886241 0.60941172256488785 -1.1344999999999999e-05 30.079365079365598 0.14247758116048156 4.3996084878771722 926.83349999971699 3.3528902807586478 1.6601052701702488 0.065908461652296552 33.333333333333307 49.390153205414244 1.0000000180025095e-35 -2.666946549967478 -870182.49999999988 -2.4608109126818349 -713.83600000012655 1.0000000180025095e-35 1.3342552618390573 0.37147412145811293 0.31967233058985361 1.0035916583829445 -1.0000000180025095e-35 1330157.5000000002 -0.039179175216745639 -0.46615408543496645 1.0000000180025095e-35 -1.062422159818982 0.85277297244549233
decision_type=2 2 2 2 2 2 2 2 2 2 2 2 2 2 2 2 2 2 2 2 2 2 2 2 2 2 2 2 2 2
left_child=-1 2 3 6 9 18 13 -8 14 -4 11 -11 -13 17 -7 16 -15 -2 20 -20 21 22 -6 -24 -17 26 -26 -5 29 -29
right_child=1 -3 4 27 5 8 7 -9 -10 10 -12 12 -14 15 -16 24 -18 -19 19 -21 -22 -23 23 -25 25 -27 -28 28 -30 -31
leaf_value=-0.048332220925310337 0.049277673442686708 -0.05078399966079427 -0.051311344644185276 0.029789508230085929 -0.052872248429981887 0.16380302394806118 0.045434908253213932 -0.010975955961375791 0.059261724943526106 -0.051708160245886196 -0.051441379189194163 0.171336463335239 -0.051424172122253059 -0.059023724534296329 -0.027135194398283675 -0.020342356281579096 0.024319160511193216 0.016250798864171374 0.084641167473713586 -0.027838455782042571 0.094906864623624146 0.04819704333371088 0.12367677309743215 -0.055980150236724625 -0.014292963266697396 -0.0137362511375389 0.085209645975032278 0.040019384441300584 -0.023307611642245027 -0.026745187110390558
leaf_weight=71.306414084509015 23.129958612844348 37.239094777032733 36.25309837795794 11.112384427338837 12.761985179036865 0.67145790532231231 56.12356754206121 12.08745653927326 4.4478005189448586 2.1490100659430009 4.8881742898374796 2.7931658197194342 1.0302868392318485 4.7064132690429679 54.657276000827551 51.944649500772357 57.128795864060521 225.73284895718098 8.7004151791334134 2.8803610596805802 2.9730293359607449 8.3711527250707132 2.096917912364006 2.0706643424928179 6.5465488173067596 28.392129411920905 10.300485542044042 11.644285332411529 71.038635727018118 7.4507217835634938
leaf_count=4544 152 2450 1552 121 175 15 350 71 39 78 202 45 41 45 1980 749 637 1689 72 56 23 73 17 35 98 330 89 282 1746 197
internal_value=-0.000981635 0.00345328 0.00624266 0.0114602 -0.0142848 -0.00300149 0.0161196 0.0354385 -0.0185619 -0.0381456 0.00580203 0.052653 0.11131 0.0128888 -0.024818 0.00282348 0.0179758 0.0193204 0.020337 0.0566653 0.00545717 -0.00505385 -0.0313848 0.0344142 -0.00681746 0.00871214 0.0465442 -0.0104496 -0.0154106 0.0139684
internal_weight=832.629 761.323 724.084 577.339 146.745 99.6311 476.093 68.211 59.7765 47.1137 10.8606 5.97246 3.82345 407.882 55.3287 159.019 61.8352 248.863 39.8545 11.5808 28.2737 25.3007 16.9296 4.16758 97.1838 45.2392 16.847 101.246 90.1336 19.095
internal_count=17953 13409 10959 6556 4403 2485 4210 421 2034 1918 366 164 86 3789 1995 1948 682 1841 451 128 323 300 227 52 1266 517 187 2346 2225 479
is_linear=0
shrinkage=0.05


Tree=31
num_leaves=31
num_cat=0
split_feature=3 3 13 16 5 3 3 12 2 4 14 3 4 0 14 15 15 14 1 1 3 15 13 13 2 13 14 4 3 15
split_gain=66.2312 43.0741 27.7198 20.5438 15.1408 13.2488 11.3432 11.4565 10.942 30.3823 10.5614 10.5474 13.6787 9.90533 20.3844 15.9264 14.1496 13.4287 22.0416 20.0005 15.6383 13.4169 14.8604 21.0996 13.3032 11.5193 11.6794 10.5547 11.9933 13.1113
threshold=-21.045165055078026 62.69237531886241 0.60941172256488785 -1.1344999999999999e-05 30.079365079365598 0.14247758116048156 4.3996084878771722 926.83349999971699 1.636443902241091 57.712133227597285 1.6601052701702488 -2.3822071205816333 33.333333333333307 1.0000000180025095e-35 -0.89398415878161719 2.5493933921696486 2.474749594767486 -1.0000000180025095e-35 -0.0042778280917588054 0.00011202248574870834 -0.087160123033119027 1.003351092029007 -0.67471113849862618 -1.4301757068840997 -0.0077102764447778372 -0.35374857567995993 1.1913874658344714 62.500000000000092 -0.96992930898981788 -1.0000000180025095e-35
decision_type=2 2 2 2 2 2 2 2 2 2 2 2 2 2 2 2 2 2 2 2 2 2 2 2 2 2 2 2 2 2
left_child=-1 2 3 6 10 -6 13 -8 -7 -10 -4 12 -12 15 16 17 -15 18 -2 20 24 22 23 -19 -20 -23 -27 28 29 -25
right_child=1 -3 4 -5 5 8 7 -9 9 -11 11 -13 -14 14 -16 -17 -18 21 19 -21 -22 25 -24 27 -26 26 -28 -29 -30 -31
leaf_value=-0.050711531711320867 -0.046821319944879473 -0.050745180771282573 -0.051245590075936889 -0.010050597473378461 0.019447537100809192 -0.03367673912852031 0.043255891674596363 -0.010435724517558993 0.19919026890531555 -0.0082885758853905242 -0.05169464822985094 -0.035714748617864403 0.13130030331911732 0.055337660013644943 0.0075160336918648901 0.063853237534682916 -0.025461098346814433 -0.054610014352763338 0.042524767288860059 -0.018363647965617697 0.057740604220631375 -0.057342814607644836 0.010224567401834816 0.075602605602540729 -0.03990863916693782 -0.026063848834957156 0.097260874557440771 -0.01871375768378521 0.11747512757751362 -0.045066160975404945
leaf_weight=61.879805294796824 28.846387214958668 35.449336469173431 34.718474552035332 100.30995014123619 39.525767553597689 38.407170126214623 56.006183877587318 12.077787287533281 1.9535631146281982 18.22853790409863 1.6041250545531509 6.3850416447967273 2.8100987244397402 48.642488876357675 88.45462366566062 11.438869029283522 6.0976846367120734 4.0920832976698902 8.7724627945572156 48.898753693327308 22.012410085648298 11.259850651025774 91.707167128100991 8.7624884471297317 11.071003902703522 5.0644995383918268 3.0918434970080853 3.1121248900890341 10.833166902884839 3.0293638296425334
leaf_count=4473 498 2450 1561 2347 451 1525 350 71 29 480 60 271 35 323 810 64 39 62 85 398 92 94 971 48 128 61 21 42 80 34
internal_value=-0.00096227 0.00307421 0.00569773 0.0105407 -0.0139792 -0.00292215 0.0148147 0.0337312 -0.0180133 0.0117947 -0.0378131 0.00537092 0.0648001 0.0117127 0.0223565 0.00610909 0.0463372 0.00357399 -0.00874873 0.00335265 0.028723 0.0140301 0.0201958 0.0508516 -0.00346622 -0.0245649 0.0206851 0.0676195 0.0794949 0.0446024
internal_weight=824.543 762.663 727.214 583.581 143.633 98.115 483.271 68.084 58.5893 20.1821 45.5177 10.7993 4.41422 415.187 143.195 271.992 54.7402 260.554 119.601 90.7546 41.8559 140.953 121.536 29.8292 19.8435 19.4162 8.15634 25.7371 22.625 11.7919
internal_count=17953 13480 11030 6618 4412 2485 4271 421 2034 509 1927 366 95 3850 1172 2678 362 2614 1201 703 305 1413 1237 266 213 176 82 204 162 82
is_linear=0
shrinkage=0.05


Tree=32
num_leaves=31
num_cat=0
split_feature=3 3 13 16 5 3 3 12 14 2 4 10 4 15 14 0 14 15 15 14 1 1 1 14 2 15 13 13 13 15
split_gain=62.8022 40.6334 25.2608 18.5374 14.4574 12.0578 10.2975 10.5051 10.2426 10.2268 23.3513 10.0112 11.0242 11.4281 9.81801 8.78533 18.0662 14.1434 12.5208 12.1322 20.7026 18.1445 14.4464 13.4995 14.5119 12.1291 13.3212 18.8587 10.762 10.6401
threshold=-21.045165055078026 62.69237531886241 0.60941172256488785 -1.1344999999999999e-05 30.079365079365598 0.14247758116048156 4.3996084878771722 502.75750000006525 1.6601052701702488 1.636443902241091 57.712133227597285 0.065908461652296552 33.333333333333307 -1.4209087452487357 -2.53891128839556 1.0000000180025095e-35 -0.89398415878161719 2.5493933921696486 2.474749594767486 -1.0000000180025095e-35 -0.0042778280917588054 0.00011202248574870834 -4.5928631268547285e-10 -0.84108555029533061 -0.0077102764447778372 1.003351092029007 -0.67471113849862618 -1.4301757068840997 -0.35374857567995993 2.0611627074065519
decision_type=2 2 2 2 2 2 2 2 2 2 2 2 2 2 2 2 2 2 2 2 2 2 2 2 2 2 2 2 2 2
left_child=-1 2 3 6 8 -6 15 -8 -4 -7 -11 12 -10 -14 -12 17 18 19 -17 20 29 22 23 24 -22 26 27 -21 -27 -2
right_child=1 -3 4 -5 5 9 7 -9 11 10 14 -13 13 -15 -16 16 -18 -19 -20 25 21 -23 -24 -25 -26 28 -28 -29 -30 -31
leaf_value=-0.050676347177830698 -0.054582282008511555 -0.050708309838745594 -0.051183695953730769 -0.0096241326794998822 0.018333690226536133 -0.033039196843685038 0.044580831641850859 0.0010951472576370058 -0.051547397444203086 0.16220976251251676 0.079853937379061823 -0.051345630586359596 -0.051594994601201885 0.13900719900120009 -0.023343171248407717 0.051833432689436992 0.007112947548825424 0.059852154835719679 -0.024391764657664426 -0.05437450434407079 0.027543087784400389 -0.017608630954319093 0.065930978178214444 0.055796994992941343 -0.063301934802242762 -0.056322499109137253 0.0096589191013985096 0.063400385614751947 0.019617680595306136 0.066802798708115327
leaf_weight=58.901728995144367 25.90417201444507 33.744353940710425 33.064163891598582 99.537335583940148 39.822883527725935 37.221248216927052 48.463823616504669 19.466834345832467 1.9613147750496844 2.2694519534707096 2.7098098173737588 4.5398786216974258 1.0446797460317609 3.1811924651265144 15.419657958671445 49.31635781750083 88.785194529220462 11.589308924973009 6.0480511933565131 3.9089432284235981 8.3556981459260005 48.45716049708426 15.353290736675261 8.7220278456807154 9.2766177896410209 10.899815339595081 92.210543360561132 26.052232578396797 8.1566754393279535 1.9405731223523606
leaf_count=4473 477 2450 1561 2347 451 1525 310 111 78 29 27 202 37 49 453 323 810 64 39 62 76 398 64 75 90 94 971 204 82 21
internal_value=-0.00094489 0.00292252 0.00542327 0.0100233 -0.0135472 -0.00282306 0.0140731 0.0321192 -0.0374103 -0.0174451 0.011009 0.00504377 0.0464198 0.0918883 -0.00791831 0.011119 0.0210909 0.00581139 0.0435065 0.00339548 -0.00843748 0.00320047 0.0273771 0.00491672 -0.0202518 0.013283 0.0190701 0.0480347 -0.0238181 -0.0461226
internal_weight=816.325 757.423 723.679 582.445 141.234 97.4431 482.907 67.9307 43.7912 57.6202 20.3989 10.7271 6.18719 4.22587 18.1295 414.977 144.15 270.827 55.3644 259.238 118.01 90.1648 41.7076 26.3543 17.6323 141.228 122.172 29.9612 19.0565 27.8447
internal_count=17953 13480 11030 6618 4412 2485 4271 421 1927 2034 509 366 164 86 480 3850 1172 2678 362 2614 1201 703 305 241 166 1413 1237 266 176 498
is_linear=0
shrinkage=0.05


Tree=33
num_leaves=31
num_cat=0
split_feature=3 3 13 16 5 3 14 1 5 10 4 15 10 12 13 11 3 2 1 0 9 15 15 2 15 3 5 9 11 10
split_gain=59.562 38.3466 23.0373 16.7404 13.8079 10.9952 9.90622 9.6529 9.46293 9.14356 9.51026 9.29369 8.41419 8.29104 8.43634 12.725 10.3025 14.8379 16.3945 22.6532 13.7629 11.826 15.0659 10.674 9.81389 8.11627 7.90596 7.90174 11.1264 19.9151
threshold=-21.045165055078026 62.69237531886241 0.60941172256488785 -1.0000000180025095e-35 30.079365079365598 0.14247758116048156 1.6601052701702488 3.3528902807586478 99.743589743589794 0.065908461652296552 33.333333333333307 -1.4209087452487357 -2.666946549967478 1570.8215000000785 -0.62048368229277073 -5697735.9999999991 1.9495368790737404 0.17291136595901649 -3.0032420994530151e-09 -1.0000000180025095e-35 -0.63467559606906876 0.31967233058985361 -1.1719038552739709 0.67013279071521614 0.14433195482447322 0.19188166069919763 1.0000000180025095e-35 -2.6444992902601219 -1454828.9999999998 -0.43155773461206065
decision_type=2 2 2 2 2 2 2 2 2 2 2 2 2 2 2 2 2 2 2 2 2 2 2 2 2 2 2 2 2 2
left_child=-1 2 3 8 6 -6 -4 12 27 10 -8 -12 -7 14 -10 -16 17 18 19 -17 21 22 -20 -18 -21 -19 -5 -2 29 -29
right_child=1 -3 4 26 5 7 9 -9 13 -11 11 -13 -14 -15 15 16 23 25 20 24 -22 -23 -24 -25 -26 -27 -28 28 -30 -31
leaf_value=-0.050642929131864384 -0.042299818539131478 -0.050673289393355817 -0.05112493104486894 0.04201257962480992 0.017292153066716408 0.14560206111004892 -0.051470618731219532 0.052687764296453103 0.041281591483018389 -0.051279150985163016 -0.051515064087461954 0.12199884679902406 -0.02547859417551725 -0.024298618751669013 0.055614138957552052 -0.061009956196721352 0.094069207281023373 0.054336724789433757 0.042671559860353134 0.090492606365308412 0.070801816820187255 0.066312860540828661 -0.066893771534681234 0.020826535713185951 -0.010522079305366056 -0.03911732605969321 -0.013398438307444947 0.0016887042897451431 -0.0012104561129101848 0.047361529156160029
leaf_weight=56.065098468214273 8.0696020349860174 32.120245415717363 31.486844839528203 6.9331920463591805 40.102988813072443 0.72893875278532405 1.8683731202036122 4.5744268149137488 46.522525750100613 4.3239235579967499 0.99523307383060444 3.4362188186496496 51.192076708190143 9.9801479727029783 19.556359946727753 13.030409872531893 5.3197306245565406 2.5707823522388962 5.5331295877695075 4.8251705020666105 15.932860042899845 5.8625528663396826 7.2467612922191647 76.620680999010801 4.792655423283577 24.131000217050314 89.998063080012798 56.811776483431458 136.40877670794725 41.15900513343513
leaf_count=4473 84 2450 1561 113 451 15 78 39 215 202 37 49 1980 64 91 60 22 20 23 20 70 26 36 426 22 242 2210 589 1875 410
internal_value=-0.000926874 0.00277903 0.00516357 0.0095324 -0.0131455 -0.00272969 -0.0370384 -0.0169421 0.0133281 0.00471131 0.0431407 0.0830304 -0.0230767 0.0203243 0.0222444 0.0174679 0.0129703 0.000657235 0.0150185 -0.0180487 0.0366788 0.00751547 -0.0194568 0.0255816 0.040156 -0.0301198 -0.00943506 0.00634703 0.00802192 0.0208765
internal_weight=808.2 752.134 720.014 581.305 138.709 96.5984 42.1106 56.4954 484.374 10.6237 6.29983 4.43145 51.921 241.925 231.945 185.422 165.866 83.9253 57.2235 22.6482 34.5753 18.6424 12.7799 81.9404 9.61783 26.7018 96.9313 242.449 234.38 97.9708
internal_count=17953 13480 11030 6618 4412 2485 1927 2034 4295 366 164 86 1995 1337 1273 1058 967 519 257 102 155 85 59 448 42 262 2323 2958 2874 999
is_linear=0
shrinkage=0.05


Tree=34
num_leaves=31
num_cat=0
split_feature=3 3 13 16 5 4 2 14 5 3 10 3 15 14 3 12 10 4 8 12 0 14 15 2 15 15 13 14 2 3
split_gain=56.5066 36.2066 21.0005 15.1385 13.1945 10.2117 17.8924 20.2028 16.4422 12.7214 10.6329 10.5355 11.7921 9.58287 9.30579 9.46372 8.38287 8.28916 7.91422 7.72612 7.30195 15.497 9.5873 8.89812 7.76875 10.6895 16.0981 12.5978 15.1759 15.1595
threshold=-21.045165055078026 62.69237531886241 0.60941172256488785 -2.2499999999999995e-05 30.079365079365598 58.62068965517242 1.3850148532948083 -0.96043895504223697 33.333333333333421 5.3240046193354722 1.0035916583829445 0.19188166069919763 -2.5413522495584706 1.6601052701702488 4.3996084878771722 502.75750000006525 0.065908461652296552 33.333333333333307 1.7377477145449205 -656.07350000017311 1.0000000180025095e-35 -1.129445807770957 2.474749594767486 0.4664841644756193 2.5493933921696486 0.039793626476626785 -0.28147260494746723 0.46797291701846211 -0.52454548048952876 0.71677778523683422
decision_type=2 2 2 2 2 2 2 2 2 2 2 2 2 2 2 2 2 2 2 2 2 2 2 2 2 2 2 2 2 2
left_child=-1 2 3 14 13 6 8 -8 -6 -7 -11 -10 -13 -4 19 -16 17 -15 -17 -2 24 22 23 -22 25 26 27 28 -21 -30
right_child=1 -3 4 -5 5 9 7 -9 11 10 -12 12 -14 16 15 18 -18 -19 -20 20 21 -23 -24 -25 -26 -27 -28 -29 29 -31
leaf_value=-0.050611177735147422 0.031268053893751473 -0.050640020120739364 -0.051069135163687898 -0.0086167664421568715 0.2513627384615173 -0.039335898344809786 -0.055314497071728044 0.20791305768837423 0.014166373741885695 -0.054510373420597391 0.075196425336376133 0.17266164952183366 -0.042213827360900895 -0.051397713560879681 0.041948707594076227 -0.0311568180990245 -0.051216002109617555 0.075636890461351108 0.032637124753296991 -0.048081498094065922 0.05786805988809083 0.0049726587250303218 -0.023243266236377139 -0.018536856425149153 0.049473334036734012 -0.01462023179247917 -0.0078944023871959073 0.054238839363114827 0.04709722500593759 -0.010100667556532366
leaf_weight=53.363381730392575 38.525734756141901 30.573289375752211 29.983110981993377 100.09551247395575 0.6602361723780622 28.006226155906916 1.0786471497267487 2.2483212258666745 40.148068891838193 2.300203461199998 5.0465596728026867 0.66561449691653152 15.671824214980008 1.7797088222578148 47.862870723009109 9.7707375250756758 4.1179866530001163 4.6114428956061602 9.6765592060983163 9.1036890745162946 35.138442397117615 87.172224316745996 5.104602485895156 4.2741296347230664 8.530062757432459 75.286416485905647 78.194554228335619 24.077962601557374 26.853538043797016 20.372459292411804
leaf_count=4473 297 2450 1561 2368 26 1193 19 37 450 26 51 21 662 78 307 55 202 86 56 132 196 804 33 44 49 821 903 173 217 163
internal_value=-0.000904677 0.00264653 0.00492074 0.00907093 -0.0127385 -0.00262656 0.00985337 0.122571 0.00329105 -0.023974 0.0345864 0.000391445 -0.0334594 -0.0366687 0.0127598 0.0299981 0.00441667 0.0402623 0.000585684 0.00994785 0.00775229 0.0172299 0.0412317 0.0495823 0.00260376 0.000894397 0.00825899 0.0239678 0.0110285 0.0224231
internal_weight=800.294 746.931 716.357 580.039 136.318 95.8257 60.4727 3.32697 57.1457 35.353 7.34676 56.4855 16.3374 40.4922 479.944 67.3102 10.5091 6.39115 19.4473 412.634 374.108 131.689 44.5172 39.4126 242.419 233.889 158.602 80.4076 56.3297 47.226
internal_count=17953 13480 11030 6618 4412 2485 1215 56 1159 1270 77 1133 683 1927 4250 418 366 164 111 3832 3535 1077 273 240 2458 2409 1588 685 512 380
is_linear=0
shrinkage=0.05


Tree=35
num_leaves=31
num_cat=0
split_feature=3 3 13 5 3 0 13 1 13 3 10 2 15 3 13 14 9 13 11 15 15 4 8 3 12 13 14 14 11 3
split_gain=53.6039 34.1867 19.3008 14.9564 13.3739 15.6214 14.562 12.8664 12.4829 10.4489 10.1567 9.84472 11.6771 13.7223 22.0055 12.8128 16.1617 12.4077 15.5678 25.6751 11.7989 15.4358 16.6825 15.7042 11.532 11.163 11.0648 11.2333 10.5153 9.70806
threshold=-21.045165055078026 62.69237531886241 1.0923752466205621 86.4250614250616 -0.68788116600042259 1.0000000180025095e-35 -0.93291259835026763 -0.0098693144663278224 -0.71112315910911628 10.639835338195335 -1.9586084352931117 -1.6064096729782051 -1.0000000180025095e-35 -3.1682003482350494 -0.35374857567995993 -2.6085686600511466 -0.26413811538083282 -0.43283327160573698 -3310757.4999999995 1.0000000180025095e-35 -1.640161311707963 45.683229813664646 -1.1768150599162195 1.650311563186825 502.75750000006525 -0.46307657509676742 1.6831513371574189 -0.89398415878161719 -13190267.999999998 0.14247758116048156
decision_type=2 2 2 2 2 2 2 2 2 2 2 2 2 2 2 2 2 2 2 2 2 2 2 2 2 2 2 2 2 2
left_child=-1 2 3 11 5 6 -5 -4 -8 10 -6 26 13 14 -13 16 -14 24 19 -19 21 22 -15 -24 25 -17 27 -2 -21 -9
right_child=1 -3 7 4 9 -7 8 29 -10 -11 -12 12 15 20 -16 17 -18 18 -20 28 -22 -23 23 -25 -26 -27 -28 -29 -30 -31
leaf_value=-0.050581015054136681 0.028223995740393883 -0.050608418815207196 -0.045972897612642477 0.065861066692662146 0.056580204218053001 0.089221099056824224 -0.0971573762904617 0.01847631008668622 0.017552690749471273 0.04358619626949508 0.0068190009524303 0.15777793017905928 -0.023887979772044408 0.18163465774421406 -0.037617341177036266 0.0055560881740466138 0.14068731833244072 0.18540640227105895 -0.024887167509870946 0.13244097994027296 -0.037679087453259728 -0.042362613032149096 -0.053368402109337132 0.079357897263778024 0.09579705910254066 0.10034009884629605 0.050055738418910527 -0.0096986323020157167 -0.0095410540355461634 -0.02195971980548923
leaf_weight=50.790325907059014 33.281805582344532 29.099914897233248 27.052359546534717 8.7039068453013879 10.73693643324077 12.806477557867764 3.5949072614312154 26.133471788838506 6.9698774702847039 24.11951932311058 228.16808503400534 2.7084854412823915 2.5181735921651125 1.9009228479117144 3.0789617076516143 59.001571327447891 3.6597894448786965 2.2812905665487078 61.991477484814823 1.4507993310689933 56.249322115443647 8.6680944068357331 4.1109967213124055 4.8672939650714397 4.2367089651525012 3.2789752781391135 17.291177440434694 47.252854600548744 12.892894545570012 34.358871170319617
leaf_count=4473 299 2450 1519 50 82 65 16 290 41 118 1749 25 29 39 72 881 22 29 1339 15 1532 245 104 42 46 33 147 565 221 1415
internal_value=-0.000886403 0.00251309 0.00468004 0.00775608 0.0159389 0.0464199 0.017973 -0.0173093 -0.02148 0.0122219 0.00905538 0.000454579 -0.00513638 -0.0203836 0.0538263 0.00308459 0.0736055 8.26959e-05 -0.0133648 0.0296 -0.0260499 0.00741438 0.0470746 0.0185849 0.0159762 0.0105463 0.0137651 0.0059733 0.00481978 -0.00449083
internal_weight=793.256 742.466 713.366 625.821 295.1 32.0752 19.2687 87.5447 10.5648 263.025 238.905 330.722 232.896 81.5841 5.78745 151.312 6.17796 145.134 78.6165 16.625 75.7966 19.5473 10.8792 8.97829 66.5173 62.2805 97.8258 80.5347 14.3437 60.4923
internal_count=17953 13480 11030 7806 2121 172 107 3224 57 1949 1831 5685 4674 2059 97 2615 51 2564 1604 265 1962 430 185 146 960 914 1011 864 236 1705
is_linear=0
shrinkage=0.05


Tree=36
num_leaves=31
num_cat=0
split_feature=3 3 4 3 13 13 14 0 1 11 14 10 3 15 16 12 12 3 14 13 15 13 1 15 14 7 14 15 3 16
split_gain=50.8745 32.5721 18.5452 28.1756 18.5615 13.0439 35.0285 23.5683 19.9908 18.8072 12.6536 17.2026 16.8602 13.4009 13.2493 12.852 16.4503 12.6162 16.7889 18.5963 15.2714 9.95454 14.6915 10.7135 14.298 9.68974 9.44476 9.14576 11.6382 23.8173
threshold=-12.450507552553509 62.69237531886241 1.0000000180025095e-35 6.5803252626488016 1.4022425251565691 -1.0000000180025095e-35 -0.66462315377334247 1.0000000180025095e-35 -1.1074474670635936e-12 -19093512.999999996 1.1913874658344714 -0.15781560253644214 -2.4666603482585594 1.5443894857714009 -0.00015449999999999999 491.07300000009133 -82.177000000141547 1.5555059674450356 -0.23717547831235283 -0.77957122522344935 -1.5691068336547316 -0.77957122522344935 -0.26353847428696037 0.1248148343954069 -1.3378263454846624 -0.52615833523438826 -1.3038172550501159 -2.847397157835633 2.2179400872505215 -4.3599999999999996e-05
decision_type=2 2 2 2 2 2 2 2 2 2 2 2 2 2 2 2 2 2 2 2 2 2 2 2 2 2 2 2 2 2
left_child=-1 2 5 4 10 17 7 8 26 -8 13 12 -12 -4 -13 16 -14 20 19 -19 -2 23 -23 -22 -25 -21 -7 28 29 -6
right_child=1 -3 3 -5 27 6 9 -9 -10 -11 11 14 15 -15 -16 -17 -18 18 -20 25 21 22 -24 24 -26 -27 -28 -29 -30 -31
leaf_value=-0.047425222738984217 -0.05073068912941732 -0.050578390953152377 -0.0041192383715267329 0.033367545054432131 -0.051302220403410828 -0.054862155818067582 0.069237405892796075 0.069859079553731759 0.050158985717199546 -0.038640818438399283 0.11057527509218841 0.018969991060205124 0.053494475391768784 -0.039491957205166302 -0.035680036180026367 0.18161650818757982 -0.031954438035147657 -0.065177499602912803 0.077118733821579633 -0.030299436618999944 0.078460212147085262 0.040868963563258726 0.0025460480954212585 0.072339141612301053 -0.027831568135984065 0.076664932679288728 0.011248282143307704 -0.043080906202105335 -0.052062103700225938 0.41713316802311828
leaf_weight=54.602527093142271 8.2685506381094438 27.69671306014061 196.57879779301584 48.193934677168727 0.55432499572634697 12.673474702984093 4.4128491198644033 20.625771577470005 13.722850432619451 47.834515220485628 7.1535345707088736 25.131976708769798 12.380199234932666 30.997516578994691 19.850305062718689 1.2136546466499556 10.334067589603363 5.5096864551305798 21.101057136431336 2.8997178934514531 13.3224188759923 34.441799813881516 91.308571495115757 6.3680351376533499 8.0853203069418651 7.8463620804250214 9.4165292186662573 41.656417686492205 1.1132068010047076 0.53156134486198359
leaf_count=4544 66 2450 3802 236 26 192 51 145 66 853 61 311 200 650 471 13 229 24 112 16 87 222 637 30 76 40 136 2156 37 14
internal_value=-0.00086925 0.00260722 0.00470105 -0.00245921 -0.007428 0.0139047 -2.74486e-05 0.0272836 0.00276297 -0.0295293 -0.00303628 0.0146189 0.0432244 -0.00893725 -0.00514661 0.023089 0.0146187 0.0215081 0.0476984 0.00950884 0.0154611 0.019026 0.0130423 0.0461161 0.0163029 0.0478017 -0.0266806 -0.0378347 0.0615426 0.178006
internal_weight=785.826 731.224 703.527 395.689 347.496 307.838 108.686 56.4386 35.8129 52.2474 303.64 76.0637 31.0815 227.576 44.9823 23.9279 22.7143 199.152 37.3568 16.2558 161.795 153.526 125.75 27.7758 14.4534 10.7461 22.09 43.8555 2.19909 1.08589
internal_count=17953 13409 10959 8206 7970 2753 1443 539 394 904 5737 1285 503 4452 782 442 429 1310 192 80 1118 1052 859 193 106 56 328 2233 77 40
is_linear=0
shrinkage=0.05


Tree=37
num_leaves=31
num_cat=0
split_feature=3 3 13 16 5 5 14 3 2 0 2 4 14 4 5 3 14 14 15 4 15 13 1 4 15 10 11 3 5 2
split_gain=48.4202 30.5298 16.2861 12.4343 12.2056 11.6991 8.90726 8.29448 13.0136 9.94595 8.48561 15.7066 8.30401 7.57439 7.56767 9.46082 7.54493 13.5011 24.2583 8.94659 10.7198 14.2449 14.977 22.3999 7.49644 9.40014 7.3303 17.8579 13.792 10.3399
threshold=-21.045165055078026 62.69237531886241 0.60941172256488785 -1.0000000180025095e-35 30.079365079365598 33.333333333333421 1.6601052701702488 1.0000000180025095e-35 0.2525547569222209 -1.0000000180025095e-35 1.636443902241091 57.712133227597285 -2.53891128839556 22.540322580645334 87.841832963784043 -1.0958937071321011 -0.65115394897549417 -0.5331829668785798 -0.2309740354096729 1.0000000180025095e-35 1.0218666380132084 -0.30925715645476065 0.42751401879898943 57.894736842105253 0.84327000965351806 1.0035916583829445 -347699.99999999994 -0.35173711360792598 52.941176470588438 -2.3134285808905286
decision_type=2 2 2 2 2 2 2 2 2 2 2 2 2 2 2 2 2 2 2 2 2 2 2 2 2 2 2 2 2 2
left_child=-1 2 3 14 6 -6 -4 8 9 24 -9 -12 -13 -11 26 -16 -5 18 -18 -19 -21 22 -22 -24 25 -7 27 -2 -29 -28
right_child=1 -3 4 16 5 7 -8 10 -10 13 11 12 -14 -15 15 -17 17 19 -20 20 21 -23 23 -25 -26 -27 29 28 -30 -31
leaf_value=-0.050526769046338064 0.0023024567243834348 -0.050549863798898448 -0.050975719261550971 -0.030877537970515789 0.18222533354784942 -0.056883326357443857 0.003792397603419503 -0.028743008964490741 0.11362466400076186 0.05935539010157137 0.12342281715552315 0.07584401279924162 -0.02131679265756932 -0.028588575900399357 0.056216813891126455 0.014827204886473631 0.22187356497570812 0.044900156731768365 -0.051589287904304892 -0.025581247208305263 0.022204655081109487 -0.05249368233326665 0.31817966289684002 0.018897236909977494 0.060933834784026419 0.033110536041025533 0.02949576935941526 0.057465172609627052 -0.041571397890056122 -0.012819934480985805
leaf_weight=46.147631071507931 104.24532054923475 26.360420975834131 26.986019365489483 27.278275040909648 0.85364396497607131 10.76412880048156 10.241187871433793 38.667133260518312 3.0987188797444096 10.239213362336161 2.7089392188936499 2.6010941322892966 14.229419872164721 3.217787377536296 14.693295538425444 228.78155364282429 1.8085564505308869 7.9421232976019374 1.4702222738414992 40.167811185121536 8.9814170207828266 4.5093810111284247 1.1858778614550822 1.3223782759159801 2.5050616655498734 3.9725468959659329 17.47178796865046 27.960385644808415 4.0209688283503047 83.091850621625781
leaf_count=4473 1162 2450 1561 802 28 133 366 1602 21 49 29 27 453 74 78 1344 35 86 50 989 187 129 15 30 20 49 118 265 67 1261
internal_value=-0.000853582 0.00228064 0.00425597 0.00787076 -0.0117202 -0.00202277 -0.035909 -0.00373228 0.0159695 0.00611221 -0.015172 0.0116839 -0.00630095 0.0383266 0.0111354 0.017325 -0.00869136 0.000289515 0.0992513 -0.00477177 -0.0117955 0.0228155 0.0523723 0.160395 -0.0190308 -0.0326238 0.00477099 0.0123295 0.0450134 -0.00546806
internal_weight=777.524 731.377 705.016 574.931 130.085 92.8577 37.2272 92.004 33.7975 30.6987 58.2066 19.5395 16.8305 13.457 480.265 243.475 94.666 67.3878 3.27878 64.109 56.1669 15.9991 11.4897 2.50826 17.2417 14.7367 236.79 136.227 31.9814 100.564
internal_count=17953 13480 11030 6618 4412 2485 1927 2457 346 325 2111 509 480 123 4295 1422 2323 1521 85 1436 1350 361 232 45 202 182 2873 1494 332 1379
is_linear=0
shrinkage=0.05


Tree=38
num_leaves=31
num_cat=0
split_feature=3 3 13 16 1 8 3 2 11 3 1 0 15 3 14 15 14 3 4 3 4 15 1 15 14 4 13 11 16 3
split_gain=45.9478 28.8519 15.3163 12.3352 11.8708 8.59123 10.9569 9.05928 8.61432 8.11529 10.2835 8.15385 12.2133 7.77888 9.44941 12.9868 10.6366 10.0429 7.21063 11.4201 10.8194 8.07438 8.93857 8.71 8.23661 23.7138 11.1167 9.88428 9.17434 7.44043
threshold=-21.045165055078026 62.69237531886241 1.0923752466205621 -2.2499999999999995e-05 -0.0098693144663278224 0.033853207052214569 -2.2261760766790224 -0.96943430570132716 6573857.5000000009 0.14247758116048156 1.0893292856803642 1.0000000180025095e-35 -0.46164690828379656 3.8064432816564007 -1.2027199868429024 -2.5413522495584706 3.1294070250923749 8.2517031452685021 49.390153205414244 -3.9351479254606661 48.0769230769233 -1.4527094086596228 1.5791240094536123 -1.3119229155704326 -1.8874814804799005 99.999962565236913 -0.058168448978860983 -5697735.9999999991 -0.00049359499999999988 2.4773131205293741
decision_type=2 2 2 2 2 2 2 2 2 2 2 2 2 2 2 2 2 2 2 2 2 2 2 2 2 2 2 2 2 2
left_child=-1 2 3 13 -4 6 7 -5 -7 11 -11 12 -6 18 15 -15 -16 -17 20 -20 -2 22 -21 29 25 26 -25 28 -26 -23
right_child=1 -3 4 5 9 8 -8 -9 -10 10 -12 -13 -14 14 16 17 -18 -19 19 21 -22 23 -24 24 27 -27 -28 -29 -30 -31
leaf_value=-0.050500818952810334 0.010511914353792923 -0.050522760994415508 -0.045441395872749979 0.0130491189110343 -0.043387543159785276 -0.032487972391296978 -0.0044275372177005161 0.11918848159310427 0.023615793126805618 -0.041942416971224056 0.016529498859298518 0.068735970225641874 0.0359634936845993 -0.088666842148035344 0.038867400113973834 -0.020616109021140805 -0.052564954060079022 0.067964546417866256 0.092853910924556041 -0.048728277565840104 0.12168071892093729 0.0029899590630633049 0.037236042533953601 0.053680434575560078 -0.016244534674950496 0.19800606348871264 -0.05857331998399179 -0.013055992301287653 0.10738554781483359 0.14659188156996034
leaf_weight=43.918974917382002 314.65069681964815 25.087921787053347 24.420618876814842 4.731910016387701 8.5295281838625723 42.93086208589375 46.766577126458287 3.4954763073474151 8.1390221118926984 20.532105064019561 11.864564711228011 5.8926782459020606 11.23829078581184 3.8834242112934616 57.253286704421043 7.8949489668011648 3.3679802175611249 5.3804484754800797 3.0176073610782614 17.32962238043547 2.2039947733283034 1.7570448908954852 3.663123093545436 5.0030064322054377 2.6719508226960897 1.9162815921008594 3.9444109871983501 73.991200737655163 3.4230206143110982 1.8536308556795118
leaf_count=4473 2859 2450 1519 78 110 1202 1243 44 138 1078 337 60 120 18 386 45 25 28 15 278 28 39 29 27 33 20 72 1158 30 11
internal_value=-0.000837434 0.00216347 0.00404704 0.00674282 -0.0161938 -0.00877981 0.0049334 0.0581433 -0.0235467 -0.00389132 -0.0205284 0.0171131 0.00172467 0.00995088 0.0245157 -0.0082415 0.0337876 0.0152852 0.00734916 -0.00316902 0.0112852 -0.0056766 -0.033728 0.000550887 -0.00247266 0.0383812 0.00419409 -0.00801449 0.0531878 0.0767116
internal_weight=770.754 726.835 701.747 619.27 82.4778 106.064 54.994 8.22739 51.0699 58.0572 32.3967 25.6605 19.7678 513.206 77.7801 17.1588 60.6213 13.2754 435.426 118.571 316.855 115.553 20.9927 94.5605 90.9499 10.8637 8.94742 80.0862 6.09497 3.61068
internal_count=17953 13480 11030 7806 3224 2705 1365 122 1340 1705 1415 290 230 5101 502 91 411 73 4599 1712 2887 1697 307 1390 1340 119 99 1221 63 50
is_linear=0
shrinkage=0.05


Tree=39
num_leaves=31
num_cat=0
split_feature=3 3 13 5 1 3 0 13 13 12 12 13 14 16 15 9 3 12 14 15 14 9 15 14 16 15 3 3 1 10
split_gain=43.6115 27.2752 14.0277 11.4174 11.3554 11.2874 14.8319 12.759 11.0455 9.02511 11.4601 11.6441 12.2747 10.9504 9.45123 11.7082 8.96043 9.66679 8.60259 7.79871 13.18 11.2969 11.121 8.34375 7.63657 7.64598 7.44565 9.76447 7.49076 8.84953
threshold=-21.045165055078026 62.69237531886241 1.0923752466205621 86.4250614250616 -0.0098693144663278224 -0.68788116600042259 1.0000000180025095e-35 -0.93291259835026763 -0.71112315910911628 -73.12699999986215 448.09600000013603 -0.5356450427149736 1.259428660917117 -0.00037491999999999994 -1.0519186090259802 -0.47254443260519147 10.639835338195335 534.01300000026833 2.4852808137719555 0.35828389677046518 1.1913874658344714 -1.816868812116933 1.2861907335850715 2.4852808137719555 -0.00041749999999999996 0.16512874600412028 0.14247758116048156 5.3240046193354722 1.8820761763206997 -1.5902976062724223
decision_type=2 2 2 2 2 2 2 2 2 2 2 2 2 2 2 2 2 2 2 2 2 2 2 2 2 2 2 2 2 2
left_child=-1 2 3 9 -4 6 7 -5 -9 -2 13 14 -13 24 -12 -16 17 19 -14 23 21 -21 -22 -7 -11 -26 -6 28 29 -28
right_child=1 -3 4 5 26 16 -8 8 -10 10 11 12 18 -15 15 -17 -18 -19 -20 20 22 -23 -24 -25 25 -27 27 -29 -30 -31
leaf_value=-0.05047615782312817 0.009903801102478552 -0.050497006654692339 -0.045118818332969213 0.062066274846885219 0.016333060962864406 0.020542577154337355 0.084940818190388206 -0.093447370972062085 0.014701653420757632 -0.0045660913768135894 -0.05367638132821359 -0.021552973191270652 0.08077407172983278 -0.026443352095321337 0.010477086402498592 0.13497779175791336 0.040079077132000908 -0.018530327088392563 -0.034504115221035921 0.038238272642283203 -0.024703878215419556 -0.026629421334401406 0.078747153954690036 -0.028235306982955302 -0.010298362281686941 0.098436322684516672 0.069026160567108405 0.040072643700145946 0.041007551200575171 -0.051074287684224784
leaf_weight=41.796917569823563 134.84488733485341 23.876233259215951 23.391543222591281 7.8683584220707443 25.519586275331676 137.92558461613953 12.247258419170977 3.5798592343926456 6.9336848855018571 73.303515074774623 1.3969497662037609 18.227174063213173 6.3150186827406269 75.976645476184785 3.0607956983149052 4.9298596177250129 22.931295499205589 31.325011609122157 2.1760071441531181 8.0795963294804078 3.9254772495478374 39.649328732863069 7.6811569891870022 9.3621853832155448 2.839568047784268 3.7542186789214611 1.6519794510677552 5.5834447005763641 3.0401860829442731 21.441867330111563
leaf_count=4473 2131 2450 1519 50 290 1017 65 16 41 1034 35 348 67 1863 34 53 118 263 34 61 29 346 40 75 53 33 70 63 75 1207
internal_value=-0.000817857 0.00205355 0.00384866 0.00640647 -0.015767 0.0136005 0.0423146 0.0139141 -0.0221231 -1.02099e-05 -0.00697372 0.0184088 0.0015779 -0.0128532 0.0663115 0.0872882 0.0102293 0.00735263 0.0512316 0.0112766 -0.00402784 -0.0156486 0.043759 0.0174421 7.00654e-05 0.0516105 -0.00377153 -0.0199475 -0.0327706 -0.0424831
internal_weight=764.635 722.838 698.962 618.333 80.6286 291.509 30.6292 18.3819 10.5135 326.825 191.98 36.1058 26.7182 155.874 9.38761 7.99066 260.88 237.948 8.49103 206.623 59.3356 47.7289 11.6066 147.288 79.8973 6.59379 57.2371 31.7175 26.134 23.0938
internal_count=17953 13480 11030 7806 3224 2121 172 107 57 5685 3554 571 449 2983 122 87 1949 1831 101 1568 476 407 69 1092 1120 86 1705 1415 1352 1277
is_linear=0
shrinkage=0.05


Tree=40
num_leaves=31
num_cat=0
split_feature=3 3 13 5 3 3 0 15 15 10 3 1 3 2 1 0 13 10 15 3 14 4 7 14 4 15 16 3 13 14
split_gain=41.4037 25.7967 12.9758 11.7366 10.5646 10.3726 13.9364 25.5926 16.4393 9.8361 11.8348 14.0462 17.4719 14.0152 10.0463 16.1328 9.96564 12.1065 9.33477 13.5628 9.89115 9.17574 9.02197 8.89161 8.75344 8.7187 10.8883 14.7 8.46982 8.38974
threshold=-21.045165055078026 62.69237531886241 1.3654752384020183 86.4250614250616 8.2517031452685021 -0.41335019681257029 -1.0000000180025095e-35 0.16512874600412028 -1.9337690220040169 -1.9586084352931117 1.7114893777423965 0.00011202248574870834 -0.018400687424069397 0.67013279071521614 1.3742325251868284 -1.0000000180025095e-35 -0.63643858084988336 1.2537443450773045 -2.2998893393673758 4.3996084878771722 -0.11223256333908593 1.0000000180025095e-35 -1.0677460273699386 0.061979831425392443 62.499999999999517 -2.6269654778085392 -1.0000000180025095e-35 1.7114893777423965 0.28363846993371666 1.8184638422525976
decision_type=2 2 2 2 2 2 2 2 2 2 2 2 2 2 2 2 2 2 2 2 2 2 2 2 2 2 2 2 2 2
left_child=-1 2 3 24 21 6 7 8 -5 -7 11 12 28 -12 16 -16 17 22 20 -20 -15 -4 -13 -14 -2 26 -23 -28 -11 -22
right_child=1 -3 4 5 -6 9 -8 -9 -10 10 13 14 23 18 15 -17 -18 -19 19 -21 29 25 -24 -25 -26 -27 27 -29 -30 -31
leaf_value=-0.050452718194313476 0.0014299080462953596 -0.050472530110972504 0.0059114039456959512 -0.057381202911844023 0.080416809790270771 0.057699929016430396 0.071753727222630737 -0.055538564684521265 0.070700544355466924 -0.04545633629339027 0.068734582688162349 0.1144944734412614 0.056971889930446488 -0.066174228140398486 0.14862154411753412 -0.057608071816161038 -0.038524627688281889 0.11970279185039107 -0.00092723521197478819 0.034161068255013742 0.047496765890504646 -0.051408839712699175 -0.044515036882770885 -0.011689383933920642 -0.032163137283185698 -0.042462642266665032 0.31204794297138294 0.0035852496043334348 0.019030607354418805 -0.027296908769010964
leaf_weight=39.776464227586985 311.63792866840959 22.722512343898416 19.468292094767094 3.031936630606654 2.6115244626998892 10.039750766009091 16.517578849568963 8.9512509368360025 14.421150244772436 12.764139443635942 11.765134530141948 1.0890225954353807 20.416622027754787 7.1457855477929142 2.0925641525536776 1.7342166807502502 42.895799035206437 2.2717620600014925 51.704580325633287 58.926768991164863 6.6141591519117346 1.4957569865509868 4.9323488827794773 6.1311305835843077 20.678633771836758 37.545569954439998 0.68059928063303143 0.89301422797143459 8.4709754362702352 8.6564712878316623
leaf_count=4473 5447 2450 327 13 13 82 91 42 86 61 53 15 87 37 23 24 658 13 487 312 38 71 77 34 606 2179 13 27 43 71
internal_value=-0.000796591 0.00195313 0.00366571 0.00581509 -0.0180319 0.0129745 0.0357315 0.0131974 0.0484503 0.00918344 0.00721627 -0.00575775 0.0140741 0.0164262 -0.0229823 0.0551626 -0.0288243 0.0213501 0.0118006 0.0177622 -0.0176215 -0.0223109 -0.0157566 0.0411148 -0.000660443 -0.035839 0.0451839 0.136998 -0.0197316 0.00509843
internal_weight=758.083 718.307 695.584 632.89 62.6948 300.573 42.9219 26.4043 17.4531 257.651 247.611 102.799 47.7829 144.813 55.0157 3.82678 51.1889 8.29313 133.048 110.631 22.4164 60.0832 6.02137 26.5478 332.317 40.6149 3.06937 1.57361 21.2351 15.2706
internal_count=17953 13480 11030 8400 2630 2347 232 141 99 2115 2033 1035 225 998 810 47 763 105 945 799 146 2617 92 121 6053 2290 111 40 104 109
is_linear=0
shrinkage=0.05


Tree=41
num_leaves=31
num_cat=0
split_feature=3 3 2 4 13 15 14 11 15 3 3 1 15 13 14 0 1 11 14 3 2 2 8 1 15 16 12 13 14 11
split_gain=39.3135 24.4074 12.255 15.8176 12.8459 15.6536 12.403 16.0672 13.0913 15.8461 14.7307 13.7458 12.3689 11.0711 32.9432 19.9695 17.1472 14.7116 12.9852 18.5441 19.8024 13.8957 10.7367 10.162 9.01143 8.87659 9.68473 8.69501 16.4658 10.3938
threshold=-21.045165055078026 62.69237531886241 9.5684496603484366 1.0000000180025095e-35 1.4022425251565691 -2.6269654778085392 1.1360842327253902 4644874.5000000009 1.0606369543891359 -3.0443477909104089 2.0770564628816843 -0.43216077285093718 1.5443894857714009 -1.0000000180025095e-35 -0.66462315377334247 1.0000000180025095e-35 -1.1074474670635936e-12 -19093512.999999996 -0.20230696566947218 0.49320612290271038 -0.069509460906527404 -5.5137591376439099 -1.1768150599162195 1.8820761763206997 -1.8051097446097522 -1.0000000180025095e-35 -192.15000000013967 -0.73737762565974341 0.211840850309849 3775008.5000000005
decision_type=2 2 2 2 2 2 2 2 2 2 2 2 2 2 2 2 2 2 2 2 2 2 2 2 2 2 2 2 2 2
left_child=-1 2 3 13 6 -6 12 8 9 -8 23 -10 27 18 15 16 -15 -16 24 20 21 -20 -22 -11 -2 -12 -27 28 29 -5
right_child=1 -3 -4 4 5 -7 7 -9 11 10 25 -13 -14 14 17 -17 -18 -19 19 -21 22 -23 -24 -25 -26 26 -28 -29 -30 -31
leaf_value=-0.050430443566248477 -0.052497279456442808 -0.05044927230074691 0.045450219560447584 0.021297625427997041 0.055400542889879258 -0.042882649193253193 0.098014938294087917 -0.038200699649487642 -0.053811685087742138 -0.027039413282744514 0.049432530730515872 0.073778092638851933 -0.037807742193404027 -0.025632362252002508 0.052159511086073709 0.062923888656020069 0.045970320784617352 -0.038730843554609012 -0.043482630825523991 0.063380000045525797 0.03781518095147457 0.042512459496250272 -0.043025306466815294 0.11509591949801222 0.0087005174350763565 0.065306189607206785 -0.057773978214485794 -0.0091426039205901779 -0.040666093410180071 0.11153304379791072
leaf_weight=37.852832545526326 6.4422561489045611 21.624034643173218 16.978316962718964 37.657922197133303 4.5815375139936796 35.006529816426337 4.8049079272896043 12.628129177726803 2.4076213557273176 28.234694560989741 18.450069894082848 17.131176205351949 29.38318894058466 22.009422576986253 4.905624574981629 21.173785889521241 13.483809852972625 48.155393519438803 5.234684206545352 29.790345255285501 5.4583056271076229 45.780942162498832 16.593677144497633 1.3161357939243306 90.77838558703661 2.4133422430604723 4.7323408750817144 151.86134870164096 10.705547612160442 3.4867187514901152
leaf_count=4473 43 2450 87 618 117 2129 43 165 48 716 114 184 646 335 55 150 66 890 36 155 24 336 96 9 638 40 114 2894 245 37
internal_value=-0.000775557 0.00185982 0.00349538 0.00243948 -0.00461609 -0.0315083 -0.00134251 0.01419 0.022513 0.0109291 0.00334138 0.0580561 -0.00748093 0.0107475 -0.00201576 0.0244946 0.00156936 -0.0303278 0.0177472 0.030131 0.0165751 0.0336886 -0.0230157 -0.020709 0.00464529 0.031108 -0.0162056 -0.00310661 0.0145719 0.0289444
internal_weight=751.063 713.21 691.586 674.608 364.801 39.5881 325.213 92.1184 79.4903 59.9515 55.1466 19.5388 233.095 309.807 109.728 56.667 35.4932 53.061 200.079 102.858 73.0676 51.0156 22.052 29.5508 97.2206 25.5958 7.14568 203.712 51.8502 41.1446
internal_count=17953 13480 11030 10943 8119 2246 5873 1433 1268 1036 993 232 4440 2824 1496 551 401 945 1328 647 492 372 120 725 681 268 154 3794 900 655
is_linear=0
shrinkage=0.05


Tree=42
num_leaves=31
num_cat=0
split_feature=3 3 2 4 13 15 11 4 4 9 10 14 9 7 13 14 0 1 11 14 3 2 2 10 12 15 0 13 2 10
split_gain=37.3244 23.0944 11.296 14.3568 12.0604 14.4787 11.3484 13.9686 12.705 12.6068 11.3489 10.9439 10.3688 10.2026 9.92482 30.1965 17.9068 15.5885 13.4834 11.6914 16.8767 17.7632 12.4581 10.095 9.83094 8.42091 13.1608 14.449 9.94478 10.3519
threshold=-21.045165055078026 62.69237531886241 9.5684496603484366 1.0000000180025095e-35 1.4022425251565691 -2.6269654778085392 -5876022.4999999991 40.909090909090757 46.04218880534669 -0.85810830840666752 -0.094215514844781231 1.7258348732907249 -1.3754703687483609 -0.57605285177879362 -1.0000000180025095e-35 -0.66462315377334247 1.0000000180025095e-35 -1.1074474670635936e-12 -19093512.999999996 -0.20230696566947218 0.49320612290271038 -0.069509460906527404 -5.5137591376439099 -1.2797304216843475 -311.47849999996828 1.3921528137005164 1.0000000180025095e-35 -0.47496569361967567 -0.37028268370878509 -0.38382843119838111
decision_type=2 2 2 2 2 2 2 2 2 2 2 2 2 2 2 2 2 2 2 2 2 2 2 2 2 2 2 2 2 2
left_child=-1 2 3 14 6 -6 11 12 9 -9 -11 -5 13 24 19 16 17 -16 -17 25 21 22 -21 -23 -8 28 -27 -28 -2 -30
right_child=1 -3 -4 4 5 -7 7 8 -10 10 -12 -13 -14 -15 15 18 -18 -19 -20 20 -22 23 -24 -25 -26 26 27 -29 29 -31
leaf_value=-0.050409271997871152 -0.033962429715265384 -0.050427170600461604 0.04397521176187888 0.0096910739979321099 0.051045398083668585 -0.042472228175992249 -0.029625617186661873 -0.034479954055396181 -0.0031200865818509886 0.089873083562310246 0.0075589604584489689 0.076217384390359882 -0.039091579278379182 -0.043087906232990622 -0.024657724727469566 0.048638279096758802 0.059668582219905411 0.043861278898135174 -0.037767908854710833 -0.042457398061441089 0.060353560586235311 0.020277300289129996 0.039903908307878579 -0.049312330684398276 0.11917555431688608 0.076443120777655832 0.060010672676533233 -0.04385925938811825 0.036742159349937686 -0.0089072711266373651
leaf_weight=36.02146929781884 19.976465972140431 20.57820581831038 16.678138181567192 24.061805749312043 4.7200760496780267 33.612969173118472 1.688352897763252 4.8792131720110801 219.62642723042518 10.322607153095309 7.0453489217907164 8.3193988455459458 40.88339480292052 3.5373881878331286 21.74235959444195 4.9953247653320423 21.211427669972181 13.427004462108014 46.945129778236151 5.096573404967784 29.7216089181602 8.5668457001447695 46.320610040798783 13.305545713752506 3.2403503116220236 9.3724189419299364 5.7584059610962868 7.9988117814064026 19.259108558297157 34.967663312330842
leaf_count=4473 231 2450 87 393 117 2129 25 96 3719 166 164 79 1123 70 335 55 150 66 890 36 155 38 336 82 38 50 32 48 106 214
internal_value=-0.000760585 0.00176593 0.00332867 0.00231778 -0.00443829 -0.0309571 -0.00129697 -0.00441919 0.0005271 0.0365325 0.0564822 0.0267831 -0.0286622 0.0217023 0.0102399 -0.00195337 0.023385 0.00150155 -0.0294579 0.0168325 0.0285734 0.0156853 0.0317401 -0.0220559 0.0682029 0.00440659 0.0307485 -0.000382065 -0.00380434 0.00730552
internal_weight=743.88 707.859 687.281 670.603 361.937 38.333 323.604 291.223 241.874 22.2472 17.368 32.3812 49.3495 8.46609 308.665 108.321 56.3808 35.1694 51.9405 200.344 103.011 73.2896 51.4172 21.8724 4.9287 97.3329 23.1296 13.7572 74.2032 54.2268
internal_count=17953 13480 11030 10943 8119 2246 5873 5401 4145 426 330 472 1256 133 2824 1496 551 401 945 1328 647 492 372 120 63 681 130 80 551 320
is_linear=0
shrinkage=0.05


Tree=43
num_leaves=31
num_cat=0
split_feature=3 3 3 4 13 14 13 10 11 14 11 11 1 15 0 10 4 3 15 2 15 9 10 13 14 0 1 11 14 3
split_gain=35.4408 21.8577 10.6411 15.9653 13.447 10.4782 12.3858 18.5758 15.3644 14.4963 10.9869 9.44563 9.23327 9.0632 17.2433 11.9405 13.9358 20.0349 9.43474 9.1555 8.24413 19.8223 7.99795 7.9679 26.7661 16.4944 14.175 12.1919 9.57857 14.0347
threshold=-21.045165055078026 62.69237531886241 8.2517031452685021 1.0000000180025095e-35 1.4022425251565691 0.92153640957169547 -0.53076764413190347 2.2814248371683292 2738971.5000000005 0.019034437038464479 -10561387.499999998 4769744.0000000009 -0.37806117186585031 1.0606369543891359 1.0000000180025095e-35 -0.63711117505371717 50.167785234899362 -0.063351184536636532 1.253747906423808 1.8712903438657544 -0.86643557798013437 0.66979441917292137 1.4047028305048224 -1.0000000180025095e-35 -0.66462315377334247 1.0000000180025095e-35 -1.1074474670635936e-12 -19093512.999999996 -0.20230696566947218 0.49320612290271038
decision_type=2 2 2 2 2 2 2 2 2 2 2 2 2 2 2 2 2 2 2 2 2 2 2 2 2 2 2 2 2 2
left_child=-1 2 3 23 5 6 7 9 -9 -5 -7 12 -12 14 15 16 17 -14 -15 -17 -16 -22 -21 28 25 26 -25 -26 -2 -30
right_child=1 -3 -4 4 -6 10 -8 8 -10 -11 11 -13 13 18 20 19 -18 -19 -20 22 21 -23 -24 24 27 -27 -28 -29 29 -31
leaf_value=-0.050389154107761104 0.0045461228502508581 -0.050406162181031958 0.028830381009495351 0.013308043118701219 -0.034786572907057355 0.095998489934420408 -0.018111417890593375 0.017190866542877031 0.22270183225625007 -0.042952794340981114 -0.022453453318771709 -0.035046005964836861 0.024407154718958074 0.16035169914944658 -0.051116454873620425 -0.012665176130264716 0.0079646823599867841 0.22606037423678044 0.039646174080655773 0.080031705852140367 -0.043708862142274651 0.12560013081399776 -0.012628698033717911 -0.023710627567239073 0.04543561500707774 0.057480080410912043 0.041872367473581598 -0.036355319344920159 0.014851633133394751 0.055870641240906183
leaf_weight=34.278017051517963 96.447310796007514 19.582547899335623 38.146981677040458 55.926891004666686 35.772394965402782 3.6531521249562493 130.74790447484702 1.8608249910175794 1.7788743861019609 14.396852467209099 14.822721892036496 11.414105156436561 2.1952614625915885 1.8032188164070273 12.387604712508621 13.30624951422215 3.5452152192592621 2.8063292056322044 15.836396987549959 7.1068063145503384 4.9909445568919173 2.6448895186185837 3.4638360533863306 21.486941455863416 5.0778497783467165 21.064660842530429 13.36317117884755 44.350289070978761 73.471418252214789 29.117501147091389
leaf_count=4473 680 2450 280 945 2239 33 2760 33 19 319 327 176 32 27 294 317 62 27 195 36 114 36 28 335 55 143 66 809 492 151
internal_value=-0.000744842 0.00167728 0.00317061 0.00165265 -0.0057862 -0.00238137 -0.00886121 0.00749073 0.117633 0.00179018 0.0108867 0.00765874 0.0133994 0.020982 0.0105546 0.0330843 0.0837993 0.137552 0.0519854 0.0149308 -0.0259276 0.0149361 0.0496683 0.00997331 -0.00114651 0.02255 0.00143698 -0.0279528 0.0158586 0.0264939
internal_weight=736.847 702.569 682.987 644.84 340.46 304.688 204.711 73.9634 3.6397 70.3237 99.9767 96.3236 84.9095 70.0868 52.4471 32.4237 8.54681 5.00159 17.6396 23.8769 20.0234 7.63583 10.5706 304.379 105.343 55.9148 34.8501 49.4281 199.036 102.589
internal_count=17953 13480 11030 10750 8019 5780 4076 1316 52 1264 1704 1671 1495 1168 946 502 121 59 222 381 444 150 64 2731 1408 544 401 864 1323 643
is_linear=0
shrinkage=0.05


Tree=44
num_leaves=31
num_cat=0
split_feature=3 3 5 13 5 13 12 2 15 2 3 14 14 3 2 10 4 5 16 4 9 10 3 9 14 3 0 9 15 3
split_gain=33.6514 20.6889 10.1395 11.012 10.4003 11.4101 17.4449 10.2781 15.8149 11.4119 13.7474 9.86052 9.49902 10.0822 18.8908 10.7431 14.8101 14.7637 11.1406 16.3157 15.8803 9.27324 9.96228 9.14955 12.6694 11.5665 8.8807 8.86495 9.25908 12.6852
threshold=-21.045165055078026 62.69237531886241 99.743589743589794 -1.0000000180025095e-35 1.0000000180025095e-35 -0.52548414859586168 882.30199999990884 0.0052881960463546634 -1.0788455545014461 1.0000000180025095e-35 -0.11499934431934229 1.6831513371574189 0.019034437038464479 0.85277297244549233 0.74773968300906135 -1.4188540128661786 41.176470588235524 18.750000000000021 -6.7594999999999979e-05 50.781440781440814 -0.50754657757975641 1.5959095328762041 10.639835338195335 -1.6424471768812114 1.8840465400184236 -6.8792344325247345 -1.0000000180025095e-35 -1.8998094678179027 -2.5413522495584706 -0.96992930898981788
decision_type=2 2 2 2 2 2 2 2 2 2 2 2 2 2 2 2 2 2 2 2 2 2 2 2 2 2 2 2 2 2
left_child=-1 2 3 4 7 6 12 8 -2 10 11 -10 13 14 15 17 -17 -6 19 20 -18 22 27 24 25 -5 -26 -4 -29 -30
right_child=1 -3 21 23 5 -7 -8 -9 9 -11 -12 -13 -14 -15 -16 16 18 -19 -20 -21 -22 -23 -24 -25 26 -27 -28 28 29 -31
leaf_value=-0.050370031195979117 -0.041318698726570208 -0.050386197243597192 0.040284062757900474 0.046440748857807773 0.18387243993111183 -0.028130826917126206 0.13284242650589942 0.068287509231088658 0.0098416533353669483 -0.038780603901147584 0.081713815628360276 0.067915638449584773 -0.022138495998965217 -0.046243205237814548 0.128576459903535 -0.041950136274985478 0.00074987238850329069 0.017511129657280366 -0.029932613415121673 -0.0058399385038202557 0.13738216470358197 -0.0099529168842209144 0.058492870125231959 -0.023196380218170387 0.086118202966531443 -0.029906541071130489 -0.051263665725359168 -0.031735045413839501 0.055086833725594392 0.0074418483067600185
leaf_weight=32.618324581068009 13.02884462289512 18.634690158069134 23.857761443592608 6.727213096804916 2.016258753836154 40.712259237654507 2.5483099445700637 8.2297010421752912 68.357059231027961 8.2234428487718088 8.8979242220520955 8.1844687797129136 30.650881832465529 6.3747262563556424 3.7400034945458165 12.854944184422491 3.2455930076539516 3.9389953184872866 6.8372166045010117 8.3149961680173856 6.1683883517980593 50.76015972904861 11.698551207780836 89.369165423326194 6.6694017350673676 18.893498920835558 1.4282361660152654 13.613799503073094 15.027304142713545 198.59761424362659
leaf_count=4473 166 2450 148 54 23 909 29 41 587 97 45 54 672 169 52 260 34 73 225 71 35 591 67 3639 74 648 73 115 85 1994
internal_value=-0.000731678 0.0015893 0.00301581 -0.00264423 0.00354192 -0.00629604 0.0039582 0.0144483 0.0102954 0.0174752 0.0228897 0.0160514 5.48326e-05 0.0127718 0.0207564 0.0114599 0.00153333 0.0738358 0.0242873 0.0451973 0.0902764 0.00961191 0.0133909 -0.014823 0.0073704 -0.00986008 0.0618872 0.0112897 0.00824554 0.0107934
internal_weight=730.22 697.601 678.967 365.412 242.324 127.403 86.6903 114.921 106.692 93.6629 85.4395 76.5415 84.142 53.4911 47.1164 43.3764 37.4211 5.95525 24.5662 17.729 9.41398 313.555 262.795 123.088 33.7183 25.6207 8.09764 251.096 227.239 213.625
internal_count=17953 13480 11030 8030 3542 2552 1643 990 949 783 686 641 1614 942 773 721 625 96 365 140 69 3000 2409 4488 849 702 147 2342 2194 2079
is_linear=0
shrinkage=0.05


Tree=45
num_leaves=31
num_cat=0
split_feature=3 3 2 4 13 15 14 9 15 13 3 0 1 11 3 5 13 11 14 4 15 14 3 13 3 0 15 11 3 2
split_gain=31.9588 19.5895 9.58198 10.8954 10.2807 13.7296 10.2386 13.2697 11.197 17.6619 20.7267 15.1291 15.6563 10.6873 10.1247 9.89445 9.3174 15.3192 13.0785 9.33969 11.6845 14.2165 12.7833 9.03762 8.91574 10.7601 8.83721 8.70095 8.28051 14.907
threshold=-21.045165055078026 62.69237531886241 9.5684496603484366 1.0000000180025095e-35 1.4022425251565691 -2.6269654778085392 0.90031155945258334 1.6430406594842839 -0.89973062739728771 0.79503455078221352 1.9495368790737404 1.0000000180025095e-35 0.14145211865645338 -7695766.4999999991 -0.38363295099547839 78.571428571428967 -0.61371581452430035 6887742.0000000009 0.019034437038464479 99.999962565236913 -2.6269654778085392 -1.918212560050444 3.5802804892350735 0.50557129582517579 2.7962610354380728 -1.0000000180025095e-35 1.6283696014659661 -12214862.499999998 0.78591110872327719 0.74773968300906135
decision_type=2 2 2 2 2 2 2 2 2 2 2 2 2 2 2 2 2 2 2 2 2 2 2 2 2 2 2 2 2 2
left_child=-1 2 3 -2 6 -6 16 8 11 27 14 12 -8 -13 -11 -14 17 18 26 -18 -21 22 -22 -17 -23 -26 28 -10 29 -5
right_child=1 -3 -4 4 5 -7 7 -9 9 10 -12 13 15 -15 -16 23 19 -19 -20 20 21 24 -24 -25 25 -27 -28 -29 -30 -31
leaf_value=-0.05035185327353095 0.0088759792089022002 -0.050367220250183177 0.041029844294359824 0.020698427148435158 0.050289909946493183 -0.041598200327236157 -0.036833152796768819 -0.041792065975297048 0.16912450340182 0.10454806979752276 0.2981293521210206 0.11163479351712527 0.15602922551589077 -0.052699673844075083 -0.029175011192346639 0.053235461243312958 -0.022972268746967665 0.11466236728132975 -0.044109049915395625 -0.072550249852620735 0.15373517926823627 -0.045609408762877487 0.026440355458796062 -0.039398415561600827 -0.003113875502167168 0.086741199578637504 -0.050890832357699749 0.017033881860766379 -0.023907308954256405 0.1354284490566135
leaf_weight=31.03842812217772 304.5433994513005 17.732375953346491 16.060708969831467 35.818666821345687 4.6809246260672799 30.903969083912671 8.084086053073408 10.527842180803416 0.96047024615108867 5.1837115650996566 1.134392832405865 1.0624225800856937 1.8622143175452972 14.384455458261071 1.9472272684797625 12.907023118808867 101.46838043816388 3.1926339473575345 12.225887356325982 4.3731523286551228 2.9778858777135593 8.6485083270818013 5.8402066174894571 3.3078120909631243 16.763698943890635 4.1581758782267562 4.8649683557450762 44.950469771400094 8.814009949564932 3.0742340292781583
leaf_count=4473 2824 2450 87 558 117 2129 216 179 6 69 22 15 36 348 77 107 2542 30 289 27 28 155 34 49 104 27 113 640 169 33
internal_value=-0.000716209 0.00150865 0.002872 0.00194157 -0.00402208 -0.029511 -0.00117458 0.0114907 0.0173472 0.0323288 0.0996128 -0.00215984 0.0210077 -0.0413969 0.0680326 0.0468743 -0.00751929 0.00773977 0.00247161 -0.0147125 0.00488712 0.0137087 0.069428 0.0343382 -0.00290724 0.0147446 0.0133042 0.0202157 0.0198506 0.0297671
internal_weight=723.492 692.454 674.722 658.661 354.117 35.5849 318.533 106.312 95.7843 54.1763 8.26533 41.608 26.1611 15.4469 7.13094 18.077 212.22 67.9904 64.7978 144.23 42.7616 38.3885 8.81809 16.2148 29.5704 20.9219 52.5719 45.9109 47.7069 38.8929
internal_count=17953 13480 11030 10943 8119 2246 5873 1764 1585 814 168 771 408 363 146 192 4109 1192 1162 2917 375 348 62 156 286 131 873 646 760 591
is_linear=0
shrinkage=0.05


Tree=46
num_leaves=31
num_cat=0
split_feature=3 3 5 3 15 13 15 3 14 14 12 12 12 15 8 8 15 9 10 13 13 10 9 3 9 15 3 1 0 14
split_gain=30.3452 18.5436 9.05861 12.3102 12.4382 11.1573 8.98846 8.61474 8.50907 13.8599 7.33341 7.00808 8.53228 7.46749 7.04705 7.43147 6.99287 10.2816 6.88648 12.8605 6.52201 6.53715 6.77996 6.43873 6.43707 6.2746 6.27878 17.6568 12.5282 11.9156
threshold=-21.045165055078026 62.69237531886241 81.818181818181856 -0.8945978504247748 -1.5691068336547316 1.0923752466205621 -2.2998893393673758 10.639835338195335 1.8613616585595214 -0.16902961727067503 1721.86549999984 -73.12699999986215 339.90550000010995 -0.022884927611912225 1.1231392167328929 0.45060969758300123 1.0000000180025095e-35 0.33547201296079204 1.8146561524278544 -0.22137698520179191 1.5800126838618078 -1.9586084352931117 -1.1457428261281404 -4.9272244986301814 -1.4562453676784337 2.474749594767486 -0.16819095462719041 -8.7941137242678884e-08 -1.0000000180025095e-35 -0.32455044648733405
decision_type=2 2 2 2 2 2 2 2 2 2 2 2 2 2 2 2 2 2 2 2 2 2 2 2 2 2 2 2 2 2
left_child=-1 2 5 4 -4 11 8 10 9 -7 20 -2 13 23 15 16 17 -15 -9 -20 21 22 -5 -13 -22 26 27 28 -23 -29
right_child=1 -3 3 7 -6 6 -8 18 -10 -11 -12 12 -14 14 -16 -17 -18 -19 19 -21 24 25 -24 -25 -26 -27 -28 29 -30 -31
leaf_value=-0.050334577828530194 0.0082790883670623081 -0.050349182304616741 -0.050644311074809892 0.078579083487894219 0.055801999890500012 -0.051875055972339081 -0.04617880760157609 0.058003357317498151 -0.051411895191305061 0.23552482118075191 -0.048572102182112303 0.010407105205250176 0.011291643467762763 -0.011255905209941113 -0.03611954073963726 0.027429845276031109 -0.017066461367582966 0.095603864747893549 -0.052953690579425373 0.068514530625473732 0.031184364821264923 -0.044911523345083998 0.00071030414102541469 -0.037524834023453572 -0.030828064161707459 -0.060043836845756517 0.0035687670025457371 0.0058323428947553609 0.052464299065910075 0.10788596193708316
leaf_weight=29.534545123111457 132.66621708590537 16.873449040576816 3.140008136630061 6.3534307945519686 21.7783895265311 0.70965245366096485 22.077082595787942 13.602403923869135 1.2932693799957631 1.0259717302396922 6.6039227535948148 8.5096349865198118 47.875661108642817 5.7473232112824899 14.60230717435479 20.489464202895761 41.495995447970927 3.7001782823354006 4.8810372948646545 3.9364804327487928 5.1959180878475335 8.9529167115688306 4.9915532171726209 39.659839734435081 21.503761258907616 3.5990597512572995 210.16678165085614 4.388681983575224 5.2343028783798244 8.212629606947301
leaf_count=4473 2084 2450 16 50 144 32 1749 82 65 32 101 81 762 84 271 325 756 42 24 22 132 42 51 1134 805 24 2022 29 24 45
internal_value=-0.000705178 0.0014214 0.00272056 0.0085875 0.0423885 -0.00302016 -0.0350974 0.00584951 0.0456732 0.118014 0.00350355 -0.000461494 -0.00683 -0.0132946 -0.00446951 0.00200038 -0.00822735 0.0305965 0.0356925 0.00127441 0.00473795 0.00722858 0.0443185 -0.0290572 -0.0187601 0.00547936 0.00647457 0.0292718 -0.00898521 0.0723436
internal_weight=718.802 689.267 672.394 332.541 24.9184 339.853 25.106 307.623 3.02889 1.73562 285.203 314.747 182.08 134.205 86.0353 71.433 50.9435 9.4475 22.4199 8.81752 278.599 251.899 11.345 48.1695 26.6997 240.554 236.955 26.7885 14.1872 12.6013
internal_count=17953 13480 11030 3613 160 7417 1878 3453 129 64 3325 5539 3455 2693 1478 1207 882 126 128 46 3224 2287 101 1215 937 2186 2162 140 66 74
is_linear=0
shrinkage=0.05


Tree=47
num_leaves=31
num_cat=0
split_feature=3 3 2 4 13 15 14 11 15 15 3 3 1 2 16 1 13 14 0 1 11 14 3 14 15 13 3 2 15 14
split_gain=28.8477 17.7179 8.3208 10.4873 8.99777 12.3763 9.48921 12.8414 10.8094 10.0456 12.5908 11.9152 10.7191 9.64757 11.26 8.09053 7.50015 23.0733 14.9952 13.3215 13.0032 8.76071 8.71659 11.7727 11.0182 7.77609 7.68645 11.7957 8.35917 7.73585
threshold=-12.450507552553509 62.69237531886241 9.5684496603484366 1.0000000180025095e-35 1.4022425251565691 -2.2998893393673758 1.1360842327253902 4644874.5000000009 1.5443894857714009 1.0606369543891359 -3.0443477909104089 2.0770564628816843 -0.43216077285093718 -0.17651262142260307 -2.2499999999999995e-05 1.8820761763206997 -1.0000000180025095e-35 -0.66462315377334247 1.0000000180025095e-35 -1.1074474670635936e-12 -25020914.999999996 -1.3038172550501159 1.5555059674450356 -0.85882467846739574 -1.5691068336547316 -0.77957122522344935 -1.3997300719882118 -0.46615408543496645 -1.0788455545014461 -1.286121444021729
decision_type=2 2 2 2 2 2 2 2 2 2 2 2 2 2 2 2 2 2 2 2 2 2 2 2 2 2 2 2 2 2
left_child=-1 2 3 16 6 -6 8 9 -5 10 -8 15 -11 -13 -15 -12 22 18 19 21 -19 -18 24 25 -2 -24 27 28 -26 -28
right_child=1 -3 -4 4 5 -7 7 -9 -10 12 11 13 -14 14 -16 -17 17 20 -20 -21 -22 -23 23 -25 26 -27 29 -29 -30 -31
leaf_value=-0.045523111479200212 -0.047439990922428475 -0.050332039231349324 0.039015991697285153 -0.0027145101545327181 0.03823946339164222 -0.042277607661827601 0.085209945261516762 -0.036254515312235912 -0.036238572921781391 -0.053545122436587982 -0.026412010547306599 0.15254906612071339 0.063139999999372184 0.041002501265146533 -0.035690639518947041 0.094125993217777482 -0.054027162380122187 0.084021982775550688 0.054295311791234625 0.0389935101092952 -0.033518303914867896 0.011805665438057547 -0.059271457124838604 0.053253385242035135 -0.056185849680040451 0.032639468598492781 0.032889050511289618 0.070772345244165771 0.020715118646645884 -0.0051850965563234337
leaf_weight=34.156281791627407 8.0572500396519882 16.055850149132311 15.509743064641951 198.55747755523771 5.7580822268500915 27.886455249972641 4.9878231529146424 11.787252852693198 27.358180803246796 2.2124029863625791 26.7823975449428 1.4458575621247316 17.830635041929781 17.08287966251374 6.6485705235972956 1.4684214890003193 11.593895589001475 2.4815770629793397 20.224799692630768 13.229770177975295 45.405967243015766 8.95820883754641 4.4907489120960236 27.122365701943636 3.7871139869093886 4.7200205549597722 16.65906697511673 11.672891337424515 52.826821649447083 66.980902912095189
leaf_count=4544 66 2450 87 3794 186 2060 43 165 646 48 716 7 184 108 153 9 192 22 145 66 882 136 20 148 53 24 91 91 380 437
internal_value=-0.000685561 0.001568 0.00282386 0.00195764 -0.00391533 -0.0284975 -0.0012994 0.0124059 -0.00677424 0.0197164 0.00923661 0.00214406 0.05026 0.0271559 0.0195163 -0.0201467 0.00884671 -0.00215974 0.0202449 -0.000140682 -0.0274273 -0.0253321 0.0145594 0.0366675 0.00953853 -0.0121721 0.0125603 0.025007 0.0155709 0.00239836
internal_weight=713.74 679.583 663.528 648.018 349.806 33.6445 316.162 90.2462 225.916 78.459 58.4159 53.4281 20.043 25.1773 23.7315 28.2508 298.211 101.894 54.0067 33.7819 47.8875 20.5521 196.317 36.3331 159.984 9.21077 151.927 68.2868 56.6139 83.64
internal_count=17953 13409 10959 10872 8119 2246 5873 1433 4440 1268 1036 993 232 268 261 725 2753 1443 539 394 904 328 1310 192 1118 44 1052 524 433 528
is_linear=0
shrinkage=0.05


Tree=48
num_leaves=31
num_cat=0
split_feature=3 3 5 3 15 13 15 3 14 14 12 10 13 12 12 4 16 16 13 14 15 9 11 14 15 15 1 8 4 16
split_gain=27.5225 16.6494 7.95181 11.1045 11.0259 9.99823 8.05343 7.47752 6.82464 9.84108 6.72038 6.70451 11.8629 6.394 7.66707 7.95566 7.39398 8.2406 6.72701 9.22056 6.97652 7.38645 6.84021 6.20694 5.91457 8.3748 6.52961 8.25422 8.87076 6.48093
threshold=-21.045165055078026 62.69237531886241 81.818181818181856 -0.8945978504247748 -1.5691068336547316 1.0923752466205621 -2.2998893393673758 10.639835338195335 1.8613616585595214 -0.16902961727067503 1721.86549999984 1.8146561524278544 -0.22137698520179191 -70.132000000216053 448.09600000013603 60.000000000000028 -0.00037491999999999994 -0.00041749999999999996 -0.5356450427149736 1.259428660917117 -1.0519186090259802 -0.47254443260519147 536945.00000000012 1.9384651110578741 -1.640161311707963 -0.89973062739728771 -0.92597790546378167 -0.89647963562959465 45.923792645104008 -1.0000000180025095e-35
decision_type=2 2 2 2 2 2 2 2 2 2 2 2 2 2 2 2 2 2 2 2 2 2 2 2 2 2 2 2 2 2
left_child=-1 2 5 4 -4 13 8 10 9 -7 -5 -9 -13 24 15 16 17 -15 20 -20 -16 -22 23 -21 26 -26 -2 28 29 -28
right_child=1 -3 3 7 -6 6 -8 11 -10 -11 -12 12 -14 14 18 -17 -18 -19 19 22 21 -23 -24 -25 25 -27 27 -29 -30 -31
leaf_value=-0.050303994572015565 -0.022227442388002828 -0.050315737200549618 -0.047393735967900114 0.0044189067786433436 0.05350459011603427 -0.051842740227615605 -0.045777200189195906 0.056526515518065347 -0.051364931844146082 0.18284544616913806 -0.047572782479775595 -0.051453667185278586 0.06682077762444627 -0.0026085351850512256 -0.053607410477634426 -0.052565695531351909 -0.021151677640108901 0.058973933089093017 -0.020446197509437616 0.1416706431048948 0.00656224507625417 0.1046259964535218 -0.018748538151830734 0.033352503719470752 -0.032880889950820689 0.0092074110298501384 0.072361144024342725 0.0014404950096090852 0.010375635581238697 0.21815506778818505
leaf_weight=26.867529548238963 2.7160125514492393 15.277620404958723 3.1054329425096538 276.31592162232846 21.135874129831791 0.6978378053754567 20.473392407409847 12.954886108636858 1.2522897282615302 1.2411222644150286 6.3583747660741201 4.9058344960212708 3.7335084527730924 65.784502532333136 1.3880702275782812 11.059561898931859 61.510820143856108 5.9212753456085911 16.937079228460792 2.1854197066277248 3.0834810957312575 5.0902043078094712 2.8932610303163528 3.3497278466820717 13.239745444618164 110.16599627770483 1.3071710150688884 2.8662394601851684 1.5255170827731488 1.8285168018192055
leaf_count=4473 35 2450 16 3224 144 32 1749 82 65 32 101 24 22 921 34 357 1533 68 339 18 33 49 48 34 313 1602 16 66 41 32
internal_value=-0.00066888 0.00129138 0.00247694 0.00801061 0.040579 -0.00292505 -0.0342614 0.00541586 0.0396183 0.0983804 0.00324942 0.0337751 -0.000341141 -0.000554723 -0.00672772 -0.0118163 -0.00843331 0.00247678 0.014292 0.000819552 0.0500318 0.0676319 0.0435536 0.0761193 0.00772234 0.00469191 0.0442307 0.0682098 0.109267 0.157378
internal_weight=707.172 680.305 665.027 328.51 24.2413 336.517 23.6646 304.269 3.19125 1.93896 282.674 21.5942 8.63934 312.853 179.203 144.276 133.217 71.7058 34.9272 25.3655 9.56176 8.17369 8.42841 5.53515 133.649 123.406 10.2435 7.52744 4.6612 3.13569
internal_count=17953 13480 11030 3613 160 7417 1878 3453 129 64 3325 128 46 5539 3434 2879 2522 989 555 439 116 82 100 52 2105 1915 190 155 89 48
is_linear=0
shrinkage=0.05


Tree=49
num_leaves=31
num_cat=0
split_feature=3 3 2 4 13 15 11 4 4 9 9 7 6 10 2 10 15 14 13 2 13 13 10 11 8 11 9 14 14 6
split_gain=26.1467 15.7744 7.41373 8.38894 8.15105 11.068 8.8113 11.1709 10.1123 10.2566 9.61645 8.45103 8.93258 8.13345 7.88621 7.30522 7.06553 12.2001 12.7839 11.0218 8.4795 14.3082 11.1499 10.2248 8.81891 7.46847 11.3192 7.13233 7.5228 6.95075
threshold=-21.045165055078026 62.69237531886241 9.5684496603484366 1.0000000180025095e-35 1.4022425251565691 -2.2998893393673758 -5876022.4999999991 40.909090909090757 46.04218880534669 -0.85810830840666752 -1.3754703687483609 -0.57605285177879362 -0.80987459784764049 0.25269838250770965 -2.6478417669718657 2.4208556411821145 -0.93390805490727613 1.2400512048079453 1.1458303216096613 1.0035716215863102 -0.84327954618407086 -1.3792451059760362 -0.47927374438469783 2314610.0000000005 -0.86679252855850242 3303553.0000000005 0.35613287504864272 2.4852808137719555 0.63195051239727673 0.082351312220054082
decision_type=2 2 2 2 2 2 2 2 2 2 2 2 2 2 2 2 2 2 2 2 2 2 2 2 2 2 2 2 2 2
left_child=-1 2 3 -2 6 -6 14 10 9 -9 11 12 -8 29 -5 -15 19 20 25 -10 21 -18 -23 24 -24 26 -19 28 -21 -11
right_child=1 -3 -4 4 5 -7 7 8 16 13 -12 -13 -14 15 -16 -17 17 18 -20 27 -22 22 23 -25 -26 -27 -28 -29 -30 -31
leaf_value=-0.050289081462301391 0.0076411430986323484 -0.050300244986473008 0.037134018847065638 -0.058015581294065782 0.03396482339720315 -0.041666615299193105 0.018008961019475325 -0.033893415441327616 -0.041574595558436775 0.10744282024897432 -0.03757324259232564 -0.041372056126087998 0.16210299526991001 -0.024215462082377629 0.031134038478970717 0.14493512020111585 -0.05426035179155763 0.0075339063029869749 0.1673979566773679 -0.010679745763721601 -0.010936509069150729 -0.016961243106855796 0.16646773916090704 0.14752435597438845 0.023997401563792594 -0.034457717887512111 0.081696369025009236 -0.045135743332870945 0.032035585953407178 0.033314889964181714
leaf_weight=25.564571698196232 301.77943317592144 14.536885358393191 14.974643155932425 2.7105614924803403 5.930005755275487 26.251582652330399 3.4902138188481331 4.7154903421178487 26.217874291352928 6.4271703381091374 37.359993272460997 3.2092774044722301 1.5545974913984535 4.7968587474897495 29.248985731974244 0.73627579398453225 4.6579849831759956 12.988787258043894 1.6718407375738014 25.808714233338833 86.324412108398974 5.226153636351234 1.2580323684960628 3.1737341303378335 7.9518743101507345 4.4188227700069538 8.519888034090398 7.9640970332548013 17.161370969377458 6.2253970801830292
leaf_count=4473 2824 2450 87 38 186 2060 45 96 810 95 1123 70 18 128 434 10 105 216 31 270 1660 105 10 19 119 51 89 87 147 97
internal_value=-0.000651129 0.00122247 0.00235257 0.00154854 -0.00376541 -0.0277302 -0.00130785 -0.00412906 0.000244826 0.0318185 -0.0267823 0.0220601 0.0624126 0.0488574 0.0235731 -0.00170716 -0.00314443 0.00370417 0.0333885 -0.0152338 -0.00384028 0.0236693 0.0442826 0.0701287 0.0434582 0.0247474 0.0369107 -0.00167513 0.00637988 0.0709699
internal_weight=702.856 677.291 662.754 647.779 346 32.1816 313.818 281.859 236.245 22.9012 45.6141 8.25409 5.04481 18.1857 31.9595 5.53313 213.344 136.192 27.5993 77.1521 108.592 22.2678 17.6098 12.3836 9.20991 25.9275 21.5087 50.9342 42.9701 12.6526
internal_count=17953 13480 11030 10943 8119 2246 5873 5401 4145 426 1256 133 63 330 472 138 3719 2405 387 1314 2018 358 253 148 129 356 305 504 417 192
is_linear=0
shrinkage=0.05


Tree=50
num_leaves=31
num_cat=0
split_feature=3 3 5 4 10 3 3 13 5 14 16 0 15 7 3 4 16 11 10 9 14 10 15 10 13 15 1 9 10 15
split_gain=24.837 14.9457 7.0553 9.53228 8.15073 7.63811 8.47184 7.39158 7.2389 18.9708 18.6045 18.8803 29.9638 17.1066 15.0359 12.522 14.7236 11.6089 10.9479 14.891 10.6296 7.96656 8.54239 7.41526 7.0982 6.77839 6.57263 7.06588 8.21062 6.75851
threshold=-21.045165055078026 62.69237531886241 99.743589743589794 73.300330033003249 1.5959095328762041 3.8064432816564007 -0.96992930898981788 -1.0000000180025095e-35 3.2258064516129905 -0.16902961727067503 -0.00012249999999999997 -1.0000000180025095e-35 -1.1064628407289325 -1.1409108542958821 -0.57720043374939289 41.666666666666664 -0.00053990999999999989 -2406041.9999999995 0.55750441721568145 0.49808742989631083 -2.4561131793078137 -1.2797304216843475 0.66112148151727446 0.54548875563692201 1.0923752466205621 -0.8499828247978235 2.7857136138237473 -1.8540585076742302 -1.6152515105385652 2.0611627074065519
decision_type=2 2 2 2 2 2 2 2 2 2 2 2 2 2 2 2 2 2 2 2 2 2 2 2 2 2 2 2 2 2
left_child=-1 2 3 7 5 6 25 -2 17 -10 13 12 14 -11 -12 -15 23 21 19 -18 -19 -9 24 -17 -23 -4 27 28 -8 -29
right_child=1 -3 4 -5 -6 -7 26 8 9 10 11 -13 -14 15 -16 16 18 20 -20 -21 -22 22 -24 -25 -26 -27 -28 29 -30 -31
leaf_value=-0.050274897922642392 0.0039962842741822205 -0.05028551734388368 -0.014146114786258582 -0.047439530319624064 -0.010881487998167653 0.026793750367292282 0.07365325266657205 -0.02991714282202685 -0.047134035727247135 0.23662410525131131 0.0097651794314268809 -0.046218473234048804 -0.035360057825631251 -0.034099702684455842 0.27450304856375884 -0.053132322284197619 0.10716362009571712 0.065356575990267965 0.035936233190875098 0.36325665020673981 -0.048636435222780057 0.049347474887241297 -0.028805180041246981 0.13041288233325249 -0.050582496702346096 0.059322890337026382 0.088719737510462859 0.00073921681283391954 0.007655483365651191 -0.051609172474920431
leaf_weight=24.324459195602685 232.62484416365623 13.831860688515006 4.2045785337686565 11.451514810323713 48.999049733392894 61.157426757737994 6.9955672845244434 15.256800533272324 11.481478305533527 1.5337937269359816 0.76553665660321746 9.8312211073935067 3.1368489498272512 2.6896364418789727 1.7913994640111921 1.7388943256810296 1.2143934788182398 2.1803787099197498 1.1193464389070866 1.0658238520845769 32.945371340028942 14.097522966563707 7.1816415945067993 0.80502828862518061 2.0333480229601255 12.393471233546732 2.2273630723357192 148.45116232801229 14.440248826518653 6.432912071235477
leaf_count=4473 3353 2450 22 492 591 362 33 385 558 32 30 513 171 105 34 50 33 32 44 21 1562 199 201 19 196 78 17 1738 109 50
internal_value=-0.000638556 0.0011526 0.0022302 -0.00256337 0.00780322 0.0113753 0.00654324 -0.00106727 -0.0116916 0.00629728 0.0301752 -0.00425655 0.0681974 0.082753 0.195242 0.0554157 0.0959245 -0.0207657 0.164001 0.226867 -0.0415605 -0.00182744 0.0165558 0.00495084 0.036751 0.0407119 0.00336687 0.00228865 0.0291938 -0.00143501
internal_weight=698.403 674.078 660.247 354.945 305.302 256.303 195.145 343.493 110.868 37.1734 25.6919 15.525 5.69379 10.1669 2.55694 8.63312 5.94349 73.6951 3.39956 2.28022 35.1258 38.5693 23.3125 2.54392 16.1309 16.598 178.547 176.32 21.4358 154.884
internal_count=17953 13480 11030 8030 3000 2409 2047 7538 4185 1610 1052 748 235 304 64 272 167 2575 98 54 1594 981 596 69 395 100 1947 1930 142 1788
is_linear=0
shrinkage=0.05


Tree=51
num_leaves=31
num_cat=0
split_feature=3 3 2 4 13 15 11 4 15 0 15 9 13 14 10 15 1 16 4 9 15 9 13 0 9 9 12 3 1 14
split_gain=23.5904 14.1604 6.83209 7.66878 7.50229 9.65885 7.85647 10.182 8.81596 13.033 20.9493 12.1079 17.78 12.8359 10.6549 10.1673 8.89697 10.2393 9.43958 9.0501 9.48499 9.69627 8.8855 8.77464 8.71776 8.49045 8.45636 8.14981 7.77188 7.87434
threshold=-21.045165055078026 62.69237531886241 9.5684496603484366 1.0000000180025095e-35 1.4022425251565691 -2.2998893393673758 -5876022.4999999991 40.909090909090757 -0.93390805490727613 1.0000000180025095e-35 0.18791069634681551 0.6381296976553491 -0.36398165616170813 1.5069442471666945 1.7405818679836433 -0.022884927611912225 0.17992169579282 -0.00048097999999999994 49.390153205414244 0.76682418590913026 -0.42577852880182027 0.49808742989631083 0.43020090278308892 1.0000000180025095e-35 -1.3754703687483609 -0.036510151690501431 339.90550000010995 -2.3038805508797355 0.77332948353658559 0.44965147543920631
decision_type=2 2 2 2 2 2 2 2 2 2 2 2 2 2 2 2 2 2 2 2 2 2 2 2 2 2 2 2 2 2
left_child=-1 2 3 -2 6 -6 -5 24 23 10 14 12 15 26 16 -11 17 18 25 20 -18 -22 -15 28 -8 -10 -13 -20 -9 -30
right_child=1 -3 -4 4 5 -7 7 8 9 11 -12 13 -14 22 -16 -17 19 -19 27 -21 21 -23 -24 -25 -26 -27 -28 -29 29 -31
leaf_value=-0.050261422709036919 0.0071602206416400867 -0.050271515723752394 0.035844440824278526 0.021989180700639387 0.028900312086252544 -0.041104928724382095 0.019694344890654549 -0.0209277026858419 0.0032014495437126689 -0.057997598456850576 -0.037278078035493913 0.0069753317376000925 -0.025340817718329012 0.061540230465209705 -0.041068720090367265 0.050392034361773454 0.12157503480904981 -0.037998923393841075 0.11309226804722908 0.010301413291097395 0.01489230642525141 0.14541186920725263 0.19326178925911086 -0.043672684746399973 -0.036837695599965768 0.12238025625721449 0.094094500742093024 -0.032539615810545965 -0.010066695172439129 0.042986164646801855
leaf_weight=23.144188494421542 301.01155989710242 13.160845357924698 14.672946371138094 32.080724955536425 6.1448544273152974 24.866214474197477 8.4169011674821359 32.721218903549016 2.5532313184812665 2.4089591614902046 32.446072103455663 9.3696149764582533 19.281138340942562 2.6167615279555312 8.1027613850310427 21.239230562001467 5.101415177807211 10.844313039444389 1.131249703466892 14.006347800604997 8.1663484331220406 1.7232298022136081 2.5067594684660435 18.529080515727401 35.934098002500832 3.603664346970616 3.9638489754870525 6.3709953054785728 14.842608894221486 13.22706135548651
leaf_count=4473 2824 2450 87 472 186 2060 133 698 33 57 727 187 416 17 122 274 61 275 11 158 133 17 28 469 1123 27 51 146 139 99
internal_value=-0.00063036 0.00108141 0.00210871 0.00133913 -0.00378133 -0.0272334 -0.00144424 -0.00413769 1.32281e-05 0.00693492 -0.00476204 0.0248558 0.0102954 0.0587219 0.0123639 0.0393508 0.0204563 -0.00172445 0.0270747 0.0391996 0.0661997 0.037635 0.125987 -0.0135506 -0.0261091 0.0729574 0.0328746 -0.0105801 -0.00436933 0.014933
internal_weight=694.188 671.044 657.883 643.21 342.199 31.0111 311.188 279.107 234.756 155.436 94.0496 61.3863 42.9293 18.457 61.6036 23.6482 53.5008 24.5035 13.6591 28.9973 14.991 9.88958 5.12352 79.32 44.351 6.1569 13.3335 7.50225 60.7909 28.0697
internal_count=17953 13480 11030 10943 8119 2246 5873 5401 4145 2740 1710 1030 747 283 983 331 861 492 217 369 211 150 45 1405 1256 60 238 157 936 238
is_linear=0
shrinkage=0.05


Tree=52
num_leaves=31
num_cat=0
split_feature=3 3 2 4 13 15 14 9 3 0 5 15 5 14 0 9 10 4 1 4 13 11 14 15 11 4 3 2 3 4
split_gain=22.4108 13.4206 6.29403 6.9611 6.99813 9.06745 7.53296 10.772 9.68754 10.3096 9.06641 8.16807 9.01923 9.13431 7.96615 8.84828 16.0969 7.84466 8.46227 7.67767 7.618 11.5098 12.639 8.65536 8.81589 10.7089 7.98176 12.4517 7.58046 7.05511
threshold=-21.045165055078026 62.69237531886241 9.5684496603484366 1.0000000180025095e-35 1.4022425251565691 -2.2998893393673758 0.90031155945258334 1.6430406594842839 -3.0443477909104089 1.0000000180025095e-35 27.777777777777796 0.91378669090849618 99.743589743589794 1.0460060733451104 1.0000000180025095e-35 -0.53897337446908578 0.65740304249302328 47.058823529411242 0.14145211865645338 53.468323977546127 -0.73737762565974341 3775008.5000000005 0.019034437038464479 -1.6973772640723894 -6054880.9999999991 37.254901960784345 0.85277297244549233 0.77215202287333351 3.5802804892350735 99.999962565236913
decision_type=2 2 2 2 2 2 2 2 2 2 2 2 2 2 2 2 2 2 2 2 2 2 2 2 2 2 2 2 2 2
left_child=-1 2 3 -2 6 -6 20 8 9 -8 28 12 17 -14 -13 19 -17 18 -12 -16 21 22 23 -5 -25 -26 27 -27 -10 -22
right_child=1 -3 -4 4 5 -7 7 -9 10 -11 11 14 13 -15 15 16 -18 -19 -20 -21 29 -23 -24 24 25 26 -28 -29 -30 -31
leaf_value=-0.050248609114132051 0.0067898703546449505 -0.050258199190927277 0.034663522195440069 0.13183389277036378 0.026988962273568357 -0.040658655075705409 0.099648520720214739 -0.040324017106116675 -0.030614020776905299 -0.030360949053440417 -0.014553812947154868 -0.023092274759164325 0.10221015576770667 0.013781544398593174 -0.029712425828657664 0.17762268293362579 0.030091183111288874 -0.043670228079059431 0.12301593294657578 0.065404372470891467 -0.019973524805648776 0.074127729477619517 -0.053762126450465422 0.11302171552844867 -0.057141598557295295 0.014760359310218064 -0.04218345595757747 0.1345682223981676 0.12039708061497414 0.0039456907871486925
leaf_weight=22.020906017627567 301.54453777056187 12.522215908393262 14.420699700713156 1.4609626103192557 6.2482710285112288 23.906597362831235 6.069301061332224 9.8109750812873227 16.168973930180076 2.0365404253825545 3.4416765589267042 3.5148560367524651 3.247879756614565 28.955963688902557 3.6304712817072904 3.5204389654099915 3.8939831862226129 12.26706530805677 1.6555640269070862 5.1045044492930174 104.66680513974279 5.9954865146428338 8.7586712762713415 1.9029189534485329 6.2492417246103278 24.761683836579326 5.2340048793703309 2.3768544252961865 0.876058429479598 43.699455092661083
leaf_count=4473 2824 2450 87 27 186 2060 47 179 435 37 85 35 24 244 54 35 38 464 32 51 2730 67 237 20 125 376 116 27 4 384
internal_value=-0.00061939 0.0010168 0.00199644 0.00126152 -0.00364942 -0.0266417 -0.00140781 0.00954007 0.0147234 0.0669845 0.00981337 0.0178557 0.00703859 0.0226999 0.0451227 0.0599695 0.100141 -0.0220069 0.0301283 0.0258715 -0.00696936 0.0086127 0.00087204 0.0122693 0.00795889 0.00278238 0.0143502 0.0252534 -0.0228525 -0.0129284
internal_weight=689.964 667.943 655.42 641 339.455 30.1549 309.3 104.194 94.3833 8.10584 86.2774 69.2324 49.5681 32.2038 19.6643 16.1494 7.41442 17.3643 5.09724 8.73498 205.106 56.7398 50.7443 41.9857 40.5247 38.6218 32.3725 27.1385 17.045 148.366
internal_count=17953 13480 11030 10943 8119 2246 5873 1764 1585 84 1501 1062 849 268 213 178 73 581 117 105 4109 995 928 691 664 644 519 403 439 3114
is_linear=0
shrinkage=0.05


Tree=53
num_leaves=31
num_cat=0
split_feature=3 3 13 13 11 14 10 3 7 4 3 4 14 10 3 13 13 8 2 9 6 3 5 11 16 3 3 13 2 4
split_gain=21.2928 12.7223 6.20149 6.51257 9.10867 9.3384 8.75851 9.50754 8.59299 8.24448 7.44282 7.91913 13.1604 11.269 13.3014 8.90186 8.41543 7.35808 11.547 7.449 6.76648 6.69128 11.607 6.33291 8.5151 16.2551 6.07774 7.32947 5.77646 6.03545
threshold=-21.045165055078026 62.69237531886241 -1.5653978456999458 -0.69275496864607311 884588.00000000012 1.3094644144704881 1.1848860231145497 -0.32076695997821297 1.1303017024630215 99.999962565236913 4.3996084878771722 1.0000000180025095e-35 0.90031155945258334 0.18060744741193999 -3.0443477909104089 0.19488235675665286 -0.2967757657065016 -0.47308282571346855 -2.1799010817336 -0.1814369367659828 -0.77515583164386537 -2.2261760766790224 78.260869565217476 1364254.0000000002 -1.0000000180025095e-35 0.34463892267289259 2.4773131205293741 -0.46307657509676742 -0.99889732094694905 45.923792645104008
decision_type=2 2 2 2 2 2 2 2 2 2 2 2 2 2 2 2 2 2 2 2 2 2 2 2 2 2 2 2 2 2
left_child=-1 2 -2 4 17 6 7 8 28 -9 11 20 -13 14 -14 -16 26 18 -4 21 -5 -20 -23 -17 -25 -26 27 -15 -6 -30
right_child=1 -3 3 10 5 -7 -8 9 -10 -11 -12 12 13 16 15 23 -18 -19 19 -21 -22 22 -24 24 25 -27 -28 -29 29 -31
leaf_value=-0.050236420497338501 -0.036145909940696802 -0.050245545484325374 -0.050874496214142056 0.013519766367026257 -0.043958236279003929 -0.03799454158547947 0.082145208660530988 -0.04865652458257809 0.11862644215060161 0.07001826472547984 0.01566843066983082 -0.018304374125543289 0.1037750433123216 -0.057891110629803233 -0.014149938755177817 0.020810092774937547 -0.026820363962763147 -0.011164173143162948 0.098183004848777483 -0.0049865627274012989 -0.0031420257735248398 -0.0058692922563651434 0.081923609814503265 0.043972871720514763 0.35351375862736423 0.016825668312620671 0.089931381668062735 0.052849415257022803 0.073359836512618362 -0.011811895327252299
leaf_weight=20.951887328177691 10.542701469734309 11.914425319992004 4.8940850012004367 106.78844802360982 2.225810440257189 4.0260730292648068 9.8436019364744407 5.8616677690297392 3.419739155098795 1.9504456892609594 67.898616884369403 138.12778290966526 4.7995343487709752 2.8103264700621367 15.038569043390451 15.695877418387683 26.869981355965137 39.941952027380466 5.1502073351293829 9.3496506232768315 141.90657798573375 8.658403739333151 6.6611439529806367 3.5525154015049338 0.73059614934027084 0.70385424653068185 2.8246834427118301 3.1904224790632707 6.3736620340496302 3.0875795613974333
leaf_count=4473 227 2450 41 959 48 48 86 96 29 12 583 4259 33 49 307 529 1041 559 39 141 1416 142 74 89 25 45 12 39 61 41
internal_value=-0.000607172 0.000956855 0.00189119 0.00251545 0.0135041 0.0338671 0.042698 0.0257555 0.0489137 -0.0190271 0.000208931 -0.002058 -0.00910133 0.00757746 0.0256224 0.0151218 -0.0129069 0.00346959 0.0203074 0.0319901 0.00401247 0.0488794 0.0323042 0.0364053 0.0854894 0.188308 0.0294543 0.000986384 0.0285151 0.0455649
internal_weight=685.791 664.839 652.925 642.382 111.444 36.7886 32.7625 22.9189 15.1068 7.81211 530.938 463.039 214.344 76.2164 40.5209 35.7214 35.6954 74.6554 34.7135 29.8194 248.695 20.4698 15.3195 20.6828 4.98697 1.43445 8.82543 6.00075 11.6871 9.46124
internal_count=17953 13480 11030 10803 1417 421 373 287 179 108 9386 8803 6428 2169 1028 995 1141 996 437 396 2375 255 216 688 159 70 100 88 150 102
is_linear=0
shrinkage=0.05


Tree=54
num_leaves=31
num_cat=0
split_feature=3 3 5 3 11 13 9 15 7 7 1 3 0 1 3 1 14 16 2 1 14 13 9 13 15 3 8 11 3 13
split_gain=20.2351 12.0643 5.74595 9.44826 8.73121 8.00615 7.05385 6.19948 6.43902 14.1197 5.76277 16.98 11.7808 11.4923 16.5113 17.5943 15.2153 12.2517 10.8698 9.78209 9.06669 8.72817 8.43862 7.53471 9.02698 8.38314 10.3761 7.93325 7.13707 6.62064
threshold=-21.045165055078026 62.69237531886241 81.818181818181856 -0.8945978504247748 -1421484.9999999998 1.0923752466205621 -1.5412172262894988 -2.2998893393673758 1.4232593775961611 1.4587414289721354 -3.0032420994530151e-09 -0.14471036765094322 -1.0000000180025095e-35 1.9567680809018387e-05 1.7114893777423965 1.4767201343211001 1.0000000180025095e-35 -0.00034291999999999998 0.67013279071521614 -1.9116622821761315e-05 -0.32455044648733405 -0.20222102706866846 -1.4739264895381925 -0.010451131318338408 0.26541185801892059 0.61487165604857308 1.0000000180025095e-35 -4815393.4999999991 -0.018400687424069397 -0.38455069106169482
decision_type=2 2 2 2 2 2 2 2 2 2 2 2 2 2 2 2 2 2 2 2 2 2 2 2 2 2 2 2 2 2
left_child=-1 2 5 4 6 -2 -4 -7 -9 -10 12 20 22 16 15 23 28 -17 -16 21 -12 -14 -5 24 25 -15 29 -26 -13 -27
right_child=1 -3 3 10 -6 7 -8 8 9 -11 11 13 19 14 18 17 -18 -19 -20 -21 -22 -23 -24 -25 27 26 -28 -29 -30 -31
leaf_value=-0.050224840740638578 -0.0008169188460906431 -0.050233513108989658 0.053251225711033384 0.030049957221467746 0.060514886782968791 0.028093600195750121 -0.041181832186722923 -0.0505845250554397 0.46944351140586521 -0.050488584063200392 0.0082844534874953728 0.0081438054340714789 0.04711763798058069 0.051267764486529123 0.056688470334391665 0.001710271705485716 -0.024531776337607447 0.17169340019791682 0.0051941435773957085 0.085066348860454249 0.090948855042861723 -0.047547628109479129 -0.057590375096086915 -0.046399975785106296 0.021590120654873941 -0.02653484281695356 -0.060144288312473149 -0.061303258531390237 0.069265590880812897 0.056665488363024707
leaf_weight=19.934530880302191 307.53132103011012 11.335997306741772 3.2785994056612253 3.3512043058872214 14.725564040243624 3.4921216126531389 4.9830796904861945 16.89910793397576 0.19216814357787271 0.40742159774526954 5.3119913637638083 6.6267378181219128 4.2206564992666236 7.3816481661051538 11.079681199043987 2.3589000077918172 8.8791366424411517 1.9252053219825018 136.54577134735882 3.9985094964504233 8.8323850296437723 5.7549363113939753 15.225426837801935 27.740419437177479 3.7855827920138827 4.2440543770790118 6.8102891948074094 12.151205698028205 17.101422429084778 5.4764095768332481
leaf_count=4473 5539 2450 20 16 107 129 33 1690 15 44 38 32 19 60 55 32 53 29 1396 18 50 35 88 1112 23 58 88 127 81 43
internal_value=-0.000591456 0.000903931 0.00179534 0.00654418 0.0374335 -0.00285616 -0.00370662 -0.0327326 -0.0448714 0.116149 0.00416782 0.00659571 -0.0156913 0.00360487 -0.000509685 -0.0201632 0.0313024 0.0780978 0.00905893 0.0189903 0.0599038 -0.00749491 -0.0417802 -0.0263914 -0.0124627 0.00696495 -0.012818 -0.041613 0.0521957 0.0203394
internal_weight=681.581 661.647 650.311 321.789 22.9872 328.522 8.26168 20.9908 17.4987 0.59959 298.802 266.251 32.5507 252.106 219.499 71.8737 32.6073 4.28411 147.625 13.9741 14.1444 9.97559 18.5766 67.5896 39.8492 23.9124 16.5308 15.9368 23.7282 9.72046
internal_count=17953 13480 11030 3613 160 7417 53 1878 1749 59 3453 3277 176 3189 3023 1572 166 61 1451 72 88 54 104 1511 399 249 189 150 113 101
is_linear=0
shrinkage=0.05


Tree=55
num_leaves=31
num_cat=0
split_feature=3 3 13 13 14 11 5 3 9 14 14 3 2 14 3 13 16 1 1 13 13 0 1 14 3 5 3 3 1 1
split_gain=19.2317 11.4431 5.71158 5.70724 8.6172 8.73315 8.11124 7.00285 6.4466 11.2558 6.5294 11.0078 13.6112 9.95223 9.8174 7.9223 7.59349 7.1106 22.4618 9.81273 15.0727 11.8813 11.6387 8.16919 10.0173 9.93438 8.06199 10.2619 19.2899 9.16047
threshold=-21.045165055078026 62.69237531886241 -1.5653978456999458 -0.69275496864607311 2.6026129496205885 884588.00000000012 56.711711711711835 12.828851003804415 1.6430406594842839 -3.4311566957952775 0.92153640957169547 -6.8792344325247345 -0.29264941453017129 -0.069787814194439204 -8.3148124993773305 -0.28147260494746723 -0.00099049999999999984 1.9567680809018387e-05 1.0000000180025095e-35 -0.23346301851118073 -0.55924834362735865 -1.0000000180025095e-35 -1.9116622821761315e-05 -1.0213062362370908 -0.11499934431934229 37.500000000000206 -0.38363295099547839 1.5039718434324705 1.5791240094536123 0.33677095507288174
decision_type=2 2 2 2 2 2 2 2 2 2 2 2 2 2 2 2 2 2 2 2 2 2 2 2 2 2 2 2 2 2
left_child=-1 2 -2 4 5 -4 -7 8 10 -10 11 15 13 -13 -12 -5 -15 18 19 20 -14 23 -23 -21 -25 -26 -19 28 -28 -29
right_child=1 -3 3 7 -6 6 -8 -9 9 -11 14 12 17 16 -16 -17 -18 26 -20 21 -22 22 -24 24 25 -27 27 29 -30 -31
leaf_value=-0.050213826710146951 -0.035307494931403997 -0.050222075332031428 0.0050005410829144122 -0.02482239394184798 -0.070019313369012959 0.0048933029669370959 0.054149935504679184 0.045111950405029216 0.14496930663017368 -0.02174476975037528 -0.060350385390786847 -0.038098823266350619 0.040974431781960481 0.083169817457788647 0.012166764991399437 0.046607304566619052 -0.00894851096989774 0.03484905181949912 0.064507419237895491 -0.03451050776950474 -0.054263176746374833 0.0033749277667811102 0.07452839667845565 -0.026632993820429385 0.10621309352603781 -0.028539955125978417 -0.031815082835178754 0.025244276995509071 0.12350789640922977 -0.012923494173216983
leaf_weight=18.966368434019387 10.256657756865023 10.785528598353265 72.070102537050843 4.9821640811860588 3.0661487169563761 13.52707890793681 21.871619563549757 8.5136921992525441 1.0349146965891112 46.638303633779287 4.8232992300763717 46.26482258271426 5.6789933722466257 2.4102624761871985 144.19626023061574 17.575902232900262 31.142277169972658 10.871903958730398 16.557321950793266 15.37892968952656 15.475616389885543 11.673468997702004 11.320492594502864 5.9087461223825812 4.3496578857302648 1.9950927300378678 53.006772278808057 27.547082123346627 2.0772650791332117 36.616574642248452
leaf_count=4473 227 2450 983 35 18 232 184 125 10 987 79 1474 59 35 2655 124 737 118 77 259 162 149 58 137 55 40 1163 248 25 575
internal_value=-0.000576072 0.000855533 0.00170722 0.00230361 0.0126316 0.0149897 0.0353273 0.000133417 -0.000606513 -0.0181257 0.00117105 -0.002846 -0.00539297 -0.0230633 0.00981961 0.0308314 -0.00233115 0.00106319 0.0120112 -9.77809e-05 -0.0286965 0.0118524 0.0384055 -0.0102435 0.0202133 0.0638403 -0.00636944 -0.0101274 -0.0259577 0.0034629
internal_weight=676.583 657.617 646.831 636.575 110.535 107.469 35.3987 526.04 517.526 47.6732 469.853 320.833 298.275 79.8174 149.02 22.5581 33.5525 218.458 88.3383 71.781 21.1546 50.6264 22.994 27.6324 12.2535 6.34475 130.12 119.248 55.084 64.1637
internal_count=17953 13480 11030 10803 1417 1399 416 9386 9261 997 8264 5530 5371 2246 2734 159 772 3125 996 919 221 698 207 491 232 95 2129 2011 1188 823
is_linear=0
shrinkage=0.05


Tree=56
num_leaves=31
num_cat=0
split_feature=3 3 2 10 4 13 14 0 10 15 5 11 14 3 2 2 10 12 12 11 15 11 1 7 13 5 4 11 5 3
split_gain=18.2793 10.8557 5.37251 6.01767 5.33049 6.65815 21.3076 12.8184 11.057 10.5698 9.69861 9.50562 8.51042 13.6993 14.4614 9.77235 8.6184 7.34497 10.4254 7.00506 10.5023 6.51041 7.61271 9.03774 7.40201 9.40191 6.11459 6.61899 8.45973 8.99368
threshold=-21.045165055078026 62.69237531886241 9.5684496603484366 2.1840060467904698 1.0000000180025095e-35 -1.0000000180025095e-35 -0.7973045373800759 1.0000000180025095e-35 0.28533265262425339 0.31967233058985361 99.743589743589794 -8654594.4999999981 -0.20230696566947218 0.49320612290271038 -0.069509460906527404 -5.5137591376439099 -1.2797304216843475 -280.37700000009494 176.50649999990131 4910189.0000000009 -1.5691068336547316 -9931127.4999999981 0.002252535298380431 -0.31522791075079554 -0.69275496864607311 99.743589743589794 19.876543209876342 -4087790.4999999995 8.2160077145612771 -0.22326523126251713
decision_type=2 2 2 2 2 2 2 2 2 2 2 2 2 2 2 2 2 2 2 2 2 2 2 2 2 2 2 2 2 2
left_child=-1 2 4 -4 5 12 7 8 9 -7 -10 -8 19 14 15 -14 -16 -17 -19 20 -2 -22 24 -24 25 -23 -6 -28 -29 -30
right_child=1 -3 3 -5 26 6 11 -9 10 -11 -12 -13 13 -15 16 17 -18 18 -20 -21 21 22 23 -25 -26 -27 27 28 29 -31
leaf_value=-0.050203355331222471 -0.066305282315561834 -0.050211198777222847 0.059037491416306986 -0.0084647959629879973 -0.053785516841446196 -0.059000501211420912 0.013698426536223732 0.049014352999574295 -0.051699187612369302 0.013859265866019377 0.060055014256706798 -0.039425362477616674 -0.042107927210637788 0.050604255693750447 0.013829311335264908 0.065869791010435219 -0.051245938645401889 -0.0012700614001322533 0.055368380133478251 0.049960147361103831 0.057976857241857083 -0.031666000103645384 -0.023989521256062209 0.066607457428155548 -0.016106672419558567 0.067727671425329733 0.014319988402028803 -0.030649479049658809 0.012743769293504466 -0.0084601432292440489
leaf_weight=18.045035894494504 6.153742002323269 10.261678672395645 8.3828430846333486 5.4469978958368293 5.9157329038716844 10.541965260170405 10.739454149268566 20.166355457156897 2.4571351902559373 9.430738262832163 9.2501778844743967 38.998647279106081 5.0316550508141509 28.584550797939301 8.5147617459297198 11.517296995967625 12.641712475568054 21.8392064422369 12.93810488283634 6.6364877093583337 4.7913821786642066 3.8110382724553258 4.2671091556549072 7.7568953186273557 54.862739374861128 6.3328714743256569 49.630144254304469 29.853362892754376 69.706317408010364 176.97155164927244
leaf_count=4473 45 2450 57 30 173 127 140 147 95 106 46 835 36 155 38 75 82 183 78 42 21 54 20 35 427 37 1054 1394 1453 4045
internal_value=-0.000560691 0.000810229 0.00162427 0.0324512 0.000946842 0.00581045 -0.00457522 0.0178537 -0.00198202 -0.0245975 0.0366 -0.0279549 0.011202 0.0212909 0.00973074 0.0240694 -0.0250554 0.0312621 0.019801 0.00042488 -0.00331183 0.00142583 -0.0020917 0.0344562 -0.0088518 0.0303857 -0.00340689 -0.00249315 -0.00551067 -0.00246833
internal_weight=671.478 653.433 643.171 13.8298 629.341 297.264 101.584 51.8464 31.68 19.9727 11.7073 49.7381 195.68 101.067 72.4827 51.3263 21.1565 46.2946 34.7773 94.6123 87.9758 81.822 77.0307 12.024 65.0066 10.1439 332.077 326.161 276.531 246.678
internal_count=17953 13480 11030 87 10943 2824 1496 521 374 233 141 975 1328 647 492 372 120 336 261 681 639 594 573 55 518 91 8119 7946 6892 5498
is_linear=0
shrinkage=0.05


Tree=57
num_leaves=31
num_cat=0
split_feature=3 3 13 3 15 4 1 14 14 4 3 13 16 7 13 1 3 0 3 11 13 14 4 3 13 11 10 4 3 13
split_gain=17.3766 10.301 5.14778 5.24458 9.79048 8.58464 12.389 12.3582 10.3215 11.6808 10.5205 14.0492 10.272 8.60121 7.17209 7.74315 7.67645 8.67719 10.0155 7.44771 6.97513 6.74256 16.4558 9.17965 7.20987 12.7101 10.5728 7.22998 7.1844 10.9121
threshold=-21.045165055078026 62.69237531886241 -1.5653978456999458 4.3996084878771722 -2.2998893393673758 59.748178650617646 1.1461982969987892 -0.96043895504223697 -1.918212560050444 99.999962565236913 -0.41335019681257029 -0.19187751201256101 -0.00052496499999999985 -0.079635873840641511 -0.69275496864607311 -0.34092448331465169 -3.1682003482350494 -1.0000000180025095e-35 -1.654477187698487 -8290369.9999999991 -0.49120928579517936 0.80393482278130912 1.0000000180025095e-35 -8.3148124993773305 -0.28147260494746723 2111825.5000000005 0.39191112944314804 32.583417593528765 -8.3148124993773305 -0.28147260494746723
decision_type=2 2 2 2 2 2 2 2 2 2 2 2 2 2 2 2 2 2 2 2 2 2 2 2 2 2 2 2 2 2
left_child=-1 2 -2 5 -5 6 14 -8 9 20 11 -10 -9 -11 15 16 -4 -18 -19 -17 -7 22 28 -23 25 -25 27 -26 29 -16
right_child=1 -3 3 4 -6 8 7 12 10 13 -12 -13 -14 -15 21 19 17 18 -20 -21 -22 23 -24 24 26 -27 -28 -29 -30 -31
leaf_value=-0.05019339747340637 -0.034088312386764574 -0.05020085530460279 -0.052761342217142619 -0.017173584209559008 0.024851028120306571 0.07216725700297176 -0.055220608255579853 0.00022275144970120323 -0.029552363558764908 0.17270619741459742 -0.025903757242290878 0.13797600336097401 0.11267911275447007 0.024067023412617863 -0.062354201807994683 -0.060461638876192714 -0.040143687874758902 0.081586054152026105 -0.012625378548454408 0.027601752025033063 -0.053397560532608274 -0.059278919073242675 -0.024992708767030001 0.043397843164169864 -0.0014358198534428438 -0.032823390817908429 -0.024658991506465305 0.035872322564858242 -0.00063699994297205576 0.051350752744502931
leaf_weight=17.16828789236024 9.9754424281418306 9.7631708951666933 7.1447583604604032 18.366587176918983 56.472308633849025 1.6171280723065136 2.1224610786885014 2.9296637838706365 2.6664806175976992 2.022336615249515 67.921627452131361 2.3582544531673184 6.6169584570452562 1.8762158481404183 2.4874193780124214 2.5014447551220647 5.9172037877142456 5.6579177733510768 5.6262144837528414 59.725465506315231 3.4992444012314063 4.7785277031362048 77.891117934603244 30.24671470746398 28.919428334571421 6.6767080444842568 24.150041610468179 23.569245296064764 161.59866928495467 13.907776210457085
leaf_count=4473 227 2450 74 124 500 18 40 30 48 14 1965 21 76 36 20 15 110 75 96 709 128 86 2853 265 382 75 770 630 1547 96
internal_value=-0.000543402 0.000769999 0.00154848 0.00211341 0.0145376 0.00043635 0.0030277 0.0539067 -0.0145016 0.0359712 -0.0207391 0.0490736 0.0781685 0.101172 0.00173926 0.0147085 -0.00919783 0.00889673 0.0346127 0.0240617 -0.0137104 -0.00126102 -0.00582517 0.00860794 0.0114645 0.0296151 0.00271984 0.0153168 0.00256265 0.0340999
internal_weight=666.175 649.007 639.243 629.268 74.8389 554.429 472.468 11.6691 81.9613 9.01492 72.9464 5.02474 9.54662 3.89855 460.799 86.573 24.3461 17.2013 11.2841 62.2269 5.11637 374.226 255.885 118.341 113.562 36.9234 76.6387 52.4887 177.994 16.3952
internal_count=17953 13480 11030 10803 624 10179 7949 146 2230 196 2034 69 106 50 7803 1079 355 281 171 724 146 6724 4516 2208 2122 340 1782 1012 1663 116
is_linear=0
shrinkage=0.05


Tree=58
num_leaves=31
num_cat=0
split_feature=3 3 3 15 13 4 13 11 4 9 4 2 7 6 9 9 16 12 1 9 15 2 13 14 7 15 14 7 14 1
split_gain=16.5143 9.77206 4.89974 6.60768 6.15039 6.0288 7.50542 5.96673 7.88393 8.52009 7.97884 7.51276 6.89353 9.53947 6.4257 6.19189 8.24974 6.02302 6.70303 5.73392 5.61408 9.28316 7.78542 7.8419 6.21057 8.03353 6.57043 6.10454 5.52731 5.32305
threshold=-21.045165055078026 62.69237531886241 8.2517031452685021 -2.7322956324013314 -0.49846547150979509 1.0000000180025095e-35 1.4022425251565691 -5876022.4999999991 40.909090909090757 -1.3754703687483609 49.390153205414244 0.72154979726111079 -0.57605285177879362 -0.76158269547094093 -2.1457228831255022 0.53766958145997268 -0.00041475999999999997 882.30199999990884 0.063694249025430708 0.89322962925285754 -0.97989082648455639 1.2823697457852923 1.231838175433513 1.5069442471666945 -1.0304930928357627 -0.31475646077141567 1.5258755818070575 -1.3306703499818233 1.470248565263256 0.37819987011815032
decision_type=2 2 2 2 2 2 2 2 2 2 2 2 2 2 2 2 2 2 2 2 2 2 2 2 2 2 2 2 2 2
left_child=-1 2 5 19 -5 -2 7 14 9 12 11 15 13 -9 -7 -10 -17 18 -18 -4 21 -12 24 -24 25 27 -27 -22 -20 -6
right_child=1 -3 3 4 29 6 -8 8 10 -11 20 -13 -14 -15 -16 16 17 -19 28 -21 22 -23 23 -25 -26 26 -28 -29 -30 -31
leaf_value=-0.050183927877471529 0.0056011269358859448 -0.050191019322213953 -0.053011511457386452 -0.013109631027387911 -0.030011859470739671 -0.012862383622385357 -0.029750510136918814 0.01180673389798755 0.00038558482511607596 -0.03559730104999087 -0.041664953261520921 0.16214784728951864 -0.039489227963618673 0.15979442620055984 0.0355797615754316 0.095117593982863846 -0.034377006803171344 0.12415955975822471 -0.0098894524997117147 0.027231037760170426 0.012930396833617547 -0.0012719259746460968 0.023816195327627285 0.17559811387497934 -0.0065605729214736515 -0.0066754532856429863 0.086205287330295741 0.12595740133452735 0.14659076327152457 0.056295671607298141
leaf_weight=16.33398424484767 291.68559160875157 9.2887896695174259 4.896600663661955 5.4548605419695368 1.9978655986487925 10.430516317952426 26.69781133113429 3.6347930915653706 21.006081437692046 33.457558150403202 23.804866531863809 0.91926701739430328 2.9587723445147258 1.554759733378887 19.917932377196848 4.9523221738636485 5.0698928860947472 1.0771637186408041 1.1165528781712057 4.0823985636234283 2.031659223139286 35.34159392118454 2.8266005329787722 1.2175387209281323 93.689057135023177 13.621786576695738 2.2134691644459954 2.8995540570467737 1.1410421887412665 16.886296719312668
leaf_count=4473 2731 2450 23 34 91 176 2239 46 413 1123 809 25 70 17 288 40 156 13 32 20 38 349 101 15 1741 262 25 32 9 112
internal_value=-0.000532619 0.000723051 0.00146597 0.0201316 0.033656 0.000435077 -0.00440111 -0.00202549 -0.00452411 -0.0244312 -0.000634298 0.0210838 0.0214176 0.056143 0.0189306 0.0173101 0.0439268 0.0137634 -0.00246518 -0.0165284 -0.00494774 -0.017529 0.00133194 0.069512 -0.00107712 0.0236618 0.00630752 0.0793903 0.0691994 0.0471647
internal_weight=662.207 645.873 636.584 33.318 24.339 603.266 311.581 284.883 254.534 41.6059 212.928 35.2823 8.14833 5.18955 30.3484 34.3631 13.357 8.40465 7.32749 8.979 177.646 59.1465 118.5 4.04414 114.456 20.7665 15.8353 4.93121 2.2576 18.8842
internal_count=17953 13480 11030 280 237 10750 8019 5780 5316 1256 4060 688 133 63 464 663 250 210 197 43 3372 1158 2214 116 2098 357 287 70 41 203
is_linear=0
shrinkage=0.05


Tree=59
num_leaves=31
num_cat=0
split_feature=3 3 13 14 14 13 14 10 3 4 3 2 4 10 11 2 3 1 7 14 0 12 1 3 9 14 9 11 14 16
split_gain=15.6971 9.27217 4.65602 5.35147 4.65649 4.64553 7.59922 8.30433 7.29518 7.78128 6.80619 9.54472 9.46687 8.74471 9.77551 6.83096 5.8299 5.85333 5.7396 6.10161 9.16368 7.34645 5.8962 5.79994 5.70977 10.0915 5.46981 5.39349 5.3909 9.17775
threshold=-21.045165055078026 62.69237531886241 -1.5653978456999458 -1.6810116718587669 1.3094644144704881 -0.69275496864607311 2.6026129496205885 1.1691033515282792 -0.85333832033289991 61.363636363636452 -0.28678598586789589 -0.52454548048952876 99.999962565236913 -0.20869804387202776 1176769.5000000002 -0.44739467111428599 12.828851003804415 0.6571707417470859 1.3508797364420917 -0.68092944472109751 1.0000000180025095e-35 -10.238000000128521 -0.43216077285093718 -2.4666603482585594 1.6430406594842839 -3.4311566957952775 -0.36538313615239254 1717635.0000000002 0.92153640957169547 -1.0000000180025095e-35
decision_type=2 2 2 2 2 2 2 2 2 2 2 2 2 2 2 2 2 2 2 2 2 2 2 2 2 2 2 2 2 2
left_child=-1 2 3 -2 -5 6 7 10 -9 -10 11 18 26 15 -15 -13 24 -18 19 20 -4 -22 -21 -24 28 -26 -12 -11 29 -7
right_child=1 -3 5 4 -6 16 -8 8 9 27 12 13 -14 14 -16 -17 17 -19 -20 22 21 -23 23 -25 25 -27 -28 -29 -30 -31
leaf_value=-0.050174928055459068 0.080839657951605193 -0.050181667186385837 -0.041091495956465184 -0.057132312917937592 0.067476389138726445 -0.000137308032166555 -0.067175464884778574 -0.023751278806350171 0.077389301625329851 -0.044484857004355532 0.0031606554728880899 0.14511755330483353 0.062883609217014483 -0.042753964157512259 0.057313258003802353 0.048858078833925199 -0.050965391449975785 0.062202269553838001 0.072920853611288181 -0.057021894410301338 0.086458177494720234 -0.017548762408543795 0.041661613165302078 -0.041566765284166092 0.13895359441441449 -0.021011025665943411 -0.043705104293991798 0.06119017064285176 0.0087910576393760258 -0.030541255340913009
leaf_weight=15.540083707077427 0.93107470683753391 8.8373747305013222 4.0782784372568184 7.8799851685762388 0.82855634577572335 285.47271677944809 3.0028611905872813 3.4794553499668863 12.01501624658704 2.7118836399167767 10.846490437164908 2.1168530192226198 3.6000266149640074 5.4882508721202594 4.3950476795434952 14.248554026708009 1.3840498290956009 6.5500175431370735 2.3544399663805953 8.4598690420389229 5.0864550825208426 2.5484953541308641 4.4066157210618258 3.9873157236725039 1.0079769594594825 45.083205774892122 14.614759711548684 2.1765094548463821 148.42319950368255 27.184405841864645
leaf_count=4473 12 2450 61 194 21 4364 18 72 103 38 203 24 22 93 35 164 77 48 25 120 41 35 39 70 10 987 239 15 2734 1166
internal_value=-0.000519213 0.000680499 0.00138907 -0.0330953 -0.0452767 0.00192117 0.0112677 0.0134771 0.0421793 0.0557507 0.0066927 0.016708 -0.0130096 0.0388819 0.00174537 0.0613092 -6.78341e-05 0.0424609 -0.00211513 -0.00829945 0.0194191 0.0517414 -0.0275636 0.00212617 -0.000733143 -0.0175127 -0.0237403 0.00256592 0.000944203 -0.00278082
internal_weight=658.74 643.2 634.362 9.63962 8.70854 624.723 109.617 106.614 20.3829 16.9034 86.2315 57.1702 29.0613 26.2487 9.8833 16.3654 515.106 7.93407 30.9215 28.567 11.7132 7.63495 16.8538 8.39393 507.172 46.0912 25.4613 4.88839 461.08 312.657
internal_count=17953 13480 11030 227 215 10803 1417 1399 228 156 1171 707 464 316 128 188 9386 125 391 366 137 76 229 109 9261 997 442 53 8264 5530
is_linear=0
shrinkage=0.05


Tree=60
num_leaves=31
num_cat=0
split_feature=3 3 5 3 15 13 15 7 7 1 1 3 14 0 1 2 1 3 1 2 13 15 16 11 14 14 3 3 10 3
split_gain=14.9222 8.79938 4.47815 8.21647 8.55988 6.68592 6.03257 5.81042 12.0278 5.57859 5.14087 14.5578 12.415 11.7126 7.94298 6.89381 14.4248 13.4052 14.7604 12.4079 9.85079 9.16589 9.15166 7.3257 7.20482 6.19427 5.86437 5.95413 5.71396 8.86128
threshold=-21.045165055078026 62.69237531886241 81.818181818181856 -0.8945978504247748 -1.5691068336547316 1.0923752466205621 -2.2998893393673758 1.4232593775961611 1.4454695372557971 0.50941504037850749 -8.7941137242678884e-08 -0.14471036765094322 -0.32455044648733405 -1.0000000180025095e-35 -0.00036950845714867026 -0.00048258134929118874 1.9567680809018387e-05 1.9495368790737404 1.4767201343211001 0.72154979726111079 -0.010451131318338408 0.35828389677046518 -0.00051149999999999991 -4815393.4999999991 1.0000000180025095e-35 -2.0361123819625706 0.61487165604857308 0.34463892267289259 1.8146561524278544 3.8064432816564007
decision_type=2 2 2 2 2 2 2 2 2 2 2 2 2 2 2 2 2 2 2 2 2 2 2 2 2 2 2 2 2 2
left_child=-1 2 5 4 -4 -2 -7 -8 -9 -6 13 12 -12 -5 -15 -13 24 18 20 -19 21 26 -20 -23 25 -17 27 -18 29 -21
right_child=1 -3 3 10 9 6 7 8 -10 -11 11 15 -14 14 -16 16 17 19 22 28 -22 23 -24 -25 -26 -27 -28 -29 -30 -31
leaf_value=-0.050166365048202016 -0.00099527579503270926 -0.050172775984124646 -0.043166210666602443 -0.051583740149679036 0.036802917680020732 0.028485891332619903 -0.050543074179523584 0.40280465220686312 -0.050542376155155194 0.11608480158079637 -0.0059402168249610351 -0.057004356310107231 0.083396493805961397 -0.033509115489799811 0.045864941397075837 -0.0029173676360856396 -0.016997725610013829 0.064964826268873191 -0.031845009509191766 -0.0095785766508698217 -0.046406420329120464 0.020299232283084504 0.097559838749029903 -0.059896767605679385 -0.0098382449593422822 0.063441015603391215 -0.0055825205268301677 0.077378265922199277 -0.016973975104243737 0.021136605910003825
leaf_weight=14.78464397205971 301.93107221182436 8.4078234271146339 3.014054890722039 12.953417597338557 16.356462979689244 3.4679901152849224 15.276656768284735 0.22002282179892141 0.43668757518753409 2.5670118238776913 6.1461452525109079 4.789838418364524 10.58881366252899 5.1341611519455919 8.1632993370294553 4.3800465911626878 2.5007390622049597 9.117244014516471 2.0095237204805017 37.152243917807937 28.859640068374574 3.7956732213497153 4.2682895017787805 11.401069161482154 6.4020824395120135 17.84201568365097 20.260325288400054 5.0382623299956322 24.747545048594475 63.816259979270399
leaf_count=4473 5539 2450 16 79 120 129 1690 11 48 24 43 33 58 34 37 24 31 43 28 527 1217 24 54 125 34 88 224 33 257 460
internal_value=-0.000503699 0.000641689 0.00131702 0.00559095 0.0350929 -0.00282352 -0.0312754 -0.0442828 0.101346 0.0475577 0.00335434 0.00545939 0.0505864 -0.0177448 0.0152185 0.00239423 0.00357188 -0.000907274 -0.0173862 0.008642 -0.0238098 -0.00864257 0.0561374 -0.0398663 0.0368972 0.0503615 0.00842616 0.0460731 0.00455733 0.00983469
internal_weight=655.829 641.044 632.637 311.304 21.9375 321.332 19.4014 15.9334 0.65671 18.9235 289.367 263.116 16.735 26.2509 13.2975 246.381 241.591 212.967 78.1335 134.833 71.8557 42.9961 6.27781 15.1967 28.6241 22.2221 27.7993 7.539 125.716 100.969
internal_count=17953 13480 11030 3613 160 7417 1878 1749 59 144 3453 3303 101 150 71 3202 3169 3023 1736 1287 1654 437 82 149 146 112 288 64 1244 987
is_linear=0
shrinkage=0.05


Tree=61
num_leaves=31
num_cat=0
split_feature=3 3 2 10 13 14 14 13 15 12 2 3 12 9 12 3 4 1 13 6 5 3 7 16 1 7 4 2 10 2
split_gain=14.1859 8.35242 4.44903 5.51118 4.16974 4.9041 5.01585 4.77127 7.30522 6.68867 7.43923 7.05289 5.92422 4.53984 4.71533 4.35796 5.95086 9.67247 7.64147 5.32314 5.92421 5.55662 5.49831 6.1057 5.04489 4.5347 4.3351 8.92341 19.1357 15.1928
threshold=-21.045165055078026 62.69237531886241 9.5684496603484366 2.1840060467904698 -1.5653978456999458 -1.6810116718587669 1.3606492655337579 -0.76830747808085342 -1.9984167189955764 433.74400000018073 -2.1799010817336 -2.2261760766790224 94.744499999796986 -1.2327652605025297 -62.563499999931075 4.1003122107509702 65.384615384615245 0.48727619153189916 -1.1237063759414838 -0.98895513370099042 31.578947368420998 -1.654477187698487 1.3220392300807962 -0.00033049999999999996 0.017582077658601081 -1.3918483567064617 1.0000000180025095e-35 9.3675067702747597e-05 -0.2580901995981455 -4.1633363423443362e-06
decision_type=2 2 2 2 2 2 2 2 2 2 2 2 2 2 2 2 2 2 2 2 2 2 2 2 2 2 2 2 2 2
left_child=-1 2 4 -4 5 -2 -7 8 -6 10 -10 12 13 -12 -15 16 17 19 -19 24 -21 -22 23 -23 -13 -18 27 29 -29 -9
right_child=1 -3 3 -5 7 6 -8 26 9 -11 11 15 -14 14 -16 -17 25 18 -20 20 21 22 -24 -25 -26 -27 -28 28 -30 -31
leaf_value=-0.050158230027165768 0.074936050005557461 -0.050164321969082437 0.057287299011992192 -0.0089147739965585206 -0.045277780225057594 -0.056873480626727292 0.077686408136992485 0.0021001621443092785 -0.043573900931923641 0.055122102381791986 0.13755860402864648 0.055413209314577709 -0.0086101505052245033 0.020116848882599292 0.10355784797179948 0.07055056149809788 0.07403287194593304 -0.0084824987001860409 0.12176654116475638 -0.040207747419852939 0.087952120338483764 0.010478514972170184 0.067126656311215546 -0.050200618260015463 -0.016696130912269579 -0.055900348310268966 -0.0052843047294230984 0.048252930416651317 -0.0024222767527250725 -0.051072685760553786
leaf_weight=14.065812297631053 0.9542030468583097 7.9990827362053087 7.6817886754870397 5.3214645087718964 5.292451621964573 7.6417456371709687 0.76157327741384495 165.59696422889829 5.9003054108470669 9.3683967385441047 1.9408270493149746 7.6863712891936213 3.2831515725702038 4.5126765053719273 2.7098774248734117 2.6179697290062895 0.76127008162438858 1.7239170409739015 3.2471258360892525 9.6131738936528617 1.9215679597109439 11.955408252775667 2.6011118516325942 6.3463740479201283 3.5438492521643639 5.6946640238165847 258.32551655545831 31.300148718990386 46.018083587288857 14.619735973887144
leaf_count=4473 12 2450 57 30 59 197 18 1713 58 92 13 67 46 49 28 14 12 31 38 191 27 101 26 177 46 136 6928 169 279 416
internal_value=-0.000490609 0.00060622 0.00125194 0.0301947 0.000640917 -0.0324813 -0.0446786 0.00115188 0.0117263 0.0152578 0.0103477 0.0148824 0.0490192 0.0696672 0.0514236 0.00752033 0.00452529 0.0105121 0.0765972 0.00298908 -0.00728262 0.00658473 -0.000895237 -0.0105627 0.0326581 -0.0405789 -0.000707757 0.00388284 0.0180922 -0.00221338
internal_weight=651.007 636.941 628.942 13.0033 615.938 9.35752 8.40332 606.581 90.7205 85.428 76.0596 70.1593 12.4465 9.16338 7.22255 57.7128 55.0948 48.6389 4.97104 43.6679 32.4376 22.8245 20.9029 18.3018 11.2302 6.45593 515.86 257.535 77.3182 180.217
internal_count=17953 13480 11030 87 10943 227 215 10716 1211 1152 1060 1002 136 90 77 866 852 704 69 635 522 331 304 278 113 148 9505 2577 448 2129
is_linear=0
shrinkage=0.05


Tree=62
num_leaves=31
num_cat=0
split_feature=3 3 3 15 13 13 9 5 4 8 2 1 16 14 14 10 5 4 5 15 15 15 9 8 12 5 10 15 13 1
split_gain=13.4868 7.92866 4.12362 6.0949 5.97748 5.05516 5.00552 4.7655 7.84593 5.16529 5.12077 5.04197 4.62257 6.22297 9.46631 14.9269 10.8485 9.71283 10.4846 9.92832 10.7035 13.2807 7.82364 6.79104 11.0578 5.30654 15.3946 5.04569 4.6259 4.58321
threshold=-21.045165055078026 62.69237531886241 8.2517031452685021 -2.7322956324013314 -0.49846547150979509 1.3654752384020183 0.89322962925285754 12.499999999999082 58.62068965517242 -2.2585060386166247 1.8712903438657544 0.20220385068925797 -1.0000000180025095e-35 -0.65115394897549417 -0.5331829668785798 1.7659471289222954 82.02564102564115 57.142857142856151 61.591148577450959 -1.1476788997496625 1.2861907335850715 1.0218666380132084 -0.24655213539836371 -1.3057123054157926 -7.349500000011175 16.666666666667378 -1.6152515105385652 -0.68485194267523986 0.28363846993371666 0.37819987011815032
decision_type=2 2 2 2 2 2 2 2 2 2 2 2 2 2 2 2 2 2 2 2 2 2 2 2 2 2 2 2 2 2
left_child=-1 2 5 6 -5 12 -4 -7 9 -9 11 -11 -2 25 15 16 -15 18 22 -20 21 27 23 -16 28 26 -14 -21 -25 -6
right_child=1 -3 3 4 29 7 -8 8 -10 10 -12 -13 13 14 17 -17 -18 -19 19 20 -22 -23 -24 24 -26 -27 -28 -29 -30 -31
leaf_value=-0.050150487862715913 0.003545536901369262 -0.050156281845063488 -0.050304284955971293 -0.014129988924239291 -0.028231835949010204 -0.050502639668707244 0.025427461304402571 0.11055008793130505 -0.046009256379579339 0.010296752029656506 0.12512898751663071 -0.044798028670051254 0.18908831852809915 -0.051390284562829319 -0.037926792421000076 0.27986523557714865 0.15998307203301124 -0.037469243929627034 -0.023936772963215867 0.12533550982549946 -0.0030140358699569641 0.24916244827284817 -0.032637370346228149 0.11833907776044883 -0.014305240401534823 -0.041834679204222611 -0.03529562317735279 0.028080187745098573 0.010939847313524223 0.054812034116604971
leaf_weight=13.38182758935727 462.39635386364534 7.610152114648371 4.9078492373228091 5.3534546867013004 1.8552011791616703 8.2137110964395088 3.9283121228218079 1.1420828877016926 9.8426993736065906 17.711853729560978 0.81196660920977493 5.4243477932177475 1.0201407615095375 1.6791620138101278 3.9144344674423328 0.73523762635886658 0.95071451179683197 17.105266531929374 4.0364346811547867 2.3900543302297583 3.4330284129828215 1.2980930861085651 16.763346041552726 3.8505911910906425 4.8946406613104037 19.439758773893118 3.0492481719702509 3.0171762006357303 1.3555793771520255 15.911278754472731
leaf_count=4473 5362 2450 23 34 91 1024 20 11 812 367 8 395 18 72 72 10 13 563 62 25 40 17 643 64 163 779 130 64 36 112
internal_value=-0.000476278 0.000572125 0.00118839 0.0186853 0.0321848 0.000247844 -0.0166361 -0.0162339 -0.00817632 0.00666523 0.00171099 -0.00262037 0.00153769 -0.00890187 -0.000973415 0.0807025 0.0250223 -0.00540227 0.00679957 0.0423817 0.0687854 0.105546 -0.00958742 0.0179822 0.0396489 -0.030966 0.0209544 0.0710681 0.0903745 0.0461405
internal_weight=647.424 634.042 626.432 31.9561 23.1199 594.476 8.83616 43.1467 34.933 25.0903 23.9482 23.1362 551.329 88.9329 65.4238 3.36511 2.62988 62.0586 44.9534 14.1748 10.1384 6.70532 30.7786 14.0152 10.1008 23.5091 4.06939 5.40723 5.20617 17.7665
internal_count=17953 13480 11030 280 237 10750 43 2617 1593 781 770 762 8133 2771 1844 95 85 1749 1186 208 146 106 978 335 263 927 148 89 100 203
is_linear=0
shrinkage=0.05


Tree=63
num_leaves=31
num_cat=0
split_feature=3 3 13 14 14 13 5 14 15 10 11 13 4 2 4 8 14 3 5 8 10 3 9 14 6 14 15 10 3 16
split_gain=12.8322 7.58951 4.07424 4.54168 4.60563 3.90304 7.74292 6.19645 6.52258 5.22731 4.96295 8.62557 7.36182 7.85061 7.80074 9.27504 6.90186 6.49464 9.73661 13.8353 5.01429 4.8102 4.56496 4.42341 4.64742 4.26236 4.19749 8.63505 6.55815 6.43913
threshold=-12.450507552553509 62.69237531886241 -1.5653978456999458 -1.6810116718587669 1.3606492655337579 0.60941172256488785 12.499999999999082 1.8840465400184236 -0.04444477445443392 -2.666946549967478 -1134307.4999999998 2.9452420699179909 58.62068965517242 1.3850148532948083 52.272727272727259 -0.49102751985834686 -0.13099721958353547 1.0000000180025095e-35 37.1988795518212 -1.2409938799272122 -1.1537116251059019 5.3240046193354722 0.29945148742118594 1.8613616585595214 1.2538024401281029 -2.158509177362411 -2.6269654778085392 0.83606717584908108 8.2517031452685021 -0.00023496999999999995
decision_type=2 2 2 2 2 2 2 2 2 2 2 2 2 2 2 2 2 2 2 2 2 2 2 2 2 2 2 2 2 2
left_child=-1 2 3 -2 -5 26 7 -7 -9 -8 11 -11 13 14 17 -16 -13 20 19 -19 -12 -14 -15 24 25 -22 27 29 -28 -4
right_child=1 -3 5 4 -6 6 9 8 -10 10 12 16 21 22 15 -17 -18 18 -20 -21 23 -23 -24 -25 -26 -27 28 -29 -30 -31
leaf_value=-0.041445409341192889 0.070627542388973827 -0.050148638533902716 0.057013681937571808 -0.056589983561195725 0.068710064331243131 -0.050790210422401776 0.095793737182417488 -0.051582011927125873 0.048552584108552704 -0.038506134669419601 -0.068311673494355407 0.056396178854905089 -0.036214871731778661 0.14626290493928559 0.20315211782014583 -0.0045551930756356851 -0.057647836755382854 0.37356432797303418 -0.045592892997514151 -0.050780012103041561 -0.060024909228149195 0.02435797170598018 0.032086892778834974 -0.057999013381040292 -0.037354111067024409 0.05310241560790549 0.0032234482718763351 -0.054975799887571578 0.031858056492649868 -0.032524184477423689
leaf_weight=18.55513254343532 0.9661391768604507 7.2400760836899272 4.4313494153320789 7.3200384126976115 0.81503265537321556 15.407648575492205 1.4057035772129882 2.7876671967096627 3.9034619741141787 17.656278722453866 1.4194259159266973 5.1820606491528451 12.088472081813963 1.8316245051100843 1.1298507535830142 1.0251110885292281 1.7831762889400113 0.3485101368278265 8.1728367540054006 0.42795214196666975 0.88709821924567833 4.4967281604185692 1.6769572887569664 1.3390596187673498 1.88305262941867 13.562391479965305 473.32722169533372 8.860662639141081 20.877786516211927 3.6716855401173252
leaf_count=4544 12 2450 25 197 18 1465 27 170 79 650 26 63 821 15 30 73 80 7 482 36 7 60 31 44 35 202 5959 69 226 50
internal_value=-0.000467957 0.000746792 0.00134239 -0.0318643 -0.0440365 0.00183817 -0.00727997 -0.0333425 0.00683437 0.000266906 -0.00152566 -0.0199185 0.00747945 0.0208993 0.0126735 0.104346 0.0271997 0.00562821 -0.0295178 0.139684 0.0221036 -0.0197918 0.0916915 0.029366 0.0365288 0.0461572 0.00359368 -0.0208618 0.00443312 0.0164419
internal_weight=644.48 625.925 618.685 9.10121 8.13507 609.584 98.4151 22.0988 6.69113 76.3163 74.9106 24.6215 50.2891 33.7039 30.1953 2.15496 6.96524 28.0403 8.9493 0.776462 19.091 16.5852 3.50858 17.6716 16.3325 14.4495 511.169 16.9637 494.205 8.10303
internal_count=17953 13409 10959 227 215 10732 4403 1714 249 2689 2662 793 1869 988 942 103 143 839 525 43 314 881 46 288 244 209 6329 144 6185 75
is_linear=0
shrinkage=0.05


Tree=64
num_leaves=31
num_cat=0
split_feature=3 3 2 10 12 14 1 14 3 1 13 2 5 14 14 2 12 6 12 12 14 13 7 10 14 1 10 1 10 13
split_gain=12.2954 7.14609 3.90515 5.23646 3.69436 7.0321 4.49667 3.68659 3.56387 10.2252 8.13912 7.08254 8.73618 12.5456 7.5228 7.40871 9.9175 8.33953 5.06294 8.53393 5.69612 6.94613 5.54777 8.70793 12.2274 5.01973 4.89657 5.2043 4.86297 6.04271
threshold=-21.045165055078026 62.69237531886241 9.5684496603484366 2.1840060467904698 -656.07350000017311 -3.0398287829139825 -4.2345909223102156 4.1704034003470483 -5.4713296522234307 -0.19206837919110228 -0.49120928579517936 -0.1962947667295987 48.074074074074041 -0.28989623789866303 -3.4311566957952775 -0.069509460906527404 199.59700000006708 0.8698331863871297 -2.248499999986961 697.88950000004854 -0.7822245292751977 -0.33318785542982293 1.4158424036160302 0.29688014919496447 1.1212240256366817 -0.15947100140310524 -1.0367910075551989 -0.13569389404826207 -0.47927374438469783 -0.20222102706866846
decision_type=2 2 2 2 2 2 2 2 2 2 2 2 2 2 2 2 2 2 2 2 2 2 2 2 2 2 2 2 2 2
left_child=-1 2 4 -4 5 -2 -6 8 9 10 -8 12 18 -14 -13 16 17 -16 25 22 -21 -22 -20 24 -24 -10 -15 -28 29 -12
right_child=1 -3 3 -5 6 -7 7 -9 11 -11 28 14 13 26 15 -17 -18 -19 19 20 21 -23 23 -25 -26 -27 27 -29 -30 -31
leaf_value=-0.050137314580987649 -0.077120269649878725 -0.050141363477845494 0.056325061632037814 -0.0094528348142328602 -0.041361341027945975 0.016144005642666166 -0.02848884580752058 -0.062756488409861991 0.0024431027861431588 -0.048846298575949798 0.076737725151971581 0.071842543677381146 -0.027800950337341979 -0.016557324907232215 -0.0097920828843722982 0.00013968738405794676 0.084433305590812566 0.067522547940034636 -0.036902726153800129 -0.040094363654009903 0.10595841864718719 -0.00080300547186206968 -0.024871829650497737 -0.042071402682811759 0.19256967922789631 -0.031306602692436521 0.13508389371554064 0.046846859295428145 0.073202415591997819 0.0035885523115979294
leaf_weight=12.216983908787368 2.099098067265003 6.8879470811225465 7.232475742697714 5.2017594948410988 6.7302577472291878 54.413591826800257 5.0876095332205322 2.3481150027364484 50.148301937617362 5.0822686441242686 3.920646324753764 3.9072044724598518 8.6880503026768583 2.3328897356986991 13.387185044586664 331.92030216334388 6.0199000076390794 4.7167398254387072 51.499405632726848 2.653382227756083 2.7851656805723906 3.3633749117143434 1.3054259233176702 3.0317819151096046 1.2809344022534785 14.119431634899227 2.049156009219586 9.0575620681047422 7.8597978348843744 10.086849003098903
leaf_count=4473 16 2450 57 30 62 854 37 46 1369 95 19 31 115 38 231 5349 77 58 1591 76 24 108 31 96 16 328 34 98 48 96
internal_value=-0.000457154 0.000507445 0.00106803 0.0288074 0.00050249 0.0126798 -0.000741088 -0.00024098 2.87108e-05 0.0162069 0.0284725 -0.000983077 -0.010021 0.0190243 0.00284135 0.00208413 0.0288378 0.0103512 -0.0149578 -0.0246937 0.0211346 0.0475578 -0.0317559 0.0154232 0.0828194 -0.00497161 0.0492946 0.0631263 0.0417251 0.0240627
internal_weight=641.434 629.217 622.329 12.4342 609.894 56.5127 553.382 546.651 544.303 32.0372 26.9549 512.266 152.315 22.1277 359.951 356.044 24.1238 18.1039 130.187 65.9195 8.80192 6.14854 57.1175 5.61814 2.58636 64.2677 13.4396 11.1067 21.8673 14.0075
internal_count=17953 13480 11030 87 10943 870 10073 10011 9965 295 200 9670 3924 285 5746 5715 366 289 3639 1942 208 132 1734 143 47 1697 170 132 163 115
is_linear=0
shrinkage=0.05


Tree=65
num_leaves=31
num_cat=0
split_feature=3 3 13 14 14 13 14 10 3 4 3 4 2 10 11 14 5 7 7 14 15 11 10 1 3 1 9 14 11 14
split_gain=11.69 6.78501 3.70849 4.09808 4.26745 3.78449 6.523 6.78247 6.37903 6.48024 5.86501 8.1817 7.87175 7.46318 8.69111 5.18918 5.01332 4.99113 4.90808 5.95389 7.55908 5.67195 5.26238 4.88114 4.77949 5.29962 5.24539 6.90261 4.93837 4.90485
threshold=-21.045165055078026 62.69237531886241 -1.5653978456999458 -1.6810116718587669 1.3606492655337579 -0.69275496864607311 2.6026129496205885 1.1691033515282792 -0.85333832033289991 65.384615384615245 -0.28678598586789589 99.999962565236913 -0.54781762251015775 -0.20869804387202776 3493171.0000000005 0.86171391381180262 94.736842105263023 -1.0920874052840748 1.3508797364420917 -0.68092944472109751 -1.7619698480010084 -6054880.9999999991 -0.39975630041033622 -0.43216077285093718 12.828851003804415 0.6571707417470859 1.6430406594842839 -3.0398287829139825 7664646.0000000009 0.92153640957169547
decision_type=2 2 2 2 2 2 2 2 2 2 2 2 2 2 2 2 2 2 2 2 2 2 2 2 2 2 2 2 2 2
left_child=-1 2 3 -2 -5 6 7 10 -9 -10 12 15 18 -14 -15 17 -17 -12 19 20 -4 -22 -23 -21 26 -26 29 -28 -29 -7
right_child=1 -3 5 4 -6 24 -8 8 9 -11 11 -13 13 14 -16 16 -18 -19 -20 23 21 22 -24 -25 25 -27 27 28 -30 -31
leaf_value=-0.050130599527547809 0.065098322359410696 -0.050134449962981643 -0.082464736448482526 -0.056347480073879644 0.061464932850993075 -0.0029183014900446636 -0.06361059625773624 -0.024124117433165827 0.066137883888689658 -0.0118770372378062 0.0093825351121907055 0.059743075028331663 0.054653766709955975 -0.025130216904543208 0.090442921977098967 -0.019533916549861034 0.071749110473005001 -0.05125267244701294 0.066845289429664834 -0.056441247633736868 0.11729580256114179 -0.018113172802959064 0.061895867154318399 -0.00071838716629319961 -0.05091220038890229 0.060802538166203818 0.10438803578755865 -0.0089619851582717173 -0.04521489474301011 0.0082082099730711421
leaf_weight=11.622672337805851 0.98106141947209824 6.552898616064339 1.5976270250976075 6.9500099867582303 0.86422673426568497 305.93213894218206 2.9288587998598805 3.4262773096561459 13.481680825352671 3.3166333697736254 4.4972345959395232 3.4082965627312651 17.077640425413851 7.585084265097974 2.0707683339715004 3.8446538038551799 2.4707567878067493 13.832404326647522 2.3428311273455611 7.8736767238006014 1.7195604741573323 4.6116481265053126 3.7072794009000143 7.846433170139786 1.2991550285369147 5.805935338139534 1.1350295292213548 29.458625056315213 13.791552593931554 146.46949296584353
leaf_count=4473 12 2450 10 197 18 5530 18 72 114 42 77 22 194 118 13 98 16 251 25 119 10 75 40 103 77 48 14 642 341 2734
internal_value=-0.000444433 0.000476774 0.00101141 -0.0312247 -0.0433178 0.00147505 0.00998539 0.0120439 0.0380528 0.0507347 0.00581784 -0.0128668 0.0151062 0.0347889 -0.000344711 -0.0229084 0.0161784 -0.0363756 -0.00261108 -0.00855944 0.0185528 0.0346298 0.0175424 -0.0286281 -0.000342901 0.0403757 -0.000925261 -0.017328 -0.0205223 0.000684016
internal_weight=638.502 626.879 620.327 8.7953 7.81424 611.531 107.639 104.71 20.2246 16.7983 84.4859 28.0533 56.4325 26.7335 9.65585 24.645 6.31541 18.3296 29.6991 27.3562 11.6361 10.0385 8.31893 15.7201 503.892 7.10509 496.787 44.3852 43.2502 452.402
internal_count=17953 13480 11030 227 215 10803 1417 1399 228 156 1171 464 707 325 131 442 114 328 382 357 135 125 115 222 9386 125 9261 997 983 8264
is_linear=0
shrinkage=0.05


Tree=66
num_leaves=31
num_cat=0
split_feature=3 3 2 13 10 4 13 14 0 10 15 5 11 14 3 2 11 15 10 12 12 13 1 15 7 9 10 15 3 14
split_gain=11.1157 6.4432 3.49658 4.98401 4.36635 3.60383 5.68272 18.2447 11.6372 10.0404 9.01312 8.42593 8.34683 7.02841 11.8785 12.6179 8.03094 7.84424 7.52148 6.36552 7.79149 5.67945 7.96042 10.774 7.04859 9.04538 6.13517 5.21418 5.55697 8.49491
threshold=-21.045165055078026 62.69237531886241 9.5684496603484366 -0.22137698520179191 2.1840060467904698 1.0000000180025095e-35 -1.0000000180025095e-35 -0.7973045373800759 1.0000000180025095e-35 0.28533265262425339 0.31967233058985361 99.743589743589794 -19093512.999999996 -0.20230696566947218 0.49320612290271038 -0.069509460906527404 -7409702.4999999991 -1.1599196000282632 -1.2797304216843475 -280.37700000009494 176.50649999990131 -0.13827584275400753 -1.3530432302344402e-06 2.1631169256327296 -0.31522791075079554 -1.6607074619874436 -0.06349586768077016 -1.8051097446097522 3.0345334507881527 -1.5732187074876551
decision_type=2 2 2 2 2 2 2 2 2 2 2 2 2 2 2 2 2 2 2 2 2 2 2 2 2 2 2 2 2 2
left_child=-1 2 5 4 -4 6 13 8 9 10 -8 -11 -9 21 15 16 -15 -18 -17 -19 -21 24 23 -23 26 -26 -2 -27 29 -29
right_child=1 -3 3 -5 -6 -7 7 12 -10 11 -12 -13 -14 14 -16 18 17 19 -20 20 -22 22 -24 -25 25 27 -28 28 -30 -31
leaf_value=-0.050124214640034685 -0.010199844805526563 -0.0501278790281139 0.043618501370373659 0.063671979944820142 -0.037505335578343277 -0.0032342612474361879 -0.058006832789759523 0.033266381559794056 0.0459170226658136 -0.051580365662607847 0.010490234255151469 0.056138735715121936 -0.034663777644203274 -0.032106647725066932 0.046512078725925519 0.011157059793785448 -0.036245532191376877 0.069677027502354799 -0.05024362663841353 0.0032685425997369213 0.055612133406926195 -0.04996045505002019 0.074796775699543808 0.05717401453845139 0.069054275828323616 -0.054933722621857972 -0.059531811447098584 0.03263813122171192 0.06776461043138976 -0.019865243715935121
leaf_weight=11.057200640905647 21.502329979091886 6.234106980264186 3.0109427273273468 5.3405044972896558 3.6931883096694946 318.64085552375764 10.09523507347331 5.059005423448979 19.524717698805034 2.2808676757849726 9.1603287640027684 8.8957484066486359 42.606000404804945 6.1507123485207549 27.74473612383008 8.4631302133202571 4.1860229931771746 10.247831486165522 12.145480941981075 17.966773068532351 11.764657404273747 5.0733723063021881 5.6104705631732932 4.3663617968559265 5.1124516278505316 4.1046508830040684 8.9156920872628671 11.860449532046905 3.1700175255537024 21.984550915658481
leaf_count=4473 154 2450 26 42 19 8119 127 56 147 95 106 46 919 47 155 38 44 65 82 147 69 62 27 22 27 31 69 79 14 196
internal_value=-0.000429771 0.000449525 0.000959169 0.0276355 -0.0010712 0.000429513 0.0044832 -0.00532487 0.0157889 -0.00354068 -0.0254212 0.034156 -0.0274539 0.0095128 0.0187746 0.00792403 0.021421 0.0288755 -0.0250288 0.035694 0.0239808 -0.000452843 0.0276288 -0.000405261 -0.00596666 0.00633201 -0.0246593 -0.00146631 0.00446277 -0.00146626
internal_weight=635.968 624.911 618.677 12.0446 6.70413 606.632 287.992 97.6219 49.9569 30.4322 19.2556 11.1766 47.665 190.37 98.6693 70.9246 50.316 44.1653 20.6086 39.9793 29.7314 91.7003 15.0502 9.43973 76.6501 46.2321 30.418 41.1197 37.015 33.845
internal_count=17953 13480 11030 87 45 10943 2824 1496 521 374 233 141 975 1328 647 492 372 325 120 281 216 681 111 84 570 347 223 320 289 275
is_linear=0
shrinkage=0.05


Tree=67
num_leaves=31
num_cat=0
split_feature=3 3 5 3 15 13 15 7 7 15 15 14 12 14 14 11 3 2 14 9 15 1 0 2 3 11 15 13 10 15
split_gain=10.5707 6.12012 3.3524 7.46179 9.32635 5.48011 5.52819 5.12646 8.46591 5.05991 4.99706 9.20261 5.70309 5.34754 8.89627 11.2266 8.62842 12.5772 9.2168 7.42644 5.55431 5.02112 9.06978 8.18768 6.34009 8.71807 5.97827 4.9053 4.85117 5.98229
threshold=-21.045165055078026 62.69237531886241 81.818181818181856 -1.0540768640511264 -1.5691068336547316 1.0923752466205621 -2.2998893393673758 1.4232593775961611 1.4395955549640933 2.1280790609004727 -0.04444477445443392 1.6408618783538211 1099.4624999999071 -1.7642273857094863 -0.37903961996225172 -4087790.4999999995 -0.28678598586789589 -1.9353001805528476 -2.8394064699951813 -2.1146653270383537 1.6492671909083674 0.002252535298380431 -1.0000000180025095e-35 -1.1590844845198707 2.2179400872505215 -3179883.9999999995 -1.4689698352886056 0.11542507224104644 1.5959095328762041 1.5258381837139428
decision_type=2 2 2 2 2 2 2 2 2 2 2 2 2 2 2 2 2 2 2 2 2 2 2 2 2 2 2 2 2 2
left_child=-1 2 5 4 -4 10 -7 -8 -9 28 11 -2 21 16 15 -15 17 18 -12 -16 -18 23 -23 26 -25 -26 -13 -28 -5 -30
right_child=1 -3 3 9 -6 6 7 8 -10 -11 13 12 -14 14 19 -17 20 -19 -20 -21 -22 22 -24 24 25 -27 27 -29 29 -31
leaf_value=-0.050118137751043339 -0.019823648205073 -0.050121626980520168 -0.046549396301697223 0.0069957063999193303 0.0572506893932649 0.027226684875326663 -0.050495238158317614 0.29950944233550314 -0.050557126250225938 -0.034927888112019904 -0.041748186656897945 -0.03105865859732599 0.11532951630661488 0.027644229322033066 -0.031445457135739756 -0.032430158765118303 0.072878639998932099 -0.057485319728804135 0.047845997939074764 0.011185164142093709 -0.019302612063681585 0.090316653113337197 -0.051246138480175486 -0.055776916746945772 0.17387805566949724 -0.052260355294588758 0.076556528758878792 0.0023594275596010659 -0.015361726419902882 0.060464290139381871
leaf_weight=10.519177438924087 71.365229602903128 5.9307866846211246 2.6232442483305922 231.5962332226336 12.360802428796886 3.4266177318058935 13.483147235121574 0.28302204981446344 0.44310047151520848 8.5829144218005222 3.7506048921495667 3.511752624064683 1.3129129479639221 9.9976896457374078 11.30787117499858 35.011583318002522 9.4711711108684522 6.1166013022884753 12.233094199560581 105.79212349187583 1.9748593447729934 4.0619579274207354 1.5683117900043715 7.8810612112283724 0.77914062514901161 0.94085699692368485 5.350083285942679 3.8167056273669004 43.163653161376715 2.7679936564527443
leaf_count=4473 1901 2450 14 2761 105 129 1690 8 51 87 27 46 17 115 153 877 95 113 83 1655 32 34 83 193 6 44 28 37 609 37
internal_value=-0.000415016 0.000427038 0.000914527 0.00468373 0.0390785 -0.00270115 -0.0297787 -0.0435257 0.0858889 0.00288242 -0.00108918 -0.010146 0.0134879 0.003567 -0.000193275 -0.0190861 0.0217381 0.00348904 0.0268226 0.0070685 0.056974 0.00869713 0.0508843 -0.00196398 -0.0367955 0.0501779 0.0244128 0.0456637 0.00405176 -0.0107922
internal_weight=631.424 620.905 614.974 301.095 14.984 313.879 17.6359 14.2093 0.726123 286.111 296.244 100.588 29.2228 195.656 162.109 45.0093 33.5463 22.1003 15.9837 117.1 11.446 27.9099 5.63027 22.2796 9.60106 1.72 12.6785 9.16679 277.528 45.9316
internal_count=17953 13480 11030 3613 119 7417 1878 1749 59 3494 5539 2389 488 3150 2800 992 350 223 110 1808 127 471 117 354 243 50 111 65 3407 646
is_linear=0
shrinkage=0.05


Tree=68
num_leaves=31
num_cat=0
split_feature=3 3 13 14 14 3 15 4 1 16 14 4 3 13 13 7 9 15 16 13 4 14 10 13 14 3 5 14 0 16
split_gain=10.0507 5.81233 3.34278 3.67711 3.95361 3.503 7.22103 5.78863 9.87785 10.5811 9.68597 10.2241 8.346 11.3473 6.24859 6.04109 5.65479 5.43831 4.75127 4.54571 5.01892 13.0524 7.53433 6.7722 7.77426 19.5048 13.2052 9.99214 6.33022 6.00309
threshold=-21.045165055078026 62.69237531886241 -1.5653978456999458 -1.6810116718587669 1.3606492655337579 4.3996084878771722 -2.2998893393673758 59.748178650617646 0.71250998442234192 -0.00052496499999999985 -1.918212560050444 99.999962565236913 -0.41335019681257029 -0.19187751201256101 -0.49120928579517936 -0.079635873840641511 1.8599647055181145 -2.1117772522468496 -0.00060886999999999985 -0.69275496864607311 1.0000000180025095e-35 -0.094105656279018776 0.46962304280329564 -0.069093117598968773 1.0000000180025095e-35 -0.22326523126251713 10.526315789474031 0.82934904659325459 1.0000000180025095e-35 -0.0010344999999999996
decision_type=2 2 2 2 2 2 2 2 2 2 2 2 2 2 2 2 2 2 2 2 2 2 2 2 2 2 2 2 2 2
left_child=-1 2 3 -2 -5 7 16 8 19 -10 11 14 13 -12 -9 -13 -7 -8 -19 -4 -21 28 23 -23 25 26 -25 -26 -22 -24
right_child=1 -3 5 4 -6 6 17 10 9 -11 12 15 -14 -15 -16 -17 -18 18 -20 20 21 22 29 24 27 -27 -28 -29 -30 -31
leaf_value=-0.050112363771805279 0.060148080704407282 -0.050115680547793195 0.011076591310903329 -0.055814618109060535 0.0553917962450165 -0.031617959398453889 0.081676235118851401 0.067442930961514644 -0.020275761570924002 0.056801833748628794 -0.029601371754688605 0.15291157043135295 -0.024041562405518954 0.11917337311192158 -0.053222412888667962 0.028480309320949679 0.034948231457785965 0.047761833923493827 0.0090265700544241694 0.002170602985453767 -0.05018522852397507 -0.0075466450635871393 0.11533503773841698 0.18404795074644931 -0.04492402417830052 0.25340041595807494 -0.053227377148374083 0.033672032747264262 -0.010154535470002585 -0.026585912061013524
leaf_weight=10.007274881238116 0.99194816313683976 5.6421916000545016 81.188187089748681 6.5761020276695472 0.90980849601328362 13.504038086161019 3.4537804941646746 1.6248322073370216 6.2251568147912648 15.637246267404405 2.6537408176809549 2.1539365593343978 63.309574500191957 2.4788600523024789 3.1584536456502956 1.7827774100005624 4.1773617556318632 9.8978936313651484 39.547644931823015 235.19934530323371 23.592560264281929 24.212666491046544 0.77030849736184137 0.83805622812360558 5.0651419004425433 1.2857050891034365 1.9525739429518578 20.056129935197532 16.986217743251473 22.779551403131336
leaf_count=4473 12 2450 1055 197 18 95 28 18 106 252 48 14 1965 21 128 36 29 81 391 2375 1353 387 13 31 311 30 61 588 467 920
internal_value=-0.000405079 0.000400285 0.000865998 -0.0303122 -0.042299 0.00130396 0.0117714 -8.22815e-05 0.00206177 0.0348546 -0.012747 0.0368829 -0.0190701 0.0422514 -0.0122337 0.0965617 -0.0158912 0.0210175 0.0167805 0.000409576 -0.0020456 -0.0104824 0.0016164 0.0120046 0.0282179 0.0922668 0.018029 0.0178249 -0.0334284 -0.0219437
internal_weight=627.659 617.652 612.01 8.47786 7.48591 603.532 70.5807 532.951 455.789 21.8624 77.1622 8.72 68.4422 5.1326 4.78329 3.93671 17.6814 52.8993 49.4455 433.926 352.738 117.539 76.9601 53.4103 29.1976 4.07634 2.79063 25.1213 40.5788 23.5499
internal_count=17953 13480 11030 227 215 10803 624 10179 7949 358 2230 196 2034 69 146 50 124 500 472 7591 6536 4161 2341 1408 1021 122 92 899 1820 933
is_linear=0
shrinkage=0.05


Tree=69
num_leaves=31
num_cat=0
split_feature=3 3 1 13 5 15 10 16 14 9 3 3 11 1 9 9 14 5 3 2 2 10 14 9 1 12 16 4 13 2
split_gain=9.5546 5.51914 3.20233 3.08958 6.59286 5.09546 7.93324 7.30925 4.18193 13.8716 10.5394 7.06239 5.90154 7.05639 6.50494 5.82289 5.72192 6.88856 10.6051 11.8851 9.6189 7.47363 7.12999 6.36717 5.82076 5.65435 6.81728 8.58292 6.89657 7.16729
threshold=-21.045165055078026 62.69237531886241 10.852283811314189 1.0923752466205621 12.499999999999082 -2.6269654778085392 0.73010611784804469 -0.00019367499999999998 -1.8244070414706124 -0.85810830840666752 -8.3148124993773305 -0.41335019681257029 -4281654.4999999991 -1.2815374369011645 -1.7221784368342161 2.2801761843512689 -0.13099721958353547 82.02564102564115 0.61487165604857308 -0.00010108909366812735 -0.0077102764447778372 -0.17024309783457089 -0.58759794326582104 -0.86959443264317315 0.15122185282996561 -542.76699999999244 -1.1344999999999999e-05 33.333333333333307 -0.19187751201256101 -0.1962947667295987
decision_type=2 2 2 2 2 2 2 2 2 2 2 2 2 2 2 2 2 2 2 2 2 2 2 2 2 2 2 2 2 2
left_child=-1 2 3 5 -5 6 7 -2 9 10 -7 -11 13 14 -10 -13 17 -14 19 20 22 24 -19 -23 -20 -15 27 28 29 -27
right_child=1 -3 -4 4 -6 8 -8 -9 12 11 -12 15 16 25 -16 -17 -18 18 21 -21 -22 23 -24 -25 -26 26 -28 -29 -30 -31
leaf_value=-0.050106871979303629 0.057135789829236373 -0.050110025054000279 0.038990784127236437 -0.050467313079036229 -0.0032870880359292826 0.0571596342673103 -0.05746923564491481 -0.043055497202655758 -0.030624115627990053 0.0029403214203116588 -0.026339898153047898 0.05803250759018877 -0.021914479308935534 0.047502142960711473 0.030802596183771278 -0.025745119371196518 0.0030346480142494194 0.05498245847621705 0.065377587153480174 0.050563210684487027 -0.066820738656239373 -0.062375084283516291 -0.034423698017522132 -0.01376768969349302 -0.0072702952269522812 -0.0097285686116828154 -0.033855045376320218 0.050318933666342269 -0.02447834095650334 0.059986332633851697
leaf_weight=9.5202317701186967 4.0897815795615324 5.3676086827181271 5.4437825307250014 8.803208845201878 46.60108188027516 4.5341105461120632 8.9723084978759271 3.2804590938612836 14.672138355672361 11.722983116284011 22.694906796328723 22.090282472781841 63.754315757192671 15.274382027797399 6.1025231108069411 2.2889782004058352 235.6595755238086 5.5613954477012149 4.6225224770605546 17.357939897105098 5.0120123028755215 8.4269118485972268 3.7225876301527014 33.600644290447235 6.8329205773770809 7.1389767937362194 6.7862396240234366 15.11232524178922 12.246078117750589 7.623963370919224
leaf_count=4473 31 2450 41 1229 1990 22 87 57 144 173 283 222 1663 145 55 24 3526 33 28 142 27 67 21 325 105 67 196 158 134 35
internal_value=-0.000399723 0.00036925 0.000813414 0.000469659 -0.0107836 0.00160494 -0.0258956 0.0125411 0.00244841 0.0145091 -0.0124358 0.0348315 0.000821553 0.012748 -0.0125801 0.0501666 -0.00181328 -0.0094864 -0.000179708 0.0227586 -0.0110012 -0.0137558 0.0191334 -0.0235139 0.0220447 0.0209462 0.0126525 0.0201455 0.00326254 0.026274
internal_weight=624.917 615.397 610.029 604.586 55.4043 549.181 16.3425 7.37024 532.839 63.3313 27.229 36.1022 469.507 84.9566 20.7747 24.3793 384.551 148.891 85.1369 31.6539 14.296 53.483 9.28398 42.0276 11.4554 64.182 48.9076 42.1213 27.009 14.7629
internal_count=17953 13480 11030 10989 3219 7770 175 88 7595 724 305 419 6871 934 199 246 5937 2411 748 223 81 525 54 392 133 735 590 394 236 102
is_linear=0
shrinkage=0.05


Tree=70
num_leaves=31
num_cat=0
split_feature=3 3 3 13 10 8 1 14 14 11 10 2 14 11 10 1 15 0 15 14 15 13 13 9 2 1 15 2 14 3
split_gain=9.08601 5.24293 3.18608 5.22991 10.5167 5.08344 4.58988 4.45491 4.03306 8.56511 6.43848 4.79417 4.27063 7.03814 7.87768 6.92574 6.71574 6.20519 11.4158 8.50799 8.19885 8.04954 7.74834 8.70692 9.82072 16.226 8.54161 7.54779 8.96846 12.0767
threshold=-21.045165055078026 62.69237531886241 8.2517031452685021 -0.10097842932581103 0.85468646139296001 1.7377477145449205 1.0893292856803642 -0.20230696566947218 2.4852808137719555 -19093512.999999996 -1.5424690105275449 4.5495344859244726 0.92153640957169547 4167762.5000000005 -1.382068365648027 0.46840654602698278 -1.8609596710471799 1.0000000180025095e-35 2.731762999369352 -0.5331829668785798 2.474749594767486 0.056668400781957416 -0.13827584275400753 -1.0084493533125376 -2.0491435492270864 1.0000000180025095e-35 1.1674567520208674 -0.52454548048952876 -1.0000000180025095e-35 -0.22326523126251713
decision_type=2 2 2 2 2 2 2 2 2 2 2 2 2 2 2 2 2 2 2 2 2 2 2 2 2 2 2 2 2 2
left_child=-1 2 8 4 -4 7 -5 -6 12 -10 -11 -12 17 14 15 -14 -15 18 27 20 -19 22 23 -21 -25 -26 -27 28 -2 -30
right_child=1 -3 3 6 5 -7 -8 -9 9 10 11 -13 13 16 -16 -17 -18 19 -20 21 -22 -23 -24 24 25 26 -28 -29 29 -31
leaf_value=-0.050101651643726632 -0.04446313358651266 -0.050104650560072642 0.071444636201396239 -0.009353133384635573 -0.082517496864601581 0.017312073269280633 0.055100794955860601 -0.0040768382221657365 0.056265265335563509 0.049687166624192619 -0.042798156944016952 0.036423135145419588 -0.025620850148517824 0.044323301362649711 0.017603074257666811 0.043245147705160032 -0.043830489864282063 0.021487687486778574 0.048541674791655907 -0.042968619805568237 -0.037801574386920798 -0.046066281836774706 0.043439759933907265 0.077909674891039338 -0.04561922264190163 -0.0025496494633818301 0.081808842488782341 -0.004017235138313883 -0.0090616943403262866 0.18942698551708265
leaf_weight=9.0568441876675916 28.116435198578984 5.106361396610736 3.5852107182145145 3.7284873351454726 4.5092681124806395 4.2593635395169258 10.656973429024218 3.0239063277840605 3.4264773591421571 2.429887871257967 21.55885077547282 2.0953268790617576 20.707987557165328 2.701397029682993 107.75996965449303 4.4322993708774439 10.789875645656137 76.716297748032957 9.1213376186788064 12.50407232716679 6.3106252760626367 11.127130053006111 8.8353611258789879 4.1762551907449952 12.257367639802405 6.5637709172442538 5.5277832243591547 198.00656949682161 21.43471195129678 0.79474672116339107
leaf_count=4473 1085 2450 32 103 23 26 77 19 28 41 551 20 336 45 2046 61 238 1059 104 116 75 439 104 26 262 95 57 3436 517 9
internal_value=-0.00038756 0.00034783 0.000772149 0.0167252 -0.00354662 -0.0263457 0.0383953 -0.0510305 -5.01898e-05 -0.0180557 -0.0278188 -0.0357806 0.000919639 0.00823023 0.0117233 -0.0134796 -0.0261792 -0.00174594 -0.00639485 0.00656531 0.0169813 -0.00761377 0.000966789 -0.00817947 0.00707043 -0.00507971 0.0360157 -0.00841253 -0.0256989 -0.00196533
internal_weight=621.321 612.264 607.158 29.7632 15.3777 11.7925 14.3855 7.53317 577.395 29.5105 26.0841 23.6542 547.884 146.392 132.9 25.1403 13.4913 401.492 257.474 144.019 83.0269 60.9917 49.8646 41.0292 28.5252 24.3489 12.0916 248.352 50.3459 22.2295
internal_count=17953 13480 11030 280 100 68 180 42 10750 640 612 571 10110 2726 2443 397 283 7384 5151 2233 1134 1099 660 556 440 414 152 5047 1611 526
is_linear=0
shrinkage=0.05


Tree=71
num_leaves=31
num_cat=0
split_feature=3 3 13 14 14 13 14 10 3 2 4 4 7 10 5 3 4 9 13 3 11 11 4 2 3 1 9 14 11 3
split_gain=8.63958 4.98025 3.0684 3.35967 3.62155 3.24592 5.62651 6.17399 5.86934 7.88302 7.77995 7.13361 6.26639 5.37627 5.48587 5.22061 6.04685 4.71452 4.67581 4.38293 6.5508 5.93066 5.69846 5.18215 3.90295 4.74969 4.58563 7.66167 4.72906 4.01746
threshold=-21.045165055078026 62.69237531886241 -1.5653978456999458 -1.6810116718587669 1.3606492655337579 -0.69275496864607311 2.3439628309115119 1.1691033515282792 -0.28678598586789589 -0.52454548048952876 55.813953488372086 99.999962565236913 0.89095950808188029 -0.61886804147983121 69.139194139193748 -1.4939254128749255 65.384615384615245 -0.36538313615239254 -1.0029257567302672 -2.1707964412466372 -5198524.9999999991 -3247979.4999999995 14.119601328903011 -0.99889732094694905 12.828851003804415 0.6571707417470859 1.6430406594842839 -3.4311566957952775 7664646.0000000009 6.5803252626488016
decision_type=2 2 2 2 2 2 2 2 2 2 2 2 2 2 2 2 2 2 2 2 2 2 2 2 2 2 2 2 2 2
left_child=-1 2 3 -2 -5 6 7 8 9 19 12 17 13 -11 -15 -9 -17 -10 -14 21 -21 22 -4 -23 26 -26 -7 -28 29 -29
right_child=1 -3 5 4 -6 24 -8 15 11 10 -12 -13 18 14 -16 16 -18 -19 -20 20 -22 23 -24 -25 25 -27 27 28 -30 -31
leaf_value=-0.050096684531925388 0.055804148224808336 -0.050099536587989338 -0.063292864896078979 -0.055437322462022078 0.048507186547921438 0.00044120916545544082 -0.044802825336141973 -0.035172255602556733 0.0023546920400685876 0.056106786052341012 -0.037939677640165204 0.057258219358790788 0.15641341358161698 -0.037305408289428715 0.049671541611366672 0.059566344426783782 -0.019768837472554042 -0.042513486413021224 0.05158270273023785 0.077317923090496551 -0.050330386329467014 0.0076901011218485291 0.033531381162655895 0.073362557496493036 -0.05084868845193953 0.059339938409665033 0.12429143142155577 -0.015643821907107749 -0.044573769842466755 0.040394120076198997
leaf_weight=8.6159696616232377 1.0107505638152359 4.8578045796602956 4.3031702563166645 6.2589013343676907 0.96751128509640683 441.91173840872943 4.6262403018772593 2.2234823051840094 10.403194857761269 10.384107517078524 3.1566744726151219 3.1424737945199004 1.988331541419029 4.1926082232967046 3.1940429490059614 14.305579865351321 2.8864110652357331 13.390404128469525 2.2873884961009017 1.1642069928348062 7.3538629859685916 9.588848761282863 2.3491747491061687 4.3741762898862317 1.2076521106064309 5.1424670368432999 0.94203999079763789 24.822596812155101 13.255093074869363 3.6714201914146534
leaf_count=4473 12 2450 38 197 18 8264 34 51 203 106 52 21 20 84 26 132 40 238 22 6 183 107 21 33 77 48 10 615 344 28
internal_value=-0.000378485 0.000324497 0.000729705 -0.0295783 -0.0415207 0.0011484 0.00911355 0.0115908 0.00553927 0.0149998 0.0354754 -0.0135448 0.0459872 0.0329116 0.000304072 0.0369224 0.0462465 -0.0228959 0.100332 -0.00271364 -0.0328841 0.00975248 -0.0291009 0.0282632 -0.00056021 0.0383845 -0.00107053 -0.0167191 -0.0199009 -0.0084234
internal_weight=617.978 609.362 604.505 8.23716 7.22641 596.267 105.314 100.688 81.2727 54.3366 25.2032 26.9361 22.0465 17.7708 7.38665 19.4155 17.192 23.7936 4.27572 29.1334 8.51807 20.6154 6.65235 13.963 490.953 6.35012 484.603 42.6912 41.7491 28.494
internal_count=17953 13480 11030 227 215 10803 1417 1383 1160 698 310 462 258 216 110 223 172 441 42 388 189 199 59 140 9386 125 9261 997 987 643
is_linear=0
shrinkage=0.05


Tree=72
num_leaves=31
num_cat=0
split_feature=3 3 12 2 4 13 14 0 8 11 15 13 2 15 15 14 14 13 15 1 14 3 1 13 10 1 13 1 5 2
split_gain=8.21624 4.73147 2.98798 4.62083 3.01735 5.21796 16.1249 9.58612 8.56054 7.62938 7.0327 6.11224 10.482 14.4809 6.32982 11.8207 10.6084 11.468 7.65426 7.58018 8.59714 9.75258 7.55007 9.16732 6.75531 10.7141 8.21953 6.22449 6.05496 5.30751
threshold=-21.045165055078026 62.69237531886241 2880.1724999998701 9.5684496603484366 1.0000000180025095e-35 -1.0000000180025095e-35 -0.66462315377334247 1.0000000180025095e-35 0.83052278196636575 -19093512.999999996 0.24602084485645345 -0.12726760681788932 -0.0077102764447778372 2.0031327485829054 0.676535933407863 0.46797291701846211 1.3773253453265428 -0.26913661535366346 1.3921528137005164 1.0000000180025095e-35 0.211840850309849 -0.039179175216745639 0.002252535298380431 -0.26913661535366346 -0.38382843119838111 1.0000000180025095e-35 -0.62048368229277073 -0.92597790546378167 99.743589743589794 0.64167939288622367
decision_type=2 2 2 2 2 2 2 2 2 2 2 2 2 2 2 2 2 2 2 2 2 2 2 2 2 2 2 2 2 2
left_child=-1 2 3 4 5 11 7 8 10 -8 -7 14 13 -13 15 24 -17 -18 22 20 21 -20 23 -16 25 27 29 -2 -12 -26
right_child=1 -3 -4 -5 -6 6 9 -9 -10 -11 28 12 -14 -15 18 16 17 -19 19 -21 -22 -23 -24 -25 26 -27 -28 -29 -30 -31
leaf_value=-0.050091959850234097 0.051327025292624978 -0.050094671879344348 -0.042651030494412101 0.034997086098731027 -0.0029832698822669199 -0.045524781633836386 0.03118527772032343 0.04190330483991956 0.043573711150359705 -0.034446833032852932 -0.042400658172226525 -0.050858401234382448 0.057902226264658886 0.055598769182551994 -0.02526771242588724 0.058158860680505901 0.02983932461289452 -0.06316251589098712 0.037862903320306972 0.060560290174289669 -0.034453936647385518 -0.063382505845514206 -0.076966949489707823 0.068731461436382479 0.03696388982846751 0.059150637025475565 -0.03849352891858264 -0.030021199476729987 0.035203965746140993 -0.029975071533827419
leaf_weight=8.1965172715717909 3.0923458039760581 4.6213241585064671 3.9503807090222827 9.8177957348525506 310.13833285868168 11.659655558411037 4.9825769970193496 19.2065603537485 7.4033612087368956 39.77431653579697 3.7431210163049382 7.1035691816359776 15.623599812388418 5.804668202996254 20.122398981824524 21.406184125691652 12.570575850084426 4.5017829015851012 14.263827366754414 5.8892162442207328 11.826323932036756 2.8545321673154858 5.7982115447521201 2.9776027780026189 8.4794088602066058 9.6327903047204 18.099726574495435 9.8155686203390378 7.6512779295444489 4.5503342896699897
leaf_count=4473 17 2450 57 79 8080 153 55 150 87 888 120 101 77 33 178 132 85 31 98 29 79 19 28 16 67 44 162 103 40 22
internal_value=-0.000366244 0.000304819 0.000691242 0.000977183 0.000410092 0.00418443 -0.0053745 0.0142407 -0.00320338 -0.0271403 -0.0182249 0.00907868 0.0303555 -0.00298598 0.00518426 0.0135635 0.0347132 0.00531582 -0.00693106 0.00885149 -0.00166942 0.02098 -0.0259553 -0.0131512 -0.00159969 0.0192466 -0.0166944 -0.0105326 0.00971043 0.013587
internal_weight=615.558 607.361 602.74 598.79 588.972 278.834 94.4209 49.664 30.4574 44.7569 23.0541 184.413 28.5318 12.9082 155.881 92.1487 38.4785 17.0724 63.7321 34.8339 28.9447 17.1184 28.8982 23.1 53.6702 22.5407 31.1295 12.9079 11.3944 13.0297
internal_count=17953 13480 11030 10973 10894 2814 1493 550 400 943 313 1321 211 134 1110 663 248 116 447 225 196 117 222 194 415 164 251 120 160 89
is_linear=0
shrinkage=0.05


Tree=73
num_leaves=31
num_cat=0
split_feature=3 3 13 8 3 10 13 1 4 14 4 3 13 7 13 1 16 3 14 1 10 7 9 2 8 9 2 1 1 9
split_gain=7.81397 4.49585 2.79231 3.16344 3.07831 7.64825 6.48533 6.15989 5.21836 10.746 13.0524 8.7723 9.8368 7.2705 5.88994 5.41622 8.0829 6.5369 7.01691 5.16368 5.109 5.10169 5.53582 9.23898 4.63428 6.1525 9.54689 9.28052 5.38024 5.52881
threshold=-21.045165055078026 62.69237531886241 -1.5653978456999458 -1.2059998536552694 3.8064432816564007 1.8146561524278544 -0.37356046433106427 3.3528902807586478 59.748178650617646 -1.8065368843696861 99.999962565236913 -0.41335019681257029 -0.35374857567995993 -0.079635873840641511 -0.2967757657065016 0.74243473128528292 -0.00051149999999999991 1.0060406187387672 0.92153640957169547 1.5791240094536123 2.0141761679230026 -1.0304930928357627 -0.50754657757975641 1.0417728103669253 0.66162583199641389 0.057724097654541513 4.5495344859244726 1.4767201343211001 1.3742325251868284 1.0990477394594649
decision_type=2 2 2 2 2 2 2 2 2 2 2 2 2 2 2 2 2 2 2 2 2 2 2 2 2 2 2 2 2 2
left_child=-1 2 3 -2 7 24 -7 8 15 10 20 12 -11 -12 19 -4 -17 -18 -19 21 -10 22 23 -13 25 27 -27 -6 29 -26
right_child=1 -3 4 -5 5 6 -8 -9 9 11 13 14 -14 -15 -16 16 17 18 -20 -21 -22 -23 -24 -25 28 26 -28 -29 -30 -31
leaf_value=-0.05008746712177841 0.037664218891245889 -0.050090044928069156 6.2265913778093368e-05 -0.043677913598717422 0.061986848648606312 -0.068122614061145823 -0.00015536436451579419 0.080948085621622298 -0.046304629822728052 -0.045190637428974063 0.15440168717370073 0.20573107348225675 0.097225960823841467 0.024199348718175091 -0.04137177301923594 -0.019987489657682302 0.081086196581195369 -0.041793890688551438 0.072432551089575983 0.069969597994359783 0.06542876771662097 -0.028616288667452156 -0.027883795317936957 -0.011510423763417422 0.040326577450367676 -0.029291413808487002 0.036525260139626405 -0.033691752169095632 0.015796210060420781 0.12282691354089535
leaf_weight=7.7974502525757989 1.4642308624461291 4.3963351519778362 422.60669646365568 6.5072780279442659 9.1805696142837387 4.8585143848322359 12.642411581706254 2.3181233890354624 3.9759719828143698 2.007843941450119 2.5113308168947697 0.95875284448266052 3.0607880987226954 1.8709572888910768 32.121356799732894 6.0728468867018846 7.2880490259267372 3.0416528824716806 2.4095450900495052 1.9720655363053072 1.3775439066812394 14.455011257901788 1.7313088867813391 0.99977102875709534 7.3709761267527956 16.458832143340263 8.282296057790516 3.500933402683585 14.757517541758714 2.8030226049013436
leaf_count=4473 33 2450 7594 194 99 28 147 15 164 41 15 20 27 37 1390 105 106 73 37 16 18 328 29 24 65 153 62 46 126 38
internal_value=-0.000355055 0.000288037 0.000658028 -0.0287367 0.00105475 0.0101839 -0.0190241 -0.000372499 -0.000743247 -0.0137407 0.0348256 -0.0219915 0.0408103 0.0988136 -0.0280852 0.0012308 0.0274816 0.0501103 0.00869662 -0.00686995 -0.0175539 -0.0152212 0.0372543 0.0948354 0.0183817 0.00725584 -0.00725874 0.0355732 0.0350819 0.0630561
internal_weight=610.8 603.003 598.606 7.97151 590.635 79.8551 17.5009 510.78 508.461 67.0427 9.7358 57.3069 5.06863 4.38229 52.2383 441.419 18.8121 12.7392 5.4512 20.1169 5.35352 18.1448 3.68983 1.95852 62.3541 37.4226 24.7411 12.6815 24.9315 10.174
internal_count=17953 13480 11030 227 10803 764 175 10039 10024 2109 234 1875 68 52 1807 7915 321 216 110 417 182 401 73 44 589 360 215 145 229 103
is_linear=0
shrinkage=0.05


Tree=74
num_leaves=31
num_cat=0
split_feature=3 3 14 11 8 2 15 4 14 2 11 15 2 4 10 9 10 13 5 6 7 12 14 15 3 4 16 9 16 0
split_gain=7.43021 4.27109 2.70628 6.91606 4.54562 5.98171 9.42272 4.04027 3.94075 6.76099 7.2183 5.65496 5.22359 6.58906 6.96104 7.3594 6.73363 11.5056 8.6797 8.51891 8.43419 6.85128 6.52252 5.76021 7.60626 5.63716 7.43395 6.28077 5.34764 4.84017
threshold=-21.045165055078026 62.69237531886241 2.6026129496205885 -19093512.999999996 -1.1768150599162195 2.8662998849546821 -0.57974951392466056 6.634897360703591 0.92153640957169547 -5.5137591376439099 4167762.5000000005 -1.8609596710471799 1.636443902241091 58.62068965517242 -1.382068365648027 -2.0262766464176298 0.60276149508405141 0.15910357050400911 27.777777777777796 -0.86602538862134359 1.4232593775961611 -870.75699999975029 1.0460060733451104 -1.640161311707963 0.27624775973169835 17.712418300653635 -0.00076154499999999987 -0.61873199925917832 -0.00037491999999999994 1.0000000180025095e-35
decision_type=2 2 2 2 2 2 2 2 2 2 2 2 2 2 2 2 2 2 2 2 2 2 2 2 2 2 2 2 2 2
left_child=-1 2 8 -4 7 -6 -7 -5 29 -10 12 -12 13 14 15 -11 18 25 20 22 21 -16 -20 24 -17 26 -18 -28 -23 -2
right_child=1 -3 3 4 5 6 -8 -9 9 10 11 -13 -14 -15 16 23 17 -19 19 -21 -22 28 -24 -25 -26 -27 27 -29 -30 -31
leaf_value=-0.050083193624297855 -0.005108647387267632 -0.050085648160303566 0.052101263153103351 0.081534990354263356 -0.052760531419164716 -0.033596294374117271 0.08111157115694545 -0.031851984724288837 -0.060553820863831709 0.042881505994925073 0.031973052770055292 -0.040815044151212169 0.03449547708118373 -0.030117350874147714 0.10159203455917308 -0.035453875524143565 -0.04640366260515022 -0.050487408825429028 0.087730527833836322 0.064791219407750594 0.13054201142797264 0.015845925513252885 -0.025892253361650665 -0.050788229257022893 0.085762828439390371 -0.012917714147342319 0.11519296992593681 0.02843601841770162 -0.031039358512836693 0.0062551243772039841
leaf_weight=7.4177807879168531 270.617205505725 4.1822813858743748 3.4323418573476401 1.8018765132874315 13.262058618944137 5.9429020094685256 2.5621820371597988 1.3930110512301324 3.4971574698574832 4.5206494946032789 3.5012156334705642 11.217938868794588 24.06413116492331 9.903808494564144 1.6588113219477225 3.2625717059709176 1.8603682611137617 8.299375319387762 1.6545113325119043 20.777280946262181 1.3658387600444246 14.878911568317568 5.3384804539382458 10.598759847693142 2.1450106939300895 7.3118095016106954 3.5203476184979072 5.1205792091786924 10.286280136089774 143.33409814815968
leaf_count=4473 5287 2450 28 24 397 63 29 40 35 51 54 253 237 422 16 54 17 386 11 284 18 244 93 194 26 132 24 61 276 2274
internal_value=-0.000347141 0.000266403 0.000619068 -0.0144456 -0.023596 -0.0317704 0.000959794 0.0320968 0.00137118 0.00817756 0.00976636 -0.0235011 0.0133519 0.00882936 0.0125888 -0.013453 0.0191021 -0.00186369 0.0288853 0.0487252 0.00934067 0.00316927 0.000990401 -0.0293634 0.0126288 0.0207908 0.0442612 0.0637811 -0.00331845 -0.00117385
internal_weight=608.73 601.312 597.13 28.3944 24.962 21.7671 8.50508 3.19489 568.735 154.784 151.287 14.7192 136.568 112.503 102.6 20.527 82.0726 26.1125 55.9601 27.7703 28.1898 26.824 6.99299 16.0063 5.40758 17.8131 10.5013 8.64093 25.1652 413.951
internal_count=17953 13480 11030 581 553 489 92 64 10449 2888 2853 307 2546 2309 1887 325 1562 620 942 388 554 536 104 274 80 234 102 85 520 7561
is_linear=0
shrinkage=0.05


Tree=75
num_leaves=31
num_cat=0
split_feature=3 3 2 13 12 2 14 3 15 2 12 13 14 5 14 1 13 14 12 16 3 14 7 2 6 16 14 15 3 14
split_gain=7.06577 4.05804 2.75533 4.33871 2.99879 4.53076 5.73027 6.87735 5.79057 5.43584 9.75166 4.80845 7.33101 5.22801 8.61612 7.10914 5.50865 10.3479 4.89152 5.09012 5.26957 6.35273 6.95182 4.28278 5.228 4.58073 4.24271 5.95121 4.2392 4.23724
threshold=-21.045165055078026 62.69237531886241 9.5684496603484366 -0.22137698520179191 -294.98900000005955 -0.1962947667295987 2.1417449736167216 5.8169330748549948 -0.57974951392466056 -0.069509460906527404 199.59700000006708 0.43020090278308892 1.1509763834924154 48.074074074074041 -0.28989623789866303 -0.20159413323223671 -1.0270758343143995 1.2209203846763261 1173.2194999998903 -0.00019767999999999996 0.38078127046286547 1.1360842327253902 -1.4064930404167924 -0.11106997203708657 0.89347351702117539 -0.00047149999999999997 1.3606492655337579 -2.0791431795153819 -8.3148124993773305 2.0293787211380354
decision_type=2 2 2 2 2 2 2 2 2 2 2 2 2 2 2 2 2 2 2 2 2 2 2 2 2 2 2 2 2 2
left_child=-1 2 4 -4 26 11 9 -8 -9 10 23 13 -13 15 -15 18 17 -17 19 20 21 22 -6 -7 25 -25 -2 -28 -29 -11
right_child=1 -3 3 -5 5 6 7 8 -10 29 -12 12 -14 14 -16 16 -18 -19 -20 -21 -22 -23 -24 24 -26 -27 27 28 -30 -31
leaf_value=-0.050079131969485394 0.0022920564750780678 -0.050081461882169137 -0.0017468687814614085 0.061705834648900518 0.11158942469941675 -0.01569975404453931 -0.039759666706102967 -0.013102449999938898 0.075504835472595566 0.0011974932782844057 0.083883670848550224 -0.053800680864416563 0.0026154218236882714 -0.027547272319179174 0.048594642097109023 -0.036610569069521197 -0.037319608727351301 0.13193912600947696 0.054641849374997657 -0.023911423105597046 0.08745303921003432 -0.039295208590286644 0.0051313794102408015 0.051092211677550993 0.11446066782403828 -0.055291831026298588 -0.026487085283654063 -0.060922571488516909 0.041881882787773543 0.063869148428080322
leaf_weight=7.0565694883698589 94.123619217425585 3.978633211227133 6.3050379157066345 4.7038957327604276 1.5900808237493027 8.5835740654729307 16.693733426742259 5.6724268076941371 2.7318215891718847 265.63138041086495 5.7370413299649945 13.419556132517757 10.086438987869768 5.7633039755746749 10.45593682490289 2.4388971319422157 26.908667637966573 1.4532002694904802 3.7604820216074577 22.263995935209095 1.8476848434656847 8.0648962538689357 43.088751361705363 2.6316911196336146 1.6722415871918199 1.6439479580149066 4.5461624599993256 1.0564086255617464 19.748434712644666 2.7246602652594438
leaf_count=4473 1622 2450 45 42 18 153 494 48 27 4347 71 1092 434 80 117 62 505 9 42 678 17 91 494 27 12 47 85 15 303 53
internal_value=-0.000338516 0.000247138 0.000583477 0.0253652 0.000116591 -0.00169928 0.00172691 -0.0211887 0.0156996 0.00371959 0.0286875 -0.00881098 -0.0295925 -0.00498376 0.0215386 -0.00884469 -0.0292777 0.0263212 -0.00103788 -0.00376225 0.00445518 0.00154766 0.00892013 0.00689593 0.0395045 0.0101884 0.00718198 0.0253374 0.0366618 0.00183381
internal_weight=606.383 599.327 595.348 11.0089 584.339 464.864 313.723 25.098 8.40425 288.625 20.2685 151.142 23.506 127.636 16.2192 111.417 30.8008 3.8921 80.6159 76.8554 54.5914 52.7437 44.6788 14.5315 5.94788 4.27564 119.475 25.351 20.8048 268.356
internal_count=17953 13480 11030 87 10943 8918 5279 569 75 4710 310 3639 1526 2113 197 1916 576 71 1340 1298 620 603 512 239 86 74 2025 403 318 4400
is_linear=0
shrinkage=0.05


Tree=76
num_leaves=31
num_cat=0
split_feature=3 3 12 2 4 4 13 14 0 8 11 15 13 2 15 15 14 14 13 15 13 1 14 3 10 1 13 1 5 16
split_gain=6.71943 3.85593 2.6465 4.16165 2.80959 4.89003 4.61089 14.8832 8.57505 7.84916 6.77633 6.42553 5.53368 9.20657 13.3818 5.6807 10.4011 9.73613 10.1135 7.1541 8.70261 7.72912 7.2788 6.81962 6.15849 9.79004 7.68506 5.52101 5.43664 5.36112
threshold=-21.045165055078026 62.69237531886241 2880.1724999998701 9.5684496603484366 1.0000000180025095e-35 19.876543209876342 -1.0000000180025095e-35 -0.66462315377334247 1.0000000180025095e-35 0.83052278196636575 -9931127.4999999981 0.24602084485645345 -0.12726760681788932 -0.0077102764447778372 2.0031327485829054 0.676535933407863 0.46797291701846211 1.3773253453265428 -0.26913661535366346 1.253747906423808 -0.35374857567995993 1.0000000180025095e-35 0.211840850309849 -0.039179175216745639 -0.38382843119838111 1.0000000180025095e-35 -0.62048368229277073 -0.92597790546378167 99.743589743589794 -0.00064773499999999987
decision_type=2 2 2 2 2 2 2 2 2 2 2 2 2 2 2 2 2 2 2 2 2 2 2 2 2 2 2 2 2 2
left_child=-1 2 3 4 6 -6 12 8 9 11 29 -8 15 14 -14 16 24 -18 -19 20 -17 22 23 -21 25 27 -26 -2 -13 -9
right_child=1 -3 -4 -5 5 -7 7 10 -10 -11 -12 28 13 -15 -16 19 17 18 -20 21 -22 -23 -24 -25 26 -27 -28 -29 -30 -31
leaf_value=-0.050075262927673204 0.047907201398237696 -0.050077482034333688 -0.040903418965583666 0.033738841992043314 -0.053209762836246427 -0.0022095694729663564 -0.043884828274088516 -0.046816318062979985 0.040035032485380546 0.041912263466364508 -0.036502278836496108 -0.041383879443301019 -0.050151073360834721 0.055222700424879284 0.053491784334929675 -0.04576202233875476 0.055371046505887936 0.027240191975859487 -0.062091579313479583 0.02935960521594887 0.021509884881680357 0.054933316751165043 -0.034172124922166529 -0.048920175248134662 0.013408652970688656 0.057034724855898972 -0.037222620497689728 -0.028564358103470539 0.033505809367304684 0.037425399907114368
leaf_weight=6.7129217471228904 3.1202799975872031 3.7848860782105467 3.8253960930742315 9.4467487819492799 4.7744753737933925 301.75862106122077 11.420923762489116 2.6954292138107121 19.024796989746392 7.3654554854147127 34.465930037666112 3.5665720854885858 6.7886785520240682 15.254228554666041 5.7542306408286095 17.96878739818931 21.194957174360752 12.281687375158073 4.2698336467146865 15.702377775684001 6.5636177007108918 6.8565733581781378 12.029253911226986 3.3814346976578262 12.940469063818457 9.5059330239891988 17.808770691975951 9.6899817232042569 7.5608191266655922 6.3094394821673614
leaf_count=4473 17 2450 57 79 171 7909 153 56 150 87 824 120 101 77 33 152 132 85 31 116 35 34 86 24 89 44 162 103 40 63
internal_value=-0.000329869 0.000229386 0.000550299 0.000819301 0.000283174 -0.00300393 0.00396702 -0.00512127 0.0137905 -0.00290066 -0.0264118 -0.0175389 0.00860419 0.0291298 -0.0026035 0.00488273 0.0128674 0.0329308 0.00419507 -0.00671852 -0.0277635 0.00687877 -0.0037113 0.0154893 -0.00140413 0.0185903 -0.015915 -0.00993768 0.00950203 0.0122093
internal_weight=603.824 597.111 593.326 589.5 580.054 306.533 273.52 92.4094 48.9386 29.9138 43.4708 22.5483 181.111 27.7971 12.5429 153.314 90.8119 37.7465 16.5515 62.502 24.5324 37.9696 31.1131 19.0838 53.0654 22.3162 30.7492 12.8103 11.1274 9.00487
internal_count=17953 13480 11030 10973 10894 8080 2814 1493 550 400 943 313 1321 211 134 1110 663 248 116 447 187 260 226 140 415 164 251 120 160 119
is_linear=0
shrinkage=0.05


Tree=77
num_leaves=31
num_cat=0
split_feature=3 3 13 14 14 13 11 14 10 3 8 2 12 9 16 13 15 0 14 5 7 2 2 8 11 3 1 9 14 11
split_gain=6.39064 3.66456 2.55329 3.04169 3.38484 3.02161 5.23213 5.74818 5.65596 6.28412 4.89874 7.05228 4.32978 4.25545 4.55209 7.10443 4.3925 8.53481 5.36192 3.93622 3.73992 5.20094 3.34788 3.27671 4.71837 3.25561 4.33021 3.99691 5.20758 4.21271
threshold=-21.045165055078026 62.69237531886241 -1.5653978456999458 -1.6810116718587669 1.3606492655337579 -0.69275496864607311 884588.00000000012 1.3094644144704881 1.1848860231145497 -0.8945978504247748 -0.47308282571346855 -2.1799010817336 -268.20200000004837 -0.1814369367659828 -0.00026381999999999995 -0.93291259835026763 -0.48336989951552206 1.0000000180025095e-35 0.73446670279511361 96.693989071037933 1.1303017024630215 -0.99889732094694905 0.2525547569222209 -0.95970510288678212 -3310757.4999999995 12.828851003804415 0.6571707417470859 1.6430406594842839 -3.0398287829139825 7664646.0000000009
decision_type=2 2 2 2 2 2 2 2 2 2 2 2 2 2 2 2 2 2 2 2 2 2 2 2 2 2 2 2 2 2
left_child=-1 2 3 -2 -5 6 10 8 9 20 11 -4 -11 16 15 -15 18 -18 19 -13 21 -8 -10 24 -19 27 -27 -7 -29 -30
right_child=1 -3 5 4 -6 25 7 -9 22 12 -12 13 -14 14 -16 -17 17 23 -20 -21 -22 -23 -24 -25 -26 26 -28 28 29 -31
leaf_value=-0.05007158975656955 0.052816511710042972 -0.050073697457736745 -0.047279797436419392 -0.054964418703794232 0.044859124370622706 0.00018945040792760906 -0.045157944877010907 -0.036284630887695436 0.0079228548435788509 0.056467296304136286 -0.011799823242832144 0.1307547593936976 -0.025848568755922664 -0.032099135674823892 -0.04975944145967727 0.084691927588890992 -0.037109870450236497 0.070670699439327508 -0.0013436128008788987 0.040932463769309917 0.095083914752500942 0.051130853047708841 0.078877237493252525 0.095374009100057833 -0.018303748735834329 -0.050816965888411961 0.058109537146531359 0.091073659849586666 -0.0081900995668770567 -0.04332248724261243
leaf_weight=6.3859856568742535 1.0117937978357074 3.6005602509248993 4.0132937598973504 5.7291626427322617 0.99698140285909165 431.84721266292036 1.8829612052068112 3.4520267862826577 2.130530368536709 1.9698376972228295 36.46629523858428 3.0673164483159807 8.4512549294158816 2.7153282351791859 3.5064861942082661 2.5018714834004641 4.4724157117307159 3.0949097257107496 2.0136642912402749 2.0248641557991505 2.7268692664802074 5.494868431240322 7.5671329945325851 2.5686327368021011 2.8735050708055496 1.1368770832195867 4.6207209676504135 1.1014969735406328 27.381859915563837 12.395313346758483
leaf_count=4473 12 2450 41 197 18 8264 44 48 41 21 559 35 139 30 94 17 90 19 40 17 25 58 45 26 28 77 48 14 642 341
internal_value=-0.000320609 0.000215323 0.000522627 -0.0280097 -0.0401681 0.000902317 0.00867105 0.0248396 0.031821 0.0169536 0.000816248 0.0148202 -0.0102889 0.0234621 -0.00570311 0.0239072 0.0361107 0.0188427 0.067725 0.0950377 0.0450491 0.0265561 0.0632889 0.0481553 0.0278338 -0.000769911 0.0366013 -0.00122508 -0.0161683 -0.019138
internal_weight=599.202 592.816 589.215 7.73794 6.72614 581.478 102.994 33.6755 30.2235 20.5258 69.3186 32.8523 10.4211 28.839 8.72369 5.2172 20.1153 13.0095 7.10584 5.09218 10.1047 7.37783 9.69766 8.53705 5.96841 478.483 5.7576 472.726 40.8787 39.7772
internal_count=17953 13480 11030 227 215 10803 1417 421 373 287 996 437 160 396 141 47 255 163 92 52 127 102 86 73 47 9386 125 9261 997 983
is_linear=0
shrinkage=0.05


Tree=78
num_leaves=31
num_cat=0
split_feature=3 3 12 2 13 5 4 2 3 10 15 15 5 8 15 10 16 14 9 3 15 8 9 3 2 11 1 9 2 10
split_gain=6.07815 3.48267 2.49114 3.71404 2.55796 5.97644 3.47319 8.31739 4.93831 4.98633 4.12712 5.03313 3.53397 3.4301 3.37348 7.80532 6.21164 3.19866 11.7091 8.47096 6.66599 5.05235 4.81528 4.81829 5.49681 4.68431 6.03273 5.44082 5.177 5.07926
threshold=-21.045165055078026 62.69237531886241 2880.1724999998701 9.5684496603484366 1.0923752466205621 12.499999999999082 58.62068965517242 1.9656492005648263 5.3240046193354722 1.1203506092128923 1.4683365255167462 0.9558686950020634 22.222222222222655 -2.2585060386166247 -2.6269654778085392 0.78950091027200753 -0.00023496999999999995 -1.8244070414706124 -0.85810830840666752 -8.3148124993773305 1.8978471469921774 -0.2855524902630836 2.2801761843512689 -0.41335019681257029 -2.1799010817336 -4281654.4999999991 -1.2815374369011645 -1.7221784368342161 -1.121467639048306 -0.43155773461206065
decision_type=2 2 2 2 2 2 2 2 2 2 2 2 2 2 2 2 2 2 2 2 2 2 2 2 2 2 2 2 2 2
left_child=-1 2 3 4 14 -6 7 10 -8 -10 11 12 -7 -14 15 16 -2 18 19 -16 22 -21 23 24 -20 26 27 -19 29 -28
right_child=1 -3 -4 -5 5 6 8 -9 9 -11 -12 -13 13 -15 17 -17 -18 25 20 21 -22 -23 -24 -25 -26 -27 28 -29 -30 -31
leaf_value=-0.050068093475266744 0.050059940275930109 -0.050070101152669959 -0.040226537986406019 0.032381110181366433 -0.050421369976503864 0.12319935693768065 -0.045390883559642381 0.13418292468740683 -0.061037164443810701 0.059591186674185941 -0.060052803113312458 0.072145877619627749 0.08672197577760897 -0.0072471350908066452 0.052121063518784511 -0.069726581371178167 -0.040299905279312098 -0.02979947096374282 0.056458137672221333 -0.045660108858890013 -0.020236496998586043 0.0028640914455037528 -0.028265821511038319 0.058992997554510887 -0.033226616043751142 -0.0019242652207317114 0.02707907849674453 0.027056119644608408 0.0097130105916246358 0.090142103092325357
leaf_weight=6.0749509683810166 4.1555984439328313 3.4251988108735523 3.7319762762635937 9.1376281566917879 7.8734580555465064 0.56346391420812736 9.0342441289685649 1.2115973010659207 1.2515540500171476 2.7153155799023807 2.5684206937439731 2.6204791357740751 1.0122707383707261 23.8928146213293 4.243440322577956 5.4131316118873656 3.5070342784747464 13.919458651915194 3.3336087036877871 12.629157354123894 5.2453743088990441 9.3253858471289242 2.3172287093475452 20.395047855563462 3.5046521341428223 366.19522744044662 13.975193364545705 6.0309855341911307 43.860379968769848 4.1384607041254631
leaf_count=4473 32 2450 57 79 1229 44 904 7 20 35 110 49 11 800 22 65 60 144 22 166 63 117 32 199 95 5881 149 55 542 41
internal_value=-0.000309903 0.000201369 0.000494307 0.000754497 0.000251843 -0.0102421 -0.00319172 0.00569335 -0.0249713 0.0215327 0.000615379 0.00616279 -0.00062626 -0.00342775 0.00131178 -0.0237648 0.00870404 0.00195583 0.0126982 -0.0125493 0.0317072 -0.025049 0.0409275 0.046815 0.0104941 0.000493679 0.0113017 -0.0126121 0.0189999 0.0414872
internal_weight=597.303 591.228 587.803 584.071 574.933 52.7436 44.8702 31.869 13.0011 3.96687 30.6574 28.089 25.4685 24.9051 522.189 13.0758 7.66263 509.114 60.9939 26.198 34.7959 21.9545 29.5505 27.2333 6.83826 448.12 81.9245 19.9504 61.974 18.1137
internal_count=17953 13480 11030 10973 10894 3209 1980 1021 959 55 1014 904 855 811 7685 157 92 7528 716 305 411 283 348 316 117 6812 931 199 732 190
is_linear=0
shrinkage=0.05


Tree=79
num_leaves=31
num_cat=0
split_feature=3 3 14 3 13 13 15 1 13 5 4 2 1 16 14 14 15 4 10 5 13 5 10 2 14 9 12 4 4 15
split_gain=5.78063 3.30979 2.43279 3.30865 4.60063 11.6837 8.84223 3.34732 3.24653 3.70377 5.81907 5.42513 4.18049 3.38874 4.4401 8.00499 9.8918 7.86737 8.52905 5.95418 5.22154 4.49191 9.8937 4.49156 6.91795 4.47159 4.25324 4.18581 4.01991 3.57757
threshold=-21.045165055078026 62.69237531886241 4.1704034003470483 8.2517031452685021 -0.60244752564353787 -0.49846547150979509 -2.847397157835633 0.37819987011815032 1.3654752384020183 12.499999999999082 58.62068965517242 1.9656492005648263 0.20220385068925797 -2.2499999999999995e-05 -0.65115394897549417 -0.5331829668785798 -0.2309740354096729 57.142857142856151 0.30974388154624805 49.999999999999496 -0.87615010419323558 16.666666666667378 -1.6152515105385652 -0.43070850057957055 1.6096382747740063 2.935424901246972 -683.11600000015449 55.999999999999979 99.999962565236913 2.0950862453562205
decision_type=2 2 2 2 2 2 2 2 2 2 2 2 2 2 2 2 2 2 2 2 2 2 2 2 2 2 2 2 2 2
left_child=-1 2 3 8 -5 -6 -7 -8 13 -10 11 12 -11 -2 21 16 20 18 19 29 -16 22 -15 -21 -25 27 -19 -20 -23 -17
right_child=1 -3 -4 4 5 6 7 -9 9 10 -12 -13 -14 14 15 17 -18 26 25 23 -22 28 -24 24 -26 -27 -28 -29 -30 -31
leaf_value=-0.050064763559619689 0.0027744421692444312 -0.050066674562223336 -0.03858730092163281 0.072092328348706339 -0.081013243913850827 -0.047060375560896879 -0.028501041322879162 0.048671792275449127 -0.050390223630873469 0.012627481368800986 -0.044633362697402507 0.13950483008545975 -0.037243137271629055 0.13505125944101279 0.2292505477573212 -0.0086650820342241731 -0.051232149528962538 0.046573161094415359 -0.04076357033320175 0.10449488225807357 0.073695026970767338 -0.043990534220594651 -0.033307835238432913 0.053143021121366645 -0.032221070933351158 0.079127667122235623 -0.044487072577860103 0.085428213157833777 0.049326910711722412 0.064565639081087173
leaf_weight=5.7790464868303379 431.32718487549573 3.2583670865278682 3.9607455218210808 3.4451666697859791 3.0416675582528141 3.5110120549798074 1.5635281736031128 13.867268592119215 5.966504431795328 17.522416882216941 7.8966980907134703 0.72577397525310416 5.527902648318558 1.2853564480319617 0.8639693055301908 15.230398623738443 1.0814237254671741 1.4099687291309226 12.816589626949275 2.4563872516155252 1.4363240036182108 17.124697991181169 2.7175502954050925 8.8893538033589667 3.2378551177680501 0.92872984940186221 14.166385402437298 0.69265295844525177 1.2374607753008593 1.8728760117664922
leaf_count=4473 5283 2450 58 29 15 18 91 117 1024 375 798 4 401 19 9 437 54 29 516 16 33 776 135 136 47 14 534 14 15 33
internal_value=-0.000301429 0.000186778 0.000466299 0.000732146 0.0183694 0.0099501 0.024557 0.0408522 -7.38903e-05 -0.014253 -0.0074455 0.00490562 0.000667564 0.000954864 -0.00802 -0.00141545 0.0734868 -0.00552069 0.00485467 0.019368 0.13212 -0.0272394 0.0207532 0.0428399 0.0303516 -0.0269975 -0.0362443 -0.0342934 -0.0377017 -0.000646029
internal_weight=594.841 589.062 585.804 581.843 25.4286 21.9835 18.9418 15.4308 556.414 37.6393 31.6728 23.7761 23.0503 518.775 87.448 65.0829 3.38172 61.7012 46.1248 31.6869 2.30029 22.3651 4.00291 14.5836 12.1272 14.438 15.5764 13.5092 18.3622 17.1033
internal_count=17953 13480 11030 10972 270 241 226 208 10702 2602 1578 780 776 8100 2817 1872 96 1776 1213 669 42 945 154 199 183 544 563 530 791 470
is_linear=0
shrinkage=0.05


Tree=80
num_leaves=31
num_cat=0
split_feature=3 3 13 14 14 13 11 14 10 3 4 7 8 2 14 11 14 15 9 4 5 12 14 3 3 2 1 13 3 13
split_gain=5.49722 3.14534 2.31449 2.8796 3.16361 2.70088 4.75778 5.04308 4.99784 5.96607 5.21239 5.13453 4.32133 6.46072 3.76642 4.07956 6.05595 4.16423 5.8431 6.57908 3.62132 3.48495 3.3476 6.58844 6.56444 8.40388 8.0642 8.88848 10.9456 6.8441
threshold=-21.045165055078026 62.69237531886241 -1.5653978456999458 -1.6810116718587669 1.3606492655337579 -0.69275496864607311 884588.00000000012 1.3094644144704881 1.1848860231145497 -0.32076695997821297 99.999962565236913 1.1303017024630215 -0.47308282571346855 -2.1799010817336 -1.918212560050444 -290567.49999999994 0.08193852109640315 -1.389388879409817 -0.95343307357120455 40.476190476190595 66.954022988506168 -232.90999999991615 0.92153640957169547 -8.3148124993773305 -6.8792344325247345 -0.29264941453017129 -0.26353847428696037 -0.082648060292429507 0.021893091014677051 -0.49120928579517936
decision_type=2 2 2 2 2 2 2 2 2 2 2 2 2 2 2 2 2 2 2 2 2 2 2 2 2 2 2 2 2 2
left_child=-1 2 3 -2 -5 6 12 8 9 11 -11 20 13 -4 -15 16 17 -16 19 -19 21 -8 24 -24 29 26 27 -26 -29 -7
right_child=1 -3 5 4 -6 22 7 -9 -10 10 -12 -13 -14 14 15 -17 -18 18 -20 -21 -22 -23 23 -25 25 -27 -28 28 -30 -31
leaf_value=-0.050061601031991337 0.051674372095455307 -0.050063417434126206 -0.046521559406925213 -0.054729470320643472 0.040608282630187453 -0.057808691833166774 0.044591788541547515 -0.034488685142475099 0.059802827138868732 -0.047203595917106572 0.059595264895303139 0.08896339771429701 -0.011275915881800387 -0.04245395332988372 0.13764711324495085 -0.008883802606377127 0.0042545013793945843 0.058796189130116666 0.083488272427921284 -0.055587155453150697 0.059035693419451245 -0.029639912510877522 -0.058438860859741919 0.0069750976266584122 0.010895620217034357 -0.00077832791157109605 -0.043580877082833917 -0.039367485271993269 0.1222929826386908 0.033687538223416386
leaf_weight=5.4975374682107931 1.0013563763350246 3.0996512272395185 3.9040181897580615 5.4279335159808388 1.0362708661705253 2.2990415040403631 2.4457694590091714 3.3500945502892128 9.6581368558108789 5.0754984971135881 1.474332347512245 3.3210379108786574 36.047929119318724 2.0993482358753708 1.506119264289741 6.0788027960807076 8.1541628800332528 2.9597105681896245 5.7733358778059447 2.1853514099493623 3.4967450257390738 4.4721909258514652 3.9511734796687952 149.29369596904144 26.890234271064401 226.12531887413934 24.592112094163895 21.671237154398117 1.1002188017591823 18.413597939535975
leaf_count=4473 12 2450 41 197 18 22 31 48 86 96 12 29 559 31 9 118 111 18 59 50 36 83 83 3040 379 3646 788 1250 37 141
internal_value=-0.000295585 0.000170574 0.000437286 -0.027224 -0.039446 0.000795594 0.0081767 0.0236895 0.0301985 0.0161036 -0.0231637 0.0348281 0.000659741 0.0138332 0.0220269 0.027105 0.0377358 0.0597094 0.0489585 0.0102122 0.0175654 -0.0033961 -0.000791658 0.0052885 -0.00369349 -0.0055708 -0.0201653 -0.00857013 -0.0315567 0.0235317
internal_weight=592.402 586.904 583.805 7.46556 6.4642 576.339 102.003 33.2938 29.9437 20.2856 6.54983 13.7357 68.7088 32.6608 28.7568 26.6575 20.5787 12.4245 10.9184 5.14506 10.4147 6.91796 474.337 153.245 321.092 300.379 74.2538 49.6617 22.7715 20.7126
internal_count=17953 13480 11030 227 215 10803 1417 421 373 287 108 179 996 437 396 365 247 136 127 68 150 114 9386 3123 6263 6100 2454 1666 1287 163
is_linear=0
shrinkage=0.05


Tree=81
num_leaves=31
num_cat=0
split_feature=3 3 12 2 9 14 8 10 4 4 3 1 3 6 15 14 3 10 0 15 10 8 13 2 10 13 3 1 1 14
split_gain=5.22783 2.98923 2.23628 3.30162 2.56329 4.36701 4.0377 3.79373 3.60667 7.66265 9.75578 4.29586 5.04167 4.22383 4.11571 11.3935 8.49475 6.37357 5.86114 10.4043 10.3954 9.20865 5.45333 4.73067 3.90658 5.15304 3.76074 3.5778 3.56498 5.29464
threshold=-21.045165055078026 62.69237531886241 2880.1724999998701 9.5684496603484366 1.9118757982488728 -2.8394064699951813 2.5935431765767993 -1.0866180858798151 99.999962565236913 63.157894736842103 -1.5527272602748112 1.5791240094536123 1.0519292416908226 1.3877677542570261 -2.4217440380863855 -1.918212560050444 2.9071143028400885 0.3438311947339775 -1.0000000180025095e-35 -1.5691068336547316 1.5759058401405071 0.93631115532132791 -0.20222102706866846 2.3260031380025068 1.5167601707121767 -0.53076764413190347 3.8064432816564007 1.4767201343211001 1.0893292856803642 -2.8394064699951813
decision_type=2 2 2 2 2 2 2 2 2 2 2 2 2 2 2 2 2 2 2 2 2 2 2 2 2 2 2 2 2 2
left_child=-1 2 3 4 8 -6 7 -7 9 11 -11 -2 -13 14 28 26 17 22 20 -20 21 23 -17 -18 -12 -26 -16 -25 -10 -30
right_child=1 -3 -4 -5 5 6 -8 -9 13 10 24 12 -14 -15 15 16 18 -19 19 -21 -22 -23 -24 27 25 -27 -28 -29 29 -31
leaf_value=-0.050058597164952673 0.00054361459756957747 -0.050060319540735768 -0.038723278192144273 0.031115616719785119 0.072879478776221335 0.042790689961295265 0.063880952293161986 -0.027992933959869678 -0.066666387503524299 0.16285794728503442 -0.037171821494507276 0.088906191338006202 0.0050213273592525339 -0.057455537050018213 0.12324740287385282 0.11535786414776439 -0.047715371112670102 -0.05082613041450354 -0.039926273114761698 0.074460571847906179 -0.067017386084024827 0.083829778192854823 -0.012788323946769892 0.044527394799532528 0.054787827741774348 -0.037993772690537608 0.042167418910847666 -0.020957055129739752 -0.058610958919606104 0.034873307779581017
leaf_weight=5.2297256193123749 438.31700489972718 2.9486573475878677 3.6279344586655489 8.7613486237823945 1.376756237354132 2.0483439755626085 1.4198945001699019 24.953606144757941 2.521163738332687 0.68113461136818187 24.879825129872192 3.0017080297693601 4.4417447689920664 2.097929883748292 3.1514411689713588 1.2163038030266764 3.4312809705734244 7.8197524268180132 2.4804456871934226 10.011831954121595 3.7448346344754091 4.7886853348463765 2.615441012196241 5.8517682235687953 2.9559431755915284 3.0310399215668431 2.6184476530179381 3.241108812391758 2.2972545921802521 4.4457209128886461
leaf_count=4473 8145 2450 57 79 13 45 20 617 35 10 1136 25 37 32 30 9 19 184 38 81 36 28 52 36 35 138 16 25 11 41
internal_value=-0.000289696 0.000155391 0.00040988 0.000655421 0.000186764 -0.014089 -0.0183018 -0.0226234 0.000975062 -0.000502111 -0.0243157 0.00118326 0.0388494 0.0122863 0.0147153 0.0202872 0.0118414 -0.0249397 0.024615 0.0517481 0.00851853 0.0248572 0.0278889 0.00230874 -0.0284461 0.00781513 0.0864523 0.0211858 -0.0159415 0.00302429
internal_weight=590.008 584.778 581.83 578.202 569.44 29.7986 28.4218 27.002 539.642 477.308 31.5479 445.76 7.44345 62.3334 60.2355 50.9713 45.2015 11.6515 33.55 12.4923 21.0577 17.3128 3.83174 12.5242 30.8668 5.98698 5.76989 9.09288 9.26414 6.74298
internal_count=17953 13480 11030 10973 10894 695 682 662 10199 9526 1319 8207 62 673 641 554 508 245 263 119 144 108 61 80 1309 173 46 61 87 52
is_linear=0
shrinkage=0.05


Tree=82
num_leaves=31
num_cat=0
split_feature=3 8 9 3 3 15 4 4 13 14 0 8 11 5 13 2 15 15 14 14 13 15 13 1 14 3 10 1 13 1
split_gain=4.99003 4.00581 7.21351 2.86309 2.50684 2.46492 2.31322 4.61422 4.07522 12.0304 8.2324 7.74451 7.68052 5.8182 5.7629 7.4703 12.3199 5.43141 9.18621 8.08015 9.52821 7.08757 7.17278 6.95032 7.0005 6.55035 5.82358 8.71487 6.5993 5.74352
threshold=-12.450507552553509 -1.6768137478004743 0.079256772386572902 62.69237531886241 -21.045165055078026 2.0950862453562205 1.0000000180025095e-35 19.876543209876342 -1.0000000180025095e-35 -0.66462315377334247 1.0000000180025095e-35 0.43635938587181616 -25020914.999999996 99.743589743589794 -0.12726760681788932 -0.0077102764447778372 2.0031327485829054 0.676535933407863 0.46797291701846211 1.3773253453265428 -0.26913661535366346 1.253747906423808 -0.26913661535366346 1.0000000180025095e-35 0.211840850309849 -0.039179175216745639 -0.38382843119838111 1.0000000180025095e-35 -0.60939015142901909 -0.92597790546378167
decision_type=2 2 2 2 2 2 2 2 2 2 2 2 2 2 2 2 2 2 2 2 2 2 2 2 2 2 2 2 2 2
left_child=1 2 5 6 -4 -1 8 -8 14 10 11 -10 -11 -13 17 16 -16 18 26 -20 -21 22 -19 24 25 -23 27 29 -28 -2
right_child=3 -3 4 -5 -6 -7 7 -9 9 12 -12 13 -14 -15 15 -17 -18 21 19 20 -22 23 -24 -25 -26 -27 28 -29 -30 -31
leaf_value=-0.063122949781661553 0.05296143244104437 -0.054321808531093974 -0.050055736575858378 -0.050057378845274891 0.20043861328124826 0.05039464358117083 -0.052893653557675904 -0.0016001471413915717 -0.022701430285086883 0.063340435216727276 0.03943632408985899 -0.051417831734476838 -0.029958676402042712 0.049281100666955631 -0.048630041881222857 0.053183953787216014 0.054697225769737505 -0.03962821582285124 0.051721297398545321 0.026888106781935872 -0.061567691489674718 0.030776520064133187 0.039560674316909322 0.052849259060741942 -0.033402539078920969 -0.047611645265631039 0.010829087805955703 0.054957586778050793 -0.036265936690841112 -0.027930185475698956
leaf_weight=1.5713206599466509 2.8601050153374663 7.4022160309832525 0.12123163673095405 2.8050103865098199 0.56704701110720623 0.68741240235976864 4.4478813002351663 307.35938802780584 18.888686522841457 2.3400517385452977 17.693472552113235 1.7367067271843524 38.462366651277989 8.2413300778716803 6.1643050592392701 14.989176258444784 5.4224778115749359 20.208304293453697 21.105540938675404 12.204969033598902 4.0561282187700263 14.426033219322564 3.3308929409831753 6.6869364678859702 11.818634038791059 3.2689346261322525 13.34652470611036 9.3488689213991147 16.804139398038387 9.4274653941392916
leaf_count=284 15 4112 109 2450 4 35 173 8033 261 22 145 88 882 45 99 77 32 167 134 85 30 110 18 34 87 24 94 44 157 103
internal_value=-0.000281998 -0.034694 0.0146064 0.000334751 0.156317 -0.0285755 0.000580732 -0.00233184 0.00403602 -0.00478754 0.0125818 -0.00387838 -0.0246079 0.0317542 0.0084291 0.0298769 -0.000274099 0.00460088 0.0124181 0.0313126 0.00482391 -0.00706524 -0.0284227 0.0068223 -0.00360609 0.0162952 -0.0012152 0.0185777 -0.0154188 -0.00910152
internal_weight=587.794 10.3492 2.94701 577.444 0.688279 2.25873 574.639 311.807 262.832 87.3626 46.5602 28.8667 40.8024 9.97804 175.469 26.576 11.5868 148.893 89.1537 37.3666 16.2611 59.7397 23.5392 36.2005 29.5136 17.695 51.7871 21.6364 30.1507 12.2876
internal_count=17953 4544 432 13409 113 319 10959 8206 2753 1443 539 394 904 133 1310 208 131 1102 662 249 115 440 185 255 221 134 413 162 251 118
is_linear=0
shrinkage=0.05


Tree=83
num_leaves=31
num_cat=0
split_feature=3 3 1 2 3 3 13 9 3 3 2 12 14 10 7 10 4 12 10 16 11 14 16 3 0 2 1 3 1 14
split_gain=4.71047 2.70066 2.26539 5.9652 5.48325 5.91819 5.53615 4.29776 5.03937 4.74991 4.05419 6.70584 7.51273 8.37807 6.60604 7.26051 6.08741 4.96797 5.1345 4.92016 4.88449 4.68677 4.47924 4.43275 10.1939 9.58096 10.3363 10.7013 7.63422 7.33298
threshold=-21.045165055078026 62.69237531886241 -1.9995242383984839 -2.6478417669718657 -2.8372096413771444 -4.9272244986301814 -0.49120928579517936 -2.6444992902601219 -6.0948933452250573 0.96592426986609858 -0.27078374572192926 -2.248499999986961 0.96194794444200971 2.8191869170130639 1.4086366252717137 0.065908461652296552 58.333333333333357 -54.231999999843531 0.26817657589374028 -0.0010184999999999997 -7695766.4999999991 2.6026129496205885 -0.00042657999999999997 0.22111795375836638 1.0000000180025095e-35 0.00076047733904201621 1.9567680809018387e-05 1.7114893777423965 1.4767201343211001 1.3773253453265428
decision_type=2 2 2 2 2 2 2 2 2 2 2 2 2 2 2 2 2 2 2 2 2 2 2 2 2 2 2 2 2 2
left_child=-1 2 7 4 5 6 -4 -2 -9 -10 11 16 13 -13 20 -16 17 18 -5 -19 -14 23 -22 24 -12 -25 29 28 -28 -27
right_child=1 -3 3 10 -6 -7 -8 8 9 -11 21 12 14 -15 15 -17 -18 19 -20 -21 22 -23 -24 25 -26 26 27 -29 -30 -31
leaf_value=-0.050052813610872486 -0.061180315575084201 -0.050054572147628588 -0.021850547203027988 0.0026659508066950817 0.07968400279149454 -0.03227396628442427 0.038639113663537783 0.013128616580485326 -0.043354465370312963 0.067515736026970238 0.0019133467607225893 -0.037760577217476464 0.060306586111283561 0.093184176293672608 0.15091287089602701 0.0053047538166057576 0.14534615730269201 0.14571368880167443 -0.035188762370483108 0.023008255473787209 0.0094046302025183031 -0.022166247004228871 -0.046538115735112254 -0.044780639081845951 0.0316029538773306 0.052743603106945848 -0.021264821406165077 0.0071567974323500233 0.044119181036526539 -0.037563639230701912
leaf_weight=4.714061295380815 4.0201481804251697 2.6683541072998187 4.7970975786447587 48.613556335214525 3.6600932106375685 5.428239836357533 17.885201375000182 14.933625840581957 9.4593409781809843 1.0759195685386664 98.832851596642286 36.973443746101111 2.2106627542525574 1.2632774598896492 1.4791591526009136 2.0325330193154514 0.73838435299694438 0.90400384087115426 10.98117730184458 8.4827413607854378 6.9149657851085102 18.566750529920682 7.4150240386370534 11.698918446898459 40.865968052763492 14.579866951331498 67.348351166117936 127.82300831144676 4.7813322083093217 2.6576386177912346
leaf_count=4473 48 2450 38 1194 22 96 143 122 218 5 1380 1320 30 25 14 44 15 8 451 237 138 427 282 359 517 266 1862 1574 60 135
internal_value=-0.00027405 0.000131171 0.000363489 0.00109132 0.0221182 0.0146229 0.0258461 -0.0131357 -0.00555208 -0.0320318 -0.000205423 -0.00791928 -0.0204352 -0.0334344 0.00435237 0.0666363 0.00254458 0.00101601 -0.00430932 0.0348256 -0.00887093 0.00234509 -0.0195428 0.00357979 0.0105984 -0.00070392 0.00167027 -0.00153236 -0.0169306 0.0388202
internal_weight=583.806 579.092 576.423 546.934 31.7706 28.1105 22.6823 29.489 25.4689 10.5353 515.164 128.009 58.2891 38.2367 20.0523 3.51169 69.7199 68.9815 59.5947 9.38675 16.5407 387.155 14.33 368.588 139.699 228.889 217.19 199.953 72.1297 17.2375
internal_count=17953 13480 11030 10637 299 277 181 393 345 223 10338 3758 1853 1345 508 58 1905 1890 1645 245 450 6580 420 6153 1897 4256 3897 3496 1922 401
is_linear=0
shrinkage=0.05


Tree=84
num_leaves=31
num_cat=0
split_feature=3 3 12 2 2 12 2 6 2 13 2 13 8 1 3 12 1 8 13 14 5 9 1 13 14 16 15 1 6 7
split_gain=4.47959 2.56685 2.16028 4.29365 4.7052 7.85388 5.91771 4.98269 4.43094 8.16953 4.53989 11.22 4.38727 7.19649 4.29118 4.45347 4.16977 4.29194 4.02236 6.88413 4.47997 5.96212 5.49739 5.83719 5.89585 4.73062 4.45019 4.35918 4.03884 5.86737
threshold=-21.045165055078026 62.69237531886241 -294.98900000005955 -0.1962947667295987 -0.069509460906527404 80.074999999720617 -0.11106997203708657 0.89347351702117539 -0.017574708943454257 -0.79275410915270095 -0.0013799055848584532 -0.23346301851118073 -1.0036011857338172 -0.032009117578724038 -1.654477187698487 728.70500000007462 -4.5928631268547285e-10 -1.5780132972271776 0.43020090278308892 1.1509763834924154 56.711711711711835 -0.88498081470405621 -0.13569389404826207 -1.0336672297830818 1.2209203846763261 -0.00019767999999999996 2.0333579502136079 -3.1761755725501213 -1.1834052439639247 -1.2476701959585108
decision_type=2 2 2 2 2 2 2 2 2 2 2 2 2 2 2 2 2 2 2 2 2 2 2 2 2 2 2 2 2 2
left_child=-1 2 -2 18 5 6 -5 -8 9 -6 11 -10 13 -12 -7 -16 -15 -18 20 -20 22 -22 25 24 -24 27 -23 -4 29 -29
right_child=1 -3 3 4 8 14 7 -9 10 -11 12 -13 -14 16 15 -17 17 -19 19 -21 21 26 23 -25 -26 -27 -28 28 -30 -31
leaf_value=-0.050050231691180037 0.0064004790610214359 -0.050051911903028573 -0.043788291302489707 -0.03272207592834131 0.03570462193223891 0.13624023977515165 0.009071018985921905 0.12169343081134149 -0.029024791121132168 -0.047045251537120976 0.1298980759817378 0.057585526603942616 -0.0023230193071708863 -0.061534648036192713 0.024956889371655838 0.12350495813857579 -0.023106016025359964 0.024159874330517427 -0.053863588247833653 0.0027505852443308362 -0.025227835380039334 0.074958643875113182 -0.02605918937817361 -0.037634468862685129 0.12182206181211502 -0.020396785460669382 -0.0092807087478641651 0.11510557234065177 0.0026287187307358663 0.01932946738767688
leaf_weight=4.4843793938634908 117.01483913208358 2.5383485306520006 4.1837598942220202 6.5836821482516825 4.0293420460075131 1.565817874856293 3.6327609820291418 1.345971039496362 5.7421718407422331 11.481998288538305 1.3434081305749703 10.720826455391942 224.10964177409187 1.8283512596972276 5.6873615933582169 1.4358411463908849 5.8050500969402448 27.819291222840551 11.856335346121343 9.8143218355253321 3.9325457792729139 5.415810992009936 1.5088664237409859 21.600850003771484 1.2181334272027013 24.865878527984023 2.2065570382401347 1.9493046477437008 46.075442522764206 8.9001632258295995
leaf_count=4473 2033 2450 40 130 53 12 63 10 41 157 36 85 4142 30 97 14 105 383 1092 434 42 51 44 415 6 794 24 19 590 88
internal_value=-0.000270255 0.000117158 0.000339142 -0.00121402 0.00206838 0.0253768 -0.00161585 0.0395178 0.000456702 -0.0255495 0.00191105 0.0273765 0.000304199 0.0163055 0.0612957 0.0448215 0.0120011 0.0159997 -0.00837516 -0.0282239 -0.00484534 0.0247751 -0.00794828 -0.0289323 0.0399984 -0.00201051 0.0505727 0.00547109 0.00909146 0.0365374
internal_weight=580.697 576.213 573.674 456.659 313.132 20.2514 11.5624 4.97873 292.88 15.5113 277.369 16.463 260.906 36.7961 8.68902 7.1232 35.4527 33.6243 143.528 21.6707 121.857 11.5549 110.302 24.3278 2.727 85.9745 7.62237 61.1087 56.9249 10.8495
internal_count=17953 13480 11030 8997 5358 326 203 73 5032 210 4822 126 4696 554 123 111 518 488 3639 1526 2113 117 1996 465 50 1531 75 737 697 107
is_linear=0
shrinkage=0.05


Tree=85
num_leaves=31
num_cat=0
split_feature=3 3 13 8 14 13 11 14 7 8 2 14 11 14 14 3 3 2 1 13 3 11 5 9 16 1 1 13 13 15
split_gain=4.26038 2.43987 2.16496 2.71622 2.70178 2.45883 4.20142 4.49318 4.45701 3.78065 5.81469 3.27435 3.57767 5.30719 3.12379 6.0353 5.31266 6.90912 7.36532 7.62778 9.40693 6.33739 5.72851 10.879 8.04247 4.8849 16.3169 7.5045 13.453 7.49212
threshold=-21.045165055078026 62.69237531886241 -1.5653978456999458 -1.2059998536552694 -1.6810116718587669 -0.69275496864607311 884588.00000000012 1.3094644144704881 -0.11956421542285521 -0.47308282571346855 -2.4608109126818349 -1.918212560050444 -290567.49999999994 0.08193852109640315 0.92153640957169547 -8.3148124993773305 -6.8792344325247345 -0.29264941453017129 -0.26353847428696037 -0.082648060292429507 0.021893091014677051 -6240728.9999999991 5.6710977701543266 -1.3636473659474748 -0.00069368499999999987 1.9567680809018387e-05 1.0000000180025095e-35 -0.23346301851118073 -0.55924834362735865 1.6743376487989787
decision_type=2 2 2 2 2 2 2 2 2 2 2 2 2 2 2 2 2 2 2 2 2 2 2 2 2 2 2 2 2 2
left_child=-1 2 3 -2 -5 6 9 8 -8 10 -4 -12 13 -13 16 -16 -7 18 19 21 22 -18 -21 24 -24 26 27 28 -19 -29
right_child=1 -3 5 4 -6 14 7 -9 -10 -11 11 12 -14 -15 15 -17 17 25 -20 20 -22 -23 23 -25 -26 -27 -28 29 -30 -31
leaf_value=-0.050047780404488033 0.03345851973170981 -0.050049373569879201 -0.057065133736531416 0.052968188901355399 -0.054739125050099702 0.021052701101634177 0.0037473340614272558 -0.033812296109563419 0.043871482745977797 -0.010651227000484605 -0.041541205969938932 0.053179793822460852 -0.0096502766774168251 0.0020337616636319574 -0.057833663318642363 0.0066332295849473701 -0.047576845910050521 0.041427334917346348 -0.042406100076873912 -0.053094834290152632 0.10668021418694998 0.020216426143555018 0.24193655165841388 -0.051277279186356141 0.026042945858991692 -0.0067938266546226436 0.055289624117184938 0.014459955877216782 -0.051664589153508661 -0.061872730055972727
leaf_weight=4.265877144993282 1.4834720073267815 2.4146710755303493 2.7127920594066373 0.65739388950169075 5.0928345904685548 20.259297485928982 11.156425115652384 3.1930657718330613 18.230780103243887 35.307922982610762 2.0510700112208751 13.234899675473576 6.1600481234490863 8.2235185327008349 3.7222963315434745 147.19937913957983 4.0663211438804892 5.2400323599576977 22.82160620437935 15.381579701323068 1.1853568055666972 22.644414165988564 0.67216854146681715 2.8856485055293879 1.2041323273442683 139.77222201554105 15.226787013933061 43.927342313574627 14.962969303131102 3.468389254063367
leaf_count=4473 33 2450 30 8 186 163 152 48 221 559 31 143 119 114 83 3040 43 59 788 983 37 336 17 218 32 2518 81 709 193 86
internal_value=-0.000264506 0.000105115 0.000316787 -0.0268634 -0.0424255 0.00066483 0.00776578 0.0225183 0.0286389 0.000665166 0.0130039 0.0194106 0.0239372 0.0335791 -0.000867573 0.00504323 -0.00371111 -0.00542071 -0.0190184 -0.00790782 -0.0302039 0.00989589 -0.0382589 0.00966266 0.103385 -0.00109207 0.00852994 -0.00200279 -0.0275194 0.00887398
internal_weight=578.825 574.559 572.144 7.2337 5.75023 564.91 100.271 32.5803 29.3872 67.6903 32.3823 29.6695 27.6185 21.4584 464.64 150.922 313.718 293.459 70.8612 48.0396 21.3289 26.7107 20.1435 4.76195 1.8763 222.598 82.8255 67.5987 20.203 47.3957
internal_count=17953 13480 11030 227 194 10803 1417 421 373 996 437 407 376 257 9386 3123 6263 6100 2454 1666 1287 379 1250 267 49 3646 1128 1047 252 795
is_linear=0
shrinkage=0.05


Tree=86
num_leaves=31
num_cat=0
split_feature=3 8 11 13 3 1 3 1 10 13 13 15 1 14 2 11 12 3 2 1 9 1 3 10 2 2 3 6 10 2
split_gain=4.08071 3.90321 6.02012 3.83981 2.33635 2.14719 3.76089 5.5133 5.42082 5.947 4.76673 6.37569 4.63434 4.55795 3.84956 3.50029 4.3356 5.0543 5.18232 4.47715 4.11995 5.04066 8.24232 13.6358 9.3022 8.85301 7.39011 7.16588 7.07862 6.71549
threshold=-12.450507552553509 -1.6768137478004743 -4922610.4999999991 -0.28147260494746723 62.69237531886241 -5.3671738291891193 -6.0948933452250573 -0.18420767439601984 -0.43155773461206065 -0.46307657509676742 -0.2967757657065016 0.6457792070169317 -1.836264855484864 1.6831513371574189 -4.060931656164473 -5876022.4999999991 -287.08899999991985 3.3340482731347065 1.0749447097507421 0.88306033064461853 -1.1580881222410155 -0.0098693144663278224 0.11576301295264402 -1.5667416499646112 0.00076047733904201621 0.068800919337841396 1.5555059674450356 -1.001828079293966 -0.29172445849577727 1.9656492005648263
decision_type=2 2 2 2 2 2 2 2 2 2 2 2 2 2 2 2 2 2 2 2 2 2 2 2 2 2 2 2 2 2
left_child=1 2 -1 -4 5 -2 7 8 9 -7 -11 -12 13 -8 -14 16 -16 18 19 -18 -17 27 23 -23 -24 -26 29 -22 -29 -27
right_child=4 -3 3 -5 -6 6 12 -9 -10 10 11 -13 14 -15 15 20 17 -19 -20 -21 21 22 24 -25 25 26 -28 28 -30 -31
leaf_value=-0.064190379281072463 -0.030827548472689755 -0.054650160135046914 -0.05287535061383071 0.12727379865010888 -0.050046963755491218 -0.058014220074209116 -0.049159688717003387 -0.054750654953723422 0.06171061829911402 0.088842553652306755 -0.044849474050547393 0.037272754183841177 0.098841900415742104 0.019525363331329516 0.030353307937379743 -0.010508014637745309 -0.0023257636551254706 0.052884813142674583 -0.06370125667075395 0.094429456259252573 0.023831344808285623 -0.048665536765888875 -0.053156158260224962 0.022865007410237559 0.043231275672553041 -0.022291115002273827 0.0046205882809902564 0.0012246063831242357 -0.028388576023604548 0.099261367765531683
leaf_weight=1.294677959289402 5.4233515257947138 6.4504786571487767 0.39625854569021601 1.1666421431000342 2.2970139922108492 2.6610636673867747 8.910439233761279 2.2720032148063174 7.5319020710885534 2.3284930884838131 3.5480725304223544 7.0787464743480086 0.99531969428062339 3.313606610056012 20.705355264712125 91.883175975177437 27.916272951755676 4.2719795196317127 3.3663944792933753 1.2491161706857372 14.462910627480595 7.2432349668815723 8.2597358757629973 83.09667250001803 11.663302432745693 43.793858828488737 120.35031620319933 38.300458582816646 42.653030733577907 1.166559952776878
leaf_count=91 52 4112 297 44 2450 24 226 53 46 10 50 60 4 38 342 1794 454 48 88 15 415 89 239 1061 89 1455 1561 1051 1688 7
internal_value=-0.00026223 -0.0330998 0.0155463 0.0815987 0.000277087 0.000481881 0.00078563 0.0195753 0.0268704 0.0100667 0.0240507 0.00985386 -0.000109492 -0.030541 0.000603995 0.000416099 0.01205 0.0017527 -0.00496182 0.00181814 -0.00102933 0.00131825 0.00474771 0.0171299 -0.00129116 0.00112948 -0.00184096 -0.00858642 -0.0143781 -0.0191373
internal_weight=576.05 9.30806 2.85758 1.5629 566.742 564.445 559.022 25.4203 23.1483 15.6164 12.9553 10.6268 533.602 12.224 521.378 520.382 57.5091 36.8038 32.5318 29.1654 462.873 370.99 275.574 90.3399 185.234 176.974 165.311 95.4164 80.9535 44.9604
internal_count=17953 4544 432 341 13409 10959 10907 243 190 144 120 110 10664 264 10400 10396 947 605 557 469 9449 7655 4501 1150 3351 3112 3023 3154 2739 1462
is_linear=0
shrinkage=0.05


Tree=87
num_leaves=31
num_cat=0
split_feature=3 3 14 11 8 2 15 14 11 10 1 15 15 9 13 6 11 13 11 12 7 12 16 9 13 14 10 11 13 14
split_gain=3.84179 2.2044 2.09235 5.38911 3.84486 5.28011 7.44489 3.46781 5.64073 5.74938 6.74447 5.42093 5.15885 5.1329 4.31947 7.34696 4.60009 3.97844 8.33701 4.68635 5.86591 5.11018 7.90875 7.44196 7.42435 5.79655 4.64388 4.524 4.3244 4.05172
threshold=-21.045165055078026 62.69237531886241 2.6026129496205885 -19093512.999999996 -1.1768150599162195 2.8662998849546821 -0.57974951392466056 0.92153640957169547 4167762.5000000005 -1.382068365648027 0.46840654602698278 -1.6063861969163886 -1.8609596710471799 -2.0262766464176298 0.53346123048961058 0.89347351702117539 -5697735.9999999991 1.0923752466205621 2928918.0000000005 -320.31249999999994 -0.743514870115356 89.000000000000014 -1.1344999999999999e-05 -0.34857143818401409 -1.0154701161082944 1.0460060733451104 0.32587555508359667 -5348529.4999999991 0.30586791894890308 1.4553825252509209
decision_type=2 2 2 2 2 2 2 2 2 2 2 2 2 2 2 2 2 2 2 2 2 2 2 2 2 2 2 2 2 2
left_child=-1 2 7 -4 -5 -6 -7 -2 9 10 14 -12 -10 -13 16 -16 -9 19 -19 20 -11 24 23 27 -21 26 28 -23 -26 -25
right_child=1 -3 3 4 5 6 -8 8 12 17 11 13 -14 -15 15 -17 -18 18 -20 21 -22 22 -24 29 25 -27 -28 -29 -30 -31
leaf_value=-0.05004311737450922 -0.0015202600997650723 -0.050044673645153415 0.046623095359721076 0.029848926081064098 -0.051608583125548016 -0.031412645101477621 0.073291333292329772 0.0019706004817849239 0.030746498694707178 0.023323187999700179 0.10770880088970702 0.080957350657143559 -0.040424495096671897 -0.060095868779747701 -0.020316977969944576 0.12012726961590431 -0.056927216108960114 -0.04050131820957948 0.084428712128889416 0.054881796065463687 0.10137119839257708 0.05456759495330582 -0.018446883475529679 0.084002221014520956 0.029824267832953499 -0.010524291059904501 -0.015795363312350416 -0.0049486492891668262 0.1327465613700419 0.034873953552433577
leaf_weight=3.8488917509093872 392.89522645575926 2.1850847901077932 3.2507803374901441 3.0682253250852289 11.740485516609622 5.4441099734976888 2.4671087879687539 4.9646358489990261 3.3708641701377919 7.2381332069635391 1.9033473432064054 1.0874044485390184 10.407185511896385 1.5851688417606049 3.4647648907266548 1.2734459764324126 9.9783150581643003 7.08491019788198 1.6455900324508546 6.3062477521598259 3.6071734558790904 4.5995283257216224 7.4239224744960657 9.2003074130043405 2.515268965624279 38.262831224594265 2.3729366604238749 10.440922826528549 1.7174365203827617 7.7168988836929193
leaf_count=4473 7561 2450 28 64 397 63 29 45 54 105 19 10 255 36 123 17 162 629 64 103 31 32 215 80 31 626 35 124 17 75
internal_value=-0.00025731 7.93277e-05 0.000272483 -0.0135907 -0.0222062 -0.0303336 0.00123923 0.00093791 0.00745624 0.01058 -0.0114562 0.0432216 -0.0230122 -0.00270478 -0.0241689 0.0174289 -0.037359 0.0154335 -0.0169536 0.018222 0.0492821 0.0145021 0.0280419 0.0388415 0.00408263 -0.00305717 0.0401957 0.013252 0.0715854 0.061592
internal_weight=573.067 569.218 567.033 25.9707 22.7199 19.6517 7.91122 541.062 148.167 134.389 24.2571 4.57592 13.778 2.67257 19.6812 4.73821 14.943 110.132 8.7305 101.402 10.8453 90.5563 39.3816 31.9577 51.1747 44.8685 6.60564 15.0405 4.23271 16.9172
internal_count=17953 13480 11030 581 553 489 92 10449 2888 2579 412 65 309 46 347 140 207 2167 693 1474 136 1338 526 311 812 709 83 156 48 155
is_linear=0
shrinkage=0.05


Tree=88
num_leaves=31
num_cat=0
split_feature=3 8 11 15 3 4 4 13 14 0 8 11 13 2 15 5 15 15 14 14 13 15 1 13 10 13 13 1 3 0
split_gain=3.6838 3.73189 5.56608 3.3015 2.11087 2.12184 4.17252 4.12998 10.1566 7.48081 6.86883 6.66206 5.02732 6.10822 10.6981 4.95838 4.90769 4.80061 8.02396 7.03888 8.71153 6.11343 6.55938 6.78523 5.10814 7.83817 5.88203 5.05426 6.8936 6.31434
threshold=-12.450507552553509 -1.6768137478004743 -4922610.4999999991 1.1674567520208674 62.69237531886241 1.0000000180025095e-35 19.876543209876342 -1.0000000180025095e-35 -0.66462315377334247 1.0000000180025095e-35 0.43635938587181616 -8654594.4999999981 -0.12726760681788932 -0.0077102764447778372 2.0031327485829054 99.743589743589794 -1.0000000180025095e-35 0.676535933407863 0.46797291701846211 1.3773253453265428 -0.26913661535366346 1.3921528137005164 0.002252535298380431 -0.26913661535366346 -0.38382843119838111 -0.40145085712587497 -0.62048368229277073 1.0000000180025095e-35 -1.3519947151260405 1.0000000180025095e-35
decision_type=2 2 2 2 2 2 2 2 2 2 2 2 2 2 2 2 2 2 2 2 2 2 2 2 2 2 2 2 2 2
left_child=1 2 -1 -4 5 7 -7 12 9 10 16 -10 17 14 -14 -12 -9 18 24 -20 -21 22 23 -19 25 -2 -26 28 29 -23
right_child=4 -3 3 -5 -6 6 -8 8 11 -11 15 -13 13 -15 -16 -17 -18 21 19 20 -22 27 -24 -25 26 -27 -28 -29 -30 -31
leaf_value=-0.063687263021425702 -0.0077004093105708651 -0.054623031063121323 -0.053433425252950521 0.11828919761054375 -0.050042492311454134 -0.052642602109256337 -0.0016801047974504138 -0.051977675158138836 0.014932241869739356 0.037126259039321582 -0.051287499245284612 -0.034855818392508196 -0.047357387935347411 0.0500122076126783 0.052295946899744074 0.04577947065788196 -4.350811509595925e-05 -0.022987524782755668 0.049199348726365694 0.025934765660167388 -0.060622066802118429 0.063850638140301272 -0.073410823800927325 0.060249131477290323 0.01143365198472698 0.054271737326318716 -0.033752507711578617 0.053057015925849542 -0.030163076138459668 -0.0040208644364743834
leaf_weight=1.2431926173157992 12.29984070081264 5.995045082701834 0.36540551634971041 1.196065582684241 2.078605239512398 4.0703075081109992 303.26019329437986 8.058614422101531 8.6198366112075728 17.001438441686332 1.5778257402125726 30.466918505728245 5.6239533228799719 14.544168092310427 5.1679840311408043 7.9175084326416254 10.44491569371894 17.842832340858884 20.65334901958704 11.927291881293057 3.8436944261193267 5.5700341854244497 5.4087260738015166 2.8377498611807814 12.656453106552364 8.7191520109772664 16.711716689169407 5.2733617424964896 11.188575962558389 8.9061103872954845
leaf_count=91 112 4112 219 122 2450 173 8033 115 125 145 88 779 99 77 32 45 146 176 134 85 30 38 28 16 90 50 161 29 93 60
internal_value=-0.000251121 -0.0323518 0.0152536 0.0781038 0.000250907 0.000437388 -0.00235506 0.00382599 -0.00523055 0.0109647 -0.00492112 -0.023876 0.00832747 0.0288645 0.000364057 0.02965 -0.0226618 0.00471002 0.0121135 0.0299923 0.00483919 -0.00656005 -0.0243874 -0.011566 -0.000810983 0.018007 -0.0142792 0.00847328 -0.000687399 0.0220943
internal_weight=571.471 8.79971 2.80466 1.56147 562.671 560.593 307.331 253.262 84.0871 45.0003 27.9989 39.0868 169.175 25.3361 10.7919 9.49533 18.5035 143.839 86.8115 36.4243 15.771 57.0274 26.0893 20.6806 50.3872 21.019 29.3682 30.9381 25.6647 14.4761
internal_count=17953 4544 432 341 13409 10959 8206 2753 1443 539 394 904 1310 208 131 133 261 1102 662 249 115 440 220 192 413 162 251 220 191 98
is_linear=0
shrinkage=0.05


Tree=89
num_leaves=31
num_cat=0
split_feature=3 4 4 3 10 13 3 9 3 0 8 14 14 3 9 3 15 14 3 2 14 2 1 14 3 11 2 10 13 8
split_gain=3.47719 2.05191 7.42047 7.51702 5.22461 5.59032 3.78915 5.50834 3.78032 3.91244 3.72674 6.66371 5.18372 11.4003 4.57152 6.61808 5.84876 5.49147 4.28451 8.92477 3.56026 3.47664 6.41116 8.2912 4.55536 9.20008 3.78065 3.47152 6.56415 3.36767
threshold=-21.045165055078026 99.999962565236913 63.157894736842103 -1.5527272602748112 1.8146561524278544 -0.37356046433106427 10.639835338195335 2.1246972053821316 5.3240046193354722 -1.0000000180025095e-35 1.1915545666067997 -0.84108555029533061 -1.8065368843696861 3.5802804892350735 0.51882836632326523 4.1003122107509702 0.079794571259498751 2.1417449736167216 2.9071143028400885 3.0968936754978977 -2.3302361339786875 3.9014936980379473 1.1461982969987892 -0.96043895504223697 0.56487008705317465 -928562.99999999988 1.7811312792222946 1.5167601707121767 -0.53954357141438669 -2.2585060386166247
decision_type=2 2 2 2 2 2 2 2 2 2 2 2 2 2 2 2 2 2 2 2 2 2 2 2 2 2 2 2 2 2
left_child=-1 2 21 -4 6 -6 7 10 20 -10 12 -12 13 -3 18 -16 17 -17 -14 -20 -7 22 -2 -24 -25 -26 -27 29 -29 -5
right_child=1 4 3 27 5 8 -8 -9 9 -11 11 -13 14 -15 15 16 -18 -19 19 -21 -22 -23 23 24 25 26 -28 28 -30 -31
leaf_value=-0.050039078090489068 -0.00021757851010847234 0.1188823014589471 0.12681730023158808 0.058333221007627306 -0.062024623799975344 0.053399190857234713 0.047157333323335208 -0.053216656150377295 -0.007038400569761104 0.061302446590718568 -0.027910202004946538 0.069361455690637869 -0.016830894504604104 -0.00091143493704790772 -0.049775043917624294 0.059019558992925082 -0.059791061222043376 -0.018941825138015282 0.08442163272688763 -0.012004408386980919 -0.058179949458188107 -0.057588240720785458 -0.055353568715047534 0.092776645529919474 -0.054920767982681397 0.011618947737917499 0.10553217299147362 0.05480177708755038 -0.040974845605335861 -0.040519816997532355
leaf_weight=3.4843320363434023 434.20487124664942 3.1071196254342777 0.80383879691362281 0.89400601666421309 4.8770754467695978 0.88793317228555668 7.6501360088004722 3.2810926088131955 5.3584132753312588 3.4378802012652141 2.4146384028717875 6.5012101549655181 5.1063933675177386 5.5043790973722935 8.569516265299173 5.3806948130950314 2.5064859264530233 3.8929923484101892 5.1858713719993812 4.4663729425519705 3.6690332163125268 2.5618276443565255 2.1222042148001483 4.2999843917787057 2.2762002088129512 1.7695630248636014 2.7171679032035172 3.2758178040385246 3.9413865804672232 23.745488078566268
leaf_count=4473 8917 23 10 28 29 11 82 39 50 28 32 60 103 35 157 32 13 49 31 31 89 2059 46 28 37 44 17 37 202 1161
internal_value=-0.00024379 6.36169e-05 -0.00117753 -0.0241897 0.00738649 -0.0162099 0.0141537 0.00963838 0.00052321 0.0196714 0.0135565 0.0430178 0.00754842 0.0423114 -0.000978379 -0.0163436 0.00797615 0.0262922 0.0202077 0.0398025 -0.0364386 0.000492853 0.000825435 0.0351734 0.0525392 0.0269555 0.0684929 -0.0280001 0.00249722 -0.0369331
internal_weight=567.894 564.41 482.612 32.6605 81.7972 18.2303 63.5669 55.9168 13.3533 8.79629 52.6357 8.91585 43.7198 8.6115 35.1083 20.3497 11.7802 9.27369 14.7586 9.65224 4.55697 449.952 447.39 13.1851 11.0629 6.76293 4.48673 31.8567 7.2172 24.6395
internal_count=17953 13480 12586 1438 894 207 687 605 178 78 566 92 474 58 416 251 94 81 165 62 100 11148 9089 172 126 98 61 1428 239 1189
is_linear=0
shrinkage=0.05


Tree=90
num_leaves=31
num_cat=0
split_feature=3 8 11 13 1 3 1 10 13 13 15 1 3 2 11 13 12 14 2 2 3 6 10 9 1 3 10 2 2 6
split_gain=3.31212 3.56523 5.12884 2.94378 2.15926 3.32087 4.88134 4.87494 6.05039 4.9867 4.5557 4.25158 5.34599 3.32704 2.98561 4.01924 4.71403 4.61514 4.24154 3.88159 4.37944 4.13413 3.66904 3.47223 4.33503 7.68786 11.9926 8.50867 7.93811 6.46096
threshold=-12.450507552553509 -1.6768137478004743 -4922610.4999999991 -0.28147260494746723 -5.3671738291891193 -6.0948933452250573 -0.18420767439601984 -0.2580901995981455 -0.49120928579517936 -0.37356046433106427 0.60649043153111915 -1.836264855484864 3.5802804892350735 -4.060931656164473 -5876022.4999999991 1.0576517838718369 -287.08899999991985 -1.7223050364097747 -1.7545399210701789 -1.1590844845198707 -0.5522593832052437 -0.69139114365751431 0.44247787912931119 -1.1580881222410155 -0.0098693144663278224 0.11576301295264402 -1.5667416499646112 0.00076047733904201621 0.068800919337841396 -1.001828079293966
decision_type=2 2 2 2 2 2 2 2 2 2 2 2 2 2 2 2 2 2 2 2 2 2 2 2 2 2 2 2 2 2
left_child=1 2 -1 -4 -2 6 7 8 -6 -10 -11 12 -7 -13 15 16 -15 22 -19 -20 -21 -22 -18 -16 29 26 -26 -27 -29 -25
right_child=4 -3 3 -5 5 11 -8 -9 9 10 -12 13 -14 14 23 -17 17 18 19 20 21 -23 -24 24 25 27 -28 28 -30 -31
leaf_value=-0.063129205389357693 -0.030875050777910418 -0.054564259047693402 -0.052692893597989725 0.11175773968441882 -0.057605987682943796 -0.039505247832189755 -0.05438188478214271 0.064802329098640532 0.090818862971953893 -0.031648946385650724 0.033870357229435988 0.092033865487280569 0.088548510338734177 0.037057925006565198 -0.0099073150131258753 -0.024274908956285705 -0.053416968847968253 -0.044514658656654556 0.068103471813948768 -0.029125062726939762 0.0047568883238591018 0.059673839847636169 0.026909208233107426 0.022344924541559171 -0.046491814742775119 -0.052909690964106748 0.021525262470895454 0.040949030740841996 -0.0022023207142766936 -0.013834008898180079
leaf_weight=1.1902743126265707 5.5242552736308417 5.5672503182431665 0.35128525650361542 1.2076607130584305 2.6575592532754007 10.931350634200495 2.1032059714198104 5.7936552744358769 2.3684136569500032 4.0484659594949282 7.6977742556482553 0.9882758182939132 0.88071456609759557 17.332831381820142 90.567152465227991 7.0778005898464462 5.0904893972910932 2.7069071978330639 3.7613531388342407 4.7427889266982737 8.7434683988103679 5.6359799106139592 1.9724409505724905 14.605078058084471 7.0311643728055051 7.7563879690133026 82.769584622699767 11.399641685886307 163.78038076200755 79.57953241886571
leaf_count=91 298 4112 297 44 25 260 53 36 11 52 66 5 16 221 2158 367 73 53 41 78 136 58 15 415 89 311 1061 154 4616 2741
internal_value=-0.000237722 -0.0315589 0.0150276 0.0747012 0.000229471 0.000540743 0.0184712 0.0252614 0.0116026 0.0246335 0.0112884 -0.000298027 -0.0299575 0.000381529 0.000205497 0.0109895 0.0159828 0.00479584 0.0146712 0.0216723 0.0125392 0.0262814 -0.0309845 -0.00113963 0.0010245 0.00421822 0.0161997 -0.00166331 0.000605705 -0.00822379
internal_weight=565.863 8.31647 2.74922 1.55895 557.547 552.022 24.6691 22.5659 16.7722 14.1147 11.7462 527.353 11.8121 515.541 514.553 57.0641 49.9863 32.6534 25.5905 22.8836 19.1222 14.3794 7.06293 457.489 366.922 272.737 89.8007 182.936 175.18 94.1846
internal_count=17953 4544 432 341 13409 13111 243 190 154 129 118 12868 276 12592 12587 1042 675 454 366 313 272 194 88 11545 9387 6231 1150 5081 4770 3156
is_linear=0
shrinkage=0.05


Tree=91
num_leaves=31
num_cat=0
split_feature=3 7 7 7 7 11 15 9 16 14 10 6 7 14 6 12 5 8 15 2 5 12 3 1 15 13 3 1 14 13
split_gain=3.13771 1.98407 3.67939 6.66295 4.63346 3.40291 3.70226 3.39424 5.62556 7.12145 5.28821 4.13641 4.10347 4.79834 3.95519 3.64512 4.45048 6.912 4.50354 3.42091 8.94653 9.26459 5.60864 4.5169 3.81018 3.7002 3.54865 3.70701 3.33403 3.33386
threshold=-21.045165055078026 -1.1159919019119606 -0.8083171327682025 -0.88058089273081797 -0.89139843402346064 -809875.49999999988 0.6457792070169317 0.59983478207194108 -0.00061149999999999996 -1.8244070414706124 -1.0215470233053801 -0.35537576241660396 -1.4239930113233561 0.211840850309849 -0.13508128254505056 -656.07350000017311 78.260869565217476 -1.4520866461385837 1.8499085180466475 -0.89092585814470471 5.6710977701543266 -201.53899999987331 -0.19645314877142708 0.010835279942716958 0.9558686950020634 -0.410055582313399 -3.2923305263937963 -3.1761755725501213 -1.483742795343612 0.33081713994967982
decision_type=2 2 2 2 2 2 2 2 2 2 2 2 2 2 2 2 2 2 2 2 2 2 2 2 2 2 2 2 2 2
left_child=-1 7 3 4 5 6 29 15 12 -10 11 -11 13 -9 -14 16 17 18 -2 20 25 -22 -21 24 -24 -17 27 -27 -18 -3
right_child=1 2 -4 -5 -6 -7 -8 8 9 10 -12 -13 14 -15 -16 19 28 -19 -20 22 21 -23 23 -25 -26 26 -28 -29 -30 -31
leaf_value=-0.050035321687947713 -0.032347838018090484 0.031116901994381857 0.00042451226030111068 -0.039800716800848138 0.060125880148325039 -0.022243921844973074 -0.022316048886395327 0.20611802146618957 0.072061943602442044 0.081286305788015989 -0.027664837134691402 -0.0073812300894400724 -0.04248193109675355 0.051260948394113839 0.070800939229092891 -0.057084735235005284 -0.0094381627375888111 0.065208513833803272 0.038764026780356751 -0.042850283868732041 -0.0017816962660969469 0.15324659362844967 3.9618750990240168e-05 -0.021444856577985293 0.061991783133074907 -0.031468746551091081 -0.052490079581695492 0.048671137740445021 0.059059253158797433 -0.028241200967953514
leaf_weight=3.144844564376398 9.8993567448924313 12.701965927204585 397.588563299214 16.578630447445903 2.7504708660417228 19.484791493858211 7.6940410466631866 0.94357349118217859 3.6627621965017232 2.4952997142099775 9.6853169820387759 2.7815421888371956 1.1331497255596334 1.0646430349443106 2.4076375181321081 2.9688919785548924 2.3241279614157975 3.260680003440938 2.8724776318995273 12.068562073633073 1.8516833167523148 2.0095944460481396 6.6506505168508756 12.205861330148762 3.9593559611821547 2.070114191621542 1.9232308093924073 4.7633604691363853 7.5391923100687581 2.9068801908288142
leaf_count=4473 244 214 9691 515 57 499 145 24 56 43 307 95 23 17 42 46 20 62 41 263 29 18 155 425 48 26 125 50 77 123
internal_value=-0.000231621 4.79432e-05 -0.00134358 -0.0126606 -0.00277992 -0.00682362 0.00607013 0.00641044 0.0227391 0.00957349 -0.00572379 0.0345477 0.0669285 0.124022 0.0345473 0.00124164 0.016492 0.000233906 -0.0163543 -0.00658302 0.012891 0.0789025 -0.0152843 -0.000703104 0.0231584 -0.00884686 0.00750782 0.0243938 0.042919 0.0200625
internal_weight=563.391 560.246 459.705 62.1168 45.5381 42.7877 23.3029 100.541 24.1739 18.6249 14.9622 5.27684 5.549 2.00822 3.54079 76.3671 25.8958 16.0325 12.7718 50.4713 15.5869 3.86128 34.8844 22.8159 10.61 11.7256 8.75671 6.83347 9.86332 15.6088
internal_count=17953 13480 11244 1553 1038 981 482 2236 607 501 445 138 106 41 65 1629 444 347 285 1185 294 47 891 628 203 247 201 76 97 337
is_linear=0
shrinkage=0.05


Tree=92
num_leaves=31
num_cat=0
split_feature=3 13 8 14 13 11 14 5 11 3 15 3 3 0 1 3 3 15 0 14 3 16 11 14 9 11 4 5 14 9
split_gain=2.98439 1.93243 2.55692 2.61287 2.25963 4.01895 3.14428 4.10879 5.03651 4.24089 3.74722 3.73741 4.49467 3.6942 5.33082 4.16649 3.79582 3.55363 6.81034 5.95068 5.91903 5.75638 4.6824 4.55828 3.98146 3.45617 3.42314 3.38408 7.74233 9.05812
threshold=-21.045165055078026 -1.5653978456999458 -1.2059998536552694 -1.6810116718587669 -0.69275496864607311 18769520.500000004 2.3439628309115119 89.309523809523952 -8290369.9999999991 0.71677778523683422 -1.2721289976487642 0.85277297244549233 0.46032095859448574 -1.0000000180025095e-35 0.1905040097592558 4.8557406425338412 3.3340482731347065 0.18791069634681551 1.0000000180025095e-35 0.74947744631299962 -4.1953868962920433 -0.00043872999999999997 236479.50000000003 0.037493752248770031 -0.72316111627122603 1839899.5000000002 21.370023419203708 16.666666666667378 -0.89398415878161719 -0.71306053895116517
decision_type=2 2 2 2 2 2 2 2 2 2 2 2 2 2 2 2 2 2 2 2 2 2 2 2 2 2 2 2 2 2
left_child=-1 2 -2 -4 5 6 7 11 -9 10 -10 12 17 14 -11 -16 -15 19 -19 20 -3 -20 24 26 -23 -24 -22 -28 -29 -30
right_child=1 4 3 -5 -6 -7 -8 8 9 13 -12 -13 -14 16 15 -17 -18 18 21 -21 23 22 25 -25 -26 -27 27 28 29 -31
leaf_value=-0.050033597816055722 0.031902101340265526 0.085444125727427545 0.051532266005613725 -0.054618472258721455 -0.0011298769723335294 0.090491212860689729 -0.038111020548448775 -0.053923957828687877 -0.014595240147789706 0.06861548306997145 0.062403764868869983 -0.038567664567793404 0.056575868490563355 -0.053433794069356721 -0.066941688513670855 0.039969206343402126 0.027295818473577222 -0.050122375611581726 -0.033072934322953391 -0.053951743743794724 -0.053452143108663655 0.021774106109179975 0.11139554718903351 -0.052553019730815644 -0.055307877709585389 0.020170732480753711 0.071875011033255151 -0.05410392107126797 -0.054898047157281464 0.056304407268795702
leaf_weight=2.9915692085633045 1.4937627721228635 3.1566984001547125 0.65876648947596539 4.8307640234124838 452.54932471027132 1.4271915794815857 3.8837185103329821 1.9479243457317377 1.860513250343504 4.5458503216505033 10.482953244820235 5.4892156929126932 3.8807619186118236 3.4374898681417099 1.7909906134009363 1.8553868010640142 2.5260544344782829 8.1483491528779286 6.8955089822411564 2.9231781903654328 1.4586626039818025 6.9730688920244592 2.1440133592113844 2.4170380737632504 2.2049665665253961 2.0131678218021989 3.3094191122800138 3.114146637730312 2.2745606489479639 9.3960404293611397
leaf_count=4473 36 16 8 198 10688 9 73 13 24 24 102 1237 55 44 26 16 15 203 52 92 33 64 32 88 50 32 39 84 33 94
internal_value=-0.000226676 3.98301e-05 -0.0260976 -0.0418799 0.000370428 0.00719027 0.00597875 0.00779561 0.0236732 0.0293773 0.0507978 0.000931155 0.00452623 0.0106991 0.032492 -0.0125422 -0.0192381 0.000946637 -0.0115278 0.0135675 0.0214226 0.00401697 0.0231958 0.0122238 0.00325563 0.0672188 0.0202312 0.0261712 0.0159409 0.0346314
internal_weight=562.081 559.089 6.98329 5.48953 552.106 99.5569 98.1297 94.246 28.4472 26.4992 12.3435 65.7988 60.3096 14.1558 8.19223 3.64638 5.96354 56.4288 28.3791 28.0497 25.1266 20.2307 13.3352 21.9699 9.17804 4.15718 19.5528 18.0942 14.7847 11.6706
internal_count=17953 13480 242 206 13238 2550 2541 2468 264 251 126 2204 967 125 66 42 59 912 433 479 387 230 178 371 114 64 283 250 211 127
is_linear=0
shrinkage=0.05


Tree=93
num_leaves=31
num_cat=0
split_feature=3 4 4 3 10 13 3 9 3 0 8 14 14 3 9 3 15 14 6 14 10 14 10 13 8 12 2 1 14 16
split_gain=2.83873 1.90724 6.65099 6.47826 4.67369 5.0208 3.63338 5.06084 3.48683 3.53318 3.38688 6.01808 4.39593 9.59175 4.082 6.30369 5.28914 4.97494 3.94777 4.18651 4.90069 3.3301 3.22962 5.96107 3.30916 6.69775 3.21169 5.62802 7.38391 4.30502
threshold=-21.045165055078026 99.999962565236913 63.157894736842103 -1.5527272602748112 1.8146561524278544 -0.37356046433106427 10.639835338195335 2.1246972053821316 5.3240046193354722 -1.0000000180025095e-35 1.1915545666067997 -0.84108555029533061 -1.8065368843696861 3.5802804892350735 0.51882836632326523 4.1003122107509702 0.079794571259498751 2.1417449736167216 -0.26650729186529981 -0.16902961727067503 0.41092226948119037 -2.3302361339786875 1.5167601707121767 -0.53954357141438669 -1.4758858957813001 -118.57000000006518 3.9014936980379473 1.1461982969987892 -0.96043895504223697 -0.00052496499999999985
decision_type=2 2 2 2 2 2 2 2 2 2 2 2 2 2 2 2 2 2 2 2 2 2 2 2 2 2 2 2 2 2
left_child=-1 2 26 -4 6 -6 7 10 21 -10 12 -12 13 -3 18 -16 17 -17 19 20 -14 -7 24 -24 25 -5 27 -2 -29 -30
right_child=1 4 3 22 5 8 -8 -9 9 -11 11 -13 14 -15 15 16 -18 -19 -20 -21 -22 -23 23 -25 -26 -27 -28 28 29 -31
leaf_value=-0.050031959754855748 -0.00026937871799530337 0.10797131426232064 0.1111880346266674 -0.026798994941903954 -0.058997853614793039 0.049067036923130136 0.04647821670071333 -0.05214318602406931 -0.0065162311604428733 0.058461205781543936 -0.026990646540167165 0.065970696356410508 0.11855229863730275 -0.0011214225027907795 -0.049061976082987985 0.056784855011675565 -0.056508355642117952 -0.01787805209778923 -0.034363597589665611 0.0075744601528176109 0.016637508083531597 -0.057845063780330587 0.051447532085574392 -0.040376556904476897 -0.044277871526979526 0.13827955301365283 -0.057027189487229839 -0.055071412071719145 -0.0030177639366190771 0.067503149754479588
leaf_weight=2.8457594927749588 429.51779604080366 3.1858336068689805 0.87009100802243011 3.032673411071301 4.8153991578146842 0.91982594877481449 7.4095911206095471 3.1702396320179096 5.3577555529773235 3.4323468059301359 2.3783637257292867 6.4963468038476986 2.3942380063235751 5.4818235542625189 8.2394051644951123 5.3441273486241681 2.4935565320774904 3.830115532502532 2.7813487956300369 7.096108707599341 2.3250461858697236 3.4990141475573173 3.3084010845050216 3.7947677960619322 19.782593381823972 0.77057941816747799 2.4211519259260958 2.0178426527418187 2.9406603942625216 8.1950703812763077
leaf_count=4473 8917 23 10 129 29 11 82 39 50 28 32 60 18 35 157 32 13 49 46 76 25 89 37 202 1037 23 2059 46 32 94
internal_value=-0.000220781 3.35701e-05 -0.00116961 -0.0233503 0.00714447 -0.0152915 0.0136017 0.00918999 0.000641928 0.0188561 0.0129259 0.0410577 0.00714291 0.0389761 -0.000853826 -0.0155802 0.00806354 0.0256142 0.0192301 0.0318461 0.068342 -0.0355902 -0.0271647 0.00239181 -0.0360661 0.00664767 0.000403105 0.000717215 0.0329335 0.0488804
internal_weight=560.148 557.302 476.652 31.5591 80.6505 18.0243 62.6261 55.2166 13.2089 8.7901 52.0463 8.87471 43.1716 8.66766 34.5039 19.9072 11.6678 9.17424 14.5967 11.8154 4.71928 4.41884 30.689 7.10317 23.5858 3.80325 445.093 442.671 13.1536 11.1357
internal_count=17953 13480 12586 1438 894 207 687 605 178 78 566 92 474 58 416 251 94 81 165 119 43 100 1428 239 1189 152 11148 9089 172 126
is_linear=0
shrinkage=0.05


Tree=94
num_leaves=31
num_cat=0
split_feature=3 8 11 15 6 12 4 4 2 1 4 15 1 9 3 4 14 0 15 2 3 15 5 3 11 16 3 3 11 14
split_gain=2.71529 3.42493 4.69064 2.56679 1.98424 1.98811 2.25283 6.41562 2.99422 5.79983 3.44263 6.31758 8.04353 6.02398 5.55919 5.42916 3.80227 6.97815 6.91199 6.30418 15.4477 8.99049 9.71223 6.29711 5.87954 6.40449 7.12112 5.65729 5.99195 5.7426
threshold=-12.450507552553509 -1.6768137478004743 -4922610.4999999991 1.1674567520208674 1.496552364784671 2880.1724999998701 99.999962565236913 73.300330033003249 3.9014936980379473 3.3528902807586478 49.390153205414244 -0.93390805490727613 1.1461982969987892 -1.7773791796759275 -3.0443477909104089 49.179445789615265 -0.71641470634090598 1.0000000180025095e-35 0.60649043153111915 0.32401746762260281 0.082103759847436342 -0.46164690828379656 50.000000000000078 1.401523168534166 -900667.99999999988 -1.0000000180025095e-35 1.7660585669196691 -1.654477187698487 1800720.5000000002 0.061979831425392443
decision_type=2 2 2 2 2 2 2 2 2 2 2 2 2 2 2 2 2 2 2 2 2 2 2 2 2 2 2 2 2 2
left_child=1 2 -1 -4 5 6 7 8 9 10 15 12 -12 -14 -13 -2 17 -16 -19 23 -21 24 -23 27 -22 26 -26 29 -29 -18
right_child=4 -3 3 -5 -6 -7 -8 -9 -10 -11 11 14 13 -15 16 -17 19 18 -20 20 21 22 -24 -25 25 -27 -28 28 -30 -31
leaf_value=-0.062347598890417411 0.0019094693515269911 -0.054692879045620452 -0.053655459327582478 0.1053905337950875 0.047299488678757627 -0.038539304889054826 0.0081459407105070967 -0.04563358254166943 -0.05637095550043713 0.090842969486707545 -0.037652171237755896 0.055183341332115735 0.11534700502772957 -0.0015078706685690221 -0.048981629877934363 0.10190557316439011 0.077012104178158999 -0.050309994830056617 0.023188322827071929 0.070757605718156674 -0.043114514422950174 0.16393747122637423 -0.027004696257403923 0.092516746908025416 -0.035826330037272362 0.16058763938085552 0.11885110023499548 -0.047671771672980381 0.015984832937232085 -0.03342597359966281
leaf_weight=1.1143411560915413 328.82879046117887 4.9121752883656873 0.32026673230575387 1.2201206979225387 2.2264433804666615 3.3257820111466563 77.273797290632501 7.9391296287067226 2.3686896605067878 1.7499017491936673 27.355312488507479 4.2554647140204898 1.4294419651851056 4.8276617266237727 11.268039415590465 1.363022825680672 2.6729358131997349 4.451403185725213 11.367754589300601 9.800711212679742 1.2933673583902416 0.69112434098497288 18.298242813441902 1.2961854748427857 1.6217813370749352 1.5404954170808225 1.3749678931199012 15.179528739536183 4.8868917371146372 2.1033626310527325
leaf_count=91 5782 4112 219 122 61 62 868 492 2047 9 1380 37 19 95 641 17 35 108 181 71 37 35 580 16 61 36 16 543 127 53
internal_value=-0.000215825 -0.0299637 0.0157939 0.0723228 0.00019286 1.66902e-06 0.000236757 -0.00106927 -0.000300175 -9.9696e-06 -0.00035869 -0.00740023 -0.0259542 0.0251877 -0.000629002 0.00232225 -0.00333266 -0.0189122 0.0025064 0.00361284 0.0176072 -0.00338041 -0.0200553 -0.0149225 0.050927 0.0777341 0.0351427 -0.0205282 -0.0321691 0.0283779
internal_weight=558.357 7.5669 2.65473 1.54039 550.79 548.564 545.238 467.964 460.025 457.656 455.906 125.715 33.6124 6.2571 92.1023 330.192 87.8468 27.0872 15.8192 60.7596 34.6207 24.82 18.9894 26.1389 5.83061 4.53724 2.99675 24.8427 20.0664 4.7763
internal_count=17953 4544 432 341 13409 13348 13286 12418 11926 9879 9870 4071 1494 114 2577 5799 2540 930 289 1610 836 765 615 774 150 113 77 758 670 88
is_linear=0
shrinkage=0.05


Tree=95
num_leaves=31
num_cat=0
split_feature=3 1 2 13 13 6 1 9 12 11 15 2 2 12 14 10 7 10 12 4 11 16 10 14 3 15 16 3 3 3
split_gain=2.57016 1.80523 4.8539 3.56113 5.33357 5.93994 4.1461 3.45841 4.12649 4.06799 4.03463 3.44027 3.18315 4.88529 6.77258 7.87991 5.28037 5.89986 4.61231 4.93513 3.99419 4.11992 3.77031 3.62085 3.5479 5.24353 3.39491 4.33648 5.15831 4.04951
threshold=-21.045165055078026 -1.9995242383984839 -2.4608109126818349 -0.42307776315328333 -0.32397341358831472 -0.72601813473365251 -1.1625334969124752 -2.6444992902601219 -232.90999999991615 -6054880.9999999991 -0.86643557798013437 -3.3979021069153093 -0.27078374572192926 -2.248499999986961 0.96194794444200971 2.8191869170130639 1.4086366252717137 0.065908461652296552 -54.231999999843531 58.333333333333357 -7695766.4999999991 -0.00042657999999999997 0.26817657589374028 2.6026129496205885 5.8169330748549948 -0.57974951392466056 -0.00053165999999999988 -1.5527272602748112 -1.829821149639508 0.34463892267289259
decision_type=2 2 2 2 2 2 2 2 2 2 2 2 2 2 2 2 2 2 2 2 2 2 2 2 2 2 2 2 2 2
left_child=-1 7 3 -3 -5 6 -6 -2 9 -9 -11 -7 13 18 15 -15 20 -18 19 22 -16 -22 -4 26 -25 -26 27 28 -14 -28
right_child=1 2 12 4 5 11 -8 8 -10 10 -12 -13 23 14 16 -17 17 -19 -20 -21 21 -23 -24 24 25 -27 29 -29 -30 -31
leaf_value=-0.050029060410372084 -0.059085465035167518 -0.006183148180120941 0.0002889793156276047 0.068537345522626678 0.0024981218669658653 0.0095788851928224113 0.070358837791675913 -0.017858615689163946 -0.029862210087464699 -0.021786798554763162 0.059818413919387282 -0.056746931088187284 -0.010812663285977249 -0.037411578390009609 0.055240198929799506 0.088751043249965009 0.13463161060422188 0.0024331087020500299 0.034364671016262192 0.11600960016513313 0.010184387191160455 -0.045639301993546488 -0.033497707825980459 -0.040313847932012058 -0.018938582162170179 0.07669514779513914 0.015267754384289456 -0.0057974013775433913 0.082262967194226697 0.0014060637151257979
leaf_weight=2.5774791482253923 3.4790218559792292 9.962401239841709 45.940251458901912 6.3828995823860195 3.8076261703390628 5.1625319011509427 5.5051123076118547 6.1735436190501787 10.157319619844198 2.1049075704067945 5.4011850792449003 3.1468121435027543 2.8467441452667117 32.320460934657604 2.1720440923236319 1.2869364148937155 1.5171906324103468 1.9020154811441896 9.1001331992447358 0.84428691957145829 6.5648299674503505 6.6564187079202384 10.066356215160338 9.8774774845223892 5.7019635882461444 1.9145894611137908 82.461330971680582 121.9999308102997 3.1201523263007394 145.92514788580593
leaf_count=4473 50 94 1170 32 58 53 46 72 400 47 82 77 76 1301 29 25 14 44 241 13 136 277 448 358 95 21 1356 2345 26 4494
internal_value=-0.000215928 1.60355e-05 0.000666638 0.0189474 0.0293769 0.0151926 0.0426132 -0.0125165 -0.00571968 0.0122065 0.0369341 -0.0155392 -0.000594893 -0.00774058 -0.019134 -0.0325804 0.00488708 0.061093 0.00131528 -0.00397494 -0.00759755 -0.0179208 -0.00578368 0.00166764 -0.0205411 0.00510108 0.00275791 -0.00376184 0.0378576 0.00641097
internal_weight=556.079 553.502 526.186 33.9674 24.005 17.6221 9.31274 27.316 23.837 13.6796 7.50609 8.30934 492.218 118.371 52.4199 33.6074 18.8125 3.41921 65.951 56.8509 15.3933 13.2212 56.0066 373.847 17.494 7.61655 356.353 127.967 5.9669 228.386
internal_count=17953 13480 12829 360 266 234 104 651 601 201 129 130 12469 3698 1826 1326 500 58 1872 1631 442 413 1618 8771 474 116 8297 2447 102 5850
is_linear=0
shrinkage=0.05


Tree=96
num_leaves=31
num_cat=0
split_feature=3 8 11 15 1 3 1 10 13 1 3 13 15 2 11 13 12 14 2 13 14 13 10 13 14 10 13 1 1 1
split_gain=2.47882 3.18863 4.09221 2.2033 1.87418 2.94789 4.47093 4.5081 4.86758 3.86883 4.65069 3.65365 5.02491 2.96852 2.56753 3.4777 3.94299 3.92681 3.79507 3.41554 3.52301 3.39542 6.98464 8.43809 7.68362 5.70459 5.02837 8.41493 7.57942 9.16783
threshold=-12.450507552553509 -1.6768137478004743 -4922610.4999999991 1.1674567520208674 -5.3671738291891193 -6.0948933452250573 -0.18420767439601984 -0.43155773461206065 -0.46307657509676742 -1.836264855484864 3.5802804892350735 -0.2967757657065016 0.6457792070169317 -4.060931656164473 -5876022.4999999991 1.0576517838718369 -287.08899999991985 -1.7223050364097747 -1.7545399210701789 2.9452420699179909 1.470248565263256 -0.53954357141438669 1.1509016530602494 -1.3319763164904257 2.6620815426478233 -0.20869804387202776 -0.37356046433106427 0.39189338279692004 1.0000000180025095e-35 0.00049969104817804133
decision_type=2 2 2 2 2 2 2 2 2 2 2 2 2 2 2 2 2 2 2 2 2 2 2 2 2 2 2 2 2 2
left_child=1 2 -1 -4 -2 6 7 8 -6 10 -7 -10 -13 -11 15 16 -15 -18 -19 -17 -21 22 25 -24 -25 -16 27 28 -23 -30
right_child=4 -3 3 -5 5 9 -8 -9 11 13 -12 12 -14 14 21 19 17 18 -20 20 -22 26 23 24 -26 -27 -28 -29 29 -31
leaf_value=-0.061381748245345473 -0.029327107083607841 -0.054607030038081497 -0.053775328620742559 0.096724599100218661 -0.056957345940831162 -0.038572354706663037 -0.054067001635289262 0.056710471483130277 0.077872716332177683 0.087529706440507504 0.081746599466317793 -0.042804669447236397 0.032368966816328858 0.034150349486631801 0.0097289701426324302 -0.0548499692593577 -0.029119374205106165 -0.043663357868164387 0.020180678504129173 0.054750854936699893 -0.058048158608800429 -0.029443122490143234 -0.057586726843257025 0.040830878273140934 -0.065318851256444654 -0.01440526201631246 -0.0012604339441616296 -0.068700598245539687 0.068818790184750886 -0.0090046658909163687
leaf_weight=1.0439406426157805 5.3322918866178943 4.5606974517577319 0.30312253296142433 1.2299090685555709 2.3909972384572074 10.411949213361364 1.9954968709498633 7.1508484967052945 2.2974420785903957 0.97373001021332939 0.87026539439102713 3.2859333667438424 6.8720493256114423 17.240197484497912 55.886398126720451 3.7936071164440355 6.8347669361392027 2.5947205754928317 22.614863944181707 2.0188198054675017 1.0534164614509789 22.47861779195955 2.7467966045369421 27.003028949024159 1.8196601528907184 43.576534990570508 270.4558811391471 7.1914071907522148 5.3695408959174555 12.818207294272723
leaf_count=91 298 4112 219 122 24 260 53 46 10 5 16 50 60 221 1420 268 88 53 313 52 47 367 99 613 22 1267 7221 265 78 193
internal_value=-0.000211088 -0.0294862 0.0149722 0.0669666 0.000170862 0.000461205 0.0175948 0.0240957 0.0083866 -0.000332771 -0.0292914 0.0209303 0.00805158 0.000312317 0.000144311 0.0102248 0.0148692 0.0044958 0.0136095 -0.0231138 0.016074 -0.00111535 0.00565895 0.0261493 0.0341293 -0.00084468 -0.00390396 -0.0188432 -0.0100264 0.013971
internal_weight=554.215 7.13767 2.57697 1.53303 547.077 541.745 23.9928 21.9973 14.8464 517.752 11.2822 12.4554 10.158 506.47 505.496 56.1504 49.2845 32.0444 25.2096 6.86584 3.07224 449.346 131.032 31.5695 28.8227 99.4629 318.314 47.8578 40.6664 18.1877
internal_count=17953 4544 432 341 13409 13111 243 190 144 12868 276 120 110 12592 12587 1042 675 454 366 367 99 11545 3421 734 635 2687 8124 903 638 271
is_linear=0
shrinkage=0.05


Tree=97
num_leaves=31
num_cat=0
split_feature=3 8 11 13 14 10 3 13 1 0 14 5 15 14 15 3 3 13 13 9 1 2 15 14 15 5 14 15 3 8
split_gain=2.32934 3.03443 3.76363 2.01658 1.83226 5.17141 4.35524 4.93529 4.88021 4.2763 4.39305 5.79473 5.69776 7.51554 9.07091 8.30367 7.89781 5.18006 7.31202 5.45009 5.59184 8.94187 5.67217 4.95809 4.25317 4.27882 10.619 5.92895 6.84614 5.89438
threshold=-12.450507552553509 -1.6768137478004743 -4922610.4999999991 -0.28147260494746723 0.90031155945258334 1.9709549763764327 -8.3148124993773305 -0.21090157418299019 -1.836264855484864 1.0000000180025095e-35 -0.5331829668785798 99.743589743589794 1.7426770171220245 -1.7440848447953488 -0.29027352089753583 -1.3997300719882118 -3.0443477909104089 0.056668400781957416 -0.13827584275400753 -1.0084493533125376 1.0000000180025095e-35 -2.0491435492270864 1.1674567520208674 0.74947744631299962 2.731762999369352 79.289318755256247 -0.51812296434954841 0.37973444206601187 -0.11499934431934229 -2.2585060386166247
decision_type=2 2 2 2 2 2 2 2 2 2 2 2 2 2 2 2 2 2 2 2 2 2 2 2 2 2 2 2 2 2
left_child=1 2 -1 -4 6 -6 7 -2 -8 24 11 12 13 14 -11 16 -15 18 19 23 21 -21 -22 -12 25 26 -10 -28 -29 -27
right_child=4 -3 3 -5 5 -7 8 -9 9 10 17 -13 -14 15 -16 -17 -18 -19 -20 20 22 -23 -24 -25 -26 29 27 28 -30 -31
leaf_value=-0.060875333014907988 -0.035744031767646081 -0.054417099565262396 -0.05279387267258482 0.092193794099604875 0.0067716865427289927 -0.029247044150636611 -0.03558951403461446 0.048384828274804476 -0.03959585934590043 -0.052956068937601866 -0.055734934159701113 0.038441269257924481 -0.034753903228316639 -0.050801087347926127 0.055213079013027404 -0.026256418329288597 0.059127644948729685 -0.042162694971297439 0.046391634472334325 0.048171713532365643 -0.0025122728588537297 -0.042377943232801162 0.066788712544616297 0.045470070864573192 0.047375344653336982 0.069327772534504825 0.0068274215874481936 -0.053033786265894813 0.031293599749907863 -0.0026994786768766354
leaf_weight=1.0010791432578119 2.2218409851193419 4.3530302866711272 0.29802101268433023 1.2281272546970283 157.72240737610264 10.637445430620572 10.929003856610505 8.0932064112275821 29.443244311783928 2.2611036192392939 7.9523985479609092 18.418101577553898 7.444103493995498 2.128436517668888 13.56890006724279 15.787413743208164 7.0320490172598493 7.8975094086490563 7.5963001603959119 3.7562406220822551 6.4301747252466139 9.9447010190924683 5.4596147458069026 1.4273994126706382 3.7420943038305259 2.896045919507741 41.66417237801943 9.6539457733742875 3.2061882379930458 147.92063114140183
leaf_count=91 22 4112 297 44 3951 325 365 61 2266 88 123 157 203 20 144 502 94 407 223 24 180 263 76 12 81 30 1369 348 149 1926
internal_value=-0.000205524 -0.0291164 0.0144629 0.0638811 0.000159299 0.00449592 -0.00177798 0.0302636 -0.00267964 -0.00166828 0.00615675 0.0145841 0.005472 0.0128153 0.0397626 -0.0042833 0.0335857 -0.00497189 0.0019282 -0.00773015 0.00422008 -0.0175529 0.0293097 -0.0403338 -0.00550997 -0.00635288 -0.0153991 -0.00233278 -0.0320099 -0.00131638
internal_weight=552.115 6.88026 2.52723 1.52615 545.235 168.36 376.875 10.315 366.56 355.631 117.104 66.6401 48.222 40.7779 15.83 24.9479 9.16049 50.4643 42.5668 34.9705 25.5907 13.7009 11.8898 9.3798 238.526 234.784 83.9676 54.5243 12.8601 150.817
internal_count=17953 4544 432 341 13409 4276 9133 83 9050 8685 2516 1208 1051 848 232 616 114 1308 901 678 543 287 256 135 6169 6088 4132 1866 497 1956
is_linear=0
shrinkage=0.05


Tree=98
num_leaves=31
num_cat=0
split_feature=3 4 4 10 13 3 9 3 0 14 8 14 14 3 9 3 15 14 3 2 2 2 1 4 15 1 9 14 0 15
split_gain=2.21061 1.73503 6.03278 3.91005 4.38182 3.45736 4.61736 3.23638 3.16769 3.10483 3.02505 5.30318 3.89319 8.33167 3.61072 5.8931 4.87125 4.54549 3.79485 7.82519 2.96823 2.78645 5.02782 3.02937 6.04153 7.23695 5.30525 5.19321 6.35351 6.05412
threshold=-21.045165055078026 99.999962565236913 73.300330033003249 1.8146561524278544 -0.37356046433106427 10.639835338195335 2.1246972053821316 5.3240046193354722 -1.0000000180025095e-35 -2.3302361339786875 1.1915545666067997 -0.84108555029533061 -1.8065368843696861 3.5802804892350735 0.51882836632326523 4.1003122107509702 0.079794571259498751 2.1417449736167216 2.9071143028400885 3.0968936754978977 0.15052575173535576 3.9014936980379473 3.3528902807586478 49.390153205414244 -0.93390805490727613 1.1461982969987892 -1.7773791796759275 -0.71641470634090598 1.0000000180025095e-35 0.60649043153111915
decision_type=2 2 2 2 2 2 2 2 2 2 2 2 2 2 2 2 2 2 2 2 2 2 2 2 2 2 2 2 2 2
left_child=-1 2 21 5 -5 6 10 9 -9 -6 12 -12 13 -3 18 -16 17 -17 -14 -20 -4 22 23 -2 25 -25 -27 28 -26 -30
right_child=1 3 20 4 7 -7 -8 8 -10 -11 11 -13 14 -15 15 16 -18 -19 19 -21 -22 -23 -24 24 27 26 -28 -29 29 -31
leaf_value=-0.050025289239867279 0.0020064022451936124 0.099803987172253805 0.10821903645971408 -0.055373695474388251 0.044944585532562378 0.045543223258997394 -0.051127746413850234 -0.005635294847218148 0.056061243312968002 -0.057491466751636744 -0.025574882909588731 0.062081945157661168 -0.017267063362679448 -0.0012800904578958768 -0.048322388869240736 0.054529190399682695 -0.054437733603594288 -0.017344079578774072 0.078518388731901964 -0.012287238793665818 -0.05167820313328645 -0.055784578816160314 0.083305069237524357 -0.037010941972675758 -0.048681532751949391 0.10548109970652075 -0.0026803199442837077 0.007109740156398813 -0.049531438398262656 0.020366709537815185
leaf_weight=2.217440653621451 331.42386537959101 3.2470702966675145 0.30224804114550252 4.6826796242967275 0.95199392549693573 7.1162622231640844 3.0653039650060228 5.3274134676903486 3.4135281071066839 3.3176068174652746 2.3532861545681953 6.4675675807520729 5.0651965183205894 5.4766986481845379 7.9431447139941183 5.2905961032956821 2.480644885916262 3.7655011117458344 5.1011261362582427 4.4354146998375654 7.3050620125140995 2.2624315205612211 1.7972865551710118 26.538801208836958 10.801892070798203 1.4734581429511306 4.916758290026336 64.663793835090473 4.2665004234295347 11.30951115163043
leaf_count=4473 5910 23 9 29 11 82 39 50 28 89 32 60 103 35 157 32 13 49 31 31 486 2061 9 1394 653 19 100 1655 108 182
internal_value=-0.000203316 -1.18509e-06 -0.00116344 0.00682699 -0.0138979 0.0127597 0.00849408 0.00102978 0.0184585 -0.0346513 0.0120341 0.0386963 0.00653989 0.0363444 -0.00108908 -0.0151792 0.00764012 0.0246445 0.0177083 0.036285 -0.0453253 -0.000432245 -0.000158332 -0.000487734 -0.00715557 -0.0255089 0.0222596 -0.000517326 -0.0192146 0.00122057
internal_weight=548.78 546.563 467.062 79.501 17.6932 61.8078 54.6916 13.0105 8.74094 4.2696 51.6262 8.82085 42.8054 8.72377 34.0816 19.4799 11.5367 9.0561 14.6017 9.53654 7.60731 459.454 457.192 455.395 123.971 32.929 6.39022 91.0417 26.3779 15.576
internal_count=17953 13480 12586 894 207 687 605 178 78 100 566 92 474 58 416 251 94 81 165 62 495 12091 10030 10021 4111 1513 119 2598 943 290
is_linear=0
shrinkage=0.05


Tree=99
num_leaves=31
num_cat=0
split_feature=3 8 11 15 6 7 7 7 7 15 9 4 14 11 5 16 14 15 3 6 16 9 3 6 13 12 7 8 15 13
split_gain=2.1097 2.883 3.50091 1.84426 1.80123 1.83429 3.76001 5.58747 4.0043 3.30027 4.38316 4.31834 4.35403 3.98366 4.65138 6.31456 3.64291 3.93933 3.26647 2.8351 2.83459 4.6611 3.56975 3.26035 4.6767 4.39795 3.95488 3.46477 3.76761 3.75579
threshold=-12.450507552553509 -1.6768137478004743 -4922610.4999999991 1.1674567520208674 1.496552364784671 -1.1159919019119606 -0.8083171327682025 -0.88058089273081797 -0.89139843402346064 0.93598835974789585 0.4164570467665078 99.999962565236913 0.19224683114920568 -3740429.9999999995 43.288288288288392 -0.00043872999999999997 1.1212240256366817 -1.0000000180025095e-35 4.1003122107509702 -1.3469462641947898 -0.00028149999999999996 1.0306333983406608 -1.3025898176407578 -0.94870420320220872 -0.26913661535366346 -175.3840000000782 -1.1659817824954171 -0.77176816902577594 -0.04444477445443392 -0.13827584275400753
decision_type=2 2 2 2 2 2 2 2 2 2 2 2 2 2 2 2 2 2 2 2 2 2 2 2 2 2 2 2 2 2
left_child=1 2 -1 -4 5 20 7 8 9 10 11 12 13 14 15 -7 -14 18 -18 -9 21 23 -23 27 -25 26 -26 -2 -29 -30
right_child=4 -3 3 -5 -6 6 -8 19 -10 -11 -12 -13 16 -15 -16 -17 17 -19 -20 -21 -22 22 -24 24 25 -27 -28 28 29 -31
leaf_value=-0.060424927760585771 0.0072656853558235382 -0.054342962879966761 -0.053591625167637796 0.088374661588634204 0.04506737532156322 -0.010504177396341255 0.00041333571547690095 0.023711442541598977 0.054605002454365274 -0.03363164803695437 -0.025231829479723203 0.097805761991944559 0.062291737335183922 -0.040803568520365728 -0.042749043479886686 0.16841562902909984 -0.051193275832311036 0.081924079634686231 0.065266986204150237 -0.046106051177663636 -0.0053769938023566707 -0.054514829590947736 0.053988465203724391 -0.036195567693294205 0.01270556796409892 -0.058667446551856399 0.10852070439789928 0.0039596577560963488 0.017971280237677148 0.1097867325871657
leaf_weight=0.95925556786824051 22.225998848734889 4.0616844973410471 0.28141442764899682 1.222791929845698 2.2219505346147335 1.0149667882360516 383.13996800844325 1.623194032406899 2.7366476925672023 9.5334820649004524 11.142299738829022 1.4227555724792171 4.7577186447451805 6.0551712503074757 1.3989377045072613 0.95915294735459644 2.7630253352690493 1.1165673578507265 0.76985071750823397 13.953982700651975 33.8368608073215 0.82965088961645861 8.7823413080186565 8.7864274982130173 9.8539098668261413 1.9273103886516754 1.2091251014498983 3.1977554488112219 1.8149061903241088 2.8832548565696952
leaf_count=91 423 4112 219 122 61 30 9602 28 57 230 259 14 84 174 28 20 80 28 23 484 994 21 172 168 189 69 25 79 28 39
internal_value=-0.000199493 -0.0284598 0.0142155 0.0618149 0.000142021 -4.36128e-05 -0.00139934 -0.0131215 -0.00395099 -0.00786577 -4.29921e-05 0.0138113 0.00746663 -0.0165462 0.0269997 0.0764264 0.0315332 5.83449e-05 -0.0258154 -0.0388308 0.00624661 0.0126407 0.0446231 0.00671738 -0.00802164 0.0110347 0.0231776 0.017373 0.0458239 0.0743183
internal_weight=546.482 6.52515 2.46346 1.50421 539.957 537.735 442.388 59.2478 43.6706 40.9339 31.4004 20.2581 18.8354 9.42823 3.37306 1.97412 9.40716 4.64944 3.53288 15.5772 95.3475 61.5107 9.61199 51.8987 21.7768 12.9903 11.063 30.1219 7.89592 4.69816
internal_count=17953 4544 432 341 13409 13348 11141 1539 1027 970 740 481 467 252 78 50 215 131 103 512 2207 1213 193 1020 451 283 214 569 146 67
is_linear=0
shrinkage=0.05


Tree=100
num_leaves=31
num_cat=0
split_feature=1 2 3 4 13 13 3 2 14 15 14 13 10 13 14 8 13 10 1 3 13 15 13 3 11 2 3 14 3 15
split_gain=2.06979 3.8686 4.09698 3.47257 3.46219 3.21593 8.00799 4.10406 3.80592 3.74043 3.14472 2.86576 4.99691 7.27957 6.3636 6.32424 6.85009 4.86452 8.48262 7.57749 7.23739 6.57045 6.44643 5.64621 8.20801 8.12518 7.10686 6.07057 6.60931 7.83813
threshold=-1.9995242383984839 -2.4608109126818349 -10.20943328898103 1.0000000180025095e-35 -0.46307657509676742 -0.32397341358831472 -10.20943328898103 -6.5318421837299061 3.2759947121198922 1.1674567520208674 1.9130069669848961 -0.53954357141438669 1.1509016530602494 -1.3319763164904257 2.6620815426478233 -0.49102751985834686 -0.82819025426698534 1.2843433736566545 -8.7941137242678884e-08 -0.14471036765094322 -0.35374857567995993 1.8277658534437304 0.13548833024545356 0.021893091014677051 -54834.999999999993 -0.055120903554874749 -0.11499934431934229 0.90031155945258334 -1.2526511350573146 0.31967233058985361
decision_type=2 2 2 2 2 2 2 2 2 2 2 2 2 2 2 2 2 2 2 2 2 2 2 2 2 2 2 2 2 2
left_child=4 2 -2 -4 -1 7 9 -6 -8 -7 -5 12 15 -14 -15 -3 -17 18 23 21 -19 22 -20 25 -25 27 -27 -13 29 -29
right_child=1 11 3 10 5 6 8 -9 -10 -11 -12 17 13 14 -16 16 -18 20 19 -21 -22 -23 -24 24 -26 26 -28 28 -30 -31
leaf_value=-0.054626011532320329 -0.05588866547382576 0.012511679918508857 0.027145055387475522 -0.05535551997209346 -0.061186154390022465 -0.021130830721618789 -0.054516978450875421 0.050943940381938481 0.057103366153643122 0.050185557172974085 0.046714795744309055 -0.021378382241283803 -0.057277968828841355 0.035736128033529928 -0.063592859293373022 0.0027380083383077391 -0.034545070962398901 -0.057244482663118157 0.011329654551510793 0.0021695133240141515 -0.0087116199237597721 -0.029717987240867168 0.064342168109632267 0.039760877033326175 -0.033467648989004506 -0.061555704584273285 0.052735889247566926 -0.011528012431403127 -0.026085074701324391 0.053330672341390967
leaf_weight=4.3295985445438445 1.8238189153489646 51.909898112295195 27.953416826785546 2.5347888558171685 1.0160578583599997 3.015682033495982 9.2508314165752328 4.1452289298176792 0.83239995222538787 4.7103783488273621 1.0744877972174434 43.287212212133454 2.6044458266696919 27.647423876333054 1.7123354433570046 30.64918990075239 20.601094482117333 8.8043427409429551 10.27762711513788 149.83250764926197 60.236285968276206 3.8363605942577115 12.973278521094469 11.252162733580919 5.7986395740881553 13.511040493060134 1.5124114253558207 8.1975534132216179 9.3195837624371034 10.788818135100881
leaf_count=2984 1156 1296 270 60 242 43 242 23 9 32 14 1829 99 625 22 811 712 238 132 3445 1680 47 124 248 311 480 20 205 356 198
internal_value=-0.000194288 0.000512713 0.0169753 0.0211857 -0.0136127 -0.0058823 -0.0159538 0.0288699 -0.0453024 0.0223489 -0.024969 -0.000621121 0.00556283 0.0228362 0.029943 0.000210658 -0.0122487 -0.0030111 -8.5563e-05 0.00656922 -0.0149007 0.0309061 0.040909 -0.0114427 0.0148573 -0.0166199 -0.05005 -0.00960482 0.00840005 0.0253273
internal_weight=545.439 518.139 33.3865 31.5627 27.3002 22.9706 17.8093 5.16129 10.0832 7.72606 3.60928 484.752 135.124 31.9642 29.3598 103.16 51.2503 349.628 280.587 176.92 69.0406 27.0873 23.2509 103.667 17.0508 86.6166 15.0235 71.5932 28.306 18.9864
internal_count=17953 14378 1500 344 3575 591 326 265 251 75 74 12878 3565 746 647 2819 1523 9313 7395 3748 1918 303 256 3647 559 3088 500 2588 759 403
is_linear=0
shrinkage=0.05


Tree=101
num_leaves=31
num_cat=0
split_feature=1 2 3 13 13 13 6 2 1 3 1 9 3 13 8 14 2 12 14 10 7 10 12 4 11 10 2 2 13 14
split_gain=1.92117 3.50219 3.79208 3.30993 3.1966 4.07768 4.61864 4.2616 3.89466 6.68183 3.55 2.98457 3.1786 7.61866 4.37159 3.48256 2.75187 4.2737 6.01218 6.75368 4.69367 5.24798 4.11267 3.98639 3.54183 3.33597 3.17388 5.94968 8.43797 6.49725
threshold=-1.9995242383984839 -2.4608109126818349 -10.20943328898103 -0.46307657509676742 -0.42307776315328333 -0.32397341358831472 -0.77515583164386537 -3.3979021069153093 -0.32893084265286138 -2.8372096413771444 -1.1625334969124752 -2.6444992902601219 -10.20943328898103 -0.32397341358831472 -1.2217954921239957 3.2759947121198922 -0.27078374572192926 -2.248499999986961 0.96194794444200971 2.8191869170130639 1.4086366252717137 0.065908461652296552 -54.231999999843531 58.333333333333357 -14635323.499999998 0.26817657589374028 -0.069509460906527404 -0.017574708943454257 -0.56652576277585109 0.211840850309849
decision_type=2 2 2 2 2 2 2 2 2 2 2 2 2 2 2 2 2 2 2 2 2 2 2 2 2 2 2 2 2 2
left_child=3 2 -2 -1 8 -6 10 -8 9 -4 -7 -5 14 -14 -13 -15 17 22 19 -19 24 -22 23 25 -20 -3 -18 28 29 -28
right_child=1 16 4 11 5 6 7 -9 -10 -11 -12 12 13 15 -16 -17 26 18 20 -21 21 -23 -24 -25 -26 -27 27 -29 -30 -31
leaf_value=-0.054407604113380283 -0.055612920177838622 3.8437705864666383e-06 -0.050353196077608575 -0.057944957186627677 0.065187161773247751 0.0052549906756919089 0.019100271249678162 -0.05649695327561105 0.055307588713585071 0.059569650386234234 0.071674742546754364 0.058488441269696649 0.037605696928338005 -0.053528829479154695 -0.021603017769798047 0.054517898242027463 0.015731491161388157 -0.036258127370026087 0.082463176706113472 0.077719409093103417 0.12546193584179557 0.0014870693216444809 0.032140753690525506 0.099440750216268345 -0.014114827391863786 -0.032381930874207231 0.046009598478446073 0.0015977138097591653 -0.055982247853062453 -0.057174075235399593
leaf_weight=4.1345568122924332 1.7432550606026769 45.333162766241003 5.3447773549705744 2.4399288566783097 6.1217441800981787 3.5015545482747257 4.8124996642582172 3.0430192316416553 2.1103885658085364 1.8648437465308232 4.7283120406791621 4.3772331982618233 4.5725921929115438 7.4796701581217295 2.7895228131674239 0.82838477380573738 35.485932879906613 30.55435025255429 1.0175919812172658 1.3574384269304562 1.5448470916599029 1.907785810617497 9.190327250515109 0.91696757217869063 14.148935656587128 9.6430106096959189 4.934298479929569 314.07815900194691 10.767673043883404 2.2084486735984683
leaf_count=2984 1156 1188 60 42 32 54 49 80 14 14 41 69 36 220 215 9 700 1310 9 25 14 45 247 13 443 450 54 8154 186 40
internal_value=-0.000192882 0.00048243 0.0161733 -0.0132912 0.0201427 0.0304568 0.0172392 -0.0101841 -0.00443326 -0.0219205 0.0434152 -0.00573153 0.000623261 -0.0142276 0.0273144 -0.0427556 -0.000598206 -0.00732608 -0.018236 -0.0314098 0.00434287 0.0569584 0.00114442 -0.0039522 -0.00763497 -0.00567673 0.00151851 -7.00169e-07 -0.0280306 0.0141065
internal_weight=542.981 516.359 33.2704 26.6219 31.5271 22.2071 16.0854 7.85552 9.32001 7.20962 8.22987 22.4873 20.0474 12.8806 7.16676 8.30805 483.089 115.614 50.5309 31.9118 18.6192 3.45263 65.0835 55.8931 15.1665 54.9762 367.475 331.989 17.9104 7.14275
internal_count=17953 14378 1500 3575 344 256 224 129 88 74 95 591 549 265 284 229 12878 3744 1846 1335 511 59 1898 1651 452 1638 9134 8434 280 94
is_linear=0
shrinkage=0.05


Tree=102
num_leaves=31
num_cat=0
split_feature=3 13 14 14 13 11 14 3 13 11 3 13 2 1 13 11 14 9 0 14 2 10 10 3 1 1 1 0 15 14
split_gain=1.81342 1.64563 2.17634 2.74671 1.94473 3.36239 2.54248 4.36777 3.86856 3.64963 3.59288 5.31967 4.20003 7.89656 5.39118 5.99467 6.84619 7.78062 6.97882 6.2304 7.74412 5.57047 5.27307 4.68903 4.17878 12.8518 5.6902 10.2539 7.9897 7.54865
threshold=-21.045165055078026 -1.5653978456999458 -1.6810116718587669 1.3606492655337579 -0.69275496864607311 18769520.500000004 0.90031155945258334 -8.3148124993773305 2.4590833806729573 -10561387.499999998 -8.3148124993773305 -0.28147260494746723 -0.29264941453017129 -0.16784804371852452 0.43020090278308892 -6240728.9999999991 -0.094105656279018776 -0.28708730835972923 -1.0000000180025095e-35 1.0000000180025095e-35 -2.1799010817336 0.1285610131058513 -1.0367910075551989 -2.0913808946959285 1.9567680809018387e-05 1.0000000180025095e-35 -1.0000000180025095e-35 -1.0000000180025095e-35 1.5443894857714009 -1.0571365058263462
decision_type=2 2 2 2 2 2 2 2 2 2 2 2 2 2 2 2 2 2 2 2 2 2 2 2 2 2 2 2 2 2
left_child=-1 2 -2 -4 5 -3 10 -8 9 -9 11 -6 13 14 15 23 17 -17 -19 21 -21 22 -18 -12 25 26 27 29 -29 -14
right_child=1 4 3 -5 6 -7 7 8 -10 -11 12 -13 24 -15 -16 16 19 18 -20 20 -22 -23 -24 -25 -26 -27 -28 28 -30 -31
leaf_value=-0.050021072741007193 0.044394860248586028 0.0056098394194484986 -0.053951986190232872 0.034913993574796708 -0.058990346851179501 0.083823606777482879 -0.055887855478670423 0.037236526859304252 -0.041559701079561216 0.0048075397147641606 -0.051869178538004837 0.035288858635988726 -0.039196327090589345 -0.048528437616036618 -0.04480285005489807 -0.041576178814750842 0.090661571630032606 -0.052072767080075702 0.050063432289841482 0.040469068043149321 -0.04241559062691555 0.13464464520539154 -0.029247611478235042 0.046185886000949035 -0.0068673196251414007 0.050644823289897979 -0.052993501501618794 0.037630493078630561 -0.062300033732362363 0.0071422257459662093
leaf_weight=1.8195620640472032 0.96623396314680565 94.006311851902865 4.5217253048322155 1.0765419519157147 1.7350965756922949 1.3944938258500759 2.9527090187184504 9.3068072474561614 4.226754752919077 128.0125849552569 7.7675646459683776 10.86736974865198 16.50835736194858 14.477280886843799 8.0202622616197896 10.35779316711705 1.9667384998756463 2.2799025941640121 6.277591656427834 7.6867434987216265 4.4494114201515886 2.2474155472591519 1.7175203952938343 1.446225400082765 133.2840032830718 14.24264122295426 5.0187834792886852 21.146546784904789 2.2091616550460449 18.794469544256575
leaf_count=4473 12 2541 210 20 20 9 83 113 424 3033 103 99 346 526 1082 206 23 112 134 95 148 23 28 26 3025 108 311 231 42 347
internal_value=-0.000189547 -2.13147e-05 -0.0249027 -0.0368631 0.000285473 0.00675311 -0.00112647 0.00429966 0.00555519 0.00700541 -0.00380704 0.0223086 -0.0049829 -0.0157225 -0.00696247 -0.000392989 0.00859709 -0.0124281 0.0228521 0.0306084 0.0100815 0.0726063 0.0347626 -0.0364781 -0.00148984 0.00770848 -0.00189505 0.0024769 0.0281783 -0.0145267
internal_weight=540.785 538.965 6.5645 5.59827 532.401 95.4008 437 144.499 141.546 137.319 292.501 12.6025 279.898 68.6944 54.2172 46.1969 36.9831 18.9153 8.55749 18.0678 12.1362 5.93167 3.68426 9.21379 211.204 77.92 63.6773 58.6585 23.3557 35.3028
internal_count=17953 13480 242 230 13238 2550 10688 3653 3570 3146 7035 119 6916 2506 1980 898 769 452 246 317 243 74 51 129 4410 1385 1277 966 273 693
is_linear=0
shrinkage=0.05


Tree=103
num_leaves=31
num_cat=0
split_feature=1 2 3 13 4 14 9 3 13 14 14 2 12 15 11 6 8 16 2 1 1 3 1 0 13 3 1 3 5 9
split_gain=1.76633 3.15923 3.48777 3.07243 3.00369 2.83664 2.75971 2.83488 5.55752 2.75641 2.96294 4.513 6.38432 5.83415 5.00115 5.46436 5.3805 4.72034 4.77941 4.44107 10.29 7.74431 6.24938 7.24089 8.40406 9.03668 7.78424 6.99907 10.5215 5.9888
threshold=-1.9995242383984839 -2.4608109126818349 -10.20943328898103 -0.46307657509676742 1.0000000180025095e-35 1.9130069669848961 -2.6444992902601219 -6.0948933452250573 -0.32397341358831472 2.6026129496205885 0.90031155945258334 -0.29264941453017129 -7.349500000011175 0.676535933407863 -2991121.4999999995 -0.93752295143072117 -0.19943360539601709 -0.00057096499999999988 -0.50553108486016629 1.9567680809018387e-05 1.0000000180025095e-35 -0.50036339507481242 -1.0000000180025095e-35 -1.0000000180025095e-35 -0.55924834362735865 -0.41335019681257029 -1.9116622821761315e-05 -0.14471036765094322 36.842105263157514 -0.43930623132554109
decision_type=2 2 2 2 2 2 2 2 2 2 2 2 2 2 2 2 2 2 2 2 2 2 2 2 2 2 2 2 2 2
left_child=3 2 -2 -1 -4 -6 -5 -8 -9 10 11 12 13 14 15 -3 -17 -16 -19 20 22 29 23 24 25 -13 -25 -26 -29 -21
right_child=1 9 4 6 5 -7 7 8 -10 -11 -12 19 -14 -15 17 16 -18 18 -20 21 -22 -23 -24 26 27 -27 -28 28 -30 -31
leaf_value=-0.054157140550130378 -0.055597337355276777 0.0031982523766374443 0.024865781262653774 -0.057485961059547369 -0.055112392030346541 0.044280012279113497 0.015225758616244306 0.038930141245806044 -0.054361655820178968 -0.018950059310706108 0.0065335044729245041 0.061959583530115714 -0.031238070936492959 -0.030066477761487517 0.026722138443772959 0.046427539419308224 0.16485879069054182 -0.048442752689391383 0.022199159676375327 -0.008640424841826571 0.049229956873948405 -0.007272426622065899 -0.052842985722617766 0.005181662565832152 -0.041453956390832832 -0.04285519858551734 0.059275260494387708 0.063297788069887409 -0.025288403904377189 0.057567054204111137
leaf_weight=3.8534078603843254 1.6346394244756073 4.956755691440776 27.337444702396173 2.3014959376305368 2.3678427366539831 1.0301755310501901 12.135932882985802 2.3587247213581577 4.9391739025013495 19.563284197123721 132.16936938688741 7.3311064280569553 29.599851585924625 11.841694398492107 7.4938992913812426 3.6655897093005478 1.2988389972597376 7.1965970708988616 3.58817167417146 5.6716634140757369 13.927465172600931 155.31744071317371 4.7872691994998595 17.449170799227435 17.039142794325016 2.8580769505351729 10.746708421502261 5.144382531056185 9.6196082578971982 8.5866158709395659
leaf_count=2984 1156 154 270 42 60 14 330 26 193 625 3600 69 1294 466 188 76 18 341 100 87 108 4188 311 272 455 66 75 126 144 115
internal_value=-0.00018905 0.0004514 0.01557 -0.0130093 0.019355 -0.0249796 -0.00571425 0.000416933 -0.0242092 -0.00056848 0.000212776 -0.00233326 -0.0136303 -0.000614145 0.0117535 0.0403341 0.0774126 -0.00375933 -0.0249397 0.000710476 0.00976207 -0.00403498 0.00243051 0.0062005 -0.00695907 0.0325589 0.0257991 -0.01962 0.00557867 0.031231
internal_weight=537.812 512.223 32.3701 25.5887 30.7355 3.39802 21.7353 19.4338 7.2979 479.853 460.289 328.12 69.6414 40.0415 28.1999 9.92118 4.96443 18.2787 10.7848 258.479 88.9029 169.576 74.9755 70.1882 41.9923 10.1892 28.1959 31.8031 14.764 14.2583
internal_count=17953 14378 1500 3575 344 74 591 549 219 12878 12253 8653 2637 1343 877 248 94 629 441 6016 1626 4390 1518 1207 860 135 347 725 270 202
is_linear=0
shrinkage=0.05


Tree=104
num_leaves=31
num_cat=0
split_feature=4 4 10 13 3 9 3 14 11 13 7 14 14 11 16 3 9 12 0 7 2 2 1 4 15 1 9 14 0 15
split_gain=1.82626 5.57036 3.31248 3.88155 3.27529 4.24016 3.00198 2.96954 2.88819 5.34069 2.91918 5.89789 4.22048 4.79891 4.45806 3.62 3.3538 4.07315 2.87305 2.74967 2.70593 2.59454 4.4561 2.84673 5.35346 6.66163 4.63346 4.57196 5.10327 5.18952
threshold=99.999962565236913 73.300330033003249 1.8146561524278544 -0.37356046433106427 10.639835338195335 2.1246972053821316 5.3240046193354722 -2.3302361339786875 6573857.5000000009 0.24467847700968048 -0.91468947693508285 -0.28989623789866303 1.1360842327253902 -1080651.9999999998 -0.00021594999999999996 2.9071143028400885 1.1153995437358926 -82.177000000141547 -1.0000000180025095e-35 -1.0550002144740505 0.15052575173535576 3.9014936980379473 3.3528902807586478 49.390153205414244 -0.93390805490727613 1.1461982969987892 -1.7773791796759275 -0.7822245292751977 1.0000000180025095e-35 0.60649043153111915
decision_type=2 2 2 2 2 2 2 2 2 2 2 2 2 2 2 2 2 2 2 2 2 2 2 2 2 2 2 2 2 2
left_child=1 21 4 -4 5 8 7 -5 10 -10 11 -2 13 15 -14 -12 -15 -18 -8 -13 -3 22 23 -1 25 -25 -27 28 -26 -30
right_child=2 20 3 6 -6 -7 18 -9 9 -11 12 19 14 16 -16 -17 17 -19 -20 -21 -22 -23 -24 24 27 26 -28 -29 29 -31
leaf_value=0.0016992635321772739 0.059444496597817399 0.096593167598841415 -0.051856301664306451 0.043018819661994029 0.044811292648000794 -0.050045455620971603 -0.0045654638971821451 -0.057189988410940612 0.085176685242306413 -0.014571945322835581 -0.04004431581949585 -0.03356221568966352 0.043038761491546257 -0.054730903035334913 -0.032966915383057023 0.033523295999135255 0.056062805212941484 -0.033097386770128176 0.054297018905404476 0.039484777810441476 -0.051601353061953209 -0.055151449410901825 0.077430936228618463 -0.036380811889122976 -0.048047926322319197 0.097395566678711867 -0.0029057694691529759 0.0058442695589990042 -0.049219196065913615 0.017211226184629207
leaf_weight=323.5550687154755 6.8049314580857754 0.32243746798485418 4.5840493501164046 0.96771953254938115 6.8975294347037552 2.9515817402862004 5.3272319361567497 3.1320157803129396 3.3711295574903479 2.2293091895990074 2.2242123107425815 3.8617502530105412 8.24102351721376 7.3136566034518236 2.5189852844923726 6.7369384933263063 1.9064042922109363 3.9042680026032031 3.3936238996684533 1.9332286883145551 6.893260681303218 2.1767923873267128 1.8300344198942173 25.412471842137169 9.5421544935088605 1.5058401795104144 4.892012072261422 65.458582650404423 4.059063899796457 10.662704937625675
leaf_count=10364 55 9 29 11 82 39 50 89 25 43 46 48 72 88 46 39 25 60 28 19 486 2080 9 1394 628 19 100 1693 106 171
internal_value=-0.000186245 -0.00139679 0.00686853 -0.0123679 0.0123666 0.00822215 0.00175129 -0.0335363 0.0115913 0.0454708 0.00741619 0.0278764 -0.000432575 -0.0129428 0.0252454 0.0152634 -0.0322017 -0.00384511 0.0183402 -0.00919344 -0.0449792 -0.000696545 -0.000431313 -0.000751453 -0.00727596 -0.0249001 0.0207018 -0.00102749 -0.0195659 -0.00110487
internal_weight=534.61 456.31 78.2996 17.4046 60.8949 53.9974 12.8206 4.09974 51.0458 5.60044 45.4454 12.5999 32.8455 22.0855 10.76 8.96115 13.1243 5.81067 8.72086 5.79498 7.2157 449.095 446.918 445.088 121.533 31.8103 6.39785 89.7225 24.2639 14.7218
internal_count=17953 17059 894 207 687 605 178 100 566 68 498 122 376 258 118 85 173 85 78 67 495 16564 14484 14475 4111 1513 119 2598 905 277
is_linear=0
shrinkage=0.05


Tree=105
num_leaves=31
num_cat=0
split_feature=5 3 11 9 15 10 9 12 4 6 9 11 3 10 14 14 12 1 7 13 6 6 2 5 13 5 1 3 5 8
split_gain=1.70445 5.59591 4.57127 4.39034 4.1327 3.57056 4.46517 3.53235 4.67577 5.25741 3.9117 6.27637 6.57098 5.04395 7.6637 6.28434 4.68538 5.101 5.13124 4.99971 4.55594 5.60923 4.28626 5.15723 4.25363 4.22452 6.04651 5.64148 4.64114 6.2446
threshold=81.818181818181856 -0.8945978504247748 -1421484.9999999998 -1.6424471768812114 2.1280790609004727 -1.9586084352931117 -1.2920598476240925 982.4079999998213 62.499999999999517 -1.4693115766048772 -2.1146653270383537 -314244.99999999994 -0.35173711360792598 -0.27561133860208525 -0.32455044648733405 -2.7084746874081671 -41.338000000221648 -0.15146626962362278 -1.46538672580413 -0.45291514895303958 -0.76158269547094093 -0.84972592714336459 -0.44739467111428599 4.7619047619045736 -0.85246871372581878 52.631578947368311 0.80590887083379303 -0.22326523126251713 47.826086956521898 -0.55006990981088877
decision_type=2 2 2 2 2 2 2 2 2 2 2 2 2 2 2 2 2 2 2 2 2 2 2 2 2 2 2 2 2 2
left_child=7 2 3 -2 5 6 -3 8 10 -10 -1 12 16 14 -13 -15 17 18 -12 24 21 -18 23 -20 -19 28 27 -27 -14 -30
right_child=1 4 -4 -5 -6 -7 -8 -9 9 -11 11 13 25 15 -16 -17 20 19 22 -21 -22 -23 -24 -25 -26 26 -28 -29 29 -31
leaf_value=-0.022917854703281448 0.054009614034587795 0.058763412907932959 0.048959979959697565 -0.034126253991404093 -0.038216148154639876 0.00043434012502885551 -0.0036778083857454454 0.025339364508063036 0.10795840360784684 -0.045364516510632752 -0.05006412578627846 -0.029898752130423395 0.026107056718580015 0.070373150229799855 0.014912398714374954 -0.023287462380520711 -0.0083872234428542577 -0.038978182365111483 0.015046133080289587 -0.046791003194342221 -0.030126693327064993 0.067156690452959134 -0.057694822411287566 0.058627871689374778 0.047629919643244215 0.11289364721718576 0.09611945312933115 -0.052119136724504182 0.16276606595600751 0.018052120058391883
leaf_weight=21.927412269142224 2.1393714211881161 6.0095791295170784 11.289496611803768 4.1614290010184076 6.6293382162693879 227.98168029938824 5.4683110760524851 10.575558243377598 0.59238925715908308 9.9524836631026101 2.5420551216520826 13.349614227510754 26.595070832467176 1.8528411704464804 33.445615304081002 53.625183159689186 13.681518367928222 2.2590028508857358 24.271090884692967 6.9288852689787728 20.208313885552343 2.9951587926188941 1.5541065181605507 9.4236794537864608 3.8066585134947672 0.58176369592547406 1.0730431936681268 4.7229628982022396 1.5218172490131112 1.4612479675561179
leaf_count=814 17 55 107 36 82 3245 71 439 16 634 118 964 1533 36 1430 4095 776 42 1193 392 1173 98 41 145 120 9 16 193 22 41
internal_value=-0.000182983 0.0026736 0.029918 -0.00420063 0.000726184 0.00180429 0.0290151 -0.00298361 -0.00414291 -0.0367512 -0.00275545 -0.000798347 0.00678205 -0.00996142 0.0021288 -0.0201594 -0.000600185 0.0092506 0.0185427 -0.0177729 -0.0141633 0.00518059 0.0234905 0.027235 0.0153749 0.024782 -0.0121263 -0.0340224 0.0327403 0.0918783
internal_weight=532.627 263.679 17.5903 6.3008 246.089 239.46 11.4779 268.947 258.372 10.5449 247.827 225.9 123.626 102.273 46.7952 55.478 87.6705 50.7855 37.7909 12.9945 36.885 16.6767 35.2489 33.6948 6.06566 35.9559 6.37777 5.30473 29.5781 2.98307
internal_count=17953 3613 160 53 3453 3371 126 14340 13901 650 13251 12437 5912 6525 2394 4131 4098 2051 1497 554 2047 874 1379 1338 162 1814 218 202 1596 63
is_linear=0
shrinkage=0.05


Tree=106
num_leaves=31
num_cat=0
split_feature=4 4 3 10 13 15 15 12 8 3 16 6 11 13 3 13 3 14 13 14 16 13 11 2 9 14 0 2 1 4
split_gain=1.65737 5.2051 3.28882 3.04203 4.72308 3.67828 4.91212 5.37832 5.69513 4.26927 3.75395 3.12419 3.35809 2.991 2.79117 6.65061 4.03715 3.81949 5.21665 4.51496 3.1891 2.9732 2.72362 2.70394 2.51409 4.79142 4.55348 2.44079 3.9554 2.58128
threshold=99.999962565236913 73.300330033003249 -0.35173711360792598 1.5556151245895455 -0.34444772212230207 0.84327000965351806 -0.96526382685644896 -64.972999999765293 0.93631115532132791 6.5803252626488016 -0.0008504999999999998 0.34442803695424568 350250.00000000006 -0.53954357141438669 4.1003122107509702 0.26334421752294718 2.9071143028400885 -2.8394064699951813 0.26334421752294718 1.470248565263256 -0.00023496999999999995 0.40100896487252596 -839090.99999999988 6.4868360821310711 2.1834479347955651 -1.9457109255553284 1.0000000180025095e-35 3.9014936980379473 3.3528902807586478 49.390153205414244
decision_type=2 2 2 2 2 2 2 2 2 2 2 2 2 2 2 2 2 2 2 2 2 2 2 2 2 2 2 2 2 2
left_child=1 27 -3 5 13 6 10 11 22 -7 -2 12 -8 -5 15 -12 21 -16 19 -19 -20 -17 -9 24 25 -6 -27 28 29 -1
right_child=3 2 -4 4 23 9 7 8 -10 -11 14 -13 -14 -15 17 16 -18 18 20 -21 -22 -23 -24 -25 -26 26 -28 -29 -30 -31
leaf_value=0.0016038676863607639 -0.079630658165371696 0.12971279407759503 -0.05153197658430414 -0.012570341728048091 0.077743035226631022 -0.041928756978980707 0.05313915208844542 0.032424511003685041 0.06037662498071187 0.041699246428495651 -0.039068666101583778 0.028814265135475255 0.13383415510577176 -0.083267466326248221 -0.035034074596077457 0.080184732389381577 0.094495532126528614 0.071096654022472797 -0.06456550745017435 0.0072995860781165101 0.018320106055979925 -0.054058090147566011 -0.051038590872500872 0.035218386822959385 -0.056807552184776067 -0.046185046274972302 0.03591003659830682 -0.054480685547314812 0.072359129540361597 -0.0069877170030208649
leaf_weight=322.33844639998279 1.2158435625024164 0.26019520126283158 6.5767487671691915 3.070314634591341 1.7263093972578669 5.6159140057861796 2.643086753785612 1.4145674267783768 3.3728005234152079 2.0956054553389549 7.0434885993599909 3.0721388789825141 2.5170125719159842 2.9178667380474534 2.6083944588899639 0.61950254067778598 1.901987514924258 7.5925854146480578 1.8801282607018945 4.369144459720701 3.0320593649521461 1.2341467263177035 3.1632185191847366 5.0693474262952796 2.1933209891431025 4.4521558177657417 2.7216119230724871 2.0977839911938636 1.8590448275208462 119.95846777083352
leaf_count=10364 11 4 491 22 13 69 27 15 47 25 75 31 24 18 15 5 25 50 24 32 39 57 46 44 36 99 45 2080 9 4111
internal_value=-0.000181872 -0.00133788 -0.0446343 0.00657281 -0.00908777 0.0128354 0.0180171 0.0404067 0.0110758 -0.0192028 0.00651371 0.068734 0.0925009 -0.047019 0.00997253 -0.0104167 0.0433184 0.0212744 0.0299786 0.0477941 -0.0134042 -0.0091932 -0.0252479 0.00496548 -0.00885919 0.00295713 -0.0150395 -0.000674543 -0.000420413 -0.000726317
internal_weight=530.633 453.091 6.83694 77.5426 22.1509 55.3916 47.6801 16.1828 7.95059 7.71152 31.4973 8.23224 5.1601 5.98818 30.2814 10.7991 3.75564 19.4823 16.8739 11.9617 4.91219 1.85365 4.57779 16.1627 11.0934 8.90008 7.17377 446.254 444.156 442.297
internal_count=17953 17059 495 894 277 617 523 190 108 94 333 82 51 40 322 162 87 160 145 82 63 62 61 237 193 157 144 16564 14484 14475
is_linear=0
shrinkage=0.05


Tree=107
num_leaves=31
num_cat=0
split_feature=3 9 14 14 3 14 1 3 13 5 10 14 13 2 3 1 13 10 10 4 15 15 8 11 3 0 10 8 3 11
split_gain=1.63301 1.54951 5.67397 4.51411 3.54131 5.54427 3.30977 8.66206 5.04923 7.19901 5.93393 4.8136 4.65935 4.46882 4.6744 6.67338 5.68626 4.6205 4.55531 4.58405 4.32268 4.3771 6.4148 4.0426 5.3117 4.16686 4.86151 4.0261 3.97783 4.2018
threshold=-21.045165055078026 -0.84370180555661911 -3.0398287829139825 -3.4311566957952775 3.5802804892350735 1.840298386722834 0.00011202248574870834 -0.018400687424069397 -0.40145085712587497 32.6252236135959 1.1848860231145497 -1.3178436913927845 1.0923752466205621 0.17291136595901649 0.56487008705317465 1.1461982969987892 -0.36398165616170813 -0.58370781811538841 -0.35010037763615914 54.545454545454511 0.24602084485645345 -1.4373534213462498 -0.33350567531578229 -4179773.4999999995 -2.1707964412466372 1.0000000180025095e-35 -1.9586084352931117 1.8629946464812062 1.8320583183013082 -4815393.4999999991
decision_type=2 2 2 2 2 2 2 2 2 2 2 2 2 2 2 2 2 2 2 2 2 2 2 2 2 2 2 2 2 2
left_child=-1 2 -2 -3 6 -6 7 12 11 10 -10 -9 23 -8 15 16 18 28 19 -15 21 -11 -23 -4 25 26 -25 -19 -16 -30
right_child=1 3 4 -5 5 -7 13 8 9 20 -12 -13 -14 14 17 -17 -18 27 -20 -21 -22 22 -24 24 -26 -27 -28 -29 29 -31
leaf_value=-0.050019006976771807 -0.055634907537914148 0.064078668942541633 0.0072324294692723834 0.0015788041147613619 -0.0053294067918730759 0.063705214705980881 -0.039273955655822229 0.064412451114720312 0.05202683425028496 0.042038113652906536 0.18683432553500018 -0.040023370095872188 -0.043536181968152551 -0.065304304483499595 -0.027083531800645818 0.086497867368169792 -0.0399230789211443 -0.051235438755533359 0.063488180161424587 0.04298516637196946 0.063841933673694146 0.029286849101268636 -0.082116761405892455 0.051259398069446828 -0.027971514061719938 0.028314368565594706 -0.02666770554197926 0.040422566900813889 -0.05183698595946537 0.04846253435959174
leaf_weight=1.6382379682618182 5.0728458491212214 2.9154554367996743 51.520702694077045 318.87056899760501 6.7512776405201276 5.1094890530512203 13.356502207461743 1.4889871468767522 2.0203945492394282 4.5608336688019362 1.3697227914817629 4.2600803272798684 7.4794770379085085 1.9767127726227047 6.2178953401744366 2.7186980429105452 5.2555886143818507 11.005366675322874 4.1406032736413181 1.9328756853938101 4.9189704156015077 2.6440393549855825 2.5273356926627386 2.4120001234114179 26.81871328921989 10.364780265837908 11.756975590251381 1.3444328201003379 1.30095375678502 5.2904976147692651
leaf_count=4473 62 35 633 8838 713 143 181 13 38 48 14 65 687 18 154 25 158 375 61 36 45 30 27 21 542 103 207 40 74 94
internal_value=-0.000176172 -2.13482e-05 -0.00341174 0.00214507 -0.00209074 0.02441 -0.00375659 0.000465974 0.0278305 0.0408336 0.106494 -0.0129749 -0.0054334 -0.0141421 -0.00599145 0.0151155 0.000530387 -0.019435 0.0269405 -0.0117667 0.0256406 0.00633236 -0.0251579 -0.0026631 -0.0125911 0.00422187 -0.0134021 -0.0412573 0.00160436 0.0286664
internal_weight=529.041 527.403 205.617 321.786 200.544 11.8608 188.683 134.143 23.7904 18.0413 3.39012 5.74907 110.353 54.5401 41.1836 16.0245 13.3058 25.1591 8.05019 3.90959 14.6512 9.73221 5.17138 102.873 51.3525 24.5338 14.169 12.3498 12.8093 6.59145
internal_count=17953 13480 4607 8873 4545 856 3689 2473 280 202 52 78 2193 1216 1035 298 273 737 115 54 150 105 57 1506 873 331 228 415 322 168
is_linear=0
shrinkage=0.05


Tree=108
num_leaves=31
num_cat=0
split_feature=1 15 13 3 3 1 10 13 13 1 13 0 1 9 7 14 8 2 12 4 14 11 15 13 10 13 13 1 15 3
split_gain=1.59504 3.86893 3.33626 2.0116 2.11419 4.29389 4.03562 3.72896 3.37971 2.76318 3.87903 4.8123 2.65615 2.69221 4.50001 2.23458 2.98909 3.86486 3.76601 3.00808 2.67206 4.11205 4.04875 3.64106 6.16347 6.01136 5.9499 4.13805 3.89657 6.22082
threshold=-5.3671738291891193 1.1674567520208674 -0.33318785542982293 -12.450507552553509 -5.4713296522234307 -0.19206837919110228 -0.43155773461206065 -0.46307657509676742 -0.2967757657065016 -1.5389320976375236 -0.32397341358831472 1.0000000180025095e-35 -2.5191139394754782 -1.7400184594258112 -0.93589384568752632 2.6026129496205885 -1.1768150599162195 4.5495344859244726 516.84999999986042 6.634897360703591 0.90031155945258334 9460493.0000000019 2.870844848471775 -0.53954357141438669 1.8714940693135904 -0.38455069106169482 -1.1686340890362603 -0.0024209620634485494 -0.75315108401498199 0.34463892267289259
decision_type=2 2 2 2 2 2 2 2 2 2 2 2 2 2 2 2 2 2 2 2 2 2 2 2 2 2 2 2 2 2
left_child=1 -1 -3 -2 5 6 7 -5 -9 10 11 -6 -10 -14 -15 20 19 -18 -19 -17 23 22 -22 24 -11 28 -26 -28 -25 -30
right_child=3 2 -4 4 9 -7 -8 8 12 15 -12 -13 13 14 -16 16 17 18 -20 -21 21 -23 -24 25 26 -27 27 -29 29 -31
leaf_value=-0.051750169202345375 -0.054348427337459419 -0.061133887977682405 0.043313988553302193 -0.04704669722313267 -0.055449352117302335 -0.042224907909561023 0.050652668251311761 0.058277102978156206 -0.026047054426270113 0.0022060288532105162 -0.049578300882531401 0.052893977562697404 0.060413546198165247 0.067898051224998396 -0.042017203042534326 0.070772163609001279 -0.038125463800393999 0.062397643856377742 -0.037205503938132316 -0.03024211384532273 0.009399521987010875 -0.052581824436719132 -0.058778879623038696 0.0033087323367296004 -0.054993711879920186 -0.0018907869500238068 -0.022972935687654465 0.073263393506705882 -0.0095386357782210052 -0.06261109994585265
leaf_weight=4.7534677264047769 1.6856986586644769 1.0431671814585572 2.8624072268139571 2.6843804493546548 1.6616948111332019 3.0782453594729295 7.6604406174737951 3.7225504964590135 4.5844297858420813 93.674467638251372 6.5568250993965176 2.6745591959916055 2.8387040151283198 1.4429959703702531 2.6253968272357966 1.788817906170155 12.665824633149898 2.1792049388459414 1.6811367590562438 1.2533900747075675 125.81383639137493 2.8425571051193392 2.2159000877290955 8.3466353065159655 1.3289216152625147 192.77128177610575 1.317333455197512 7.3455922991852267 10.753231185022743 11.348387645848559
leaf_count=2003 1721 1098 20 28 36 73 60 19 54 2560 292 25 20 11 45 25 449 49 19 44 3221 77 40 208 49 5109 34 138 167 259
internal_value=-0.000172818 -0.0214554 0.0154163 0.000182576 0.000360425 0.0135643 0.0202833 0.00728545 0.0168718 -0.000414062 -0.0253141 0.0113758 0.00345908 0.0230431 -0.00303196 0.000154182 -0.0163921 -0.0247765 0.0190216 0.0291543 0.000861508 0.0068989 0.00821951 -0.00155563 0.0061878 -0.00515178 0.0435172 0.0586292 -0.0257975 -0.0367894
internal_weight=527.201 8.65904 3.90557 518.542 516.857 28.6371 25.5589 17.8985 15.2141 488.22 10.8931 4.33625 11.4915 6.9071 4.06839 477.327 19.5684 16.5262 3.86034 3.04221 457.758 130.872 128.03 326.886 103.666 223.22 9.99185 8.66293 30.4483 22.1016
internal_count=17953 3121 1118 14832 13111 310 237 177 149 12801 353 61 130 76 56 12448 586 517 68 69 11862 3338 3261 8524 2781 5743 221 172 634 426
is_linear=0
shrinkage=0.05


Tree=109
num_leaves=31
num_cat=0
split_feature=5 3 11 9 15 11 13 3 5 2 3 15 4 11 14 16 1 3 3 9 1 9 16 5 14 10 5 3 15 14
split_gain=1.56748 5.08788 4.17333 4.01854 3.6703 3.22927 6.45086 5.86343 8.39098 4.68669 8.83746 5.48548 5.26364 5.11449 7.02807 4.69763 4.40305 4.61152 4.28125 7.23891 4.274 4.85771 5.62525 4.27008 4.082 5.41383 6.56331 7.5754 4.02836 3.91218
threshold=81.818181818181856 -0.8945978504247748 -1421484.9999999998 -1.6424471768812114 2.1280790609004727 -314244.99999999994 -0.036108512637116993 -0.38363295099547839 52.631578947368311 0.58963603162353007 0.34463892267289259 -1.1476788997496625 55.999999999999979 884588.00000000012 1.1360842327253902 -6.2944999999999988e-05 0.80590887083379303 -0.22326523126251713 -1.3997300719882118 0.61768336130117107 -4.1117823858701379e-05 -0.50754657757975641 -0.00029696499999999995 31.578947368420998 1.0307321097709732 0.065908461652296552 12.499999999999082 0.3124867531427073 2.474749594767486 1.6831513371574189
decision_type=2 2 2 2 2 2 2 2 2 2 2 2 2 2 2 2 2 2 2 2 2 2 2 2 2 2 2 2 2 2
left_child=5 2 3 -2 -3 7 9 18 -9 10 11 -7 13 14 -13 -11 17 -10 20 -20 21 29 23 -23 -8 26 -26 -28 -22 -1
right_child=1 4 -4 -5 -6 6 24 8 16 15 -12 12 -14 -15 -16 -17 -18 -19 19 -21 28 22 -24 -25 25 -27 27 -29 -30 -31
leaf_value=-0.0061865742671534159 0.052255814784229519 0.001738021135076414 0.047155332296196312 -0.032817664665626127 -0.036423694296378102 -0.038129220767547621 -0.047407249684788239 0.029654258036834608 0.082295485119178585 0.0080662505971933491 -0.054678855173240906 -0.030319265609862939 -0.05569966928502449 0.019650699858507505 0.033562013260450232 0.085075908379562248 0.040269474832917283 -0.051667251445773277 -0.032952066771700303 0.058006560879880445 -0.053736019557902852 0.04371186244087108 -0.025786665724008447 0.15184641818397859 -0.038665285099972468 -0.051045375345532697 0.099402295215068048 -0.050918521689158752 0.082589236112637632 0.02514626966152822
leaf_weight=56.743117793434067 2.0970868058502674 236.60717575857416 11.092611622065304 4.1057952512055662 6.4730279450304797 8.5777567078475823 15.424555227305975 33.109497391356854 0.70519492495805014 6.8686981089704204 8.5326693672104721 14.638368412386628 3.4120725607499471 35.949076694436371 6.0996235377679104 2.7825016652641335 2.1961857674177736 7.2162738845217955 20.736619994742799 2.4453304172493509 5.353481274098157 6.0639920766989235 2.610094398056388 1.0747581627219913 2.9373992934124526 4.5295618853997439 3.0868682300206274 1.1504967000801114 0.60292570816818614 12.083813631441442
leaf_count=2506 17 3371 107 36 82 486 1481 1825 13 1054 335 852 85 1577 207 187 81 411 909 64 488 318 160 7 270 501 45 103 15 360
internal_value=-0.000168893 0.00258617 0.0287889 -0.0040558 0.000721806 -0.00287658 -0.00922883 0.00192058 0.0174767 -0.00258145 -0.00668771 -0.000725119 0.00461345 0.00824378 -0.01153 0.0302686 -0.0223739 -0.0397415 -0.00432228 -0.0233574 0.000897867 0.00399332 0.037026 0.0599918 -0.0305123 -0.00824724 0.018772 0.0585883 -0.0399368 -0.000685526
internal_weight=525.307 260.376 17.2955 6.20288 243.08 264.931 113.99 150.941 43.2272 86.8608 77.2096 68.6769 60.0991 56.6871 20.738 9.6512 10.1177 7.92147 107.714 23.182 84.5322 78.5758 9.74884 7.13875 27.1289 11.7043 7.17476 4.23736 5.95641 68.8269
internal_count=17953 3613 160 53 3453 14340 7183 7157 2330 4783 3542 3207 2721 2636 1059 1241 505 424 4827 973 3854 3351 485 325 2400 919 418 148 503 2866
is_linear=0
shrinkage=0.05


Tree=110
num_leaves=31
num_cat=0
split_feature=13 8 8 14 13 5 0 15 4 2 14 3 5 13 10 11 4 4 5 4 7 16 9 9 6 7 9 16 16 6
split_gain=1.54894 1.9578 4.79696 2.09724 1.65608 4.51177 4.28125 5.2621 3.46439 4.04715 3.27366 4.69695 4.0675 4.03635 3.92095 3.04595 3.03478 2.88518 2.80566 3.27797 1.89333 3.4777 4.54334 2.9158 2.71274 2.99917 4.25177 2.89741 4.7531 2.70591
threshold=-1.5653978456999458 -1.2217954921239957 -1.3057123054157926 -1.7440848447953488 -0.96077679359459245 71.081871345029342 -1.0000000180025095e-35 -1.9069724070237697 65.384615384615245 4.5495344859244726 1.6831513371574189 -1.6029616167365031 39.99999999999995 -1.3095668416204067 -1.4656802907010884 -4281654.4999999991 42.85714285714279 59.748178650617646 49.999999999999972 52.879089301503079 -1.1159919019119606 -0.00028149999999999996 1.012465730796855 -3.0626024697110488 -0.04473958686648536 -1.4589288176655115 -2.6444992902601219 -0.00061497999999999989 -0.00060280499999999988 -0.41676464248114981
decision_type=2 2 2 2 2 2 2 2 2 2 2 2 2 2 2 2 2 2 2 2 2 2 2 2 2 2 2 2 2 2
left_child=1 2 -1 -3 5 6 7 -2 -7 -10 11 12 13 -8 -15 -13 -16 -17 -9 -20 21 22 24 -23 25 -6 -27 -26 -29 -28
right_child=4 3 -4 -5 20 8 10 18 9 -11 -12 15 -14 14 16 17 -18 -19 19 -21 -22 23 -24 -25 27 26 29 28 -30 -31
leaf_value=-0.05287411001339011 0.091579767554117633 0.044410630981053897 0.12490253376453464 -0.05389769292211205 -0.014720254098008149 0.047655744236053031 0.084448488018860221 -0.054147837867052143 -0.032495168116995148 0.063303172195503979 0.070269026023434267 0.058394696465124199 0.097962220441339232 0.08012829928169185 -0.046367239628698792 -0.050447877389666475 0.039408134925625594 0.066601290681296957 0.039563259983502186 -0.055350441655077381 -0.0022358370345261225 0.066030080442684588 0.045090049248886266 -0.011960134932163587 -0.058356115623961126 -0.050039051842953611 0.019727775286432471 0.13874270862943741 -0.014584697953748055 0.076666955566407291
leaf_weight=0.87807859614258632 0.88137674279278044 0.62535440278588783 0.66821134879137367 4.0951375277072648 8.2172829346673044 10.419544304721056 1.5720870842924366 7.0096621194388735 3.5257720565423361 1.6040680967271326 2.1859113553073248 0.92354836058802892 1.7003770992159841 1.1138703355973154 3.8163793886196773 5.4407090010354304 1.4129910748451946 0.58287639450281847 2.1566394269466405 1.5732994154095647 386.37407297294703 1.2551263496861818 9.3089018444588856 26.536776748485863 3.0316681483818684 2.0684113704191978 26.879614434292307 0.57731643281294953 4.0602796903694971 2.2621644945466057
leaf_count=41 77 9 8 206 231 127 47 901 92 13 31 26 13 29 278 255 9 13 28 39 13056 22 256 957 139 59 765 8 141 77
internal_value=-0.000170678 -0.0248792 0.02395 -0.0408741 0.00012912 0.00919261 -0.00202197 -0.0258671 0.031096 -0.00253964 0.0127579 0.00516774 0.0277997 0.0127274 -0.00504775 -0.0261578 -0.0231905 -0.0391215 -0.0355057 -0.000471625 -0.00075531 0.00603868 0.0131715 -0.00843797 0.00686269 0.0121551 0.0192311 -0.0203456 0.00450244 0.0241477
internal_weight=522.758 6.26678 1.54629 4.72049 516.491 45.9191 30.3697 11.621 15.5494 5.12984 18.7488 16.5628 9.6157 7.91533 6.34324 6.94713 5.22937 6.02359 10.7396 3.72994 470.572 84.1975 56.4056 27.7919 47.0967 39.4275 31.2102 7.66926 4.6376 29.1418
internal_count=17953 264 49 215 17689 1978 1746 1045 232 105 701 670 376 363 316 294 287 268 968 67 15711 2655 1676 979 1420 1132 901 288 149 842
is_linear=0
shrinkage=0.05


Tree=111
num_leaves=31
num_cat=0
split_feature=1 15 13 3 3 13 13 2 10 15 1 3 2 6 11 9 9 13 14 14 3 2 13 14 1 3 10 2 2 3
split_gain=1.49375 3.56279 2.99904 1.88629 2.04663 3.13944 2.65563 3.87169 2.92567 4.59065 2.62774 3.27731 2.1041 1.85177 1.85061 2.98386 3.4034 3.78055 5.87371 5.75693 6.62028 5.8715 3.56502 3.5568 3.15527 5.54898 9.5586 6.98302 5.54887 5.58339
threshold=-5.3671738291891193 1.1674567520208674 -0.33318785542982293 -12.450507552553509 -6.0948933452250573 -0.49120928579517936 -0.2967757657065016 -3.1169386968925585 -0.47927374438469783 0.6457792070169317 -1.836264855484864 3.5802804892350735 -4.060931656164473 0.47557415584849078 -5697735.9999999991 -1.1580881222410155 -1.2327652605025297 -0.62048368229277073 -1.0000000180025095e-35 1.0000000180025095e-35 1.6110208941384061 -2.4608109126818349 -0.6662993030414569 -0.84108555029533061 -0.0098693144663278224 0.11576301295264402 -1.5667416499646112 0.00076047733904201621 0.068800919337841396 1.5555059674450356
decision_type=2 2 2 2 2 2 2 2 2 2 2 2 2 2 2 2 2 2 2 2 2 2 2 2 2 2 2 2 2 2
left_child=1 -1 -3 -2 5 -5 -7 8 9 -8 11 13 -12 -6 -14 16 17 22 -19 -20 21 -21 23 -16 -17 26 -26 -27 -29 -30
right_child=3 2 -4 4 10 6 7 -9 -10 -11 12 -13 14 -15 15 24 -18 18 19 20 -22 -23 -24 -25 25 27 -28 28 29 -31
leaf_value=-0.051020753778269069 -0.054225804977441332 -0.06052716819072506 0.040463370007798018 -0.026919002324508546 -0.045862084665274819 0.062857417182422021 -0.04862937621009094 -0.055448673272846118 0.058859299304490902 0.031125197018790091 0.076587710802703948 0.072267313867004024 0.0086843018136003019 0.015998962630199644 0.029898011501587281 -0.0072856590965523467 -0.037093256619581051 -0.029769800408369514 0.068884258416800279 0.052921441541707338 0.040558757584580676 -0.029003804342935303 0.070027160876597369 -0.01750781059541278 -0.044391001858026219 -0.052272067583011755 0.019019179921180619 0.035621310003081212 -0.017719338552020375 0.0039031555382964414
leaf_weight=4.5505735577316937 1.5884763573412772 0.99101788186817463 2.8469624468125403 3.6486844271421459 7.1456587641732732 3.5258279219269815 2.5604797282721865 1.7418477702885784 4.0933065516874185 6.1092353903222829 0.89958028763066877 0.77023002505302507 54.915764636272797 1.4562887692591173 7.5827379391994336 86.031229530926794 9.8957140144775604 25.806148944335291 2.9776382625568685 2.5037749446928563 6.2030394847970447 17.287388933822513 2.4447898713697205 8.2743303065362852 6.429553302936255 6.4932144504273301 78.55913957208395 10.578482121694831 40.600101149640977 112.81544929405209
leaf_count=2003 1721 1098 20 41 218 19 45 50 30 58 5 16 1083 42 213 3155 251 677 34 19 162 460 42 264 89 311 1061 154 1460 3152
internal_value=-0.000166617 -0.0210954 0.0143863 0.00017565 0.000344644 0.0153781 0.0239373 0.0144767 0.0240198 0.00757079 -0.000320939 -0.0265417 0.000190713 -0.0353892 4.73555e-05 -0.00107002 -0.00957462 -0.00584834 -0.0124218 0.00303064 -0.00451289 -0.0186395 0.0138262 0.00516132 0.000996339 0.00378529 0.0142221 -0.0014175 0.00059605 -0.00181905
internal_weight=521.327 8.38855 3.83798 512.938 511.35 21.6794 18.0307 14.5049 12.763 8.66972 489.67 9.37218 480.298 8.60195 479.398 424.483 82.9756 73.0798 54.778 28.9718 25.9942 19.7912 18.3019 15.8571 341.507 255.476 84.9887 170.487 163.994 153.416
internal_count=17953 3121 1118 14832 13111 243 202 183 133 103 12868 276 12592 260 12587 11504 2122 1871 1352 675 641 479 519 477 9382 6227 1150 5077 4766 4612
is_linear=0
shrinkage=0.05


Tree=112
num_leaves=31
num_cat=0
split_feature=13 8 8 14 13 5 0 15 13 7 3 14 9 13 14 10 3 10 5 6 12 1 13 14 15 15 4 4 15 15
split_gain=1.46222 1.84933 4.253 1.94263 1.51926 4.1139 4.69386 6.15425 3.84622 3.70269 3.314 4.28039 3.21582 4.02089 3.60448 3.61288 4.33943 3.12329 3.65952 1.98564 1.84774 3.50398 2.85334 3.16232 4.09627 2.84615 2.79641 5.90909 3.90224 2.85297
threshold=-1.5653978456999458 -1.2217954921239957 -1.3057123054157926 -1.7440848447953488 -0.96077679359459245 56.711711711711835 -1.0000000180025095e-35 -1.9069724070237697 -1.1686340890362603 0.94183593000661736 0.52771374677728777 0.19224683114920568 -0.20663228246335877 -1.4301757068840997 1.6831513371574189 -0.094215514844781231 -3.0443477909104089 -0.030699435290565038 94.736842105263023 -1.4559478682773566 -274.66950000007631 -4.2345909223102156 -0.79922142988170264 1.3606492655337579 -2.0791431795153819 3.3279472365418132 99.999962565236913 1.0000000180025095e-35 -1.6063861969163886 -1.3580071040503479
decision_type=2 2 2 2 2 2 2 2 2 2 2 2 2 2 2 2 2 2 2 2 2 2 2 2 2 2 2 2 2 2
left_child=1 2 -1 -3 5 6 7 -2 10 17 11 -7 14 -14 15 16 -8 18 -10 -17 22 -22 -6 26 -25 -23 27 29 -28 -24
right_child=4 3 -4 -5 20 8 12 -9 9 -11 -12 -13 13 -15 -16 19 -18 -19 -20 -21 21 25 23 24 -26 -27 28 -29 -30 -31
leaf_value=-0.052703253600695478 0.092975693774662721 0.041322134714491705 0.115676326607728 -0.053755835745558062 0.041970143083207345 0.052322571741412208 -0.056036954602501479 -0.048230521821589614 -0.053426385645586709 0.081216520143045492 -0.050150578572988741 -0.054220806054277253 0.074790718983095847 -0.041059597486258204 0.089936495849696318 0.091209745364271011 0.051201358170367611 0.054500730470933373 0.037046215243980767 -0.051122949454428329 -0.056961831086919802 -0.0014859382350314347 -0.036272815625580629 -0.025750825425062823 0.029993903451944776 -0.045349899800749112 -0.016208535292396332 -0.026296735120803268 0.044063166882567784 0.0098793466444710328
leaf_weight=0.8321188151021488 0.85604363252059723 0.62313112927949976 0.68270584728452355 3.8977462527982416 5.0275173790869294 3.257291495800021 1.1354041429003698 7.8248281636624597 2.1033667074516416 4.1221906226128331 2.491984729655087 1.3266363348811863 0.90472293330822129 4.3507365287805433 1.8561082560045168 0.27368725626729418 5.576982119033346 4.2378138285130245 2.3851800612173975 2.3407108917890604 2.9164908638922489 359.49118222040124 3.6838765565771601 4.0250131679931682 18.182560469751479 3.7365631898574057 4.3299272377043962 22.473722720751539 7.0712312348186952 36.78375450684689
leaf_count=41 74 9 8 206 185 43 82 924 67 39 59 35 18 311 21 11 64 41 36 153 1903 10813 160 96 459 66 41 950 78 960
internal_value=-0.000163588 -0.0246301 0.0231826 -0.0406508 0.000124405 0.0088945 -0.00456318 -0.0343058 0.0258609 0.0421636 -0.00374169 0.0214878 0.0111435 -0.0211161 0.026304 0.0136406 0.0330619 0.0237156 -0.00534992 -0.0362229 -0.000720194 -0.00237547 0.00524636 0.00333409 0.0198904 -0.00193717 -0.00161162 -0.00573884 0.0211732 0.00567799
internal_weight=518.801 6.0357 1.51482 4.52088 512.766 45.0437 25.1192 8.68087 19.9245 12.8486 7.07591 4.58393 16.4384 5.25546 11.1829 9.32678 6.71239 8.72636 4.48855 2.6144 467.722 366.144 101.578 96.5501 22.2076 363.228 74.3425 62.9414 11.4012 40.4676
internal_count=17953 264 49 215 17689 1978 1658 998 320 183 137 78 660 329 331 310 146 144 103 164 15711 12782 2929 2744 555 10879 2189 2070 119 1120
is_linear=0
shrinkage=0.05


Tree=113
num_leaves=31
num_cat=0
split_feature=14 11 11 15 1 16 13 8 14 9 13 9 14 14 10 8 2 6 13 1 11 3 11 11 8 13 13 5 3 2
split_gain=1.44435 3.61826 3.11272 6.11401 2.9381 2.5744 2.16413 5.47633 2.00628 3.445 3.69666 2.74735 4.6229 3.9563 3.33863 3.10168 4.76556 2.84292 2.81204 4.24 3.6185 3.53427 3.52779 3.26346 3.91498 2.73548 3.85117 5.69945 10.2016 4.04011
threshold=2.6026129496205885 -19093512.999999996 856024.50000000012 -0.73119840198391128 4.2529365401272612 -0.00021988499999999999 -0.51538925687330139 -0.84026844272447321 1.7020009630412458 -1.8341716195331175 -0.42307776315328333 -0.82972496284353203 -3.0398287829139825 -3.4311566957952775 1.6664005793227687 1.8629946464812062 0.3897718527289093 -0.37252893610260968 -0.73737762565974341 -0.43216077285093718 884588.00000000012 -2.0244021276834689 -3369940.4999999995 1046803.0000000001 -0.61122538846377716 -0.35374857567995993 -0.32397341358831472 28.708791208791478 -0.85333832033289991 -1.4780005256542084
decision_type=2 2 2 2 2 2 2 2 2 2 2 2 2 2 2 2 2 2 2 2 2 2 2 2 2 2 2 2 2 2
left_child=8 -2 6 4 -4 -5 7 -3 11 10 -10 12 -1 -13 15 -14 -17 -15 19 -19 21 -21 -20 -22 -25 -24 29 -28 -29 -27
right_child=1 2 3 5 -6 -7 -8 -9 9 -11 -12 13 14 17 -16 16 -18 18 22 20 23 -23 25 24 -26 26 27 28 -30 -31
leaf_value=-0.054036801525783995 0.040566686893841408 0.13183565141342382 -0.050786950040273719 0.064956918690489668 0.034334708168037402 -0.020095667279804923 -0.054000365456069677 -0.058326135584270605 -0.040047223092571277 0.0046350230567738428 0.058455722992912712 0.06104654078162422 -0.0032715373964656916 0.0091670146107701699 -0.035259465056268112 0.0033278525457905699 0.20569506322159914 -0.035342778294709047 0.049432387529831465 0.052771953149945573 0.12221061613101486 -0.018126223558934649 -0.017167698981492792 -0.030316083423605727 0.034790704528575432 0.094612707003091906 -0.028720896663179809 0.057922631298695564 -0.0040214374771983382 0.0078117164889749255
leaf_weight=4.7990255714685182 2.8078393992036608 0.58848502923501667 5.0923641471017618 3.3183734456542879 1.2657050114357842 1.2156146458582933 7.1873528805735978 1.06155053546536 1.1384180062741505 45.827898957504658 5.831224614637903 2.8491314296261399 156.7937224391062 88.186593668884598 8.254494146385694 0.81951433676294871 0.45103218653821386 4.3905219223524901 2.9239484569698098 2.156291467283153 0.91605376658845017 9.5117775033577363 39.744393938104622 2.6888138297363247 16.344311437307621 2.0275553255341947 18.883533804066246 7.358115433715283 68.748757099034265 3.9563943993998683
leaf_count=70 28 26 167 80 18 60 313 56 57 1611 100 35 5305 2779 349 43 20 756 58 38 43 395 1781 106 414 23 1438 110 1619 55
internal_value=-0.000160075 -0.0125389 -0.0200968 -0.0022076 -0.0338417 0.0421533 -0.0421451 0.00949505 0.000403986 0.00961581 0.0423663 -0.000696869 -0.00565591 0.00243805 -0.00425991 -0.00264104 0.0751663 0.0018146 -0.00179454 0.0106997 0.0170934 -0.00502404 -0.00492655 0.0300297 0.0255931 -0.00605606 -0.00168241 -0.00413325 0.0019674 0.0372227
internal_weight=517.139 22.5373 19.7294 10.8921 6.35807 4.53399 8.83739 1.65004 494.602 52.7975 6.96964 441.804 171.118 270.686 166.319 158.064 1.27055 267.837 179.65 36.0078 31.6172 11.6681 143.643 19.9492 19.0331 140.719 100.974 94.9904 76.1069 5.98395
internal_count=17953 748 720 325 185 140 395 82 17205 1768 157 15437 5787 9650 5717 5368 63 9615 6836 1752 996 433 5084 563 520 5026 3245 3167 1729 78
is_linear=0
shrinkage=0.05


Tree=114
num_leaves=31
num_cat=0
split_feature=6 12 4 4 3 2 1 4 15 1 3 4 15 15 13 0 1 12 2 1 3 9 12 3 14 3 14 10 15 3
split_gain=1.45452 1.46148 1.7655 4.77076 3.32509 2.34362 3.47767 2.4407 4.56151 6.08693 4.36132 4.01042 3.72396 4.82074 7.91725 6.10575 4.62597 5.79307 4.05347 4.04469 3.84433 3.7944 3.76491 3.73739 3.65883 3.6484 3.54965 6.92937 3.45833 3.4429
threshold=1.496552364784671 2880.1724999998701 99.999962565236913 73.300330033003249 -0.65740518998346131 3.9014936980379473 3.3528902807586478 49.390153205414244 -0.93390805490727613 1.1461982969987892 -3.0443477909104089 49.179445789615265 -0.44645045074487694 1.0218666380132084 -0.058168448978860983 1.0000000180025095e-35 0.52946368272544653 -135.46250000013967 -0.29264941453017129 2.0813701003528742 -2.3038805508797355 0.43317776507566835 -249.13700000010428 0.78591110872327719 1.5069442471666945 2.6777976617766868 1.7020009630412458 -1.4422875026566044 0.039793626476626785 -1.654477187698487
decision_type=2 2 2 2 2 2 2 2 2 2 2 2 2 2 2 2 2 2 2 2 2 2 2 2 2 2 2 2 2 2
left_child=1 2 3 5 -5 6 7 11 9 26 -10 -1 16 20 15 29 22 -18 -17 21 -14 -16 -12 -19 -23 -11 -9 -28 -22 -15
right_child=-2 -3 -4 4 -6 -7 -8 8 10 25 12 -13 13 14 19 18 17 23 -20 -21 28 24 -24 -25 -26 -27 27 -29 -30 -31
leaf_value=0.001176634705854585 0.040187746259232882 -0.035101317613786924 0.0070453831966933783 0.13725352565922272 -0.051468970836031441 -0.054406288615241577 0.067386066004553644 -0.049824003679962932 0.050057164229765944 0.040796768726266364 0.051568419465480714 0.085368418586676181 0.080073211150248069 0.097081385617756075 -0.055402285182789272 -0.030097591630734468 -0.06300264325832941 0.1656718191231748 0.050583791802497002 0.10357995517925611 -0.0099518642890962829 -0.023939430184104354 -0.024795767364693789 0.055174507506634163 0.081952391292576698 -0.049455121723036011 0.088113095478970824 -0.030582221545887547 -0.040532290726158535 -0.05250675139255221
leaf_weight=309.6344247796369 2.2244649296917478 3.0044494805915738 73.459477397962473 0.24263799935579289 6.128721321001648 2.0215262323326888 1.8814027905464161 15.215940442518336 3.9755540236365041 4.8358541750349096 2.3465365639422089 1.4209515498951066 0.95037424936890502 0.44216827861964736 6.7488260283134842 1.7631609523668892 0.73406503023579706 1.1421627695672216 13.298003402538596 0.57538406550884325 24.05674026592169 2.8935052417218685 5.1705833855085057 2.3189804942812771 1.1360245414543895 1.4571970351971684 1.4993479014374314 6.8347434806637448 15.01612654677592 2.9571988410316452
leaf_count=10294 70 66 868 2 490 2066 9 1030 37 83 65 17 17 7 299 34 30 25 156 4 668 136 265 51 15 31 26 324 655 113
internal_value=-0.000156135 -0.000331019 -0.000126248 -0.00133263 -0.0442819 -0.000696727 -0.000443227 -0.000742493 -0.00695379 -0.0237846 -0.00108086 0.00156124 -0.00357384 -0.00794944 0.00727098 0.0274775 0.0225167 0.0645796 0.0411387 -0.0255837 -0.0192875 -0.0324789 -0.000958 0.0916382 0.0059141 0.0198984 -0.0354576 -0.0092283 -0.0217043 -0.0330493
internal_weight=515.387 513.162 510.158 436.698 6.37136 430.327 428.305 426.424 115.368 29.8431 85.5254 311.055 81.5498 69.8375 29.8143 18.4605 11.7123 4.19521 15.0612 11.3537 40.0232 10.7784 7.51712 3.46114 4.02953 6.29305 23.55 8.33409 39.0729 3.39937
internal_count=17953 17883 17817 16949 492 16457 14391 14382 4071 1494 2577 10311 2540 2104 764 310 436 106 190 454 1340 450 330 76 151 114 1380 350 1323 120
is_linear=0
shrinkage=0.05


Tree=115
num_leaves=31
num_cat=0
split_feature=3 1 4 13 14 0 8 3 13 14 13 2 15 2 14 16 3 10 14 1 11 5 15 1 15 12 14 4 9 11
split_gain=1.35706 1.97247 1.41227 3.69454 8.6566 5.16181 6.01392 4.88329 7.12241 7.42414 5.28756 8.13894 4.67199 4.65131 5.05495 5.85354 4.17319 16.032 4.12181 6.73974 5.38884 4.05189 3.78502 3.65307 3.28404 3.26496 3.20432 3.19689 3.10192 3.29758
threshold=62.69237531886241 10.852283811314189 1.0000000180025095e-35 -1.0000000180025095e-35 -0.66462315377334247 1.0000000180025095e-35 0.83052278196636575 1.1451343680964239 -0.26913661535366346 0.66956533575017796 -0.50937601022367196 0.51357006931225768 0.24602084485645345 -0.00010108909366812735 0.9951243215708836 -0.00069795999999999996 0.61487165604857308 -0.20869804387202776 1.5069442471666945 -8.7941137242678884e-08 -16120365.999999998 99.743589743589794 -1.4689698352886056 1.0000000180025095e-35 0.41583324814518735 137.13199999998326 -1.0213062362370908 19.876543209876342 2.0724093156369112 5432748.0000000009
decision_type=2 2 2 2 2 2 2 2 2 2 2 2 2 2 2 2 2 2 2 2 2 2 2 2 2 2 2 2 2 2
left_child=1 2 3 7 5 6 12 16 9 10 11 -9 26 14 -6 -16 22 -18 19 -17 -20 -14 23 -1 -7 -13 -5 -4 29 -24
right_child=-2 -3 27 4 13 24 -8 8 -10 -11 -12 25 21 -15 15 18 17 -19 20 -21 -22 -23 28 -25 -26 -27 -28 -29 -30 -31
leaf_value=-0.052867965664221597 -0.050028817924162285 0.034687461539037075 -0.052042867115424968 -0.0537385133615364 -0.042464571756235948 0.054177085248306001 0.03744574970291329 0.065495210552499183 0.056860610165685534 0.057146332651999934 -0.053166021496012177 -0.052750506799914193 -0.041717292703730431 -0.046745746437144103 -0.051399114501838761 -0.02603492899472129 0.052435831787815246 -0.068551162792689926 0.057292142583027422 0.093048932981681251 -0.042411904517542259 0.029071202124513959 0.0070716447492200759 0.043838407225885008 0.0079454447519080509 0.010970886654662237 0.026424969629994528 -0.0021416989378855527 -0.053036602418579375 0.054323727844275353
leaf_weight=4.7920770334021645 1.3603896629647341 4.0602445036056443 3.2479793145321301 8.5387685006717202 7.8039034601242774 8.0916313095949572 6.4657091867993577 4.1653767824173 11.002061270177363 5.7165507627651087 4.8018360724672702 3.9862303584814054 2.9356826919538417 13.998275766032746 3.2786735502595539 1.735856070241425 4.240110520273447 7.7296547312289459 2.1696111820638162 3.7657985780388099 3.6104310171504057 6.4915245920419693 98.253987785850768 1.2264663279056547 7.3126558293588451 4.0553135611116886 1.4596899496391476 271.37258558045141 2.0659331111237398 3.8364345007285001
leaf_count=379 2450 60 173 131 360 71 107 20 60 46 54 20 163 591 101 117 28 48 14 18 144 40 4403 7 79 23 31 7992 134 89
internal_value=-0.000156259 -2.38016e-05 -0.000301153 0.00255728 -0.00635254 0.00931226 -0.00432296 0.00699631 0.0238381 0.00785082 -0.00871713 0.00876773 -0.0182254 -0.0241425 -0.00999466 0.0074082 0.00234585 -0.0256933 0.0244987 0.0554762 -0.00498674 0.00702729 0.00539211 -0.033161 0.0322302 -0.0206161 -0.0420353 -0.00273189 0.00761986 0.00884732
internal_weight=513.571 512.211 508.151 233.53 77.6582 41.2957 25.8914 155.872 33.7274 22.7253 17.0088 12.2069 19.4257 36.3625 22.3643 14.5604 122.145 11.9698 11.2817 5.50165 5.78004 9.42721 110.175 6.01854 15.4043 8.04154 9.99846 274.621 104.156 102.09
internal_count=17953 15503 15443 7278 1967 622 472 5311 223 163 117 63 365 1345 754 394 5088 76 293 135 158 203 5012 386 150 43 162 8165 4626 4492
is_linear=0
shrinkage=0.05


Tree=116
num_leaves=31
num_cat=0
split_feature=1 2 3 13 13 1 3 13 6 2 1 9 3 13 8 14 14 3 12 12 7 2 2 12 2 13 14 6 16 3
split_gain=1.33381 2.65023 2.73709 2.60804 2.58448 3.39386 5.65073 3.21693 3.76709 3.53671 3.04767 2.34968 2.53334 5.69584 3.44773 2.42644 2.16726 2.63565 4.02915 3.32304 2.59419 2.39907 4.22917 5.43159 5.29301 7.41696 4.58706 4.21043 4.06987 4.17755
threshold=-1.9995242383984839 -2.4608109126818349 -10.20943328898103 -0.46307657509676742 -0.42307776315328333 -0.32893084265286138 -2.8372096413771444 -0.32397341358831472 -0.77515583164386537 -3.3979021069153093 -1.1625334969124752 -2.6444992902601219 -10.20943328898103 -0.32397341358831472 -1.2217954921239957 3.2759947121198922 2.6026129496205885 5.8169330748549948 516.84999999986042 -128.64800000004468 0.59910822923848062 -0.1962947667295987 -0.069509460906527404 199.59700000006708 -0.017574708943454257 -0.56652576277585109 0.211840850309849 0.8698331863871297 -0.00054396999999999985 0.082103759847436342
decision_type=2 2 2 2 2 2 2 2 2 2 2 2 2 2 2 2 2 2 2 2 2 2 2 2 2 2 2 2 2 2
left_child=3 2 -2 -1 5 6 -4 -6 10 -10 -9 -5 14 -14 -13 -15 21 -18 19 -19 -21 -3 23 27 25 26 -24 -23 -26 -30
right_child=1 16 4 11 7 -7 -8 8 9 -11 -12 12 13 15 -16 -17 17 18 -20 20 -22 22 24 -25 28 -27 -28 -29 29 -31
leaf_value=-0.053615872814923971 -0.054788673481639995 -0.0059977769232802333 -0.049420305943037132 -0.056352421225550481 0.059914034172352373 0.051438049759098409 0.053770391553800492 0.003072980507287406 0.016713925734552736 -0.055896295759250696 0.067328423315057756 0.053805457348625907 0.031424412930022794 -0.051999671623828903 -0.020631262870072289 0.04317137471391664 -0.03277222858150091 -0.025704496013457645 -0.044533735660438063 0.1102135000446669 0.015603168119308272 -0.0052468257269221901 0.041833820849091014 0.066131585579833896 -0.0061017642379274338 -0.054813607016835957 -0.056794295628974693 0.051463340484633059 0.020885775741153075 0.0027283243519836244
leaf_weight=3.2229730474937268 1.3551606020191709 116.66143570703571 4.9558693319559097 2.0117341008444809 5.6149816671386388 2.0646164976060408 1.8116454316768793 3.2072460344061255 4.458575693890455 2.6881644637323845 4.3460053601302233 4.0610273238853587 4.3088539620512165 6.2063185933511669 2.521467263548403 0.7507446059025823 11.009692431252917 1.4754798570065757 2.4568558564642444 1.5642158538976212 1.3497410844720432 12.791175270103855 4.4652723139151922 5.5561419042642219 94.795214650832349 9.6109845477039908 1.6017798795364795 4.39846904206206 40.240972566971323 148.85832755611045
leaf_count=2984 1156 3898 60 42 32 14 14 54 49 80 41 69 36 220 215 9 509 25 32 33 26 261 54 76 2203 180 36 67 731 4747
internal_value=-0.000151902 0.000404366 0.0146739 -0.011896 0.0179035 -0.004677 -0.0217964 0.0277206 0.0154236 -0.0105976 0.0400444 -0.00512556 0.000648334 -0.0137506 0.025292 -0.0417297 -0.000548392 -0.017624 0.00673627 0.0354331 0.0663901 0.000146176 0.00236995 0.0231552 0.000791776 -0.0274897 0.0157947 0.00926412 0.00235362 0.00659229
internal_weight=510.421 487.338 30.5023 23.0831 29.1471 8.83213 6.76751 20.315 14.7 7.14674 7.55325 19.8601 17.8484 11.2659 6.58249 6.95706 456.836 17.856 6.84629 4.38944 2.91396 438.98 322.318 22.7458 299.573 15.678 6.06705 17.1896 283.895 189.099
internal_count=17953 14378 1500 3575 344 88 74 256 224 129 95 591 549 265 284 229 12878 625 116 84 59 12253 8355 404 7951 270 90 328 7681 5478
is_linear=0
shrinkage=0.05


Tree=117
num_leaves=31
num_cat=0
split_feature=13 8 8 14 3 15 9 13 15 14 5 9 13 13 15 11 8 1 4 14 9 11 3 16 1 16 6 8 5 1
split_gain=1.31001 1.74685 3.7965 1.80327 1.36083 4.03905 3.95229 4.47273 3.23271 4.47527 4.39851 4.53684 4.04521 5.52734 5.29983 3.90564 2.62856 5.80864 2.62185 5.11049 4.70904 6.27194 4.23595 6.20231 4.17451 6.44714 3.03769 4.29616 3.91215 4.20441
threshold=-1.5653978456999458 -1.2217954921239957 -1.3057123054157926 -1.7440848447953488 4.3996084878771722 -2.3590980306214688 1.8832187732500116 2.1485086364873243 -2.0373276456238685 2.9100584989863836 99.743589743589794 0.61768336130117107 -0.34444772212230207 -0.5545216937184968 1.694623646423276 11368720.500000002 -0.056754518839774636 1.3742325251868284 59.748178650617646 -1.918212560050444 -0.47254443260519147 4910189.0000000009 -0.41335019681257029 -4.3599999999999996e-05 0.71250998442234192 -0.00042990999999999993 -0.20676845039551769 -2.2585060386166247 78.260869565217476 0.17992169579282
decision_type=2 2 2 2 2 2 2 2 2 2 2 2 2 2 2 2 2 2 2 2 2 2 2 2 2 2 2 2 2 2
left_child=1 2 -1 -3 18 6 7 16 9 -7 -10 -12 13 -13 15 -14 17 -6 24 20 -20 -22 23 -21 -2 -26 28 -28 -24 -30
right_child=4 3 -4 -5 5 8 -8 -9 10 -11 11 12 14 -15 -16 -17 -18 -19 19 22 21 -23 26 -25 25 -27 27 -29 29 -31
leaf_value=-0.052470895021198699 -0.0005358570444771026 0.038826178928658299 0.10837420433524257 -0.053481228878583309 -0.074679283270231309 0.07482835269040114 0.035717712708227371 0.045863424701457198 -0.050414599685902832 -0.035838652701365423 0.038632670755277099 0.022083839609911463 0.035594587616703935 -0.062230427147507844 -0.057907012476058443 -0.039668816008053366 -0.063102809759001233 0.061580459310947404 -0.045881308767341478 0.062056303710032318 0.072326639746550597 -0.056363225193713999 -0.051283720517188304 -0.054387901890593837 -0.013897731729746763 0.043334632095811253 0.11027565236488793 -0.034566698449822658 0.048225249792062969 -0.0094516273586412181
leaf_weight=0.78133014494960662 358.31575666036224 0.61880077165551473 0.69160247535910435 3.6494670398533335 1.5677615047316051 4.1997528081410556 2.8530355028342447 1.6321449484676112 2.8512351766985367 1.1674817782768512 12.506659753620623 3.3042693994939327 13.242835683748131 4.7211185954511148 2.1592187248170367 1.9816450923681248 6.0809669816517271 1.5607795183605047 1.7116362827364353 3.7467044740915298 4.9841441973112515 1.1688179075717924 4.1246949310880181 1.6459171827882517 7.7775317650521201 13.396000718174035 0.52222209330648439 26.031545217847452 3.9706418393179801 15.470226684352381
leaf_count=41 12023 9 8 206 10 93 38 22 2454 19 90 25 126 30 13 28 78 33 67 33 90 39 303 36 155 222 8 1098 93 463
internal_value=-0.000148308 -0.023897 0.0230525 -0.0400988 0.000122923 0.00720075 -0.0166438 -0.030423 0.0142789 0.050756 0.00947643 0.0139802 0.00184594 -0.027516 0.0154012 0.0257982 -0.0439428 -0.00670146 -0.000833255 -0.0102472 0.0274745 0.0478807 -0.0155914 0.0265156 0.000738926 0.0223119 -0.020122 -0.0317181 -0.00705535 0.00232841
internal_weight=508.436 5.7412 1.47293 4.26827 502.695 59.8289 13.6947 10.8417 46.1342 5.36723 40.767 37.9157 25.4091 8.02539 17.3837 15.2245 9.20951 3.12854 442.866 63.3766 7.8646 6.15296 55.512 5.39262 379.489 21.1735 50.1193 26.5538 23.5656 19.4409
internal_count=17953 264 49 215 17689 3059 181 143 2878 112 2766 312 222 55 167 154 121 43 14630 2230 196 129 2034 69 12400 377 1965 1106 859 556
is_linear=0
shrinkage=0.05


Tree=118
num_leaves=31
num_cat=0
split_feature=3 13 8 14 13 11 15 5 3 15 0 16 3 14 3 5 2 9 2 14 10 12 16 16 10 4 3 3 2 14
split_gain=1.27039 1.23639 1.64893 1.71132 1.46912 2.73256 2.47587 2.88778 2.74104 3.60106 6.38659 4.68137 4.02638 4.30359 4.40634 3.3014 3.16818 2.94452 5.69231 4.66939 3.00472 2.69605 3.11822 2.58659 3.22034 3.17411 2.46613 4.73215 3.69874 3.43968
threshold=-21.045165055078026 -1.5653978456999458 -1.2059998536552694 -1.6810116718587669 -0.69275496864607311 18769520.500000004 -2.4217440380863855 89.309523809523952 0.85277297244549233 0.18791069634681551 1.0000000180025095e-35 -0.00043872999999999997 -4.1953868962920433 0.037493752248770031 0.46032095859448574 30.690737833594458 -0.96943430570132716 -0.71306053895116517 -1.5458251007683714 -0.89398415878161719 -1.664309368367334 38.304999999934815 -0.00029696499999999995 -0.00033649999999999994 -0.2580901995981455 44.999999999999879 0.71677778523683422 3.0345334507881527 0.51357006931225768 1.6408618783538211
decision_type=2 2 2 2 2 2 2 2 2 2 2 2 2 2 2 2 2 2 2 2 2 2 2 2 2 2 2 2 2 2
left_child=-1 2 -2 -4 5 6 -3 8 9 12 -11 15 -8 17 -15 -12 -13 18 -14 20 -19 22 -21 -18 25 -25 29 28 -28 -9
right_child=1 4 3 -5 -6 -7 7 26 -10 10 11 16 13 14 -16 -17 23 19 -20 21 -22 -23 -24 24 -26 -27 27 -29 -30 -31
leaf_value=-0.05001493878719937 0.022417231719436815 -0.032570697218675171 0.036832846320250204 -0.053330830421848774 -0.0010270968684283298 0.076849592232361361 0.067042440673669088 0.048895945309049657 -0.036462430439575498 -0.049539156902056625 -0.060638624572014646 -0.01361065362703966 0.0540430641389818 -0.052350489063716435 0.060485002372855617 0.011928451056452152 0.091729827365818639 0.061553305860124696 -0.053995195083508862 0.047577230520934918 -0.05317488095198411 0.075458347530190942 -0.028878222943865214 0.093736732078613785 -0.013355197364986257 0.010302575740799583 0.044652941488103795 0.04981699609595281 -0.03611300381512271 -0.025566973716472725
leaf_weight=1.2738378073845513 1.4454401989059986 4.1858410405693567 0.62006250210106362 3.4791288056294425 410.12155370455002 1.3419709547888476 3.4639600068330791 10.167275235988201 4.5160265835584132 7.1420261724852052 3.6986551359295889 4.3526502759195909 1.9939936921000478 4.3441284787841132 1.0804048082791267 2.7199005875736475 1.8067084401845956 0.76918689906597171 3.1376820299774488 4.7389810681343132 2.2115377089940091 4.7532291430979967 1.8558859052136361 2.2904701121151474 3.1776426937430955 2.2693109409883618 1.8544305413961391 3.9793124441057444 6.016988362185657 1.8300274182111014
leaf_count=4473 36 58 8 198 10688 9 19 118 1255 218 34 67 17 179 15 21 8 10 65 32 75 45 51 19 62 31 10 37 75 20
internal_value=-0.000145546 -1.98434e-05 -0.0235008 -0.0396923 0.000240637 0.00603702 0.0049615 0.006828 0.00100483 0.0040368 -0.00886894 0.00542902 0.0165366 0.00950629 -0.029877 -0.0298879 0.021741 0.0204842 -0.0120152 0.0321235 -0.0235689 0.0467518 0.0260616 0.0378633 0.0252853 0.0522132 0.0215574 0.00537955 -0.0170853 0.0375376
internal_weight=506.638 505.364 5.54463 4.09919 499.82 89.6982 88.3563 84.1704 60.3224 55.8064 27.4574 20.3153 28.349 24.885 5.42453 6.41856 13.8968 19.4605 5.13168 14.3288 2.98072 11.3481 6.59487 9.54413 7.73742 4.55978 23.848 11.8507 7.87142 11.9973
internal_count=17953 13480 242 206 13238 2550 2541 2483 2223 968 460 242 508 489 194 55 187 295 82 213 85 128 83 120 112 50 260 122 85 138
is_linear=0
shrinkage=0.05


Tree=119
num_leaves=31
num_cat=0
split_feature=1 15 13 3 3 13 1 3 13 2 10 15 2 11 9 9 13 14 1 15 14 4 15 13 2 15 4 3 1 10
split_gain=1.23674 3.18674 2.69821 1.65863 1.80981 2.69802 2.24673 2.88286 2.22311 3.45279 2.49805 4.17057 1.88587 1.73727 2.45518 3.0543 3.39724 5.12071 5.12691 7.24687 5.41368 3.18359 3.91155 2.93045 2.65089 2.60024 3.67682 2.55861 2.55037 5.0545
threshold=-5.3671738291891193 1.1674567520208674 -0.33318785542982293 -12.450507552553509 -6.0948933452250573 -0.49120928579517936 -1.836264855484864 3.5802804892350735 -0.2967757657065016 -3.1169386968925585 -0.47927374438469783 0.6457792070169317 -4.060931656164473 -5697735.9999999991 -1.1580881222410155 -1.2327652605025297 -0.62048368229277073 -1.0000000180025095e-35 -0.54256424413361548 -1.3119229155704326 1.0000000180025095e-35 23.809523809523814 0.22638079375050549 3.1638584037590092 -2.4608109126818349 0.62575929479175074 99.999962565236913 -2.1707964412466372 -0.0098693144663278224 -0.29172445849577727
decision_type=2 2 2 2 2 2 2 2 2 2 2 2 2 2 2 2 2 2 2 2 2 2 2 2 2 2 2 2 2 2
left_child=1 -1 -3 -2 5 -5 7 -6 -7 10 11 -10 -8 -14 15 16 21 23 20 -20 -19 22 -15 -18 -21 26 -23 -22 29 -16
right_child=3 2 -4 4 6 8 12 -9 9 -11 -12 -13 13 14 28 -17 17 18 19 24 27 25 -24 -25 -26 -27 -28 -29 -30 -31
leaf_value=-0.050079650251944489 -0.05385251202694076 -0.061205579847224072 0.038708787055702423 -0.025608383241838836 -0.034278232029756286 0.059127801879838321 0.073794466410801493 0.069654416763980057 -0.047906893965579185 -0.054979057008801735 0.056388153809293642 0.030232839491934078 0.0085012599667659769 0.062679362302835481 0.0059336261187627193 -0.035669509613861013 -0.032664529012885392 0.12859356237622147 0.051061663257213674 0.051751657704234989 0.045696603232850887 -0.053142062509124489 -0.01893063789093636 0.037178571963048544 -0.024512385997976893 0.019897213546614192 0.052596510770722554 -0.051972096768402087 0.0033483695041288328 -0.018745513993501346
leaf_weight=4.1183256529184282 1.4169293391605595 0.89625714659632683 2.7459281315095723 3.4366060756146934 7.9340845858678204 3.4007000401616141 0.86794422147795458 0.72846495878184203 2.4013539238367247 1.6036106981337006 3.8473253324627867 5.9109030275139958 53.488963419105858 5.1261074550275252 40.307524235686287 9.4274467099749 23.321332338906362 1.5203311806544686 4.4581827358924846 1.2163624912500441 1.9899453837424514 3.8392077165190113 2.0576136225135997 1.6052249127533276 18.017849795171053 5.3762093165423721 1.046168942004442 1.0113489776849749 249.02032366750063 42.753066621167818
leaf_count=2003 1721 1098 20 41 260 19 5 16 45 50 30 58 1083 214 1207 251 634 11 119 6 25 133 65 43 438 100 7 76 6227 1948
internal_value=-0.000142101 -0.0199483 0.0141222 0.000167085 0.000321492 0.0148302 -0.000307594 -0.0255382 0.022927 0.0139823 0.0230769 0.00765881 0.000160967 2.36989e-05 -0.00107667 -0.00893905 -0.00536893 -0.0116539 0.00293496 -0.00637629 0.051724 0.0137758 0.039304 -0.0281668 -0.0196895 -0.00409557 -0.0304989 0.0127851 0.000817733 -0.00676926
internal_weight=504.892 7.76051 3.64219 497.131 495.714 20.6005 475.114 8.66255 17.1639 13.7632 12.1596 8.31226 466.451 465.583 412.094 80.0133 70.5859 53.1406 28.214 23.6924 4.52163 17.4453 7.18372 24.9266 19.2342 10.2616 4.88538 3.00129 332.081 83.0606
internal_count=17953 3121 1118 14832 13111 243 12868 276 202 183 133 103 12592 12587 11504 2122 1871 1352 675 563 112 519 279 677 444 240 140 101 9382 3155
is_linear=0
shrinkage=0.05


end of trees

feature_importances:
pull_ema50=692
vol_regime=425
z_oi=406
z_ls=293
pull_ema8=265
pull_ema21=235
rsi=179
z_btc_20=176
cvd_delta=163
z_cvd_20=151
stoch_k=145
funding=103
btc_cvd_mom=100
macro=91
z_btc_10=76
z_btc_4=60
z_cvd_4=40

parameters:
[boosting: gbdt]
[objective: binary]
[metric: binary_logloss]
[tree_learner: serial]
[device_type: cpu]
[data_sample_strategy: bagging]
[data: ]
[valid: ]
[num_iterations: 120]
[learning_rate: 0.05]
[num_leaves: 31]
[num_threads: 1]
[seed: 0]
[deterministic: 0]
[force_col_wise: 0]
[force_row_wise: 0]
[histogram_pool_size: -1]
[max_depth: -1]
[min_data_in_leaf: 20]
[min_sum_hessian_in_leaf: 0.001]
[bagging_fraction: 1]
[pos_bagging_fraction: 1]
[neg_bagging_fraction: 1]
[bagging_freq: 0]
[bagging_seed: 3]
[bagging_by_query: 0]
[feature_fraction: 1]
[feature_fraction_bynode: 1]
[feature_fraction_seed: 2]
[extra_trees: 0]
[extra_seed: 6]
[early_stopping_round: 0]
[early_stopping_min_delta: 0]
[first_metric_only: 0]
[max_delta_step: 0]
[lambda_l1: 0]
[lambda_l2: 0]
[linear_lambda: 0]
[min_gain_to_split: 0]
[drop_rate: 0.1]
[max_drop: 50]
[skip_drop: 0.5]
[xgboost_dart_mode: 0]
[uniform_drop: 0]
[drop_seed: 4]
[top_rate: 0.2]
[other_rate: 0.1]
[min_data_per_group: 100]
[max_cat_threshold: 32]
[cat_l2: 10]
[cat_smooth: 10]
[max_cat_to_onehot: 4]
[top_k: 20]
[monotone_constraints: ]
[monotone_constraints_method: basic]
[monotone_penalty: 0]
[feature_contri: ]
[forcedsplits_filename: ]
[refit_decay_rate: 0.9]
[cegb_tradeoff: 1]
[cegb_penalty_split: 0]
[cegb_penalty_feature_lazy: ]
[cegb_penalty_feature_coupled: ]
[path_smooth: 0]
[interaction_constraints: ]
[verbosity: -1]
[saved_feature_importance_type: 0]
[use_quantized_grad: 0]
[num_grad_quant_bins: 4]
[quant_train_renew_leaf: 0]
[stochastic_rounding: 1]
[linear_tree: 0]
[max_bin: 255]
[max_bin_by_feature: ]
[min_data_in_bin: 3]
[bin_construct_sample_cnt: 200000]
[data_random_seed: 1]
[is_enable_sparse: 1]
[enable_bundle: 1]
[use_missing: 1]
[zero_as_missing: 0]
[feature_pre_filter: 1]
[pre_partition: 0]
[two_round: 0]
[header: 0]
[label_column: ]
[weight_column: ]
[group_column: ]
[ignore_column: ]
[categorical_feature: ]
[forcedbins_filename: ]
[precise_float_parser: 0]
[parser_config_file: ]
[objective_seed: 5]
[num_class: 1]
[is_unbalance: 0]
[scale_pos_weight: 1]
[sigmoid: 1]
[boost_from_average: 1]
[reg_sqrt: 0]
[alpha: 0.9]
[fair_c: 1]
[poisson_max_delta_step: 0.7]
[tweedie_variance_power: 1.5]
[lambdarank_truncation_level: 30]
[lambdarank_norm: 1]
[label_gain: ]
[lambdarank_position_bias_regularization: 0]
[eval_at: ]
[multi_error_top_k: 1]
[auc_mu_weights: ]
[num_machines: 1]
[local_listen_port: 12400]
[time_out: 120]
[machine_list_filename: ]
[machines: ]
[gpu_platform_id: -1]
[gpu_device_id: -1]
[gpu_use_dp: 0]
[num_gpu: 1]

end of parameters

pandas_categorical:[]
