tree
version=v4
num_class=1
num_tree_per_iteration=1
label_index=0
max_feature_idx=72
objective=binary sigmoid:1
feature_names=Candle Buy_Qty Sell_Qty Candle_Delta Agg._Liq_Long Agg._Liq_Short CVD Long/Short_Ratio_(Account) Whale_Ind Agg._OI Agg._Funding_Rate RSI Net_Shorts Net_Longs Price_Low Price_High Mid_Price Bid_Qty Ask_Qty Bid_USD Ask_USD Delta_Qty Delta_USD Bid_Trades Ask_Trades total_qty atr cvd_delta btc_cvd_mom ema_fast ema_slow macro_score macro z_cvd_4 z_btc_4 z_cvd_10 z_btc_10 z_cvd_20 z_btc_20 vol_regime z_oi z_ls funding liq_long_5 liq_short_5 z_bid_qty z_ask_qty z_delta_qty z_bid_trades z_ask_trades log_ret_1 log_ret_3 log_ret_5 ret_skew_10 ret_kurt_10 ret_skew_20 ret_kurt_20 atr_ratio cvd_accel atr_ratio_lag1 ret_lag1 price_atr ema_8 ema_21 ema_50 pull_ema8 pull_ema21 pull_ema50 rsi stoch_k liq_long_5_mean liq_short_5_mean btc_CVD
feature_infos=[1126:228283] [227612:183877120] [273441:243821296] [-59944172:17482428] [0:19352098] [0:16395002] [-39402528768:-173656768] [0:11.107181549072266] [0:3.8541998863220215] [0:599017536] [-0.0078149996697902679:0.020015999674797058] [0:96.680000305175781] [0:220382912] [0:285822464] [0.019999999552965164:2.7300000190734863] [0.029999999329447746:2.7300000190734863] [0.029999999329447746:2.7300000190734863] [0:1397633] [0:2928206] [0:118762.1484375] [0:2416660.75] [-1605328:711015] [-70310.4609375:2416660.75] [0:328] [0:541] [0:819597] [0.00049285695422440767:0.13428577780723572] [-134778880:50546112] [-16829.4375:14572.1875] [0.024759652093052864:2.8633863925933838] [0.030038837343454361:2.8589301109313965] [-52.420665740966797:30.048439025878906] [-1:1] [-1.5:1.5] [-1.4997109174728394:1.4995204210281372] [-2.8225011825561523:2.7588362693786621] [-2.8280031681060791:2.8295276165008545] [-4.1720805168151855:3.8740081787109375] [-4.183351993560791:4.1690478324890137] [-2.3424339294433594:9.8999996185302734] [-7.8549938201904297:7.1963372230529785] [-6.5314431190490723:6.4591779708862305] [-0.0078149996697902679:0.020015999674797058] [0:86244824] [0:93897672] [-1.2434477806091309:2.8460497856140137] [-1.4188796281814575:2.8441815376281738] [-2.8441815376281738:2.7472987174987793] [-1.3225370645523071:2.8460497856140137] [-2.0981988906860352:2.8228719234466553] [-0.40546506643295288:0.28768211603164673] [-0.51516395807266235:0.40546509623527527] [-0.51516395807266235:0.40546509623527527] [-3.1622776985168457:3.1622776985168457] [-3:10] [-4.4721360206604004:4.4721360206604004] [-3:20] [0.30000001192092896:3] [-32489472:38621184] [0.30000001192092896:3] [-0.16632124781608582:0.40546509623527527] [8.3999996185302734:1259.99365234375] [0.023950615897774696:2.7592635154724121] [0.021740905940532684:2.7958614826202393] [0.021193007007241249:2.8209617137908936] [-10.893165588378906:10.898459434509277] [-13.275459289550781:13.609182357788086] [-16.248319625854492:19.322404861450195] [0:100] [0:100] [0:11002269] [0:7598717.5] [-2643242.5:462038.65625]
tree_sizes=1865 1822 1824 1818 2334 1921 1922 2343 2355 1825 2232 1827 2230 1817 2026 1935 2349 2236 1826 2558 1918 1717 1923 2034 1931 2240 1825 1829 2131 1923 2035 2035 1911 1930 2031 2244 1819 1933 1830 2031 1814 1710 1931 1833 2043 1942 1922 1825 1825 2469 1832 1930 1725 1931 1725 2031 2037 2034 1924 1609 1915 1936 2037 1832 2771 1825 2471 2355 1726 2466 1923 1946 1932 2471 2249 2043 2782 2031 2457 2044 2046 2030 1832 2025 2140 1735 1945 2024 3173 1935 1845 1938 1834 1932 2569 1940 2042 2895 1932 1828 2242 2244 1833 1926 1836 1944 1932 1729 1832 1823 1936 1906 1928 1940 2997 1924 2994 1938 1935 1841 2904 1947 1838 2038 1936 1831 2474 1936 1838 2778 1837 2163 1933 2464 1935 2046 1724 2465 2137 1935 2365 1944 2353 2138 2258 2244 2266 2028 2454 2151 2163 2045 2567 2459 2480 2251 2343 2130 2156 2349 2679 2250 2025 2887 2059 2165 2167 2163 3115 1952 2161 2578 2348 2460 2355 1844 1942 2362 2162 2158 2593 2594 1844 2151 1841 2160 2575 2058 2789 3328 2999 2165 3108 1844 1844 1937 1621 2654 2964 1948 1952 2580 2161 2041 2561 1966 2065 2480 1943 2166 2058 2579 1624 3163 2376 1959 1848 1920 1521 1827 1838 2382 2376 2031 2488 1941 1734 1520 2335 1738 2386 2694 1834 2384 2061 2460 2386 1835 2376 1738 1956 2367 2588 1528 1736 2593 2376 2889 2375 1847 2899 1752 2271 2277 2593 1966 3008 1738 2699 1951 2152 2471 2281 1529 2979 1837 2064 3218 1845 1743 2270 1956 2273 1530 2497 1531 1954 1537 1533 2371 2483 1635 2165 1535 2689 2265 1635 2488 2477 2160 2472 2185 1532 2179 1528 2058 1957 3129 1634 2487

Tree=0
num_leaves=17
num_cat=0
split_feature=56 67 58 27 47 59 48 33 44 57 36 52 46 22 39 1
split_gain=199.697 73.3867 39.805 31.1972 61.3402 34.9092 27.287 22.4779 21.492 21.141 17.1465 13.1176 12.4487 10.355 8.02212 5.56808
threshold=-2.3578467369079585 -2.0167539119720455 -4104831.9999999995 3026432.0000000005 0.049633052200078971 0.53921237587928783 -0.58091521263122547 -0.63637289404869068 1267199.6875000002 1.0255587100982668 0.85526448488235485 0.033759176731109626 0.42625190317630773 13377.639648437502 -1.3039312958717344 2488929.5000000005
decision_type=2 2 2 2 2 2 2 2 2 2 2 2 2 2 2 2
left_child=10 6 11 5 -5 -4 -2 9 -9 -8 12 14 15 -12 -3 -1
right_child=1 2 3 4 -6 -7 7 8 -10 -11 13 -13 -14 -15 -16 -17
leaf_value=-1.2252205933988405 -1.2712562828289402 -1.2685152849084211 -1.2272060490782175 -1.2406574169626488 -1.2629677502922432 -1.2422809928277692 -1.2454300249513421 -1.2472554471395885 -1.2263561084611756 -1.2553779278087773 -1.2502589007395297 -1.2425175190433142 -1.232540040180949 -1.2239068867508534 -1.221895559843265 -1.2142479263532047
leaf_weight=6.8367482423782375 6.2021207213401786 0.34456226229667919 16.698964133858681 29.723769292235374 20.949737191200256 218.658158659935 32.473235487937927 17.442585662007335 7.0090293735265723 63.587559416890144 3.2803733944892874 4.8379354774951926 6.3128729462623587 2.942843034863472 14.197371780872343 23.998058766126633
leaf_count=17 36 2 44 107 109 813 128 71 18 296 14 18 19 7 32 41
internal_value=-1.2424 -1.24445 -1.2418 -1.24274 -1.2499 -1.24121 -1.25087 -1.24981 -1.24122 -1.252 -1.22193 -1.22787 -1.21932 -1.23764 -1.22307 -1.21665
internal_weight=475.496 432.125 305.41 286.031 50.6735 235.357 126.715 120.512 24.4516 96.0608 43.3709 19.3799 37.1477 6.22322 14.5419 30.8348
internal_count=1772 1674 1125 1073 216 857 549 513 89 424 98 52 77 21 34 58
is_linear=0
shrinkage=1


Tree=1
num_leaves=16
num_cat=0
split_feature=54 51 69 35 20 26 12 54 11 56 34 11 36 47 29
split_gain=225.902 79.5872 45.8304 38.3634 35.0117 31.9394 28.8196 28.1149 24.3471 24.2121 17.3907 15.6514 14.5776 6.90037 1.97498
threshold=-2.7852391004562373 -0.038843464106321328 49.999761581420906 -1.0360750555992124 24483.160156250004 0.0021428558975458149 107233396.00000001 9.8270168304443377 45.100000381469734 4.9851591587066659 -0.53234177827835072 1.0000000180025095e-35 0.85526448488235485 -0.82113832235336293 0.41310636699199682
decision_type=2 2 2 2 2 2 2 2 2 2 2 2 2 2 2
left_child=5 11 6 7 -5 12 9 -4 -7 -3 -8 -2 13 -1 -15
right_child=1 2 3 4 -6 8 10 -9 -10 -11 -12 -13 -14 14 -16
leaf_value=0.028871897460255275 0.013888236164487264 0.011033877190489944 0.018757648363551042 0.0081995444442594066 0.021333247788145351 0.027829204654547801 0.030433780001651894 0.03180379441606479 -0.012457513287282888 0.0008279060516682864 0.00074619657953380058 -0.012781947094130242 0.022427630251204828 0.042474770589282125 0.035557783059618479
leaf_weight=5.8740285336971274 2.5958702564239529 138.36934185028076 113.42909076809883 65.097304105758667 29.796102166175842 4.2960056364536277 10.543507799506186 19.668033376336098 2.2649462223052979 28.196565136313438 2.5130755007266989 13.478175446391104 5.9500724375247946 30.466238409280777 7.2378920167684546
leaf_count=16 10 561 395 277 98 12 28 50 13 135 12 78 19 52 16
internal_value=0.0158741 0.0133736 0.0142352 0.0172182 0.012334 0.0347445 0.0104433 0.020693 0.0137692 0.0093122 0.0247962 -0.00841265 0.0375029 0.0395383 0.0411735
internal_weight=479.776 423.687 407.613 227.991 94.8934 56.0892 179.622 133.097 6.56095 166.566 13.0566 16.074 49.5282 43.5782 37.7041
internal_count=1772 1644 1556 820 375 128 736 445 25 696 40 88 103 84 68
is_linear=0
shrinkage=0.01


Tree=2
num_leaves=16
num_cat=0
split_feature=54 51 69 37 26 12 62 56 47 31 58 70 36 47 29
split_gain=213.866 77.1853 43.8861 36.7938 29.8725 27.556 24.3892 23.4501 22.5963 18.5548 16.9639 15.4056 13.5168 6.34594 1.77652
threshold=-2.7852391004562373 -0.038843464106321328 49.999761581420906 -1.7287229299545286 0.0021428558975458149 107233396.00000001 0.1297283470630646 4.9851591587066659 0.95917409658432018 -1.2341547012329099 759296.00000000012 1.0000000180025095e-35 0.85526448488235485 -0.82113832235336293 0.41310636699199682
decision_type=2 2 2 2 2 2 2 2 2 2 2 2 2 2 2
left_child=4 11 5 8 12 7 -5 -3 -4 -6 -7 -2 13 -1 -15
right_child=1 2 3 6 9 10 -8 -9 -10 -11 -12 -13 -14 14 -16
leaf_value=0.02813540916366173 0.013643426391953388 0.01085692800661224 0.022378032662770674 -0.012637167720908884 0.024293378432519941 0.029732562155029459 0.013987384054094108 0.00081924901141286509 0.00061683775542502306 -0.012371898396991548 0.00056532865805640888 -0.012745142164293137 0.021931744555005475 0.041098656399596215 0.034530580231509185
leaf_weight=5.9670351296663275 2.6159222126007071 139.21398375928402 98.620560809969902 3.5001226216554633 4.6966928243637085 10.69753387570381 122.91790960729122 28.209496706724167 5.1137712001800528 1.9142732024192799 2.537337362766265 13.382406190037726 6.0233844965696326 31.167854279279709 7.3779485821723929
leaf_count=16 10 561 311 20 14 28 465 135 24 11 12 78 19 52 16
internal_value=0.0155788 0.0131425 0.0139826 0.0168851 0.0337571 0.0102793 0.0132423 0.00917163 0.0213149 0.0135253 0.0242163 -0.00836778 0.036384 0.0383172 0.0398674
internal_weight=483.956 426.809 410.811 230.152 57.1472 180.658 126.418 167.423 103.734 6.61097 13.2349 15.9983 50.5362 44.5128 38.5458
internal_count=1772 1644 1556 820 128 736 485 696 335 25 40 88 103 84 68
is_linear=0
shrinkage=0.01


Tree=3
num_leaves=16
num_cat=0
split_feature=54 51 69 3 35 26 54 12 11 56 3 11 36 47 29
split_gain=202.845 74.8797 42.0524 43.4042 41.3447 28.0112 27.3396 26.3733 23.0234 22.7182 16.5385 15.1659 12.5767 5.86039 1.60562
threshold=-2.7852391004562373 -0.038843464106321328 49.999761581420906 159740.00000000003 1.6770166754722597 0.0021428558975458149 9.8270168304443377 107233396.00000001 45.100000381469734 4.9851591587066659 -522875.99999999994 1.0000000180025095e-35 0.85526448488235485 -0.82113832235336293 0.41310636699199682
decision_type=2 2 2 2 2 2 2 2 2 2 2 2 2 2 2
left_child=5 11 7 6 -5 12 -4 9 -7 -3 -9 -2 13 -1 -15
right_child=1 2 3 4 -6 8 -8 10 -10 -11 -12 -13 -14 14 -16
leaf_value=0.027436598062892108 0.013405641654947086 0.010684309307787951 0.017799938653407409 0.0019458718154962212 0.01662717948258733 0.026650647332334066 0.029333113774216286 0.029059304682027959 -0.012425203266807761 0.00081068745977877694 0.00039915982293556074 -0.012708894707748938 0.021456364510315306 0.039821375108131239 0.033566332926417912
leaf_weight=6.0573623478412619 2.6355992555618277 140.04431065917015 127.99008530378342 32.998308569192886 46.373987436294556 4.4081029146909705 24.907309204339981 10.848750770092009 2.2515460550785065 28.222291201353073 2.559579297900199 13.28684827685356 6.094902664422988 31.842409193515778 7.5132964402437201
leaf_count=16 10 561 439 152 165 12 64 28 13 135 12 78 19 52 16
internal_value=0.0152933 0.012918 0.0137374 0.0165631 0.0105362 0.0328305 0.0196853 0.0101194 0.0132894 0.00903421 0.0236628 -0.00832342 0.0353376 0.0371786 0.0386527
internal_weight=488.035 429.867 413.945 232.27 79.3723 58.1676 152.897 181.675 6.65965 168.267 13.4083 15.9224 51.508 45.4131 39.3557
internal_count=1772 1644 1556 820 317 128 503 736 25 696 40 88 103 84 68
is_linear=0
shrinkage=0.01


Tree=4
num_leaves=21
num_cat=0
split_feature=69 68 27 3 26 35 69 46 2 22 31 2 67 9 26 49 43 40 71 45
split_gain=111.173 137.651 45.4649 39.7836 31.1113 30.5553 37.6725 35.6406 29.9408 29.7295 28.1518 28.4949 26.955 26.7509 13.1422 11.515 11.2453 4.20377 3.86182 1.64134
threshold=49.999761581420906 24.999990463256839 3390464.0000000005 159740.00000000003 0.00071428663795813929 1.6770166754722597 66.666721343994155 -0.76934608817100514 1134444.5000000002 1292.654968261719 -9.7951221466064435 5536681.5000000009 -1.5003677010536192 141383720.00000003 0.002742857788689435 0.54189991950988781 144099.23437500003 -2.4824765920639034 72906.929687500015 -0.42410838603973383
decision_type=2 2 2 2 2 2 2 2 2 2 2 2 2 2 2 2 2 2 2 2
left_child=2 14 4 8 -1 6 -5 -7 15 -4 13 -12 -10 -6 17 -3 -16 -2 -19 -11
right_child=1 3 9 5 10 7 -8 -9 12 19 11 -13 -14 -15 16 -17 -18 18 -20 -21
leaf_value=-0.012741127700866597 -0.0073951527329459907 -0.012797707155391152 0.0034785115122753399 0.019400007096805102 0.036201134033012297 -0.012708029734236057 -0.0039571748801616588 0.018232536616323763 -0.00091130495036042538 0.040343680746032173 0.0038950956312563613 0.012006327652749005 0.020761163453142766 0.010121504831169635 0.03005844341073827 0.014537609051364864 0.0023966125151413413 0.027098230624524208 0.03797654772485063 0.030968643327718468
leaf_weight=6.768248885869979 0.17796607315540214 3.9409555047750464 4.2257514894008628 9.7413478642702085 7.1346653848886517 4.0493551492691031 23.595772579312325 41.658613190054893 5.8931580632925025 4.5770301818847647 89.748469591140747 84.598388463258743 139.4326369613409 9.0871082693338376 4.8739878684282294 2.5156821608543396 2.2210259139537811 4.3413476645946494 37.06286783516407 6.3648473024368277
leaf_count=39 1 22 19 32 15 23 119 141 28 7 401 330 439 36 12 9 10 11 63 15
internal_value=0.0150174 0.0191657 0.00955642 0.015935 0.00826667 0.0101549 0.00283797 0.0154696 0.0189386 0.0262707 0.00901803 0.00783665 0.0198754 0.0216535 0.0344653 -0.00199224 0.0215401 0.0366466 0.0368601 0.0349817
internal_weight=492.009 279.505 212.505 230.828 197.337 79.0451 33.3371 45.708 151.782 15.1676 190.569 174.347 145.326 16.2218 48.6772 6.45664 7.09501 41.5822 41.4042 10.9419
internal_count=1772 910 862 813 821 315 151 164 498 41 782 731 467 51 97 31 22 75 74 22
is_linear=0
shrinkage=0.01


Tree=5
num_leaves=17
num_cat=0
split_feature=54 51 69 3 35 2 26 12 11 56 3 11 11 27 33 71
split_gain=183.738 71.5861 38.509 39.659 38.5618 31.4424 25.2943 25.1272 21.8723 21.8337 15.6748 14.7964 9.85264 8.83263 7.07847 1.49237
threshold=-2.7852391004562373 -0.038843464106321328 49.999761581420906 159740.00000000003 1.6770166754722597 1134444.5000000002 0.0021428558975458149 107233396.00000001 45.100000381469734 4.9851591587066659 -522875.99999999994 1.0000000180025095e-35 45.100000381469734 -2714623.9999999995 -0.86402726173400868 80787.757812500015
decision_type=2 2 2 2 2 2 2 2 2 2 2 2 2 2 2 2
left_child=6 11 7 5 -5 -4 12 9 -8 -3 -9 -2 15 -14 -15 -1
right_child=1 2 3 4 -6 -7 8 10 -10 -11 -12 -13 13 14 -16 -17
leaf_value=0.030842348580138925 0.012969748789060676 0.010371840697539004 -0.0022782326107823585 0.0018977724631690793 0.016017034137184739 0.019841754014798891 0.025472770529063667 0.028095988718663725 -0.012432381065146101 0.00071995844279991201 0.00029901369567976655 -0.012684429545788262 0.013913690589960004 0.017514305272949997 0.034193095791636284 0.038290851795408996
leaf_weight=4.7521546185016659 2.6721791028976432 141.56207604706287 6.6304609328508368 33.075007051229477 47.190650925040245 149.46488352119923 4.5244353264570227 11.070843085646628 2.2539874166250229 28.357859328389168 2.5731804072856894 13.220702514052389 3.8419837951660183 3.4059946238994643 14.780622631311413 26.520891830325127
leaf_count=10 10 561 32 152 165 471 12 28 13 135 12 78 13 11 28 41
internal_value=0.0147499 0.012486 0.0132754 0.0159509 0.0102114 0.0188958 0.0311552 0.00982487 0.0127209 0.00876693 0.0229269 -0.0083081 0.0334808 0.0281682 0.0311245 0.037191
internal_weight=495.898 435.818 419.925 236.361 80.2657 156.095 60.0801 183.564 6.77842 169.92 13.644 15.8929 53.3016 22.0286 18.1866 31.273
internal_count=1772 1644 1556 820 317 503 128 736 25 696 40 88 103 52 39 51
is_linear=0
shrinkage=0.01


Tree=6
num_leaves=17
num_cat=0
split_feature=54 51 69 3 2 46 26 12 56 34 11 38 72 36 46 71
split_gain=175.126 69.5154 36.9805 37.964 30.2416 29.541 24.144 24.104 21.1684 15.2647 14.5723 13.9727 20.3282 12.6403 4.6884 0.317758
threshold=-2.7852391004562373 -0.038843464106321328 49.999761581420906 159740.00000000003 1134444.5000000002 -0.78633412718772877 0.0021285691764205699 107233396.00000001 4.9851591587066659 -0.53234177827835072 1.0000000180025095e-35 -1.2833597660064695 -891652.12499999988 0.85526448488235485 0.42625190317630773 117465.73828125001
decision_type=2 2 2 2 2 2 2 2 2 2 2 2 2 2 2 2
left_child=6 10 7 4 -4 -5 13 8 -3 -9 -2 -8 -13 14 15 -1
right_child=1 2 3 5 -6 -7 11 9 -10 -11 -12 12 -14 -15 -16 -17
leaf_value=0.034106045376786701 0.012750716016041028 0.010210808236323411 -0.0022582054599044137 -0.0083267842670600618 0.019440660875647341 0.012043371066310713 0.027867681631690726 0.027486190669434887 0.0007124753640942753 0.00016473086383370626 -0.012649094652046083 -0.012736882092444602 0.025355853206211285 0.018715416740979329 0.027623166124082266 0.037884433178461567
leaf_weight=10.318194806575773 2.6908063888549796 142.35265576839447 6.6224108487367621 7.8306049704551688 151.01519201695919 72.870636805891991 5.9517239779233932 11.214648246765135 28.369095414876938 2.5913136303424826 13.125534847378729 2.8706875294446945 2.7066347599029523 5.4754442721605292 7.6992324441671363 25.973118782043457
leaf_count=18 10 561 32 42 471 275 14 28 135 12 78 16 7 17 18 38
internal_value=0.0144913 0.0122799 0.0130507 0.0156596 0.0185227 0.0100544 0.030379 0.00967563 0.00863831 0.0224305 -0.00826464 0.0171676 0.00556995 0.033438 0.0352477 0.0368377
internal_weight=499.678 438.683 422.867 238.339 157.638 80.7012 60.995 184.528 170.722 13.806 15.8163 11.529 5.57732 49.466 43.9905 36.2913
internal_count=1772 1644 1556 820 503 317 128 736 696 40 88 37 23 91 74 56
is_linear=0
shrinkage=0.01


Tree=7
num_leaves=21
num_cat=0
split_feature=54 67 2 39 61 3 25 66 69 67 49 21 11 3 47 10 72 61 10 67
split_gain=167.165 58.0657 32.1474 27.9337 26.6085 33.5833 25.2069 17.4378 25.3699 31.8131 24.8221 24.0086 16.4631 14.8115 16.4328 11.8303 5.44168 5.09296 2.00821 1.11837
threshold=-2.7852391004562373 -2.2986534833908077 1134444.5000000002 2.6299754381179814 169.38391113281253 -2040261.4999999998 53984.000000000007 -1.8215708732604978 16.666707992553714 -4.1573979854583731 0.93349951505661022 -533.49999999999989 45.100000381469734 -375461.49999999994 0.66559347510337841 0.00052400000276975345 -1231800.1874999998 179.20005798339847 -0.00055450000218115736 -0.62533572316169728
decision_type=2 2 2 2 2 2 2 2 2 2 2 2 2 2 2 2 2 2 2 2
left_child=12 7 3 15 5 -4 -6 8 11 -10 -9 -2 17 14 -14 -3 -15 -1 -18 -19
right_child=1 2 4 -5 6 -7 -8 10 9 -11 -12 -13 13 16 -16 -17 18 19 -20 -21
leaf_value=0.02521502514179931 0.0064252373171118553 -0.012918384448789264 0.023727888725223131 0.032635019338628439 0.019915845335723829 0.011252264249363668 -0.0046720724491095943 -0.012931743651114736 0.024782657956803449 0.0050935368612745457 0.018714998412661468 -0.0096896427897119088 -0.003431775910287406 0.018763932285947024 0.029878916361339082 0.0060521431138532882 0.037035094031375601 0.030484093855649066 0.027795937266042278 0.036825571127419542
leaf_weight=6.3263407945632926 56.143332183361053 8.0471611469984037 24.748892307281494 2.2851518839597693 104.24735908210278 178.91685312986374 4.2751790285110465 9.8186461925506574 15.781041726469992 17.424492388963699 3.2976925224065772 11.025996893644331 3.7248990237712887 5.4344281554222151 2.411170482635498 5.4754919260740271 4.8399271368980452 5.5675103515386608 8.4950367212295443 25.077160015702248
leaf_count=15 239 45 69 5 324 672 21 55 45 75 11 60 18 16 5 23 7 11 19 37
internal_value=0.0142407 0.0120794 0.0142149 0.000237738 0.0149194 0.0127732 0.018938 0.00589904 0.00732001 0.014481 -0.00489892 0.00376506 0.029645 0.0232321 0.0094947 -0.00516303 0.0276698 0.0339379 0.0312243 0.0357061
internal_weight=503.364 441.487 327.996 15.8078 312.188 203.666 108.523 113.491 100.375 33.2055 13.1163 67.1693 61.8765 24.9055 6.13607 13.5227 18.7694 36.971 13.335 30.6447
internal_count=1772 1644 1159 73 1086 741 345 485 419 120 66 299 128 65 23 68 42 63 26 48
is_linear=0
shrinkage=0.01


Tree=8
num_leaves=21
num_cat=0
split_feature=54 67 2 24 24 39 33 72 50 48 26 41 38 72 10 36 47 48 2 1
split_gain=159.796 55.9722 31.0264 28.7617 31.4211 26.9851 26.5249 26.2517 26.8365 22.7748 22.1932 14.3274 13.0546 19.3669 11.6716 11.4049 5.31539 5.11164 4.09504 0.201844
threshold=-2.7852391004562373 -2.2986534833908077 1134444.5000000002 34.500000000000007 12.500000000000002 2.6299754381179814 -0.56382009387016285 1.0000000180025095e-35 -0.010593718383461235 -0.45644378662109369 0.0021285691764205699 1.8787492513656618 -1.2833597660064695 -891652.12499999988 0.00052400000276975345 0.85526448488235485 -0.82113832235336293 -0.47130250930786127 13348737.000000002 2357245.5000000005
decision_type=2 2 2 2 2 2 2 2 2 2 2 2 2 2 2 2 2 2 2 2
left_child=10 3 5 4 6 14 -2 8 -4 -6 15 17 -12 -14 -3 16 -1 -5 -9 -18
right_child=1 2 7 11 9 -7 -8 18 -10 -11 12 -13 13 -15 -16 -17 19 -19 -20 -21
leaf_value=0.023836362158702339 0.0001271536156565318 -0.012878472641269314 0.0043512242054240223 0.0038847229578149989 -0.0024529736340830324 0.031766765128673422 0.022770174141255085 -0.012758651510341093 0.015865351771542576 0.017382527855419383 0.026562108831150334 0.0098412156867983078 -0.012751813906828363 0.024169576437569919 0.0059722963888908303 0.01795382442899756 0.03209129904006755 -0.012900092341759546 0.0049968012184154423 0.035657913746538386
leaf_weight=5.6239153891801825 45.464676186442375 7.9916573613882047 22.041891202330589 2.0297021716833124 6.7608831673860541 2.3239344656467429 5.8513111323118201 3.7400285303592673 286.92995311319828 36.977748692035675 6.1162766814231873 4.5695916414260855 2.8744432181119919 2.7788381278514844 5.4931203871965408 5.5852320939302436 9.1900980919599515 12.193206802010536 1.8920223414897916 30.558987110853195
leaf_count=14 213 45 93 9 33 5 17 21 964 126 14 18 16 7 23 17 16 69 8 44
internal_value=0.0139969 0.0118835 0.0139692 0.0058215 0.00806062 0.000234686 0.00272851 0.0146562 0.0150472 0.0142936 0.0289488 -0.00545102 0.0163957 0.0052198 -0.00512532 0.0318285 0.0335143 -0.0104345 -0.00661636 0.0348585
internal_weight=506.988 444.26 330.413 113.847 95.0546 15.8087 51.316 314.604 308.972 43.7386 62.7278 18.7925 11.7696 5.65328 13.4848 50.9582 45.373 14.2229 5.63205 39.7491
internal_count=1772 1644 1159 485 389 73 230 1086 1057 159 128 96 37 23 68 91 74 78 29 60
is_linear=0
shrinkage=0.01


Tree=9
num_leaves=16
num_cat=0
split_feature=54 51 69 3 35 2 2 50 7 26 11 11 36 47 29
split_gain=152.976 65.8355 33.3079 35.8621 36.3342 27.3195 23.137 33.3513 23.3769 21.0883 19.7994 14.1442 9.09412 4.33586 1.11721
threshold=-2.7852391004562373 -0.038843464106321328 49.999761581420906 159740.00000000003 1.6770166754722597 1134444.5000000002 5536681.5000000009 -0.0094134216196835024 2.4388855695724492 0.0021428558975458149 45.100000381469734 1.0000000180025095e-35 0.85526448488235485 -0.82113832235336293 0.41310636699199682
decision_type=2 2 2 2 2 2 2 2 2 2 2 2 2 2 2
left_child=9 11 6 5 -5 -4 7 -3 -8 12 -11 -2 13 -1 -15
right_child=1 2 3 4 -6 -7 8 -9 -10 10 -12 -13 -14 14 -16
leaf_value=0.023681072699434945 0.012196690060627792 -0.0099221407987044961 -0.0021836507123935466 0.0014756318833559895 0.015016895914879145 0.01846850475375509 0.019496020019209703 0.008074629539599287 0.008729102500891199 0.023346408012963948 -0.012437263775332014 -0.012643462386653877 0.018827888262993166 0.033965281784761686 0.028805285647515246
leaf_weight=6.5766244977712622 2.7386125773191443 11.557828173041342 6.5918458551168433 33.765841200947762 48.569454252719879 154.85790780186653 34.453184142708778 91.366756573319435 49.963982626795769 4.7449795305728903 2.253561332821846 13.108021199703215 6.5105538666248313 35.222563430666924 8.2353852540254575
leaf_count=16 10 62 32 152 165 471 108 367 199 12 13 78 19 52 16
internal_value=0.0137606 0.0116928 0.0124295 0.0148729 0.00947575 0.0176191 0.00924468 0.00604398 0.0131353 0.0282898 0.011681 -0.00828749 0.0303278 0.0318042 0.0330105
internal_weight=510.517 446.973 431.127 243.785 82.3353 161.45 187.342 102.925 84.4172 63.5437 6.99854 15.8466 56.5451 50.0346 43.4579
internal_count=1772 1644 1556 820 317 503 736 429 307 128 25 88 103 84 68
is_linear=0
shrinkage=0.01


Tree=10
num_leaves=20
num_cat=0
split_feature=54 67 2 24 49 66 41 3 50 46 26 41 24 11 36 34 5 47 1
split_gain=146.626 52.5596 29.2409 27.8226 33.3397 32.1281 26.3807 24.5699 28.256 26.0629 20.1223 14.0287 12.8564 11.9214 10.2871 8.65672 5.10064 4.75195 0.170164
threshold=-2.7852391004562373 -2.2986534833908077 1134444.5000000002 34.500000000000007 0.4428857564926148 -1.9332200288772581 -1.2111390829086301 159740.00000000003 -0.010593718383461235 -0.60480898618698109 0.0021285691764205699 1.8787492513656618 20.500000000000004 45.100000381469734 0.85526448488235485 0.82414671778678905 80579.609375000015 -0.82113832235336293 2357245.5000000005
decision_type=2 2 2 2 2 2 2 2 2 2 2 2 2 2 2 2 2 2 2
left_child=10 3 6 4 5 -2 -3 8 -4 -9 14 16 -6 -12 17 -8 -5 -1 -19
right_child=1 2 7 11 12 -7 15 9 -10 -11 13 -13 -14 -15 -16 -17 -18 18 -20
leaf_value=0.022842724111202747 0.0078688396644490486 0.022963097971147907 0.0048916633006124335 -0.012881500939315303 0.032775277989143932 -0.0099874034328146909 -0.01289706225157145 2.8429367263088493e-05 0.017050900738782872 0.012712198647570597 0.023433677177921029 0.009595420099804448 0.013725065765209932 0.002469448375182399 0.017270087984675518 0.005231937851594347 0.0038905960746441104 0.030554254450684649 0.033940144429507317
leaf_weight=5.750244364142417 68.844300836324692 3.8653271794319144 21.314455807209015 12.147349864244463 6.1020453721284857 11.758864536881445 8.190539285540579 21.360305115580559 207.26781576871872 69.186268582940102 7.548567056655882 4.608520731329917 9.1480296403169614 4.4110866189002991 5.6863233894109717 3.7890498638153067 2.0294854938983908 9.4550942629575712 31.477094128727913
leaf_count=14 280 11 88 69 13 63 46 98 653 247 18 18 33 19 17 16 9 16 44
internal_value=0.0135317 0.0115075 0.0135098 0.005648 0.0078332 0.00525146 0.000186184 0.0141682 0.0159215 0.00973109 0.0276638 -0.0054489 0.0214132 0.015785 0.0303575 -0.00707953 -0.01041 0.0319302 0.0331825
internal_weight=513.941 449.612 334.974 114.639 95.8532 80.6032 15.8449 319.129 228.582 90.5466 64.3284 18.7854 15.2501 11.9597 52.3688 11.9796 14.1768 46.6824 40.9322
internal_count=1772 1644 1159 485 389 343 73 1086 741 345 128 96 46 37 91 62 78 74 60
is_linear=0
shrinkage=0.01


Tree=11
num_leaves=16
num_cat=0
split_feature=54 51 69 37 12 62 47 56 26 31 25 55 36 47 29
split_gain=140.72 63.2528 31.1664 29.0651 22.5597 21.9778 20.3321 19.8562 19.3497 15.5088 13.8664 12.8972 8.10999 3.86258 1.03827
threshold=-2.7852391004562373 -0.038843464106321328 49.999761581420906 -1.7287229299545286 107233396.00000001 0.1297283470630646 0.95917409658432018 4.9851591587066659 0.0021428558975458149 -1.2341547012329099 89.000000000000014 -0.55543446540832508 0.85526448488235485 -0.82113832235336293 0.41310636699199682
decision_type=2 2 2 2 2 2 2 2 2 2 2 2 2 2 2
left_child=8 10 4 6 7 -5 -4 -3 12 -10 -2 -6 13 -1 -15
right_child=1 2 3 5 11 -7 -8 -9 9 -11 -12 -13 -14 14 -16
leaf_value=0.022732960786825723 -0.012624506154913907 0.0094745737194926027 0.019116549426664735 -0.012876329632577288 0.0078024238929130518 0.011909208215860213 -0.00042189011899070126 0.0003648360668241764 0.020409610500694644 -0.012494747174375801 0.011871067624623016 0.028103430378994324 0.018183764768387345 0.032393983671935127 0.027461260061470916
leaf_weight=6.7164208889007559 13.055173456668852 146.01718842983246 106.95666691660881 3.6392583250999442 4.9548795819282523 131.13503089547157 5.4998823702335349 28.891053393483162 5.1462084054946899 1.9450065046548832 2.7672001719474784 9.2924182415008527 6.6180273741483679 36.203667387366295 8.4545747488737089
leaf_count=16 78 561 311 20 19 465 24 135 14 11 10 21 19 52 16
internal_value=0.0133091 0.0113267 0.0120397 0.014384 0.0089704 0.0112325 0.0181521 0.00797556 0.0270683 0.0112435 -0.00827723 0.0211134 0.0289861 0.0303581 0.0314825
internal_weight=517.293 452.209 436.386 247.231 189.156 134.774 112.457 174.908 65.0839 7.09121 15.8224 14.2473 57.9927 51.3747 44.6582
internal_count=1772 1644 1556 820 736 485 335 696 128 25 88 40 103 84 68
is_linear=0
shrinkage=0.01


Tree=12
num_leaves=20
num_cat=0
split_feature=56 69 35 20 31 50 56 13 26 60 34 4 65 52 69 27 20 26 33
split_gain=111.191 55.1353 30.1289 30.3173 36.5442 28.4275 22.545 22.7039 21.8037 21.6952 20.7567 19.7639 17.9457 23.0166 6.46576 23.2988 5.93075 5.04995 4.00312
threshold=-2.3578467369079585 49.999761581420906 -1.0360750555992124 24483.160156250004 5.9221410751342782 -0.01950231101363897 7.1224594116210946 187506488.00000003 0.0024857127573341136 0.0159464729949832 -1.477897524833679 408307.34375000006 -1.9897414445877073 -0.025032609701156613 49.999887466430671 3390464.0000000005 31476.314453125004 0.0021285691764205699 -0.68891632556915272
decision_type=2 2 2 2 2 2 2 2 2 2 2 2 2 2 2 2 2 2 2
left_child=14 5 6 4 -4 12 7 -3 -8 10 -7 -5 16 -14 15 -1 -2 18 -16
right_child=1 2 3 11 -6 9 8 -9 -10 -11 -12 -13 13 -15 17 -17 -18 -19 -20
leaf_value=0.0018945649463588609 -0.012798890669720021 0.016195228775290636 0.0021030342576370074 0.015139128622422868 0.017707764367511595 0.023765115134158764 0.031627845259202488 -0.01308279292065471 0.013470045573676995 0.032668231554717181 0.0077153589060929006 0.03718329253619989 0.022034301919502251 -0.012746645447290945 0.032345704575075677 0.030779309926948606 0.0067346727555474429 0.020171633343339414 0.023017701228083508
leaf_weight=4.4719645977020246 11.751761481165888 122.0898944735527 50.257332816720009 28.33968885242939 21.510196194052696 8.5188238471746427 19.375391811132435 2.6694093495607367 10.397849857807158 3.811783403158187 175.09534023702145 4.8520141094923011 4.9502484351396561 3.0526977777481061 27.127729862928387 7.7908843755722046 1.7201629728078831 6.1818112730979911 6.5908777266740826
leaf_count=18 68 377 215 92 67 23 35 14 34 8 695 8 14 17 38 12 7 16 14
internal_value=0.013093 0.0115469 0.0146296 0.0104711 0.00679402 0.00771293 0.0174475 0.0155608 0.0253201 0.008963 0.00846544 0.0183917 -0.00315071 0.00864227 0.0269565 0.0203273 -0.0102305 0.0289689 0.030552
internal_weight=520.556 468.393 259.492 104.959 71.7675 208.901 154.533 124.759 29.7732 187.426 183.614 33.1917 21.4749 8.00295 52.1633 12.2628 13.4719 39.9004 33.7186
internal_count=1772 1674 842 382 282 832 460 391 69 726 718 100 106 31 98 30 75 68 52
is_linear=0
shrinkage=0.01


Tree=13
num_leaves=16
num_cat=0
split_feature=56 51 69 3 56 33 20 67 49 11 11 33 18 33 61
split_gain=106.94 62.8921 34.1361 34.696 32.0362 22.5064 19.8993 24.3516 19.7988 13.5432 13.1879 14.7498 16.8132 2.70455 1.79184
threshold=-2.3578467369079585 -0.038843464106321328 49.999761581420906 159740.00000000003 7.1224594116210946 0.73276484012603771 243.15000152587893 -0.31313228607177729 -1.1682254672050474 1.0000000180025095e-35 44.519998550415046 -0.86402726173400868 14690.000000000002 1.1633108854293825 187.1335144042969
decision_type=2 2 2 2 2 2 2 2 2 2 2 2 2 2 2
left_child=10 9 6 4 -4 -5 7 -3 -8 -2 14 12 -12 -13 -1
right_child=1 2 3 5 -6 -7 8 -9 -10 -11 11 13 -14 -15 -16
leaf_value=0.025807979425062546 0.011524979849659736 -0.0034220125661268857 0.014867538797572771 -0.0038565553794700008 0.025760061282098609 0.011188609370263853 0.028221848094212593 0.02423096136091921 0.0094449949547849386 -0.01258795516363004 0.022176534129850593 0.020543318624540431 -0.013121398299808686 0.029465769744553977 0.032195611621079173
leaf_weight=7.8798651844263103 2.7978214025497428 21.761663272976879 141.20925597846508 11.364287495613096 33.823466017842293 74.582991704344749 5.8775101602077475 3.7282435297965995 162.93506626784801 12.952364236116408 2.9000229388475445 8.0845788270235079 2.4916074872016907 8.0186306834220868 23.347712218761444
leaf_count=15 10 104 444 54 75 267 13 10 619 78 7 19 13 13 31
internal_value=0.0128825 0.011367 0.0120476 0.0144164 0.0169781 0.00918764 0.00886075 0.000583378 0.0101047 -0.00824111 0.0264031 0.0202364 0.005679 0.0250484 0.0306158
internal_weight=523.755 471.033 455.282 260.98 175.033 85.9473 194.302 25.4899 168.813 15.7502 52.7224 21.4948 5.39163 16.1032 31.2276
internal_count=1772 1674 1586 840 519 321 746 114 632 88 98 52 20 32 46
is_linear=0
shrinkage=0.01


Tree=14
num_leaves=18
num_cat=0
split_feature=54 51 69 37 2 50 54 20 11 11 11 66 61 57 61 43 67
split_gain=125.963 58.8326 27.7754 26.411 21.8339 31.6037 21.8541 21.4275 16.6273 13.3499 12.5043 12.8313 4.5238 4.38274 4.07727 2.7148 0.937792
threshold=-2.7852391004562373 -0.038843464106321328 49.999761581420906 -1.7287229299545286 5536681.5000000009 -0.0094134216196835024 1.6522771120071413 24483.160156250004 50.225000381469734 1.0000000180025095e-35 45.100000381469734 -0.0011025744024664161 232.75396728515628 0.86956399679183971 179.20005798339847 44857.724609375007 -0.62533572316169728
decision_type=2 2 2 2 2 2 2 2 2 2 2 2 2 2 2 2 2
left_child=10 9 4 8 5 -3 -6 -5 -4 -2 14 -12 13 -13 -1 -14 -16
right_child=1 2 3 7 6 -7 -8 -9 -10 -11 11 12 15 -15 16 -17 -18
leaf_value=0.02151361015417777 0.011343368116799108 -0.0099871188199201245 0.020727094802421787 0.0082779839140470456 0.015461077887652566 0.0074557399420914078 0.0042052229016809658 0.017259349218463994 0.013024237892945861 -0.012554059441048844 0.0032870742784687525 0.025056231245500268 0.020686365890358216 0.0096168434307863544 0.025964927735625757 0.030231494349119682 0.03154442704032967
leaf_weight=6.849349543452262 2.8141067773103705 11.640076979994772 62.463301971554756 100.5855259001255 62.34295479953289 93.468224868178368 24.221092641353607 36.58686675131321 52.765330910682678 12.857935473322867 4.015377193689349 3.5528905242681521 6.026739075779914 4.4584899842739105 6.075821951031684 8.6874845027923566 27.459058418869972
leaf_count=15 10 62 166 375 205 367 102 110 169 78 15 7 14 15 11 14 37
internal_value=0.0126779 0.0108057 0.0114787 0.0136648 0.00859471 0.00551454 0.0123232 0.0106808 0.0172085 -0.00819918 0.0254852 0.0200593 0.0229787 0.0165887 0.0290532 0.0263899 0.0305634
internal_weight=526.871 459.745 444.073 252.401 191.672 105.108 86.564 137.172 115.229 15.672 67.1252 26.741 22.7256 8.01138 40.3842 14.7142 33.5349
internal_count=1772 1644 1556 820 736 429 307 485 335 88 128 65 50 22 63 28 48
is_linear=0
shrinkage=0.01


Tree=15
num_leaves=17
num_cat=0
split_feature=54 51 69 3 35 2 2 50 71 11 11 66 10 61 61 14
split_gain=121.373 57.265 26.8133 30.0029 34.0024 24.6891 21.1159 30.9312 21.5051 13.1607 11.9421 12.3373 4.55816 11.4563 3.87491 0.601165
threshold=-2.7852391004562373 -0.038843464106321328 49.999761581420906 159740.00000000003 1.6770166754722597 1134444.5000000002 5536681.5000000009 -0.0094134216196835024 213502.60156250003 1.0000000180025095e-35 45.100000381469734 -0.0011025744024664161 -0.00089750002371147264 232.75396728515628 179.20005798339847 0.39564999938011175
decision_type=2 2 2 2 2 2 2 2 2 2 2 2 2 2 2 2
left_child=10 9 6 5 -5 -4 7 -3 -8 -2 14 -12 -13 -14 -1 -16
right_child=1 2 3 4 -6 -7 8 -9 -10 -11 11 12 13 -15 15 -17
leaf_value=0.021118165589372632 0.011166188550416907 -0.0099398806600524223 -0.0026732738689865853 0.00092045439382443391 0.013823496239176955 0.016666473020174315 0.0063787263115548587 0.0073531171636546221 0.016467330654927087 -0.012520661909657973 0.0032495653067549364 0.031921665803043578 0.0070236929350467282 0.025041590471639813 0.030979515891045077 0.026647686524448481
leaf_weight=6.9075326472520819 2.8300907164812079 11.578749239444731 6.7885238975286475 34.688170999288559 50.276113897562027 162.28162501752377 37.591018244624138 93.823173299431801 49.50806537270546 12.763782382011412 4.0210793018341091 4.5253275036811855 5.0238843262195614 13.387515380978583 25.371552228927612 8.5426696389913541
leaf_count=15 10 62 32 152 165 471 150 367 157 78 15 6 18 26 33 15
internal_value=0.0124788 0.0106422 0.011301 0.0134408 0.00856737 0.015884 0.0084719 0.00544394 0.0121247 -0.00815767 0.0249864 0.0196994 0.0225397 0.0201794 0.0284533 0.0299179
internal_weight=529.909 462.129 446.535 254.034 84.9643 169.07 192.501 105.402 87.0991 15.5939 67.7796 26.9578 22.9367 18.4114 40.8218 33.9142
internal_count=1772 1644 1556 820 317 503 736 429 307 88 128 65 50 44 63 48
is_linear=0
shrinkage=0.01


Tree=16
num_leaves=21
num_cat=0
split_feature=54 67 2 41 33 61 3 25 26 11 67 56 56 2 47 70 34 36 47 43
split_gain=117.072 44.5258 26.7858 24.8555 23.6476 23.4431 29.1849 23.0013 16.876 17.2634 16.7995 15.759 15.3632 14.1153 28.3909 20.9311 8.2873 7.07556 3.41145 0.903293
threshold=-2.7852391004562373 -2.2986534833908077 1134444.5000000002 -1.2111390829086301 -0.61187815666198719 169.38391113281253 -2040261.4999999998 53984.000000000007 0.0021428558975458149 45.100000381469734 -3.4868440628051753 2.1186934709548955 1.6545338630676272 5536681.5000000009 0.72394561767578136 372160.29687500006 0.82414671778678905 0.85526448488235485 -0.82113832235336293 1.0000000180025095e-35
decision_type=2 2 2 2 2 2 2 2 2 2 2 2 2 2 2 2 2 2 2 2
left_child=8 4 3 -3 13 6 -4 -7 17 -10 11 -6 -12 14 -2 -15 -5 18 -1 -20
right_child=1 2 5 16 10 7 -8 -9 9 -11 12 -13 -14 15 -16 -17 -18 -19 19 -21
leaf_value=0.020487268347979745 -0.0074615549434214499 0.021328705879226858 0.020796680939527402 -0.012999772650450532 0.030181666770466093 0.017448952780284157 0.0095491076831697719 -0.0054442319762945867 0.020348479978007115 -0.012532312936834517 -0.012914947303278747 0.0088358617074310915 0.016758119930223414 0.0094167500276383705 0.014639056361225316 -0.0033086185061963775 0.004494531730643344 0.016367417906192731 0.022482398352667042 0.029020660407127728
leaf_weight=7.056903898715972 25.096588864922523 4.0175260007381466 26.498239129781723 8.3335900455713254 8.0437512546777743 111.0380792170763 189.16602876782417 4.5009032040834418 5.0773570239543906 2.2899130880832672 3.4887174367904654 6.3541534543037406 3.4741608053445816 44.984858572483063 7.5484500527381888 17.99693663418293 3.906294956803321 6.9273404628038397 3.744962364435195 43.308225497603416
leaf_count=16 129 11 69 46 17 324 672 21 12 13 19 25 11 171 26 87 16 19 7 61
internal_value=0.0122855 0.0104828 0.0122815 -0.000190017 0.00513209 0.0128967 0.0109357 0.0165485 0.0245101 0.00999266 0.0146569 0.0208307 0.00174695 0.00299402 -0.00232064 0.00576462 -0.00733486 0.026246 0.0274922 0.0285215
internal_weight=532.853 464.448 347.461 16.2574 116.988 331.203 215.664 115.539 68.4047 7.36727 21.3608 14.3979 6.96288 95.6268 32.645 62.9818 12.2399 61.0374 54.1101 47.0532
internal_count=1772 1644 1159 73 485 1086 741 345 128 25 72 42 30 413 155 258 62 103 84 68
is_linear=0
shrinkage=0.01


Tree=17
num_leaves=20
num_cat=0
split_feature=54 67 24 49 66 2 35 62 50 26 11 60 41 24 36 45 2 23 47
split_gain=113.065 43.078 26.0947 30.3856 30.8198 25.9383 24.3391 22.6274 22.9517 16.1888 16.7999 14.4079 13.4183 11.3585 6.79304 5.08866 4.09644 3.27374 3.48531
threshold=-2.7852391004562373 -2.2986534833908077 34.500000000000007 0.4428857564926148 -1.9332200288772581 1134444.5000000002 2.158980250358582 0.1297283470630646 -0.010593718383461235 0.0021428558975458149 45.100000381469734 0.0028142032679170374 1.8787492513656618 20.500000000000004 0.85526448488235485 -0.41971710324287409 7965385.0000000009 8.5000000000000018 -1.944145619869232
decision_type=2 2 2 2 2 2 2 2 2 2 2 2 2 2 2 2 2 2 2
left_child=9 2 3 4 -2 6 11 16 -9 14 -11 -3 15 -5 17 -4 -7 18 -1
right_child=1 5 12 13 -6 7 -8 8 -10 10 -12 -13 -14 -15 -16 -17 -18 -19 -20
leaf_value=0.010938541899470059 0.0072180898294534335 -0.0099978966466172676 0.0037590924589520299 0.03023717836274821 -0.010129204950324044 -0.012939850679454717 0.028655247259982777 0.0033397146859822568 0.013762846235460032 0.019975824551643675 -0.012492391416755143 0.017577307188491001 0.0088716909041120905 0.012689152497826348 0.016090058824023219 -0.012940890853156225 0.004863477123364001 0.020084006492198707 0.028437743509787242
leaf_weight=1.3595591336488713 70.47619640827179 11.534125611186029 2.0404620468616494 6.408191666007041 11.940179288387297 3.8365579843521109 2.4700327664613715 22.978034734725952 304.55145570635796 5.1201375722885123 2.2743366956710815 2.2467032372951499 4.7239015996456137 9.4416231662034971 6.976037770509719 12.252222403883934 1.8493923693895338 7.0615111738443366 46.20559187233448
leaf_count=4 280 61 9 13 63 21 5 93 965 12 13 7 18 33 19 69 7 15 65
internal_value=0.0120966 0.0103265 0.00506771 0.00714723 0.00469274 0.0120885 -0.000187473 0.0126902 0.0130347 0.0240559 0.00985426 -0.00542972 -0.00562537 0.019847 0.0257444 -0.0104868 -0.00697333 0.026959 0.0279586
internal_weight=535.746 466.749 117.283 98.2662 82.4164 349.466 16.2509 333.215 327.529 68.9972 7.39447 13.7808 19.0166 15.8498 61.6027 14.2927 5.68595 54.6267 47.5652
internal_count=1772 1644 485 389 343 1159 73 1086 1058 128 25 68 96 46 103 78 28 84 69
is_linear=0
shrinkage=0.01


Tree=18
num_leaves=16
num_cat=0
split_feature=54 51 69 3 35 54 12 50 26 31 20 55 36 49 43
split_gain=109.298 54.5144 24.4094 28.6891 32.4464 21.5821 21.0153 17.9021 15.5461 13.7711 12.8777 11.2732 6.53252 3.11734 0.88234
threshold=-2.7852391004562373 -0.038843464106321328 49.999761581420906 159740.00000000003 1.6770166754722597 9.8270168304443377 107233396.00000001 -0.01950231101363897 0.0021428558975458149 -1.2341547012329099 326.15499877929693 -0.55543446540832508 0.85526448488235485 0.4428857564926148 1.0000000180025095e-35
decision_type=2 2 2 2 2 2 2 2 2 2 2 2 2 2 2
left_child=8 10 6 5 -5 -4 7 -3 12 -10 -2 -8 13 14 -1
right_child=1 2 3 4 -6 -7 11 -9 9 -11 -12 -13 -14 -15 -16
leaf_value=0.021595714552668809 0.010378619815469472 -0.0058925567310000263 0.013604557401621758 0.00066549447941852266 0.013175778534969039 0.023214603451958006 0.007244338334892869 0.0079317026098945261 0.017994398003608067 -0.012620524421496287 -0.012612762691707007 0.025977548521803177 0.015820982448241091 0.020209288089522874 0.027990947473402365
leaf_weight=3.8096535950899115 2.9709469676017752 9.8287093639373762 143.81315135955811 35.117519706487656 51.228460520505905 28.373698905110359 5.0550349950790396 170.27827554941177 5.4474339336156845 1.9729783535003651 12.628716573119162 9.707057833671568 7.0234946012496939 8.0433097034692747 43.266899332404137
leaf_count=7 12 49 439 152 165 64 19 647 14 11 76 21 19 17 60
internal_value=0.0119126 0.0101739 0.0108072 0.0128283 0.00809934 0.015194 0.00812066 0.00717174 0.0236207 0.00971958 -0.00816996 0.0196304 0.0252645 0.0264497 0.0274947
internal_weight=538.565 469.002 453.402 258.533 86.346 172.187 194.869 180.107 69.5638 7.42041 15.5997 14.7621 62.1434 55.1199 47.0766
internal_count=1772 1644 1556 820 317 503 736 696 128 25 88 40 103 84 67
is_linear=0
shrinkage=0.01


Tree=19
num_leaves=23
num_cat=0
split_feature=54 69 3 35 46 69 50 54 53 31 15 65 52 71 26 38 72 15 36 20 47 26
split_gain=105.727 38.3094 27.2913 31.4718 32.5105 26.0247 24.4342 20.9616 20.2653 18.2541 21.2581 16.9241 21.5244 16.4551 14.9703 10.3199 17.0581 9.51489 7.73592 5.83032 3.6801 0.151801
threshold=-2.7852391004562373 49.999761581420906 159740.00000000003 1.6770166754722597 -0.76934608817100514 66.666721343994155 -0.01950231101363897 9.8270168304443377 1.7788952589035036 -9.7951221466064435 0.91087502241134655 -1.9897414445877073 -0.025032609701156613 2295714.0000000005 0.0021285691764205699 -1.2833597660064695 -891652.12499999988 0.545749992132187 0.85526448488235485 31476.314453125004 -0.82113832235336293 0.00071428596857003878
decision_type=2 2 2 2 2 2 2 2 2 2 2 2 2 2 2 2 2 2 2 2 2 2
left_child=14 6 7 5 -5 -4 11 8 -3 10 -8 19 -13 -11 18 -16 -17 -9 20 -2 -1 -22
right_child=1 2 3 4 -6 -7 9 17 -10 13 -12 12 -14 -15 15 16 -18 -19 -20 -21 21 -23
leaf_value=0.018991649528002079 -0.012764300685985719 0.014031388912024654 0.014186193975444216 -0.013133777546789523 0.015378624487376145 -0.0047980505266975232 0.0097420959509362821 0.026980069668049264 -0.0064864131633271703 0.0064807986060542288 0.035674923972216735 0.020689695167088309 -0.012753726687851139 0.022373087067492536 0.021758872701588054 -0.013144662170677737 0.020459897846048652 0.014553605719754687 0.01441966260181091 0.0065717648485879888 0.025742726392997396 0.028517904903463568
leaf_weight=6.2626415193080893 11.62437278032303 140.09502421319485 10.149911671876906 4.331032305955886 47.214044019579887 24.979277446866035 9.0835309475660306 18.831723764538769 4.9172306358814231 168.42731761932373 4.9820436388254157 5.1069481819868088 3.0509704202413541 6.8382569700479499 6.7561169564723969 3.0028012841939926 3.0138770341873151 9.8245922774076444 6.1241106837987891 1.7284394055604924 12.843432471156119 32.106269523501396
leaf_count=14 68 419 33 23 142 119 33 36 22 657 8 14 17 18 14 16 7 28 17 7 19 41
internal_value=0.0117337 0.0100252 0.0125958 0.00798785 0.0129635 0.00065862 0.00684634 0.0148898 0.0133288 0.00799532 0.0189986 -0.00322017 0.00805965 0.00710657 0.023202 0.0132468 0.00352234 0.0227547 0.0254022 -0.0101865 0.026696 0.0277472
internal_weight=541.294 471.185 260.343 86.6743 51.5451 35.1292 210.842 173.669 145.012 189.331 14.0656 21.5107 8.15792 175.266 70.1092 12.7728 6.01668 28.6563 57.3365 13.3528 51.2123 44.9497
internal_count=1772 1644 822 317 165 152 822 505 441 716 41 106 31 675 128 37 23 64 91 75 74 60
is_linear=0
shrinkage=0.01


Tree=20
num_leaves=17
num_cat=0
split_feature=56 51 58 67 8 38 50 29 52 11 11 33 18 27 1 5
split_gain=83.7216 54.191 25.0558 19.601 26.7207 24.5225 18.3803 20.8669 20.2928 12.7767 10.6202 13.0551 15.273 2.88796 0.443133 0.0403359
threshold=-2.3578467369079585 -0.038843464106321328 -4104831.9999999995 -2.2986534833908077 1.296299993991852 -1.4547275900840757 -0.012658933643251656 0.33737568557262426 -0.03064059745520353 1.0000000180025095e-35 44.519998550415046 -0.86402726173400868 14690.000000000002 3390464.0000000005 1981366.5000000002 3328.734985351563
decision_type=2 2 2 2 2 2 2 2 2 2 2 2 2 2 2 2
left_child=10 9 6 4 -4 -5 8 -8 -3 -2 14 12 -12 -13 -1 -16
right_child=1 2 3 5 -6 -7 7 -9 -10 -11 11 13 -14 -15 15 -17
leaf_value=0.022506348592421697 0.010744265390922467 0.020043009154802342 0.0095225265413915912 0.016537967445604793 -0.0020072994147745456 0.0099387169264442098 0.0027106244953158266 0.027385937097201826 -0.013219897360850141 -0.012482714926538021 0.019524746062537846 0.017184491478793348 -0.013420409435284901 0.026065165910935512 0.02842956049297489 0.02538270301631692
leaf_weight=4.6341525912284842 2.868196800351142 4.1415461152791977 70.616379871964455 72.050096571445465 27.914713338017464 269.00793658196926 4.1972834318876293 21.205603688955307 3.2610584497451773 12.649184212088583 3.0692978501319912 7.6909487694501903 2.5707979947328568 9.3605286777019483 19.23965680599213 9.4706537276506406
leaf_count=8 10 11 259 209 126 907 16 41 17 78 7 18 13 14 24 14
internal_value=0.0115594 0.0102262 0.0108312 0.0101972 0.00624588 0.0113358 0.0192959 0.0233482 0.00525466 -0.00812505 0.0231501 0.0177412 0.0043308 0.0221182 0.026801 0.0274593
internal_weight=543.948 487.912 472.395 439.589 98.5311 341.058 32.8055 25.4029 7.4026 15.5174 56.036 22.6916 5.6401 17.0515 33.3445 28.7103
internal_count=1772 1674 1586 1501 385 1116 85 57 28 88 98 52 20 32 46 38
is_linear=0
shrinkage=0.01


Tree=21
num_leaves=15
num_cat=0
split_feature=54 51 2 67 38 1 41 26 31 20 34 36 23 47
split_gain=99.7087 50.8651 23.3395 25.5451 30.9094 27.3966 24.4862 14.2151 13.1235 12.6773 7.68285 5.93788 2.99124 3.14901
threshold=-2.7852391004562373 -0.038843464106321328 1134444.5000000002 -2.0167539119720455 -1.4547275900840757 1277804.0000000002 -1.2111390829086301 0.0021428558975458149 -1.2341547012329099 326.15499877929693 0.82414671778678905 0.85526448488235485 8.5000000000000018 -1.944145619869232
decision_type=2 2 2 2 2 2 2 2 2 2 2 2 2 2
left_child=7 9 6 5 -5 -4 -3 11 -9 -2 -8 12 13 -1
right_child=1 2 3 4 -6 -7 10 8 -10 -11 -12 -13 -14 -15
leaf_value=0.010036412196965581 0.010252614575484835 0.020120631175834087 0.033579240527770254 0.018471369407759185 0.010693457822472536 0.0059527000721707425 -0.013042725176527794 0.01718303959271588 -0.012627061839466333 -0.012554320516374808 0.0032280855535826293 0.015058345192692921 0.018625590886655528 0.026497099185520252
leaf_weight=1.3939565569162358 2.9819500148296347 4.1334249675273922 3.7229818105697623 64.305126145482063 258.57865250110626 116.23157978057861 8.9259581714868528 5.5498727411031723 1.9736081212759007 12.45691657066345 4.1716251075267783 7.1572052091360083 7.2750497609376898 47.733577877283096
leaf_count=4 12 11 7 174 845 453 49 14 11 76 17 19 15 65
internal_value=0.0113883 0.00973319 0.0103333 0.0107778 0.0122456 0.00681847 -0.00103217 0.0224457 0.00923014 -0.00808449 -0.00778407 0.0239942 0.0251104 0.0260504
internal_weight=546.591 475.508 460.069 442.838 322.884 119.955 17.231 71.0833 7.52348 15.4389 13.0976 63.5598 56.4026 49.1275
internal_count=1772 1644 1556 1479 1019 460 77 128 25 88 66 103 84 69
is_linear=0
shrinkage=0.01


Tree=22
num_leaves=17
num_cat=0
split_feature=54 51 2 67 38 41 48 11 11 3 67 34 8 40 61 67
split_gain=96.6964 49.579 22.659 24.7224 29.7327 23.8789 23.1109 12.579 9.91302 10.6588 12.3712 7.60083 4.8554 4.13368 3.30913 0.789339
threshold=-2.7852391004562373 -0.038843464106321328 1134444.5000000002 -2.0167539119720455 -1.4547275900840757 -1.2111390829086301 -0.46670478582382197 1.0000000180025095e-35 45.100000381469734 -375461.49999999994 1.9315828680992129 0.82414671778678905 1.1044550538063052 1.4904878139495852 179.20005798339847 -0.62533572316169728
decision_type=2 2 2 2 2 2 2 2 2 2 2 2 2 2 2 2
left_child=8 7 5 6 -5 -3 -4 -2 14 10 -10 -7 -11 -14 -1 -16
right_child=1 2 3 4 -6 11 -8 -9 9 12 -12 -13 13 -15 15 -17
leaf_value=0.018519735213288306 0.01060837206847039 0.01973636323450512 -0.0044467876832428527 0.0181362581353861 0.010535799390103216 -0.013001099295899141 0.0084431873114766531 -0.012425850393782306 -0.0048200661443028306 0.025536361283201553 0.022478782199891582 0.0031907154058751692 0.0096779709690470485 0.022867937153522394 0.022348242766540637 0.027324260359326835
leaf_weight=7.2849400341510764 2.8803808689117423 4.1715694218874004 15.939497351646422 64.835680574178696 259.81726871430874 8.8652954548597318 104.41516491770744 12.483645513653753 4.0072369575500515 11.190097436308863 2.7852076292037964 4.1782442033290854 5.7512734234333021 4.5980177372694016 6.4982483237981787 29.443901851773262
leaf_count=15 10 11 75 174 845 49 385 78 18 17 5 17 17 8 11 37
internal_value=0.0112217 0.00959369 0.0101821 0.0106177 0.0120567 -0.00102209 0.00672776 -0.00804241 0.0220731 0.0173605 0.00622647 -0.0077377 0.0208252 0.0156347 0.0251387 0.0264524
internal_weight=549.146 477.587 462.223 445.008 324.653 17.2151 120.355 15.364 71.5589 28.3318 6.79244 13.0435 21.5394 10.3493 43.2271 35.9422
internal_count=1772 1644 1556 1479 1019 77 460 88 128 65 23 66 42 25 63 48
is_linear=0
shrinkage=0.01


Tree=23
num_leaves=18
num_cat=0
split_feature=54 51 69 3 50 12 56 51 26 20 59 55 61 11 46 27 70
split_gain=93.8377 48.3327 21.8327 26.5934 35.0283 19.9268 17.5945 15.2989 13.4848 12.4865 10.3457 10.2717 10.2404 5.1399 9.73742 2.74598 0.388418
threshold=-2.7852391004562373 -0.038843464106321328 49.999761581420906 -1885100.9999999998 -0.007633781759068369 107233396.00000001 4.9851591587066659 0.0042820554226636895 0.0021285691764205699 326.15499877929693 0.84745755791664135 -0.55543446540832508 174.76799011230472 47.260000228881843 0.16280745714902881 -1215487.9999999998 110637.89453125001
decision_type=2 2 2 2 2 2 2 2 2 2 2 2 2 2 2 2 2
left_child=8 9 5 7 -5 6 -3 -4 13 -2 -10 -7 -12 16 15 -15 -1
right_child=1 2 3 4 -6 11 -8 -9 10 -11 12 -13 -14 14 -16 -17 -18
leaf_value=0.022764112602045167 0.010129574362100614 0.0079693927880415769 0.026258944050865977 -0.0094756722445833805 0.011532111132418322 0.0068119628130354128 -0.00035982714416902444 0.010715646772566959 -0.0029977392140921682 -0.012499030327800071 0.0070003796723828813 0.024523760647488558 0.027735200838722197 0.018069649582550855 0.0086947185865583598 0.027078450043111761 0.026934310052406842
leaf_weight=6.3803866505622855 2.9932622462511054 153.78092829883099 19.09966549277306 8.1705282330512983 228.17784635722637 5.133858233690261 30.097075089812279 9.8674120008945447 3.2010408937931052 12.292565688490866 4.9365403950214368 10.002276122570036 4.9146555513143539 6.3077663034200731 6.0141414850950232 10.706034153699873 29.554766654968262
leaf_count=10 12 561 36 38 716 19 135 30 13 76 17 21 7 13 18 14 36
internal_value=0.0110592 0.00945732 0.0100343 0.0119187 0.0108016 0.00751693 0.00660063 0.0209988 0.0217138 -0.00800249 0.0123558 0.0185824 0.0174463 0.0237683 0.0198964 0.0237973 0.0262217
internal_weight=551.631 479.615 464.33 265.315 236.348 199.014 183.878 28.9671 72.0153 15.2858 13.0522 15.1361 9.8512 58.9631 23.0279 17.0138 35.9352
internal_count=1772 1644 1556 820 754 736 696 66 128 88 37 40 24 91 45 27 46
is_linear=0
shrinkage=0.01


Tree=24
num_leaves=17
num_cat=0
split_feature=54 51 2 41 69 3 18 26 11 11 34 69 33 33 40 34
split_gain=91.141 47.1272 21.9137 23.1812 20.1867 31.6426 20.0589 13.0501 14.9773 12.3856 7.46945 5.38541 11.1587 2.15712 1.90316 0.0190847
threshold=-2.7852391004562373 -0.038843464106321328 1134444.5000000002 -1.2111390829086301 49.999761581420906 159740.00000000003 1019.5000000000001 0.0021428558975458149 45.100000381469734 1.0000000180025095e-35 0.82414671778678905 49.999887466430671 1.0000000180025095e-35 -0.68891632556915272 0.30076718330383306 -1.1751509308815
decision_type=2 2 2 2 2 2 2 2 2 2 2 2 2 2 2 2
left_child=7 9 3 -3 6 -6 -4 11 -9 -2 -5 12 -1 15 -15 -13
right_child=1 2 4 10 5 -7 -8 8 -10 -11 -12 13 -14 14 -16 -17
leaf_value=0.0053686304864030542 0.010475499680163541 0.019176711573671325 0.0016832359993831664 -0.012989917916552468 0.014647770799577089 0.0071347612914694778 0.0095504315314650593 0.017984735062694358 -0.012489994169772848 -0.012370718085075436 0.0030248131646330263 0.024254153755585307 0.023422898278346566 0.013589033526533751 0.023232261488850475 0.026735618389253736
leaf_weight=5.245294630527499 2.8922335356473914 4.227646172046664 41.590609833598137 8.8483728468418104 170.97567619383335 84.363576084375381 152.17229759693146 5.3487315475940695 2.2700255066156387 12.319051593542097 4.2076845467090598 13.933640509843821 10.804695174098013 3.574144795536994 8.1430409699678403 23.12663441896439
leaf_count=17 10 11 171 49 471 302 535 12 13 78 17 19 17 8 13 29
internal_value=0.0109008 0.00932399 0.00988989 -0.00110739 0.0103153 0.0121694 0.00786692 0.0213687 0.00877347 -0.00796106 -0.00775212 0.0228336 0.0175849 0.0245401 0.0203761 0.0258296
internal_weight=554.043 481.597 466.386 17.2837 449.102 255.339 193.763 72.4462 7.61876 15.2113 13.0561 64.8275 16.05 48.7775 11.7172 37.0603
internal_count=1772 1644 1556 77 1479 773 706 128 25 88 66 103 34 69 21 48
is_linear=0
shrinkage=0.01


Tree=25
num_leaves=20
num_cat=0
split_feature=54 67 24 49 66 62 3 50 41 26 29 24 59 61 36 45 28 47 18
split_gain=88.5866 34.7019 24.6392 27.8605 29.9002 21.8451 19.6271 20.7587 12.9878 12.72 11.8658 10.1219 9.95146 9.61501 6.79998 5.01048 4.15764 3.26097 0.158063
threshold=-2.7852391004562373 -2.2986534833908077 34.500000000000007 0.4428857564926148 -1.9332200288772581 0.1297283470630646 -2881415.9999999995 -0.013425439596176146 1.8787492513656618 0.0021285691764205699 0.64388671517372142 20.500000000000004 0.84745755791664135 174.76799011230472 0.85526448488235485 -0.41971710324287409 1040.8046875000002 -0.82113832235336293 879.50000000000011
decision_type=2 2 2 2 2 2 2 2 2 2 2 2 2 2 2 2 2 2 2
left_child=9 2 3 4 -2 16 10 -8 15 14 -7 -5 -11 -14 17 -4 -3 -1 -19
right_child=1 5 8 11 -6 6 7 -9 -10 12 -12 -13 13 -15 -16 -17 -18 18 -20
leaf_value=0.017085306759134819 0.0066203799943873962 -0.013197490372300507 0.0034304331257806677 0.028009680885183956 -0.010307319956374943 0.027202774542051177 -0.0021523380577272268 0.010980317584566048 0.0082797058180044576 -0.0030739525138750207 0.010565973361375909 0.011741272709189903 0.0068010685820973941 0.026797848409301099 0.012903828849352299 -0.013020774294756959 0.0042543030570389388 0.02156633842030984 0.025548029571141394
leaf_weight=6.518258497118949 71.965881332755089 4.3366626799106589 2.0691970586776742 6.6937591880559948 12.164455279707907 11.83757157623768 12.366306006908415 326.19193397462368 4.8179446011781684 3.2084488570690146 7.1015688478946677 9.7176532000303251 4.9622897356748563 4.9936503022909164 6.3622993379831305 12.375141948461533 1.8845736682415006 4.6294755935668936 42.17904706299305
leaf_count=14 280 23 9 13 63 21 54 1032 18 13 22 33 17 7 17 69 7 7 53
internal_value=0.0107464 0.0091938 0.00451155 0.00650124 0.00416091 0.0107333 0.0110578 0.0104977 -0.00582197 0.0210368 0.0210173 0.0184376 0.0119797 0.0169314 0.0230176 -0.0105949 -0.00775015 0.0242055 0.0251756
internal_weight=556.376 483.523 119.804 100.542 84.1303 363.719 357.497 338.558 19.2623 72.8535 18.9391 16.4114 13.1644 9.95594 59.6891 14.4443 6.22124 53.3268 46.8085
internal_count=1772 1644 485 389 343 1159 1129 1086 96 128 43 46 37 24 91 78 30 74 60
is_linear=0
shrinkage=0.01


Tree=26
num_leaves=16
num_cat=0
split_feature=54 51 58 43 8 50 9 50 26 20 59 61 36 47 1
split_gain=86.1612 45.509 20.2577 17.7014 27.7889 23.3588 16.8366 12.6567 12.3225 12.2476 9.67529 9.28162 6.59856 3.1647 0.148083
threshold=-2.7852391004562373 -0.038843464106321328 -4104831.9999999995 697324.71875000012 2.4020940065383916 -0.010593718383461235 161170800.00000003 -0.012658933643251656 0.0021285691764205699 326.15499877929693 0.84745755791664135 174.76799011230472 0.85526448488235485 -0.82113832235336293 2357245.5000000005
decision_type=2 2 2 2 2 2 2 2 2 2 2 2 2 2 2
left_child=8 9 6 5 -5 -4 -3 -8 12 -2 -10 -12 13 -1 -15
right_child=1 2 3 4 -6 -7 7 -9 10 -11 11 -13 -14 14 -16
leaf_value=0.016822903700965227 0.0099155678666350069 0.00019234400814325189 -0.0027011103836591067 0.013338204097437075 -0.013513058006436783 0.0085292440695547631 0.0081059160261346096 0.024557680018685347 -0.0030469629864184819 -0.012456494735341203 0.006714319353515151 0.026314780909832861 0.012713991829558907 0.022624522738698253 0.025398032901854148
leaf_weight=6.5535511970520011 3.0139478147029868 4.8896254450082806 19.585070639848709 112.41230501234531 3.9541754573583594 303.13516472280025 6.3729345202446046 19.922038227319714 3.2045193910598746 12.156117811799048 4.9760690927505475 5.0342588275671005 6.3925703763961783 10.87791010737419 36.204212307929993
leaf_count=14 12 19 87 341 20 1027 22 40 13 76 17 7 17 16 44
internal_value=0.0105948 0.00906568 0.00961657 0.00905871 0.0124172 0.0078446 0.0174393 0.0206084 0.0207155 -0.00794575 0.0118142 0.0166714 0.0226585 0.0238251 0.0247785
internal_weight=558.684 485.441 470.271 439.087 116.366 322.72 31.1846 26.295 73.2431 15.1701 13.2148 10.0103 60.0282 53.6357 47.0821
internal_count=1772 1644 1556 1475 361 1114 81 62 128 88 37 24 91 74 60
is_linear=0
shrinkage=0.01


Tree=27
num_leaves=16
num_cat=0
split_feature=54 51 2 35 69 3 18 60 11 26 59 30 36 47 26
split_gain=83.8649 44.3922 21.0985 22.6807 18.9678 30.2616 19.2718 13.8707 12.1389 11.9475 9.41033 6.76804 6.41055 3.0758 0.144544
threshold=-2.7852391004562373 -0.038843464106321328 1134444.5000000002 2.158980250358582 49.999761581420906 159740.00000000003 1019.5000000000001 0.0028142032679170374 1.0000000180025095e-35 0.0021285691764205699 0.84745755791664135 0.38587175309658056 0.85526448488235485 -0.82113832235336293 0.00071428596857003878
decision_type=2 2 2 2 2 2 2 2 2 2 2 2 2 2 2
left_child=9 8 3 7 6 -6 -4 -3 -2 12 -11 -12 13 -1 -15
right_child=1 2 4 -5 5 -7 -8 -9 -10 10 11 -13 -14 14 -16
leaf_value=0.016568041942829709 0.010247775098764579 -0.010353984601150229 0.0014941970760097725 0.025829308439260158 0.01408287259303808 0.006782588646963076 0.0091704922237895413 0.016074451028312838 -0.012327113025855839 -0.0030201904312331159 0.0075134993970780951 0.024327049091145279 0.012528710048939656 0.02254802669825021 0.025106812236236755
leaf_weight=6.5876452624797812 2.9128224402666083 12.47150430083275 41.933655843138695 2.611544430255889 173.45230458676815 85.389834359288216 154.04314316809177 2.3371294885873786 12.182786792516707 3.2006169259548178 4.7918628603219968 5.2706044316291809 6.4220864176750174 13.516105040907858 33.822436258196831
leaf_count=14 10 65 171 5 471 302 535 7 78 13 16 8 17 19 41
internal_value=0.0104463 0.00893994 0.00948052 -0.00126906 0.00989444 0.0116784 0.00753308 -0.00611547 -0.00790486 0.0204058 0.0116531 0.0164196 0.0223128 0.0234595 0.0243974
internal_weight=560.946 487.335 472.239 17.4202 454.819 258.842 195.977 14.8086 15.0956 73.6114 13.2631 10.0625 60.3483 53.9262 47.3385
internal_count=1772 1644 1556 77 1479 773 706 72 88 128 37 24 91 74 60
is_linear=0
shrinkage=0.01


Tree=28
num_leaves=19
num_cat=0
split_feature=54 67 2 35 61 67 25 48 8 41 72 60 26 3 11 46 27 7
split_gain=81.6648 32.6033 21.5745 21.4029 20.7131 26.5887 20.8329 17.9395 16.3851 38.0702 17.9327 13.2981 11.5951 8.8068 4.71597 8.89856 2.55197 0.376326
threshold=-2.7852391004562373 -2.2986534833908077 1134444.5000000002 2.158980250358582 169.38391113281253 6.2982637882232675 53984.000000000007 -0.58091521263122547 1.296299993991852 2.7156027555465703 -2160814.7499999995 0.0028142032679170374 0.0021285691764205699 -480419.99999999994 47.260000228881843 0.16280745714902881 -1215487.9999999998 1.8384057879447939
decision_type=2 2 2 2 2 2 2 2 2 2 2 2 2 2 2 2 2 2
left_child=12 7 3 11 5 -4 -6 -2 10 -10 -9 -3 14 -14 17 16 -16 -1
right_child=1 2 4 -5 6 -7 -8 8 9 -11 -12 -13 13 -15 15 -17 -18 -19
leaf_value=0.020984208713694212 -0.012949133413523899 -0.010139858074819786 0.009550314263146828 0.025305946727641662 0.014974674224581841 -0.013485280045904127 -0.006263733331989021 0.01829112690804667 -0.0048573910553195649 0.027059681816721037 0.0054970750813094936 0.01579434431517545 0.00028677804256377836 0.01751793492219704 0.01654764030017615 0.0077452627847309878 0.025103179828602131 0.024980398353619992
leaf_weight=6.5636429190635672 5.7145306020975104 11.694429054856302 223.55804635584354 2.6387599408626548 118.28008903563023 5.0899609923362723 4.7382954806089392 13.169664621353148 29.043326124548912 4.2871198356151572 68.57235549390316 2.35470226407051 4.7100713849067679 8.5999917834997159 6.4907324165105882 6.1732293367385855 11.032497823238371 30.390512466430664
leaf_count=10 32 61 715 5 324 26 21 37 138 9 269 7 18 19 13 18 14 36
internal_value=0.0103022 0.00881769 0.010298 -0.000755791 0.0108254 0.00903314 0.0141485 0.00429492 0.00515995 -0.000722063 0.00757059 -0.00572198 0.0201063 0.0114954 0.0219795 0.0183222 0.0219912 0.0242977
internal_weight=563.102 489.141 368.354 16.6879 351.666 228.648 123.018 120.787 115.072 33.3304 81.742 14.0491 73.9607 13.3101 60.6506 23.6965 17.5232 36.9542
internal_count=1772 1644 1159 73 1086 741 345 485 453 147 306 68 128 37 91 45 27 46
is_linear=0
shrinkage=0.01


Tree=29
num_leaves=17
num_cat=0
split_feature=54 51 58 24 56 12 13 11 26 11 28 11 11 27 46 71
split_gain=79.5756 42.7968 19.2818 16.1622 25.6988 15.6803 18.2675 11.9738 11.2904 14.1433 8.74197 8.65268 4.46238 6.54762 4.74065 0.955906
threshold=-2.7852391004562373 -0.038843464106321328 -4104831.9999999995 12.500000000000002 9.3776059150695819 121943804.00000001 49356942.000000007 1.0000000180025095e-35 0.0021428558975458149 45.100000381469734 -212.18749999999997 22.244999885559086 45.100000381469734 -2714623.9999999995 0.16280745714902881 80787.757812500015
decision_type=2 2 2 2 2 2 2 2 2 2 2 2 2 2 2 2
left_child=8 7 3 4 -3 6 -4 -2 12 -10 -7 -5 15 -14 -15 -1
right_child=1 2 5 11 -6 10 -8 -9 9 -11 -12 -13 13 14 -16 -17
leaf_value=0.018857883356737527 0.010081570735723579 -0.013536848312742007 0.0097878078923470443 0.028780649251918013 0.022899786192733865 0.029358536306103203 0.0053639420327166688 -0.012303097517157193 0.016978811950392265 -0.012509292901392084 0.011232851790134795 0.016062125766755978 0.0067857600612653418 0.023108162318780448 0.012479993862202119 0.024161849734199548
leaf_weight=5.9599272906780234 2.9283478856086722 3.966766610741618 294.63451065123081 8.9616748541593569 3.7568676620721817 5.6146628558635712 138.46609231829643 12.108155652880667 5.4642278254032126 2.2776441276073456 5.526481553912161 14.976939767599104 4.6794221550226238 16.065161362290386 6.3537652641534796 33.493579432368279
leaf_count=10 10 20 953 15 8 9 496 78 12 13 17 38 13 23 16 41
internal_value=0.0101605 0.00869726 0.00922305 0.0167966 0.00405689 0.00868101 0.00837577 -0.0078772 0.0198163 0.0081743 0.0204572 0.0208652 0.0211556 0.0178714 0.0201406 0.023386
internal_weight=565.234 490.94 475.904 31.6622 7.72363 444.242 433.101 15.0365 74.2937 7.74187 11.1411 23.9386 66.5519 27.0983 22.4189 39.4535
internal_count=1772 1644 1556 81 28 1475 1449 88 128 25 26 53 103 52 39 51
is_linear=0
shrinkage=0.01


Tree=30
num_leaves=18
num_cat=0
split_feature=54 51 2 27 3 70 46 3 7 18 26 38 0 11 46 27 70
split_gain=77.5991 41.7646 20.4446 27.6056 32.5518 22.3499 20.1174 22.2947 12.5213 12.0789 11.0081 8.62934 11.749 4.48249 8.45866 2.39925 0.367843
threshold=-2.7852391004562373 -0.038843464106321328 5736459.0000000009 -3915263.9999999995 -522875.99999999994 192860.86718750003 -0.61913523077964772 439592.00000000006 5.2431576251983651 664.50000000000011 0.0021285691764205699 -1.2833597660064695 105454.00000000001 47.260000228881843 0.16280745714902881 -1215487.9999999998 110637.89453125001
decision_type=2 2 2 2 2 2 2 2 2 2 2 2 2 2 2 2 2
left_child=10 9 3 5 -5 -3 7 -4 -8 -2 13 -12 -13 16 15 -15 -1
right_child=1 2 6 4 -6 -7 8 -9 -10 -11 11 12 -14 14 -16 -17 -18
leaf_value=0.020348934348165613 0.0098588063567475858 -0.013454718415671658 0.0089925395588078254 0.013187749324054482 0.005631535376988326 0.0040047365665572179 0.013641630819309261 -0.0092703219332728719 -0.0043962060769650625 -0.012391811065477012 0.018680203608096992 0.014389975803284268 -0.013286941366190422 0.01608323134861591 0.0075098804770359117 0.024360547830173353 0.024274916195567132
leaf_weight=6.6243842989206305 3.0160510241985312 9.9921466112136823 33.538431003689766 93.847179546952248 147.21922904253006 27.479815289378166 153.52509525418282 8.2982409894466382 3.8620618581771842 11.942726388573645 7.1647086143493652 3.5698913931846601 2.6694540828466415 6.5458531975746217 6.2125242799520484 11.149308413267134 30.666763484477997
leaf_count=10 12 52 109 270 522 102 444 40 17 76 14 9 14 13 18 14 36
internal_value=0.0100218 0.00857905 0.00909518 0.00733583 0.00857732 -0.000624256 0.0115499 0.00534623 0.0131927 -0.0078387 0.0195369 0.0111712 0.00238835 0.0213528 0.0177992 0.0213551 0.0236043
internal_weight=567.324 492.721 477.762 278.538 241.066 37.472 199.224 41.8367 157.387 14.9588 74.6029 13.4041 6.23935 61.1988 23.9077 17.6952 37.2911
internal_count=1772 1644 1556 946 792 154 610 149 461 88 128 37 23 91 45 27 46
is_linear=0
shrinkage=0.01


Tree=31
num_leaves=18
num_cat=0
split_feature=54 51 2 50 3 47 3 12 38 18 26 11 69 27 33 40 48
split_gain=75.7213 40.7636 19.7994 27.1463 28.1159 23.2053 17.4981 15.7307 13.4205 11.9165 10.711 13.6319 4.90325 11.4139 1.99275 1.84363 1.58729
threshold=-2.7852391004562373 -0.038843464106321328 5736459.0000000009 -0.010067666880786417 -480419.99999999994 0.72394561767578136 -140132.49999999997 115309140.00000001 -1.5758557915687559 664.50000000000011 0.0021428558975458149 45.100000381469734 49.999887466430671 -1117183.9999999998 -0.68891632556915272 0.30076718330383306 -0.31765837967395777
decision_type=2 2 2 2 2 2 2 2 2 2 2 2 2 2 2 2 2
left_child=10 9 3 8 -5 7 -7 -4 -3 -2 12 -12 13 -1 -14 -16 -15
right_child=1 2 5 4 -6 6 -8 -9 -10 -11 11 -13 14 16 15 -17 -18
leaf_value=0.0012059632420872541 0.0097097634278866026 0.0045929833324662639 0.011817672825165911 0.012017448885296794 0.0053284235893758655 0.0069036507210987023 -0.013438307222201585 0.024333098868234149 -0.013322073669661197 -0.012360909317125301 0.01650283207998764 -0.012473757663687735 0.023380142955330162 0.024607109365118483 0.011712825588037538 0.020980545541682702 0.016573953289722942
leaf_weight=4.228556469082835 3.0316439867019644 7.6407617926597622 166.92758920788765 105.86707976460457 156.79816633462906 16.746366709470752 5.6420374214649192 10.867815330624579 9.0822078883647901 11.85330520570278 5.5178435891866675 2.2622460275888443 38.351538300514221 5.9202523827552804 3.6964893192052832 8.4357902705669385 6.4789130836725208
leaf_count=14 12 29 503 310 559 57 29 21 48 76 12 13 48 7 8 13 13
internal_value=0.00988611 0.00846321 0.00897003 0.00724025 0.00802824 0.0113792 0.00173267 0.0125883 -0.00507685 -0.00779855 0.0192672 0.00794867 0.0205644 0.0156462 0.0221645 0.0182393 0.0204902
internal_weight=569.349 494.457 479.572 279.388 262.665 200.184 22.3884 177.795 16.723 14.8849 74.8916 7.78009 67.1115 16.6277 50.4838 12.1323 12.3992
internal_count=1772 1644 1556 946 869 610 86 524 77 88 128 25 103 34 69 21 20
is_linear=0
shrinkage=0.01


Tree=32
num_leaves=17
num_cat=0
split_feature=54 51 58 43 8 66 9 50 11 26 7 58 11 47 27 70
split_gain=73.9229 39.7924 18.1164 16.586 26.3013 22.4236 15.5629 11.7873 11.7753 10.4921 9.48854 8.82911 4.28967 6.27061 2.24558 0.36257
threshold=-2.7852391004562373 -0.038843464106321328 -4104831.9999999995 697324.71875000012 2.4020940065383916 -0.076635871082544313 161170800.00000003 -0.012658933643251656 1.0000000180025095e-35 0.0021285691764205699 2.1522924900054936 529408.00000000012 47.260000228881843 -0.19383894652128217 -1215487.9999999998 110637.89453125001
decision_type=2 2 2 2 2 2 2 2 2 2 2 2 2 2 2 2
left_child=9 8 6 5 -5 -4 -3 -8 -2 12 -11 -12 15 -14 -15 -1
right_child=1 2 3 4 -6 -7 7 -9 -10 10 11 -13 13 14 -16 -17
leaf_value=0.019758740325408003 0.0099874706066913708 0 0.0040679195647973275 0.012411059141969525 -0.013597285780043964 0.0093715125913394186 0.0072106522688568974 0.022849886377442247 -0.012230223241604344 -0.0033097212737567766 0.0059609963623289217 0.025019580935296232 0.0091735790170958172 0.015634478307290187 0.023752603139299579 0.023626905491576526
leaf_weight=6.677778795361518 2.9358421564102164 4.9892976582050315 137.729945987463 115.29438644647598 3.9874098598957053 192.16759946942329 6.558374926447871 20.613565236330032 11.875348478555678 3.4133918583393088 4.9462114125490171 5.1258999556303024 7.1212226748466518 6.5959687829017701 10.381510779261584 30.902067720890045
leaf_count=10 10 19 517 341 20 597 22 40 78 15 15 7 19 13 13 36
internal_value=0.00975345 0.00834978 0.00884753 0.00832381 0.0115333 0.00716033 0.016131 0.0191119 -0.00775876 0.0190056 0.0108587 0.0157596 0.0207707 0.0173055 0.0206575 0.0229662
internal_weight=571.316 496.152 481.341 449.179 119.282 329.898 32.1612 27.1719 14.8112 75.1641 13.4855 10.0721 61.6785 24.0987 16.9775 37.5798
internal_count=1772 1644 1556 1475 361 1114 81 62 88 128 37 22 91 45 26 46
is_linear=0
shrinkage=0.01


Tree=33
num_leaves=17
num_cat=0
split_feature=54 51 2 39 62 58 20 10 26 7 58 11 27 28 26 14
split_gain=72.2012 38.8488 19.3374 21.3936 15.8344 16.3761 11.7839 10.8184 10.2167 9.24443 8.55202 4.19119 5.7251 3.67279 3.0861 0.354191
threshold=-2.7852391004562373 -0.038843464106321328 1134444.5000000002 2.6299754381179814 0.1297283470630646 -4104831.9999999995 326.15499877929693 0.00052400000276975345 0.0021285691764205699 2.1522924900054936 529408.00000000012 47.260000228881843 -2344959.9999999995 877.31250000000011 0.00071428663795813929 0.19080000370740893
decision_type=2 2 2 2 2 2 2 2 2 2 2 2 2 2 2 2
left_child=8 6 3 7 13 -6 -2 -3 11 -10 -11 15 -13 -4 -14 -1
right_child=1 2 4 -5 5 -7 -8 -9 9 10 -12 12 14 -15 -16 -17
leaf_value=0.019483907657518881 0.0096521245037003017 -0.013135147265738114 -0.013352297497976775 0.024408411108307219 0.016267284816894295 0.0088017482619968147 -0.012314100289668515 0.0041787466705466066 -0.0032814846513344637 0.0058899929887673711 0.024615138263620745 0.0081140190110715639 0.014141857088678605 0.0032334141412781198 0.023142424174672955 0.023310981978092796
leaf_weight=6.7011416256427756 3.0353440642356864 9.0378598272800463 3.6909226179122916 2.6840332448482505 31.93498021364212 427.87400709092617 11.698873311281202 5.892860695719718 3.4083612710237494 4.9557309597730619 5.1578572541475296 5.802291706204417 6.8533603101968792 1.9608528763055799 11.532143637537954 31.009610056877136
leaf_count=10 12 49 19 5 79 1374 76 23 15 15 7 15 14 7 16 36
internal_value=0.00962358 0.0082386 0.00872745 -0.00150873 0.00911697 0.00932242 -0.00772105 -0.00623472 0.0187519 0.0107208 0.0155386 0.0204901 0.0170698 -0.00742104 0.0198418 0.0226574
internal_weight=573.23 497.81 483.076 17.6148 465.461 459.809 14.7342 14.9307 75.4205 13.5219 10.1136 61.8985 24.1878 5.65178 18.3855 37.7108
internal_count=1772 1644 1556 77 1479 1453 88 72 128 37 22 91 45 26 30 46
is_linear=0
shrinkage=0.01


Tree=34
num_leaves=18
num_cat=0
split_feature=54 51 2 61 50 2 35 60 11 26 7 58 11 27 57 70 58
split_gain=70.5449 37.9319 18.8161 21.7319 28.3167 24.1668 20.8901 13.047 11.5994 9.95093 9.00934 8.29002 4.1232 8.81589 5.74053 2.16667 0.664424
threshold=-2.7852391004562373 -0.038843464106321328 1134444.5000000002 162.2011413574219 -0.010593718383461235 5536681.5000000009 2.158980250358582 0.0028142032679170374 1.0000000180025095e-35 0.0021285691764205699 2.1522924900054936 529408.00000000012 53.375000000000007 3390464.0000000005 0.44101476669311529 69440.699218750015 396288.00000000006
decision_type=2 2 2 2 2 2 2 2 2 2 2 2 2 2 2 2 2
left_child=9 8 6 5 -5 -4 7 -3 -2 12 -11 -12 15 14 -14 -1 -17
right_child=1 2 3 4 -6 -7 -8 -9 -10 10 11 -13 13 -15 -16 16 -18
leaf_value=0.011768620166049265 0.0098684038099255047 -0.01035856683704027 0.0039812647384978818 -0.0056793860090385275 0.012599763996870588 0.0098566878080761939 0.023975696973540558 0.014944965438992224 -0.012180888354022923 -0.003253461030331094 0.0058200574909649562 0.024226559971277775 0.014664014958903668 0.022141573418900936 -0.0029641626200128147 0.023290815126699602 0.019423967100323167
leaf_weight=2.4196793138980857 2.9461743980646125 12.474037840962412 126.23487383127213 8.8343965560197812 172.81713289022446 159.30555894970894 2.7081836163997641 2.4078513681888571 11.714758634567259 3.4033667594194403 4.9650799930095655 5.1880255341529846 4.5040108114480999 9.8357917219400388 2.9944954067468643 32.720259189605713 9.6342778056859952
leaf_count=5 10 65 450 40 496 493 5 7 78 15 15 7 9 13 11 38 15
internal_value=0.00949616 0.00812938 0.00860961 0.00899219 0.0117053 0.00726272 -0.00149501 -0.00619732 -0.00768178 0.0185047 0.0105863 0.0153239 0.0202169 0.0158617 0.00749092 0.0218808 0.0224348
internal_weight=575.108 499.443 484.782 467.192 181.652 285.54 17.5901 14.8819 14.6609 75.665 13.5565 10.1531 62.1085 17.3343 7.49851 44.7742 42.3545
internal_count=1772 1644 1556 1479 536 943 77 72 88 128 37 22 91 33 20 58 53
is_linear=0
shrinkage=0.01


Tree=35
num_leaves=20
num_cat=0
split_feature=54 67 24 24 66 45 62 2 33 50 41 26 59 61 36 28 28 47 18
split_gain=68.9734 29.6959 23.1094 26.2011 22.4197 21.778 19.6191 18.8703 20.2294 18.6966 12.2872 9.70145 8.48956 7.83599 5.85412 5.66702 3.98123 2.7413 0.177754
threshold=-2.7852391004562373 -2.2986534833908077 34.500000000000007 12.500000000000002 -1.9332200288772581 -0.46722804009914393 0.1297283470630646 1134444.5000000002 1.2949545979499819 -0.010593718383461235 1.8787492513656618 0.0021285691764205699 0.84745755791664135 174.76799011230472 0.85526448488235485 877.31250000000011 1040.8046875000002 -0.82113832235336293 879.50000000000011
decision_type=2 2 2 2 2 2 2 2 2 2 2 2 2 2 2 2 2 2 2
left_child=11 2 3 4 -2 -5 16 8 -8 -9 15 14 -13 -14 17 -4 -3 -1 -19
right_child=1 6 10 5 -6 -7 7 9 -10 -11 -12 12 13 -15 -16 -17 -18 18 -20
leaf_value=0.014644413967981938 0.0037758538747544148 -0.013309631957910541 -0.013142836156257304 -0.013002853832095524 -0.013356434575807657 0.012927084053800006 -0.0056438768559719157 0.0017184662315387544 0.024365113499829866 0.010823644465457945 0.007305084731693133 -0.0034048403954402466 0.0057894825019514382 0.023526967480731905 0.010801851623198237 0.0053539938910133434 0.0035897670422570796 0.018495807165174898 0.022262179922974336
leaf_weight=6.8261889517307273 46.361680507659912 4.3797529041767111 12.884243905544283 3.4542808979749671 9.1357907056808454 44.634454876184464 13.783695355057718 24.487058833241463 2.6814463138580313 330.51735787093639 4.9724082797765723 3.2460906803607932 5.0860861092805845 5.256946936249733 6.6869579702615729 1.8179017305374134 1.9255798906087873 4.8162908703088751 43.967787101864815
leaf_count=14 182 23 71 19 48 140 66 93 5 965 18 13 17 7 17 7 7 7 53
internal_value=0.00937154 0.00802233 0.00374679 0.00563889 0.00093758 0.0110437 0.00941471 0.00971284 -0.000696 0.0101984 -0.00616424 0.0182664 0.0104549 0.0149014 0.0199543 -0.0107877 -0.00799014 0.0210369 0.0219108
internal_weight=576.922 501.036 123.261 103.586 55.4975 48.0887 377.775 371.47 16.4651 355.004 19.6746 75.8863 13.5891 10.343 62.2972 14.7021 6.30533 55.6103 48.7841
internal_count=1772 1644 485 389 230 159 1159 1129 71 1058 96 128 37 24 91 78 30 74 60
is_linear=0
shrinkage=0.01


Tree=36
num_leaves=16
num_cat=0
split_feature=54 51 2 1 27 47 31 12 18 11 65 10 61 61 67
split_gain=67.4591 36.7055 18.1514 26.3554 27.02 22.098 16.6256 14.8634 11.591 7.58095 8.58018 3.03476 6.78909 2.42159 0.76789
threshold=-2.7852391004562373 -0.038843464106321328 5736459.0000000009 6292192.0000000009 -3915263.9999999995 0.72394561767578136 0.11426189169287683 115309140.00000001 664.50000000000011 45.100000381469734 -3.0032188957918034e-09 -0.00089750002371147264 232.75396728515628 179.20005798339847 -0.62533572316169728
decision_type=2 2 2 2 2 2 2 2 2 2 2 2 2 2 2
left_child=9 8 3 4 -3 7 -7 -4 -2 13 -11 -12 -13 -1 -15
right_child=1 2 5 -5 -6 6 -8 -9 -10 10 11 12 -14 14 -16
leaf_value=0.015088046655219666 0.0094945789489988951 -0.00070472244915010282 0.011090801868170326 -0.013804355236238344 0.0084219763258743252 0.006236354645631003 -0.01362806112091707 0.023112721365604466 -0.012275799119513802 0.0027002537203706304 0.023766128093352212 0.0046888308627106292 0.018298353377500905 0.017934180503509679 0.022533635018437539
leaf_weight=7.7302293032407752 3.0495938658714286 37.266110256314278 170.30085469782352 6.0769318789243689 240.45336623489857 17.176328554749492 5.570762336254119 11.130775704979895 11.562774911522864 5.6449958533048656 5.1231878399848965 5.2521556913852718 14.0539223998785 6.9406712204217902 31.349896565079689
leaf_count=15 12 150 503 30 766 58 28 21 76 18 6 17 24 11 37
internal_value=0.00924949 0.00791741 0.00838604 0.00674054 0.0071937 0.0106683 0.0013276 0.0118339 -0.0076639 0.0180344 0.014025 0.0166009 0.0146477 0.0206328 0.021726
internal_weight=578.683 502.587 487.975 283.796 277.719 204.179 22.7471 181.432 14.6124 76.0951 30.0743 24.4293 19.3061 46.0208 38.2906
internal_count=1772 1644 1556 946 916 610 86 524 88 128 65 47 41 63 48
is_linear=0
shrinkage=0.01


Tree=37
num_leaves=17
num_cat=0
split_feature=54 51 69 3 35 54 12 56 20 26 55 7 36 66 47 18
split_gain=65.9831 35.8517 17.7252 23.1705 27.9877 18.1164 17.3362 16.1451 11.4736 9.40918 9.14757 8.56364 5.68821 3.61079 2.70984 0.177616
threshold=-2.7852391004562373 -0.038843464106321328 49.999761581420906 159740.00000000003 1.6770166754722597 9.8270168304443377 107233396.00000001 4.9851591587066659 326.15499877929693 0.0021285691764205699 -0.55543446540832508 2.1522924900054936 0.85526448488235485 -1.0000000180025095e-35 -0.82113832235336293 879.50000000000011
decision_type=2 2 2 2 2 2 2 2 2 2 2 2 2 2 2 2
left_child=9 8 6 5 -5 -4 7 -3 -2 12 -8 -11 14 -13 -1 -16
right_child=1 2 3 4 -6 -7 10 -9 -10 11 -12 13 -14 -15 15 -17
leaf_value=0.014204401410732578 0.0093995221191566589 0.0065001531632793473 0.010556388003267636 -0.00079602394960837032 0.010345639044315062 0.018978241114730378 0.0052545198560167029 -0.0012959514421745136 -0.012248863815735951 -0.0033386431874561483 0.021493133523316724 0.0075605003345745481 0.010474935814749098 0.020012372349203261 0.018018215329595137 0.021744468304124399
leaf_weight=6.8774321377277365 3.0591916441917411 161.60058653354645 156.15530024468899 37.695940151810646 55.519427746534348 31.020117431879044 5.4206406623125103 31.543095633387566 11.480154827237127 3.416405349969863 10.636364102363585 4.4383986294269553 6.7353461235761634 5.8200038224458686 4.8371492624282828 44.177809953689575
leaf_count=14 12 561 439 152 165 64 19 135 76 15 21 12 17 10 7 53
internal_value=0.00912929 0.00781404 0.00827458 0.00992372 0.00582927 0.0119575 0.00605945 0.00522176 -0.0076251 0.017806 0.0160735 0.0101371 0.0194646 0.0147224 0.02053 0.0213971
internal_weight=580.433 504.131 489.591 280.391 93.2154 187.175 209.201 193.144 14.5393 76.3025 16.057 13.6748 62.6277 10.2584 55.8924 49.015
internal_count=1772 1644 1556 820 317 503 736 696 88 128 40 37 91 22 74 60
is_linear=0
shrinkage=0.01


Tree=38
num_leaves=16
num_cat=0
split_feature=54 51 2 41 61 50 2 11 26 59 61 34 36 47 18
split_gain=64.5768 35.0261 17.754 20.9917 20.7898 27.1132 22.976 11.3679 9.19635 8.17833 7.46833 6.9315 5.57179 2.66069 0.166632
threshold=-2.7852391004562373 -0.038843464106321328 1134444.5000000002 -1.2111390829086301 162.2011413574219 -0.010593718383461235 5536681.5000000009 1.0000000180025095e-35 0.0021285691764205699 0.84745755791664135 174.76799011230472 0.82414671778678905 0.85526448488235485 -0.82113832235336293 879.50000000000011
decision_type=2 2 2 2 2 2 2 2 2 2 2 2 2 2 2
left_child=8 7 3 -3 6 -6 -4 -2 12 -10 -11 -5 13 -1 -15
right_child=1 2 4 11 5 -7 -8 -9 9 10 -12 -13 -14 14 -16
leaf_value=0.014017878233894575 0.0097059750137327289 0.017172270280643068 0.0036675424857990236 -0.013038626413275094 -0.00579448876575934 0.012033145574542476 0.0093613563754207617 -0.012121118268135363 -0.0035556420908005588 0.0054791412535203548 0.022717943689884439 0.0021806562340679716 0.010338623969960227 0.017806277925887754 0.021479043761819441
leaf_weight=6.8991440385580054 2.959565818309783 4.4216533601284054 127.60206486284733 8.9080488532781583 8.8894007652997953 175.38433383405209 161.56030307710171 11.506924867630003 3.2658230811357489 5.1251459121704084 5.3157829195261002 4.3514349907636634 6.7558044344186774 4.8457315862178794 44.275988772511482
leaf_count=14 10 11 450 49 40 496 493 78 13 17 7 17 17 7 53
internal_value=0.00901258 0.00771355 0.00816627 -0.00162489 0.00853405 0.0111677 0.00685224 -0.00758659 0.0175866 0.0100121 0.0143517 -0.00796862 0.0192245 0.0202782 0.0211371
internal_weight=582.067 505.584 491.117 17.6811 473.436 184.274 289.162 14.4665 76.4834 13.7068 10.4409 13.2595 62.7767 56.0209 49.1217
internal_count=1772 1644 1556 77 1479 536 943 88 128 37 24 66 91 74 60
is_linear=0
shrinkage=0.01


Tree=39
num_leaves=18
num_cat=0
split_feature=54 51 2 41 61 50 67 18 36 24 34 49 45 12 61 1 10
split_gain=63.2421 34.2197 17.2885 20.5229 20.1712 26.3964 22.4029 11.3121 7.21174 19.7985 6.86182 4.88956 4.77212 10.7594 0.884834 2.13305 0.128568
threshold=-2.7852391004562373 -0.038843464106321328 1134444.5000000002 -1.2111390829086301 162.2011413574219 -0.010593718383461235 6.2982637882232675 664.50000000000011 0.85526448488235485 42.500000000000007 0.82414671778678905 0.39145424962043768 -1.0000000180025095e-35 76315316.000000015 336.00006103515631 2357245.5000000005 -0.00044211499334778631
decision_type=2 2 2 2 2 2 2 2 2 2 2 2 2 2 2 2 2
left_child=8 7 3 -3 6 -6 -4 -2 11 -10 -5 14 -13 -14 15 -1 -16
right_child=1 2 4 10 5 -7 -8 -9 9 -11 -12 12 13 -15 16 -17 -18
leaf_value=0.010656893832180809 0.0093014377167709439 0.0168879966080983 0.0071437600726213151 -0.012997097525727261 -0.0057516194972477928 0.011857777842738365 -0.013714988252632395 -0.012202812387294513 -0.0063476324296310085 0.02363108501750601 0.0021567049289099548 0.020342974070770032 0.017675749202272707 -0.0049122605393893855 0.019584630367905823 0.019520989363132055 0.02228665700361054
leaf_weight=3.8189976364374187 3.0671128183603278 4.4509723037481335 284.73124301433563 8.8474510014057142 8.8662174791097623 176.194240629673 5.2116280794143668 11.323488265275953 4.3450148403644544 4.3899312913417816 4.3557403832674018 5.6008582711219779 4.9836719781160337 3.56003038585186 12.931067585945128 18.797461941838264 18.219929337501529
leaf_count=9 12 11 917 49 40 496 26 76 18 6 17 8 8 14 17 27 21
internal_value=0.0088975 0.00761421 0.00805919 -0.00161034 0.00842068 0.0110087 0.00676538 -0.00755006 0.0173739 0.00860432 -0.00792211 0.0184871 0.0130467 0.00814662 0.0198997 0.0180684 0.0211971
internal_weight=583.695 507.048 492.657 17.6542 475.003 185.06 289.943 14.3906 76.647 8.73495 13.2032 67.912 14.1446 8.5437 53.7675 22.6165 31.151
internal_count=1772 1644 1556 77 1479 536 943 88 128 24 66 104 30 22 74 36 38
is_linear=0
shrinkage=0.01


Tree=40
num_leaves=16
num_cat=0
split_feature=56 51 61 50 2 1 9 5 1 11 11 33 18 27 61
split_gain=49.7024 34.621 20.4463 24.6716 23.563 32.8812 24.6892 20.0825 16.6443 11.2007 7.77357 9.88788 12.4075 2.22124 0.847935
threshold=-2.3578467369079585 -0.038843464106321328 162.2011413574219 -0.010593718383461235 5536681.5000000009 2357245.5000000005 213256416.00000003 640731.31250000012 18697396.000000004 1.0000000180025095e-35 44.519998550415046 -0.86402726173400868 14690.000000000002 3390464.0000000005 187.1335144042969
decision_type=2 2 2 2 2 2 2 2 2 2 2 2 2 2 2
left_child=10 9 4 8 5 -3 -6 -5 -4 -2 14 12 -12 -13 -1
right_child=1 2 3 7 6 -7 -8 -9 -10 -11 11 13 -14 -15 -16
leaf_value=0.017104766093278306 0.0095934736829721892 0.009068178198114004 -0.013443415380163548 0.010577782293409723 0.0066474467747221254 -0.0010065619081923351 0.015411000780271321 0.025493961799349471 0.018702915938079444 -0.012075118332752433 0.014650291230412994 0.012390996179279861 -0.01407476947636036 0.019825911694468894 0.021392376473119722
leaf_weight=9.1168656796216947 2.9690338373184195 56.958827465772629 6.7466026097536069 196.57364366948605 118.77962027490139 74.765074446797371 44.52051217854023 9.5719442814588529 2.0965479612350464 11.349177792668341 3.3513085097074535 8.4143243432045001 2.7138566672801971 10.221469566226004 27.133051991462708
leaf_count=15 10 175 35 567 385 291 112 16 5 78 7 18 13 14 31
internal_value=0.00878454 0.00778752 0.00821901 0.010572 0.00650098 0.00334227 0.00904278 0.0112752 -0.00570903 -0.00751206 0.017345 0.0129069 0.00163239 0.0165226 0.0203416
internal_weight=585.282 524.331 510.013 214.989 295.024 131.724 163.3 206.146 8.84315 14.3182 60.9509 24.701 6.06517 18.6358 36.2499
internal_count=1772 1674 1586 623 963 466 497 583 40 88 98 52 20 32 46
is_linear=0
shrinkage=0.01


Tree=41
num_leaves=15
num_cat=0
split_feature=56 51 61 50 67 2 5 39 18 11 33 18 27 61
split_gain=48.7433 33.8244 19.8636 24.032 23.1574 26.2546 19.3663 16.4697 11.1501 7.60384 9.63965 12.1675 2.17083 0.838663
threshold=-2.3578467369079585 -0.038843464106321328 162.2011413574219 -0.010593718383461235 6.2982637882232675 5536681.5000000009 640731.31250000012 1.5586454272270205 664.50000000000011 44.519998550415046 -0.86402726173400868 14690.000000000002 3390464.0000000005 187.1335144042969
decision_type=2 2 2 2 2 2 2 2 2 2 2 2 2 2
left_child=9 8 4 7 5 -3 -5 -4 -2 13 11 -11 -12 -1
right_child=1 2 3 6 -6 -7 -8 -9 -10 10 12 -13 -14 -15
leaf_value=0.016892067741190408 0.0091993030879024204 0.0034729191798641267 -0.0134027531980754 0.010431230918033538 -0.013691821997695532 0.0095348500848793788 0.025018721145195568 0.018564364003478887 -0.012158280896822837 0.014457095574178914 0.012236950640618478 -0.014011579566879474 0.019583405559143979 0.021151137703657279
leaf_weight=9.1392305791378003 3.075662598013877 130.57789123058319 6.7140321284532529 197.33812709152699 5.5840715616941443 159.59402748942375 9.6558003574609739 2.1014040559530258 11.167172893881796 3.3620775938034084 8.4349408894777316 2.6989096999168396 10.244446232914923 27.167910933494568
leaf_count=15 12 459 35 567 28 476 16 5 76 7 18 13 14 31
internal_value=0.0086733 0.00768785 0.00811199 0.0104262 0.00641994 0.00681042 0.0111165 -0.00566907 -0.00747602 0.0171447 0.0127576 0.00161523 0.0163195 0.0201066
internal_weight=586.856 525.808 511.565 215.809 295.756 290.172 206.994 8.81544 14.2428 61.0475 24.7404 6.06099 18.6794 36.3071
internal_count=1772 1674 1586 623 963 935 583 40 88 98 52 20 32 46
is_linear=0
shrinkage=0.01


Tree=42
num_leaves=17
num_cat=0
split_feature=54 51 69 3 35 38 12 70 20 55 11 66 42 61 61 67
split_gain=59.9361 31.9084 16.9627 22.4513 26.9121 17.118 16.6558 15.4107 11.0762 8.59459 7.05195 9.31324 2.97423 6.94944 2.30417 0.711824
threshold=-2.7852391004562373 -0.038843464106321328 49.999761581420906 159740.00000000003 1.6770166754722597 -2.2369093894958492 107233396.00000001 701746.78125000012 326.15499877929693 -0.55543446540832508 45.100000381469734 -0.0011025744024664161 -0.00089750002371147264 232.75396728515628 179.20005798339847 -0.62533572316169728
decision_type=2 2 2 2 2 2 2 2 2 2 2 2 2 2 2 2
left_child=10 8 6 5 -5 -4 7 -3 -2 -8 14 -12 -13 -14 -1 -16
right_child=1 2 3 4 -6 -7 9 -9 -10 -11 11 12 13 -15 15 -17
leaf_value=0.013932495963459222 0.0091588517344844116 0.0036131296578800353 0.023600719607351408 -0.0011091433477387323 0.009735871610617914 0.010583213511988907 0.0048882000839501122 0.011583869080848909 -0.012135121750063593 0.020516754982573781 -0.00018045389397395198 0.022312040445413239 0.0035461622066017425 0.016904524447057482 0.016714621301143748 0.021126975283556806
leaf_weight=7.8508834689855567 3.078584372997283 167.56861704587936 10.855604529380797 38.22294969856739 56.448140442371368 179.18569645285606 5.48866078257561 28.567617028951645 11.092353731393812 10.842317610979078 4.4559469223022488 5.1980555057525661 5.4904299974441555 15.361042007803915 7.0191708803176871 31.667459383606911
leaf_count=15 12 612 18 152 165 485 19 84 76 21 15 6 18 26 11 37
internal_value=0.00856406 0.00732174 0.00774446 0.00934535 0.00534669 0.0113321 0.00559451 0.00477918 -0.00743852 0.0153254 0.0167966 0.0129589 0.0152448 0.0134351 0.0192907 0.0203523
internal_weight=588.394 511.351 497.18 284.712 94.6711 190.041 212.467 196.136 14.1709 16.331 77.043 30.5055 26.0495 20.8515 46.5375 38.6866
internal_count=1772 1644 1556 820 317 503 736 696 88 40 128 65 50 44 63 48
is_linear=0
shrinkage=0.01


Tree=43
num_leaves=16
num_cat=0
split_feature=56 51 69 3 46 56 20 67 7 11 11 27 11 21 61
split_gain=46.9049 32.3004 19.6793 23.6943 22.8462 21.6096 15.2984 19.9702 16.92 11.0205 7.31258 7.80058 15.3943 4.11423 0.822387
threshold=-2.3578467369079585 -0.038843464106321328 49.999761581420906 159740.00000000003 -0.78633412718772877 7.1224594116210946 243.15000152587893 -0.31313228607177729 4.2105693817138681 1.0000000180025095e-35 44.519998550415046 3390464.0000000005 54.404998779296882 -5081.9999999999991 187.1335144042969
decision_type=2 2 2 2 2 2 2 2 2 2 2 2 2 2 2
left_child=10 9 6 5 -5 -4 7 -3 -8 -2 14 12 13 -12 -1
right_child=1 2 3 4 -6 -7 8 -9 -10 -11 11 -13 -14 -15 -16
leaf_value=0.016485794282699483 0.0095102234550381096 -0.0048800883003500359 0.0099142447771977567 -0.0097419893925032048 0.0070491994846735052 0.018233104913592854 0.0076073001669335503 0.018687896056957677 -0.0024603818381535767 -0.012012692305595563 0.0085126990467556049 0.019195686153510659 -0.0074850163184006701 0.021856063560744973 0.020693733008604644
leaf_weight=9.1779337972402555 2.9744027704000464 23.702803447842602 161.30723105370998 8.8763494193553907 88.117587968707085 39.236381143331528 170.69521944224834 4.2317256331443778 18.342259094119072 11.124878972768782 5.5119848251342765 10.277068614959715 4.5432541370391837 4.4895087629556683 27.218432307243347
leaf_count=15 10 104 444 42 279 75 557 10 75 78 14 14 18 6 31
internal_value=0.00845783 0.00749474 0.00790488 0.00957972 0.00550225 0.0115468 0.00560354 -0.00127404 0.00662515 -0.00740126 0.0167576 0.0124614 0.00763427 0.0146023 0.0196601
internal_weight=589.827 528.609 514.51 297.538 96.9939 200.544 216.972 27.9345 189.037 14.0993 61.2182 24.8218 14.5447 10.0015 36.3964
internal_count=1772 1674 1586 840 321 519 746 114 632 88 98 52 38 20 46
is_linear=0
shrinkage=0.01


Tree=44
num_leaves=18
num_cat=0
split_feature=54 51 2 41 67 38 1 20 26 59 61 28 58 47 49 43 10
split_gain=57.7083 30.4834 16.7637 19.7756 18.607 26.1844 24.3814 10.9183 8.64061 7.78963 7.06826 6.40646 3.86911 3.29829 1.11361 0.401869 0.409176
threshold=-2.7852391004562373 -0.038843464106321328 1134444.5000000002 -1.2111390829086301 -2.0167539119720455 -1.4547275900840757 1277804.0000000002 326.15499877929693 0.0021285691764205699 0.84745755791664135 174.76799011230472 124.56250000000001 396288.00000000006 1.0000000180025095e-35 -0.60645839571952809 1.0000000180025095e-35 -1.0000000180025095e-35
decision_type=2 2 2 2 2 2 2 2 2 2 2 2 2 2 2 2 2
left_child=8 7 3 -3 6 -6 -4 -2 12 -10 -11 -5 15 -14 -15 -1 -17
right_child=1 2 4 11 5 -7 -8 -9 9 10 -12 -13 13 14 -16 16 -18
leaf_value=0.014797609516696085 0.0090591583760636467 0.016057954538971346 0.028760762194890401 -0.013087551367679759 0.014557335748627047 0.0077232913992109431 0.00385357158473111 -0.012092423247177643 -0.0039954722690787861 0.0047902142868717955 0.02142253510085362 0.0013144609012969044 0.0074311752040380555 0.012894619041871495 0.019465437725750104 0.020838335725345488 0.017539438028933343
leaf_weight=3.0842483639717093 3.0867199748754492 4.5367882698774364 4.0731562972068778 8.7906063944101316 70.591911047697067 281.87674866616726 125.4895661175251 10.938081517815588 3.3199245780706397 5.2100780308246595 5.3982877135276794 4.5782327502965918 5.7339982241392162 5.7139934450387964 8.1385963857173884 30.857789158821102 9.8132284879684466
leaf_count=5 12 11 7 48 174 845 453 76 13 17 7 18 14 11 10 36 15
internal_value=0.00835328 0.00713846 0.00754735 -0.00190879 0.00790068 0.00909484 0.00464432 -0.00736587 0.0164207 0.00914238 0.0133482 -0.0080807 0.0180054 0.0141276 0.0168273 0.0197184 0.020067
internal_weight=591.232 513.962 499.937 17.9056 482.031 352.469 129.563 14.0248 77.2701 13.9283 10.6084 13.3688 63.3419 19.5866 13.8526 43.7553 40.671
internal_count=1772 1644 1556 77 1479 1019 460 88 128 37 24 66 91 35 21 56 51
is_linear=0
shrinkage=0.01


Tree=45
num_leaves=17
num_cat=0
split_feature=54 51 58 43 50 70 24 26 11 26 18 59 66 36 47 18
split_gain=56.6219 29.8001 16.0424 15.2398 19.75 14.8267 14.3647 20.8393 10.8599 8.46377 8.08001 7.61162 5.77545 5.23651 2.51026 0.209014
threshold=-2.7852391004562373 -0.038843464106321328 -4104831.9999999995 697324.71875000012 -0.008766730781644581 169169.19531250003 12.500000000000002 0.002742857788689435 1.0000000180025095e-35 0.0021285691764205699 10795.000000000002 0.84745755791664135 -1.0000000180025095e-35 0.85526448488235485 -0.82113832235336293 879.50000000000011
decision_type=2 2 2 2 2 2 2 2 2 2 2 2 2 2 2 2
left_child=9 8 6 4 -4 -5 7 -3 -2 13 -8 -11 -13 14 -1 -16
right_child=1 2 3 5 -6 -7 10 -9 -10 11 -12 12 -14 -15 15 -17
leaf_value=0.012805331833655101 0.0094017905518396054 0.018016689540108134 -0.0019618881090261247 -0.0041238804827440044 0.0066065408731142876 0.010819439104579781 0.024104532298485873 -0.013960914029020657 -0.011969858709744232 -0.00396110354109504 0.012550083778847617 0.0050216347628572588 0.020128705705204433 0.0092851434901507109 0.016305647351722286 0.020004175266560762
leaf_weight=7.0147196948528281 2.9831968396902075 4.2085592299699766 29.22965669631958 6.9371938854455939 314.04263673722744 117.45957390964031 11.609294295310976 3.932922825217247 10.970467284321783 3.3152662068605414 13.868542119860647 4.9530776739120475 5.6795447617769232 6.8917772173881522 4.8823992609977713 44.625953659415245
leaf_count=14 10 9 119 28 995 333 19 19 78 13 34 15 9 17 7 53
internal_value=0.00825063 0.00704944 0.00745167 0.00696781 0.00587403 0.00997806 0.0141527 0.00244637 -0.00732908 0.0162377 0.0178543 0.00903809 0.0131853 0.0178055 0.0188267 0.0196596
internal_weight=592.605 515.242 501.288 467.669 343.272 124.397 33.6193 8.14148 13.9537 77.3627 25.4778 13.9479 10.6326 63.4148 56.5231 49.5084
internal_count=1772 1644 1556 1475 1114 361 81 28 88 128 53 37 24 91 74 60
is_linear=0
shrinkage=0.01


Tree=46
num_leaves=17
num_cat=0
split_feature=61 50 25 63 28 55 33 1 39 3 10 41 31 72 39 51
split_gain=42.269 33.1636 28.1367 30.602 22.4274 21.6319 20.246 15.7574 14.5994 13.6038 12.31 16.5333 11.7435 5.84331 4.33222 3.99938
threshold=169.38391113281253 -0.010593718383461235 13797.500000000002 0.54510748386383068 412.56250000000006 -4.1300874948501578 1.4499821066856386 1171332.5000000002 9.2139301300048846 3968634.0000000005 0.00069950000033713888 -0.79388865828514088 -3.8458381891250606 -2523635.2499999995 2.6299754381179814 0.027525223791599277
decision_type=2 2 2 2 2 2 2 2 2 2 2 2 2 2 2 2
left_child=5 8 3 12 -5 13 7 14 -2 -9 11 -4 -3 -1 -7 -8
right_child=1 2 10 4 -6 6 15 9 -10 -11 -12 -13 -14 -15 -16 -17
leaf_value=0.0078819188922423008 -0.013152059918265808 0.019687857033451394 -0.01441654101537347 0.010058811343493823 -0.0091061038218025851 -0.013588744024129736 -0.014262708392371514 0.0065548717013994761 0.015177947950700574 0.017499256526255696 0.021901060303343614 0.0047437593992165818 0.013524230712834142 -0.012943749010669843 0.0038958517098203554 0.0013047944892239387
leaf_weight=1.5745912343263624 7.738995820283888 57.893650159239769 5.9799114167690339 81.245833739638329 6.5474510937929145 4.7903840988874427 5.5132819861173621 305.1812988370657 2.3503681719303131 11.921931177377699 2.8744928091764441 18.241235107183456 70.408945292234421 7.5994659662246686 1.9015012234449384 2.1944594234228134
leaf_count=6 43 95 28 226 28 25 26 969 7 28 6 61 164 45 7 8
internal_value=0.00814948 0.0112476 0.0119861 0.0131916 0.00861814 0.00584318 0.00626417 0.0066473 -0.00645333 0.00696949 0.00233531 0 0.0163132 -0.00926033 -0.00847106 -0.00970077
internal_weight=593.958 253.281 243.192 216.096 87.7933 340.677 331.503 323.795 10.0894 317.103 27.0956 24.2211 128.303 9.17406 6.69189 7.70774
internal_count=1772 658 608 513 254 1114 1063 1029 50 997 95 89 259 51 32 34
is_linear=0
shrinkage=0.01


Tree=47
num_leaves=16
num_cat=0
split_feature=54 51 2 1 50 46 37 7 20 26 38 72 36 46 71
split_gain=54.7588 28.7939 16.4277 24.7584 24.5084 17.2289 17.9808 11.062 10.7501 8.25842 6.92103 13.7619 5.12316 2.05325 0.325312
threshold=-2.7852391004562373 -0.038843464106321328 5736459.0000000009 6292192.0000000009 -0.010067666880786417 -0.61913523077964772 2.0045562982559209 5.2431576251983651 326.15499877929693 0.0021285691764205699 -1.2833597660064695 -891652.12499999988 0.85526448488235485 0.42625190317630773 117465.73828125001
decision_type=2 2 2 2 2 2 2 2 2 2 2 2 2 2 2
left_child=9 8 3 4 -3 6 -4 -7 -2 12 -11 -12 13 14 -1
right_child=1 2 5 -5 -6 7 -8 -9 -10 10 11 -13 -14 -15 -16
leaf_value=0.017411270759588985 0.0089428289846309704 -0.0054647860046147982 0.0061257579034356803 -0.014007885159166214 0.0068879754817309236 0.011273492771688185 -0.013814001078891521 -0.0052903862915889667 -0.01205434948420815 0.015321794948418675 -0.013749019084255623 0.015414369003222928 0.0090396642750708491 0.01394953183161389 0.020150505899799845
leaf_weight=13.279332935810087 3.0952248126268378 16.988056361675262 38.933970794081688 6.194649562239646 269.54888354241848 163.1428484916687 5.0922345966100684 4.0508020371198645 10.78564343601465 7.5387700349092484 3.151999220252037 3.3138797879219037 6.924892082810401 9.9112829118967039 33.40092921257019
leaf_count=18 12 76 124 30 840 444 25 17 76 14 16 7 17 18 38
internal_value=0.00804897 0.00687214 0.00726449 0.00572209 0.00615212 0.00939739 0.00379674 0.0108662 -0.00730025 0.0158971 0.00880079 0.00104309 0.0174461 0.0184571 0.0193927
internal_weight=595.353 517.832 503.951 292.732 286.537 211.22 44.0262 167.194 13.8809 77.5211 14.0046 6.46588 63.5164 56.5915 46.6803
internal_count=1772 1644 1556 946 916 610 149 461 88 128 37 23 91 74 56
is_linear=0
shrinkage=0.01


Tree=48
num_leaves=16
num_cat=0
split_feature=54 51 2 41 67 38 1 11 26 59 61 34 36 47 18
split_gain=53.7923 28.1548 16.1725 19.1785 17.9061 25.1247 23.4689 10.632 8.09627 7.35016 6.79532 6.5586 5.04233 2.49996 0.208624
threshold=-2.7852391004562373 -0.038843464106321328 1134444.5000000002 -1.2111390829086301 -2.0167539119720455 -1.4547275900840757 1277804.0000000002 1.0000000180025095e-35 0.0021285691764205699 0.84745755791664135 174.76799011230472 0.82414671778678905 0.85526448488235485 -0.82113832235336293 879.50000000000011
decision_type=2 2 2 2 2 2 2 2 2 2 2 2 2 2 2
left_child=8 7 3 -3 6 -6 -4 -2 12 -10 -11 -5 13 -1 -15
right_child=1 2 4 11 5 -7 -8 -9 9 10 -12 -13 -14 14 -16
leaf_value=0.01228907415890308 0.00920357118991149 0.01548118702759344 0.027782735754443722 -0.013093078260006321 0.013998492241552418 0.007344999660954722 0.0035650346957395475 -0.011926989871266808 -0.0040550543395573829 0.0044089171284670201 0.020650537483500625 0.0015515814835332892 0.0089302065312831906 0.015776289960894953 0.019437966606897127
leaf_weight=7.0623918622732154 3.0003108829259864 4.5950708389282253 4.1477344632148734 8.9821511507034284 71.492084741592407 284.80073390901089 126.76373533904552 10.80991719663143 3.3248054832220069 5.253190413117407 5.439910039305687 4.4633164256811133 6.9395985752344123 4.8846369534730902 44.666953638195992
leaf_count=14 10 11 7 49 174 845 453 78 13 17 7 17 17 7 53
internal_value=0.00795139 0.00678721 0.00717326 -0.00208096 0.00751799 0.00868287 0.00433998 -0.00726391 0.0157284 0.00870427 0.012765 -0.00815731 0.0172619 0.0182656 0.0190972
internal_weight=596.627 519.055 505.245 18.0405 487.204 356.293 130.911 13.8102 77.5715 14.0179 10.6931 13.4455 63.5536 56.614 49.5516
internal_count=1772 1644 1556 77 1479 1019 460 88 128 37 24 66 91 74 60
is_linear=0
shrinkage=0.01


Tree=49
num_leaves=22
num_cat=0
split_feature=61 50 2 65 15 3 58 50 53 67 55 69 39 3 2 65 31 37 58 10 21
split_gain=40.6028 31.6217 22.9211 36.507 34.5747 22.2032 21.5197 32.4193 23.3031 21.3242 21.1394 27.0856 21.2969 20.0387 17.9068 17.4847 17.4364 17.3441 15.3717 12.716 5.48515
threshold=169.38391113281253 -0.010593718383461235 5536681.5000000009 0.22473284602165225 0.99997499585151683 -873129.99999999988 -591871.99999999988 -0.0039615917485207311 -0.091112039983272539 6.2982637882232675 -0.63438439369201649 19.999964714050297 2.3021380901336674 -409835.99999999994 42563072.000000007 0.56836912035942089 -3.5474936962127681 -1.5250326991081236 -4104831.9999999995 -0.00072887502028606821 -683.49999999999989
decision_type=2 2 2 2 2 2 2 2 2 2 2 2 2 2 2 2 2 2 2 2 2
left_child=2 14 3 5 15 19 16 -8 -9 10 11 -4 -12 -7 -2 -5 20 -6 -18 -1 -3
right_child=1 6 9 4 17 13 7 8 -10 -11 12 -13 -14 -15 -16 -17 18 -19 -20 -21 -22
leaf_value=0.0099254529353709885 -0.013138593212653288 0.021658047676631632 -0.010592188137532354 0.012553922488527857 0.025928665750231547 0.0081967882045045556 -0.014357657510374374 0.0033632893829899854 0.012488675878579604 -0.013931735596162927 0.0076632972875161579 0.0082246343899731317 0.016023432933879988 -0.0027049558766344779 0.020237494478873623 -0.0012463753635428652 0.022464296394907862 0.0046152567505081789 0.0074570707933146775 -0.012496290442697249 0.013181321103867286
leaf_weight=2.8401940017938641 8.0643261224031413 36.331738919019699 12.29086199402809 14.046706631779669 13.704261317849161 27.890252739191055 5.5210636407136908 37.497402727603912 114.22228352725506 4.3280252218246451 110.69984771311283 20.215124666690826 42.590392336249352 42.463165402412415 1.9895536750555045 26.193926259875298 8.8427141308784467 5.4623494893312445 31.838487803936005 20.242144525051117 10.562901332974432
leaf_count=9 45 56 65 36 21 87 26 131 270 21 331 66 96 170 5 96 12 18 89 98 24
internal_value=0.00785596 0.0108832 0.00560337 0.00271013 0.0088413 -0.00117741 0.0115985 0.0093699 0.0102399 0.00792402 0.00843852 0.00107903 0.00999261 0.00160262 -0.00643436 0.00354601 0.0155885 0.0199067 0.0107437 -0.00969406 0.01977
internal_weight=597.838 254.87 342.967 152.843 59.4072 93.4358 244.817 157.241 151.72 190.124 185.796 32.506 153.29 70.3534 10.0539 40.2406 87.5758 19.1666 40.6812 23.0823 46.8946
internal_count=1772 658 1114 535 171 364 608 427 401 579 558 131 427 257 50 132 181 39 101 107 80
is_linear=0
shrinkage=0.01


Tree=50
num_leaves=16
num_cat=0
split_feature=54 51 2 41 61 2 35 18 26 59 61 34 36 47 26
split_gain=52.2298 27.1864 15.7344 18.6799 17.4619 19.8527 13.4293 10.5583 7.90996 7.19608 6.5542 6.46149 4.95027 2.51967 0.201625
threshold=-2.7852391004562373 -0.038843464106321328 1134444.5000000002 -1.2111390829086301 162.2011413574219 5536681.5000000009 -1.9981291890144346 664.50000000000011 0.0021285691764205699 0.84745755791664135 174.76799011230472 0.82414671778678905 0.85526448488235485 -0.82113832235336293 0.00071428596857003878
decision_type=2 2 2 2 2 2 2 2 2 2 2 2 2 2 2
left_child=8 7 3 -3 5 -4 -6 -2 12 -10 -11 -5 13 -1 -15
right_child=1 2 4 11 6 -7 -8 -9 9 10 -12 -13 -14 14 -16
leaf_value=0.011957628451863002 0.0088030429896902608 0.015111501160758319 0.0028850639021252172 -0.01307001265244591 0.0035646179078948894 0.008098878391953895 0.010855222870412802 -0.012012499996695097 -0.0041200233664473642 0.0043001892785798322 0.020230776832101931 0.0014537763440713592 0.0087029491371114417 0.017043029207445715 0.019431815389705117
leaf_weight=7.0900883376598349 3.1058042645454398 4.6324402689933804 130.9847966581583 8.9484961777925474 30.487217843532562 167.26215299963951 160.88243229687214 10.62386793643236 3.3330362886190406 5.2669166624546033 5.4595339447259903 4.4803868979215613 6.9698666483163825 14.150070503354071 35.390280246734619
leaf_count=14 12 11 450 49 100 493 436 76 13 17 7 17 17 19 41
internal_value=0.00776135 0.00661844 0.00699496 -0.00212832 0.00733354 0.00581242 0.00969898 -0.00723096 0.0154219 0.00849015 0.0125017 -0.00814986 0.0169385 0.0179345 0.0187697
internal_weight=599.067 521.408 507.678 18.0613 489.617 298.247 191.37 13.7297 77.6598 14.0595 10.7265 13.4289 63.6003 56.6304 49.5404
internal_count=1772 1644 1556 77 1479 943 536 88 128 37 24 66 91 74 60
is_linear=0
shrinkage=0.01


Tree=51
num_leaves=17
num_cat=0
split_feature=56 51 69 3 35 56 20 69 41 20 11 33 46 46 66 61
split_gain=40.9697 27.5245 17.9181 22.5664 21.906 19.8279 14.252 18.1614 14.4687 10.4566 7.04146 8.95677 9.70235 2.91382 1.58035 0.746262
threshold=-2.3578467369079585 -0.038843464106321328 49.999761581420906 159740.00000000003 1.6770166754722597 7.1224594116210946 243.15000152587893 24.999943733215336 -2.1980073451995845 326.15499877929693 44.519998550415046 -0.86402726173400868 -0.43447294831275934 -0.83322542905807484 0.03154380805790425 187.1335144042969
decision_type=2 2 2 2 2 2 2 2 2 2 2 2 2 2 2 2
left_child=10 9 6 5 -5 -4 7 -3 -8 -2 15 12 -12 -13 -15 -1
right_child=1 2 3 4 -6 -7 8 -9 -10 -11 11 13 -14 14 -16 -17
leaf_value=0.015240225249566548 0.0087227280199800219 -0.0091810817578697329 0.0090820447443629385 -0.00077135353165036556 0.008752042733878548 0.016970902130675626 -0.014031014441162424 0.0068418943987887254 0.0063245765790406715 -0.011989243510141094 0.011210459839429046 0.0018351687408214557 -0.014254656023538252 0.013042215626438192 0.019789220445201882 0.019253625771756204
leaf_weight=9.2437124997377378 3.1134651452302924 15.032861158251764 164.58300146460533 41.076394334435463 58.007069289684296 40.034908547997475 3.5276784151792517 13.315961778163908 189.44834844768047 10.546070061624048 3.6428274065256119 1.784040212631228 2.532932564616206 9.9734415113925952 7.1658316999673835 27.198431193828583
leaf_count=15 12 70 444 155 166 75 17 44 615 76 8 5 12 18 9 31
internal_value=0.00766893 0.00678255 0.00714811 0.00872954 0.0047939 0.0106304 0.00497356 -0.00161952 0.00594729 -0.00719508 0.0154113 0.011231 0.000604248 0.0146463 0.0159214 0.018263
internal_weight=600.227 538.686 525.026 303.701 99.0835 204.618 221.325 28.3488 192.976 13.6595 61.5412 25.0991 6.17576 18.9233 17.1393 36.4421
internal_count=1772 1674 1586 840 321 519 746 114 632 88 98 52 20 32 27 46
is_linear=0
shrinkage=0.01


Tree=52
num_leaves=15
num_cat=0
split_feature=54 51 58 43 8 60 9 11 43 26 3 36 47 26
split_gain=50.5744 26.0067 15.0301 14.4811 23.8746 19.1255 13.868 10.4109 9.8386 7.73812 7.02203 4.84755 2.48219 0.200988
threshold=-2.7852391004562373 -0.038843464106321328 -4104831.9999999995 697324.71875000012 2.4020940065383916 0.021279803477227691 161170800.00000003 1.0000000180025095e-35 1527814.0000000002 0.0021285691764205699 -480419.99999999994 0.85526448488235485 -0.82113832235336293 0.00071428596857003878
decision_type=2 2 2 2 2 2 2 2 2 2 2 2 2 2
left_child=9 7 6 5 -5 -4 -3 -2 -8 11 -11 12 -1 -14
right_child=1 2 3 4 -6 -7 8 -9 -10 10 -12 -13 13 -15
leaf_value=0.011683404211850568 0.0090645566887262372 -0.0014696140639568424 0.005658757735187158 0.01007125944007734 -0.014125894610271224 -0.010012904145933851 0.018799224473216782 -0.01186867230744012 0.0036880227491998285 -0.0011692469594748657 0.013454786932680674 0.0084839806234975543 0.016719568578558889 0.0190941452759169
leaf_weight=7.1081301271915427 3.0094087719917288 5.2893444448709479 341.18023960292339 122.51714861392975 4.1841408908367148 7.9238961637020102 23.472805052995685 10.58022206276655 5.4884210526943198 4.9288987517356864 9.1697477549314481 6.9944833666086188 14.139215677976607 35.356281593441963
leaf_count=14 10 19 1079 341 20 35 45 78 17 18 19 17 19 41
internal_value=0.00757814 0.00645772 0.00682249 0.00635788 0.00926429 0.00530018 0.0132476 -0.00715945 0.01597 0.0151165 0.00827128 0.0166182 0.0176057 0.018436
internal_weight=601.342 523.646 510.056 475.805 126.701 349.104 34.2506 13.5896 28.9612 77.6968 14.0986 63.5981 56.6036 49.4955
internal_count=1772 1644 1556 1475 361 1114 81 88 62 128 37 91 74 60
is_linear=0
shrinkage=0.01


Tree=53
num_leaves=17
num_cat=0
split_feature=56 51 69 3 35 56 20 67 7 18 11 33 18 33 11 61
split_gain=39.6498 26.3326 17.5103 21.8851 21.363 19.1941 13.8718 18.7419 15.6123 10.311 6.93011 8.70944 11.0078 2.14179 4.36286 0.73092
threshold=-2.3578467369079585 -0.038843464106321328 49.999761581420906 159740.00000000003 1.6770166754722597 7.1224594116210946 243.15000152587893 -0.31313228607177729 4.2105693817138681 664.50000000000011 44.519998550415046 -0.86402726173400868 14690.000000000002 -0.68891632556915272 66.325000762939467 187.1335144042969
decision_type=2 2 2 2 2 2 2 2 2 2 2 2 2 2 2 2
left_child=10 9 6 5 -5 -4 7 -3 -8 -2 15 12 -12 -13 -15 -1
right_child=1 2 3 4 -6 -7 8 -9 -10 -11 11 13 -14 14 -16 -17
leaf_value=0.014949126050639246 0.0086330477530808629 -0.0051596692995361862 0.0088802387406956406 -0.0008290309612859016 0.0085602899433874433 0.016622255493874919 0.0067144031340594483 0.017357933940641536 -0.0028672588039577213 -0.011950577740363226 0.012574128700224252 0.020819314410036004 -0.014275379068785756 0.0064950278214399868 0.017739937619719561 0.018922065274857604
leaf_weight=9.2549688816070539 3.1199654787778845 24.049121096730236 165.37149906158447 41.16075898706913 58.297093704342842 40.247827112674713 175.25247137248516 4.3583152741193762 18.678240805864334 10.397124320268629 3.4340524077415493 4.3642610311508241 2.7444786131381989 7.1221935749053902 7.4642681479454041 27.148307085037231
leaf_count=15 12 104 444 155 166 75 557 10 75 76 7 5 13 17 10 31
internal_value=0.00748835 0.00661982 0.00697399 0.00853379 0.00466445 0.0104005 0.00482925 -0.00166978 0.0057864 -0.00712556 0.0151073 0.0109648 0.000485835 0.0143285 0.0123179 0.0179395
internal_weight=602.465 540.932 527.415 305.077 99.4579 205.619 222.338 28.4074 193.931 13.5171 61.5325 25.1293 6.17853 18.9507 14.5865 36.4033
internal_count=1772 1674 1586 840 321 519 746 114 632 88 98 52 20 32 27 46
is_linear=0
shrinkage=0.01


Tree=54
num_leaves=15
num_cat=0
split_feature=54 51 62 58 60 24 11 26 59 61 36 36 47 26
split_gain=49.0017 24.8853 14.5692 15.1562 16.5396 14.3781 10.2625 7.59508 6.94943 6.31116 4.77281 3.62252 2.43686 0.199493
threshold=-2.7852391004562373 -0.038843464106321328 0.1297283470630646 -4104831.9999999995 0.033063186332583434 12.500000000000002 1.0000000180025095e-35 0.0021285691764205699 0.84745755791664135 174.76799011230472 0.85526448488235485 1.662581264972687 -0.82113832235336293 0.00071428596857003878
decision_type=2 2 2 2 2 2 2 2 2 2 2 2 2 2
left_child=7 6 11 5 -5 -4 -2 10 -9 -10 12 -3 -1 -14
right_child=1 2 3 4 -6 -7 -8 8 9 -11 -12 -13 13 -15
leaf_value=0.011433625960635203 0.0089658706775486898 -0.01375319730384651 0.0017381895264830648 0.0065459959909290807 -0.014263939824353172 0.017017215125879333 -0.011830006637199806 -0.0043029060317072059 0.0039707101589972829 0.019556096918698668 0.0082577383873716111 0.0021159941210264935 0.016413652342089111 0.018773508918526392
leaf_weight=7.1219581067562094 3.0168455988168708 4.2240264713764182 8.297465041279791 468.27053067088127 3.8207657337188712 25.710181176662445 10.430914171040056 3.3530426025390616 5.30427238345146 5.4848300814628601 7.0179487615823737 2.0293450355529785 14.120433598756788 35.300611913204193
leaf_count=14 10 21 28 1431 18 51 78 13 17 7 17 7 19 41
internal_value=0.00740071 0.00630199 0.00665545 0.00684399 0.00637546 0.0133187 -0.00709034 0.0148226 0.00805364 0.0119865 0.0163129 -0.00844341 0.017295 0.0181195
internal_weight=603.503 525.8 512.352 506.099 472.091 34.0076 13.4478 77.7031 14.1421 10.7891 63.561 6.25337 56.543 49.421
internal_count=1772 1644 1556 1528 1449 79 88 128 37 24 91 28 74 60
is_linear=0
shrinkage=0.01


Tree=55
num_leaves=18
num_cat=0
split_feature=56 51 69 3 46 56 2 26 71 20 11 33 46 46 27 1 5
split_gain=38.3999 25.2015 17.072 21.1987 21.293 18.7328 13.6383 24.9259 15.6885 10.2008 6.80889 8.47757 9.23599 2.81151 1.55759 0.411884 0.131728
threshold=-2.3578467369079585 -0.038843464106321328 49.999761581420906 159740.00000000003 -0.78633412718772877 7.1224594116210946 5536681.5000000009 0.0014571420033462348 213502.60156250003 326.15499877929693 44.519998550415046 -0.86402726173400868 -0.43447294831275934 -0.83322542905807484 3390464.0000000005 1981366.5000000002 3328.734985351563
decision_type=2 2 2 2 2 2 2 2 2 2 2 2 2 2 2 2 2
left_child=10 9 6 5 -5 -4 7 -3 -8 -2 15 12 -12 -13 -15 -1 -17
right_child=1 2 3 4 -6 -7 8 -9 -10 -11 11 13 -14 14 -16 16 -18
leaf_value=0.014001379958351948 0.0085882300418978642 0.012540068942041092 0.0086766867362255608 -0.010029925976620136 0.006007333811931902 0.016307776073787257 0.0028191675265397957 0.00042500580218150303 0.010846892162327296 -0.011915501434708953 0.010669282555158801 0.0014796687828911562 -0.014200729752606127 0.011286903695777489 0.017978462045137165 0.019036241370932898 0.016360629867519613
leaf_weight=5.0757910311222068 3.1208285242319098 20.405323535203934 166.16086515784264 9.0673512220382673 90.742157652974129 40.429992094635963 42.873298078775406 102.43232674896717 57.578356951475143 10.255003005266188 3.6608936339616776 1.7924397140741373 2.5177287757396725 7.0720318406820324 10.101541727781294 20.940613925457004 10.326218187808989
leaf_count=8 12 55 444 42 279 75 150 382 159 76 8 5 12 14 13 24 14
internal_value=0.00731399 0.00646269 0.00680597 0.00834275 0.00454038 0.0101749 0.00469271 0.00244565 0.00743057 -0.00705684 0.0148166 0.0107136 0.000373145 0.0140295 0.0152811 0.0176278 0.0181846
internal_weight=604.553 543.066 529.69 306.4 99.8095 206.591 223.289 122.838 100.452 13.3758 61.4873 25.1446 6.17862 18.966 17.1736 36.3426 31.2668
internal_count=1772 1674 1586 840 321 519 746 437 309 88 98 52 20 32 27 46 38
is_linear=0
shrinkage=0.01


Tree=56
num_leaves=18
num_cat=0
split_feature=54 51 2 39 67 1 37 11 10 26 11 69 27 33 35 48 34
split_gain=47.4776 23.822 15.093 18.1376 16.313 22.4618 16.8065 10.1168 9.85866 7.45965 10.903 3.93183 9.43216 1.77095 1.4451 1.41977 0.135024
threshold=-2.7852391004562373 -0.038843464106321328 1134444.5000000002 2.6299754381179814 -2.0167539119720455 1277804.0000000002 1.6521649956703188 1.0000000180025095e-35 0.00052400000276975345 0.0021428558975458149 45.100000381469734 49.999887466430671 -1117183.9999999998 -0.68891632556915272 -1.1960380077362058 -0.31765837967395777 -1.1751509308815
decision_type=2 2 2 2 2 2 2 2 2 2 2 2 2 2 2 2 2
left_child=9 7 3 8 5 -4 -6 -2 -3 11 -11 12 -1 16 -15 -14 -13
right_child=1 2 4 -5 6 -7 -8 -9 -10 10 -12 13 15 14 -16 -17 -18
leaf_value=-0.0010212288704016309 0.0088689564291327249 -0.013311084807664334 0.02646822380244248 0.020587376195320545 0.0092968696688627006 0.0030617780615057842 0.0045238772437253818 -0.011792362847402583 0.0029041299962609328 0.012692909110976109 -0.012694081722224873 0.016665509884058828 0.019430224749303927 0.0093806058656686325 0.016773416303833028 0.012111369392918228 0.018990985112772623
leaf_weight=4.4524694383144405 3.0240030735731116 9.2231199592351931 4.2493780851364127 2.8733374923467627 258.46728394925594 128.95567885041237 104.60752426087856 10.283126063644884 6.1729317605495444 5.8874989002943021 2.3408539891242981 14.661925673484797 6.1233320832252511 5.8069945424795151 6.8126757591962797 6.8499591797590229 24.731896370649341
leaf_count=14 10 49 7 5 690 453 329 78 23 12 13 19 7 11 10 13 29
internal_value=0.00722932 0.00615195 0.00649459 -0.00239134 0.00682372 0.00381597 0.00792445 -0.007022 -0.00674476 0.0145387 0.00534913 0.0156132 0.0113277 0.0170297 0.0134508 0.0156429 0.0181509
internal_weight=605.524 527.856 514.549 18.2694 496.28 133.205 363.075 13.3071 15.3961 77.6676 8.22835 69.4393 17.4258 52.0135 12.6197 12.9733 39.3938
internal_count=1772 1644 1556 77 1479 460 1019 88 72 128 25 103 34 69 21 20 48
is_linear=0
shrinkage=0.01


Tree=57
num_leaves=18
num_cat=0
split_feature=54 51 2 1 27 47 3 12 20 26 59 61 58 47 35 72 43
split_gain=46.727 23.3119 14.9646 23.5723 23.9364 19.3403 15.1476 13.0835 10.0597 7.36415 6.73629 6.03869 3.65718 3.13719 1.15006 0.59186 0.413306
threshold=-2.7852391004562373 -0.038843464106321328 5736459.0000000009 6292192.0000000009 -3915263.9999999995 0.72394561767578136 -140132.49999999997 115309140.00000001 326.15499877929693 0.0021285691764205699 0.84745755791664135 174.76799011230472 396288.00000000006 1.0000000180025095e-35 -1.1960380077362058 -790564.34374999988 22815.360351562504
decision_type=2 2 2 2 2 2 2 2 2 2 2 2 2 2 2 2 2
left_child=9 8 3 4 -3 7 -7 -4 -2 12 -11 -12 15 -14 -15 16 -1
right_child=1 2 5 -5 -6 6 -8 -9 -10 10 11 -13 13 14 -16 -17 -18
leaf_value=0.015367900159690893 0.0085004212860427704 -0.0018894405390135036 0.0088027788208835406 -0.014166778062234403 0.0064960758603807489 0.004515298568298614 -0.01390901756425556 0.019732154026823785 -0.011879224587906797 -0.0044084705387646937 0.0037781602675938794 0.019007901870812888 0.0056955841164466727 0.011316432023126315 0.017774916192129685 0.014444124427310636 0.018961531746948347
leaf_weight=7.673397257924079 3.1270307451486579 39.110619366168976 180.66242694854736 6.2798720598220816 253.7682970315218 18.001638591289524 5.9327180236577979 11.839914903044699 10.108794324100016 3.360255315899848 5.3175598084926587 5.4984109401702881 5.839978456497195 6.629287764430047 7.2515922933816883 8.1438556909561139 27.920193493366241
leaf_count=11 12 150 503 30 766 57 29 21 76 13 17 7 14 12 9 13 32
internal_value=0.00714597 0.00607917 0.00641658 0.00495936 0.00537287 0.00842613 -9.83967e-06 0.00948019 -0.00698888 0.0143999 0.00774467 0.0116128 0.0158709 0.0121282 0.0147625 0.0175356 0.0182149
internal_weight=606.466 528.831 515.595 299.159 292.879 216.437 23.9344 192.502 13.2358 77.6345 14.1762 10.816 63.4583 19.7209 13.8809 43.7374 35.5936
internal_count=1772 1644 1556 946 916 610 86 524 88 128 37 24 91 35 21 56 43
is_linear=0
shrinkage=0.01


Tree=58
num_leaves=17
num_cat=0
split_feature=56 51 61 67 50 51 5 39 25 36 65 49 42 38 7 38
split_gain=36.625 23.611 17.0497 20.9353 20.8763 19.5804 17.2868 14.8598 9.97384 4.0915 5.84164 2.1549 3.61596 1.46695 1.26331 0.389661
threshold=-2.3578467369079585 -0.038843464106321328 162.2011413574219 6.2982637882232675 -0.010593718383461235 0.031260221265256412 640731.31250000012 1.5586454272270205 89.000000000000014 -1.14238566160202 -3.0032188957918034e-09 -0.33678741753101343 -0.00075643500895239402 0.85907235741615307 1.7077021002769472 -1.6809351444244383
decision_type=2 2 2 2 2 2 2 2 2 2 2 2 2 2 2 2
left_child=9 8 3 5 7 -3 -6 -4 -2 14 -11 12 -12 -13 -1 -16
right_child=1 2 4 -5 6 -7 -8 -9 -10 10 11 13 -14 -15 15 -17
leaf_value=0.010395220632417393 -0.01175578403343228 0.0045700052306876645 -0.013553362458152824 -0.013916158407735135 0.0086519429751537869 0.013375335215630476 0.022088614119011137 0.016170745945503363 0.0087740527728146066 0.00169446834423655 0.017918577115866571 0.012667754974893627 0.0048024732122177267 0.019654056632433383 0.018778634671505059 0.015357247838078876
leaf_weight=3.3751493096351615 10.136864326894282 274.25346034765244 6.817046791315077 5.6959744393825522 205.75570294260979 27.984021589159966 10.155361622571943 2.2079674750566483 3.0308610349893561 5.1456041485071209 3.4858126640319824 7.4594149738550133 6.0680588185787254 7.2116595208644867 19.138965010643005 9.4946657270193118
leaf_count=6 78 870 35 28 567 65 16 5 10 14 4 13 16 9 22 14
internal_value=0.00706346 0.00623696 0.0065648 0.00502826 0.00866386 0.0053886 0.00928857 -0.00617056 -0.00695442 0.0143999 0.0115951 0.0136568 0.00969267 0.0161701 0.0169423 0.0176791
internal_weight=607.417 546.037 532.87 307.933 224.936 302.237 215.911 9.02501 13.1677 61.3793 29.3706 24.2249 9.55387 14.6711 32.0088 28.6336
internal_count=1772 1674 1586 963 623 935 583 40 88 98 56 42 20 22 42 36
is_linear=0
shrinkage=0.01


Tree=59
num_leaves=14
num_cat=0
split_feature=56 51 61 19 67 2 50 18 11 27 11 21 61
split_gain=36.062 23.104 16.6207 20.6701 20.5567 22.308 19.5952 9.95256 6.63364 6.97803 14.2629 3.66734 0.749459
threshold=-2.3578467369079585 -0.038843464106321328 162.2011413574219 14088.709960937502 6.2982637882232675 5536681.5000000009 -0.010593718383461235 664.50000000000011 44.519998550415046 3390464.0000000005 54.404998779296882 -5081.9999999999991 187.1335144042969
decision_type=2 2 2 2 2 2 2 2 2 2 2 2 2
left_child=8 7 4 6 5 -3 -4 -2 12 10 11 -10 -1
right_child=1 2 3 -5 -6 -7 -8 -9 9 -11 -12 -13 -14
leaf_value=0.014063438438060663 0.0084582491615495577 0.0023017717799532927 -0.0057744562268585041 -0.014363212586437718 -0.013859144220494174 0.0077731481485328558 0.0095556643797680713 -0.011845757542748763 0.0066794629818863419 0.016585955931254441 -0.0086059287937832341 0.019148168286810707 0.018039897883474647
leaf_weight=9.268830329179762 3.1270251125097266 135.6444746106863 8.5949802398681623 3.8346550166606894 5.6623811423778525 167.12912136316299 213.06868033111095 9.9700317084789258 5.5704888403415671 10.325791016221045 4.674474135041236 4.5949531495571163 26.913124918937683
leaf_count=15 12 459 38 18 28 476 567 76 14 14 18 6 31
internal_value=0.00698184 0.0061633 0.00648613 0.00855573 0.0049698 0.00532524 0.00895673 -0.00692166 0.0142644 0.0102214 0.00572541 0.0124139 0.0170489
internal_weight=608.379 547.031 533.934 225.498 308.436 302.774 221.664 13.0971 61.3477 25.1657 14.8399 10.1654 36.182
internal_count=1772 1674 1586 623 963 935 605 88 98 52 38 20 46
is_linear=0
shrinkage=0.01


Tree=60
num_leaves=17
num_cat=0
split_feature=54 51 2 35 61 50 67 60 11 11 66 42 61 31 7 12
split_gain=44.8248 21.8377 14.7162 17.7034 15.8294 20.8276 19.1065 11.855 9.83333 6.34599 8.32978 2.71877 6.07108 2.10133 4.01828 1.29656
threshold=-2.7852391004562373 -0.038843464106321328 1134444.5000000002 2.158980250358582 162.2011413574219 -0.010593718383461235 6.2982637882232675 0.0028142032679170374 1.0000000180025095e-35 45.100000381469734 -0.0011025744024664161 -0.00089750002371147264 232.75396728515628 -4.8611016273498526 1.0000000180025095e-35 79709596.000000015
decision_type=2 2 2 2 2 2 2 2 2 2 2 2 2 2 2 2
left_child=9 8 3 7 6 -6 -4 -3 -2 13 -11 -12 -13 -1 -15 -16
right_child=1 2 4 -5 5 -7 -8 -9 -10 10 11 12 -14 14 15 -17
leaf_value=0.018153389533628071 0.0086808305403704919 -0.010778681893613092 0.005407858949211624 0.01999424724321874 -0.0060842849355626149 0.0094497301745167812 -0.013803676522839502 0.012692129577954432 -0.011720171924780988 -0.0018885358232945332 0.019282640173680414 0.0017786760655376889 0.01409687093691246 0 0.018491680049167309 0.012096581713390188
leaf_weight=28.88700096309185 3.0374435633420935 12.945426478981974 299.24699911475182 2.9076339751482001 8.9695992916822416 186.88948503136635 5.2393948733806601 2.5451948493719092 9.992146819829939 4.5479770749807384 5.2378380298614529 5.6403378695249584 15.621562391519545 1.8481908291578317 7.1850985139608374 8.5592652261257154
leaf_count=34 10 65 917 5 40 496 26 7 78 15 6 18 26 5 9 15
internal_value=0.00690153 0.00586266 0.00618484 -0.00255974 0.00650839 0.00873323 0.005074 -0.00685774 -0.00688756 0.0140144 0.0104245 0.0125755 0.0108761 0.0163909 0.0134401 0.0150786
internal_weight=609.301 531.773 518.744 18.3983 500.345 195.859 304.486 15.4906 13.0296 77.5273 31.0477 26.4997 21.2619 46.4796 17.5926 15.7444
internal_count=1772 1644 1556 77 1479 536 943 72 88 128 65 50 44 63 29 24
is_linear=0
shrinkage=0.01


Tree=61
num_leaves=17
num_cat=0
split_feature=54 51 2 1 27 46 3 45 18 26 3 58 11 27 69 28
split_gain=44.124 21.3752 14.4958 22.9114 23.1741 15.6133 18.2614 13.7361 9.81579 7.2272 6.52194 3.56686 2.97928 6.93754 0.669995 0.223852
threshold=-2.7852391004562373 -0.038843464106321328 5736459.0000000009 6292192.0000000009 -3915263.9999999995 -0.61913523077964772 439592.00000000006 -0.60022974014282215 664.50000000000011 0.0021285691764205699 -480419.99999999994 396288.00000000006 44.519998550415046 -1117183.9999999998 49.999887466430671 -1718.9374999999998
decision_type=2 2 2 2 2 2 2 2 2 2 2 2 2 2 2 2
left_child=9 8 3 4 -3 6 -4 -7 -2 11 -11 14 -13 -14 -1 -16
right_child=1 2 5 -5 -6 7 -8 -9 -10 10 -12 12 13 -15 15 -17
leaf_value=0.013844748562284728 0.0083730331846124297 -0.0020393039005640315 0.0059557098700966172 -0.014177222318017851 0.0061867900686283228 -0.014264312809295122 -0.010073242203248583 0.009788258979711013 -0.011811515043373633 -0.0017624260641193273 0.01227704359400968 0.017653520539426908 -0.0013253329496551165 0.013792844676007707 0.015374942156496549 0.018396073206036562
leaf_weight=8.3415714800357801 3.1327016204595557 39.338462933897972 36.522436425089836 6.2791851311922064 255.84838108718395 2.3742385506629935 8.7910719215869886 170.56010736525059 9.8268649503588659 4.9651882499456397 9.2777102887630445 6.0652799010276821 4.3385282605886486 9.2869527935981697 8.2771915793418831 26.927109062671665
leaf_count=14 12 150 109 30 766 11 40 450 76 18 19 7 13 15 11 31
internal_value=0.00682296 0.00579413 0.00611147 0.00468257 0.00508714 0.00808064 0.00282394 0.00945226 -0.00685516 0.0138833 0.00731256 0.0153474 0.011651 0.00890563 0.0169959 0.0177142
internal_weight=610.153 532.673 519.714 301.466 295.187 218.248 45.3135 172.934 12.9596 77.4795 14.2429 63.2366 19.6908 13.6255 43.5459 35.2043
internal_count=1772 1644 1556 946 916 610 149 461 88 128 37 91 35 28 56 42
is_linear=0
shrinkage=0.01


Tree=62
num_leaves=18
num_cat=0
split_feature=54 51 2 39 67 38 1 20 10 26 59 61 11 27 13 70 43
split_gain=43.4544 20.9224 14.3452 17.3144 15.741 23.6025 21.6292 9.72219 9.58371 7.13146 6.48462 5.94343 3.45882 7.33403 4.77719 1.98143 0.0710599
threshold=-2.7852391004562373 -0.038843464106321328 1134444.5000000002 2.6299754381179814 -2.0167539119720455 -1.4547275900840757 1277804.0000000002 326.15499877929693 0.00052400000276975345 0.0021285691764205699 0.84745755791664135 174.76799011230472 53.375000000000007 3390464.0000000005 94455104.000000015 69440.699218750015 61517.654296875007
decision_type=2 2 2 2 2 2 2 2 2 2 2 2 2 2 2 2 2
left_child=9 7 3 8 6 -6 -4 -2 -3 12 -11 -12 15 14 -14 -1 -17
right_child=1 2 4 -5 5 -7 -8 -9 -10 10 11 -13 13 -15 -16 16 -18
leaf_value=0.0073463070851167503 0.0082984233447873177 -0.013331698098565728 0.025441373664578545 0.019667860490436825 0.012500192307050578 0.0061546105348219493 0.0026848135104242067 -0.011790884258527944 0.0025889791105140193 -0.0046441432874325325 0.0033005489512396408 0.018362188302001148 0.010128060235725829 0.017005084274722641 -0.0057715360030911383 0.015478148150071014 0.017788817638572721
leaf_weight=2.4949321299791327 3.1394737958908072 9.2462084293365496 4.3287183344364157 2.9170478880405417 73.817979261279106 293.54287353157997 130.59023919701576 9.7532476112246496 6.2429947406053534 3.3865495920181266 5.3613059818744642 5.5076213032007217 4.8593423366546658 10.064894482493399 3.0087511390447617 10.249370619654654 32.485286548733711
leaf_count=5 12 49 7 5 174 845 453 76 23 13 17 7 10 13 10 14 39
internal_value=0.00674535 0.00572632 0.00603893 -0.00259328 0.00635725 0.00743242 0.00342234 -0.00682142 -0.00685023 0.0137558 0.00723228 0.0110248 0.0152123 0.0113202 0.00392097 0.0167334 0.017258
internal_weight=610.997 533.579 520.686 18.4063 502.28 367.361 134.919 12.8927 15.4892 77.4181 14.2555 10.8689 63.1626 17.933 7.86809 45.2296 42.7347
internal_count=1772 1644 1556 77 1479 1019 460 88 72 128 37 24 91 33 20 58 53
is_linear=0
shrinkage=0.01


Tree=63
num_leaves=16
num_cat=0
split_feature=54 51 12 69 20 27 11 42 43 26 59 61 36 47 18
split_gain=42.8153 20.4818 14.0768 15.974 16.7846 15.995 9.68261 9.22312 13.3515 7.02222 6.35249 5.8261 4.7589 2.48999 0.260763
threshold=-2.7852391004562373 -0.038843464106321328 121943804.00000001 1.0000000180025095e-35 406.82000732421881 -1987583.9999999998 1.0000000180025095e-35 -0.00062350000371225167 463694.03125000006 0.0021285691764205699 0.84745755791664135 174.76799011230472 0.85526448488235485 -0.82113832235336293 879.50000000000011
decision_type=2 2 2 2 2 2 2 2 2 2 2 2 2 2 2
left_child=9 6 3 4 -3 -5 -2 -4 -9 12 -11 -12 13 -1 -15
right_child=1 2 7 5 -6 -7 -8 8 -10 10 11 -13 -14 14 -16
leaf_value=0.01020850094339632 0.008616329753367194 -0.0086101120305430243 0.022794083446740113 0.0085847739779826484 0.0036330461087414724 0.0046324555479139223 -0.011673099516414556 -0.0056836882030000041 0.020629632271344667 -0.0046045104191567536 0.0032646887026832605 0.018175543186694589 0.0071242750512391729 0.01354108947577095 0.01726112502319592
leaf_weight=7.1671563833951941 3.0389443635940543 13.014617487788199 8.1177894026041013 196.73882739245892 78.92334221303463 217.18828038871288 9.7871991544961912 3.8475372940301886 3.7819948345422745 3.3815673589706412 5.3659701943397504 5.5085321366786957 7.1207559406757346 4.7996527254581443 43.994187995791435
leaf_count=14 10 59 12 537 266 661 78 15 6 13 17 7 17 7 53
internal_value=0.00666947 0.00565991 0.00596792 0.00567493 0.00188904 0.0065134 -0.00678789 0.0153163 0.00722888 0.013633 0.00715964 0.0109098 0.0150801 0.0160745 0.0169157
internal_weight=611.776 534.439 521.612 505.865 91.938 413.927 12.8261 15.7473 7.62953 77.3378 14.2561 10.8745 63.0818 55.961 48.7938
internal_count=1772 1644 1556 1523 325 1198 88 33 21 128 37 24 91 74 60
is_linear=0
shrinkage=0.01


Tree=64
num_leaves=25
num_cat=0
split_feature=61 50 25 29 28 2 65 15 56 9 8 22 29 2 65 37 53 2 44 22 10 41 41 47
split_gain=33.5588 26.4354 24.6415 26.3158 20.855 20.4044 33.773 32.3431 20.328 23.552 20.1956 26.1265 18.8431 17.193 16.2767 16.0771 14.2402 12.883 11.7719 11.68 11.5396 15.6157 10.9557 7.44473
threshold=169.38391113281253 -0.010593718383461235 13797.500000000002 0.55544716119766246 412.56250000000006 5536681.5000000009 0.22473284602165225 0.99997499585151683 -0.27904695272445673 213256416.00000003 1.1613984704017641 621.65499877929699 0.35322564840316778 42563072.000000007 0.56836912035942089 -1.5250326991081236 0.20390944927930835 7965385.0000000009 1693188.0000000002 44077.054687500007 0.00069950000033713888 -0.79388865828514088 -1.9727571606636045 -0.28714397549629206
decision_type=2 2 2 2 2 2 2 2 2 2 2 2 2 2 2 2 2 2 2 2 2 2 2 2
left_child=5 13 3 22 -5 6 10 14 16 12 11 -1 -10 -2 -8 -9 23 -18 -11 -12 21 -4 -3 -7
right_child=1 2 20 4 -6 8 7 15 9 18 19 -13 -14 -15 -16 -17 17 -19 -20 -21 -22 -23 -24 -25
leaf_value=0.0085424036032075018 -0.013195678767712153 0.003778540893968051 -0.014916534353398634 0.0082893205803163186 -0.0098622773974425034 0.0086574708854104641 0.011170361882248157 0.023880050961815207 -0.0065380710704237956 0.013203105779755539 -0.01051174826898903 -0.0042091455575786084 0.0045937484322105641 0.019441397135811063 -0.0019602833776679787 0.0036719262614006917 0.013194483454620889 -0.014518075386872812 -0.0051427854803416306 0.011926564008138298 0.019636498220511944 0.003379500183238023 0.014784882973643488 0.020161991115443655
leaf_weight=28.221549510955811 8.0008147805929166 10.043103173375128 6.1718838959932389 84.391813635826111 6.7937368750572196 8.3536887764930743 14.491738885641096 14.191166266798975 17.878232158720493 39.10028387606144 27.569030940532688 37.224983468651772 99.684205457568169 2.0025823935866347 26.834533527493477 5.6203672587871543 3.6949908137321463 3.0675092339515686 3.7583400532603255 2.4921709895133963 3.0079613029956809 18.997396498918533 121.12535330653191 19.837335824966431
leaf_count=83 45 28 28 226 28 22 36 21 79 94 125 150 312 5 96 18 9 14 16 6 6 61 231 33
internal_value=0.00659443 0.00931885 0.00995695 0.0110739 0.00692598 0.00457522 0.00187759 0.00768425 0.00673298 0.00521722 -0.00182897 0.00127424 0.00289238 -0.00656209 0.00262 0.0181976 0.013661 0.000476032 0.011571 -0.00861827 0.00110743 -0.00106723 0.0139498 0.0167884
internal_weight=612.555 260.535 250.531 222.354 91.1856 352.02 156.646 61.1378 195.375 160.421 95.5077 65.4465 117.562 10.0034 41.3263 19.8115 34.9535 6.7625 42.8586 30.0612 28.1772 25.1693 131.168 28.191
internal_count=1772 658 608 513 254 1114 535 171 579 501 364 233 391 50 132 39 78 23 110 131 95 89 259 55
is_linear=0
shrinkage=0.01


Tree=65
num_leaves=16
num_cat=0
split_feature=54 51 2 41 61 67 5 20 26 7 34 36 41 47 18
split_gain=41.6042 19.8899 13.9441 17.2293 15.1712 18.3969 17.3733 9.55939 6.89523 6.50201 6.06711 4.73689 4.04157 2.48974 0.25372
threshold=-2.7852391004562373 -0.038843464106321328 1134444.5000000002 -1.2111390829086301 162.2011413574219 6.2982637882232675 640731.31250000012 326.15499877929693 0.0021285691764205699 2.1522924900054936 0.82414671778678905 0.85526448488235485 -0.42636552453041071 -0.82113832235336293 879.50000000000011
decision_type=2 2 2 2 2 2 2 2 2 2 2 2 2 2 2
left_child=8 7 3 -3 5 -4 -6 -2 11 -10 -5 13 -11 -1 -15
right_child=1 2 4 10 6 -7 -8 -9 9 12 -12 -13 -14 14 -16
leaf_value=0.0099716558623187158 0.0081687724039736492 0.013622363097365487 0.0050695136173824632 -0.013171510857288168 0.007606219121517958 -0.013795907175367135 0.020990203588934452 -0.011761347466508497 -0.0044764590735339787 0.017818871942505785 0.00072563310807751975 0.0069105024778159966 0.0051254677334979784 0.013324317117028193 0.017013752150481697
leaf_weight=7.1745893210172644 3.1491452008485785 4.7656988352537182 301.92842899262905 9.0756189823150617 187.42314232885838 5.2314797490835181 10.331125959753988 9.6178308799862844 3.5834204852581015 4.7990133315324774 4.6025836318731299 7.1406699717044821 5.8847765177488318 4.782543182373046 43.821479886770248
leaf_count=14 12 11 917 49 520 26 16 76 15 7 17 17 15 7 53
internal_value=0.00652039 0.00552897 0.00583083 -0.00267187 0.0061434 0.00474495 0.00831049 -0.00676699 0.0133937 0.00698344 -0.00842215 0.0148314 0.0109208 0.0158275 0.0166713
internal_weight=613.312 536.125 523.358 18.4439 504.914 307.16 197.754 12.767 77.1865 14.2672 13.6782 62.9193 10.6838 55.7786 48.604
internal_count=1772 1644 1556 77 1479 943 536 88 128 37 66 91 22 74 60
is_linear=0
shrinkage=0.01


Tree=66
num_leaves=22
num_cat=0
split_feature=54 67 24 24 65 45 27 68 58 38 10 28 13 41 11 65 48 3 61 41 67
split_gain=41.007 19.6426 20.5908 23.1907 20.9764 18.694 16.7944 23.6417 38.5535 18.6345 15.7606 18.703 14.4953 11.3248 6.25683 7.19049 5.73454 2.52035 2.01474 1.42507 0.744135
threshold=-2.7852391004562373 -2.2986534833908077 34.500000000000007 12.500000000000002 -1.1366977691650388 -0.46722804009914393 -1987583.9999999998 49.802135467529304 -671231.99999999988 -1.4116939306259153 -0.00045689499529544259 877.31250000000011 125488684.00000001 1.8787492513656618 45.100000381469734 -3.0032188957918034e-09 -0.47372651100158686 -265425.49999999994 179.20005798339847 -0.36043658852577204 -0.62533572316169728
decision_type=2 2 2 2 2 2 2 2 2 2 2 2 2 2 2 2 2 2 2 2 2
left_child=14 2 3 4 -2 -5 10 8 -8 -9 12 -12 -3 16 18 -16 -4 -17 -1 -19 -20
right_child=1 6 13 5 -6 -7 7 9 -10 -11 11 -13 -14 -15 15 17 -18 19 20 -21 -22
leaf_value=0.010725088225295186 0.0027774030160808072 0.0098229402729252107 0.0047416007312679883 -0.013483189382790068 -0.011449135713107191 0.01039043674391992 0.010249883938479032 0.014473121988098851 -0.012632288266341225 0.0049152244563281308 0.0073218732121740739 -0.015210846054865246 0.020362310255573359 0.0055092723816268264 -0.00011656932388746874 0.0066926965434084282 -0.013692540000851601 0.010905388199563921 0.013082716893099606 0.017038802533080245 0.017430918693973913
leaf_weight=7.9952379465103141 45.095059789717197 48.159954279661179 1.8402527123689658 3.4879463389515868 13.448870882391928 47.477403983473778 12.294340051710607 23.201596111059189 18.277412287890911 178.29340287297964 104.46903997659683 3.7907087355852118 18.334126234054565 5.2257894426584235 5.8323659598827389 7.0620347261428895 13.543610826134682 8.9661825150251442 6.9750037491321555 9.1736078411340625 31.085638403892517
leaf_count=15 167 122 7 19 63 140 32 50 84 533 290 17 31 18 18 18 71 17 11 12 37
internal_value=0.00644769 0.00546533 0.00207211 0.0038038 -0.000473675 0.00873696 0.00654817 0.0047757 -0.00339758 0.00602075 0.00889621 0.00652365 0.012744 -0.00708068 0.013277 0.00972061 -0.0114224 0.0120369 0.0156517 0.0140623 0.0166603
internal_weight=614.03 536.94 130.119 109.509 58.5439 50.9654 406.821 232.067 30.5718 201.495 174.754 108.26 66.4941 20.6097 77.0901 31.0342 15.3839 25.2018 46.0559 18.1398 38.0606
internal_count=1772 1644 485 389 230 159 1159 699 116 583 460 307 153 96 128 65 78 47 63 29 48
is_linear=0
shrinkage=0.01


Tree=67
num_leaves=21
num_cat=0
split_feature=54 67 24 24 65 48 38 61 67 70 39 41 33 26 38 72 48 36 46 71
split_gain=40.3958 19.177 20.1957 22.632 20.639 16.3401 15.2998 18.3015 17.3131 14.2286 16.5195 11.1669 9.92468 6.83716 6.01752 12.2725 5.67506 4.70192 2.08365 0.384554
threshold=-2.7852391004562373 -2.2986534833908077 34.500000000000007 12.500000000000002 -1.1366977691650388 -0.45644378662109369 -1.4547275900840757 503.94265747070318 6.2982637882232675 110637.89453125001 0.89255020022392284 1.8787492513656618 -1.3473889231681822 0.0021285691764205699 -1.2833597660064695 -891652.12499999988 -0.47372651100158686 0.85526448488235485 0.42625190317630773 117465.73828125001
decision_type=2 2 2 2 2 2 2 2 2 2 2 2 2 2 2 2 2 2 2 2
left_child=13 2 3 4 -2 -5 9 8 -8 10 -3 16 -11 17 -15 -16 -4 18 19 -1
right_child=1 6 11 5 -6 -7 7 -9 -10 12 -12 -13 -14 14 15 -17 -18 -19 -20 -21
leaf_value=0.014541989726588107 0.0027465750663127459 0.0087605846621997985 0.00468418268478749 -0.0048515190030597238 -0.01138934940840489 0.010986302145574642 0.0056185985622408318 0.019805232450197333 -0.0047393763944116683 0.018318091878538702 -0.0096925848948034871 0.005442558836666095 0.0098169867178558908 0.012822360374945869 -0.014127633591749464 0.013091045412599419 -0.013641755928744115 0.0067161792310913328 0.011140521385676521 0.017316001910936078
leaf_weight=13.008240029215811 45.14494963735342 17.500560685992244 1.8441625460982329 7.5648959651589385 13.384596303105353 43.555154286324978 294.91226504743099 8.6941893845796567 16.965791568160057 21.327652111649513 6.6708766967058173 5.2368908897042266 41.474830292165279 7.659291535615921 3.2352145612239838 3.3934223204851133 13.45851594209671 7.1555484086275092 9.9955882728099805 32.561132252216339
leaf_count=18 167 48 7 33 63 126 858 14 65 38 28 18 108 14 16 7 71 17 18 38
internal_value=0.00637585 0.00540262 0.00205012 0.00376072 -0.000468957 0.00862301 0.0064711 0.00545517 0.00505193 0.0102042 0.00362647 -0.00703312 0.0127199 0.0131588 0.00678389 -4.26151e-05 -0.0113679 0.014595 0.0155917 0.0165461
internal_weight=614.744 537.735 130.189 109.65 58.5295 51.1201 407.546 320.572 311.878 86.9739 24.1714 20.5396 62.8025 77.0084 14.2879 6.62864 15.3027 62.7205 55.565 45.5694
internal_count=1772 1644 485 389 230 159 1159 937 923 222 76 96 146 128 37 23 78 91 74 56
is_linear=0
shrinkage=0.01


Tree=68
num_leaves=15
num_cat=0
split_feature=54 51 2 1 50 47 3 12 11 26 3 36 47 18
split_gain=39.8381 19.2641 13.7645 22.0912 21.3052 17.8744 14.3277 12.2763 9.46714 6.73564 6.17983 4.65146 2.49652 0.26041
threshold=-2.7852391004562373 -0.038843464106321328 5736459.0000000009 6292192.0000000009 -0.010067666880786417 0.72394561767578136 -140132.49999999997 115309140.00000001 1.0000000180025095e-35 0.0021285691764205699 -480419.99999999994 0.85526448488235485 -0.82113832235336293 879.50000000000011
decision_type=2 2 2 2 2 2 2 2 2 2 2 2 2 2
left_child=9 8 3 4 -3 7 -7 -4 -2 11 -11 12 -1 -14
right_child=1 2 5 -5 -6 6 -8 -9 -10 10 -12 -13 13 -15
leaf_value=0.0096186482745543121 0.0083793399920314201 -0.0060390179907925494 0.0078936544188367621 -0.014236340637668153 0.0053131023603435771 0.0038306878175039015 -0.013996299922296054 0.018363978649678234 -0.011654807790634396 -0.0021068490030881175 0.01154665175819007 0.0066429244434482526 0.012960696364382905 0.016661857154847616
leaf_weight=7.1805420368909827 3.058592125773429 17.484127208590508 184.53434318304062 6.3031246215105048 281.0527122169733 18.335198834538463 5.9725499451160422 12.09834612905979 9.6901479512453061 4.9769188016653052 9.3050318956375104 7.1620785295963278 4.7492883354425421 43.518277585506439
leaf_count=14 10 76 503 30 840 57 29 21 78 18 19 17 7 53
internal_value=0.00630519 0.00534066 0.00563621 0.00425122 0.0046449 0.00754261 -0.000508364 0.00854295 -0.00676991 0.0130475 0.00671871 0.0144752 0.0154688 0.0163184
internal_weight=615.421 538.529 525.78 304.84 298.537 220.94 24.3077 196.633 12.7487 76.8921 14.282 62.6102 55.4481 48.2676
internal_count=1772 1644 1556 946 916 610 86 524 88 128 37 91 74 60
is_linear=0
shrinkage=0.01


Tree=69
num_leaves=22
num_cat=0
split_feature=54 67 24 24 66 27 68 58 60 10 28 8 13 41 26 59 61 28 36 47 1
split_gain=39.2737 18.6487 19.7634 21.9891 20.359 16.1449 23.017 37.7054 18.1941 15.2745 18.2574 15.2355 14.0003 10.9658 6.6562 6.08629 5.57347 5.06864 4.60293 2.47999 0.256141
threshold=-2.7852391004562373 -2.2986534833908077 34.500000000000007 12.500000000000002 -1.9332200288772581 -1987583.9999999998 49.802135467529304 -671231.99999999988 0.033063186332583434 -0.00045689499529544259 877.31250000000011 1.255946218967438 125488684.00000001 1.8787492513656618 0.0021285691764205699 0.84745755791664135 174.76799011230472 877.31250000000011 0.85526448488235485 -0.82113832235336293 2357245.5000000005
decision_type=2 2 2 2 2 2 2 2 2 2 2 2 2 2 2 2 2 2 2 2 2
left_child=14 2 3 4 -2 9 7 -7 -8 12 -11 -5 -3 17 18 -16 -17 -4 19 -1 -21
right_child=1 5 13 11 -6 6 8 -9 -10 10 -12 -13 -14 -15 15 16 -18 -19 -20 20 -22
leaf_value=0.0095200109199670823 0.0020870684601655941 0.0095357816702948978 -0.013573696951329541 0.012447986269754869 -0.013822187794178828 0.0099716572081992323 0.0062651501964533143 -0.012619365452368209 -0.014480043894026516 0.0070795234634040286 -0.015195180877896394 0.00097112229953512407 0.019855237661825766 0.005303916394584207 -0.0048278260210918213 0.0028706129366065452 0.017442825368087542 0.0032315237436750699 0.0065706731849021639 0.014197092056237317 0.016785176063550854
leaf_weight=7.1823813468217841 48.974450714886189 48.450722932815552 13.273754775524141 33.33672109991312 9.618655398488043 12.371066652238371 198.16193985939026 18.258357040584087 4.2915209680795661 105.04669039696455 3.7860395908355704 18.014242827892303 18.484026163816452 5.2566764801740637 3.4026339352130881 5.3862333893775922 5.5009248852729797 1.9684327393770207 7.168392911553382 11.318193972110747 36.824612662196159
leaf_count=14 182 122 71 91 48 32 563 84 20 290 17 68 31 18 13 17 7 7 17 16 44
internal_value=0.00623551 0.00527968 0.00197634 0.00366306 -0.000507531 0.00633116 0.00459632 -0.00346232 0.00582046 0.00862601 0.00629545 0.0084413 0.0124004 -0.00702146 0.0129358 0.00664713 0.0103253 -0.0113378 0.0143578 0.0153487 0.0161975
internal_weight=616.077 539.293 130.443 109.944 58.5931 408.85 233.083 30.6294 202.453 175.767 108.833 51.351 66.9347 20.4989 76.7834 14.2898 10.8872 15.2422 62.4936 55.3252 48.1428
internal_count=1772 1644 485 389 230 1159 699 116 583 460 307 159 153 96 128 37 24 78 91 74 60
is_linear=0
shrinkage=0.01


Tree=70
num_leaves=17
num_cat=0
split_feature=54 51 12 13 34 2 44 20 18 26 59 61 36 47 27 18
split_gain=38.7388 18.7569 13.409 15.4124 29.9437 16.9863 15.066 18.5077 9.42372 6.56339 5.96611 5.47114 4.55634 2.4646 2.12264 0.257494
threshold=-2.7852391004562373 -0.038843464106321328 107233396.00000001 49356942.000000007 -1.2354001402854917 1286421.5000000002 275128.79687500006 5716.2600097656259 664.50000000000011 0.0021285691764205699 0.84745755791664135 174.76799011230472 0.85526448488235485 -0.82113832235336293 -10226687.999999998 879.50000000000011
decision_type=2 2 2 2 2 2 2 2 2 2 2 2 2 2 2 2
left_child=9 8 3 5 -5 -3 7 -4 -2 12 -11 -12 13 -1 -8 -15
right_child=1 2 6 4 -6 -7 14 -9 -10 10 11 -13 -14 15 -16 -17
leaf_value=0.0094228239902056192 0.0080313913381042309 -0.002478646617046251 -0.014177572626465565 -0.0084327562563361498 0.0042470406270990486 0.0068519267468179672 0.022819987796197518 0.011054121341451393 -0.011752834386353467 -0.004786673468220864 0.0028399118036635824 0.017279693332427987 0.0064994036988572203 0.012735997311113918 0.015059708389082077 0.016421620647956998
leaf_weight=7.1838874965906134 3.1583124548196784 20.614892020821571 4.012285202741622 21.634248167276382 132.30019479990005 319.87446264922619 6.1676713973283794 10.390594184398649 9.5417223796248418 3.3975939601659766 5.3899975419044477 5.4973460733890533 7.1744967848062506 4.7268995642662039 12.334107235074041 43.285249918699265
leaf_count=14 12 82 19 90 404 903 8 25 76 13 17 7 17 7 25 53
internal_value=0.00616714 0.00521972 0.00550999 0.00509504 0.0024585 0.00628407 0.0117147 0.00395577 -0.00675405 0.0128285 0.00658291 0.0102228 0.0142429 0.0152313 0.0177007 0.0160796
internal_weight=616.684 540.028 527.328 494.424 153.934 340.489 32.9047 14.4029 12.7 76.6555 14.2849 10.8873 62.3705 55.196 18.5018 48.0121
internal_count=1772 1644 1556 1479 494 985 77 44 88 128 37 24 91 74 33 60
is_linear=0
shrinkage=0.01


Tree=71
num_leaves=17
num_cat=0
split_feature=54 10 50 20 53 61 10 65 39 8 31 69 11 10 44 59
split_gain=38.2436 17.9523 16.8238 15.5224 16.4007 15.9561 14.4 14.0882 13.8579 11.4563 6.27239 15.3458 11.6926 9.5841 4.78311 3.78761
threshold=-1.5326034426689146 0.0019445000216364863 -0.013425439596176146 48022.935546875007 -0.10450282692909239 169.38391113281253 0.00087839498883113276 -0.35843783617019648 0.63747629523277294 1.8913999795913699 -1.2341547012329099 33.333234786987312 57.969999313354499 -0.00028138999186921859 35528.548828125007 0.90781107544898998
decision_type=2 2 2 2 2 2 2 2 2 2 2 2 2 2 2 2
left_child=7 2 6 5 -5 -4 8 9 -2 -1 11 -9 13 -12 -14 -13
right_child=1 -3 3 4 -6 -7 -8 10 -10 -11 12 15 14 -15 -16 -17
leaf_value=-0.014031208144675116 -0.011032125770976368 -0.014879138732479296 0.0038169228561759907 -0.0055126485764587308 0.016777214864890568 0.007689391032967766 0.020494657667310498 -0.00021531667688683774 0.0016811402431514938 0.014042465596312304 0.0064996896024409247 0.01441211399903301 -0.00056945010535162433 -0.015544876886945187 0.015604205344253752 0.020133166286716599
leaf_weight=3.6272179409861556 12.819828324019907 4.4596751704812041 277.63232685625553 3.8229603022336986 21.555384337902069 174.3912985175848 2.9177457094192496 6.0312485247850409 25.603175386786461 2.4063088148832321 6.5137645155191422 36.185961574316025 1.9423756450414682 2.8275991678237933 15.283785119652746 19.271916538476944
leaf_count=18 66 21 871 15 43 475 6 18 98 6 15 53 6 13 23 25
internal_value=0.00609949 0.00504066 0.00521384 0.00574407 0.0133801 0.00531314 -0.000885065 0.0119767 -0.00253461 -0.00266904 0.0129915 0.0147705 0.00883665 -6.60753e-05 0.0137225 0.0164182
internal_weight=617.293 523.202 518.743 477.402 25.3783 452.024 41.3407 94.0902 38.423 6.03353 88.0567 61.4891 26.5675 9.34136 17.2262 55.4579
internal_count=1772 1595 1574 1404 58 1346 170 177 164 24 153 96 57 28 29 78
is_linear=0
shrinkage=0.01


Tree=72
num_leaves=17
num_cat=0
split_feature=54 51 58 43 8 60 9 40 43 26 3 58 47 5 69 28
split_gain=37.6724 18.2225 13.3923 13.0556 21.9911 17.043 12.7972 9.30599 9.09378 6.50189 5.96889 3.62675 3.03393 1.89582 0.728211 0.229198
threshold=-2.7852391004562373 -0.038843464106321328 -4104831.9999999995 697324.71875000012 2.4020940065383916 0.021279803477227691 161170800.00000003 0.86441209912300121 1527814.0000000002 0.0021285691764205699 -480419.99999999994 396288.00000000006 1.0000000180025095e-35 694.78997802734386 49.999887466430671 -1718.9374999999998
decision_type=2 2 2 2 2 2 2 2 2 2 2 2 2 2 2 2
left_child=9 7 6 5 -5 -4 -3 -2 -8 11 -11 14 -13 -14 -1 -16
right_child=1 2 3 4 -6 -7 8 -9 -10 10 -12 12 13 -15 15 -17
leaf_value=0.012501985534330106 -0.011864443023415319 -0.0025639977952981569 0.004298640744472627 0.0084177816317861261 -0.014510770900390522 -0.010392009541640603 0.016581186765382696 0.0075406399423703684 0.0022947771176615472 -0.0022668995574948226 0.011149537495383754 0.0040404241218728347 0.0081778251990734536 0.016242987209464908 0.014117836874444154 0.017126023289037548
leaf_weight=8.3011353909969312 9.3467129543423635 5.4724463671445838 353.83794671297073 127.27641642093658 4.2940456718206397 8.0388342887163144 24.318788930773739 3.293552614748477 5.6605111956596366 4.9813342392444602 9.3055485785007459 5.8723034411668804 5.7092812806367856 7.8816365599632263 8.0529285669326729 26.301624894142154
leaf_count=14 72 19 1079 341 20 35 45 16 17 18 19 14 11 10 11 31
internal_value=0.00603209 0.00510156 0.00538619 0.00495607 0.00766187 0.00396954 0.0113448 -0.00672913 0.0139171 0.0126144 0.0064017 0.0140271 0.0102983 0.0129285 0.0157051 0.01645
internal_weight=617.945 541.539 528.899 493.447 131.57 361.877 35.4517 12.6403 29.9793 76.4058 14.2869 62.1189 19.4632 13.5909 42.6557 34.3546
internal_count=1772 1644 1556 1475 361 1114 81 88 62 128 37 91 35 21 56 42
is_linear=0
shrinkage=0.01


Tree=73
num_leaves=22
num_cat=0
split_feature=54 67 24 24 65 45 27 68 58 38 42 28 26 41 26 40 28 36 58 47 1
split_gain=37.1532 17.8266 19.224 21.3118 20.0379 17.7505 15.7449 22.2904 36.7181 17.6317 14.8183 17.779 12.2945 10.7619 6.42699 5.89784 4.97658 4.51707 3.33184 2.48145 0.275638
threshold=-2.7852391004562373 -2.2986534833908077 34.500000000000007 12.500000000000002 -1.1366977691650388 -0.46722804009914393 -1987583.9999999998 49.802135467529304 -671231.99999999988 -1.4116939306259153 -0.00045689499529544259 877.31250000000011 0.0035714368568733339 1.8787492513656618 0.0021285691764205699 0.45070926845073706 877.31250000000011 0.85526448488235485 529408.00000000012 -0.82113832235336293 2357245.5000000005
decision_type=2 2 2 2 2 2 2 2 2 2 2 2 2 2 2 2 2 2 2 2 2
left_child=14 2 3 4 -2 -5 10 8 -8 -9 12 -12 -3 16 17 18 -4 19 -16 -1 -21
right_child=1 6 13 5 -6 -7 7 9 -10 -11 11 -13 -14 -15 15 -17 -18 -19 -20 20 -22
leaf_value=0.0090909368068577794 0.0025248623500917565 0.017087384741340934 -0.013571479067038815 -0.013520309897787726 -0.011394474050573731 0.0097494622843556037 0.0096242667615408541 0.013722198365176061 -0.012621177403514474 0.0044876129433546446 0.0068061973062694464 -0.015187537053214375 0.0083483381564520183 0.0051081571367290312 0.0048595285660101998 -0.0023879352583072713 0.0030200987275100068 0.0062241027912522083 0.017161207874193788 0.013737693629178987 0.016362140616085128
leaf_weight=7.1816773861646643 45.434550330042839 28.285114407539368 13.24018979817629 3.4825786575675002 13.379286155104635 48.209704659879208 12.462183825671675 23.522341683506966 18.250437706708908 180.17332976311445 105.67517347633839 3.7810678482055655 39.10492567718029 5.2860890105366698 4.7863048911094648 4.9034236520528784 1.9836265593767155 7.1931602507829657 4.602540135383606 11.220597714185713 36.394552618265152
leaf_count=14 167 52 71 19 63 140 32 50 84 533 290 17 101 18 14 17 7 17 6 16 44
internal_value=0.00596596 0.00504366 0.00182041 0.00347672 -0.00062458 0.0081624 0.00606808 0.00435959 -0.00356214 0.00555891 0.00832701 0.00603731 0.0120312 -0.00705493 0.0125092 0.00633456 -0.0113439 0.0139167 0.0109965 0.0149083 0.0157647
internal_weight=618.553 542.271 131.016 110.506 58.8138 51.6923 411.255 234.408 30.7126 203.696 176.846 109.456 67.39 20.5099 76.2823 14.2923 15.2238 61.99 9.38885 54.7968 47.6152
internal_count=1772 1644 485 389 230 159 1159 699 116 583 460 307 153 96 128 37 78 91 20 74 60
is_linear=0
shrinkage=0.01


Tree=74
num_leaves=20
num_cat=0
split_feature=61 25 63 55 11 67 51 71 30 69 3 65 31 60 47 10 41 65 9
split_gain=29.8943 20.1796 24.4229 21.4952 22.6606 18.2631 18.1957 17.4653 16.3988 27.2781 19.2132 12.718 12.9458 12.2158 11.4138 11.0733 14.9976 10.7819 7.17392
threshold=169.38391113281253 13797.500000000002 0.54510748386383068 -0.51142603158950795 50.225000381469734 6.2982637882232675 0.031260221265256412 370222.28125000006 0.979356348514557 15.707335948944094 -2040261.4999999998 -4.2306127548217765 -3.8458381891250606 0.021279803477227691 0.67821422219276439 0.00069950000033713888 -0.79388865828514088 0.95987564325332653 159376056.00000003
decision_type=2 2 2 2 2 2 2 2 2 2 2 2 2 2 2 2 2 2 2
left_child=5 2 11 7 -5 6 8 -4 10 -10 -1 14 -13 18 -2 16 -3 -18 -8
right_child=1 15 3 4 -6 -7 13 -9 9 -11 -12 12 -14 -15 -16 -17 17 -19 -20
leaf_value=0.007929046180917762 -0.0076432569075434702 -0.01511122739668312 -0.01142422410285975 0.01283974517043104 0.0021985986339766394 -0.013820035324160592 0.0076674106360038827 0.013902656670484804 -0.0064123311051210432 0.0091444256609251161 0.00064978402293747271 0.016574077019427459 0.010121270085284111 -0.0019375933334574817 0.015362860826469388 0.01849267370187721 0.0058664299168074904 -0.014936046887208024 0.019272125983820873
leaf_weight=45.557999700307846 5.8614618778228742 6.2329522222280564 11.504964604973791 40.715692266821861 39.877292916178703 5.6273183822631827 8.8790212124586159 3.5379189103841773 12.940512433648108 83.993743695318699 179.60278275609016 56.285022556781769 72.639436483383179 5.0963599830865851 3.4045063033699989 3.0715482234954825 16.528652667999271 2.9163471013307563 14.79522483050823
leaf_count=133 30 28 52 91 120 28 23 8 54 222 612 88 164 17 9 6 49 13 25
internal_value=0.00590145 0.00846537 0.0094377 0.00553354 0.00758693 0.00401018 0.004299 -0.00540115 0.00361393 0.00705732 0.00212708 0.0121324 0.0129462 0.0119337 0.00070174 0.000522411 -0.00158821 0.00269506 0.014962
internal_weight=619.069 262.576 233.826 95.6359 80.593 356.493 350.866 15.0429 322.095 96.9343 225.161 138.19 128.924 28.7706 9.26597 28.7495 25.678 19.445 23.6742
internal_count=1772 658 562 271 211 1114 1086 60 1021 276 745 291 252 65 39 96 90 62 48
is_linear=0
shrinkage=0.01


Tree=75
num_leaves=18
num_cat=0
split_feature=54 51 2 1 27 46 37 45 20 36 24 46 4 31 45 69 67
split_gain=36.2819 17.6521 13.1661 21.3831 21.7259 14.1621 15.4442 12.6405 9.21177 5.69723 15.8236 3.86231 4.28308 5.63135 3.6695 0.656847 0.192137
threshold=-2.7852391004562373 -0.038843464106321328 5736459.0000000009 6292192.0000000009 -3915263.9999999995 -0.61913523077964772 2.0045562982559209 -0.60022974014282215 326.15499877929693 0.85526448488235485 42.500000000000007 -0.28319421410560602 1.0000000180025095e-35 -2.3511021137237544 -1.0000000180025095e-35 49.999990463256843 0.30844260752201086
decision_type=2 2 2 2 2 2 2 2 2 2 2 2 2 2 2 2 2
left_child=9 8 3 4 -3 6 -4 -7 -2 11 -11 15 14 -14 -13 -1 -17
right_child=1 2 5 -5 -6 7 -8 -9 -10 10 -12 12 13 -15 -16 16 -18
leaf_value=0.012509328868771458 0.0078100662323002182 -0.0025946673835613283 0.0041803349956300861 -0.014296702716977873 0.0052965950815241835 -0.014354632795865558 -0.014087185756261672 0.0086662165646548359 -0.011727572589691693 -0.0081724318235836205 0.017912394200149364 0.017305219117506512 0.010471095991056223 -0.0065341667359121568 0.0076325784777792347 0.01697018746916194 0.014285342515982844
leaf_weight=9.840996101498602 3.1784852594137183 40.081158757209778 40.96016563475132 6.3279428929090491 261.3950269818306 2.3858000040054312 5.201597571372985 174.66539338231087 9.438865698873995 4.6131184250116331 4.6322870701551437 9.3733382821083087 5.1646483838558197 3.0537714213132841 7.6097763031721142 20.931676089763645 10.801261126995085
leaf_count=16 12 150 124 30 766 11 25 450 76 18 6 11 9 11 17 25 15
internal_value=0.0058369 0.00492897 0.0052078 0.00385972 0.00424414 0.00706228 0.00210025 0.00835036 -0.00672652 0.0123165 0.00478886 0.0133437 0.0101349 0.00403066 0.01303 0.0152648 0.0160878
internal_weight=619.655 543.634 531.017 307.804 301.476 223.213 46.1618 177.051 12.6174 76.0209 9.24541 66.7755 25.2015 8.21842 16.9831 41.5739 31.7329
internal_count=1772 1644 1556 946 916 610 149 461 88 128 24 104 48 20 28 56 40
is_linear=0
shrinkage=0.01


Tree=76
num_leaves=25
num_cat=0
split_feature=61 50 25 29 28 2 65 44 65 8 3 22 56 9 29 2 46 28 10 61 41 21 48 3
split_gain=29.1116 23.9397 22.3575 23.7081 19.6685 18.5538 31.6414 30.7117 33.7027 22.5729 20.8273 23.7423 18.5868 21.5094 17.5461 16.249 16.0805 16.9017 12.1357 11.1761 10.3476 10.1567 6.43196 4.36267
threshold=169.38391113281253 -0.010593718383461235 13797.500000000002 0.55544716119766246 412.56250000000006 5536681.5000000009 0.22473284602165225 165536.17968750003 0.56836912035942089 0.997850000858307 -873129.99999999988 621.65499877929699 -0.27904695272445673 213256416.00000003 0.35322564840316778 42563072.000000007 0.051200918853282935 151.50000000000003 -0.00072887502028606821 111.9999122619629 -1.8441144227981565 -39103.999999999993 -0.41948536038398737 680559.50000000012
decision_type=2 2 2 2 2 2 2 2 2 2 2 2 2 2 2 2 2 2 2 2 2 2 2 2
left_child=5 15 3 20 -5 6 10 8 -8 -9 18 -12 21 14 -14 -2 23 -18 -1 -15 -3 -7 -23 -4
right_child=1 2 16 4 -6 12 7 9 -10 -11 11 -13 13 19 -16 -17 17 -19 -20 -21 -22 22 -24 -25
leaf_value=0.0084995362004567504 -0.013263850722805177 0.0033755086718892952 -0.015249075195953926 0.007383806597163034 -0.010144024654657514 2.2741198428484197e-06 0.012479910624258078 0.02087546426952374 -0.0079686488551810788 0.0021346543048615073 0.0072872057652748415 -0.0043146060128214994 -0.0067727040800466065 0.014137512121246278 0.0039272379727703409 0.018186864446668272 0.0095791276006529334 -0.014961202081888156 -0.013102404806429302 0.0033399708507285083 0.013560897998878781 0.020167669151867088 0.010600389816679087 0.00058601358723787197
leaf_weight=2.9165405184030559 8.0129425600171071 11.166806757450102 6.2536949664354342 85.746852651238441 6.8723333179950705 5.6060272753238669 13.621583983302115 18.950454920530323 19.730676561594009 9.915102690458296 29.790172293782234 43.20675740391016 18.000597424805164 28.980108968913555 101.32822436839342 2.0445797368884078 16.777818202972416 3.3440975546836844 20.677308559417725 14.730628609657286 120.42823675274849 13.149850785732271 16.670172952115536 2.2451698780059814
leaf_count=9 45 30 28 226 28 17 31 30 79 31 89 168 79 64 312 5 44 15 98 46 229 21 40 8
internal_value=0.00577377 0.00830291 0.00890649 0.00996919 0.00607245 0.00390996 0.00135426 0.00691979 0.000352879 0.0144728 -0.00222036 0.000406414 0.00594994 0.00451384 0.00230479 -0.00677085 0.000546378 0.00545103 -0.0103897 0.0105216 0.0127042 0.012531 0.0148528 -0.0109482
internal_weight=620.167 262.893 252.835 224.214 92.6192 357.274 158.809 62.2178 33.3523 28.8656 96.5908 72.9969 198.466 163.04 119.329 10.0575 28.6208 20.1219 23.5938 43.7107 131.595 35.4261 29.82 8.49886
internal_count=1772 658 608 513 254 1114 535 171 110 61 364 257 579 501 391 50 95 59 107 110 259 78 61 36
is_linear=0
shrinkage=0.01


Tree=77
num_leaves=18
num_cat=0
split_feature=54 51 2 35 67 38 1 60 11 11 3 67 8 38 31 7 12
split_gain=35.4587 17.1466 12.9339 16.3062 13.4976 21.048 20.3305 11.1357 9.16611 6.21989 6.25981 7.31356 3.44922 3.0021 2.05837 3.85538 1.23576
threshold=-2.7852391004562373 -0.038843464106321328 1134444.5000000002 2.158980250358582 -2.0167539119720455 -1.4547275900840757 1277804.0000000002 0.0028142032679170374 1.0000000180025095e-35 45.100000381469734 -375461.49999999994 1.9315828680992129 1.1044550538063052 1.0584080815315249 -4.8611016273498526 1.0000000180025095e-35 79709596.000000015
decision_type=2 2 2 2 2 2 2 2 2 2 2 2 2 2 2 2 2
left_child=9 8 3 7 6 -6 -4 -3 -2 14 11 -11 -12 -14 -1 -16 -17
right_child=1 2 4 -5 5 -7 -8 -9 -10 10 12 -13 13 -15 15 16 -18
leaf_value=0.016312900815699555 0.0081083277178898312 -0.01095489190173903 0.023729699709947611 0.018303981399640023 0.011091636581911243 0.0051765255139754529 0.001987611126580734 0.011502873215214005 -0.011611489653650232 -0.0078142862174998759 0.014913688478756008 0.012401792719578746 0.00077910792747261555 0.011418726668806103 -0.0016514195769386816 0.01658693390257766 0.010313422138775343
leaf_weight=27.754879251122475 3.0762342214584342 13.105378210544588 4.4563480615615836 2.9812512695789328 75.809260562062263 300.10410548746586 133.28617829084396 2.6141670048236838 9.4779717624187452 4.3220780640840557 12.083689376711847 3.0471881031990051 4.8171600848436338 6.5448188930749893 1.8254644125700021 7.027802348136901 8.3285339176654798
leaf_count=34 10 65 7 5 174 845 453 7 78 18 17 5 13 12 5 9 15
internal_value=0.00571148 0.00481726 0.00509073 -0.00304419 0.00538885 0.00637207 0.00269829 -0.00715654 -0.00669977 0.0121308 0.0085905 0.000409354 0.0111193 0.00699584 0.0145363 0.0116083 0.0132496
internal_weight=620.663 544.911 532.357 18.7008 513.656 375.913 137.743 15.7195 12.5542 75.7516 30.8149 7.36927 23.4457 11.362 44.9367 17.1818 15.3563
internal_count=1772 1644 1556 77 1479 1019 460 72 88 128 65 23 42 25 63 29 24
is_linear=0
shrinkage=0.01


Tree=78
num_leaves=22
num_cat=0
split_feature=54 67 38 17 14 33 1 24 70 34 67 55 10 33 11 27 33 8 31 7 12
split_gain=34.9855 16.7372 18.6831 18.5509 18.335 16.9556 16.9299 17.2316 14.8839 16.4851 11.8148 15.3296 10.7655 8.882 6.1443 6.13858 4.35309 2.46483 2.048 3.79118 1.21656
threshold=-2.7852391004562373 -2.0167539119720455 -1.4547275900840757 28710.500000000004 0.59657502174377453 -0.61187815666198719 1277804.0000000002 34.500000000000007 110637.89453125001 -0.61401548981666554 -3.4868440628051753 -0.3867886215448379 -0.00044211499334778631 -1.3473889231681822 45.100000381469734 -2714623.9999999995 -0.86402726173400868 1.1142604947090151 -4.8611016273498526 1.0000000180025095e-35 79709596.000000015
decision_type=2 2 2 2 2 2 2 2 2 2 2 2 2 2 2 2 2 2 2 2 2
left_child=14 5 8 4 -4 6 -2 -8 9 -3 12 -12 -7 -10 18 -16 -17 -18 -1 -20 -21
right_child=1 2 3 -5 -6 10 7 -9 13 -11 11 -13 -14 -15 15 16 17 -19 19 20 -22
leaf_value=0.016205542395515759 0.01774818124205926 0.007305148624512231 0.0074273734724855959 -0.014201169971063804 0.002551993940596521 0.00067024908763065982 0.0010809908465572828 -0.0098329152469178779 0.018098570385276451 -0.014792377535160682 0.010173701047616673 -0.013954020271636915 0.019116540690417929 0.0098264538332898596 -0.00071517899862756846 0.002220926251240585 0.016161017461524423 0.0087566708312835449 -0.0016347880878372057 0.016455621404781798 0.010221924219311673
leaf_weight=27.659838259220123 5.3200712725520125 18.279396139085296 159.20611058175564 5.0582287460565558 151.24816003441811 4.4184044227004078 99.960515797138214 16.903182975947857 21.049922220408916 4.1209664642810813 6.9036844447255135 4.248674124479292 12.256592713296415 36.54024101048708 5.6743103712797192 5.1646327525377336 10.675571545958517 9.267168462276457 1.825595468282702 7.0131172388792029 8.3191003650426847
leaf_count=34 13 50 423 25 459 16 366 82 35 19 19 21 26 90 17 15 14 19 5 9 15
internal_value=0.00565037 0.00476382 0.00584381 0.0047435 0.00505539 0.00190976 0.000296851 -0.000489041 0.0101713 0.00319525 0.00895576 0.000892182 0.0142888 0.0128674 0.0120344 0.00851447 0.0106402 0.0127704 0.0144296 0.0115083 0.0131385
internal_weight=621.113 545.514 395.503 315.512 310.454 150.011 122.184 116.864 79.9905 22.4004 27.8274 11.1524 16.675 57.5902 75.5993 30.7817 25.1074 19.9427 44.8177 17.1578 15.3322
internal_count=1772 1644 1101 907 882 543 461 448 194 69 82 40 42 125 128 65 48 33 63 29 24
is_linear=0
shrinkage=0.01


Tree=79
num_leaves=18
num_cat=0
split_feature=54 10 67 33 68 1 27 22 40 51 9 69 27 31 11 54 45
split_gain=34.5336 17.4055 16.0503 18.8245 22.8502 16.8195 15.9075 21.129 18.3373 13.3012 11.9794 6.67672 15.8581 12.9237 10.2729 3.54811 3.02039
threshold=-1.5326034426689146 0.0019445000216364863 -2.0167539119720455 -0.61187815666198719 33.333324432373054 1277804.0000000002 -1987583.9999999998 54560.259765625007 1.4050337672233584 -0.0018451238865964112 179426576.00000003 33.333234786987312 -1215487.9999999998 -0.87868228554725636 57.969999313354499 -2.7852391004562373 -0.31987574696540827
decision_type=2 2 2 2 2 2 2 2 2 2 2 2 2 2 2 2 2
left_child=9 2 3 5 -5 -2 8 -8 -4 10 -1 12 -11 15 -15 -13 -14
right_child=1 -3 6 4 -6 -7 7 -9 -10 11 -12 13 16 14 -16 -17 -18
leaf_value=-0.014209991345211202 0.017467383069294972 -0.014992476947086233 0.006990980023368315 0.012989412409485781 -0.013879429112297864 -0.00068207035005113197 0.0033241493913058417 0.015992790531717888 0.017397520235762236 -0.0091716898172374203 0.014529840895499229 0.014684965252220357 0.017028581012127002 -0.0056861582279847901 0.012707975661762547 0.02254150397714624 0.0074529202727793989
leaf_weight=3.7378550991415969 5.3513789474964133 4.4729740694165221 136.6602935269475 23.645061068236831 3.6196177899837485 110.95540785044432 210.00113555043936 14.103953763842581 19.527055755257607 4.6067429333925274 2.3503139913082123 48.988866552710533 6.7817110419273385 5.553597614169119 6.5772709101438522 7.1729967445135108 7.4790578335523579
leaf_count=18 13 21 361 61 18 427 633 27 34 18 6 69 8 19 13 10 16
internal_value=0.00558971 0.00459627 0.00476544 0.00190631 0.00938567 0.000144404 0.00584221 0.00412591 0.00829844 0.0112077 -0.00295084 0.0122082 0.00683567 0.0136778 0.00420458 0.0157062 0.0120767
internal_weight=621.585 528.337 523.864 143.571 27.2647 116.307 380.292 224.105 156.187 93.2484 6.08817 87.1602 18.8675 68.2927 12.1309 56.1619 14.2608
internal_count=1772 1595 1574 519 79 440 1055 660 395 177 24 153 42 111 32 79 24
is_linear=0
shrinkage=0.01


Tree=80
num_leaves=18
num_cat=0
split_feature=54 51 12 69 33 33 2 27 18 11 65 67 10 11 31 7 1
split_gain=34.0791 16.5749 12.9094 20.044 19.8633 15.139 21.5579 13.2624 9.08874 6.07132 6.77839 4.20121 2.52076 3.60864 2.02586 3.71506 1.19324
threshold=-2.7852391004562373 -0.038843464106321328 107233396.00000001 1.0000000180025095e-35 -0.58506101369857777 -0.90385034680366505 6245008.5000000009 -1987583.9999999998 664.50000000000011 45.100000381469734 -3.0032188957918034e-09 -2.0167539119720455 -0.00089750002371147264 58.80999946594239 -4.8611016273498526 1.0000000180025095e-35 3426165.0000000005
decision_type=2 2 2 2 2 2 2 2 2 2 2 2 2 2 2 2 2
left_child=9 8 3 4 -3 11 -7 -5 -2 14 -11 -4 -12 -14 -1 -16 -17
right_child=1 2 5 7 -6 6 -8 -9 -10 10 12 -13 13 -15 15 16 -18
leaf_value=0.016009269048816149 0.0077195723755255135 -0.0018197574422872923 0.011162308002415916 0.0073030630570527066 0.012327411891315117 -0.01446576541710848 0.01210757245834476 0.0037136642176923908 -0.011705777553300411 -0.0012406044629333162 0.017114193376103353 0.020740817987453936 0.0033578898786279818 0.012324310983493974 -0.0016837360498293784 0.008842096261925083 0.015233139926560588
leaf_weight=27.470696598291397 3.1823783069849005 73.407821372151375 8.9527681320905703 198.10215605795383 11.474982023239134 4.7126161307096472 8.6078232973813993 217.96966069936752 9.3297681063413602 5.7969007492065456 5.0870676636695888 11.012160539627073 7.6906245946884182 12.148046627640722 1.8241161555051828 5.6233288049697867 9.6554576605558378
leaf_count=34 12 274 21 529 29 22 19 647 76 18 6 15 21 20 5 11 13
internal_value=0.00552973 0.0046581 0.00492564 0.00452155 8.09634e-05 0.0109773 0.00263116 0.00542507 -0.00668515 0.0118456 0.00834596 0.0164957 0.0106156 0.00889881 0.0142353 0.0113275 0.0129464
internal_weight=622.048 546.752 534.24 500.955 84.8828 33.2854 13.3204 416.072 12.5121 75.2962 30.7226 19.9649 24.9257 19.8387 44.5736 17.1029 15.2788
internal_count=1772 1644 1556 1479 303 77 41 1176 88 128 65 36 47 41 63 29 24
is_linear=0
shrinkage=0.01


Tree=81
num_leaves=18
num_cat=0
split_feature=54 62 69 3 50 50 60 12 26 59 61 31 7 58 47 9 69
split_gain=33.6237 16.2976 16.5537 16.2214 16.6995 9.56499 16.2138 12.6851 6.42377 5.66966 5.12608 4.92805 4.5088 3.60928 3.45967 2.37921 0.733301
threshold=-2.7852391004562373 0.1297283470630646 49.999761581420906 -2881415.9999999995 -0.007633781759068369 -0.01950231101363897 0.0159464729949832 111131524.00000001 0.0021285691764205699 0.84745755791664135 174.76799011230472 -1.7013829946517942 2.0063537359237675 396288.00000000006 -0.19383894652128217 168194352.00000003 49.999887466430671
decision_type=2 2 2 2 2 2 2 2 2 2 2 2 2 2 2 2 2
left_child=8 11 5 12 -5 7 -7 -3 13 -10 -11 -2 -4 16 -15 -16 -1
right_child=1 2 3 4 -6 6 -8 -9 9 10 -12 -13 -14 14 15 -17 -18
leaf_value=0.011682404231588164 0.005366011076599792 -0.0088136187342047201 0.001468591109972311 -0.0051202446591310279 0.0063672016979803717 0.0030430318191194648 0.021902862370821501 0.00865546794951212 -0.0053800026078723012 0.0020818194852001239 0.016074459039681001 -0.013431709876333962 0.018424732624125428 0.0018048940779196202 0.0058527417090893374 0.014866678174434295 0.015633470470152157
leaf_weight=8.2260865718126279 1.6935121715068815 14.335758805274965 1.9201747477054585 13.173603922128676 272.61781395971775 213.0989190787077 4.6782538145780554 5.805525839328765 3.453147515654563 5.4109880626201612 5.4349010139703751 6.4449308738112432 13.559030070900915 4.7607008814811733 4.8550859838724127 9.5639728009700757 33.435269594192505
leaf_count=14 7 74 6 47 726 699 8 20 13 17 7 37 20 12 10 13 42
internal_value=0.00547082 0.00460667 0.0048199 0.00637965 0.00583419 0.00284061 0.00345277 -0.00372868 0.0117521 0.00559827 0.00918577 -0.00939726 0.0163859 0.0131819 0.00944708 0.0119009 0.0148773
internal_weight=622.468 547.328 539.189 301.271 285.791 237.918 217.777 20.1413 75.1402 14.299 10.8459 8.13844 15.4792 60.8411 19.1798 14.4191 41.6614
internal_count=1772 1644 1600 799 773 801 707 94 128 37 24 44 26 91 35 23 56
is_linear=0
shrinkage=0.01


Tree=82
num_leaves=16
num_cat=0
split_feature=54 51 2 1 65 46 37 45 40 26 59 61 36 46 71
split_gain=33.1999 16.119 12.6338 20.6327 18.2442 13.6122 14.9749 12.136 9.0169 6.33932 5.56259 5.0412 4.45807 2.21271 0.427764
threshold=-2.7852391004562373 -0.038843464106321328 5736459.0000000009 6292192.0000000009 0.15578413754701617 -0.61913523077964772 2.0045562982559209 -0.60022974014282215 0.86441209912300121 0.0021285691764205699 0.84745755791664135 174.76799011230472 0.85526448488235485 0.42625190317630773 117465.73828125001
decision_type=2 2 2 2 2 2 2 2 2 2 2 2 2 2 2
left_child=9 8 3 4 -3 6 -4 -7 -2 12 -11 -12 13 14 -1
right_child=1 2 5 -5 -6 7 -8 -9 -10 10 11 -13 -14 -15 -16
leaf_value=0.013038891095389452 -0.011820820839906866 0.0017189121565139756 0.0038173032597351359 -0.014328704418964222 0.0066704181410706768 -0.014372009316479075 -0.014132356015915561 0.0081897810691826355 0.0073146775590971691 -0.0053342129313177326 0.0020601114661812202 0.015943051721377933 0.0054819837777338775 0.0095326247362982203 0.015900051370425577
leaf_weight=12.491204619407652 9.1410194709897024 171.65156927704811 41.282794460654259 6.3325194120407096 132.34773255884647 2.3849780708551398 5.2234035283327094 176.24625743925571 3.302281640470027 3.4479879736900321 5.4133133143186551 5.4249496310949326 7.2216206341981879 9.8550922125577909 31.108679234981537
leaf_count=18 72 566 124 30 350 11 25 450 16 13 17 7 17 18 38
internal_value=0.00541269 0.00455573 0.00481828 0.00350313 0.00387787 0.00662667 0.00177976 0.00788295 -0.00666216 0.0116629 0.00554729 0.0091013 0.0130863 0.014095 0.0151033
internal_weight=622.875 547.913 535.469 310.332 303.999 225.137 46.5062 178.631 12.4433 74.9628 14.2863 10.8383 60.6766 53.455 43.5999
internal_count=1772 1644 1556 946 916 610 149 461 88 128 37 24 91 74 56
is_linear=0
shrinkage=0.01


Tree=83
num_leaves=18
num_cat=0
split_feature=54 10 67 33 68 1 2 54 33 51 26 31 69 11 26 59 11
split_gain=32.8155 16.9929 15.2503 18.1495 22.1999 16.4608 16.0145 16.3582 15.5661 12.8434 10.4977 6.56636 16.2467 11.6582 8.82588 3.94288 3.39325
threshold=-1.5326034426689146 0.0019445000216364863 -2.0167539119720455 -0.61187815666198719 33.333324432373054 1277804.0000000002 1407271.5000000002 -0.81334426999092091 1.2949545979499819 -0.0018451238865964112 0.011428562458604576 -1.2341547012329099 33.333234786987312 57.969999313354499 0.0021428558975458149 0.90781107544898998 64.40000152587892
decision_type=2 2 2 2 2 2 2 2 2 2 2 2 2 2 2 2 2
left_child=9 2 3 5 -5 -2 8 -8 -4 10 -1 12 -11 14 -13 -14 -15
right_child=1 -3 6 4 -6 -7 7 -9 -10 11 -12 13 15 16 -16 -17 -18
leaf_value=-0.014042058601493962 0.017128027772219997 -0.014992811461156871 -0.0043717916884000911 0.0126183330745849 -0.013873550986281149 -0.00077241765453306996 0 0.0069785112122231199 0.013627084327655612 -0.0013967044683219493 0.012567902730953434 0.0058110254610975196 0.013381711666127174 0.017390732811521301 -0.014365086197149463 0.019269029342104508 0.0081262840511953788
leaf_weight=3.6170306578278533 5.3856164440512648 4.4594652876257888 26.569793857634068 23.827461205422882 3.6129234209656707 111.21361637115479 37.397694393992424 312.25859371572733 5.8555333465337744 6.2663892209529868 2.4870669394731522 6.152136296033861 34.842072188854218 8.05756723880768 3.3336650878190994 18.93514259159565 8.9742741435766202
leaf_count=18 13 21 104 61 18 427 118 820 13 19 6 13 52 11 16 24 18
internal_value=0.00535542 0.00439331 0.00455953 0.00177646 0.00909385 4.58119e-05 0.00560609 0.00622997 -0.00109062 0.0108535 -0.00303621 0.0118445 0.013696 0.00761441 -0.00117419 0.0154733 0.0125679
internal_weight=623.246 530.581 526.121 144.04 27.4404 116.599 382.082 349.656 32.4253 92.6653 6.1041 86.5612 60.0436 26.5176 9.4858 53.7772 17.0318
internal_count=1772 1595 1574 519 79 440 1055 938 117 177 24 153 95 58 29 76 29
is_linear=0
shrinkage=0.01


Tree=84
num_leaves=19
num_cat=0
split_feature=54 10 50 58 2 63 10 39 69 3 27 72 1 59 68 15 22 27
split_gain=32.3511 16.6923 15.0316 17.5795 17.0065 16.9363 13.3661 13.0697 10.7398 16.4343 12.7022 8.01128 6.45397 4.19915 3.503 3.37413 1.59228 1.40911
threshold=-1.5326034426689146 0.0019445000216364863 -0.013425439596176146 -4104831.9999999995 1286421.5000000002 0.33755397796630865 0.00087839498883113276 0.63747629523277294 40.000106811523445 -657195.99999999988 1427456.0000000002 -861229.74999999988 3703243.5000000005 0.90781107544898998 33.333324432373054 0.46324999630451208 16567.879882812504 -2584575.9999999995
decision_type=2 2 2 2 2 2 2 2 2 2 2 2 2 2 2 2 2 2
left_child=8 2 6 5 -5 -4 7 -2 9 14 13 -12 -11 15 -1 -10 -14 -15
right_child=1 -3 3 4 -6 -7 -8 -9 10 12 11 -13 16 17 -16 -17 -18 -19
leaf_value=-0.014745286054838611 -0.011108808229189747 -0.014916533125704521 -0.0028257366913736356 -0.0034622831576220725 0.0050146505277136955 0.017271412548555524 0.019107426046391748 0.0012221825269975598 0.013963597095758005 0.0016617321807998653 -0.008580748217943945 0.010727204419009777 0.018549015785655536 0.015717304771292288 0.00080516550055890698 0.0061985608859687702 0.010666750350291377 0.021606997629631586
leaf_weight=3.9369114860892322 12.798426501452921 4.4375566691160193 5.1883226633071926 24.887318849563599 434.79219501465559 20.202253147959709 2.9842927530407897 25.829242289066315 30.085695922374725 6.7760057598352459 4.106942743062973 4.4739722013473493 5.0918707400560361 12.324452623724939 2.1063174903392792 7.507366031408309 7.3688226193189621 8.7310690432786924
leaf_count=19 66 21 18 99 1254 33 6 98 42 19 16 9 7 17 7 17 13 11
internal_value=0.00529859 0.00434487 0.00450906 0.00500428 0.00455353 0.0131254 -0.00123967 -0.00283753 0.0107633 0.00514066 0.0128627 0.00136962 0.00968516 0.0145272 -0.00915983 0.0124395 0.013968 0.0182071
internal_weight=623.629 531.12 526.682 485.07 459.68 25.3906 41.612 38.6277 92.5094 25.2799 67.2295 8.58091 19.2367 58.6486 6.04323 37.5931 12.4607 21.0555
internal_count=1772 1595 1574 1404 1353 51 170 164 177 65 112 25 39 87 26 59 20 28
is_linear=0
shrinkage=0.01


Tree=85
num_leaves=15
num_cat=0
split_feature=54 62 67 38 14 48 33 34 26 3 31 36 46 1
split_gain=31.9558 15.7823 15.6088 17.8404 17.0449 15.8019 14.4625 12.8978 6.3079 5.44495 4.86004 4.38335 2.25873 0.437935
threshold=-2.7852391004562373 0.1297283470630646 -2.0167539119720455 -1.4547275900840757 0.59657502174377453 -0.58091521263122547 -0.61187815666198719 -0.61401548981666554 0.0021285691764205699 -480419.99999999994 -1.7013829946517942 0.85526448488235485 0.42625190317630773 2357245.5000000005
decision_type=2 2 2 2 2 2 2 2 2 2 2 2 2 2
left_child=8 10 5 7 -5 -3 -7 -4 11 -10 -2 12 13 -1
right_child=1 2 3 4 -6 6 -8 -9 9 -11 -12 -13 -14 -15
leaf_value=0.012478296366233712 0.0052390600400504085 -0.013912029063065561 0.011626768397504523 0.0068654346154843979 0.0021800867377371439 0.00097472607628189029 0.0090786147733726962 0.00050618536095115355 -0.0029708285937463646 0.0098589601496280443 -0.013422002230160544 0.0052951379032775067 0.0092312074424086912 0.015561454952955947
leaf_weight=10.093641504645346 1.6957942768931387 6.080226093530654 67.345709882676601 159.74077970534563 152.66622798144817 115.76288344711065 27.312783859670162 12.565023846924303 4.9891014397144309 9.2670481055974943 6.4162320196628553 7.2242705374956122 9.8110473006963712 33.041270673274994
leaf_count=15 7 31 150 421 460 422 76 40 18 19 37 17 18 41
internal_value=0.00524245 0.00440671 0.00461537 0.00566349 0.00457901 0.00185183 0.00252873 0.0098907 0.0114003 0.00529888 -0.00939769 0.0128293 0.0138384 0.0148632
internal_weight=624.012 549.586 541.474 392.318 312.407 149.156 143.076 79.9107 74.4264 14.2561 8.11203 60.1702 52.946 43.1349
internal_count=1772 1644 1600 1071 881 529 498 190 128 37 44 91 74 56
is_linear=0
shrinkage=0.01


Tree=86
num_leaves=17
num_cat=0
split_feature=54 29 69 3 50 2 50 54 11 65 31 14 10 61 31 61
split_gain=31.553 15.4837 15.4323 15.7538 16.1114 9.30965 20.3033 15.4545 5.99333 6.57513 4.80574 3.80125 2.51242 4.8605 2.0492 3.34138
threshold=-2.7852391004562373 0.12513426691293719 49.999761581420906 -2881415.9999999995 -0.007633781759068369 5536681.5000000009 -0.0094134216196835024 1.6522771120071413 45.100000381469734 -3.0032188957918034e-09 -1.7013829946517942 0.59657502174377453 -0.00089750002371147264 232.75396728515628 -4.8611016273498526 179.20005798339847
decision_type=2 2 2 2 2 2 2 2 2 2 2 2 2 2 2 2
left_child=8 10 5 11 -5 6 -3 -7 14 -10 -2 -4 -11 -14 -1 -16
right_child=1 2 3 4 -6 7 -8 -9 9 12 -12 -13 13 -15 15 -17
leaf_value=0.015519849395815641 0.0051763230660768576 -0.010978256701317529 0.020793471764918518 -0.0052191160176528664 0.0060510137977095061 0.0071833068863769844 0.0021516518643650354 -0.00075544768916699226 -0.0016355787174348591 0.016608499437746144 -0.013376108167988921 0.010492181199647066 0.00020156166167750852 0.011462464745358456 0.0031170848542242898 0.013496369792382164
leaf_weight=26.884256556630135 1.6991664618253706 13.154081657528875 8.07136522233486 13.203901439905165 274.26918196678162 78.910038717091084 111.71402107924223 35.262577585875988 5.7642885297536877 5.0160318017005947 6.3743980303406698 7.476530745625495 5.4996605366468456 14.203633919358252 4.5029439628124264 12.371447414159773
leaf_count=34 7 66 10 47 726 226 370 139 18 6 37 16 17 24 11 18
internal_value=0.00518709 0.00435831 0.00456429 0.00606549 0.00552989 0.00265711 0.000760489 0.00472264 0.0113149 0.00783365 -0.00934769 0.0159042 0.0100822 0.00837003 0.0137172 0.0107859
internal_weight=624.378 550.135 542.062 303.021 287.473 239.041 124.868 114.173 74.2423 30.4836 8.07356 15.5479 24.7193 19.7033 43.7586 16.8744
internal_count=1772 1644 1600 799 773 801 436 365 128 65 44 26 47 41 63 29
is_linear=0
shrinkage=0.01


Tree=87
num_leaves=18
num_cat=0
split_feature=54 51 2 1 27 47 3 50 11 26 40 58 47 4 11 20 28
split_gain=31.1528 15.3083 12.1469 20.1887 20.473 16.1752 13.4173 10.4893 8.94078 6.23403 5.44204 3.61545 3.80308 3.43475 0.714917 0.514771 0.253952
threshold=-2.7852391004562373 -0.038843464106321328 5736459.0000000009 6292192.0000000009 -3915263.9999999995 0.72394561767578136 -140132.49999999997 -0.013425439596176146 1.0000000180025095e-35 0.0021285691764205699 0.45070926845073706 396288.00000000006 -0.47874356806278223 812.09500122070324 53.375000000000007 3332.7199707031255 -1718.9374999999998
decision_type=2 2 2 2 2 2 2 2 2 2 2 2 2 2 2 2 2
left_child=9 8 3 4 -3 7 -7 -4 -2 11 15 14 -13 -14 16 -11 -1
right_child=1 2 5 -5 -6 6 -8 -9 -10 10 -12 12 13 -15 -16 -17 -18
leaf_value=0.012734560502575225 0.0079137493810893817 -0.0029584038828813159 0.00089971756913580529 -0.014355536641938687 0.0046608763205837431 0.0028915068090022062 -0.014193740553237213 0.00809508785118895 -0.01157929055788152 0.012684181905230898 -0.003212603490528947 0 0.0063479331222032823 0.016151692272313278 0.011212579137085184 0.0071388888892823955 0.015818722053485383
leaf_weight=7.6255106627941087 3.0863581895828238 40.511704683303833 23.214395388960838 6.3376344442367545 265.01964700222015 18.735476225614551 6.0754180401563636 178.35427705943584 9.3075335621833784 4.0860318988561612 4.9038539975881568 3.6983982026577022 7.9356056749820691 7.3071284294128418 8.1572504937648755 5.2593768090009689 25.085514426231388
leaf_count=11 10 150 75 30 766 57 29 449 78 7 17 10 16 9 14 13 31
internal_value=0.00513263 0.00431072 0.00456483 0.00327828 0.00364733 0.00633282 -0.00125184 0.00727137 -0.0066444 0.0112302 0.00516658 0.0126581 0.00890571 0.0111133 0.0143728 0.00967043 0.0151303
internal_weight=624.701 550.642 538.249 311.869 305.531 226.38 24.8109 201.569 12.3939 74.0587 14.2493 59.8094 18.9411 15.2427 40.8683 9.34541 32.711
internal_count=1772 1644 1556 946 916 610 86 524 88 128 37 91 35 25 56 20 42
is_linear=0
shrinkage=0.01


Tree=88
num_leaves=29
num_cat=0
split_feature=61 25 29 55 11 2 65 15 8 47 56 31 58 27 46 7 71 9 37 49 53 43 20 65 31 47 53 33
split_gain=26.726 18.6363 21.7082 20.0092 21.5554 17.2152 29.6259 29.4326 18.7587 18.3042 17.0688 20.5397 16.8191 15.9273 15.2 15.5288 14.7574 14.6861 14.6645 13.9459 12.5286 15.7302 11.2294 10.7238 12.634 10.8133 7.96975 4.20988
threshold=169.38391113281253 13797.500000000002 0.55544716119766246 -0.51142603158950795 50.225000381469734 5536681.5000000009 0.22473284602165225 0.99997499585151683 1.1613984704017641 0.5040307641029359 -0.27904695272445673 -5.6453557014465323 -951295.99999999988 -3006463.9999999995 0.051200918853282935 2.3882241249084477 583115.03125000012 213256416.00000003 -1.5250326991081236 0.61124908924102794 0.20390944927930835 1354748.6250000002 10955.240234375002 -4.2306127548217765 -3.8458381891250606 0.67821422219276439 -0.26554767787456507 1.0990375876426699
decision_type=2 2 2 2 2 2 2 2 2 2 2 2 2 2 2 2 2 2 2 2 2 2 2 2 2 2 2 2
left_child=5 2 23 12 -5 6 8 13 9 -1 20 16 -4 -8 27 -16 -12 -13 -9 -17 26 -22 -10 25 -25 -2 -7 -3
right_child=1 14 3 4 -6 10 7 18 22 -11 11 17 -14 -15 15 19 -18 -19 -20 -21 21 -23 -24 24 -26 -27 -28 -29
leaf_value=-0.0044209669582158167 -0.0076929138636339881 -0.015430997721738433 0.0065155784437533251 0.011854452973991783 0.0015384281168530883 0.0032817647195452259 -0.015912897496717999 0.021344533313156076 -0.012972842651555974 0.0060741594867803851 -0.012224787225677741 0.0032193730371553042 -0.014722147985561212 0.0036045884161055477 -0.015047035179504497 0.01651216568558771 0.0051361426600809914 0.010333064636363083 0.0023961734138587269 -0.0014599449788082822 -0.01502269433565373 0.015001486132676097 0.00024620928573785943 0.015381168243412678 0.0089869713671509432 0.014661117824122367 0.017002854840357982 0
leaf_weight=36.332962475717068 5.8252556622028333 6.2985235601663607 6.3999381661415091 41.191315926611423 40.345063239336014 5.4011916965246227 4.6902874559164038 14.745444014668466 21.64279089123011 30.602217361330986 12.550132863223554 103.94807422161102 8.7901647239923459 37.882799059152603 3.3272631019353893 9.6056480854749697 7.9311835616827002 40.660349935293198 5.8211204111576071 7.6709797978401175 3.6000972390174857 3.3830035924911499 8.931029759347437 55.303013756871223 73.053194895386696 3.4373586922883987 23.352612785995007 2.2890191525220871
leaf_count=142 30 28 19 91 120 16 20 21 100 91 56 325 41 112 15 18 21 99 18 27 16 7 31 88 164 9 39 8
internal_value=0.00507883 0.00750365 0.00844221 0.00479349 0.00676224 0.00330824 0.000860793 0.00620211 -0.00258759 0.000362379 0.00526106 0.0038955 -0.00570838 0.00143085 0 0.00462754 -0.00545312 0.00522648 0.01603 0.0084745 0.0115414 -0.000334104 -0.00907867 0.0109995 0.0117497 0.000494712 0.0144602 -0.0112082
internal_weight=625.012 263.537 234.345 96.7265 81.5364 361.475 160.649 63.1397 97.509 66.9352 200.827 165.09 15.1901 42.5731 29.1914 20.6039 20.4813 144.608 20.5666 17.2766 35.7369 6.9831 30.5738 137.619 128.356 9.26261 28.7538 8.58754
internal_count=1772 658 562 271 211 1114 535 171 364 233 579 501 60 132 96 60 77 424 39 45 78 23 131 291 252 39 55 36
is_linear=0
shrinkage=0.01


Tree=89
num_leaves=17
num_cat=0
split_feature=54 10 62 67 8 58 51 9 69 27 27 72 27 35 27 45
split_gain=30.3622 16.2597 14.2401 14.4436 18.091 15.2106 12.1528 11.3949 6.27476 13.1653 11.7444 7.24551 6.31464 4.55437 3.05475 1.71517
threshold=-1.5326034426689146 0.0019445000216364863 0.1297283470630646 -2.0167539119720455 1.296299993991852 -4104831.9999999995 -0.0018451238865964112 179426576.00000003 33.333234786987312 -1117183.9999999998 1427456.0000000002 -861229.74999999988 -1498111.9999999998 -1.9167217016220091 -2584575.9999999995 -0.31630812585353846
decision_type=2 2 2 2 2 2 2 2 2 2 2 2 2 2 2 2
left_child=6 2 13 4 -4 -5 7 -1 9 12 14 -12 -8 -2 -10 -11
right_child=1 -3 3 5 -6 -7 8 -9 10 15 11 -13 -14 -15 -16 -17
leaf_value=-0.014194290309194177 0.003877831081046279 -0.014921596913666641 0.0040467629754212539 0.013532883727985896 -0.0037618086482939352 0.0049897289432298108 -0.015467388139638173 0.013694537612801405 0.012821323831244935 0.016084019684958439 -0.0083224456802391752 0.010320990662786713 0.0050906517708900877 -0.01361395319506236 0.018104249182705194 0.0082138194509320459
leaf_weight=3.7293070405721656 1.8935785517096517 4.4286682009696952 101.16926688700914 22.306048274040222 41.867034703493118 356.07994167506695 3.2767342329025277 2.3906000331044197 41.807370275259018 5.7556679844856262 3.8789701163768768 4.4636392593383771 2.6490132361650485 5.8092030659317961 16.778124928474426 6.9609451442956907
leaf_count=18 10 21 336 41 169 986 15 6 64 7 15 9 6 32 23 14
internal_value=0.00502623 0.0041096 0.00427078 0.00447146 0.00175419 0.005496 0.0103492 -0.00313676 0.0113254 0.00609112 0.0127684 0.00153269 -0.00610848 -0.00918412 0.0143514 0.0118546
internal_weight=625.244 533.554 529.125 521.422 143.036 378.386 91.6904 6.11991 85.5705 18.6424 66.9281 8.34261 5.92575 7.70278 58.5855 12.7166
internal_count=1772 1595 1574 1532 505 1027 177 24 153 42 111 24 21 42 87 21
is_linear=0
shrinkage=0.01


Tree=90
num_leaves=16
num_cat=0
split_feature=54 42 51 70 70 72 51 8 40 69 33 61 32 72 59
split_gain=29.9501 15.9756 13.9938 13.2811 16.712 14.2916 11.9381 9.61542 9.56892 6.15679 11.8245 12.6012 10.8857 10.3595 3.60721
threshold=-1.5326034426689146 0.0019445000216364863 -0.038843464106321328 701746.78125000012 620137.56250000012 -1170681.1874999998 -0.0018451238865964112 1.4329596757888796 0.86441209912300121 33.333234786987312 1.0000000180025095e-35 594.99966430664074 -1.0000000180025095e-35 -1032699.7499999999 0.90781107544898998
decision_type=2 2 2 2 2 2 2 2 2 2 2 2 2 2 2
left_child=6 2 8 4 -4 -5 7 -1 -2 10 11 -8 14 -14 -11
right_child=1 -3 3 5 -6 -7 9 -9 -10 12 -12 -13 13 -15 -16
leaf_value=-0.014113161031395084 -0.011813626082350681 -0.014846677887188528 0.0041087919551279209 -0.0038284979747296027 -0.0087066039835752493 0.0099067374523433664 -0.015397641028918075 0.011149606360530867 0.0084854830004055734 0.012469336132351148 0.012564785256533631 0.010732943687234198 -0.0089519813700700886 0.011156780771712749 0.017981710827316002
leaf_weight=3.4879074767231932 8.8189665675163251 4.4066164642572394 431.85975284874439 8.4278286844491941 10.372649192810057 67.050313770771027 4.1213150173425701 2.6214830502867699 3.0944943204522124 36.182323202490807 11.173794746398924 3.3066746443510056 4.1361875832080841 6.6171872317790967 19.85747030377388
leaf_count=17 70 21 1260 29 41 160 19 7 14 56 17 6 16 13 26
internal_value=0.00497369 0.00406483 0.00422407 0.00447179 0.00380594 0.00835982 0.010267 -0.00310946 -0.00645704 0.0112357 0.00604394 -0.00363062 0.0126666 0.00332913 0.0144405
internal_weight=625.535 534.031 529.624 517.711 442.232 75.4781 91.5043 6.10939 11.9135 85.395 18.6018 7.42799 66.7932 10.7534 56.0398
internal_count=1772 1595 1574 1490 1301 189 177 24 84 153 42 25 111 29 82
is_linear=0
shrinkage=0.01


Tree=91
num_leaves=17
num_cat=0
split_feature=54 10 2 35 50 60 22 10 51 9 31 26 4 68 43 31
split_gain=29.5543 15.6971 14.3706 17.5149 15.1524 13.1435 13.036 12.6687 11.7298 11.0347 6.14517 9.86132 11.7441 4.88803 5.70351 4.09176
threshold=-1.5326034426689146 0.0019445000216364863 1134444.5000000002 2.158980250358582 -0.013425439596176146 0.0028142032679170374 54560.259765625007 0.00087839498883113276 -0.0018451238865964112 179426576.00000003 -1.2341547012329099 0.0021428558975458149 42567.035156250007 35.703725814819343 7013.7150878906259 2.2892092466354375
decision_type=2 2 2 2 2 2 2 2 2 2 2 2 2 2 2 2
left_child=8 2 3 5 7 -2 -6 -4 9 -1 13 15 -13 14 -10 -12
right_child=1 -3 4 -5 6 -7 -8 -9 10 -11 11 12 -14 -15 -16 -17
leaf_value=-0.014075210239367959 -0.013572716621197025 -0.014773132108332056 -0.0028616895366349242 0.017211329712058267 0.0046663488508311641 0.010810247130331326 0.013494565914767021 0.018404010323269247 0.00034157486676468057 0.013365683364852277 0.0055600668482034326 -0.014640660259966073 0.013417481255841282 0.020295135028365597 0.012762475632339213 0.014857693689227907
leaf_weight=3.6921407505869857 12.163539931178095 4.3843801021575919 38.439471341669559 3.021563544869422 453.33748795837164 2.6558635681867591 17.505307406187057 3.0148868933320037 4.1958744227886191 2.4068243056535721 9.4782670289278084 3.8836003839969626 2.3964797854423523 8.1980525702238065 46.580780625343323 10.473148524761198
leaf_count=18 63 21 163 5 1294 7 36 6 11 6 20 18 6 11 73 14
internal_value=0.00492164 0.0040204 0.00417771 -0.00461727 0.00448595 -0.00913544 0.00499669 -0.00129096 0.0101868 -0.00308229 0.0111483 0.00703745 -0.00377443 0.0129598 0.0117558 0.0104908
internal_weight=625.828 534.523 530.138 17.841 512.297 14.8194 470.843 41.4544 91.3052 6.09897 85.2062 26.2315 6.28008 58.9747 50.7767 19.9514
internal_count=1772 1595 1574 75 1499 70 1330 169 177 24 153 58 24 95 84 34
is_linear=0
shrinkage=0.01


Tree=92
num_leaves=16
num_cat=0
split_feature=54 63 50 58 58 18 20 64 26 3 35 36 47 47 1
split_gain=29.1557 14.6122 12.0949 19.6819 13.5478 14.3036 13.4991 13.3103 6.16518 5.22004 4.56022 4.40716 4.13839 2.78202 0.348578
threshold=-2.7852391004562373 0.12863833457231524 -0.013425439596176146 -4104831.9999999995 -743423.99999999988 2197.5000000000005 40230.279296875007 0.33798298239707952 0.0021285691764205699 -480419.99999999994 -1.9167217016220091 0.85526448488235485 0.67821422219276439 -0.82113832235336293 2357245.5000000005
decision_type=2 2 2 2 2 2 2 2 2 2 2 2 2 2 2
left_child=8 10 4 7 5 -3 -5 -4 11 -10 -2 13 -6 -1 -15
right_child=1 2 3 6 12 -7 -8 -9 9 -11 -12 -13 -14 14 -16
leaf_value=0.0071603978369946253 0.0038676031922393944 -0.0097819641329532046 -0.0020202711846004306 0.003795448218620438 -0.014062683001500353 0.0060552840253797506 0.010755807422814798 0.016194590237232007 -0.0033078099709550855 0.0092734744441537523 -0.013540446586254291 0.0047203569951561018 0.0010870802661039731 0.012079526228678588 0.014875060807558758
leaf_weight=7.0600410252809516 1.8897932693362234 7.3953364863991764 4.7637272253632572 445.46753488481045 8.1804872155189496 24.559588864445686 29.922063425183296 22.566907599568367 4.9899259507656089 9.2138575017452222 6.1040321514010421 7.22998122870922 2.1595979183912268 10.634006619453428 33.983044564723969
leaf_count=14 10 34 16 1311 42 82 70 37 18 19 34 17 8 16 44
internal_value=0.00487021 0.00408269 0.00428081 0.0047132 -0.000835029 0.00235877 0.00423565 0.0129832 0.0108133 0.00478314 -0.00929997 0.0122504 -0.0108018 0.0132845 0.0142312
internal_weight=626.12 553.009 545.015 502.72 42.295 31.9549 475.39 27.3306 73.1109 14.2038 7.99383 58.9071 10.3401 51.6771 44.6171
internal_count=1772 1644 1600 1434 166 116 1381 53 128 37 44 91 50 74 60
is_linear=0
shrinkage=0.01


Tree=93
num_leaves=17
num_cat=0
split_feature=54 51 12 35 59 69 33 34 20 26 44 59 61 36 47 1
split_gain=28.8012 14.348 12.5333 17.6754 16.0841 15.1702 19.5943 12.8309 8.75615 6.10428 5.58078 5.41283 4.71595 4.37222 2.76918 0.350012
threshold=-2.7852391004562373 -0.038843464106321328 115309140.00000001 -1.1614277958869932 2.7063642740249638 1.0000000180025095e-35 -0.58506101369857777 -1.477897524833679 326.15499877929693 0.0021285691764205699 275128.79687500006 0.84745755791664135 174.76799011230472 0.85526448488235485 -0.82113832235336293 2357245.5000000005
decision_type=2 2 2 2 2 2 2 2 2 2 2 2 2 2 2 2
left_child=9 8 5 10 -5 6 -3 -7 -2 13 -4 -11 -13 14 -1 -16
right_child=1 2 3 4 -6 7 -8 -9 -10 11 -12 12 -14 -15 15 -17
leaf_value=0.0070937157656968883 0.0074361864970391815 -0.0016106840952910331 0.0088442686998279375 -0.014993729301133971 0.014965957143349886 0.014806476875287107 0.011737268434352893 0.0044443515079707896 -0.011657118242686344 -0.0059016163904374395 0.021587950706704238 0.0014999064570789505 0.015006025781134982 0.0046722085629611462 0.011997435231817439 0.01479766465179925
leaf_weight=7.0551671534776679 3.196369156241416 78.577612012624741 5.5569246262311998 3.9855545908212653 3.2448622137308121 12.39865270256996 12.783559396862982 414.02211362123489 9.0983454659581167 3.4957165718078604 10.625873789191244 5.385691970586775 5.3179764300584793 7.231435999274253 10.599872186779974 33.819995269179344
leaf_count=14 12 286 14 18 6 25 31 1163 76 13 13 17 7 17 16 44
internal_value=0.00481945 0.00403832 0.00428212 0.0114611 -0.00141013 0.00395557 0.00024606 0.00474799 -0.00661192 0.0107359 0.0172738 0.00473607 0.00830367 0.0121701 0.013204 0.014152
internal_weight=626.396 553.49 541.195 23.4132 7.23042 517.782 91.3612 426.421 12.2947 72.9059 16.1828 14.1994 10.7037 58.7065 51.475 44.4199
internal_count=1772 1644 1556 51 24 1505 317 1188 88 128 27 37 24 91 74 60
is_linear=0
shrinkage=0.01


Tree=94
num_leaves=23
num_cat=0
split_feature=61 50 25 29 28 2 65 44 65 8 3 22 28 2 46 28 2 31 10 40 41 3
split_gain=25.3804 20.4813 20.2758 20.3804 18.6411 16.6952 28.6909 28.4875 31.9426 21.1431 19.7815 22.2983 15.4587 15.4566 15.0454 15.9977 14.3432 15.1392 11.6001 11.4365 10.3036 4.67077
threshold=169.38391113281253 -0.010593718383461235 13797.500000000002 0.55544716119766246 412.56250000000006 5536681.5000000009 0.22473284602165225 165536.17968750003 0.56836912035942089 0.997850000858307 -873129.99999999988 621.65499877929699 3272.2187500000005 42563072.000000007 0.051200918853282935 151.50000000000003 30713217.000000004 -5.6453557014465323 -0.00072887502028606821 3.656145572662354 -1.8441144227981565 797115.50000000012
decision_type=2 2 2 2 2 2 2 2 2 2 2 2 2 2 2 2 2 2 2 2 2 2
left_child=5 13 3 20 -5 6 10 8 -8 -9 18 -12 16 -2 21 -16 17 -7 -1 -18 -3 -4
right_child=1 2 14 4 -6 12 7 9 -10 -11 11 -13 -14 -15 15 -17 19 -19 -20 -21 -22 -23
leaf_value=0.0076086026320187263 -0.013263563720925757 0.0019749990160915615 -0.015436141501377674 0.0064051335756081951 -0.01054438015718466 -0.0015250365730794836 0.01127344509763897 0.019180797114150435 -0.0084421111053921034 0.0012540747894901596 0.0063786322655123521 -0.004769943159155382 -0.015586264186246406 0.017319834036604968 0.0084499703785115773 -0.015262471687104982 -0.014471927209134389 0.007001864756419166 -0.013361652891325425 0.01002074873249241 0.012131893359244561 0.0013452631466851156
leaf_weight=2.9586186483502415 7.9345060512423498 11.160251557826994 6.5206336826086062 86.883570984005928 6.9705978333950034 23.604052357375622 13.920550882816313 19.414959460496906 20.048841655254364 10.138267293572424 30.383630983531475 43.787973970174789 3.5690292418003073 2.0637093484401703 17.159620821475986 3.38759522140026 6.2482300847768766 165.5578356012702 20.730845496058464 2.6952145025134087 119.38481689989567 2.0821332335472107
leaf_count=9 45 30 29 226 28 79 31 30 79 31 89 168 16 5 44 15 33 444 98 7 229 7
internal_value=0.00476977 0.00713478 0.00769022 0.0087095 0.00513563 0.00305023 0.000645908 0.00588431 -0.0003333 0.0130649 -0.00274417 -0.000189562 0.00496926 -0.00685089 -0.000122031 0.00449186 0.00534463 0.00593257 -0.0107004 -0.00697895 0.0112712 -0.0112583
internal_weight=626.605 263.547 253.549 224.399 93.8542 363.058 161.384 63.5226 33.9694 29.5532 97.8611 74.1716 201.674 9.99822 29.15 20.5472 198.105 189.162 23.6895 8.94344 130.545 8.60277
internal_count=1772 658 608 513 254 1114 535 171 110 61 364 257 579 50 95 59 563 523 107 40 259 36
is_linear=0
shrinkage=0.01


Tree=95
num_leaves=17
num_cat=0
split_feature=54 29 67 33 68 1 58 60 51 26 40 31 36 11 47 1
split_gain=28.2322 14.1845 13.9758 14.8775 20.5607 17.5273 13.7538 13.5275 7.77221 6.01694 5.12722 4.70921 4.36985 3.55365 2.78104 0.346883
threshold=-2.7852391004562373 0.12513426691293719 -2.0167539119720455 -0.61187815666198719 33.333324432373054 1277804.0000000002 -4104831.9999999995 0.021279803477227691 0.035729460418224342 0.0021285691764205699 0.45070926845073706 -1.7013829946517942 0.85526448488235485 38.375000000000007 -0.82113832235336293 2357245.5000000005
decision_type=2 2 2 2 2 2 2 2 2 2 2 2 2 2 2 2
left_child=9 11 3 5 -5 -3 8 -8 -4 12 13 -2 14 -11 -1 -16
right_child=1 2 6 4 -6 -7 7 -9 -10 10 -12 -13 -14 -15 15 -17
leaf_value=0.0069437299342357461 0.0051202327553867997 0.018048098704129181 0.015200083798194229 0.011399291386041954 -0.013975512195352148 -0.00076936409766930822 0.0049783048152691458 -0.0061401424449849563 0.0014993396463226475 0.015487242765732613 -0.0035237537068542931 -0.013309155217226389 0.0045367033995875848 0.0028061030789861018 0.011871817135408585 0.014668007743628154
leaf_weight=7.0421921014785758 1.6909299120306966 5.1684787496924391 19.84279960393906 24.541285358369354 3.6376502513885489 116.95164113491774 359.54731038212776 11.206488266587256 5.4428819864988318 4.4784449934959394 4.8754379451274863 6.2658270448446265 7.233114317059516 4.8195059150457382 10.541648909449576 33.535503625869751
leaf_count=14 7 11 33 61 18 439 980 43 15 6 17 37 17 14 16 44
internal_value=0.0047204 0.00394985 0.00414417 0.00153839 0.00808814 1.8857e-05 0.00513055 0.00463954 0.0122905 0.0105957 0.00463566 -0.00926696 0.0120262 0.00902164 0.0130664 0.0140219
internal_weight=626.821 554.295 546.339 150.299 28.1789 122.12 396.039 370.754 25.2857 72.5258 14.1734 7.95676 58.3525 9.29795 51.1193 44.0772
internal_count=1772 1644 1600 529 79 450 1071 1023 48 128 37 44 91 20 74 60
is_linear=0
shrinkage=0.01


Tree=96
num_leaves=18
num_cat=0
split_feature=54 10 2 35 61 67 60 35 51 9 69 27 31 70 7 59 45
split_gain=27.9292 15.2577 14.0333 17.0077 16.3163 15.6418 12.8675 12.553 11.2822 10.8159 6.13925 12.6203 11.9227 11.2461 5.98009 3.7582 1.74199
threshold=-1.5326034426689146 0.0019445000216364863 1134444.5000000002 2.158980250358582 162.2011413574219 -2.7266255617141719 0.0028142032679170374 -1.9981291890144346 -0.0018451238865964112 179426576.00000003 33.333234786987312 -1117183.9999999998 -0.87868228554725636 241517.91406250003 3.3666729927062993 0.90781107544898998 -0.31630812585353846
decision_type=2 2 2 2 2 2 2 2 2 2 2 2 2 2 2 2 2
left_child=8 2 3 6 5 -4 -2 -6 9 -1 11 14 15 -14 -10 -12 -13
right_child=1 -3 4 -5 7 -7 -8 -9 10 -11 12 16 13 -15 -16 -17 -18
leaf_value=-0.014077555383737171 -0.013580610632790844 -0.014767659791205546 -0.0017800961284791064 0.016721357516623427 0.00081718798925804986 0.0039094752747297467 0.010469168545007996 0.0075895239962662578 -0.015508299172151834 0.013029960406698142 0.012151830089916729 0.015586835508486741 -0.0097709028051923257 0.010354763944151557 0.0045381885524297064 0.017855785845052562 0.0076192975120540811
leaf_weight=3.691078044474124 12.170318618416788 4.3656722754240027 59.441060140728951 3.0366488844156256 33.081680133938789 253.35708300769329 2.6747801005840293 168.48825003951788 3.2620934993028667 2.4238147959113121 34.358111202716827 5.6237879991531372 4.2839245200157148 7.7660058885812759 2.6293182522058487 19.465173125267029 6.8984604477882367
leaf_count=18 63 21 236 5 109 729 7 425 15 6 54 7 16 16 6 25 14
internal_value=0.00467182 0.00380252 0.00395672 -0.00472553 0.00426049 0.00282509 -0.00917997 0.00648301 0.00982082 -0.00316917 0.0107751 0.00556985 0.0122149 0.00311681 -0.00639188 0.0142332 0.0112774
internal_weight=627.017 536.615 532.25 17.8817 514.368 312.798 14.8451 201.57 90.4018 6.11489 84.2869 18.4137 65.8732 12.0499 5.89141 53.8233 12.5222
internal_count=1772 1595 1574 75 1499 965 70 534 177 24 153 42 111 32 21 79 21
is_linear=0
shrinkage=0.01


Tree=97
num_leaves=26
num_cat=0
split_feature=61 50 25 29 28 2 65 15 3 22 56 31 27 2 46 28 71 37 9 53 43 42 41 53 3
split_gain=24.2516 19.7968 19.7042 19.7355 18.2359 16.4024 27.985 27.8981 19.3921 21.7811 15.7402 19.5947 15.498 15.2186 14.7165 15.6439 14.2192 14.0367 14.0276 11.7806 15.252 11.4151 10.1428 7.72945 4.59144
threshold=169.38391113281253 -0.010593718383461235 13797.500000000002 0.55544716119766246 412.56250000000006 5536681.5000000009 0.22473284602165225 0.99997499585151683 -873129.99999999988 621.65499877929699 -0.27904695272445673 -5.6453557014465323 -3006463.9999999995 42563072.000000007 0.051200918853282935 151.50000000000003 583115.03125000012 -1.5250326991081236 213256416.00000003 0.20390944927930835 1354748.6250000002 -0.00072887502028606821 -1.8441144227981565 -0.26554767787456507 797115.50000000012
decision_type=2 2 2 2 2 2 2 2 2 2 2 2 2 2 2 2 2 2 2 2 2 2 2 2 2
left_child=5 13 3 22 -5 6 8 12 21 -10 19 16 -8 -2 24 -16 -12 -9 -13 23 -21 -1 -3 -7 -4
right_child=1 2 14 4 -6 10 7 17 9 -11 11 18 -14 -15 15 -17 -18 -19 -20 20 -22 -23 -24 -25 -26
leaf_value=0.0074427097555034485 -0.013237317526716542 0.0017874676241183896 -0.015399060920495254 0.0062288199267805698 -0.010538922450170343 0.0027657460301856681 -0.015998163585441962 0.020397930283956835 0.0062121767416917096 -0.0047938699405806707 -0.012247728402800924 0.0028766173529222424 0.0032250441287558092 0.017070362501321074 0.0082327097009741463 -0.015232712495226798 0.0047663446767339628 0.0019617516965028075 0.0098017685675685293 -0.015077199861724207 0.014377915160706908 -0.013330459373423163 0.011866926772269809 0.016213655111381661 0.0012172012687057265
leaf_weight=2.9686994552612331 7.8955236375331861 11.154688253998755 6.5009864717721957 87.080988496541977 6.9666188657283774 5.4596124365925816 4.7041661441326132 14.92377343773842 30.495094008743763 43.791756100952625 12.542621508240702 104.67455215752125 38.167523577809334 2.072825975716114 17.227832108736042 3.3795037716627112 7.9696940630674353 5.8822708576917639 40.982031852006912 3.6096218675374976 3.4210259914398193 20.659156434237957 119.21102969348431 23.360969975590706 2.0892350822687149
leaf_count=9 45 30 29 226 28 16 20 21 89 168 56 325 112 5 44 15 21 18 99 16 7 98 229 39 7
internal_value=0.00462387 0.00693626 0.00748148 0.00848701 0.00497611 0.00294489 0.000563118 0.00572865 -0.00278602 -0.000262376 0.00484508 0.00353961 0.00109242 -0.0068348 -0.000212803 0.00433597 -0.00558846 0.0152337 0.00483195 0.010868 -0.000602472 -0.0106781 0.0110122 0.0137009 -0.0112414
internal_weight=627.192 263.579 253.611 224.413 94.0476 363.613 161.592 63.6777 97.9147 74.2869 202.02 166.169 42.8717 9.96835 29.1976 20.6073 20.5123 20.806 145.657 35.8512 7.03065 23.6279 130.366 28.8206 8.59022
internal_count=1772 658 608 513 254 1114 535 171 364 257 579 501 132 50 95 59 77 39 424 78 23 107 259 55 36
is_linear=0
shrinkage=0.01


Tree=98
num_leaves=17
num_cat=0
split_feature=54 29 69 3 54 2 50 54 11 27 3 31 7 31 7 34
split_gain=27.2172 13.8124 13.373 14.8176 15.6499 8.88505 18.6559 14.5607 6.00592 5.94794 5.52111 4.67632 4.24332 2.11654 3.47836 1.4236
threshold=-2.7852391004562373 0.12513426691293719 49.999761581420906 -2881415.9999999995 1.5088726282119753 5536681.5000000009 -0.0094134216196835024 1.6522771120071413 45.100000381469734 -2714623.9999999995 -265425.49999999994 -1.7013829946517942 2.0063537359237675 -4.8611016273498526 2.336797952651978 -0.073454633355140672
decision_type=2 2 2 2 2 2 2 2 2 2 2 2 2 2 2 2
left_child=8 11 5 12 -5 6 -3 -7 13 -10 -11 -2 -4 -1 -15 -12
right_child=1 2 3 4 -6 7 -8 -9 9 10 15 -13 -14 14 -16 -17
leaf_value=0.014714430584934752 0.0050880268822700294 -0.010913113389388916 0.00051398617687423848 0.0028956794878345982 0.0076087110187584711 0.0066253126032268204 0.0017178908576949055 -0.0010507013469725224 -0.002270970599239842 1.2960358387916613e-05 0.014301100563803267 -0.01328834877425572 0.01687900260711139 0.002739632679450394 0.012971761086252838 0.0083566488979467512
leaf_weight=25.649252131581306 1.6900214850902555 13.038155071437357 1.9350129291415203 167.87481391429901 122.72097255289555 79.815507926046848 112.89578973501921 35.492472365498543 5.6016355156898525 5.4855751246213975 10.099743768572814 6.2360441014170638 13.704133018851278 5.1024230569601086 11.243541702628134 8.733732640743245
leaf_count=34 7 66 6 476 297 226 370 139 17 17 14 37 20 12 17 17
internal_value=0.00457675 0.00382437 0.00401539 0.00540489 0.00488947 0.0022474 0.000402241 0.00425392 0.0103734 0.00687725 0.00902557 -0.00924391 0.0149181 0.0128405 0.00983896 0.0115976
internal_weight=627.319 555.403 547.477 306.235 290.596 241.242 125.934 115.308 71.9159 29.9207 24.3191 7.92607 15.6391 41.9952 16.346 18.8335
internal_count=1772 1644 1600 799 773 801 436 365 128 65 48 44 26 63 29 31
is_linear=0
shrinkage=0.01


Tree=99
num_leaves=16
num_cat=0
split_feature=54 10 62 67 8 38 65 26 31 69 11 61 31 39 11
split_gain=26.9063 14.9423 12.8784 12.8568 17.2856 14.9829 11.0112 11.7776 5.44785 13.3534 10.095 10.9427 4.59655 3.91525 3.34959
threshold=-1.5326034426689146 0.0019445000216364863 0.1297283470630646 -2.0167539119720455 1.296299993991852 -1.4547275900840757 -0.35843783617019648 0.011428562458604576 -1.2341547012329099 33.333234786987312 57.969999313354499 179.20005798339847 -1.7013829946517942 -0.51543360948562611 64.40000152587892
decision_type=2 2 2 2 2 2 2 2 2 2 2 2 2 2 2
left_child=6 2 12 4 -4 -5 7 -1 9 -8 11 -10 -2 -11 -12
right_child=1 -3 3 5 -6 -7 8 -9 10 13 14 -13 -14 -15 -16
leaf_value=-0.014089232377039887 0.00502774623997448 -0.014729356304194401 0.0036937156759924723 0.0089272069432172127 -0.0039208160042315315 0.0039785884167436629 -0.0016743214815434957 0.014487335713641573 -0.015862973450135622 0.0070139280946699334 0.016075304942303876 0.006718178658801025 -0.013293551485732885 0.01505891492224499 0.0067838362651811224
leaf_weight=3.8279513940215102 1.6931656450033186 4.3506494536995879 101.9839156717062 77.205168791115284 42.02623113244772 304.49870397895575 6.0263680368661872 2.2933673411607742 3.4495202600955981 7.5849208682775489 7.9192459434270885 5.629721000790596 5.8864396959543219 44.423232942819595 8.677307188510893
leaf_count=19 7 21 336 182 169 845 18 5 16 16 11 12 35 62 18
internal_value=0.00452996 0.00368051 0.00383257 0.00402048 0.00146464 0.00498214 0.00960284 -0.00321959 0.0105524 0.0122699 0.0066316 -0.00175105 -0.00906893 0.0139049 0.0112776
internal_weight=627.476 537.644 533.294 525.714 144.01 381.704 89.8316 6.12132 83.7103 58.0345 25.6758 9.07924 7.57961 52.0082 16.5966
internal_count=1772 1595 1574 1532 505 1027 177 24 153 96 57 28 42 78 29
is_linear=0
shrinkage=0.01


Tree=100
num_leaves=20
num_cat=0
split_feature=61 50 25 29 33 2 65 44 3 56 31 2 46 20 36 31 47 3 36
split_gain=23.4853 19.1306 19.1629 19.2363 15.952 16.7478 28.7912 28.0229 19.7567 16.4002 20.7004 14.8607 14.4322 13.8085 13.7668 9.97742 7.27936 4.53028 3.78967
threshold=169.38391113281253 -0.010593718383461235 13797.500000000002 0.55544716119766246 1.4499821066856386 5536681.5000000009 0.22473284602165225 165536.17968750003 -873129.99999999988 -0.27904695272445673 -5.6453557014465323 42563072.000000007 0.051200918853282935 31476.314453125004 -1.8522585630416868 -3.8458381891250606 -0.93731215596199025 797115.50000000012 1.7947490811347964
decision_type=2 2 2 2 2 2 2 2 2 2 2 2 2 2 2 2 2 2 2
left_child=4 11 3 15 5 6 8 -8 -1 16 -11 -2 17 -14 -5 -3 -7 -4 -6
right_child=1 2 12 14 18 9 7 -9 -10 10 -12 -13 13 -15 -16 -17 -18 -19 -20
leaf_value=-0.010640973460184069 -0.013193586876885358 0.013980000622000428 -0.01536093816148157 0.013348606774287937 -0.015259337900559397 0.00073832741803029288 -0.00038846237480018092 0.013194549127628286 -9.3987397332449216e-05 -0.0056264195952473728 0.0050969945835055144 0.016715926349730709 0.0076929723521200911 -0.015066304473609363 0.0030925641408056314 0.0083313620874518983 0.013322621379057317 0.0011279090614020495 0
leaf_weight=23.527323327958584 7.8363249227404577 56.362765043973923 6.4861067682504672 15.843675807118414 5.8373706489801389 5.6536681428551665 31.47931981086731 29.102978900074959 73.264227628707886 20.506190337240696 143.12837809324265 2.0834381431341171 17.538094535470012 3.1209603399038306 78.38463169336319 73.743287682533264 29.304521203041077 2.0946171134710312 2.3394759893417358
leaf_count=107 45 95 29 31 26 17 101 58 252 77 411 5 45 14 223 164 57 7 8
internal_value=0.00448354 0.00676031 0.00729515 0.00828778 0.00283333 0.00315273 0.000708711 0.00612014 -0.002668 0.00508445 0.00374706 -0.00681091 -0.000286302 0.00420633 0.00482764 0.0107861 0.011316 -0.0112194 -0.010949
internal_weight=627.637 263.494 253.574 224.334 364.143 355.967 157.374 60.5823 96.7916 198.593 163.635 9.91976 29.2398 20.6591 94.2283 130.106 34.9582 8.58072 8.17685
internal_count=1772 658 608 513 1114 1080 518 159 359 562 488 50 95 59 254 259 74 36 34
is_linear=0
shrinkage=0.01


Tree=101
num_leaves=20
num_cat=0
split_feature=61 50 25 29 28 33 2 65 44 3 56 59 2 46 28 41 53 3 36
split_gain=23.0364 18.7474 18.7683 18.8994 17.7706 15.6636 16.3848 28.2002 27.3742 19.4553 16.0495 15.8496 14.6143 14.1754 15.2722 9.97763 8.53812 4.47589 3.74361
threshold=169.38391113281253 -0.010593718383461235 13797.500000000002 0.55544716119766246 412.56250000000006 1.4499821066856386 5536681.5000000009 0.22473284602165225 165536.17968750003 -873129.99999999988 -0.27904695272445673 1.5715781450271609 42563072.000000007 0.051200918853282935 151.50000000000003 -1.8441144227981565 0.20390944927930835 797115.50000000012 1.7947490811347964
decision_type=2 2 2 2 2 2 2 2 2 2 2 2 2 2 2 2 2 2 2
left_child=5 12 3 15 -5 6 7 9 -9 -1 16 -12 -2 17 -15 -3 -8 -4 -7
right_child=1 2 13 4 -6 18 10 8 -10 -11 11 -13 -14 14 -16 -17 -18 -19 -20
leaf_value=-0.010574238324210552 -0.013150548677778526 0.001529415009869986 -0.015278014401701517 0.0060086719923829815 -0.010543464385152697 -0.015177521338729918 0.013520214874770405 -0.00038461546429386105 0.013032093685340538 -9.3050170683326507e-05 0.0010285830874999908 0.0073394866737361286 0.016483435816422771 0.0079921782052318081 -0.015207782089666564 0.011529662644128288 0.00054886045956553989 0.0011162211053069332 0
leaf_weight=23.439490281045437 7.7836157754063588 11.145661592483519 6.4562476128339785 87.34093052148819 6.9658658355474463 5.8102851659059507 28.634554095566273 31.476255148649216 29.170767858624458 73.262137413024902 94.446768641471863 69.331139877438545 2.0916540026664734 17.303731158375744 3.3717626631259909 118.93381418287754 6.3647858649492255 2.0953810513019562 2.3394759893417358
leaf_count=107 45 30 29 226 28 26 54 101 58 252 302 186 5 44 15 229 20 7 8
internal_value=0.00443779 0.00669292 0.00722119 0.00820314 0.00477546 0.00280386 0.00311973 0.000701488 0.00605223 -0.00264392 0.00502895 0.00370625 -0.00677259 -0.000283376 0.00416036 0.0106805 0.0111899 -0.011144 -0.0108764
internal_weight=627.764 263.489 253.613 224.386 94.3068 364.276 356.126 157.349 60.647 96.7016 198.777 163.778 9.87527 29.2271 20.6755 130.079 34.9993 8.55163 8.14976
internal_count=1772 658 608 513 254 1114 1080 518 159 359 562 488 50 95 59 259 74 36 34
is_linear=0
shrinkage=0.01


Tree=102
num_leaves=16
num_cat=0
split_feature=54 51 2 39 61 5 67 11 10 11 65 10 61 31 1
split_gain=25.9822 13.2991 11.4467 14.7732 12.0119 15.1339 15.062 8.6086 8.25039 6.01926 6.31554 2.51976 4.57265 2.11518 3.64812
threshold=-2.7852391004562373 -0.038843464106321328 1134444.5000000002 2.6299754381179814 162.2011413574219 640731.31250000012 6.2982637882232675 1.0000000180025095e-35 0.00052400000276975345 45.100000381469734 -3.0032188957918034e-09 -0.00089750002371147264 232.75396728515628 -4.8611016273498526 3027792.0000000005
decision_type=2 2 2 2 2 2 2 2 2 2 2 2 2 2 2
left_child=9 7 3 8 6 -6 -4 -2 -3 13 -11 -12 -13 -1 -15
right_child=1 2 4 -5 5 -7 -8 -9 -10 10 11 12 -14 14 -16
leaf_value=0.014477549400456093 0.0075648637595944262 -0.013550836108043172 0.0032337887204491773 0.016481738230134633 0.0054164380015627915 0.017656963970251387 -0.013894282748261414 -0.011552288602425532 0.0009059713897164581 -0.002792657869993585 0.01550783958785003 -0.00043076387573925306 0.010194079353467486 0.00099471002240111872 0.012299979601216463
leaf_weight=25.202705278992653 3.1085650324821463 9.4522310346365028 314.17945459485054 3.0223296731710425 195.36909659206867 10.741307958960531 5.1985980421304694 9.1314407512545568 6.5670459270477286 5.6496263146400478 4.7867212891578701 5.4813020080328014 13.811087295413015 3.9856352508068111 12.192287370562552
leaf_count=34 10 49 917 5 520 16 26 78 23 18 6 17 24 10 19
internal_value=0.00439259 0.00366278 0.00389565 -0.00369311 0.00417254 0.0060592 0.00295186 -0.00661545 -0.00756189 0.0100927 0.00658906 0.0088318 0.00712354 0.0125857 0.0095766
internal_weight=627.879 556.77 544.53 19.0416 525.488 206.11 319.378 12.24 16.0193 71.1094 29.7287 24.0791 19.2924 41.3806 16.1779
internal_count=1772 1644 1556 77 1479 536 943 88 72 128 65 47 41 63 29
is_linear=0
shrinkage=0.01


Tree=103
num_leaves=17
num_cat=0
split_feature=54 51 12 3 21 13 34 2 20 11 65 27 3 1 31 1
split_gain=25.6613 13.0474 11.9529 18.617 12.911 12.0528 21.134 14.8374 8.5618 5.96608 6.20707 3.34323 3.0931 2.76093 2.11047 3.59543
threshold=-2.7852391004562373 -0.038843464106321328 115309140.00000001 -334148.49999999994 -39103.999999999993 49356942.000000007 -1.2354001402854917 1286421.5000000002 326.15499877929693 45.100000381469734 -3.0032188957918034e-09 -11335679.999999998 -375461.49999999994 1789073.5000000002 -4.8611016273498526 3027792.0000000005
decision_type=2 2 2 2 2 2 2 2 2 2 2 2 2 2 2 2
left_child=9 8 5 11 -5 7 -7 -3 -2 14 -11 -4 -12 -14 -1 -16
right_child=1 2 3 4 -6 6 -8 -9 -10 10 12 -13 13 -15 15 -17
leaf_value=0.01440710571050241 0.0072512880935201576 -0.0034862926848813636 0.0086518613355796147 0.011576973770120539 -0.014673915135166709 -0.0072549779651044227 0.0027916891786695301 0.0051118887798712875 -0.011642066785115167 -0.0027648361638369524 0.001208988534035455 0.019648601044690156 0.016525454105511775 0.0079408645654946639 0.00098489441831168222 0.012215029763936203
leaf_weight=25.073323592543602 3.2055097073316565 21.224548533558846 4.0799725055694624 3.559393048286438 3.9284141957759848 24.44499571621418 144.67609499394894 331.0223987698555 8.9676688984036428 5.649413168430331 4.6685952842235627 11.987119302153587 5.7227902412414542 13.641108378767965 3.9851056188344982 12.154497817158697
leaf_count=34 12 82 10 7 18 95 425 903 76 18 13 16 7 27 10 19
internal_value=0.00434795 0.00362403 0.00385392 0.0108424 -0.00206178 0.00353627 0.00133362 0.00459097 -0.00658481 0.0100225 0.00653322 0.0169184 0.00876056 0.0105296 0.0125113 0.0095041
internal_weight=627.991 557.096 544.923 23.5549 7.48781 521.368 169.121 352.247 12.1732 70.8948 29.6819 16.0671 24.0325 19.3639 41.2129 16.1396
internal_count=1772 1644 1556 51 25 1505 520 985 88 128 65 26 47 34 63 29
is_linear=0
shrinkage=0.01


Tree=104
num_leaves=16
num_cat=0
split_feature=54 10 29 67 8 38 65 8 35 31 69 11 10 39 11
split_gain=25.3575 14.6161 12.3342 12.3494 16.6121 14.6294 10.7386 9.59143 5.49408 5.35832 13.2267 9.84279 7.65798 3.94514 3.31357
threshold=-1.5326034426689146 0.0019445000216364863 0.12513426691293719 -2.0167539119720455 1.296299993991852 -1.4547275900840757 -0.35843783617019648 1.8913999795913699 -2.029216885566711 -1.2341547012329099 33.333234786987312 57.969999313354499 -0.00028138999186921859 -0.51543360948562611 64.40000152587892
decision_type=2 2 2 2 2 2 2 2 2 2 2 2 2 2 2
left_child=6 2 8 4 -4 -5 7 -1 -2 10 -8 12 -11 -12 -13
right_child=1 -3 3 5 -6 -7 9 -9 -10 11 13 14 -14 -15 -16
leaf_value=-0.014026847133968439 0.0076317067980977713 -0.014741485275771607 0.0034939914138781098 0.0086492196492373875 -0.0039664880829801321 0.0037681376876960312 -0.0019437497061684786 0.011241118284732541 -0.013377930880558886 0.0040647344738731894 0.0066374161741999324 0.015698738714376201 -0.015796268383161182 0.014749281550581719 0.0064290956054084605
leaf_weight=3.59287255257368 1.5043330043554304 4.3426047936081877 102.41120721399784 77.478289447724819 42.028058633208275 305.47318839281797 6.0237871855497351 2.5499095767736435 6.0158893018960944 6.2185487598180771 7.5087736696004859 7.8722256273031261 2.8006852865219134 43.705616131424904 8.5988908857107145
leaf_count=18 7 21 336 182 169 845 18 6 35 15 16 11 13 62 18
internal_value=0.00430364 0.00348499 0.00363483 0.0038175 0.00131626 0.00475828 0.00925976 -0.00337515 -0.00904222 0.01021 0.0119283 0.00631233 -0.0019917 0.0135795 0.0109202
internal_weight=628.125 539.254 534.911 527.391 144.439 382.951 88.8713 6.14278 7.52022 82.7285 57.2382 25.4904 9.01923 51.2144 16.4711
internal_count=1772 1595 1574 1532 505 1027 177 24 42 153 96 57 28 78 29
is_linear=0
shrinkage=0.01


Tree=105
num_leaves=17
num_cat=0
split_feature=54 62 69 11 72 49 20 69 52 26 35 38 72 36 46 71
split_gain=25.029 12.7506 12.4731 14.0066 28.1237 16.1811 8.67748 18.7134 10.7493 6.01703 5.45455 4.81706 10.1082 4.33674 2.61261 0.488225
threshold=-2.7852391004562373 0.1297283470630646 49.999761581420906 50.225000381469734 -1294164.3749999998 1.4813308715820315 243.15000152587893 24.999943733215336 -0.064440999180078493 0.0021285691764205699 -2.029216885566711 -1.2833597660064695 -891652.12499999988 0.85526448488235485 0.42625190317630773 117465.73828125001
decision_type=2 2 2 2 2 2 2 2 2 2 2 2 2 2 2 2
left_child=9 10 6 5 -5 -4 7 -3 -8 13 -2 -11 -13 14 15 -1
right_child=1 2 3 4 -6 -7 8 -9 -10 11 -12 12 -14 -15 -16 -17
leaf_value=0.01138144768086522 0.007532980849532374 -0.010215480180078158 0.008250229024775858 -0.0031726973192203025 0.0057153451656019498 -0.0095720907609291011 -0.012927820524284411 0.0050910321488489112 0.0030928080578809208 0.0095272906857285459 -0.013282695286660127 -0.014646875179901035 0.0098756566989460764 0.0039088772216112093 0.0074464428149304922 0.014432182359225958
leaf_weight=11.467730119824408 1.5087854862213133 16.550880864262584 126.81708187609911 49.439642459154129 126.15429176390171 5.2559653371572486 4.2525395676493636 15.346936047077177 206.17346409708261 7.3659825325012207 6.2786301746964446 3.3093080669641495 3.3863294869661313 7.2166177183389655 9.4117795526981336 28.300091683864594
leaf_count=18 7 75 297 162 320 20 29 46 651 14 37 16 7 17 18 38
internal_value=0.00425989 0.00354769 0.00372889 0.00506755 0.00320716 0.0075334 0.00202512 -0.00281974 0.00276429 0.00988384 -0.00912132 0.00392196 -0.00209521 0.0113526 0.0124246 0.0135776
internal_weight=628.236 557.778 549.991 307.667 175.594 132.073 242.324 31.8978 210.426 70.4578 7.78742 14.0616 6.69564 56.3962 49.1796 39.7678
internal_count=1772 1644 1600 799 482 317 801 121 680 128 44 37 23 91 74 56
is_linear=0
shrinkage=0.01


Tree=106
num_leaves=17
num_cat=0
split_feature=54 10 2 35 61 50 67 60 51 9 69 27 27 37 59 45
split_gain=24.763 14.3491 13.2347 16.2792 14.7072 18.4167 14.5106 12.425 10.4948 10.165 5.87901 13.4115 10.9464 8.0866 4.10368 3.05177
threshold=-1.5326034426689146 0.0019445000216364863 1134444.5000000002 2.158980250358582 162.2011413574219 -0.010593718383461235 -2.7266255617141719 0.0028142032679170374 -0.0018451238865964112 179426576.00000003 33.333234786987312 -1215487.9999999998 1427456.0000000002 2.0045562982559209 0.90781107544898998 -0.31987574696540827
decision_type=2 2 2 2 2 2 2 2 2 2 2 2 2 2 2 2
left_child=8 2 3 7 6 -6 -4 -2 9 -1 11 -10 14 -14 -12 -13
right_child=1 -3 4 -5 5 -7 -8 -9 10 -11 12 15 13 -15 -16 -17
leaf_value=-0.014040391661385349 -0.013583166155984087 -0.014693671695658158 -0.0019383648005072097 0.016051434909029879 -0.0071102577299386269 0.0066472779801807881 0.003532021343622046 0.009950691480639786 -0.0097945554965787694 0.012134725396029956 0.010884497864447758 0.015171326716527512 0.010549345312180465 -0.0092561148980950386 0.016639234186797865 0.0053526289910151197
leaf_weight=3.6704565957188597 12.149582892656328 4.3213534429669371 59.624242641031742 3.0504595190286627 10.177413418889044 192.93473979085684 254.95113162696362 2.7012962847948065 4.5531285703182247 2.4619855657219887 34.65179742872715 6.272168457508088 4.152763679623602 4.0803879052400589 21.274247959256172 7.2903412282466862
leaf_count=18 63 21 236 5 51 483 729 7 18 6 58 8 8 16 29 16
internal_value=0.00421679 0.0034105 0.00355844 -0.00487035 0.00385183 0.005953 0.00249199 -0.00923515 0.00912956 -0.00336883 0.0100733 0.00494511 0.0115057 0.000612208 0.0130915 0.00996715
internal_weight=628.317 539.91 535.589 17.9013 517.688 203.112 314.575 14.8509 88.4073 6.13244 82.2748 18.1156 64.1592 8.23315 55.926 13.5625
internal_count=1772 1595 1574 75 1499 534 965 70 177 24 153 42 111 24 87 24
is_linear=0
shrinkage=0.01


Tree=107
num_leaves=15
num_cat=0
split_feature=54 10 2 35 61 50 70 65 26 28 69 27 27 58
split_gain=24.4379 14.107 12.969 15.9862 14.3868 18.0366 14.3839 10.3068 11.2288 5.17714 5.78148 7.99521 6.45087 5.15756
threshold=-1.5326034426689146 0.0019445000216364863 1134444.5000000002 2.158980250358582 162.2011413574219 -0.010593718383461235 701746.78125000012 -0.35843783617019648 0.011428562458604576 1040.8046875000002 33.333234786987312 -1117183.9999999998 1427456.0000000002 -52223.999999999993
decision_type=2 2 2 2 2 2 2 2 2 2 2 2 2 2
left_child=7 2 3 13 6 -6 -4 8 -1 10 11 -9 -12 -2
right_child=1 -3 4 -5 5 -7 -8 9 -10 -11 12 -13 -14 -15
leaf_value=-0.01404784178254009 -0.00080323841959680431 -0.014623053722846079 0.0014455803045608101 0.015864088047865085 -0.0070615328340874316 0.0065729159563299271 0.0069716577439202926 -0.0051217561356622981 0.013791609488310414 0.00089034816964934373 0.013378724275257594 0.0099835152984004243 0.0030543420173317804 -0.013463345753789345
leaf_weight=3.8004029840230933 5.0734889060258892 4.2989125847816458 256.81043803691864 3.0555929839611045 10.145323112607 193.165143199265 57.923966854810715 4.9701240658760097 2.3184593915939331 6.0214387476444236 52.577807530760765 11.356575310230253 7.1317386627197257 9.7077600881457311
leaf_count=19 19 21 815 5 51 483 150 17 5 16 81 20 19 51
internal_value=0.00417437 0.00337465 0.00352089 -0.0048383 0.00381064 0.00588763 0.00246578 0.00906226 -0.00333594 0.00999895 0.0107071 0.00532397 0.0121623 -0.00918557
internal_weight=628.357 540.181 535.882 17.8368 518.045 203.31 314.734 88.1765 6.11886 82.0577 76.0362 16.3267 59.7095 14.7812
internal_count=1772 1595 1574 75 1499 534 965 177 24 153 137 37 100 70
is_linear=0
shrinkage=0.01


Tree=108
num_leaves=16
num_cat=0
split_feature=54 29 69 3 54 2 8 54 26 3 35 36 7 47 26
split_gain=24.1183 12.4382 11.964 14.48 14.9266 8.66841 17.5506 13.8982 6.00427 4.95993 4.84356 4.27196 4.17037 3.04261 0.376171
threshold=-2.7852391004562373 0.12513426691293719 49.999761581420906 -2881415.9999999995 1.5088726282119753 5536681.5000000009 1.3574154973030093 1.6522771120071413 0.0021285691764205699 -480419.99999999994 -1.9981291890144346 0.85526448488235485 2.0063537359237675 -0.82113832235336293 0.00071428596857003878
decision_type=2 2 2 2 2 2 2 2 2 2 2 2 2 2 2
left_child=8 10 5 12 -5 6 -3 -7 11 -10 -2 13 -4 -1 -15
right_child=1 2 3 4 -6 7 -8 -9 9 -11 -12 -13 -14 14 -16
leaf_value=0.0058177539249245095 0.0055831321282181897 0.0020859055069232025 5.6924540625505652e-05 0.0024779249455848117 0.0070643791501782431 0.0062282273034015749 -0.0069765536309554337 -0.0012539225617815395 -0.004190324659467815 0.0081623960549411043 -0.013284904866198807 0.0037748701538328697 0.01626129145695036 0.011298869667003046 0.014039680406382185
leaf_weight=6.8871682286262503 1.6674632132053373 99.431451141834259 1.9364954084157933 168.97532498836517 123.5830088108778 80.411000192165375 27.214625731110573 35.620967745780945 4.9535344094038001 9.0496781468391401 6.0901998057961455 7.2065623104572287 13.72537215054035 11.986081928014753 29.68924868106842
leaf_count=14 8 322 6 476 297 226 114 139 18 19 36 17 20 19 41
internal_value=0.00413218 0.00343707 0.00361544 0.00492521 0.00441876 0.00194782 0.000130603 0.00392264 0.00968348 0.0037213 -0.00910043 0.0111626 0.0143216 0.0122383 0.0132754
internal_weight=628.428 558.656 550.898 308.22 292.558 242.678 126.646 116.032 69.7723 14.0032 7.75766 55.7691 15.6619 48.5625 41.6753
internal_count=1772 1644 1600 799 773 801 436 365 128 37 44 91 26 74 60
is_linear=0
shrinkage=0.01


Tree=109
num_leaves=16
num_cat=0
split_feature=54 10 2 35 61 5 67 60 51 9 36 5 20 47 26
split_gain=23.8556 13.8315 12.6623 15.6842 14.093 14.4734 14.1696 12.2085 10.1515 9.90089 5.13837 15.4629 7.59047 5.0817 2.53417
threshold=-1.5326034426689146 0.0019445000216364863 1134444.5000000002 2.158980250358582 162.2011413574219 640731.31250000012 -2.7266255617141719 0.0028142032679170374 -0.0018451238865964112 179426576.00000003 0.85526448488235485 13439.165039062502 15435.095214843752 -1.944145619869232 0.0021285691764205699
decision_type=2 2 2 2 2 2 2 2 2 2 2 2 2 2 2
left_child=8 2 3 7 6 -6 -4 -2 9 -1 13 12 -12 -10 -15
right_child=1 -3 4 -5 5 -7 -8 -9 10 -11 11 -13 -14 14 -16
leaf_value=-0.01397263749061846 -0.01350431627572748 -0.014564822663626541 -0.0019738537862391222 0.015657683997348383 0.0051489603369601691 0.01710056854324395 0.0034289249799187528 0.0098181544664671678 0.0006460042040231502 0.011861256044837678 -0.015917384519920912 0.014542418917522091 0.0058754779606021695 0.012916982972194981 0.0080973679488904535
leaf_weight=3.6453997641801825 12.019829846918585 4.2767516002058974 59.682238325476646 3.0596529543399802 192.79672355949879 10.784876003861426 255.41815169900656 2.7089340835809699 4.6311731636524192 2.4722848832607269 3.8497432619333249 6.9183955937623978 2.6481631845235825 47.681810662150383 15.890911921858786
leaf_count=18 63 21 236 5 518 16 729 7 12 6 17 11 6 71 36
internal_value=0.0040906 0.00330289 0.0034472 -0.00482425 0.0037328 0.00578702 0.00240243 -0.00914692 0.00893402 -0.00336916 0.00986843 0.00409141 -0.006882 0.0109902 0.011728
internal_weight=628.485 540.747 536.47 17.7884 518.682 203.582 315.1 14.7288 87.7379 6.11768 81.6202 13.4163 6.49791 68.2039 63.5727
internal_count=1772 1595 1574 75 1499 534 965 70 177 24 153 34 23 119 107
is_linear=0
shrinkage=0.01


Tree=110
num_leaves=17
num_cat=0
split_feature=54 10 2 35 61 50 70 60 51 26 31 69 26 4 31 57
split_gain=23.5516 13.5998 12.409 15.4049 13.7853 17.585 14.0226 12.0421 9.98088 9.13274 5.79499 14.2427 8.62804 10.7442 4.09136 3.27066
threshold=-1.5326034426689146 0.0019445000216364863 1134444.5000000002 2.158980250358582 162.2011413574219 -0.010593718383461235 701746.78125000012 0.0028142032679170374 -0.0018451238865964112 0.011428562458604576 -1.2341547012329099 33.333234786987312 0.0021428558975458149 42567.035156250007 2.2892092466354375 0.90668693184852611
decision_type=2 2 2 2 2 2 2 2 2 2 2 2 2 2 2 2
left_child=8 2 3 7 6 -6 -4 -2 9 -1 11 -10 14 -14 -12 -13
right_child=1 -3 4 -5 5 -7 -8 -9 10 -11 12 15 13 -15 -16 -17
leaf_value=-0.013867946857261601 -0.013456205974989977 -0.014496500976288977 0.001370209010646263 0.015479579793061686 -0.0070678752639264514 0.0063983066802667105 0.0068200810602961357 0.009693538913100895 -0.0025200053431456847 0.010825048145426666 0.004134450361627625 0.0095217747819293895 -0.014705667694161886 0.011945163296339573 0.013609308637923785 0.01522289512857322
leaf_weight=3.5423904657363883 11.9425640180707 4.2540525346994391 257.18113022297621 3.0638863146305075 10.138605713844298 193.64674147218466 58.068226963281631 2.7162841707468024 6.2187713533639899 2.5615099668502808 9.1209978461265617 16.087436601519585 3.8839640468358985 2.4451346099376678 9.9568895399570447 33.675174623727798
leaf_count=18 63 21 815 5 51 483 150 7 19 6 20 29 18 6 14 47
internal_value=0.00404964 0.00326825 0.00341091 -0.00479291 0.00369296 0.00572344 0.00237724 -0.00909834 0.00886997 -0.00334167 0.0097981 0.0116136 0.00575857 -0.00425159 0.00913187 0.0133999
internal_weight=628.504 541.011 536.757 17.7227 519.035 203.785 315.249 14.6588 87.4923 6.1039 81.3884 55.9814 25.407 6.3291 19.0779 49.7626
internal_count=1772 1595 1574 75 1499 534 965 70 177 24 153 95 58 24 34 76
is_linear=0
shrinkage=0.01


Tree=111
num_leaves=17
num_cat=0
split_feature=54 10 2 39 61 50 70 51 9 31 69 31 61 34 5 39
split_gain=23.257 13.3727 12.1611 14.6782 13.4892 17.225 13.7144 9.81456 9.67392 5.71083 14.0412 7.96251 9.61346 5.54278 4.48673 3.5023
threshold=-1.5326034426689146 0.0019445000216364863 1134444.5000000002 2.6299754381179814 162.2011413574219 -0.010593718383461235 701746.78125000012 -0.0018451238865964112 179426576.00000003 -1.2341547012329099 33.333234786987312 2.2892092466354375 179.20005798339847 0.82414671778678905 64121.359375000007 -0.51543360948562611
decision_type=2 2 2 2 2 2 2 2 2 2 2 2 2 2 2 2
left_child=7 2 3 13 6 -6 -4 8 -1 10 -9 12 -11 -2 -13 -12
right_child=1 -3 4 -5 5 -7 -8 9 -10 11 15 14 -14 -15 -16 -17
leaf_value=-0.013883010329918859 -0.01335789501696808 -0.014429379032570291 0.0013560370064134104 0.014693310524397676 -0.0070194064523427533 0.0063274436935178337 0.0067426360867946789 -0.0024952352571522571 0.011682502942032871 -0.011525573607585419 0.0066033292238720769 0.0052692083922295675 0.0068933440264047057 0 0.01713406814139044 0.014430802412000463
leaf_weight=3.611430086195468 9.7681898623704928 4.2312174364924422 257.269815787673 3.147468961775302 10.106687009334562 193.85623484104872 58.147436700761318 6.2177051156759253 2.4782780259847641 4.61567170917988 7.1945299953222266 7.0021382570266706 7.3326471596956253 4.7407702356576911 6.3973057866096497 42.385808616876602
leaf_count=18 52 21 815 6 51 483 150 19 6 19 15 16 15 17 8 61
internal_value=0.0040092 0.00323402 0.00337505 -0.004762 0.0036536 0.00566118 0.00235223 0.00880748 -0.00331461 0.00972953 0.0115354 0.00571474 -0.000138246 -0.00905142 0.0110085 0.0133151
internal_weight=628.503 541.268 537.037 17.6564 519.38 203.963 315.417 87.2355 6.08971 81.1458 55.798 25.3478 11.9483 14.509 13.3994 49.5803
internal_count=1772 1595 1574 75 1499 534 965 177 24 153 95 58 34 69 24 76
is_linear=0
shrinkage=0.01


Tree=112
num_leaves=17
num_cat=0
split_feature=54 10 2 35 61 50 70 60 65 7 31 69 11 61 39 11
split_gain=22.9609 13.15 11.9204 14.9691 13.2003 16.8731 13.4138 11.8071 9.6576 9.13268 5.07278 12.3461 9.35492 9.99524 3.91879 3.16775
threshold=-1.5326034426689146 0.0019445000216364863 1134444.5000000002 2.158980250358582 162.2011413574219 -0.010593718383461235 701746.78125000012 0.0028142032679170374 -0.35843783617019648 2.966527104377747 -1.2341547012329099 33.333234786987312 57.969999313354499 179.20005798339847 -0.51543360948562611 64.40000152587892
decision_type=2 2 2 2 2 2 2 2 2 2 2 2 2 2 2 2
left_child=8 2 3 7 6 -6 -4 -2 9 -1 11 -10 13 -12 -13 -14
right_child=1 -3 4 -5 5 -7 -8 -9 10 -11 12 14 15 -15 -16 -17
leaf_value=-0.013850135113858065 -0.013376036981266257 -0.014363426604047996 0.0013420173985992246 0.015221997500299074 -0.0069712384819144591 0.0062575593429506421 0.0066663145349390987 0.0095468019566533335 -0.0020450649863702286 0.010892409364365672 -0.015825388211872717 0.0060275108023901749 0.015091147331391434 0.0059112520308096965 0.014181916755131443 0.005947535805051197
leaf_weight=3.5244083404541007 11.80689223110676 4.208254635334014 257.35740324109793 3.0674550831317893 10.07491424679756 194.05997136235237 58.224634513258934 2.7228430062532416 6.0034156292676917 2.5537244230508804 3.4095564335584658 7.3761532306671134 7.7460589706897762 5.5053063333034515 42.4394311606884 8.4295286387205106
leaf_count=18 63 21 815 5 51 483 150 7 18 6 16 16 11 12 62 18
internal_value=0.0039691 0.00320013 0.00333955 -0.00473043 0.00361472 0.00559976 0.00232751 -0.00901152 0.00874464 -0.00329004 0.00966108 0.0113591 0.00584356 -0.00228992 0.0129946 0.010388
internal_weight=628.51 541.522 537.314 17.5972 519.717 204.135 315.582 14.5297 86.9876 6.07813 80.9095 55.819 25.0905 8.91486 49.8156 16.1756
internal_count=1772 1595 1574 75 1499 534 965 70 177 24 153 96 57 28 78 29
is_linear=0
shrinkage=0.01


Tree=113
num_leaves=17
num_cat=0
split_feature=54 42 2 39 50 20 42 51 9 69 27 27 37 28 59 45
split_gain=22.6697 12.9318 11.6828 14.2004 11.9247 12.2273 11.3252 9.51656 9.44069 5.43665 12.6082 10.3835 7.65342 4.9666 3.83066 3.06667
threshold=-1.5326034426689146 0.0019445000216364863 1134444.5000000002 2.6299754381179814 -0.013425439596176146 40230.279296875007 0.00087839498883113276 -0.0018451238865964112 179426576.00000003 33.333234786987312 -1215487.9999999998 1427456.0000000002 2.0045562982559209 124.56250000000001 0.90781107544898998 -0.31987574696540827
decision_type=2 2 2 2 2 2 2 2 2 2 2 2 2 2 2 2
left_child=7 2 3 13 6 -6 -4 8 -1 10 -9 14 -13 -2 -11 -12
right_child=1 -3 4 -5 5 -7 -8 9 -10 11 15 12 -14 -15 -16 -17
leaf_value=-0.013801306002674462 -0.01330447709768692 -0.014298614891608654 -0.0030597015400707027 0.014396722401474065 0.003576667149874055 0.0098186004359522659 0.016854653189367536 -0.0096891434071526648 0.011476911433917623 0.010387905438168482 0.014845435473387838 0.010062652349219433 -0.0092943922758691819 -0.00078419541915148664 0.016008350620829309 0.004931381081125538
leaf_weight=3.5790199711918822 9.30632331967354 4.1851719468832007 38.318095453083515 3.1532500684261313 444.64545527100563 34.005144700407982 3.0764504224061957 4.5233699679374721 2.4857801869511604 33.675014570355415 6.1268764734268197 4.1156477183103544 4.0465867966413498 5.070450246334075 20.965870440006256 7.2174698561429951
leaf_count=18 50 21 163 6 1253 77 6 18 6 58 8 8 16 19 29 16
internal_value=0.00392955 0.00316672 0.00330456 -0.00470025 0.00357631 0.00402221 -0.00155551 0.00868271 -0.00327563 0.00959413 0.00462962 0.0109906 0.000343505 -0.00895834 0.0125628 0.00955822
internal_weight=628.496 541.76 537.575 17.53 520.045 478.651 41.3945 86.7356 6.0648 80.6708 17.8677 62.8031 8.16223 14.3768 54.6409 13.3443
internal_count=1772 1595 1574 75 1499 1330 169 177 24 153 42 111 24 69 87 24
is_linear=0
shrinkage=0.01


Tree=114
num_leaves=27
num_cat=0
split_feature=69 68 60 33 50 27 1 72 33 24 72 34 7 66 65 31 52 53 57 59 37 31 7 34 3 3
split_gain=18.4978 26.9191 15.052 14.7209 17.6492 13.6299 23.0652 12.156 11.1976 21.6983 19.3331 11.5407 14.4251 11.144 17.8361 10.9463 9.79239 9.57809 12.3332 19.904 11.6034 15.7159 7.37449 7.14949 6.46236 6.22369
threshold=49.999761581420906 57.142862319946296 -1.0000000180025095e-35 -0.79492616653442372 0.0043793839868158111 3026432.0000000005 10789058.500000002 -2050295.5624999998 -0.58506101369857777 70.500000000000014 -1170681.1874999998 -1.477897524833679 4.2105693817138681 -2.162092804908752 -1.0000000180025095e-35 -1.562870919704437 -0.010429008863866327 1.0000000180025095e-35 1.9953066110610964 1.0933429002761843 -1.6529392600059507 2.2892092466354375 2.2762039899826054 -0.18949021399021146 159740.00000000003 797115.50000000012
decision_type=2 2 2 2 2 2 2 2 2 2 2 2 2 2 2 2 2 2 2 2 2 2 2 2 2 2
left_child=8 17 3 15 -5 7 -7 -4 9 11 13 22 -13 16 -15 -3 -10 20 19 -19 24 -22 -1 25 -2 -12
right_child=1 2 5 4 -6 6 -8 -9 10 -11 23 12 -14 14 -16 -17 -18 18 -20 -21 21 -23 -24 -25 -26 -27
leaf_value=0.019159882939361925 0.012691699915419024 -0.016664019202061189 0.00033626121248901258 0.0096329350477440939 -0.010457219165307088 -0.0068726759592330272 0.005601311599814386 0.007873121447141241 -0.001032812519524173 -0.014334115510234152 -0.0019181145508134663 0.0018957311427586217 -0.0068637564262642413 -0.012000658121660211 0.010178278944391128 0.00048735821366617256 0.018845596363919005 0.0076418024105183091 0.015599053608506639 -0.010054633240291058 -0.0022029347810800476 0.01410073242581002 0.003796348984085571 0.018881076350867262 0.0024479374301474622 0.013752991955639985
leaf_weight=5.7685713544487935 79.052864581346512 9.6770231872796995 27.896396517753601 13.062634229660036 6.5407341271638861 25.386928766965866 35.594493761658669 96.043773055076599 4.7999130934476852 8.9563125893473607 4.2618994340300578 173.01405730843544 21.061217166483402 10.875248104333879 5.3973997086286536 5.865693360567092 4.9324302226305026 16.672055333852771 7.2586878985166541 10.256768375635145 15.244924485683443 9.5768487751483899 7.259748786687851 11.207446761429308 6.9456674158573142 5.9094463884830475
leaf_count=10 137 41 81 29 26 92 92 222 16 46 16 568 88 47 11 17 8 39 12 38 48 18 24 18 18 10
internal_value=0.00389013 0.00534892 0.00313757 -0.00284429 0.00287877 0.00427989 0.000391918 0.0061848 0.00186478 0.000893891 0.0062707 0.00155726 0.000939991 0.000439273 -0.00458278 -0.0101269 0.00893898 0.00869801 0.00402209 0.000864372 0.0101315 0.00404713 0.0106756 0.0133172 0.011876 0.00708832
internal_weight=628.519 365.075 220.068 35.1461 19.6034 184.922 60.9814 123.94 263.444 216.06 47.3838 207.104 194.075 26.005 16.2726 15.5427 9.73234 145.008 34.1875 26.9288 110.82 24.8218 13.0283 21.3788 85.9985 10.1713
internal_count=1772 910 600 113 55 487 184 303 862 736 126 690 656 82 58 58 24 310 89 77 221 66 34 44 155 26
is_linear=0
shrinkage=0.01


Tree=115
num_leaves=17
num_cat=0
split_feature=54 10 17 4 56 68 69 65 26 11 5 26 34 9 33 5
split_gain=22.1374 12.7106 11.6483 13.1901 11.4906 13.8759 12.0502 9.2869 10.5264 4.98405 9.72403 12.7163 4.67268 3.52774 1.82386 1.5809
threshold=-1.5326034426689146 0.0019445000216364863 28710.500000000004 408307.34375000006 0.86683401465415966 87.50000381469728 18.301426887512211 -0.35843783617019648 0.011428562458604576 45.100000381469734 19583.165039062504 0.0021428558975458149 -1.2649093866348264 134471800.00000003 -0.63637289404869068 134787.12500000003
decision_type=2 2 2 2 2 2 2 2 2 2 2 2 2 2 2 2
left_child=7 2 4 12 5 -2 -6 8 -1 13 11 -11 -4 -9 -15 -12
right_child=1 -3 3 -5 6 -7 -8 9 -10 10 15 -13 -14 14 -16 -17
leaf_value=-0.013844647822387653 0.0013523154431476568 -0.014255580661268183 0.0020318813945130547 0.01620716692901299 0.0016444075539036654 0.018566384277707619 0.0060250028280900095 0.0047675996982057883 0.013156884469851946 0.0059832894584665409 0.017408207193817218 -0.01405427322959682 -0.01456183695243111 0.014005784286075055 0.0081465508810982454 0.0098583557997944087
leaf_weight=3.7171805351972571 217.60398346185684 4.1660932749509803 2.0165208056569091 2.1055131405591956 89.96183992177248 4.7978109568357459 213.44884965568781 6.7139264345169059 2.3363068997859955 18.25566187500954 6.0544695258140546 3.8137624561786643 8.1246067285537702 30.853049218654633 7.5447024405002585 6.9871111959218979
leaf_count=19 654 21 10 4 313 7 546 15 5 38 8 19 40 45 15 13
internal_value=0.0038514 0.00309988 0.00323612 -0.00637624 0.0034619 0.00172817 0.00472944 0.00856294 -0.00325838 0.00946742 0.00657652 0.00247534 -0.0111636 0.0116953 0.0128806 0.01344
internal_weight=628.501 542.225 538.059 12.2466 525.812 222.402 303.411 86.2762 6.05349 80.2227 35.111 22.0694 10.1411 45.1117 38.3978 13.0416
internal_count=1772 1595 1574 54 1520 661 859 177 24 153 78 57 50 75 60 21
is_linear=0
shrinkage=0.01


Tree=116
num_leaves=27
num_cat=0
split_feature=69 11 25 72 46 56 46 56 57 47 8 3 33 24 72 34 7 41 21 55 72 7 39 34 2 31
split_gain=17.871 25.2604 30.6811 28.0423 19.3392 18.9575 17.5789 15.3575 13.5373 12.7372 12.4267 12.3028 10.9277 21.3292 18.9038 11.288 14.1886 10.0935 11.8659 9.2805 16.0447 7.18954 7.1226 6.94796 6.35867 1.3918
threshold=49.999761581420906 50.225000381469734 3112.5000000000005 -1294164.3749999998 -0.94823497533798207 2.3212765455245976 -0.2268228083848953 0.19539454579353335 1.3779996037483218 0.049633052200078971 1.6337499618530276 -1885100.9999999998 -0.58506101369857777 70.500000000000014 -1170681.1874999998 -1.477897524833679 4.2105693817138681 -0.72642192244529713 -2694.9999999999995 -0.22233347594738004 -1275434.9374999998 2.2762039899826054 0.89255020022392284 -0.18949021399021146 6731693.5000000009 2.8581980466842656
decision_type=2 2 2 2 2 2 2 2 2 2 2 2 2 2 2 2 2 2 2 2 2 2 2 2 2 2
left_child=12 2 19 5 -5 11 7 -4 -8 -6 -7 -3 13 15 17 21 -17 25 -19 20 -2 -1 -21 24 -16 -14
right_child=1 3 6 4 9 10 8 -9 -10 -11 -12 -13 14 -15 23 16 -18 18 -20 22 -22 -23 -24 -25 -26 -27
leaf_value=0.018885410329195062 -0.0097744466295157338 0.0048010211545869066 -0.016483790656982231 -0.015713027730805941 0.0089934837596026846 -0.004229477032217697 0.0015583594394220294 0.0023745896962643186 0.014472553576423972 0.0028092148959086346 0.0092982731582726581 -0.013328295219875377 -0.015446025643896646 -0.014277684665256658 -0.001293803290902128 0.0018552552675685648 -0.0068370110168734059 0.0084830000424632665 -0.0086538416761957875 0.01405396310433049 0.0099460800927170211 0.0037335361333810063 0.0081586529277194262 0.018619659655462275 0.014404363568327361 -0.0046326402826488925
leaf_weight=5.7887498736381513 5.5167201310396221 4.5149899721145657 8.1785120517015475 4.3156705349683753 63.639324709773064 14.225026726722719 26.169835224747658 8.9843505322933179 11.908573299646376 71.199879080057144 12.905671179294584 19.972934946417809 3.4222034066915539 8.9070653393864614 4.7273589745163935 173.17126432806253 21.032860785722733 14.729467362165455 5.5190619081258747 66.364349558949471 15.975535303354262 7.2715151309967041 31.139619544148445 11.228006169199942 5.4115737453103065 2.3162415474653244
leaf_count=10 21 11 35 19 141 48 74 25 21 195 28 81 15 46 17 568 88 36 23 112 34 24 65 18 9 8
internal_value=0.0038128 0.005247 0.00800265 0.00272496 0.00506301 -0.00355865 0.00182202 -0.00655361 0.00562338 0.00573539 0.00216861 -0.00994484 0.00182248 0.000864009 0.00617678 0.00151954 0.000908709 0.000407867 0.00376269 0.0108635 0.00483761 0.0105259 0.0121814 0.0131463 0.00698634 -0.0112556
internal_weight=628.536 365.011 174.237 190.773 139.155 51.6186 55.2413 17.1629 38.0784 134.839 27.1307 24.4879 263.525 216.171 47.3539 207.264 194.204 25.987 20.2485 118.996 21.4923 13.0603 97.504 21.3669 10.1389 5.73844
internal_count=1772 910 387 523 355 168 155 60 95 336 76 92 862 736 126 690 656 82 59 232 55 34 177 44 26 23
is_linear=0
shrinkage=0.01


Tree=117
num_leaves=17
num_cat=0
split_feature=54 10 17 4 56 59 69 65 26 31 69 72 7 31 34 39
split_gain=21.6471 12.5011 11.3692 12.9355 11.139 13.6672 11.6561 9.06049 10.3523 5.00947 11.7884 8.25485 8.58662 8.1405 4.64088 3.91674
threshold=-1.5326034426689146 0.0019445000216364863 28710.500000000004 408307.34375000006 0.86683401465415966 1.5715781450271609 18.301426887512211 -0.35843783617019648 0.011428562458604576 -1.2341547012329099 33.333234786987312 -1231800.1874999998 2.1277215480804448 2.2892092466354375 -1.2649093866348264 -0.51543360948562611
decision_type=2 2 2 2 2 2 2 2 2 2 2 2 2 2 2 2
left_child=7 2 4 14 5 -2 -6 8 -1 10 -9 12 -11 -13 -4 -12
right_child=1 -3 3 -5 6 -7 -8 9 -10 11 15 13 -14 -15 -16 -17
leaf_value=-0.013791698835628967 0.00045202283571026396 -0.014212572446866171 0.0020511525134670455 0.015974556341634302 0.0016049718945112357 0.0066936742241316214 0.0059114174251626303 -0.0020459691814803992 0.012992213216532955 0.0058118726276921951 0.0056758517186872659 -0.00049657116661111012 -0.01547721756176975 0.014152151890848605 -0.014505476936682297 0.013872351243509856
leaf_weight=3.697096422314643 178.7463084757328 4.149510145187377 2.0127315968275061 2.1114814281463614 90.036199524998665 43.781996302306652 213.75310764461756 5.9937031865119925 2.3421556651592255 4.5129365324974087 7.2933154106140128 5.4350182861089733 3.226282000541687 11.643744096159933 8.0864492505788785 41.668918579816818
leaf_count=19 545 21 10 4 313 116 546 18 5 10 16 15 15 17 40 62
internal_value=0.00377497 0.00303409 0.00316884 -0.00634195 0.00339139 0.00168455 0.00463838 0.00844858 -0.00323872 0.00934589 0.0110485 0.0055355 -0.00293379 0.0094319 -0.0111068 0.0126718
internal_weight=628.491 542.678 538.528 12.2107 526.318 222.528 303.789 85.8132 6.03925 79.7739 54.9559 24.818 7.73922 17.0788 10.0992 48.9622
internal_count=1772 1595 1574 54 1520 661 859 177 24 153 96 57 25 32 50 78
is_linear=0
shrinkage=0.01


Tree=118
num_leaves=17
num_cat=0
split_feature=54 42 2 35 61 50 70 60 65 7 36 5 46 31 69 11
split_gain=21.3794 12.2954 11.3002 14.4013 12.7553 16.2145 12.8254 11.4861 8.91017 8.687 5.05136 14.5559 8.00475 3.39423 9.34122 9.27219
threshold=-1.5326034426689146 0.0019445000216364863 1134444.5000000002 2.158980250358582 162.2011413574219 -0.010593718383461235 701746.78125000012 0.0028142032679170374 -0.35843783617019648 2.966527104377747 0.85526448488235485 13439.165039062502 0.29825630784034735 -1.2341547012329099 33.333234786987312 59.604999542236335
decision_type=2 2 2 2 2 2 2 2 2 2 2 2 2 2 2 2
left_child=8 2 3 7 6 -6 -4 -2 9 -1 13 12 -12 14 -10 -15
right_child=1 -3 4 -5 5 -7 -8 -9 10 -11 11 -13 -14 15 -16 -17
leaf_value=-0.013681777729301965 -0.013319141064258194 -0.014150346838411057 0.0011761670991656443 0.014813483748504757 -0.006983422072191289 0.0059929724137498339 0.0063715073686286929 0.0092576810762533077 -0.0027976124587290553 0.010512452287424987 -0.016289299312667985 0.013727663991421781 0.0062367076423105053 -0.0025207692658594026 0.012999599609101941 0.012746432773656738
leaf_weight=3.4586576595902434 11.697725936770441 4.1261967942118636 258.1338360235095 3.0666693150997153 10.060081273317335 194.65856492519379 58.474426008760929 2.7371188402175894 3.9627353847026816 2.5650335252285004 3.8754829168319684 6.8741630017757416 2.580696314573288 6.7480690181255367 46.108195796608925 9.3746866732835752
leaf_count=18 63 21 815 5 51 483 150 7 12 6 17 11 6 21 72 14
internal_value=0.00373721 0.00300225 0.00313545 -0.00474452 0.00340191 0.00535041 0.00213885 -0.00896887 0.00839019 -0.00321328 0.00928169 0.00355072 -0.0071302 0.0104207 0.0117294 0.00629443
internal_weight=628.502 542.955 538.828 17.5015 521.327 204.719 316.608 14.4348 85.5477 6.02369 79.524 13.3303 6.45618 66.1937 50.0709 16.1228
internal_count=1772 1595 1574 75 1499 534 965 70 177 24 153 34 23 119 84 35
is_linear=0
shrinkage=0.01


Tree=119
num_leaves=16
num_cat=0
split_feature=54 10 29 67 68 38 51 9 35 69 27 27 37 59 47
split_gain=21.1139 12.0943 11.201 10.8559 14.9506 14.281 8.81636 9.06412 5.21952 5.15596 11.8264 9.9125 7.27653 3.6631 2.14746
threshold=-1.5326034426689146 0.0019445000216364863 0.12513426691293719 -2.0167539119720455 33.333324432373054 -1.4547275900840757 -0.0018451238865964112 179426576.00000003 -2.029216885566711 33.333234786987312 -1215487.9999999998 1427456.0000000002 2.0045562982559209 0.90781107544898998 -0.13982538878917691
decision_type=2 2 2 2 2 2 2 2 2 2 2 2 2 2 2
left_child=6 2 8 4 -4 -5 7 -1 -2 10 -8 13 -13 -11 -12
right_child=1 -3 3 5 -6 -7 9 -9 -10 11 14 12 -14 -15 -16
leaf_value=-0.013666623449415126 0.0070726610106611031 -0.014089171593467344 0.0026464628773472032 0.0079848960106311904 -0.005084071437973548 0.0031802909853985606 -0.0095270220724834841 0.011163548805210238 -0.013324506754991501 0.0099957336064668088 0.0037141604203172356 0.0096666015425511849 -0.0092737036933460901 0.015543264948965909 0.012402353517598335
leaf_weight=3.5238212049007407 1.5209848284721372 4.1027890443801871 113.67678126692772 77.984872572124004 32.024613469839096 307.90114208310843 4.4994134604930904 2.4912721365690231 5.9376977682113639 32.841749414801598 4.9675193727016458 4.0953485220670682 4.0138832777738571 20.687383636832237 8.1572202295064891
leaf_count=18 7 21 377 182 128 845 18 6 35 58 11 8 16 29 13
internal_value=0.00370031 0.00297115 0.00310286 0.00327499 0.000940457 0.00415386 0.00833275 -0.00321646 -0.00903102 0.00922182 0.00435498 0.0105972 0.00016827 0.0121584 0.00919019
internal_weight=628.426 543.149 539.046 531.587 145.701 385.886 85.2776 6.01509 7.45868 79.2625 17.6242 61.6384 8.10923 53.5291 13.1247
internal_count=1772 1595 1574 1532 505 1027 177 24 42 153 42 111 24 87 24
is_linear=0
shrinkage=0.01


Tree=120
num_leaves=26
num_cat=0
split_feature=61 25 64 55 11 58 2 65 15 8 22 27 67 31 2 37 39 35 41 59 65 52 66 70 33
split_gain=18.8117 14.879 16.9705 17.7267 19.7004 16.0983 14.6668 25.3559 25.8107 17.343 21.6006 14.9668 14.5566 14.6652 16.299 13.3762 10.8503 10.4695 10.1464 9.88262 10.4736 10.0213 8.04507 7.07462 3.00027
threshold=169.38391113281253 13797.500000000002 0.54898309707641613 -0.51142603158950795 50.225000381469734 -951295.99999999988 5536681.5000000009 0.22473284602165225 0.99997499585151683 1.1613984704017641 621.65499877929699 -3006463.9999999995 6.2982637882232675 -5.6453557014465323 10453963.500000002 -1.5250326991081236 -0.66411226987838734 -1.8387610316276548 -1.8441144227981565 0.73533299565315258 0.95987564325332653 0.0055212262086570272 -4.175182342529296 271728.84375000006 1.03949910402298
decision_type=2 2 2 2 2 2 2 2 2 2 2 2 2 2 2 2 2 2 2 2 2 2 2 2 2
left_child=6 2 18 5 -5 -4 7 9 11 10 -1 -9 13 14 -8 -10 -15 -11 23 -3 21 -21 -20 -2 -22
right_child=1 19 3 4 -6 -7 12 8 15 17 -12 -13 -14 16 -16 -17 -18 -19 22 20 24 -23 -24 -25 -26
leaf_value=0.0060403451001090425 -0.0070919642621829707 -0.01551643558791877 0.0054246147599608888 0.01008040507180567 0.00028196274885412733 -0.015163190629376331 -0.010466149251750059 -0.016326436988889345 0.018907586201045781 0.0023267062673632695 -0.0053412947361939078 0.0024829361785260722 -0.014097004717158943 -0.0092285122569198009 0.0057389052173664806 0.0010525229811901688 0.0058333868520698334 -0.012317039913319568 0.0024065019406221693 0.0013583813107239551 -0.016187806124532515 0.019685378088735491 0.01064029713788142 0.0087723662291201571 -0.0012220809412166586
leaf_weight=29.453266657888889 6.4048519134521467 4.0249710977077511 6.5169781297445288 41.624761611223221 40.894247263669968 8.9306367933750135 13.112972125411035 4.7479788213968268 15.147753268480303 5.9418476447463062 38.400925949215889 38.610377967357635 4.3305068165063849 4.8708697557449332 11.707904346287249 5.9711025208234778 169.86706221848726 24.814332127571106 13.682368867099283 15.92860452830792 3.517555594444274 3.7151181548833838 108.77071493864059 5.0074442476034164 2.4110500663518906
leaf_count=83 22 18 19 91 120 41 53 20 21 20 150 112 21 18 32 18 455 111 50 50 15 5 209 10 8
internal_value=0.00366347 0.00571578 0.00656874 0.00338952 0.00523667 -0.00641295 0.00219871 -3.05066e-05 0.00483957 -0.00322498 -0.000386163 0.000400143 0.00398672 0.00438416 -0.002782 0.0139066 0.00540781 -0.00945547 0.00888791 -0.000931524 0.00132497 0.00487538 0.00972846 -4.34484e-05 -0.0102702
internal_weight=628.406 261.429 231.832 97.9666 82.519 15.4476 366.977 163.088 64.4772 98.6104 67.8542 43.3584 203.889 199.559 24.8209 21.1189 174.738 30.7562 133.865 29.5973 25.5723 19.6437 122.453 11.4123 5.92861
internal_count=1772 658 562 271 211 60 1114 535 171 364 233 132 579 558 85 39 473 131 291 96 78 55 259 32 23
is_linear=0
shrinkage=0.01


Tree=121
num_leaves=17
num_cat=0
split_feature=54 10 72 55 63 14 51 26 31 11 61 69 22 36 39 11
split_gain=20.6761 11.8917 11.0484 10.8732 16.1636 11.7674 8.64381 8.30669 5.41132 9.40928 9.76861 8.59561 10.3422 4.11087 3.28737 3.02702
threshold=-1.5326034426689146 0.0019445000216364863 1.0000000180025095e-35 0.99141448736190807 0.96069148182868969 1.0740250349044802 -0.0018451238865964112 0.011428562458604576 -1.2341547012329099 57.969999313354499 179.20005798339847 40.000106811523445 5958.5649414062509 -1.6004817485809324 -0.51543360948562611 64.40000152587892
decision_type=2 2 2 2 2 2 2 2 2 2 2 2 2 2 2 2
left_child=6 2 3 4 -2 -5 7 -1 11 10 -10 12 -8 -4 -13 -11
right_child=1 -3 13 5 -6 -7 8 -9 9 15 -12 14 -14 -15 -16 -17
leaf_value=-0.013559718700647856 0.0014323122910093909 -0.014045979872242847 0.0031768964139517802 0.0084954202912689274 0.0055926451377173057 -0.0023711675754345958 0.0094986641192247815 0.010101169382101441 -0.015782702528412473 0.01446188142293533 0.0054339419571783135 0.0058915423636325603 -0.015867756282671803 -0.013673533102419999 0.013579463967390595 0.0054243668628782583
leaf_weight=3.4225466325879088 326.68929965049028 4.0852217301726332 1.8613778725266454 62.443218573927879 131.36229179799557 11.69572004675865 4.5771172046661368 2.5827927887439728 3.5864986032247561 7.5909223556518546 5.4112004190683365 7.0373491495847693 2.4732701480388641 5.3739987760782233 39.929286077618599 8.2177909910678846
leaf_count=18 1012 21 8 140 348 36 9 6 17 11 12 15 11 30 60 18
internal_value=0.00362722 0.00290773 0.00303798 0.00320624 0.00262762 0.00676768 0.00822534 -0.00321706 0.00910979 0.0051662 -0.00291191 0.0109023 0.000458308 -0.00920037 0.0124488 0.0098272
internal_weight=628.34 543.511 539.426 532.191 458.052 74.1389 84.8288 6.00534 78.8234 24.8064 8.9977 54.017 7.05039 7.23538 46.9666 15.8087
internal_count=1772 1595 1574 1536 1360 176 177 24 153 58 29 95 20 38 75 29
is_linear=0
shrinkage=0.01


Tree=122
num_leaves=16
num_cat=0
split_feature=54 10 51 12 3 13 51 9 11 69 27 27 37 59 33
split_gain=20.4296 11.698 10.963 11.752 15.2756 14.1522 8.50329 8.83916 8.27294 5.01159 11.4495 9.71888 7.05023 3.57622 2.93541
threshold=-1.5326034426689146 0.0019445000216364863 -0.038843464106321328 107233396.00000001 -180728.49999999997 49356942.000000007 -0.0018451238865964112 179426576.00000003 1.0000000180025095e-35 33.333234786987312 -1215487.9999999998 1427456.0000000002 2.0045562982559209 0.90781107544898998 1.1633108854293825
decision_type=2 2 2 2 2 2 2 2 2 2 2 2 2 2 2
left_child=6 2 8 5 -5 -4 7 -1 -2 10 -8 13 -13 -11 -12
right_child=1 -3 3 4 -6 -7 9 -9 -10 11 14 12 -14 -15 -16
leaf_value=-0.013590711012416788 0.0072382362048042008 -0.013986557555017948 0.0039792358156741352 0.013110407335943139 -0.0017163439058820759 0.00033374572077456361 -0.0094485191015002013 0.0109571533609525 -0.011571394348545308 0.0098181664472805595 0.0036815141685674819 0.0094538322195893438 -0.0092317388603199695 0.015326876289153205 0.013486094823332604
leaf_weight=3.4930880665779105 3.1324191540479651 4.0616702213883391 337.3613987416029 24.467623323202133 9.5471331328153592 156.52035124599934 4.4786396473646191 2.4965896159410477 8.673904821276663 32.449084088206291 6.0420973449945432 4.0725020766258222 4.0021274387836456 20.526901036500931 6.9881019741296768
leaf_count=18 10 21 930 46 31 483 18 6 74 58 14 8 16 29 10
internal_value=0.00359116 0.00287729 0.00300606 0.00322047 0.00891949 0.00282594 0.00817051 -0.00319183 -0.00649618 0.00904955 0.00423613 0.0104136 6.86293e-05 0.0119715 0.00901646
internal_weight=628.314 543.765 539.703 527.897 34.0148 493.882 84.5491 5.98968 11.8063 78.5595 17.5088 61.0506 8.07463 52.976 13.0302
internal_count=1772 1595 1574 1490 77 1413 177 24 84 153 42 111 24 87 24
is_linear=0
shrinkage=0.01


Tree=123
num_leaves=18
num_cat=0
split_feature=54 10 17 4 56 59 49 51 9 31 11 61 11 43 1 11 41
split_gain=20.1718 11.5082 10.8775 12.5685 10.8563 13.5026 8.69658 8.36173 8.69475 5.31086 9.19565 9.55964 5.78787 8.41597 4.28454 2.98304 1.35319
threshold=-1.5326034426689146 0.0019445000216364863 28710.500000000004 408307.34375000006 0.86683401465415966 1.5715781450271609 2.0416345596313481 -0.0018451238865964112 179426576.00000003 -1.2341547012329099 57.969999313354499 179.20005798339847 44.519998550415046 372504.45312500006 13629189.000000002 64.40000152587892 -0.92026364803314198
decision_type=2 2 2 2 2 2 2 2 2 2 2 2 2 2 2 2 2
left_child=7 2 4 14 5 -2 -6 8 -1 12 11 -11 16 -14 -4 -12 -9
right_child=1 -3 3 -5 6 -7 -8 9 -10 10 15 -13 13 -15 -16 -17 -18
leaf_value=-0.01353756341793734 0.00028491876111932582 -0.013928118463652614 -0.01426984102433998 0.015564604045372014 0.0047813116034720908 0.0064785720781161569 -0.0034804932326778534 0.01737980591484517 0.010823482202503792 -0.015705554538914365 0.014307521613957316 0.0053305266670292872 -0.00031795480444532384 0.013220887248307871 0.0018910023003230977 0.0053120830242140062 0.012048219102372691
leaf_weight=3.4718402922153464 179.19202979654074 4.0380433797836295 8.1223017200827581 2.1234732568263999 291.47283763438463 43.924428172409534 13.181620761752127 7.1078248023986808 2.5021204650402069 3.565456837415697 7.5492586493492118 5.3954987972974777 9.5040652006864565 8.6366052180528623 1.9236543253064144 8.1770492792129499 28.381368935108185
leaf_count=18 545 21 43 4 815 116 44 9 6 17 11 12 27 13 7 18 46
internal_value=0.00355555 0.00284737 0.00297468 -0.00634502 0.00319147 0.00150873 0.00442056 0.00811393 -0.00316684 0.00898719 0.00507192 -0.00292788 0.0107709 0.00607264 -0.0110757 0.00969384 0.0131442
internal_weight=628.269 543.978 539.94 12.1694 527.771 223.116 304.654 84.2911 5.97396 78.3171 24.6873 8.96096 53.6299 18.1407 10.046 15.7263 35.4892
internal_count=1772 1595 1574 54 1520 661 859 177 24 153 58 29 95 40 50 29 55
is_linear=0
shrinkage=0.01


Tree=124
num_leaves=17
num_cat=0
split_feature=54 10 51 12 3 13 40 51 9 31 11 69 22 8 39 11
split_gain=19.9228 11.3216 10.7561 11.4516 14.9204 13.9519 9.0753 8.22326 8.55333 5.2387 9.03273 8.31902 10.0747 6.5404 3.27655 2.94215
threshold=-1.5326034426689146 0.0019445000216364863 -0.038843464106321328 107233396.00000001 -180728.49999999997 49356942.000000007 0.86441209912300121 -0.0018451238865964112 179426576.00000003 -1.2341547012329099 57.969999313354499 40.000106811523445 5958.5649414062509 1.2290030121803286 -0.51543360948562611 64.40000152587892
decision_type=2 2 2 2 2 2 2 2 2 2 2 2 2 2 2 2
left_child=7 2 6 5 -5 -4 -2 8 -1 11 13 12 -9 -11 -13 -12
right_child=1 -3 3 4 -6 -7 -8 9 -10 10 15 14 -14 -15 -16 -17
leaf_value=-0.013485261762853867 -0.011808522580536914 -0.013870639934490312 0.0039100402430076349 0.01291413790131303 -0.0017324376005393226 0.00029215404505957259 0.0079460233572027274 0.0093269616294250797 0.010692291284460694 0.0027472559958827327 0.014210759811964416 0.0056782278801996997 -0.015752611547810696 -0.015595782226587871 0.013378107364880591 0.0052653935658110761
leaf_weight=3.4505591988563529 8.6453034654259664 4.0143477544188491 337.76835539937019 24.507882595062256 9.552104786038397 156.6435135602951 3.1190340742468825 4.5808248221874228 2.5074652433395386 6.130122974514963 7.5247780680656424 6.9928810000419608 2.4592000544071198 2.8088650405406952 39.407035857439041 8.1671121120452863
leaf_count=18 70 21 930 46 31 483 14 9 6 16 11 15 11 13 60 18
internal_value=0.00352001 0.00281748 0.00294334 0.00315514 0.00877715 0.00276582 -0.00648607 0.00805836 -0.00314217 0.00892594 0.00503313 0.0107015 0.000424197 -0.00290474 0.0122392 0.00961872
internal_weight=628.279 544.251 540.236 528.472 34.06 494.412 11.7643 84.0288 5.95802 78.0708 24.6309 53.4399 7.04002 8.93899 46.3999 15.6919
internal_count=1772 1595 1574 1490 77 1413 84 177 24 153 58 95 20 29 75 29
is_linear=0
shrinkage=0.01


Tree=125
num_leaves=16
num_cat=0
split_feature=54 10 2 37 61 5 67 60 65 26 43 37 5 61 8
split_gain=19.6815 11.139 10.9489 13.0164 12.2142 13.8757 13.2976 11.2123 8.10215 9.65485 4.71875 10.2755 2.4574 6.72041 1.34712
threshold=-1.5326034426689146 0.0019445000216364863 1134444.5000000002 2.3564743995666508 162.2011413574219 640731.31250000012 -2.7266255617141719 0.0028142032679170374 -0.35843783617019648 0.011428562458604576 1.0000000180025095e-35 -1.9789233803749082 13439.165039062502 174.76799011230472 1.0683744549751284
decision_type=2 2 2 2 2 2 2 2 2 2 2 2 2 2 2
left_child=8 2 3 7 6 -6 -4 -2 9 -1 11 -10 13 -12 -14
right_child=1 -3 4 -5 5 -7 -8 -9 10 -11 12 -13 14 -15 -16
leaf_value=-0.01356946744312027 -0.013350013183933165 -0.013814099289151239 -0.0022822970429791549 0.013147627051702951 0.0044574983551286451 0.016130391716310376 0.0029313964878398607 0.0089243382918285062 0.01100505266804571 0.012407625262196256 0.00067665032644720043 -0.0088594102737771172 0.014583752941558604 0.010390898039235041 0.0087137995896043267
leaf_weight=3.592628449201583 11.529950596392156 3.9905896931886664 60.180174350738525 3.2346946746110907 194.52958133816719 10.829058706760405 257.40758959203959 2.7547666430473319 6.1544659286737442 2.3514916151762009 9.1132691055536252 4.4745891541242582 14.509561479091646 36.716954737901688 6.8394727110862723
leaf_count=19 62 21 236 6 518 16 729 7 11 5 27 17 21 64 13
internal_value=0.00348526 0.00278823 0.00291266 -0.00484103 0.00317433 0.00507791 0.0019403 -0.00898446 0.0080046 -0.00312471 0.00886767 0.00254849 0.0098526 0.00848105 0.0127501
internal_weight=628.209 544.456 540.466 17.5194 522.946 205.359 317.588 14.2847 83.7524 5.94412 77.8083 10.6291 67.1793 45.8302 21.349
internal_count=1772 1595 1574 75 1499 534 965 69 177 24 153 28 125 91 34
is_linear=0
shrinkage=0.01


Tree=126
num_leaves=22
num_cat=0
split_feature=61 50 25 63 28 27 2 65 15 3 22 27 28 67 31 46 28 37 31 34 3
split_gain=17.7616 15.1617 16.1402 15.972 16.7098 14.542 14.3483 24.7432 25.066 18.0479 20.2251 14.6514 14.4492 13.4969 14.2113 13.3814 14.6901 13.0894 10.1028 9.38314 4.34659
threshold=169.38391113281253 -0.010593718383461235 13797.500000000002 0.54510748386383068 412.56250000000006 -19213311.999999996 5536681.5000000009 0.22473284602165225 0.99997499585151683 -873129.99999999988 621.65499877929699 -3006463.9999999995 3272.2187500000005 6.2982637882232675 -5.6453557014465323 0.051200918853282935 151.50000000000003 -1.5250326991081236 -4.8611016273498526 -1.477897524833679 797115.50000000012
decision_type=2 2 2 2 2 2 2 2 2 2 2 2 2 2 2 2 2 2 2 2 2
left_child=6 5 3 18 -5 -2 7 9 11 19 -11 -9 13 14 -8 20 -17 -10 -3 -1 -4
right_child=1 2 15 4 -6 -7 12 8 17 10 -12 -13 -14 -15 -16 16 -18 -19 -20 -21 -22
leaf_value=0.0045388925652332509 0.016709578064551572 0.012989576996471739 -0.015582585701344394 0.0049322487080399628 -0.011028673773245085 -0.013113854777966066 -0.002598444897280945 -0.016302490769359416 0.018489053229447171 0.0052630765794630975 -0.0052715872283592537 0.0023152751802976886 -0.016055649049820254 -0.01412481888756667 0.0055405760630278687 0.0070487176339286382 -0.015581144967341778 0.00084810675118193572 0.0070442730611676562 -0.013508219079973485 0.00045737448702889673
leaf_weight=3.2659665122628239 2.0512665212154388 45.394528687000275 6.4856890887022036 87.866889983415604 7.0541477352380744 7.6985320597887021 24.325764387845993 4.7430833578109732 15.195671111345293 30.964433200657368 44.194594100117683 38.709413334727287 3.5806021168828002 3.9321740418672553 172.29794023931026 17.445602700114254 3.4144633114337912 5.9834226518869391 81.081951022148132 20.306499883532524 2.1231102496385574
leaf_count=10 5 79 29 226 28 45 83 20 21 89 168 112 16 19 461 44 15 18 180 97 7
internal_value=0.003451 0.00545015 0.00592777 0.00685375 0.00373556 -0.00673672 0.00203056 -0.000172384 0.00463128 -0.00332709 -0.000918153 0.000260028 0.00379839 0.00415784 0.00452855 -0.000995114 0.00329663 0.0135524 0.00918605 -0.0109654 -0.0115106
internal_weight=628.116 260.616 250.866 221.398 94.921 9.7498 367.5 163.363 64.6316 98.7315 75.159 43.4525 204.136 200.556 196.624 29.4689 20.8601 21.1791 126.476 23.5725 8.6088
internal_count=1772 658 608 513 254 50 1114 535 171 364 257 132 579 563 544 95 59 39 259 107 36
is_linear=0
shrinkage=0.01


Tree=127
num_leaves=17
num_cat=0
split_feature=54 10 2 35 61 50 67 55 56 36 5 46 58 31 11 69
split_gain=19.2627 10.9626 10.7365 13.8485 11.8038 15.4063 12.994 8.05884 8.49778 5.64089 14.3141 7.74704 4.7309 3.79406 10.4488 8.52093
threshold=-1.5326034426689146 0.0019445000216364863 1134444.5000000002 2.158980250358582 162.2011413574219 -0.010593718383461235 -2.7266255617141719 -0.22233347594738004 18.167999267578129 0.85526448488235485 13439.165039062502 0.29825630784034735 -52223.999999999993 -1.2341547012329099 59.604999542236335 33.333234786987312
decision_type=2 2 2 2 2 2 2 2 2 2 2 2 2 2 2 2
left_child=7 2 3 12 6 -6 -4 8 -1 13 11 -11 -2 15 -15 -9
right_child=1 -3 4 -5 5 -7 -8 9 -10 10 -12 -13 -14 14 -16 -17
leaf_value=-0.014510780855751772 -0.00098658868972718665 -0.013776943520913548 -0.0022776015585869161 0.01433120040880507 -0.0070429812240321889 0.0056054780845942618 0.0028770102030550686 0.0010798557399378755 0.0084263439172027315 -0.016233210390139689 0.013039636566863171 0.0057857148101197863 -0.013218192681308643 -0.0047184291804262205 0.012294151449391735 0.013156767330127987
leaf_weight=3.1697886437177649 5.0596377253532436 3.9734495356678954 60.149113811552525 3.0669183880090705 10.060037113726137 195.47299212962389 257.56424274295568 7.0122442096471778 3.2490873634815216 4.0569278597831708 6.8068366199731827 2.5512916892766953 9.3400245383381826 5.8961532264947882 9.060323163866995 41.507357969880104
leaf_count=16 19 21 236 5 51 483 729 21 6 18 11 6 51 20 14 65
internal_value=0.00341711 0.00272936 0.00285251 -0.00483766 0.00311113 0.00498152 0.001898 0.00790167 -0.00274475 0.00880343 0.0028075 -0.00758085 -0.0089898 0.0100549 0.00552058 0.011432
internal_weight=627.996 544.686 540.713 17.4666 523.246 205.533 317.713 83.31 6.41888 76.8911 13.4151 6.60822 14.3997 63.4761 14.9565 48.5196
internal_count=1772 1595 1574 75 1499 534 965 177 22 155 35 24 70 120 34 86
is_linear=0
shrinkage=0.01


Tree=128
num_leaves=16
num_cat=0
split_feature=54 29 10 2 35 67 55 56 34 40 57 35 69 65 29
split_gain=19.0337 10.8053 10.475 10.2439 15.3341 11.7575 7.92307 8.37043 5.57276 10.7279 5.67423 5.10723 4.81413 7.68736 2.1518
threshold=-1.5326034426689146 0.12513426691293719 0.0019445000216364863 1134444.5000000002 2.158980250358582 -2.0167539119720455 -0.22233347594738004 18.167999267578129 -0.18949021399021146 -0.27566930651664728 0.90668693184852611 -2.029216885566711 15.707335948944094 1.0000000180025095e-35 0.12513426691293719
decision_type=2 2 2 2 2 2 2 2 2 2 2 2 2 2 2
left_child=6 11 3 4 -3 -5 7 -1 12 -10 -11 -2 13 -8 -14
right_child=1 2 -4 5 -6 -7 8 -9 9 10 -12 -13 14 -15 -16
leaf_value=-0.014444162717838001 0.0069288583614575709 -0.0089097766037536472 -0.013857011501886852 0.0008215235039797259 0.016441868358574415 0.0041861216359103176 -0.0029492633667248347 0.0083691652479209247 -0.0081220855342662643 -0.0017714328920915763 0.010471825254918283 -0.013214034143799767 0.0023659713940760276 0.012815236345816943 0.013291672032841673
leaf_weight=3.1526499390602103 1.5141996964812277 14.194543704390528 3.6965944468975058 145.32872501760721 2.8470449745655051 371.11550502479076 5.8026234805583936 3.2386250346899033 4.9516247361898449 4.5825863927602795 18.638060301542282 6.1145168244838706 2.1413139104843131 6.4322929084300995 34.077611908316612
leaf_count=16 7 69 19 499 4 960 20 6 18 13 35 37 5 10 54
internal_value=0.00338385 0.00270137 0.00287061 0.00298839 -0.00461574 0.00324125 0.00785063 -0.00272759 0.008746 0.0051412 0.00801256 -0.00908485 0.0108213 0.00525691 0.0126733
internal_weight=627.829 544.811 537.182 533.486 17.0416 516.444 83.0174 6.39127 76.6261 28.1723 23.2206 7.62872 48.4538 12.2349 36.2189
internal_count=1772 1595 1551 1532 73 1459 177 22 155 66 48 44 89 30 59
is_linear=0
shrinkage=0.01


Tree=129
num_leaves=25
num_cat=0
split_feature=69 68 60 11 46 35 1 50 48 3 50 48 20 69 41 52 41 2 10 59 38 1 37 68
split_gain=15.6034 24.3625 14.2637 14.6558 20.8662 12.9615 17.0551 15.6054 10.9446 9.35351 15.8579 12.4117 9.18894 17.9732 13.4623 13.0389 12.73 10.0367 7.24966 6.93807 4.62658 9.81071 2.78617 2.59348
threshold=49.999761581420906 57.142862319946296 -1.0000000180025095e-35 66.325000762939467 -0.41707839071750635 -1.4023095965385435 1277804.0000000002 0.0043793839868158111 2.2341761589050297 -1512159.9999999998 -0.0036321002990007396 -0.51669344305992115 243.15000152587893 24.999943733215336 0.54981261491775524 -0.064440999180078493 -2.1980073451995845 5536681.5000000009 -0.00032391499553341413 1.4635107517242434 -0.64667040109634388 4438939.5000000009 -1.7886936664581297 44.474979400634773
decision_type=2 2 2 2 2 2 2 2 2 2 2 2 2 2 2 2 2 2 2 2 2 2 2 2
left_child=12 9 5 8 -5 6 -3 -7 -4 20 22 -12 13 19 18 -14 -17 -18 -15 -1 23 -22 -11 -2
right_child=1 2 3 4 -6 7 -8 -9 -10 10 11 -13 15 14 -16 16 17 -19 -20 -21 21 -23 -24 -25
leaf_value=-0.014356495738299335 0.012236544803268506 0.0061896222415954829 0.0066656581082007553 -0.0081473552125986368 0.0037179430485606629 0.0080736242693329203 -0.017144458001065087 -0.010673506591663738 -0.0064940507065078005 -0.016480493660416828 -0.0051953853063225362 0.0082659370288112322 -0.012712892263123696 -0.00058028139072633831 -0.014160067638665969 -0.014950025113962333 0.00094197743526454715 0.0052260652783994522 0.014932698170331729 0 0.013207519193679844 -0.0078713438045822613 -0.0016472878721145087 0.019526300743900785
leaf_weight=12.587874338030817 24.087670847773555 4.3685966432094565 109.11795821785927 21.305686041712761 48.683256819844246 13.706364348530771 10.610417559742926 6.5431687235832205 6.6315762698650351 3.0876836478710175 7.3263297975063315 89.078729763627052 5.6955786272883406 4.7289096117019644 3.1242473572492591 4.0489637851715079 120.2390985712409 101.3758208528161 7.7547982782125464 4.6219344139099112 6.2641488760709745 3.3480153679847717 2.4230661988258353 6.9655473828315726
leaf_count=62 41 11 257 80 127 32 44 26 23 13 24 194 43 16 15 19 387 288 15 17 11 11 8 8
internal_value=0.00335058 0.00469584 0.00260964 0.00371864 9.168e-05 -0.003209 -0.0102724 0.00196654 0.00590307 0.00792194 0.0062834 0.00723257 0.0014955 -0.00344457 0.00428092 0.00220056 0.00258139 0.00290621 0.00897618 -0.0105091 0.0120039 0.0057615 -0.0101398 0.0139039
internal_weight=627.725 363.548 220.967 185.738 69.9889 35.2285 14.979 20.2495 115.75 142.581 101.916 96.4051 264.177 32.8178 15.608 231.359 225.664 221.615 12.4837 17.2098 40.6654 9.61216 5.51075 31.0532
internal_count=1772 910 600 487 207 113 55 58 280 310 239 218 862 125 46 737 694 675 31 79 71 22 21 49
is_linear=0
shrinkage=0.01


Tree=130
num_leaves=16
num_cat=0
split_feature=54 10 72 55 63 14 55 72 36 5 46 2 31 69 59
split_gain=18.6276 10.5622 10.4001 10.3803 15.5886 11.4475 7.79053 8.21242 5.525 13.9307 7.57027 4.42706 3.73242 12.0619 8.55818
threshold=-1.5326034426689146 0.0019445000216364863 1.0000000180025095e-35 0.99141448736190807 0.96069148182868969 1.0740250349044802 -0.22233347594738004 -1094588.9374999998 0.85526448488235485 13439.165039062502 0.29825630784034735 17544388.000000004 -1.2341547012329099 15.707335948944094 0.57228612899780285
decision_type=2 2 2 2 2 2 2 2 2 2 2 2 2 2 2
left_child=6 2 3 4 -2 -5 7 -1 12 10 -10 -4 13 -8 -14
right_child=1 -3 11 5 -6 -7 8 -9 9 -11 -12 -13 14 -15 -16
leaf_value=-0.01494370969485201 0.0011895531914568871 -0.013664201627960188 -0.013567679735065816 0.0081015779427835912 0.0052669787128317228 -0.0026059166412352448 -0.0016881025326138644 0.0077623456464055067 -0.016136173611743593 0.012808099794938899 0.0056604578068918214 0.0046143416440482254 0.011645107071304728 0.013184151568718024 -0.0037273542771748551
leaf_weight=2.9902970120310783 327.7271426692605 3.9221648350358 5.4848995804786673 62.636286079883575 131.89862650632858 11.720311984419821 6.1356816291809073 3.3583488315343848 4.0426567047834379 6.7870914936065674 2.5435697436332703 1.6751403063535688 8.8645526915788633 41.865709647536278 5.9933288097381583
leaf_count=15 1012 21 32 140 348 36 20 7 18 11 6 6 14 66 20
internal_value=0.00331741 0.00264406 0.00276411 0.00292606 0.00236183 0.00640038 0.00774961 -0.002775 0.00863922 0.00269899 -0.00756658 -0.00917421 0.0098871 0.0112623 0.0053769
internal_weight=627.646 545.065 541.142 533.982 459.626 74.3566 82.5812 6.34865 76.2326 13.3733 6.58623 7.16004 62.8593 48.0014 14.8579
internal_count=1772 1595 1574 1536 1360 176 177 22 155 35 24 38 120 86 34
is_linear=0
shrinkage=0.01


Tree=131
num_leaves=19
num_cat=0
split_feature=61 50 58 50 31 33 2 65 15 3 27 31 3 67 58 27 4 22
split_gain=16.8736 14.3792 14.9084 24.0947 15.693 14.2647 14.9124 25.2946 23.3823 18.3866 14.2561 13.7907 18.4393 13.5699 13.1063 10.1833 4.84776 4.17011
threshold=169.38391113281253 -0.010593718383461235 -591871.99999999988 -0.0039615917485207311 -3.5474936962127681 1.4499821066856386 5536681.5000000009 0.22473284602165225 0.99997499585151683 -873129.99999999988 -19213311.999999996 -5.6453557014465323 -2040261.4999999998 6.2982637882232675 -4104831.9999999995 7258112.0000000009 97736.949218750015 28987.510742187504
decision_type=2 2 2 2 2 2 2 2 2 2 2 2 2 2 2 2 2 2
left_child=5 10 4 -4 16 6 7 9 -9 -1 -2 12 -8 -13 -6 -5 -3 -7
right_child=1 2 3 15 14 17 11 8 -10 -11 -12 13 -14 -15 -16 -17 -18 -19
leaf_value=-0.010959558755852233 0.016471386651818617 0.015132844998672583 -0.015900411118474948 0.0050715516132530357 0.015576908352323591 -0.015345780630933179 0.0065883122305004337 0.00047030959553153682 0.013499680493509698 -0.00079035323099251465 -0.013054746401509592 0.0054132725491227648 -0.010725380886848055 -0.013960784031831239 0.0017492948584049994 -0.011072594627662104 0.0074268813362605296 0.00053812698289967906
leaf_weight=23.498548284173012 2.0571197718381882 33.404036521911621 5.8963394463062277 153.08857111632824 8.6991908401250821 6.0750391334295255 11.095437429845335 40.467158779501915 21.013964846730232 74.129272803664207 7.6200314760208112 172.03035843372345 13.705272451043127 3.6650168299674979 33.431269317865372 3.9718150198459616 11.594268828630446 2.1064313501119614
leaf_count=107 5 54 26 386 12 27 30 121 38 252 45 459 55 18 89 15 26 7
internal_value=0.00328476 0.00523811 0.00570309 0.00390695 0.00905091 0.00190242 0.0022018 -7.79851e-05 0.00493995 -0.00324828 -0.00667489 0.00401597 -0.00293919 0.00500344 0.00462819 0.00465692 0.0131695 -0.011134
internal_weight=627.549 259.763 250.085 162.957 87.1288 367.787 359.605 159.109 61.4811 97.6278 9.67715 200.496 24.8007 175.695 42.1305 157.06 44.9983 8.18147
internal_count=1772 658 608 427 181 1114 1080 518 159 359 50 562 85 477 101 401 80 34
is_linear=0
shrinkage=0.01


Tree=132
num_leaves=17
num_cat=0
split_feature=54 10 17 4 56 59 69 51 8 31 69 72 7 31 6 39
split_gain=18.3218 10.3731 10.2033 12.3096 10.5737 13.3227 10.4824 7.47579 9.03798 4.99387 11.8971 7.29985 8.584 8.38171 4.3325 3.54085
threshold=-1.5326034426689146 0.0019445000216364863 28710.500000000004 408307.34375000006 0.86683401465415966 1.5715781450271609 18.301426887512211 -0.0018451238865964112 1.8913999795913699 -1.2341547012329099 33.333234786987312 -1231800.1874999998 2.1277215480804448 2.2892092466354375 -34172623871.999996 -0.51543360948562611
decision_type=2 2 2 2 2 2 2 2 2 2 2 2 2 2 2 2
left_child=7 2 4 14 5 -2 -6 8 -1 10 -9 12 -11 -13 -4 -12
right_child=1 -3 3 -5 6 -7 -8 9 -10 11 15 13 -14 -15 -16 -17
leaf_value=-0.013384404070502367 4.1759555446061071e-05 -0.013620413752131792 0.003081306996321794 0.015279215961812696 0.0012558785498043875 0.006181680257873857 0.0053281749241243671 -0.0026609446333758068 0.011764680844865464 0.0060473567646528214 0.0051497681877412287 -0.0015710493960351074 -0.015302905726218469 0.013363637852627291 -0.014060392947443852 0.01320584698064042
leaf_weight=3.5155474096536627 179.69349066913128 3.9005092978477469 1.6827462390065182 2.1297420412302008 90.52847770601511 44.094829700887203 215.02246028929949 6.1486246585845938 2.379495769739151 4.1708619445562389 6.8492927253246298 5.4879849255085018 3.3832961469888687 11.192087560892103 8.2890156731009466 38.996827304363251
leaf_count=19 545 21 5 4 313 116 546 19 5 9 15 16 16 17 45 61
internal_value=0.00325235 0.00258647 0.00270507 -0.00634805 0.00291392 0.00125603 0.00412491 0.00766196 -0.00306351 0.00850452 0.0102683 0.00467906 -0.00338245 0.00838996 -0.0110674 0.0120241
internal_weight=627.465 545.341 541.441 12.1015 529.339 223.788 305.551 82.124 5.89504 76.229 51.9947 24.2342 7.55416 16.6801 9.97176 45.8461
internal_count=1772 1595 1574 54 1520 661 859 177 24 153 95 58 25 33 50 76
is_linear=0
shrinkage=0.01


Tree=133
num_leaves=22
num_cat=0
split_feature=54 50 58 63 2 35 8 58 54 14 58 51 8 36 5 46 46 26 41 24 47
split_gain=18.1006 10.2149 15.0539 15.0183 12.0611 16.6076 15.1374 11.3532 10.9622 14.5705 11.3457 7.35464 8.89041 4.80783 13.1389 7.34548 4.36234 3.7836 7.57163 3.01021 2.94997
threshold=-1.5326034426689146 -0.013425439596176146 -4104831.9999999995 0.33755397796630865 1286421.5000000002 2.0213359594345097 2.6728605031967168 -743423.99999999988 1.5203819870948794 0.57844999432563793 -9376767.9999999981 -0.0018451238865964112 1.8913999795913699 0.85526448488235485 13439.165039062502 0.29825630784034735 -0.71001157164573658 0.0021285691764205699 0.41073526442050939 16.500000000000004 -1.944145619869232
decision_type=2 2 2 2 2 2 2 2 2 2 2 2 2 2 2 2 2 2 2 2 2
left_child=11 7 3 -3 5 -4 -6 8 9 -2 -10 12 -1 17 15 -15 -9 20 -19 -5 -13
right_child=1 2 4 19 6 -7 -8 16 10 -11 -12 13 -14 14 -16 -17 -18 18 -20 -21 -22
leaf_value=-0.013335138219185048 0.012284736580572544 -0.0045141325499059781 -0.0079939000926213741 0.0063447495301593758 0.0033196032910751379 0.013574785576052364 -0.0056064532910586988 0.0019279943559237748 0.010984319801065533 -0.0044359183967883579 -0.013126341962066522 0.00015819011828750664 0.011624819449158049 -0.016186403947237412 0.012597717108166208 0.0055291254839081707 -0.014125983975542083 0.0093216841785827374 -0.0058865949246091698 0.01627018427480182 0.011762130531743036
leaf_weight=3.4933613091707221 12.021650351583963 5.264421425759795 20.513013012707237 4.2069306075572994 432.62531394511461 4.2954315096139899 19.791347339749336 1.9701160043478001 2.5175468027591696 9.0876012295484525 8.2002085223793966 2.4930386096239081 2.3840199261903763 3.82910308241844 6.763105720281601 2.5373078733682632 8.6997335329651815 13.12282767891884 4.2768470942974082 16.329536020755768 42.936807885766029
leaf_count=19 29 18 91 10 1199 8 71 7 8 33 52 6 5 17 11 6 46 27 15 23 71
internal_value=0.00322044 0.00255978 0.00295835 0.010411 0.00255334 -0.0042191 0.00292692 -0.00213447 0.000829036 0.00503907 -0.00736957 0.00761216 -0.00304058 0.00844959 0.00283707 -0.00737469 -0.011068 0.00960653 0.00552601 0.0142856 0.0111474
internal_weight=627.359 545.523 503.026 25.8009 477.225 24.8084 452.417 42.4969 31.827 21.1093 10.7178 81.8364 5.87738 75.959 13.1295 6.36641 10.6698 62.8295 17.3997 20.5365 45.4298
internal_count=1772 1595 1420 51 1369 99 1270 175 122 62 60 177 24 153 34 23 53 119 42 33 77
is_linear=0
shrinkage=0.01


Tree=134
num_leaves=17
num_cat=0
split_feature=54 10 2 35 60 63 63 63 51 8 31 69 72 7 31 39
split_gain=17.875 10.1841 10.1405 14.8196 19.9438 11.3974 28.565 13.2108 7.23413 8.7459 4.90392 11.7701 7.11806 8.37068 8.23873 3.53253
threshold=-1.5326034426689146 0.0019445000216364863 1286421.5000000002 2.0213359594345097 0.0028142032679170374 0.96069148182868969 0.59458333253860485 1.0262792706489565 -0.0018451238865964112 1.8913999795913699 -1.2341547012329099 33.333234786987312 -1231800.1874999998 2.1277215480804448 2.2892092466354375 -0.51543360948562611
decision_type=2 2 2 2 2 2 2 2 2 2 2 2 2 2 2 2
left_child=8 2 3 4 -2 6 -4 -7 9 -1 11 -10 13 -12 -14 -13
right_child=1 -3 5 -5 -6 7 -8 -9 10 -11 12 15 14 -15 -16 -17
leaf_value=-0.013286622887724798 -0.012170089966459017 -0.013570899740335974 0.0038885537054476468 0.013423920815371321 0.010577650698419323 0.014565660365618046 -0.0020583877367426869 0.0043643026563601559 -0.0027076270728913819 0.011487599085677043 0.0059307983195382085 0.0050311236206929998 -0.0016024470180676929 -0.015208957257385905 0.01323075136025228 0.013097507782823082
leaf_weight=3.4711672365665427 16.548558920621879 3.8784396275877944 262.92015720158815 4.3002440631389609 4.97922159731388 14.294248148798941 116.34138727933168 122.3485609665513 6.1453159302473059 2.388350248336792 4.1554905623197582 6.8172331452369681 5.4795214682817486 3.3594227433204651 11.104446664452551 38.639935851097107
leaf_count=19 82 21 744 8 11 27 382 320 19 5 9 15 16 16 17 61
internal_value=0.00318923 0.00253374 0.00265089 -0.00344598 -0.00686225 0.00295806 0.00206165 0.00543879 0.00756188 -0.00301794 0.008394 0.0101496 0.00459323 -0.00338633 0.0082694 0.0119098
internal_weight=627.172 545.611 541.732 25.828 21.5278 515.904 379.262 136.643 81.5609 5.85952 75.7014 51.6025 24.0989 7.51491 16.584 45.4572
internal_count=1772 1595 1574 101 93 1473 1126 347 177 24 153 95 58 25 33 76
is_linear=0
shrinkage=0.01


Tree=135
num_leaves=18
num_cat=0
split_feature=54 62 22 2 60 1 53 44 36 55 72 36 4 46 35 47 31
split_gain=17.6593 10.1472 10.2898 12.4517 14.9908 11.9597 10.4563 9.47006 8.4134 7.53139 7.82016 5.33497 6.60345 12.5469 5.01741 3.68219 2.8734
threshold=-1.5326034426689146 0.1297283470630646 44077.054687500007 1286421.5000000002 0.0028142032679170374 1277804.0000000002 1.1188414532625759e-06 76387.039062500015 -0.76059979200363148 -0.22233347594738004 -1094588.9374999998 0.85526448488235485 3959.9599609375005 0.23815369606018069 -2.029216885566711 -1.944145619869232 -0.87868228554725636
decision_type=2 2 2 2 2 2 2 2 2 2 2 2 2 2 2 2 2
left_child=9 14 3 4 -3 -5 7 -4 -8 10 -1 15 13 -13 -2 -11 -17
right_child=1 2 6 5 -6 -7 8 -9 -10 11 -12 12 -14 -15 -16 16 -18
leaf_value=-0.014859942155453788 0.0068928107137190284 -0.0090534144070640032 0.0067113717066732406 0.0089171042723807398 0.010454100221425589 0.0022806230285154845 0.021381321172289219 -0.015201753105533922 0.0076494443351912281 0.00029748293027794518 0.0074935735718919859 -0.016150666040457888 0.011328843334925532 0.0087858830147304872 -0.01313854020048758 0.011487770056823245 0.0058683544450878001
leaf_weight=2.9506797567009926 1.5071079730987547 18.180899642407898 5.8629589825868624 29.008389800786972 4.9876444786787024 456.78901656717062 6.9680996537208602 2.9662133529782295 13.473768860101696 4.1587923765182486 3.2784405350685111 3.8583519458770734 5.2283314615488043 4.1858388185501099 6.0180005058646193 45.176686555147171 12.434560865163801
leaf_count=15 7 83 15 66 11 1324 8 14 30 11 7 17 10 8 37 81 28
internal_value=0.00315806 0.0025077 0.00267036 0.00233606 -0.00481074 0.00267897 0.00844899 -0.000537213 0.0123792 0.00751307 -0.00293455 0.00839363 0.0025385 -0.00305048 -0.00899383 0.00963553 0.0102923
internal_weight=627.034 545.762 538.237 508.966 23.1685 485.797 29.271 8.82917 20.4419 81.2717 6.22912 75.0426 13.2725 8.04419 7.52511 61.77 57.6112
internal_count=1772 1595 1551 1484 94 1390 67 29 38 177 22 155 35 25 44 120 109
is_linear=0
shrinkage=0.01


Tree=136
num_leaves=15
num_cat=0
split_feature=54 10 51 2 1 47 40 55 15 36 49 4 47 31
split_gain=17.4236 10.008 9.97342 11.3366 18.1419 14.1077 8.7699 7.39995 7.73404 5.25519 9.22318 16.1159 3.63153 2.84512
threshold=-1.5326034426689146 0.0019445000216364863 -0.038843464106321328 5736459.0000000009 6292192.0000000009 0.7449089288711549 0.86441209912300121 -0.22233347594738004 0.479300007224083 0.85526448488235485 0.39145424962043768 42567.035156250007 -1.944145619869232 -0.87868228554725636
decision_type=2 2 2 2 2 2 2 2 2 2 2 2 2 2
left_child=7 2 6 4 -4 -5 -2 8 -1 12 11 -11 -9 -14
right_child=1 -3 3 5 -6 -7 -8 9 -10 10 -12 -13 13 -15
leaf_value=0.0071124354757181301 -0.011798844974079884 -0.013528810885836882 0.0019082825593790835 0.0053816629448200023 -0.015072179850480323 -0.0028114233163997397 0.007571512127646474 0.00029451836191643119 -0.015213858445939168 -0.016004675518524233 0.01275426199462671 0.012988996085801023 0.011416238647963275 0.0058183918276551441
leaf_weight=3.3737187534570685 8.5620924830436689 3.8564224541187277 301.01696330308914 199.5889987796545 6.4150294512510291 23.321888655424118 3.1493031829595557 4.1586520671844474 2.8318314403295517 4.7422187924385053 5.317784309387207 3.189451590180397 45.00601290166378 12.416016310453413
leaf_count=8 70 21 880 502 29 79 14 11 14 21 8 6 81 28
internal_value=0.00312702 0.00248198 0.00259773 0.00280062 0.00155071 0.00451998 -0.00650459 0.00746007 -0.00291477 0.00833381 0.00251743 -0.00421978 0.009569 0.0102233
internal_weight=626.946 545.911 542.054 530.343 307.432 222.911 11.7114 81.0357 6.20555 74.8301 13.2495 7.93167 61.5807 57.422
internal_count=1772 1595 1574 1490 909 581 84 177 22 155 35 27 120 109
is_linear=0
shrinkage=0.01


Tree=137
num_leaves=22
num_cat=0
split_feature=54 50 58 63 58 20 27 38 54 14 58 55 72 34 40 69 65 46 43 71 0
split_gain=17.1948 9.95505 14.679 14.6949 11.1426 11.1351 15.8222 12.6994 10.6572 14.1683 11.164 7.27375 7.63895 5.33754 10.2369 4.56806 7.48205 4.33083 3.32094 2.33202 1.58955
threshold=-1.5326034426689146 -0.013425439596176146 -4104831.9999999995 0.33755397796630865 -743423.99999999988 40230.279296875007 1427456.0000000002 -0.64667040109634388 1.5203819870948794 0.57844999432563793 -9376767.9999999981 -0.22233347594738004 -1094588.9374999998 -0.18949021399021146 -0.27566930651664728 15.707335948944094 1.0000000180025095e-35 -0.71001157164573658 44857.724609375007 314513.21875000006 34694.500000000007
decision_type=2 2 2 2 2 2 2 2 2 2 2 2 2 2 2 2 2 2 2 2 2
left_child=11 4 3 -3 8 6 -4 -7 9 -2 -10 12 -1 15 -15 16 -13 -6 -16 -5 -17
right_child=1 2 5 19 17 7 -8 -9 10 -11 -12 13 -14 14 18 20 -18 -19 -20 -21 -22
leaf_value=-0.014733084435511162 0.01201329785129468 -0.0045569145642092301 0.0029561540396067917 0.011114479024062341 0.0018938658564830923 0.016094467746610771 -0.0018347919782260567 0.0029894787142021179 0.010807375142796652 -0.0044608266632248494 -0.013102022584855239 -0.0032103474015641648 0.0074385362794287483 -0.008316311982816342 0.00037363080073499319 0.0042234589951251544 0.012473717214040853 -0.014103997878510161 0.0096647675090196939 0.018412508733530099 0.01281756661075229
leaf_weight=2.9274063259363174 12.070523768663412 5.261970259249213 361.60378846526146 12.430591508746149 1.9705244824290264 12.428288877010347 84.896130643785 18.85123997926712 2.5235455259680739 9.0873320549726468 8.1517837792634946 5.7570166885852796 3.2576410472393027 4.8871382176876095 5.2269684523344067 2.6880804747343054 6.2712237238883972 8.6668349951505643 17.443255290389061 8.1015773862600309 32.333121120929718
leaf_count=15 29 18 1024 23 7 21 272 52 8 33 52 20 7 18 15 6 10 46 33 10 53
internal_value=0.00309632 0.0024565 0.00284948 0.0102097 -0.00217956 0.00245003 0.00204298 0.00822845 0.000751977 0.00489037 -0.0073564 0.00740824 -0.0028937 0.0082757 0.00471362 0.0103408 0.00488379 -0.0110465 0.00756666 0.0140428 0.0121865
internal_weight=626.836 546.044 503.574 25.7941 42.4705 477.779 446.5 31.2795 31.8332 21.1579 10.6753 80.7919 6.18505 74.6068 27.5574 47.0494 12.0282 10.6374 22.6702 20.5322 35.0212
internal_count=1772 1595 1420 51 175 1369 1296 73 122 62 60 177 22 155 66 89 30 53 48 33 59
is_linear=0
shrinkage=0.01


Tree=138
num_leaves=19
num_cat=0
split_feature=54 62 22 2 37 61 43 51 55 15 34 39 37 58 61 69 1 0
split_gain=16.9676 9.86232 9.82847 12.1884 17.4833 11.7837 7.80493 13.6505 7.14793 7.55542 5.27598 7.46672 5.17204 4.81944 4.74334 4.51587 7.4211 1.57297
threshold=-1.5326034426689146 0.1297283470630646 44077.054687500007 1286421.5000000002 2.4460188150405888 162.2011413574219 111767.02734375001 0.016576713882386688 -0.22233347594738004 0.479300007224083 -0.18949021399021146 -0.34555193781852717 -2.5573841333389278 586752.00000000012 174.76799011230472 15.707335948944094 11736409.500000002 34694.500000000007
decision_type=2 2 2 2 2 2 2 2 2 2 2 2 2 2 2 2 2 2
left_child=8 12 3 4 -3 -5 13 -8 9 -1 15 -12 -2 -4 -13 16 -10 -17
right_child=1 2 6 5 -6 -7 7 -9 10 -11 11 14 -14 -15 -16 17 -18 -19
leaf_value=0.0070618035561337399 0.0079439821284913014 -0.0079580947548302146 0.0061728817283184965 0.0013442816186314127 0.019344720552322461 0.0045378717321003645 -0.0094508697329413732 0.011694249879943953 -0.0014713874437822067 -0.015084698675977429 -0.0072057054063936225 0.00075876774113939859 -0.0130108694907021 0.017227641331921562 0.010342195899291879 0.0041875078698957891 0.014463162905097986 0.012746751886660817
leaf_weight=3.351893499493598 1.3987965807318685 20.513180479407314 7.168848365545279 294.86700712889433 2.6316058635711661 191.35943274945021 5.5498126894235593 6.7397827655076981 7.1814084202051145 2.8094636350870132 4.3678223043680218 8.2731367945671099 6.0687925219535819 9.8543132096528989 14.870533615350721 2.6840669661760321 4.8201210498809814 32.188347533345222
leaf_count=8 5 91 17 892 3 498 23 12 23 14 15 25 39 15 26 6 7 53
internal_value=0.0030661 0.00243146 0.00259112 0.00226438 -0.00481051 0.00260321 0.00823482 0.00206403 0.00735687 -0.00287429 0.00821777 0.00467434 -0.00895179 0.012631 0.00695963 0.0102762 0.00484501 0.0121166
internal_weight=626.698 546.152 538.684 509.371 23.1448 486.226 29.3128 12.2896 80.5468 6.16136 74.3854 27.5115 7.46759 17.0232 23.1437 46.8739 12.0015 34.8724
internal_count=1772 1595 1551 1484 94 1390 67 35 177 22 155 66 44 32 51 89 30 59
is_linear=0
shrinkage=0.01


Tree=139
num_leaves=17
num_cat=0
split_feature=54 10 17 4 56 59 69 55 56 34 40 34 69 66 24 0
split_gain=16.7479 9.80004 9.81856 11.701 10.2453 12.8005 10.1104 7.02746 7.48775 5.2113 10.0035 5.01695 4.4628 7.16609 3.57735 1.55671
threshold=-1.5326034426689146 0.0019445000216364863 28710.500000000004 408307.34375000006 0.86683401465415966 1.5715781450271609 18.301426887512211 -0.22233347594738004 18.167999267578129 -0.18949021399021146 -0.27566930651664728 -1.3269731998443601 15.707335948944094 0.03154380805790425 31.500000000000004 34694.500000000007
decision_type=2 2 2 2 2 2 2 2 2 2 2 2 2 2 2 2
left_child=7 2 4 11 5 -2 -6 8 -1 12 -11 -4 13 -9 -12 -14
right_child=1 -3 3 -5 6 -7 -8 9 -10 10 14 -13 15 -15 -16 -17
leaf_value=-0.014117807164624734 -8.4905153057354986e-05 -0.013486110189673698 0.0037415502444058989 0.014573155880062924 0.0011012740538081588 0.0059132029450780299 0.0050960279719935555 -0.0020146588534009171 0.0078813647358261223 -0.0082438420623404604 0.0024326046130360122 -0.014398781483808755 0.0041518345957335953 0.013441009287871968 0.010731292086200281 0.012676708707654298
leaf_weight=3.0419451072812072 179.95611698925495 3.8329050987958899 1.7762834578752507 2.1472940295934668 90.736186429858208 44.252717986702919 215.44450084120035 6.6232954114675504 3.0987513363361359 4.8829358816146877 8.9962779432535189 8.1113237217068654 2.6800778657197943 5.3494349867105484 13.575706794857977 32.043265700340271
leaf_count=16 545 21 9 4 313 116 546 22 6 18 24 41 6 8 24 53
internal_value=0.00303626 0.00240672 0.00252086 -0.00638595 0.00272485 0.0010945 0.00391545 0.00730686 -0.00285362 0.00816177 0.00463724 -0.0110388 0.0102126 0.00480744 0.00746807 0.0120475
internal_weight=626.549 546.257 542.424 12.0349 530.39 224.209 306.181 80.2917 6.1407 74.151 27.4549 9.88761 46.6961 11.9727 22.572 34.7233
internal_count=1772 1595 1574 54 1520 661 859 177 22 155 66 50 89 30 48 59
is_linear=0
shrinkage=0.01


Tree=140
num_leaves=21
num_cat=0
split_feature=54 50 58 63 2 46 8 58 54 14 58 55 72 36 5 46 46 47 24 31
split_gain=16.5295 9.69676 14.331 14.3483 11.0343 16.125 14.6679 10.9446 10.4513 13.8136 10.9462 6.90411 7.40451 5.08219 12.7073 7.00922 4.28074 3.61235 2.98229 2.79543
threshold=-1.5326034426689146 -0.013425439596176146 -4104831.9999999995 0.33755397796630865 1286421.5000000002 -0.47234265506267542 2.6728605031967168 -743423.99999999988 1.5203819870948794 0.57844999432563793 -9376767.9999999981 -0.22233347594738004 -1094588.9374999998 0.85526448488235485 13439.165039062502 0.29825630784034735 -0.71001157164573658 -1.944145619869232 16.500000000000004 -0.87868228554725636
decision_type=2 2 2 2 2 2 2 2 2 2 2 2 2 2 2 2 2 2 2 2
left_child=11 7 3 -3 5 -4 -6 8 9 -2 -10 12 -1 17 15 -15 -9 -13 -5 -19
right_child=1 2 4 18 6 -7 -8 16 10 -11 -12 13 -14 14 -16 -17 -18 19 -20 -21
leaf_value=-0.014578048192498767 0.011809022445189029 -0.0045519013643146302 -0.014456744599648685 0.0059498418941040902 0.0031159148039157881 0.0021700494598330543 -0.0056655937763479512 0.0018387374452467748 0.010579065311446194 -0.0044483608496979927 -0.013071847264291924 6.6626583823670556e-05 0.0073791373274611372 -0.015828127328078052 0.012096901882850935 0.0052862965560228816 -0.014061350471746928 0.011185347858009545 0.015809548812553517 0.0056079600448492263
leaf_weight=2.8896417245268822 12.108039870858198 5.2586008459329632 9.3823834881186503 4.2190814763307598 433.792480237782 15.209897950291632 19.815649166703224 1.9733418226242054 2.5339456722140303 9.0836160555481893 8.1058647409081441 4.1387443691492072 3.2234833836555472 3.9771901369094831 6.6924418658018112 2.5082615464925766 8.621776416897772 44.313337728381157 16.306195288896561 12.300923123955725
leaf_count=15 29 18 47 10 1199 52 71 7 8 33 52 11 7 18 11 6 46 81 23 28
internal_value=0.00300642 0.00238198 0.00276937 0.0100435 0.00237507 -0.0041327 0.00273009 -0.00219627 0.000704494 0.00479325 -0.00734523 0.00725658 -0.00283633 0.00810466 0.00237259 -0.00750789 -0.0110056 0.00933154 0.0138316 0.00999118
internal_weight=626.455 546.411 503.984 25.7839 478.2 24.5923 453.608 42.4266 31.8315 21.1917 10.6398 80.044 6.11313 73.9309 13.1779 6.48545 10.5951 60.753 20.5253 56.6143
internal_count=1772 1595 1420 51 1369 99 1270 175 122 62 60 177 22 155 35 24 53 120 33 109
is_linear=0
shrinkage=0.01


Tree=141
num_leaves=17
num_cat=0
split_feature=54 10 17 4 56 29 50 55 14 72 34 39 72 21 38 21
split_gain=16.3096 9.62415 9.60167 11.4565 10.0142 12.5643 8.8529 6.78457 7.32665 5.31036 5.10671 7.19267 5.74303 4.25074 6.25455 1.76033
threshold=-1.5326034426689146 0.0019445000216364863 28710.500000000004 408307.34375000006 0.86683401465415966 1.5233511328697207 -0.013425439596176146 -0.22233347594738004 0.4775999933481217 -2539688.1249999995 -0.18949021399021146 -0.34555193781852717 -1032699.7499999999 -11718.499999999998 -1.4116939306259153 -1252.9999999999998
decision_type=2 2 2 2 2 2 2 2 2 2 2 2 2 2 2 2
left_child=7 2 4 9 5 -2 -6 8 -1 -4 13 -12 -13 14 -9 -15
right_child=1 -3 3 -5 6 -7 -8 10 -10 -11 11 12 -14 15 -16 -17
leaf_value=0.0070141017399480811 -5.3386203728703422e-05 -0.013438394054662975 0.0062981377469285543 0.014335489535117605 -0.0014824731901096405 0.0060663661210879332 0.0043887977517510328 0.010334967794634062 -0.014923468837088385 -0.014061009483075395 -0.0071128056611984769 0.0018156921665181836 0.011934719583038161 0.015575799733267486 -0.0015296177816007481 0.010037385100645819
leaf_weight=3.3147431761026374 183.3142267242074 3.8104868829250327 1.4381171166896809 2.1540529131889334 28.020954109728336 40.978444084525108 278.35467000305653 13.70451232790947 2.7745697274804115 8.4011365473270398 4.358973532915118 11.736985877156261 11.238971084356304 12.806621193885805 6.3731915801763543 13.492717415094374
leaf_count=8 562 21 4 4 118 99 741 26 14 46 15 32 19 18 19 26
internal_value=0.00297727 0.00235786 0.00247063 -0.00635284 0.00267192 0.00106024 0.00384855 0.00720635 -0.00281744 -0.0109837 0.00804798 0.00455242 0.00680906 0.0100867 0.00651903 0.0127724
internal_weight=626.273 546.472 542.662 11.9933 530.668 224.293 306.376 79.8013 6.08931 9.83925 73.712 27.3349 22.976 46.377 20.0777 26.2993
internal_count=1772 1595 1574 54 1520 661 859 177 22 50 155 66 51 89 45 44
is_linear=0
shrinkage=0.01


Tree=142
num_leaves=21
num_cat=0
split_feature=54 72 22 2 37 61 53 43 36 26 59 67 31 58 2 46 4 26 72 3
split_gain=16.0844 9.54223 9.52443 11.8828 17.03 11.7376 10.0314 13.4299 8.04134 6.80724 10.9972 6.55405 6.84117 4.74037 4.22808 3.73381 3.8393 2.28375 1.00322 0.175738
threshold=-1.5326034426689146 1.0000000180025095e-35 44077.054687500007 1286421.5000000002 2.4460188150405888 162.2011413574219 1.1188414532625759e-06 161984.60156250003 -0.76059979200363148 0.0014571420033462348 0.84745755791664135 -2.473142027854919 -0.87868228554725636 303104.00000000006 17544388.000000004 0.76454085111618053 812.09500122070324 0.0032500039087608461 -790564.34374999988 -375461.49999999994
decision_type=2 2 2 2 2 2 2 2 2 2 2 2 2 2 2 2 2 2 2 2
left_child=9 2 3 4 -2 -5 7 -4 -8 13 17 -12 -13 18 -3 16 -15 -11 19 -1
right_child=1 14 6 5 -6 -7 8 -9 -10 10 11 12 -14 15 -16 -17 -18 -19 -20 -21
leaf_value=0.011740397872080898 -0.0079112312760057073 -0.013424289301538259 0.0097222870450236615 0.001246471102991985 0.019043468119890467 0.0044321403514449038 0.020671437013896333 -0.015187874858403307 0.0072642993017015571 -0.015826528714519592 -0.0057850442065551433 0.012395605981429919 9.0198764879202353e-05 0.0026415734483163111 0.004289935983270308 -0.0039202861584369244 0.013617543129910077 -0.0017584337862639322 0.0077773565939898218 0.014528662853860072
leaf_weight=18.338430255651474 20.56212001293898 5.4682741016149512 5.0848800390958804 295.57735042273998 2.628566086292266 191.34205415844917 6.9884878396987959 3.7602501660585403 13.5067985355854 2.9080075323581722 3.8145293593406739 13.874558374285703 6.9437976479530255 7.6523407250642794 1.6863973960280416 3.5384056568145743 5.8336284756660461 2.2033914625644684 6.6173561364412299 7.8578320741653469
leaf_count=32 92 33 11 897 3 497 8 18 30 13 16 24 22 19 6 10 9 8 13 11
internal_value=0.00294793 0.00233368 0.0024873 0.00216594 -0.00481291 0.00250038 0.00804031 -0.000754488 0.0118847 0.00715431 0.00331642 0.00611145 0.00833927 0.00942478 -0.00910918 0.0050388 0.0074636 -0.00995778 0.0116698 0.0126149
internal_weight=626.187 546.605 539.451 510.11 23.1907 486.919 29.3404 8.84513 20.4953 79.5823 29.7443 24.6329 20.8184 49.838 7.15467 17.0244 13.486 5.1114 32.8136 26.1963
internal_count=1772 1595 1556 1489 95 1394 67 29 38 177 83 62 46 94 39 38 28 21 56 43
is_linear=0
shrinkage=0.01


Tree=143
num_leaves=19
num_cat=0
split_feature=54 51 6 72 70 60 61 3 40 21 26 69 37 57 36 47 56 23
split_gain=15.8786 9.48092 10.8208 19.2612 21.3532 13.3486 11.791 11.2262 8.57193 8.3979 6.73541 8.50051 9.21687 6.1431 4.71413 2.84632 2.77168 1.30229
threshold=-1.5326034426689146 -0.038843464106321328 -36380264447.999992 -1929357.1249999998 452896.76562500006 -1.0000000180025095e-35 213.446159362793 -1253889.4999999998 0.86441209912300121 -5622.4999999999991 0.0014571420033462348 15.707335948944094 2.0045562982559209 0.90668693184852611 0.85526448488235485 -1.944145619869232 -0.677201747894287 1.5000000000000002
decision_type=2 2 2 2 2 2 2 2 2 2 2 2 2 2 2 2 2 2
left_child=10 8 6 4 -4 -5 7 -3 -2 -8 14 16 13 -13 15 -1 -12 -17
right_child=1 2 3 5 -6 -7 9 -9 -10 -11 11 12 -14 -15 -16 17 -18 -19
leaf_value=0 -0.011763195445728328 0.014236511076956442 -5.7684551121669677e-06 9.3399972885322316e-05 -0.013344510068874977 0.0042270214707695224 -0.015877516164888788 0.0043707951136938315 0.0073228987471383655 0.0074589493209816643 0.00078875761596754884 -0.0027100802787211387 -0.0086258197262176622 0.01105794803178283 0.0016849974480549986 0.012114911678527376 -0.013688015397850197 0.0068070804285879074
leaf_weight=2.4614530801773062 8.6082504913210851 19.72064246237278 83.737314268946648 110.29441407322884 14.038810744881628 272.04776362329721 3.6823635995388031 28.804985642433167 3.1702831462025634 2.5867267400026313 1.9868340343236921 3.87837482988835 3.6856835186481467 16.816701024770737 7.1389311552047721 33.554349228739738 3.3302203118801144 6.4677092134952536
leaf_count=6 72 33 260 337 59 722 16 76 14 6 7 12 15 31 18 57 18 13
internal_value=0.00291937 0.00231001 0.00250678 0.00202331 -0.00193119 0.00303721 0.00672476 0.00840079 -0.00654113 -0.00608901 0.00710659 0.00328773 0.00581013 0.00842942 0.00937193 0.0106401 -0.00809038 0.0112821
internal_weight=626.012 546.692 534.913 480.118 97.7761 382.342 54.7947 48.5256 11.7785 6.26909 79.3203 29.6978 24.3808 20.6951 49.6224 42.4835 5.31705 40.0221
internal_count=1772 1595 1509 1378 319 1059 131 109 86 22 177 83 58 43 94 76 25 70
is_linear=0
shrinkage=0.01


Tree=144
num_leaves=20
num_cat=0
split_feature=54 10 70 70 49 72 29 49 56 26 59 56 1 36 68 6 11 66 9
split_gain=15.6786 9.44769 9.5279 14.6834 14.3312 13.6065 17.7743 11.5004 10.8937 6.66574 10.715 6.83208 10.1251 4.6738 3.09507 2.28269 1.70782 3.9085 0.390316
threshold=-1.5326034426689146 0.0019445000216364863 701746.78125000012 620137.56250000012 1.1901771426200869 -1170681.1874999998 0.24832431972026828 0.7433784306049348 -0.77125221490859974 0.0014571420033462348 0.84745755791664135 -0.56393158435821522 2924810.0000000005 0.85526448488235485 34.415870666503913 -20273209343.999996 47.260000228881843 -1.0000000180025095e-35 149759800.00000003
decision_type=2 2 2 2 2 2 2 2 2 2 2 2 2 2 2 2 2 2 2
left_child=9 2 3 4 -2 6 -4 -5 -7 13 15 14 -13 16 -12 -11 18 -18 -1
right_child=1 -3 5 7 -6 8 -8 -9 -10 10 11 12 -14 -15 -16 -17 17 -19 -20
leaf_value=0.0093514090126424337 0.0027596794436494437 -0.013404957222951876 0.014303364519028085 -0.015835353179255527 -0.0028249565588322274 -0.0058264331123068711 -0.015288104919770463 0.0080436047855675791 0.0082982865108330132 -0.015633750420538717 0.0049002160040557841 0.0093187499233960656 -0.013755739912608866 0.001668341114251574 0.013708985552812834 -0.0015108480392786272 7.3152473033860312e-05 0.011110401908239496 0.013014409475399741
leaf_weight=6.1485906690359142 400.98890553414822 3.7910919189453116 2.9632876366376859 7.9425202459096891 51.724372513592243 5.8800830394029608 6.3125672191381454 2.6418116837739944 64.528482921421528 2.9424426108598709 8.1099426746368497 3.9013841599225954 3.6841079443693161 7.1381065696477881 8.8608312606811506 2.1503823846578625 4.8084647655487069 10.892212599515911 20.41352641582489
leaf_count=12 1157 21 5 35 172 19 30 6 150 14 21 8 19 18 14 7 12 18 34
internal_value=0.0028911 0.00228657 0.00239797 0.00184538 0.0021194 0.00559826 -0.00572693 -0.00978077 0.00710448 0.00705992 0.00325951 0.00602257 -0.0017562 0.00932059 0.0095584 -0.00986688 0.0105894 0.00779384 0.0122041
internal_weight=625.823 546.773 542.982 463.298 452.713 79.6844 9.27585 10.5843 70.4086 79.05 29.6491 24.5563 7.58549 49.4009 16.9708 5.09282 42.2628 15.7007 26.5621
internal_count=1772 1595 1574 1370 1329 204 35 41 169 177 83 62 27 94 35 21 76 30 46
is_linear=0
shrinkage=0.01


Tree=145
num_leaves=20
num_cat=0
split_feature=54 10 17 4 56 68 49 26 59 56 2 34 58 46 4 68 26 11 28
split_gain=15.4891 9.30096 9.3278 11.0999 9.6765 12.9582 8.45325 6.59763 10.5271 6.69351 9.98432 4.95868 4.71409 3.62006 3.8401 3.03728 2.26003 1.28958 0.487245
threshold=-1.5326034426689146 0.0019445000216364863 28710.500000000004 408307.34375000006 0.86683401465415966 87.50000381469728 2.0416345596313481 0.0014571420033462348 0.84745755791664135 -0.56393158435821522 3023834.0000000005 -1.3269731998443601 303104.00000000006 0.76454085111618053 812.09500122070324 34.415870666503913 0.0032500039087608461 54.404998779296882 -1718.9374999999998
decision_type=2 2 2 2 2 2 2 2 2 2 2 2 2 2 2 2 2 2 2
left_child=7 2 4 11 5 -2 -6 12 16 15 -11 -4 17 14 -14 -10 -9 18 -1
right_child=1 -3 3 -5 6 -7 -8 8 9 10 -12 -13 13 -15 -16 -17 -18 -19 -20
leaf_value=0.0093620710896248471 0.0006255127793057658 -0.013355796398986926 0.0038332250438247312 0.013963031612221597 0.0040812052456777222 0.017175740722363834 -0.0040436925533398112 -0.015658307502298689 0.0048529243091669063 0.00925233974174486 -0.013704088113977166 -0.014299172546173666 0.0024682674847733713 -0.0039258729950544307 0.013513804673622839 0.013584146157284465 -0.0016252757451263706 0.0071491407802473936 0.013439827315732216
leaf_weight=5.6939697861671474 219.60871583968401 3.7671161517500868 1.7572597563266743 2.1608545035123816 293.50347790122032 4.8425063639879218 13.265964195132254 2.8863089233636883 8.1070982664823621 3.8940363228321031 3.6637675166130066 8.0174863785505277 7.591310456395151 3.5393884927034369 5.7337051630020142 8.8528799116611463 2.192934438586235 6.4306354075670233 20.185331344604492
leaf_count=11 654 21 9 4 815 7 44 13 21 8 19 41 19 10 9 14 8 13 32
internal_value=0.00286283 0.00226302 0.00237319 -0.00634533 0.00257096 0.000987037 0.00372659 0.00701471 0.0032322 0.00597209 -0.00174385 -0.0109371 0.00927099 0.00488166 0.00729617 0.00946947 -0.00979651 0.0115311 0.0125813
internal_weight=625.695 546.923 543.156 11.9356 531.221 224.451 306.769 78.7714 29.597 24.5178 7.5578 9.77475 49.1743 16.8644 13.325 16.96 5.07924 32.3099 25.8793
internal_count=1772 1595 1574 54 1520 661 859 177 83 62 27 50 94 38 28 35 21 56 43
is_linear=0
shrinkage=0.01


Tree=146
num_leaves=20
num_cat=0
split_feature=61 33 2 65 44 3 50 25 29 28 27 56 9 46 28 41 47 3 22
split_gain=15.3217 13.6589 13.9701 24.6255 23.4425 17.7774 13.3547 14.6721 14.2935 15.8833 13.537 13.1337 17.2037 12.7905 14.2933 10.1565 7.75887 4.30902 4.05411
threshold=169.38391113281253 1.4499821066856386 5536681.5000000009 0.22473284602165225 165536.17968750003 -873129.99999999988 -0.010593718383461235 13797.500000000002 0.55544716119766246 412.56250000000006 -19213311.999999996 -0.27904695272445673 213256416.00000003 0.051200918853282935 151.50000000000003 -1.8441144227981565 -0.93731215596199025 797115.50000000012 28987.510742187504
decision_type=2 2 2 2 2 2 2 2 2 2 2 2 2 2 2 2 2 2 2
left_child=1 2 3 5 -5 -1 10 8 15 -10 -2 16 -13 17 -15 -8 -4 -9 -3
right_child=6 18 11 4 -6 -7 7 13 9 -11 -12 12 -14 14 -16 -17 -18 -19 -20
leaf_value=-0.011095554034128891 0.01562782331358854 -0.015390873856432877 -0.0013838089119865501 -0.0013691787950232978 0.01094774889691434 -0.0010998808543683501 -0.00089845781010612939 -0.015744674526383978 0.0042973459908841518 -0.011250826127885001 -0.013070601297995966 0.00044625724051792668 0.0077081855500328571 0.0064687258008126712 -0.015802212048640702 0.0092053973995266918 0.01132170369873494 0.00018910313254395176 0.00025350432956477455
leaf_weight=23.503278896212578 2.0729112699627876 6.0713373869657499 5.6087929978966704 31.89972036331892 29.744872659444809 74.435204736888409 10.720631539821623 6.494031950831415 87.794029831886292 7.0714725255966178 7.5637645497918111 121.78731028735638 44.728180348873138 17.482531651854519 3.4344157874584189 112.22285404801369 28.704232640564442 2.1313213557004929 2.106902152299881
leaf_count=107 5 27 17 101 58 252 30 29 226 28 45 381 107 44 15 229 57 7 7
internal_value=0.00283481 0.00152403 0.0018164 -0.000386562 0.00455779 -0.00350885 0.00471093 0.00516318 0.00606102 0.00312781 -0.00679361 0.00357191 0.00240291 -0.00142254 0.00276419 0.00831621 0.00921572 -0.0116915 -0.0112382
internal_weight=625.578 368.59 360.412 159.583 61.6446 97.9385 256.988 247.351 217.809 94.8655 9.63668 200.829 166.515 29.5423 20.9169 122.943 34.313 8.62535 8.17824
internal_count=1772 1114 1080 518 159 359 658 608 513 254 50 562 488 95 59 259 74 36 34
is_linear=0
shrinkage=0.01


Tree=147
num_leaves=18
num_cat=0
split_feature=54 51 12 3 21 70 70 8 20 55 14 36 5 46 47 27 31
split_gain=15.1181 9.24794 11.1642 16.9998 11.5668 10.9333 27.6515 9.87575 7.96237 6.53307 6.90001 4.91197 12.1977 6.75157 3.49073 3.10164 2.71004
threshold=-1.5326034426689146 -0.038843464106321328 115309140.00000001 -334148.49999999994 -39103.999999999993 701746.78125000012 620137.56250000012 1.0000000180025095e-35 326.15499877929693 -0.22233347594738004 0.4775999933481217 0.85526448488235485 13439.165039062502 0.29825630784034735 -1.944145619869232 -11335679.999999998 -0.87868228554725636
decision_type=2 2 2 2 2 2 2 2 2 2 2 2 2 2 2 2 2
left_child=9 8 5 15 -5 6 -3 -7 -2 10 -1 14 13 -13 -11 -4 -16
right_child=1 2 3 4 -6 7 -8 -9 -10 11 -12 12 -14 -15 16 -17 -18
leaf_value=0.0067015714851310672 0.0066620392144812338 0.0018593209081897472 0.0070434474082361823 0.0097020488042909737 -0.014938506352643596 0.0069549354595764357 -0.015667036238316771 -0.0043305846127608414 -0.01164116915383648 0 -0.014768360008502191 -0.015786235583241312 0.011677306390933815 0.0049998261991468411 0.010845171526864636 0.017558449884565872 0.0052964582725837216
leaf_weight=3.2240263968706122 3.2204143777489653 427.53506031632423 4.1301808655262038 3.608171746134758 3.989469662308692 66.143084496259689 9.1854131668806058 8.6702583581209165 8.5258369296789152 4.1082490831613532 2.7478009536862373 3.9529487788677198 6.6436756253242493 2.4884302616119385 43.078593239188194 12.03348733484745 12.070119768381117
leaf_count=8 12 1232 10 7 18 155 41 30 74 11 14 18 11 6 81 16 28
internal_value=0.00280742 0.00221644 0.00241041 0.00912366 -0.00310492 0.00209662 0.0014884 0.00563367 -0.00653793 0.00692282 -0.00300988 0.00775659 0.00211079 -0.00760093 0.00898641 0.0149335 0.00964889
internal_weight=625.355 547.041 535.295 23.7613 7.59764 511.534 436.72 74.8133 11.7463 78.3138 5.97183 72.342 13.0851 6.44138 59.257 16.1637 55.1487
internal_count=1772 1595 1509 51 25 1458 1273 185 86 177 22 155 35 24 120 26 109
is_linear=0
shrinkage=0.01


Tree=148
num_leaves=22
num_cat=0
split_feature=54 50 20 29 9 49 54 27 66 36 36 34 26 59 56 1 36 66 47 26 23
split_gain=14.9158 9.16871 11.7126 11.6708 24.7666 15.1893 9.2652 11.0545 9.51947 12.1661 9.18004 8.48143 6.51197 10.2774 6.50373 9.76618 4.64217 3.03312 2.79343 2.24035 1.69689
threshold=-1.5326034426689146 -0.013425439596176146 48022.935546875007 0.3462259322404862 188082016.00000003 1.1901771426200869 1.5203819870948794 -19213311.999999996 0.41027459502220159 -1.7158748507499693 -1.2673771977424619 0.55379685759544384 0.0014571420033462348 0.84745755791664135 -0.56393158435821522 2924810.0000000005 0.85526448488235485 1.0000000180025095e-35 -1.944145619869232 0.0032500039087608461 6.5000000000000009
decision_type=2 2 2 2 2 2 2 2 2 2 2 2 2 2 2 2 2 2 2 2 2
left_child=12 6 3 4 -3 -5 8 -8 9 -2 -4 -12 16 19 17 -16 18 -15 -1 -14 -20
right_child=1 2 10 5 -6 -7 7 -9 -10 -11 11 -13 13 14 15 -17 -18 -19 20 -21 -22
leaf_value=0 -0.0090604657348909174 -0.0074312186657214839 0.017617947652012533 0.0034593152974398507 0.0046690789740677736 -0.0031542622530702051 0.009021820482836446 -0.013340610829538649 -0.016339059981535217 0.0069246987674819217 -0.0050672472890028594 0.0095647052369944741 -0.015611045363263272 0.0042114014131194909 0.0091040390698087503 -0.013657020593185451 0.0015048623783750603 0.013023456960435494 0.011957853365362996 -0.0016175306487362514 0.005664645586608931
leaf_weight=2.4499174505472174 6.2858640402555492 35.329962454736233 8.5445393174886721 372.19907484948635 32.370164938271046 38.142107307910919 2.6957400143146506 11.249642372131346 2.8371529430150977 19.24057832360268 5.698053956031802 12.513282522559164 2.8809099197387722 7.2851932942867377 3.8744459748268083 3.6443409100174904 7.1114854663610449 9.6129206568002683 33.363121867179871 2.185956172645092 5.6653602570295325
leaf_count=6 29 139 12 1012 85 126 10 70 12 54 19 27 13 20 8 19 18 15 58 8 12
internal_value=0.00278019 0.00219401 0.00256972 0.00220658 -0.00163081 0.00284213 -0.00226502 -0.00894609 0.00098457 0.00294919 0.00902044 0.00493168 0.00687509 0.00311584 0.00583107 -0.0017952 0.00913557 0.00928354 0.0104198 -0.0097713 0.01107
internal_weight=625.18 547.106 504.797 478.041 67.7001 410.341 42.309 13.9454 28.3636 25.5264 26.7559 18.2113 78.0737 29.4838 24.4169 7.51879 48.5899 16.8981 41.4784 5.06687 39.0285
internal_count=1772 1595 1420 1362 224 1138 175 80 95 83 58 46 177 83 62 27 94 35 76 21 70
is_linear=0
shrinkage=0.01


Tree=149
num_leaves=19
num_cat=0
split_feature=61 33 2 65 44 3 31 3 50 58 50 31 27 67 58 27 4 22
split_gain=14.8882 13.3569 13.632 24.1596 22.8151 17.4655 13.2461 17.3488 12.8766 13.7301 22.9688 15.6411 13.201 12.5948 12.2242 10.0423 5.03392 3.97895
threshold=169.38391113281253 1.4499821066856386 5536681.5000000009 0.22473284602165225 165536.17968750003 -873129.99999999988 -5.6453557014465323 -2040261.4999999998 -0.010593718383461235 -591871.99999999988 -0.0039615917485207311 -3.5474936962127681 -19213311.999999996 6.2982637882232675 -4104831.9999999995 7258112.0000000009 97736.949218750015 28987.510742187504
decision_type=2 2 2 2 2 2 2 2 2 2 2 2 2 2 2 2 2 2
left_child=1 2 3 5 -5 -1 7 -4 12 11 -11 16 -2 -8 -13 -12 -10 -3
right_child=8 17 6 4 -6 -7 13 -9 9 10 15 14 -14 -15 -16 -17 -18 -19
leaf_value=-0.011057480615859424 0.01533919109723067 -0.015311211350486159 0.0059345566093848695 -0.0013794362169711146 0.01076800318871364 -0.0011363744171835196 0.0048432003857564266 -0.010863789264027734 0.014502534776318391 -0.016023254023593239 0.004476918896186362 0.014623574251182393 -0.013010481105564266 -0.013916221255540259 0.0011118462688378236 -0.011601921920828982 0.0065557130019951431 0.0001809357591840866
leaf_weight=23.418995231389999 2.077322892844677 6.0428371131420118 11.04887491464615 31.899011977016926 29.777408808469772 74.461941033601761 172.41721031814814 13.740299075841902 32.52552717924118 5.8922940492629996 151.57195211946964 8.4529042989015561 7.4759294018149358 3.628409579396247 33.213595658540726 3.9534486681222907 11.263052970170973 2.11048723757267
leaf_count=107 5 27 30 101 58 252 459 55 54 26 386 12 45 18 89 15 26 7
internal_value=0.00275334 0.00146192 0.00175066 -0.000425748 0.00446914 -0.00352032 0.00348473 -0.0033362 0.00460551 0.00504865 0.0033224 0.00829769 -0.00674126 0.00445088 0.00387698 0.00406177 0.0124813 -0.0111784
internal_weight=624.972 368.545 360.392 159.557 61.6764 97.8809 200.835 24.7892 256.426 246.873 161.418 85.4551 9.55325 176.046 41.6665 155.525 43.7886 8.15332
internal_count=1772 1114 1080 518 159 359 562 85 658 608 427 181 50 477 101 401 80 34
is_linear=0
shrinkage=0.01


Tree=150
num_leaves=19
num_cat=0
split_feature=61 50 25 29 28 27 2 51 44 50 28 46 28 67 31 44 41 3
split_gain=14.6072 12.6347 14.2523 13.9565 15.4839 12.9943 12.5332 22.6001 20.4085 17.8722 13.5546 12.5231 13.9854 11.9774 12.9557 10.0928 10.0252 4.24979
threshold=169.38391113281253 -0.010593718383461235 13797.500000000002 0.55544716119766246 412.56250000000006 -19213311.999999996 5536681.5000000009 -0.014760628342628477 1267199.6875000002 -0.0023561142152175303 3272.2187500000005 0.051200918853282935 151.50000000000003 6.2982637882232675 -5.6453557014465323 2179532.6250000005 -1.8441144227981565 797115.50000000012
decision_type=2 2 2 2 2 2 2 2 2 2 2 2 2 2 2 2 2 2
left_child=6 5 3 16 -5 -2 7 -1 9 -9 13 17 -13 14 -8 -10 -3 -4
right_child=1 2 11 4 -6 -7 10 8 15 -11 -12 12 -14 -15 -16 -17 -18 -19
leaf_value=-0.013948459039169733 0.015151006171831922 -0.0010467058549637263 -0.015693878562637396 0.004146386030743624 -0.011215106781979907 -0.012970419239887008 -0.0030275697733603379 -0.0099057959490332324 0.014556730774162179 0.00047815321284982678 -0.016212515519026992 0.0063046398124530665 -0.015742655493315487 -0.013966971922343738 0.0047512385139588291 0.00014420657159430761 0.0090110629943836902 0.00011892439429795098
leaf_weight=11.79120636731386 2.0820690542459488 10.682560011744497 6.4797155708074587 87.849402666091919 7.0616658329963675 7.4242891073226911 24.27176271378994 19.456546559929848 13.824192255735399 111.0198874399066 3.5536984801292411 17.510265514254574 3.4271513521671286 3.8508456796407691 173.00847690552473 7.7098955065011969 111.6459825783968 2.1350269466638565
leaf_count=66 5 30 29 226 28 45 83 82 24 341 16 44 15 19 461 22 229 7
internal_value=0.00272659 0.00456181 0.0049999 0.00588718 0.00299291 -0.00670611 0.00144741 -0.000609092 0.000419042 -0.00106263 0.00309804 -0.00148871 0.00264806 0.0034442 0.00378913 0.00944302 0.00812458 -0.0116588
internal_weight=624.785 256.298 246.792 217.24 94.9111 9.50636 368.487 163.802 152.011 130.476 204.685 29.5522 20.9374 201.131 197.28 21.5341 122.329 8.61474
internal_count=1772 658 608 513 254 50 1114 535 469 423 579 95 59 563 544 46 259 36
is_linear=0
shrinkage=0.01


Tree=151
num_leaves=18
num_cat=0
split_feature=54 10 2 35 60 61 50 2 69 3 27 45 37 1 57 46 35
split_gain=14.53 9.08529 9.15239 12.33 10.5576 10.2762 13.1407 10.0649 6.40241 10.6304 8.83007 6.38139 5.26137 4.51685 3.57415 3.5157 1.94417
threshold=-1.5326034426689146 0.0019445000216364863 1134444.5000000002 2.158980250358582 0.0028142032679170374 162.2011413574219 -0.010593718383461235 5536681.5000000009 40.000106811523445 -440868.49999999994 1427456.0000000002 -0.43060900270938868 2.0045562982559209 3703243.5000000005 0.90668693184852611 -0.2268228083848953 -1.8662154078483579
decision_type=2 2 2 2 2 2 2 2 2 2 2 2 2 2 2 2 2
left_child=8 2 3 4 -2 7 -7 -4 9 11 14 -1 -12 -11 15 -10 -16
right_child=1 -3 5 -5 -6 6 -8 -9 10 13 12 -13 -14 -15 16 -17 -18
leaf_value=0.0043262226068817638 -0.01317708126980442 -0.013343667217992921 -0.00068891070715655807 0.013223420771130956 0.0083767762104525155 -0.0070328968805366274 0.0047761285456802832 0.0028887988819896676 0.0096118863072810531 -0.00073150265678887706 0.0067718417575667253 -0.014795408683907144 -0.0095550123734877371 0.010650489207484822 0.0081383053127641412 -0.00039506115174873342 0.013904059933434632
leaf_weight=2.6971343010663986 11.400587104260923 3.7530191615223876 138.04967039078474 3.0393453836441031 2.7787016332149497 9.8305392414331418 196.69903402030468 181.56477002054453 9.9723504632711393 4.9539305120706549 4.0330291688442221 4.6222952455282238 3.8334203958511353 10.623972445726393 9.3516633957624418 5.1299319863319388 22.23465766012669
leaf_count=7 63 21 450 5 7 51 483 515 19 15 9 24 16 19 20 14 34
internal_value=0.0027002 0.00212365 0.00223233 -0.00492254 -0.00888267 0.00246838 0.00420919 0.00134037 0.00675995 0.00226255 0.00862922 -0.00761266 -0.00105732 0.00696671 0.0102827 0.00614652 0.0122287
internal_weight=624.568 547.116 543.363 17.2186 14.1793 526.144 206.53 319.614 77.4524 22.8973 54.5551 7.31943 7.86645 15.5779 46.6886 15.1023 31.5863
internal_count=1772 1595 1574 75 70 1499 534 965 177 65 112 31 25 34 87 33 54
is_linear=0
shrinkage=0.01


Tree=152
num_leaves=23
num_cat=0
split_feature=61 33 2 65 44 8 31 2 25 50 33 61 46 28 25 33 52 46 60 45 33 22
split_gain=14.1344 13.082 12.8831 23.5288 22.2242 16.7113 12.7187 14.7806 12.3517 14.0082 25.0351 15.4121 12.1248 13.559 12.8071 11.2681 14.6859 12.0182 10.8188 6.63636 4.0808 3.93097
threshold=169.38391113281253 1.4499821066856386 5536681.5000000009 0.22473284602165225 165536.17968750003 1.1613984704017641 -5.6453557014465323 10453963.500000002 13797.500000000002 -0.0036321002990007396 -1.4194197058677671 179.20005798339847 0.051200918853282935 151.50000000000003 62966.500000000007 -1.1686807870864866 -0.0066346791572868815 0.42625190317630773 0.033063186332583434 -1.0000000180025095e-35 1.1633108854293825 28987.510742187504
decision_type=2 2 2 2 2 2 2 2 2 2 2 2 2 2 2 2 2 2 2 2 2 2
left_child=1 2 3 5 -5 -1 7 -4 9 10 19 -12 20 14 -14 17 -17 -11 -8 -2 -10 -3
right_child=8 21 6 4 -6 -7 18 -9 12 15 11 -13 13 -15 -16 16 -18 -19 -20 -21 -22 -23
leaf_value=-0.00067517794038746788 0.012386297622071956 -0.015239175914073021 -0.01060248141362486 -0.0013642538570546401 0.010623606733821163 -0.0096237094425930467 0.0047820099865336736 0.0048456560745886315 -0.01559146723805605 0.01192468673690259 0.013213184869286363 -0.015363254711926082 0.011019443762853416 -0.015676856638236768 -0.0085006138571150289 -0.0022822476322026447 0.006204934210475287 -0.0017588807144914278 -0.0093396596112412869 -0.0015221246311815284 0 0.00016340763489265984
leaf_weight=67.180321402847767 10.138386048376558 6.0151320993900281 13.122368864715101 31.882130496203899 29.800962954759598 30.456316992640495 170.67539996653795 11.63037660717964 6.4291315972805041 47.712448447942734 2.2076924890279761 11.841861382126806 13.220934495329862 3.4157134592533103 4.4498087465763083 24.472734943032265 117.57285487651825 7.2725680023431769 5.5568659156560889 5.0041612312197712 2.1559698879718781 2.1112523525953293
leaf_count=229 21 27 53 101 58 130 453 32 29 88 4 58 28 15 17 80 269 21 24 21 7 7
internal_value=0.00267425 0.00141632 0.00170172 -0.00041654 0.00441123 -0.00347678 0.00338582 -0.00330359 0.00448149 0.00527818 -0.00115781 -0.0108017 -0.00155893 0.00248091 0.00604735 0.00623681 0.00473566 0.0100966 0.00433106 0.00772394 -0.0115979 -0.0111145
internal_weight=624.325 368.431 360.305 159.32 61.6831 97.6366 200.985 24.7527 255.894 226.223 29.1921 14.0496 29.6716 21.0865 17.6707 197.031 142.046 54.985 176.232 15.1425 8.5851 8.12638
internal_count=1772 1114 1080 518 159 359 562 85 658 562 104 62 96 60 45 458 349 109 477 42 36 34
is_linear=0
shrinkage=0.01


Tree=153
num_leaves=22
num_cat=0
split_feature=54 72 55 65 65 2 14 3 20 26 59 69 31 58 34 46 4 26 60 11 28
split_gain=14.2356 8.93764 9.04792 15.2862 20.1648 13.9123 11.3389 15.6605 9.80058 6.34983 10.1458 8.50684 8.28502 4.73936 4.61786 3.60286 3.85304 2.20173 2.10803 1.34288 0.500829
threshold=-1.5326034426689146 1.0000000180025095e-35 0.99141448736190807 0.86186563968658458 0.3937028199434281 2153420.5000000005 1.0740250349044802 -35522.499999999993 35525.335937500007 0.0014571420033462348 0.84745755791664135 15.707335948944094 -0.87868228554725636 303104.00000000006 -1.3269731998443601 0.76454085111618053 812.09500122070324 0.0032500039087608461 -1.0000000180025095e-35 54.404998779296882 -1718.9374999999998
decision_type=2 2 2 2 2 2 2 2 2 2 2 2 2 2 2 2 2 2 2 2 2
left_child=9 2 3 4 -2 -5 7 -4 -8 13 17 18 -13 19 -3 16 -15 -11 -12 20 -1
right_child=1 14 6 5 -6 -7 8 -9 -10 10 11 12 -14 15 -16 -17 -18 -19 -20 -21 -22
leaf_value=0.0090423537363439853 0.0015895743342122534 0.0059666792076488251 0.012302684410153222 0.005318529330350351 0.0081314405769256064 -0.0045983222109198477 -0.0093627931238729218 0.0022860518466242615 0.010352799297443595 -0.015632949084880953 0 0.013224203562140468 -0.00017932697424801868 0.0021065450597786924 -0.013340770959178433 -0.004298148493248991 0.013314180527686964 -0.0017360563450357059 -0.013552560481516601 0.006766637796552023 0.013226264000508541
leaf_weight=5.4706991165876451 330.59816564619541 1.5140208080410955 30.549399822950363 18.347655296325684 55.110824853181839 60.90146704018116 8.4091731756925565 32.515813551843166 3.5649454444646826 2.8803869932889965 2.1051086038351059 12.900873914361005 6.9505044519901231 7.4483940750360507 5.5551911294460288 3.518381103873252 5.5421896576881409 2.1803575754165649 2.2581000328063991 6.3064815253019324 19.445128083229065
leaf_count=11 1015 5 54 47 121 194 30 88 7 13 8 20 22 19 34 10 9 8 12 13 32
internal_value=0.00264848 0.00207918 0.00222691 0.00170376 0.00252688 -0.00228977 0.00545509 0.00715406 -0.00340954 0.00667992 0.00296197 0.0056795 0.00848089 0.00893933 -0.00906421 0.00450407 0.00696505 -0.00984325 -0.00683684 0.0112525 0.0123477
internal_weight=624.073 547.067 539.997 464.958 385.709 79.2491 75.0393 63.0652 11.9741 77.0066 29.2753 24.2146 19.8514 47.7313 7.06921 16.509 12.9906 5.06074 4.36321 31.2223 24.9158
internal_count=1772 1595 1556 1377 1136 241 179 142 37 177 83 62 42 94 39 38 28 21 20 56 43
is_linear=0
shrinkage=0.01


Tree=154
num_leaves=22
num_cat=0
split_feature=61 33 2 51 8 56 56 25 29 55 11 3 41 59 27 33 47 50 67 22 21
split_gain=13.7397 12.8062 12.6697 22.8128 18.9356 12.588 13.9151 12.1161 13.7816 15.9229 18.839 13.4564 9.97263 9.0607 8.60665 9.646 7.6692 7.42331 6.72051 3.88738 2.78043
threshold=169.38391113281253 1.4499821066856386 5536681.5000000009 -0.014760628342628477 1.1613984704017641 -0.27904695272445673 0.76098015904426586 13797.500000000002 0.55544716119766246 -0.51142603158950795 50.225000381469734 -2533762.4999999995 -1.8441144227981565 0.73533299565315258 1427456.0000000002 -0.93722569942474354 -0.93731215596199025 -0.010593718383461235 7.2497248649597177 28987.510742187504 -22235.499999999996
decision_type=2 2 2 2 2 2 2 2 2 2 2 2 2 2 2 2 2 2 2 2 2
left_child=1 2 3 -1 -5 16 -7 8 12 11 -11 -10 18 -9 15 -15 -4 -14 -2 -3 -16
right_child=7 19 5 4 -6 6 -8 13 9 10 -12 -13 17 14 20 -17 -18 -19 -20 -21 -22
leaf_value=-0.013882809514746108 -0.0084766896134187333 -0.015157479767334399 -0.001696722456436167 0.0032791539736996373 -0.0042101453854334545 -0.0026603828300663119 0.0039105199869777811 -0.015565344884083867 0.0087307770345093506 0.0088730968247483673 -0.000673996502922385 -0.012416310898069636 -0.0025959734565182886 -0.0062601215969175228 -0.015751333252135725 0.0086143766386793507 0.010969435040064666 0.0088019853020338962 0.007240454785997677 0.00017536819913836229 -0.0012229637027652124
leaf_weight=11.697028942406176 6.3108650445938093 5.9858724772930128 5.5805795937776557 95.357089176774025 52.208453014492989 43.433771245181561 123.40375246107578 4.0100190490484264 4.0133066475391379 41.421288251876831 40.89541232585907 11.544738695025442 5.8834485560655585 6.3889539390802446 3.4818115383386612 13.39321483671665 28.604198291897774 111.05182394385338 4.7398933917284012 2.1081732213497162 2.3739165216684333
leaf_count=66 22 27 17 268 184 140 348 18 10 91 120 50 30 22 15 33 57 229 10 7 8
internal_value=0.00262286 0.00138298 0.00166486 -0.0004364 0.000622675 0.00333458 0.00219389 0.00440654 0.00519654 0.00235677 0.0041179 -0.006897 0.00736039 -0.00157802 0.000570725 0.00375988 0.00887246 0.00821996 -0.0016448 -0.0110403 -0.0100323
internal_weight=623.888 368.379 360.285 159.263 147.566 201.022 166.838 255.509 225.861 97.8747 82.3167 15.558 127.986 29.6479 25.6379 19.7822 34.1848 116.935 11.0508 8.09405 5.85573
internal_count=1772 1114 1080 518 452 562 488 658 562 271 211 60 291 96 78 55 74 259 32 34 23
is_linear=0
shrinkage=0.01


Tree=155
num_leaves=20
num_cat=0
split_feature=54 22 49 2 37 60 61 33 5 69 33 47 27 40 37 40 57 46 35
split_gain=13.9069 8.98312 12.7893 12.4912 14.5961 13.6113 12.2537 15.3052 12.8377 6.24941 9.00272 10.3342 8.62236 7.64881 5.12158 3.93492 3.5589 3.45109 1.91896
threshold=-1.5326034426689146 54560.259765625007 2.253907442092896 1286421.5000000002 2.4460188150405888 0.0028142032679170374 162.2011413574219 1.4499821066856386 640731.31250000012 40.000106811523445 1.1633108854293825 -0.13982538878917691 1427456.0000000002 -0.22196793556213376 2.0045562982559209 1.0529238581657412 0.90668693184852611 -0.2268228083848953 -1.8662154078483579
decision_type=2 2 2 2 2 2 2 2 2 2 2 2 2 2 2 2 2 2 2
left_child=9 3 15 4 5 -2 7 -5 -8 10 11 -1 16 -13 -14 -3 17 -11 -18
right_child=1 2 -4 6 -6 -7 8 -9 -10 12 -12 13 14 -15 -16 -17 18 -19 -20
leaf_value=-0.016048146746063714 -0.012155814909942974 0.0074623603338218793 -0.0045766935825006664 0.001184270130815825 0.015951490936428364 0.0079576736720658008 0.0034492540852976263 -0.015055195514842863 0.014694839402491649 0.0094323736094783645 0.012302883521434644 0.010370953930184525 0.0066183673017621803 -0.0051889799318194816 -0.0095328993390132784 0.018070542630770833 0.0079692038942227265 -0.0005390622755295178 0.01374636622646914
leaf_weight=3.8636218756437364 16.942141190171249 6.8605957403779056 5.3527235835790625 301.19565245509148 2.8261821866035453 4.1354552656412116 184.92226859927177 5.9107210785150519 10.813083112239836 9.8111421167850477 6.3188365548849097 6.3662013411521947 4.0059035569429389 6.1852349713444656 3.8153217285871506 8.1859613060951215 9.1874294728040677 5.0876814424991599 21.897020772099498
leaf_count=18 85 17 17 917 4 10 491 27 16 19 10 13 9 24 16 11 20 14 34
internal_value=0.00259738 0.00203624 0.00856026 0.00178169 -0.00526926 -0.00816208 0.00211886 0.000868461 0.00407561 0.00659573 0.00214061 -0.00171035 0.00845956 0.00262349 -0.00113263 0.0133001 0.0101128 0.00596019 0.012071
internal_weight=623.683 547.145 20.3993 526.746 23.9038 21.0776 502.842 307.106 195.735 76.5384 22.7339 16.4151 53.8045 12.5514 7.82123 15.0466 45.9833 14.8988 31.0845
internal_count=1772 1595 45 1550 99 95 1451 944 507 177 65 55 112 37 25 28 87 33 54
is_linear=0
shrinkage=0.01


Tree=156
num_leaves=21
num_cat=0
split_feature=54 10 70 70 49 72 62 18 26 26 59 69 31 58 46 4 26 26 11 28
split_gain=13.7282 8.8837 9.03704 13.859 13.4947 12.9741 16.2861 10.9911 9.65983 6.26229 9.89922 8.24755 8.06557 4.72558 3.52956 3.84598 2.16718 2.01196 1.35194 0.501784
threshold=-1.5326034426689146 0.0019445000216364863 701746.78125000012 620137.56250000012 1.1901771426200869 -1170681.1874999998 0.24470508098602298 15995.500000000002 0.01357143046334386 0.0014571420033462348 0.84745755791664135 15.707335948944094 -0.87868228554725636 303104.00000000006 0.76454085111618053 812.09500122070324 0.0032500039087608461 0.0071428737137466678 54.404998779296882 -1718.9374999999998
decision_type=2 2 2 2 2 2 2 2 2 2 2 2 2 2 2 2 2 2 2 2
left_child=9 2 3 4 -2 6 -4 -5 -7 13 16 17 -13 18 15 -15 -11 -12 19 -1
right_child=1 -3 5 7 -6 8 -8 -9 -10 10 11 12 -14 14 -16 -17 -18 -19 -20 -21
leaf_value=0.0089271946283846354 0.0024700511923080796 -0.013314739314795206 0.012859765952204991 -0.015744401709266977 -0.002954781756551705 0.010118383884037921 -0.015286854085156565 0.0075901056713375279 0.0026443882294474499 -0.01556848972228328 -0.013441937658921934 0.013026323647750516 -0.00023023412691349317 0.0019695189092645889 -0.0043462797049866045 0.01322827839691107 -0.0017519976875349126 0 0.006633634459100919 0.013138137838424624
leaf_weight=5.3962710499763551 401.51002988219261 3.7361353412270537 3.0501452237367612 7.85040734708309 51.607242465019226 38.173840925097466 6.1669585630297661 2.6523999124765396 32.42394594848156 2.8700147718191173 2.2250553071498897 12.798257485032087 6.9274637848138765 7.3984159976243991 3.5087014585733405 5.4588817358016968 2.1741009652614594 2.1158073619008064 6.2582787573337546 19.140988200902939
leaf_count=11 1157 21 6 35 172 81 29 6 88 13 12 20 22 19 10 9 8 8 13 32
internal_value=0.00257249 0.00201582 0.00212306 0.00158491 0.00184999 0.00523649 -0.00586402 -0.00975625 0.00669991 0.00655285 0.00285469 0.00555096 0.00832007 0.00881436 0.00437084 0.00682748 -0.00981159 -0.00680201 0.0111434 0.0122528
internal_weight=623.443 547.171 543.435 463.62 453.117 79.8149 9.2171 10.5028 70.5978 76.2722 29.1107 24.0666 19.7257 47.1615 16.366 12.8573 5.04412 4.34086 30.7955 24.5373
internal_count=1772 1595 1574 1370 1329 204 35 41 169 177 83 62 42 94 38 28 21 20 56 43
is_linear=0
shrinkage=0.01


Tree=157
num_leaves=19
num_cat=0
split_feature=54 51 12 3 21 13 34 60 40 26 56 1 1 36 56 47 61 23
split_gain=13.5583 8.80815 10.8481 13.677 16.0831 11.975 22.7768 12.931 8.27787 6.19145 6.32305 9.63555 4.74599 4.64537 4.63892 2.78877 2.53433 1.72241
threshold=-1.5326034426689146 -0.038843464106321328 107233396.00000001 -180728.49999999997 -39103.999999999993 49356942.000000007 -1.2354001402854917 -1.0000000180025095e-35 0.86441209912300121 0.0014571420033462348 -0.56393158435821522 2705002.5000000005 3027792.0000000005 0.85526448488235485 18.167999267578129 -1.944145619869232 108.94454956054689 6.5000000000000009
decision_type=2 2 2 2 2 2 2 2 2 2 2 2 2 2 2 2 2 2
left_child=9 8 5 14 -5 7 -7 -3 -2 13 12 -12 -11 15 -4 -1 -14 -17
right_child=1 2 3 4 -6 6 -8 -9 -10 10 11 -13 16 -15 -16 17 -18 -19
leaf_value=0 -0.011761703235630628 0.00017142506422008393 0.013902957562438201 0.010720869476870017 -0.015129152504586884 -0.0098719613305463579 0.0010639002677681599 0.0042622330776903678 0.0069798770426783285 -0.00097546747342744898 0.0052685151104198968 -0.013911059364662333 0.014211159852612759 0.0011216357805328267 0.003014799815377426 0.011679601679239362 0.0049494564173783928 0.0052558125234509869
leaf_weight=2.412711188197135 8.5085575729608518 118.34444640576839 19.276466235518459 4.6979964971542358 4.904727488756178 22.149744212627411 135.48206938803196 225.49472188949585 3.1879714652895919 5.8073763549327913 5.754041835665701 4.7470950558781624 6.5414034724235517 7.0484311431646338 5.2217099070549002 31.984184563159943 6.1948569118976593 5.5027926862239829
leaf_count=6 72 357 31 9 22 90 394 591 14 19 14 25 10 18 15 58 15 12
internal_value=0.00254753 0.00199529 0.00218417 0.00765096 -0.00237826 0.00181043 -0.000466416 0.00285714 -0.00656806 0.0065114 0.00283133 -0.00330649 0.00636106 0.0087668 0.011623 0.0100923 0.00978483 0.0107633
internal_weight=623.261 547.268 535.572 34.1009 9.60272 501.471 157.632 343.839 11.6965 75.9929 29.0448 10.5011 18.5436 46.9481 24.4982 39.8997 12.7363 37.487
internal_count=1772 1595 1509 77 31 1432 484 948 86 177 83 39 44 94 46 76 25 70
is_linear=0
shrinkage=0.01


Tree=158
num_leaves=19
num_cat=0
split_feature=54 10 2 39 67 1 37 26 59 56 2 36 36 48 46 11 26 1
split_gain=13.3831 8.74599 8.82546 12.0915 10.1435 15.6902 12.5888 6.12501 9.70007 5.99135 9.11086 4.69613 4.60376 2.94812 2.80267 5.59727 2.11493 0.777956
threshold=-1.5326034426689146 0.0019445000216364863 1134444.5000000002 2.6299754381179814 -2.0167539119720455 1277804.0000000002 -1.5250326991081236 0.0014571420033462348 0.84745755791664135 -0.56393158435821522 3023834.0000000005 0.9449732005596162 0.85526448488235485 -0.44269508123397822 0.42625190317630773 47.260000228881843 0.0032500039087608461 2357245.5000000005
decision_type=2 2 2 2 2 2 2 2 2 2 2 2 2 2 2 2 2 2
left_child=7 2 3 11 5 -4 -6 12 16 13 -11 -2 14 -10 17 -16 -9 -1
right_child=1 -3 4 -5 6 -7 -8 8 9 10 -12 -13 -14 -15 15 -17 -18 -19
leaf_value=0.0083511409942793133 -0.013128990155935841 -0.01327788507978106 0.017343036006760765 0.012816544841521001 0.0044987819475464505 -0.000520144926663397 0.00064548132212619762 -0.015461384158541648 0.014370189543645644 0.0087166526105516111 -0.013500580019992974 -0.00070941774034856203 0.0011105344549614427 0.0054085026919885358 0.011224771376713487 -0.0047878258016933262 -0.0017880286634923232 0.012534659322883175
leaf_weight=7.6904423087835339 9.2311970889568347 3.7158469408750525 5.0915688350796691 3.0883396863937369 248.69773848354816 143.02742426097393 129.62843732535839 2.8544391989707973 6.2158227115869584 3.7910578846931413 3.5667204782366753 4.8050786703824988 7.0477059334516516 10.394633769989015 5.5807393342256528 3.4811336249113083 2.1750341355800629 22.933752566576004
leaf_count=15 51 21 11 6 615 502 371 13 9 8 19 18 18 26 10 10 8 41
internal_value=0.00252314 0.00197531 0.00208142 -0.00496497 0.00231253 8.7148e-05 0.00318114 0.00646897 0.00280753 0.0054837 -0.00191735 -0.00894861 0.00871945 0.00882227 0.0100455 0.00496315 -0.00974707 0.0115167
internal_weight=623.017 547.286 543.57 17.1246 526.445 148.119 378.326 75.7315 28.9977 23.9682 7.35778 14.0363 46.7338 16.6105 39.6861 9.06187 5.02947 30.6242
internal_count=1772 1595 1574 75 1499 513 986 177 83 62 27 69 94 35 76 20 21 56
is_linear=0
shrinkage=0.01


Tree=159
num_leaves=21
num_cat=0
split_feature=54 22 49 24 57 58 20 11 26 59 67 31 58 7 27 46 4 6 11 26
split_gain=13.2198 8.84637 12.4995 12.142 19.0974 13.3571 12.9709 10.8275 6.06026 9.53259 5.76908 6.1249 4.70243 4.47724 6.37542 3.38583 3.8518 2.13227 1.362 0.360495
threshold=-1.5326034426689146 54560.259765625007 2.253907442092896 46.500000000000007 0.44101476669311529 529408.00000000012 40230.279296875007 61.299999237060554 0.0014571420033462348 0.84745755791664135 -2.473142027854919 -0.87868228554725636 303104.00000000006 2.0972207784652714 3390464.0000000005 0.76454085111618053 812.09500122070324 -20273209343.999996 54.404998779296882 0.00071428596857003878
decision_type=2 2 2 2 2 2 2 2 2 2 2 2 2 2 2 2 2 2 2 2
left_child=8 3 13 6 -5 -6 7 -2 12 17 -11 -12 18 -3 -15 16 -14 -10 19 -1
right_child=1 2 -4 4 5 -7 -8 -9 9 10 11 -13 15 14 -16 -17 -18 -19 -20 -21
leaf_value=0.0093531777750600308 0.0027242466208555077 0.020712804880630716 -0.0045608543387378776 0.017739644369107268 -0.0085503825422582665 0.00079751498723336259 0.013618758531499318 -0.0013935209661791704 -0.015303123171364168 -0.0058072185871696951 0.011506993961824852 -3.1670195114643452e-06 0.001795693284302548 0.0011130967939000386 0.017493486163749294 -0.0042916613440084133 0.013138292404185053 -0.0015247488964539588 0.006485250804344922 0.013015544078172424
leaf_weight=5.9801685363054338 375.19803911447525 5.2504612803459194 5.3507362753152838 4.4040310531854621 30.004470184445381 30.800260119140148 9.8937653154134733 76.60640586912632 2.8954926878213882 3.745762571692473 13.37482818961144 6.8007407933473507 7.3374943584203738 5.1791007891297323 4.6218986809253693 3.5121788233518592 5.3584350943565369 2.1205385178327587 6.2038528472185126 18.115334153175354
leaf_count=12 1083 6 17 6 117 94 18 232 14 16 24 22 19 16 6 10 9 7 13 31
internal_value=0.002499 0.00195543 0.00842879 0.00170288 -0.00232883 -0.00379882 0.00227447 0.00202384 0.00642905 0.00278487 0.00543992 0.00757761 0.00867498 0.013113 0.0089397 0.0042265 0.00666171 -0.00967765 0.0110216 0.0121481
internal_weight=622.754 547.309 20.4022 526.907 65.2088 60.8047 461.698 451.804 75.4448 28.9374 23.9213 20.1756 46.5075 15.0515 9.801 16.2081 12.6959 5.01603 30.2994 24.0955
internal_count=1772 1595 45 1550 217 211 1333 1315 177 83 62 46 94 28 22 38 28 21 56 43
is_linear=0
shrinkage=0.01


Tree=160
num_leaves=24
num_cat=0
split_feature=61 33 2 65 64 8 31 2 67 36 35 24 7 40 17 66 1 7 61 31 49 22 54
split_gain=13.1041 12.2651 12.3959 22.9484 21.8157 16.0789 12.3938 14.2794 11.8155 10.148 15.211 12.0303 13.7228 11.3539 15.6443 10.5495 12.276 10.6237 9.89927 6.78409 10.9973 3.77535 2.32379
threshold=169.38391113281253 1.4499821066856386 5536681.5000000009 0.22473284602165225 0.95569166541099559 1.1613984704017641 -5.6453557014465323 10453963.500000002 6.2982637882232675 -1.7158748507499693 -1.9561769962310789 5.5000000000000009 3.6151272058486943 1.0529238581657412 5227.5000000000009 -4.175182342529296 8482987.0000000019 3.7891554832458501 179.20005798339847 -5.6453557014465323 0.23799931257963183 28987.510742187504 -0.89192339777946461
decision_type=2 2 2 2 2 2 2 2 2 2 2 2 2 2 2 2 2 2 2 2 2 2 2
left_child=1 2 3 5 -5 -1 7 -4 -8 15 11 -11 -13 14 -12 16 -2 -18 -15 22 -21 -3 -17
right_child=9 21 6 4 -6 -7 8 -9 -10 10 13 12 -14 18 -16 19 17 -19 -20 20 -22 -23 -24
leaf_value=-0.00081894235322786961 -0.015086643406712792 -0.015021212969395346 -0.010594339559556288 -2.8713185863112191e-05 0.012482525556654387 -0.0096077506343125365 0.0045024959275221177 0.0045994887747534815 -0.013790562071229964 0.0068174875525744624 0.003231779361508271 -0.014248614096977408 0.006796257494952899 0.017572500938916193 -0.01512912943738773 0.011124297636255654 -0.0047025535164991073 0.019241986409407434 0.0060814585925946978 0.010382732599224483 -0.0086033571191226742 9.81676917478563e-05 0.019292188820047292
leaf_weight=67.265799723565578 3.7009150832891446 5.9335697442293149 13.105023786425592 40.658860594034195 21.080842435359955 30.337717041373253 172.67013721913099 11.608597233891485 3.5788549035787574 6.7283110767602947 120.52774243056774 12.395219892263414 4.0590461492538443 9.0431856065988523 4.8101737201213828 6.9591208696365383 3.6157473400235176 3.6945768892765045 48.283812686800957 17.636082768440254 3.6313564777374259 2.1078627556562424 9.1716995090246147
leaf_count=229 18 27 53 121 38 130 459 32 18 16 318 50 10 12 22 14 19 5 113 36 13 7 12
internal_value=0.00247468 0.00126548 0.00154052 -0.000537138 0.00422702 -0.00356098 0.00319287 -0.00341696 0.00412537 0.00422256 0.00324577 -0.00436354 -0.00899635 0.00421697 0.00251915 0.00835538 -0.000158623 0.00726202 0.00791158 0.0108889 0.00709389 -0.0109337 0.0158304
internal_weight=622.604 368.347 360.306 159.343 61.7397 97.6035 200.963 24.7136 176.249 254.257 205.847 23.1826 16.4543 182.665 125.338 48.4095 11.0112 7.31032 57.327 37.3983 21.2674 8.04143 16.1308
internal_count=1772 1114 1080 518 159 359 562 85 477 658 541 76 60 465 340 117 42 24 125 75 49 34 26
is_linear=0
shrinkage=0.01


Tree=161
num_leaves=20
num_cat=0
split_feature=54 22 2 37 60 24 57 20 30 47 55 56 34 40 57 3 69 1 55
split_gain=13.0239 8.66965 12.0578 14.2508 13.2578 11.792 18.3659 13.1915 7.23901 7.57108 6.05229 6.38382 4.74697 9.33726 5.24565 4.57281 4.21543 7.06809 1.68338
threshold=-1.5326034426689146 54560.259765625007 1286421.5000000002 2.4460188150405888 0.0028142032679170374 46.500000000000007 0.44101476669311529 40230.279296875007 0.45286385715007788 -2.2426565885543819 -0.22233347594738004 18.167999267578129 -0.18949021399021146 -0.27566930651664728 0.90668693184852611 925548.50000000012 15.707335948944094 11736409.500000002 1.3358141586650165e-05
decision_type=2 2 2 2 2 2 2 2 2 2 2 2 2 2 2 2 2 2 2
left_child=10 2 3 4 -2 7 -7 -4 15 -10 11 -1 16 -14 -15 -3 17 -12 -18
right_child=1 8 5 -5 -6 6 -8 -9 9 -11 12 -13 13 14 -16 -17 18 -19 -20
leaf_value=-0.013782293808310664 -0.01211279647233246 0.0058844202050456684 0.0023040589110074729 0.015702206603752426 0.0077253139017011375 0.017558085362270177 -0.0036293102328792733 0.014132990010418994 -0.0085296405369241525 0.011686252260558137 -0.0022679308340875972 0.0071628388560421629 -0.0088679148369931703 -0.0030493549799916241 0.0091249408278030186 0.018204760270824401 0.0099757624873259721 0.013768627103096315 0.016463706900468559
leaf_weight=2.943927325308322 16.845023728907115 5.6819148957729357 431.9586516469717 2.8211261779069892 4.1462125778198233 4.3959218561649314 57.134103879332542 9.676280200481413 4.145490288734436 3.342490702867507 6.9804533421993238 2.8165853172540665 4.7329029291868236 4.3319358229637173 16.943114370107651 7.2296890467405319 26.364472538232807 4.4506731033325195 5.4652003049850455
leaf_count=16 85 15 1233 4 10 6 195 17 15 6 23 6 18 13 35 9 52 7 7
internal_value=0.00245071 0.00191254 0.00166255 -0.00527926 -0.00814671 0.00199306 -0.00209936 0.0025655 0.00832131 0.000360798 0.00636361 -0.00336764 0.00718731 0.00374594 0.00659906 0.0128605 0.00923311 0.00388837 0.0111212
internal_weight=622.406 547.377 526.977 23.8124 20.9912 503.165 61.53 441.635 20.3996 7.48798 75.0293 5.76051 69.2688 26.008 21.2751 12.9116 43.2608 11.4311 31.8297
internal_count=1772 1595 1550 99 95 1451 201 1250 45 21 177 22 155 66 48 24 89 30 59
is_linear=0
shrinkage=0.01


Tree=162
num_leaves=18
num_cat=0
split_feature=61 33 55 50 25 33 50 27 46 28 3 53 28 6 3 54 24
split_gain=12.8932 12.0484 11.9976 11.5999 12.881 13.1092 19.4318 12.6101 11.9222 13.2986 10.2101 12.38 6.29177 5.26875 4.11348 4.03658 3.72617
threshold=169.38391113281253 1.4499821066856386 -4.1300874948501578 -0.010593718383461235 13797.500000000002 -1.4459272623062132 -0.0036321002990007396 -19213311.999999996 0.051200918853282935 151.50000000000003 3968634.0000000005 -0.091120250523090349 -212.18749999999997 -37091696639.999992 797115.50000000012 -0.73733943700790394 53.500000000000007
decision_type=2 2 2 2 2 2 2 2 2 2 2 2 2 2 2 2 2
left_child=1 2 13 7 5 15 -7 -2 14 -10 11 -4 -12 -1 -6 -5 -3
right_child=3 16 10 4 8 6 -8 -9 9 -11 12 -13 -14 -15 -16 -17 -18
leaf_value=0.0067016464144948173 0.014810807928778936 -0.014991169485570572 0.0037651612329134246 0.0073944400922182811 -0.015560450939113757 -0.008041446889421976 0.0053787297319858787 -0.012911991798936937 0.0059993198935026828 -0.015572345220289042 0.017155934030398133 -0.00012335907033262679 0.0029631501363883961 -0.013581066524545014 4.3406571724500801e-06 0.016205258025823083 0
leaf_weight=1.4822655692696569 2.083797462284565 5.8821885436773282 137.61908762156963 9.3819406330585497 6.417435899376871 11.416679844260214 180.77751681208611 7.3442445546388608 17.49065421521664 3.4008888006210318 6.8219368755817413 200.96045220643282 6.1256112232804281 7.2844985425472242 2.1350268423557281 13.436301991343496 2.1349214613437653
leaf_count=6 5 27 393 21 29 41 432 45 44 15 10 608 18 45 7 19 7
internal_value=0.00242711 0.00122809 0.00150033 0.00416259 0.0045848 0.00543531 0.00457634 -0.0066786 -0.00159206 0.00243985 0.00179092 0.00145422 0.0105184 -0.0100376 -0.0115579 0.0126264 -0.0108817
internal_weight=622.195 368.311 360.294 253.884 244.456 215.012 192.194 9.42804 29.444 20.8915 351.527 338.58 12.9475 8.76676 8.55246 22.8182 8.01711
internal_count=1772 1114 1080 658 608 513 473 50 95 59 1029 1001 28 51 36 40 34
is_linear=0
shrinkage=0.01


Tree=163
num_leaves=26
num_cat=0
split_feature=54 40 14 63 62 23 14 2 56 40 54 61 24 26 69 37 58 44 31 46 4 11 61 11 26
split_gain=12.7896 8.62603 13.4015 12.376 20.1428 17.1554 14.4251 14.2754 15.6036 11.5499 9.76518 8.3696 9.65522 5.97716 7.19391 8.02713 4.68077 4.25212 3.62555 3.33015 3.83218 2.46812 1.87248 1.37842 0.364088
threshold=-1.5326034426689146 2.0584422349929814 0.64820000529289257 0.96069148182868969 0.59856787323951732 17.500000000000004 0.46340000629425054 1286421.5000000002 -0.77125221490859974 2.3024979829788212 -0.43533642590045923 79.646171569824233 42.500000000000007 0.0014571420033462348 15.707335948944094 2.0045562982559209 303104.00000000006 165536.17968750003 -0.87868228554725636 0.76454085111618053 812.09500122070324 19.030000686645511 67.327205657958999 54.404998779296882 0.00071428596857003878
decision_type=2 2 2 2 2 2 2 2 2 2 2 2 2 2 2 2 2 2 2 2 2 2 2 2 2
left_child=13 3 11 4 6 -6 -2 18 -9 -4 -11 22 -13 16 21 17 23 -16 -5 20 -18 -15 -3 24 -1
right_child=1 2 9 7 5 -7 -8 8 -10 10 -12 12 -14 14 15 -17 19 -19 -20 -21 -22 -23 -24 -25 -26
leaf_value=0.0092324029408469392 0.00044347363631710643 0.01062711461295375 0.010773566067630051 -0.013804222738105151 -0.0042087024854766987 0.014045798368242482 0.0059972245877682765 -0.007290752622550801 0.005610293102656325 0.0025196745551899769 -0.015232172637229417 0.0084136052701269774 -0.0031823221411826385 0.00010919628176092293 0.0035133259401668327 -0.0086471285842039686 0.0016687342942517357 0.013017606968134629 0.0012470455548995393 -0.0043642476541777692 0.0130521758121965 -0.013573420821137619 0.018581195536086743 0.0063367615048793204 0.012930391178379906
leaf_weight=5.8857248574495378 167.63505857437849 7.0442833155393583 4.7893559485673931 5.4325966835021973 100.14106730371714 5.4054853469133368 65.113191574811935 10.075147554278372 124.2317932471633 5.3802122026681909 7.0482587814331028 26.689170017838478 9.675961107015608 2.0396462380886105 11.717615827918058 3.5747011303901663 7.2838170975446719 8.3426003456115705 2.1031839028000823 3.5019810795783988 5.2692444622516632 3.1128181144595146 6.6425152868032455 6.1554755419492713 17.78260013461113
leaf_count=12 532 15 10 28 343 10 159 34 306 15 32 62 31 8 29 15 19 14 8 10 9 17 10 13 31
internal_value=0.00240333 0.00187117 0.0052303 0.00139846 0.000355609 -0.00326434 0.00200148 0.0038786 0.00463506 -0.00233511 -0.00746704 0.00785277 0.00530069 0.00629142 0.00266883 0.0050289 0.00854266 0.0075158 -0.00947082 0.00408883 0.00652668 -0.00796296 0.0145605 0.0109068 0.012053
internal_weight=622.074 547.407 67.2698 480.138 338.295 105.547 232.748 141.843 134.307 17.2178 12.4285 50.0519 36.3651 74.6662 28.7874 23.6349 45.8788 20.0602 7.53578 16.055 12.5531 5.15246 13.6868 29.8238 23.6683
internal_count=1772 1595 175 1420 1044 353 691 376 340 57 47 118 93 177 83 58 94 43 36 38 28 25 25 56 43
is_linear=0
shrinkage=0.01


Tree=164
num_leaves=18
num_cat=0
split_feature=61 67 2 65 5 53 31 2 50 58 50 31 27 25 53 39 4
split_gain=12.6274 11.447 12.8398 22.7643 21.3639 16.8154 12.0676 13.978 11.3313 12.9015 21.4652 15.2391 12.4092 11.9802 11.7743 10.1664 5.03072
threshold=169.38391113281253 6.2982637882232675 5536681.5000000009 0.22473284602165225 6324.5400390625009 -0.091120250523090349 -5.6453557014465323 10453963.500000002 -0.010593718383461235 -591871.99999999988 -0.0039615917485207311 -3.5474936962127681 -19213311.999999996 5843.0000000000009 -0.091112039983272539 -0.66411226987838734 97736.949218750015
decision_type=2 2 2 2 2 2 2 2 2 2 2 2 2 2 2 2 2
left_child=1 2 3 5 -5 -1 7 -4 12 11 -11 16 -2 -13 -12 -8 -10
right_child=8 -3 6 4 -6 -7 15 -9 9 10 14 13 -14 -15 -16 -17 -18
leaf_value=0.0011633358072266977 0.01462978945925252 -0.013521841548010685 -0.010539922723319814 -0.0007448368348858393 0.011027998774888786 -0.0071928485765694336 -0.010040348798425225 0.0045010979857460619 0.013922323054085762 -0.015940818373505142 -0.00098706253105914623 0.0054331989763032832 -0.012870610319702084 -0.010502971515095128 0.0052321287987682433 0.0044351893512014117 0.0058955139404961096
leaf_weight=41.150450952351093 2.0878321900963783 5.1983362436294547 13.07298703491688 38.264136418700218 25.651850864291191 57.446759916841984 4.9527565091848365 11.606743842363356 31.818882927298546 5.8436638861894599 41.336566537618637 35.839083015918732 7.2923799306154233 5.3975502699613562 112.88968715071678 170.99827946722507 11.004422694444655
leaf_count=140 5 28 53 115 49 224 18 32 54 26 131 81 45 20 270 455 26
internal_value=0.00238029 0.00119427 0.00140768 -0.000676536 0.00396439 -0.00369518 0.00310091 -0.00342569 0.00409958 0.00451644 0.00284063 0.0076957 -0.00664301 0.00332303 0.00355874 0.00402204 0.011883
internal_weight=621.852 368.342 363.144 162.513 63.916 98.5972 200.631 24.6797 253.51 244.13 160.07 84.0599 9.38021 41.2366 154.226 175.951 42.8233
internal_count=1772 1114 1086 528 164 364 558 85 658 608 427 181 50 101 401 473 80
is_linear=0
shrinkage=0.01


Tree=165
num_leaves=19
num_cat=0
split_feature=54 51 12 3 11 13 44 60 40 55 56 34 40 57 56 69 65 55
split_gain=12.5372 8.57345 10.6973 13.2047 14.4098 11.5545 22.1502 12.5114 8.06426 5.97318 6.17066 4.70358 9.16072 5.17898 4.55328 4.12659 6.75774 1.64801
threshold=-1.5326034426689146 -0.038843464106321328 107233396.00000001 -180728.49999999997 80.520000457763686 49356942.000000007 389855.70312500006 -1.0000000180025095e-35 0.86441209912300121 -0.22233347594738004 18.167999267578129 -0.18949021399021146 -0.27566930651664728 0.90668693184852611 18.167999267578129 15.707335948944094 1.0000000180025095e-35 1.3358141586650165e-05
decision_type=2 2 2 2 2 2 2 2 2 2 2 2 2 2 2 2 2 2
left_child=9 8 5 14 -5 7 -7 -3 -2 10 -1 15 -13 -14 -4 16 -11 -17
right_child=1 2 3 4 -6 6 -8 -9 -10 11 -12 12 13 -15 -16 17 -18 -19
leaf_value=-0.013743140530641015 -0.011767886398409283 3.4460463363668417e-05 0.013617750577490253 -0.010880463985595168 0.015405109575764271 0.0015861970050621468 -0.0070341236352446102 0.0040566431990925042 0.0066835453087789858 -0.0039328823438490711 0.0069547747090472935 -0.0088997621998898654 -0.0031394851029391789 0.0089836933072892419 0.0028284640537958035 0.0098326654454893719 0.011419233627142171 0.0162860248410827
leaf_weight=2.9272068366408339 8.4864471554756147 118.43430514633656 19.241529703140262 6.5335552990436536 3.0480403304100037 117.65796625614166 39.893179893493652 225.6277889534831 3.2109547704458228 5.5730717182159406 2.7715556472539902 4.7188910245895412 4.3210280239582088 16.768084511160851 5.2202318906784049 25.9725935459137 5.7692351490259171 5.4192033410072318
leaf_count=16 72 357 31 26 5 345 139 591 14 20 6 18 13 35 15 52 10 7
internal_value=0.00235742 0.00183179 0.00201817 0.00745105 -0.00241429 0.00164746 -0.000590188 0.00267502 -0.00661745 0.00621925 -0.00350137 0.00704203 0.0036065 0.00645231 0.0113562 0.00909342 0.00378777 0.0109786
internal_weight=621.595 547.354 535.657 34.0434 9.5816 501.613 157.551 344.062 11.6974 74.2409 5.69876 68.5421 25.808 21.0891 24.4618 42.7341 11.3423 31.3918
internal_count=1772 1595 1509 77 31 1432 484 948 86 177 22 155 66 48 46 89 30 59
is_linear=0
shrinkage=0.01


Tree=166
num_leaves=19
num_cat=0
split_feature=54 42 34 72 50 7 42 26 59 56 2 58 9 47 66 26 72 40
split_gain=12.3662 8.56763 8.56696 13.7817 9.36633 8.10004 18.1867 5.88868 9.21837 5.72659 8.72386 4.65394 3.19908 4.05373 2.89394 2.08148 1.03953 0.223731
threshold=-1.5326034426689146 0.0019445000216364863 -1.477897524833679 1.0000000180025095e-35 -0.013425439596176146 1.9343253970146181 -0.00070049997884780158 0.0014571420033462348 0.84745755791664135 -0.56393158435821522 3023834.0000000005 303104.00000000006 163296000.00000003 -0.19383894652128217 1.0000000180025095e-35 0.0032500039087608461 -790564.34374999988 -0.83378779888153065
decision_type=2 2 2 2 2 2 2 2 2 2 2 2 2 2 2 2 2 2
left_child=7 2 5 4 -4 -2 -7 11 15 14 -11 16 -13 -14 -10 -9 17 -1
right_child=1 -3 3 -5 -6 6 -8 8 9 10 -12 12 13 -15 -16 -17 -18 -19
leaf_value=0.0091243120103517168 0.017400146814333575 -0.01329367888789351 -0.0030695518110914451 -0.013470517024370902 0.0022211107425738346 0.018904567234627124 -0.0063483230968376285 -0.015388153267060299 0.0035368611205725087 0.0084401838127157042 -0.013445345422845451 -0.0029312427839762491 -0.0013932558436237758 0.011073186358936867 0.012243552067493016 -0.0017548561779055268 0.0067641665960922392 0.01253691664285944
leaf_weight=5.0465041548013714 6.7321806177496937 3.7118823751807204 35.79782572388649 5.9207089766859999 483.32114368677139 4.6911395043134698 7.2015055119991276 2.8360443264246014 7.1896103024482825 3.7216796576976732 3.5327670499682426 4.5748618692159644 3.7714764326810828 7.5914669036865225 9.2260229587554914 2.1510899215936661 6.1688390374183681 18.19116236269474
leaf_count=11 12 21 146 36 1344 7 29 13 20 8 19 14 10 14 15 8 13 32
internal_value=0.00233473 0.00181344 0.00191842 0.00167963 0.00185435 0.00859645 0.00352878 0.0061771 0.0025782 0.00520912 -0.00207977 0.00842953 0.00397778 0.00684744 0.00849117 -0.00970825 0.0108083 0.0118388
internal_weight=621.378 547.376 543.665 525.04 519.119 18.6248 11.8926 74.0015 28.6572 23.6701 7.25445 45.3443 15.9378 11.3629 16.4156 4.98713 29.4065 23.2377
internal_count=1772 1595 1574 1526 1490 48 36 177 83 62 27 94 38 24 35 21 56 43
is_linear=0
shrinkage=0.01


Tree=167
num_leaves=19
num_cat=0
split_feature=61 33 2 65 44 3 56 31 50 58 50 31 2 58 53 24 21 24
split_gain=12.2338 11.7069 11.825 21.9732 21.0612 16.9631 11.8039 16.3466 11.0759 12.5965 21.0559 14.9721 12.0433 11.7894 11.4989 7.80254 4.70834 3.70642
threshold=169.38391113281253 1.4499821066856386 5536681.5000000009 0.22473284602165225 165536.17968750003 -873129.99999999988 -0.27904695272445673 -5.6453557014465323 -0.010593718383461235 -591871.99999999988 -0.0039615917485207311 -3.5474936962127681 42563072.000000007 -4104831.9999999995 -0.091112039983272539 34.500000000000007 -683.49999999999989 53.500000000000007
decision_type=2 2 2 2 2 2 2 2 2 2 2 2 2 2 2 2 2 2
left_child=1 2 3 5 -5 -1 15 -8 12 11 -11 16 -2 -13 -12 -4 -10 -3
right_child=8 17 6 4 -6 -7 7 -9 9 10 14 13 -14 -15 -16 -17 -18 -19
leaf_value=-0.011054490992821655 -0.012834523577416206 -0.014933888942947749 0.010228712746355962 -0.0015748548456265615 0.010086364995609344 -0.0012346241985562204 -0.0063882136699790759 0.0031064213664046682 0.013571830760293431 -0.015873671804947861 -0.0010161053846880689 0.013953511533242232 0.014245544826539187 0.00052615015501199247 0.0051309382538232782 -0.0042025352288779082 0.0054874130135470316 1.1473476528441446e-05
leaf_weight=23.175534501671791 7.2311032339930517 5.8510665893554679 29.696278765797615 31.945186793804169 29.840238228440285 74.298748075962067 20.639079369604588 146.48063935339451 32.785748779773712 5.8222168087959281 41.34932567179203 8.2145929187536222 2.0943698957562447 32.933483675122261 112.65829034149647 4.1817065179347983 9.8299811780452711 2.13072170317173
leaf_count=107 45 27 60 101 58 252 77 411 56 26 131 12 5 89 270 14 24 7
internal_value=0.0023122 0.00114533 0.00141319 -0.000616944 0.00404093 -0.00357966 0.00302672 0.00192786 0.00400717 0.00441909 0.00276299 0.00756716 -0.00664549 0.00323102 0.00347403 0.00841788 0.0117305 -0.010819
internal_weight=621.158 368.239 360.257 159.26 61.7854 97.4743 200.998 167.12 252.919 243.594 159.83 83.7638 9.32547 41.1481 154.008 33.878 42.6157 7.98179
internal_count=1772 1114 1080 518 159 359 562 488 658 608 427 181 50 101 401 74 80 34
is_linear=0
shrinkage=0.01


Tree=168
num_leaves=28
num_cat=0
split_feature=69 11 25 72 56 56 47 4 49 56 43 3 13 59 33 24 72 66 65 34 7 28 55 34 7 59 3
split_gain=11.3878 21.9903 26.6046 23.5618 16.854 16.3484 16.2736 20.3894 13.8588 12.7973 11.931 11.3896 11.034 8.95806 8.87842 18.4469 17.0628 10.3794 14.8282 10.3392 12.7697 8.44113 7.18825 6.86675 6.43725 5.56744 5.55635
threshold=49.999761581420906 50.225000381469734 3112.5000000000005 -1294164.3749999998 2.3212765455245976 -0.1562019884586334 0.049633052200078971 349254.26562500006 -0.5495074689388274 -0.62965542078018177 697324.71875000012 -1885100.9999999998 133088144.00000001 1.1119686365127566 -0.58506101369857777 70.500000000000014 -1170681.1874999998 -2.162092804908752 -1.0000000180025095e-35 -1.477897524833679 4.2105693817138681 -212.18749999999997 -0.55543446540832508 -0.18949021399021146 2.2762039899826054 0.97121018171310436 797115.50000000012
decision_type=2 2 2 2 2 2 2 2 2 2 2 2 2 2 2 2 2 2 2 2 2 2 2 2 2 2 2
left_child=14 2 13 4 11 9 10 -8 -7 -4 -5 -3 -6 25 15 19 17 22 -19 24 -21 -15 -16 26 -1 -2 -18
right_child=1 3 5 6 12 8 7 -9 -10 -11 -12 -13 -14 21 16 -17 23 18 -20 20 -22 -23 -24 -25 -26 -27 -28
leaf_value=0.01690610980356896 0.009742456991071121 0.0034422662686562746 0.00046755203469324652 0.0038293596706315092 -0.0086345841499988994 -0.010834042408333182 0.0020598934899633227 -0.013951468113814931 0.0064485324831463223 -0.016904206412818687 0.013004437434552379 -0.013956002771805731 0.0050518875405252874 0.010322296044587651 -0.0014702582614635723 -0.014359164815076359 -0.0035217876956180174 -0.012315991789790384 0.0083077468256442851 0.00077439020068136098 -0.0074447258317635601 0.0015290814612353731 0.015395044118469266 0.016890012041927641 0.0026401898961489708 0.016971572722427424 0.011914968854656332
leaf_weight=5.839233957231043 51.940010622143745 4.5368633270263699 8.7621520757675189 41.552545070648193 8.563754469156267 5.352593630552291 66.009021088480949 9.0416240692138654 33.374652162194252 8.0257613658905012 21.894902125000954 19.826320067048073 18.787854984402657 19.865147113800049 4.6955210715532303 8.7468661814928037 4.0738095790147799 10.877156138420103 5.0725057870149604 174.89940617978573 21.189475283026695 24.940716713666916 5.2352091521024722 11.089181140065191 7.3368214219808578 14.093445852398871 5.224310040473938
leaf_count=10 106 11 25 105 31 20 178 35 76 34 37 81 45 39 15 46 16 47 11 568 88 67 9 18 24 20 10
internal_value=0.00229022 0.00345692 0.00611379 0.00112805 -0.00462362 0.000444112 0.00328292 0.000117622 0.00403404 -0.00777776 0.00701132 -0.0106751 0.00073011 0.00894449 0.000712313 -0.000127598 0.00469156 -0.000661861 -0.00569428 0.000462475 -0.000108672 0.00544996 0.00731997 0.0115364 0.00903831 0.0113005 0.00504407
internal_weight=620.847 356.567 166.354 190.213 51.7148 55.5152 138.498 75.0506 38.7272 16.7879 63.4474 24.3632 27.3516 110.839 264.279 218.012 46.2677 25.8804 15.9497 209.265 196.089 44.8059 9.93073 20.3873 13.1761 66.0335 9.29812
internal_count=1772 910 387 523 168 155 355 213 96 59 142 92 76 232 862 736 126 82 58 690 656 106 24 44 34 126 26
is_linear=0
shrinkage=0.01


Tree=169
num_leaves=17
num_cat=0
split_feature=61 67 2 65 5 53 7 31 50 36 50 40 2 66 31 38
split_gain=11.9021 11.151 12.3455 21.8212 20.6364 16.5154 11.549 10.8218 10.8186 12.2705 18.5558 11.9715 11.8087 6.94862 6.67674 2.20569
threshold=169.38391113281253 6.2982637882232675 5536681.5000000009 0.22473284602165225 6324.5400390625009 -0.091120250523090349 5.6279530525207528 -5.6453557014465323 -0.010593718383461235 -1.7158748507499693 -0.0045249161776155225 0.99051493406295787 42563072.000000007 -4.9197905063629142 -5.6453557014465323 -0.81403669714927662
decision_type=2 2 2 2 2 2 2 2 2 2 2 2 2 2 2 2
left_child=1 2 3 5 -5 -1 7 -4 12 13 15 -12 -2 -10 -15 -11
right_child=8 -3 6 4 -6 -7 -8 -9 9 10 11 -13 -14 14 -16 -17
leaf_value=0.0011356517895639328 -0.012792883046144413 -0.013467455686727055 -0.0029963688411749358 -0.00080467050971534551 0.010764680311901222 -0.0071523851370835362 -0.015092352078580784 0.0041793314267733897 -0.0020004257063497336 -0.00511233287342486 0.0021454803255111792 0.0074615449401274963 0.014029294165872484 0.01539990193338313 0.0068185814978312474 -0.017108555760956618
leaf_weight=41.122752159833908 7.1738013476133329 5.1562360003590575 23.749889552593231 38.26908352971077 25.659442946314812 57.269494414329529 3.4522351026535025 173.36148966103792 4.7419079095125189 2.8223123997449875 130.03923383355141 63.435376286506653 2.097294770181179 16.874190881848335 21.000230774283409 4.3097311109304419
leaf_count=140 45 28 81 115 49 224 16 461 15 10 349 140 5 28 48 18
internal_value=0.00226855 0.00111764 0.00132764 -0.000717657 0.00382336 -0.00367826 0.00298793 0.00330966 0.00394218 0.0043488 0.00330578 0.00389365 -0.00661734 0.00923512 0.0106682 -0.0125016
internal_weight=620.535 368.041 362.884 162.321 63.9285 98.3922 200.564 197.111 252.494 243.223 200.607 193.475 9.2711 42.6163 37.8744 7.13204
internal_count=1772 1114 1086 528 164 364 558 542 658 608 517 489 50 91 76 28
is_linear=0
shrinkage=0.01


Tree=170
num_leaves=19
num_cat=0
split_feature=54 10 70 70 49 72 29 60 49 55 14 34 72 57 21 38 49 21
split_gain=11.8812 8.42712 8.47789 13.3068 12.5953 12.1449 16.2048 12.1056 10.7155 5.83853 5.882 4.66938 6.88486 6.58024 4.12534 5.82926 2.39051 1.63766
threshold=-1.5326034426689146 0.0019445000216364863 701746.78125000012 620137.56250000012 1.1901771426200869 -1170681.1874999998 0.24832431972026828 -0.0042214859277009955 0.7433784306049348 -0.22233347594738004 0.4775999933481217 -0.18949021399021146 -1032699.7499999999 0.90668693184852611 -11718.499999999998 -1.4116939306259153 0.28437191247940069 -1252.9999999999998
decision_type=2 2 2 2 2 2 2 2 2 2 2 2 2 2 2 2 2 2
left_child=9 2 3 4 -2 6 -4 -7 -5 10 -1 14 13 -13 15 -11 -14 -16
right_child=1 -3 5 8 -6 7 -8 -9 -10 11 -12 12 16 -15 17 -17 -18 -19
leaf_value=0.0058701839740636788 0.0021780039061754432 -0.013277160455471873 0.013298346541253156 -0.015718250366510186 -0.0030698171271977413 -0.00019619354810652506 -0.015120556549237725 0.0088979297466221137 0.0074273221829501915 0.0092243390739542314 -0.014495561366351056 -0.01311285052137612 0.0045381736926248459 0.0026817463784347185 0.01454269954721716 -0.0026890023024454396 0.013804065663842752 0.0089319295808498317
leaf_weight=2.9407918304204932 401.67291159927845 3.6964182779192916 2.9278727546334249 7.8329650014638883 51.465711653232574 20.337698094546795 6.2284898906946182 50.342903435230255 2.6201256960630417 12.23178343474865 2.6725729629397392 3.5690329223871258 6.4272976219654065 9.9389344453811628 11.547211974859239 6.0167363733053216 5.595954954624176 12.248945489525793
leaf_count=8 1157 21 5 35 172 62 30 107 6 26 14 14 16 28 18 19 8 26
internal_value=0.00224662 0.00173787 0.00184184 0.00132055 0.00157977 0.00485634 -0.00592401 0.00626703 -0.00982102 0.00603609 -0.00364798 0.00685532 0.00341811 -0.00141742 0.00891874 0.00524158 0.00893395 0.0116966
internal_weight=620.314 547.125 543.429 463.592 453.139 79.837 9.15636 70.6806 10.4531 73.1893 5.61336 67.5759 25.5312 13.508 42.0447 18.2485 12.0233 23.7962
internal_count=1772 1595 1574 1370 1329 204 35 169 41 177 22 155 66 42 89 45 24 44
is_linear=0
shrinkage=0.01


Tree=171
num_leaves=23
num_cat=0
split_feature=54 40 7 52 2 63 60 16 28 46 33 26 59 56 2 58 46 4 66 26 11 28
split_gain=11.7162 8.34198 14.7182 11.919 11.6148 14.3524 13.6643 11.1659 17.7049 8.33291 7.46502 5.76116 8.98212 5.54921 8.52019 4.62528 3.24491 3.81913 2.82277 2.0403 1.43178 0.502955
threshold=-1.5326034426689146 2.0584422349929814 3.4650695323944096 -0.064440999180078493 1286421.5000000002 0.96069148182868969 0.0028142032679170374 0.64825001358985912 -439.97656249999994 0.051200918853282935 -1.1937318444252012 0.0014571420033462348 0.84745755791664135 -0.56393158435821522 3023834.0000000005 303104.00000000006 0.76454085111618053 812.09500122070324 1.0000000180025095e-35 0.0032500039087608461 54.404998779296882 -1545.8437499999998
decision_type=2 2 2 2 2 2 2 2 2 2 2 2 2 2 2 2 2 2 2 2 2 2
left_child=11 3 7 -2 6 -6 -5 10 -9 -4 -3 15 19 18 -15 20 17 -17 -14 -13 21 -1
right_child=1 2 9 4 5 -7 -8 8 -10 -11 -12 12 13 14 -16 16 -18 -19 -20 -21 -22 -23
leaf_value=0.0085917406078058148 -0.012729448374828768 0.017347295201408791 -0.01526571896222902 -0.0093949409897783349 0.00063144199738233693 0.0045455580137957049 0.0091358676413319257 0.01373344543847653 -0.008873682850543279 0.002810417142868189 0.0072548084882894737 -0.015346958159187737 0.0033994268155235568 0.0083018617527522327 -0.013410443355263917 0.0013812476363149915 -0.0045722739286747976 0.012877404379813715 0.012026164752135231 -0.0018122468651595796 0.0059822083100623952 0.012821112583740036
leaf_weight=5.4343543797731426 6.0038762167096129 9.7633575424551946 5.0023143664002401 18.521664708852771 316.81312182545662 133.48738540709019 5.0169224590063086 5.5062027573585501 9.3283355236053449 5.0487222522497177 32.673088118433952 2.8280195295810726 7.1778019368648627 3.6816790997981981 3.5136924237012863 7.1733215153217298 3.4740413129329673 5.1083557307720184 9.1110406816005689 2.1417222656309605 6.0382379889488211 17.287701278924946
leaf_count=12 47 16 23 86 941 335 11 10 36 14 76 13 20 8 19 19 10 9 15 8 13 31
internal_value=0.00222483 0.00172031 0.00502172 0.00125504 0.00143434 0.00179397 -0.00540287 0.00698866 -0.000415082 -0.00608643 0.00960035 0.00599424 0.00242965 0.00504236 -0.00216186 0.00825021 0.00379584 0.0062443 0.00828612 -0.00971536 0.0106557 0.0118536
internal_weight=620.135 547.165 67.322 479.843 473.839 450.301 23.5386 57.271 14.8345 10.051 42.4364 72.97 28.454 23.4842 7.19537 44.516 15.7557 12.2817 16.2888 4.96974 28.7603 22.7221
internal_count=1772 1595 175 1420 1373 1276 97 138 46 37 92 177 83 62 27 94 38 28 35 21 56 43
is_linear=0
shrinkage=0.01


Tree=172
num_leaves=21
num_cat=0
split_feature=61 33 25 29 28 69 46 28 25 48 48 20 46 21 41 67 66 3 22 21
split_gain=11.6326 11.3536 10.7373 12.7724 13.4592 14.0033 11.4195 12.7585 11.9551 10.5629 17.8639 16.6207 15.618 15.2981 9.92031 6.69683 6.13637 4.03988 3.71631 3.41133
threshold=169.38391113281253 1.4499821066856386 13797.500000000002 0.55544716119766246 412.56250000000006 49.999761581420906 0.051200918853282935 151.50000000000003 62966.500000000007 -0.41948536038398737 -0.39330166578292841 98.145000457763686 -0.61913523077964772 -1522.9999999999998 -1.8441144227981565 7.2497248649597177 -4.175182342529296 797115.50000000012 28987.510742187504 -2957.9999999999995
decision_type=2 2 2 2 2 2 2 2 2 2 2 2 2 2 2 2 2 2 2 2
left_child=1 9 3 14 5 -5 17 8 -8 11 -11 -1 -12 -13 15 -2 -16 -4 -3 -6
right_child=2 18 6 4 19 -7 7 -9 -10 10 12 13 -14 -15 16 -17 -18 -19 -20 -21
leaf_value=-0.014450857575166455 -0.0092447786446972127 -0.014841660470727925 -0.015522705826201093 -0.0018549761713694318 -0.016410909665520994 0.0061592850885570554 0.010402634122017867 -0.015538633244687652 -0.0085002891245690628 -0.016061504037378344 -0.0040233061012352692 0.0023600562097346742 0.0019960401603948503 0.011171985576672507 0.0012526267094114438 0.0065374094768478877 0.0084673123132988307 0 0.00021561057452335186 -0.0013027705652450291
leaf_weight=4.5693546384572974 6.1671597957611066 5.8502546846866599 6.4024734199047106 36.238375179469585 4.6457956433296204 54.156652092933655 13.206870064139371 3.392329514026641 4.4246142506599417 6.5230336189270011 54.894627906382084 65.707143474370241 199.87192947417498 28.402964361011982 13.735547967255114 4.7073918431997299 100.300078779459 2.1348364055156708 2.097298189997673 2.4254721999168387
leaf_count=22 22 27 29 120 20 123 28 15 17 28 196 197 577 60 50 10 209 7 7 8
internal_value=0.00220367 0.0010663 0.00386066 0.00461461 0.00188725 0.00293539 -0.00177715 0.00214345 0.00560224 0.00132979 0.000272972 0.00411797 0.000695125 0.00503017 0.00673474 -0.002321 0.00760708 -0.0115491 -0.0107423 -0.0113702
internal_weight=619.854 367.917 251.938 222.376 97.4663 90.395 29.5611 21.0238 17.6315 359.969 261.29 98.6795 254.767 94.1101 124.91 10.8746 114.036 8.53731 7.94755 7.07127
internal_count=1772 1114 658 562 271 243 96 60 45 1080 801 279 773 257 291 32 259 36 34 28
is_linear=0
shrinkage=0.01


Tree=173
num_leaves=22
num_cat=0
split_feature=54 22 2 37 60 24 57 22 30 47 69 27 27 22 21 72 57 46 35 35 56
split_gain=11.4569 8.41315 11.4595 13.6882 12.6436 11.166 17.5591 10.9203 6.96717 7.29715 5.707 8.12613 7.61872 8.55171 5.56468 4.63735 3.49185 3.3577 2.72073 1.91127 1.81559
threshold=-1.5326034426689146 54560.259765625007 1286421.5000000002 2.4460188150405888 0.0028142032679170374 46.500000000000007 0.44101476669311529 37649.779296875007 0.45286385715007788 -2.2426565885543819 40.000106811523445 1427456.0000000002 3390464.0000000005 4894.7050781250009 -906.49999999999989 -861229.74999999988 0.90668693184852611 -0.2268228083848953 1.6247774958610537 -1.8662154078483579 -0.56393158435821522
decision_type=2 2 2 2 2 2 2 2 2 2 2 2 2 2 2 2 2 2 2 2 2
left_child=10 2 3 4 -2 7 -7 -4 18 -10 12 16 13 14 -1 -13 17 -12 -3 -18 -15
right_child=1 8 5 -5 -6 6 -8 -9 9 -11 11 15 -14 20 -16 -17 19 -19 -20 -21 -22
leaf_value=0.0094319545243798843 -0.012064379510289115 0.0076925435910767982 0.0020750977801735132 0.015289946259279236 0.0072831927225255541 0.017075477157409348 -0.0037208643729996806 0.012684261521301723 -0.0085682195350918391 0.011298914884863795 0.0088148394096470191 -0.0097764944672068359 0.010513160800339824 -0.016455632095595731 -0.0062771171746145481 0.0058249018612482155 0.0071994916850725956 -0.0013173416282487365 0.017300709164556609 0.013189928502372168 -0.0042154328363560069
leaf_weight=6.0052181258797646 16.730181939899929 6.5814720466732997 431.71154746040702 2.8004795759916297 4.1636695414781562 4.3592468723654738 57.02588727325201 9.9683344662189466 4.1286210268735886 3.3437294363975516 9.1512623280286771 3.695556104183197 6.7298405766487113 3.5291090756654739 3.5374937653541583 3.8726619929075232 8.4103049337863904 4.8452974557876578 6.290674015879631 20.516551479697231 2.2373065426945677
leaf_count=13 85 16 1232 4 10 6 195 18 15 6 19 16 12 16 14 9 20 14 8 34 10
internal_value=0.00218236 0.0016847 0.00143868 -0.00534707 -0.00816099 0.00176028 -0.00222773 0.0023168 0.00800546 0.000188105 0.00592242 0.00778097 0.00161907 -0.00222542 0.00350379 -0.00166112 0.00946909 0.00523586 0.0124658 0.0114828 -0.01188
internal_weight=619.634 547.104 526.759 23.6943 20.8939 503.065 61.3851 441.68 20.3445 7.47235 72.5306 50.4916 22.039 15.3091 9.54271 7.56822 42.9234 13.9966 12.8721 28.9269 5.76642
internal_count=1772 1595 1550 99 95 1451 201 1250 45 21 177 112 65 53 27 25 87 33 24 54 26
is_linear=0
shrinkage=0.01


Tree=174
num_leaves=21
num_cat=0
split_feature=61 33 55 25 29 55 11 71 41 3 27 59 65 65 67 49 66 6 24 33
split_gain=11.4414 11.1699 11.5101 10.3854 12.4775 14.479 18.0673 14.3775 9.76209 9.70187 11.8269 8.59069 9.27025 8.6253 6.56194 6.14911 6.01756 5.10862 3.64384 2.70756
threshold=169.38391113281253 1.4499821066856386 -4.1300874948501578 13797.500000000002 0.55544716119766246 -0.51142603158950795 50.225000381469734 370222.28125000006 -1.8441144227981565 3968634.0000000005 -1831935.9999999998 0.73533299565315258 0.95987564325332653 0.3937028199434281 7.2497248649597177 0.23799931257963183 -4.175182342529296 -37091696639.999992 53.500000000000007 1.03949910402298
decision_type=2 2 2 2 2 2 2 2 2 2 2 2 2 2 2 2 2 2 2 2
left_child=1 2 17 4 8 7 -7 -6 14 10 -4 -5 13 -13 -2 -11 -10 -1 -3 -14
right_child=3 18 9 11 5 6 -8 -9 16 15 -12 12 19 -15 -16 -17 -18 -19 -20 -21
leaf_value=0.0064110354545778847 -0.0091995640084268256 -0.014811324608096782 0.0025987690218125283 -0.015433321431656655 -0.012380909803066645 0.0082152804175127034 -0.0011607539584932661 0.010184831186587827 0.0012261046520807006 0.003783900347132611 -0.0013394135063207818 -0.00015130182590395233 -0.016259454963448931 0.014937369392041695 0.0064345410317113265 0.017891579714657487 0.0083705385098514426 -0.013569187763455755 3.1669905142100877e-05 -0.0019607061945118628
leaf_weight=1.481256730854511 6.1580307185649854 5.7938424944877616 222.77926519140601 3.9702870100736645 11.839693605899809 41.153156016021967 40.734374403953552 3.6602513641118994 13.744925454258917 7.228955537080763 115.57217178493738 14.552425056695943 3.4958956688642493 5.0624779760837546 4.6985825002193451 5.7113328725099564 99.968870609998703 7.2179741188883764 2.127751037478447 2.4114562273025513
leaf_count=6 22 27 640 18 52 91 120 8 50 20 361 47 15 8 10 8 209 45 7 8
internal_value=0.00216157 0.00103421 0.00129516 0.0038071 0.00454916 0.00185337 0.00353903 -0.00698758 0.00664867 0.001579 0.00125063 -0.00174369 0.000346708 0.003692 -0.00234124 0.0100878 0.00751576 -0.0100521 -0.0106982 -0.0105918
internal_weight=619.363 367.913 359.991 251.45 221.958 97.3875 81.8875 15.4999 124.57 351.292 338.351 29.4925 25.5223 19.6149 10.8566 12.9403 113.714 8.69923 7.92159 5.90735
internal_count=1772 1114 1080 658 562 271 211 60 291 1029 1001 96 78 55 32 28 259 51 34 23
is_linear=0
shrinkage=0.01


Tree=175
num_leaves=16
num_cat=0
split_feature=61 33 55 50 58 50 31 27 58 53 67 51 47 21 22
split_gain=11.2323 10.979 11.3229 10.4354 12.036 20.2515 14.6657 11.6873 11.4802 10.7268 9.56866 10.9755 5.92611 4.6647 3.62641
threshold=169.38391113281253 1.4499821066856386 -4.1300874948501578 -0.010593718383461235 -591871.99999999988 -0.0039615917485207311 -3.5474936962127681 -19213311.999999996 -4104831.9999999995 -0.091112039983272539 6.2982637882232675 0.031260221265256412 -1.944145619869232 -683.49999999999989 28987.510742187504
decision_type=2 2 2 2 2 2 2 2 2 2 2 2 2 2 2
left_child=1 2 12 7 6 -6 13 -2 -8 -7 11 -4 -1 -5 -3
right_child=3 14 10 4 5 9 8 -9 -10 -11 -12 -13 -14 -15 -16
leaf_value=0.0098069077681546719 0.013978837804860375 -0.014710828542357089 0.0012016819084619515 0.013264639891469887 -0.015773602056931658 -0.0010857616807501763 0.013635916200996424 -0.012765191062903325 0.00030444267633601598 0.0048598045930808914 -0.013415655730522781 0.0075913517094606635 -0.013437481723199078 0.0051835785019347493 0.00017916061403594274
leaf_weight=1.2361299097537992 2.0866545364260674 5.7962258756160727 317.6939065605402 32.35512275993824 5.7921296358108512 41.286127135157585 8.0950016379356367 7.1523224376142007 32.801313951611519 111.92559808492661 4.1985697075724593 29.469336941838264 7.4185846075415594 9.7502491921186429 2.0956882685422897
leaf_count=4 5 27 943 56 26 131 12 45 89 270 23 63 47 24 7
internal_value=0.00214067 0.00102389 0.00128213 0.00377204 0.00417278 0.00255181 0.00726599 -0.00661672 0.00296772 0.00325112 0.00156293 0.00174696 -0.010002 0.0114171 -0.0106301
internal_weight=619.153 367.908 360.017 251.245 242.006 159.004 83.0017 9.23898 40.8963 153.212 351.362 347.163 8.65471 42.1054 7.89191
internal_count=1772 1114 1080 658 608 427 181 50 101 401 1029 1006 51 80 34
is_linear=0
shrinkage=0.01


Tree=176
num_leaves=17
num_cat=0
split_feature=54 10 34 72 55 61 61 55 14 34 72 11 21 38 49 21
split_gain=11.106 8.24659 8.22744 13.2584 9.29198 7.74355 14.4177 5.6775 5.62285 4.61712 6.77679 5.83257 4.09351 5.6592 2.37571 1.64228
threshold=-1.5326034426689146 0.0019445000216364863 -1.477897524833679 1.0000000180025095e-35 0.99141448736190807 121.2743263244629 195.99982452392581 -0.22233347594738004 0.4775999933481217 -0.18949021399021146 -1032699.7499999999 47.260000228881843 -11718.499999999998 -1.4116939306259153 0.28437191247940069 -1252.9999999999998
decision_type=2 2 2 2 2 2 2 2 2 2 2 2 2 2 2 2
left_child=7 2 5 4 -4 -2 -7 8 -1 12 11 -11 13 -9 -12 -14
right_child=1 -3 3 -5 -6 6 -8 9 -10 10 14 -13 15 -15 -16 -17
leaf_value=0.0056414095968502281 0.015701161304465638 -0.013260062870235215 0.0011205069457881404 -0.013451807826170045 0.004945980266743393 -0.014589155646013516 0.010537758217087535 0.0090037487895616962 -0.014399647517853234 0.0037790395414953747 0.0043213253363842919 -0.0096338675822905222 0.014382590197002405 -0.0028108930044452606 0.013631096200069233 0.0087135726252386102
leaf_weight=2.8750966787338248 8.0408194065094012 3.6780642457306376 444.43776114284992 5.8494408279657355 74.388784304261208 3.3201417252421361 7.2311672940850258 11.967516481876373 2.6559061221778393 7.8882162421941775 6.3467935025691968 5.4510659873485565 11.305647999048235 5.9676290452480325 5.4816629886627197 12.014958843588827
leaf_count=8 14 21 1314 36 176 17 17 26 14 21 16 21 18 19 8 26
internal_value=0.00212016 0.00163174 0.00173441 0.00150042 0.00167093 0.00828374 0.00253639 0.00581887 -0.00380121 0.00663498 0.00319626 -0.00162715 0.0087085 0.00501686 0.0087203 0.0115047
internal_weight=618.901 546.946 543.268 524.676 518.827 18.5921 10.5513 71.9545 5.531 66.4235 25.1677 13.3393 41.2558 17.9351 11.8285 23.3206
internal_count=1772 1595 1574 1526 1490 48 34 177 22 155 66 42 89 45 24 44
is_linear=0
shrinkage=0.01


Tree=177
num_leaves=21
num_cat=0
split_feature=67 38 26 65 57 11 70 48 34 25 50 37 51 33 1 41 8 33 51 58
split_gain=11.0159 18.037 14.0532 20.2887 15.1198 15.0155 13.4869 13.4178 12.8798 12.5113 19.0458 18.5603 11.1356 11.5848 12.8703 8.63581 8.23505 7.06423 8.48903 2.01909
threshold=-2.0167539119720455 -1.4547275900840757 0.002232139697298408 -0.43146015703678126 1.6133837103843691 53.375000000000007 110637.89453125001 -0.58091521263122547 -0.61401548981666554 2030.0000000000002 0.0049261506646871575 1.9277058243751528 1.0000000180025095e-35 -0.61187815666198719 1277804.0000000002 1.1427006721496584 1.0499020218849184 -1.3473889231681822 0.031260221265256412 -1668095.9999999998
decision_type=2 2 2 2 2 2 2 2 2 2 2 2 2 2 2 2 2 2 2 2
left_child=7 6 9 4 -4 -5 8 -1 15 11 -11 -3 13 14 -9 -2 -15 19 -19 -8
right_child=1 2 3 5 -6 -7 17 12 -10 10 -12 -13 -14 16 -16 -17 -18 18 -20 -21
leaf_value=-0.014187228777082688 0 0.0093672207333957164 -0.012175414569454708 0.0045386710368383286 0.0037178769970555572 -0.00083630291799716649 0.0099560262222298558 0.014493167983436132 -0.015726606834252043 -0.0052984411547113575 0.014731548527802913 -0.00043336716549757917 -0.015175036118584003 0.011591972906019026 -0.0011602148962783926 0.015311436853851673 0.00049203126985858782 0.0049983668312226391 0.018565485367616458 0.01584356520219915
leaf_weight=6.5504216551780692 16.011378526687629 64.251878693699837 20.186806499958042 91.963490098714828 8.3893689289689046 118.97463212907314 13.031545072793962 5.5017638653516761 4.1919859796762458 22.808260291814808 5.9860993921756736 27.360688559710979 4.4328154325485221 15.45883868634701 114.26356139779091 4.760155275464057 12.118254736065863 43.968905501067638 5.2400344014167777 13.257326729595659
leaf_count=36 47 130 86 231 25 349 26 12 19 77 9 80 20 34 411 8 38 109 6 19
internal_value=0.00209968 0.00288231 0.00183274 0.000427119 -0.00747448 0.0015023 0.00663262 -0.000169725 0.000219508 0.0046205 -0.00109965 0.0064293 0.000428664 0.00090489 -0.000432782 0.0034858 0.00675057 0.00873989 0.00646339 0.0129631
internal_weight=618.708 460.383 359.921 239.514 28.5762 210.938 100.461 158.326 24.9635 120.407 28.7944 91.6126 151.775 147.342 119.765 20.7715 27.5771 75.4978 49.2089 26.2889
internal_count=1772 1221 987 691 111 580 234 551 74 296 86 210 515 495 423 55 72 160 115 45
is_linear=0
shrinkage=0.01


Tree=178
num_leaves=19
num_cat=0
split_feature=61 33 2 51 44 56 9 50 36 50 25 27 58 40 46 22 31 38
split_gain=10.8246 10.7332 11.0995 21.3896 17.4432 11.2189 15.5699 10.199 11.956 17.7466 11.7472 11.4468 7.44136 7.9331 6.95372 3.59963 2.33161 2.10667
threshold=169.38391113281253 1.4499821066856386 5536681.5000000009 -0.014760628342628477 1267199.6875000002 -0.27904695272445673 213256416.00000003 -0.010593718383461235 -1.7158748507499693 -0.0045249161776155225 13797.500000000002 -19213311.999999996 -671231.99999999988 0.6980167329311372 -0.48634733259677881 28987.510742187504 -8.4972109794616681 -0.81403669714927662
decision_type=2 2 2 2 2 2 2 2 2 2 2 2 2 2 2 2 2 2
left_child=1 2 3 -1 -5 14 -7 11 12 17 -11 -2 16 -14 -4 -3 -9 -10
right_child=7 15 5 4 -6 6 -8 8 9 10 -12 -13 13 -15 -16 -17 -18 -19
leaf_value=-0.013847864666120211 0.013736192472462589 -0.014647570677281932 0.014243604526847651 -0.0011261396214517093 0.0086090105066803941 -0.00010537852320966288 0.0067757365582092515 0.017701145233639505 -0.0051962238482806625 0.0045705525187527078 -0.0028384130400215804 -0.012733546413906838 0.0080898552328987974 -0.0066244722817135736 0.0046369935073761566 0.00020608008845198701 0.01047383574535956 -0.016972341798856202
leaf_weight=11.531701497733591 2.0894327163696289 5.7651279419660559 11.952663466334341 125.98091687262058 21.545784428715706 122.33134791627526 44.834051333367825 7.0800191760063198 2.8113715201616287 167.92355896532536 24.35224911570549 7.1070403307676298 13.635012552142145 4.9390823245048514 21.717938087880611 2.0923219919204712 16.4414332062006 4.2852740585803977
leaf_count=66 5 27 20 406 46 381 107 10 10 408 81 45 31 17 54 7 33 18
internal_value=0.0020797 0.000983707 0.00123862 -0.000729755 0.000288868 0.00280252 0.00173417 0.00368365 0.00407987 0.00304978 0.00362699 -0.0066109 0.00893481 0.00412329 0.00807693 -0.010565 0.0126918 -0.0124481
internal_weight=618.416 367.752 359.894 159.058 147.527 200.836 167.165 250.664 241.468 199.372 192.276 9.19647 42.0955 18.5741 33.6706 7.85745 23.5215 7.09665
internal_count=1772 1114 1080 518 452 562 488 658 608 517 489 50 91 48 74 34 43 28
is_linear=0
shrinkage=0.01


Tree=179
num_leaves=19
num_cat=0
split_feature=67 38 61 67 48 70 14 44 34 69 51 11 40 13 11 51 56 14
split_gain=10.7791 17.5978 13.4728 14.1799 13.1915 13.1879 12.9813 12.9656 12.6508 14.0016 10.9481 9.66853 10.4528 8.8084 5.68206 7.14943 4.88246 1.906
threshold=-2.0167539119720455 -1.4547275900840757 503.94265747070318 6.2982637882232675 -0.58091521263122547 110637.89453125001 0.59657502174377453 1.0000000180025095e-35 -0.61401548981666554 66.200126647949233 1.0000000180025095e-35 36.73500061035157 2.0584422349929814 157498768.00000003 33.95000076293946 0.031260221265256412 7.0441153049469003 0.43017500638961798
decision_type=2 2 2 2 2 2 2 2 2 2 2 2 2 2 2 2 2 2
left_child=4 5 3 6 -1 8 -3 -5 9 -2 11 13 -13 -6 17 -16 -4 -7
right_child=1 2 16 7 10 14 -8 -9 -10 -11 -12 12 -14 -15 15 -17 -18 -19
leaf_value=-0.014132285744405771 0.0084073133452803889 0.0036989407243097111 0.0033794739042005773 0.0051822875442254302 0.002474682915281085 0.010434324605911307 -0.00029755198484677408 -0.013433955139538665 -0.015644773489444472 -0.010145624487084252 -0.015101306308252337 -0.011487145689625831 0.011699469063909783 -0.0066683228594578547 0.0060373532609724195 0.018403456263580094 0.014742756488733527 0.017768003967611468
leaf_weight=6.5071253702044478 15.238613098859792 173.98308541625738 6.3094654381275204 5.404797792434695 122.68425113707781 8.7003664895892161 151.72133947908878 11.707691721618174 4.1745220124721518 5.5116661339998236 4.4132447987794867 10.803705550730227 2.3305049985647193 11.478745587170122 53.805382624268532 5.2324058413505545 10.520188525319098 7.6132860630750647
leaf_count=36 35 448 15 13 389 19 444 52 19 20 20 51 5 50 124 6 15 11
internal_value=0.00205981 0.00283446 0.00179775 0.00136556 -0.000185717 0.00654271 0.0018342 -0.00749578 0.000196072 0.00343111 0.000405884 0.000877291 -0.00729683 0.00168497 0.00862879 0.00715028 0.0105421 0.0139181
internal_weight=618.14 459.923 359.647 342.817 158.218 100.276 325.704 17.1125 24.9248 20.7503 151.71 147.297 13.1342 134.163 75.3514 59.0378 16.8297 16.3137
internal_count=1772 1221 987 957 551 234 892 65 74 55 515 495 56 439 160 130 30 30
is_linear=0
shrinkage=0.01


Tree=180
num_leaves=23
num_cat=0
split_feature=54 40 7 63 62 23 14 56 10 2 14 28 24 46 55 56 34 40 57 18 38 18
split_gain=10.6554 8.15618 14.1646 11.5007 18.5676 16.3749 13.6393 13.4399 18.0445 14.8341 10.6838 17.1542 9.9267 8.18396 5.55498 5.64388 4.58866 8.79012 5.10766 3.20694 4.82851 1.54987
threshold=-1.5326034426689146 2.0584422349929814 3.4650695323944096 0.96069148182868969 0.59856787323951732 17.500000000000004 0.46340000629425054 -0.77125221490859974 -0.00062350000371225167 1286421.5000000002 0.64820000529289257 -439.97656249999994 31.500000000000004 0.051200918853282935 -0.22233347594738004 18.167999267578129 -0.18949021399021146 -0.27566930651664728 0.90668693184852611 14690.000000000002 -1.4116939306259153 1019.5000000000001
decision_type=2 2 2 2 2 2 2 2 2 2 2 2 2 2 2 2 2 2 2 2 2 2
left_child=14 3 10 4 6 -6 -2 8 -5 -9 12 -12 -3 -4 15 -1 19 -18 -19 21 -21 -16
right_child=1 2 13 7 5 -7 -8 9 -10 -11 11 -13 -14 -15 16 -17 17 18 -20 20 -22 -23
leaf_value=-0.013633315897168961 0.00015877417131171035 0.012860327926009545 -0.015220388378021988 0.010417943924978197 -0.0043109346273413921 0.013524801207859417 0.0055613032727254083 -0.0094134430102299493 -0.017323856805955825 0.0051746467705884695 0.01340426652894375 -0.0088414187443311195 0.0026235082348805968 0.002721200629092113 0.0075431386863661701 0.0064960838550086599 -0.0092562176331220571 -0.0036580976825934196 0.0085176150754693418 0.0090790588803551873 -0.0012238550065869439 0.013603201997793298
leaf_weight=2.8806916587054721 167.13433010876179 27.623490139842033 4.9756568893790227 3.5763740241527557 99.845863915979862 5.4036122858524314 65.088145814836025 7.3385549262166014 6.6444714516401273 124.32974541187286 5.5194728076457968 9.3037267029285413 14.831432163715361 5.0417198538780212 7.722573176026347 2.6248530894517899 4.6536983698606518 4.2541221976280239 16.102495893836021 13.472214713692665 6.6274307519197473 12.960858374834059
leaf_count=16 532 53 23 7 343 10 159 35 28 306 10 36 39 14 18 6 18 13 35 29 20 22
internal_value=0.00203984 0.00156308 0.00482754 0.00110271 9.53126e-05 -0.00338573 0.00167732 0.00349168 -0.00751889 0.00435398 0.00675448 -0.000490694 0.0093077 -0.00609061 0.00568116 -0.00385468 0.00649431 0.00305943 0.00592401 0.00857624 0.00563214 0.0113889
internal_weight=617.956 546.657 67.2955 479.361 337.472 105.249 232.222 141.889 10.2208 131.668 57.2781 14.8232 42.4549 10.0174 71.2989 5.50554 65.7934 25.0103 20.3566 40.7831 20.0996 20.6834
internal_count=1772 1595 175 1420 1044 353 691 376 35 341 138 46 92 37 177 22 155 66 48 89 49 40
is_linear=0
shrinkage=0.01


Tree=181
num_leaves=23
num_cat=0
split_feature=67 38 26 36 45 65 48 70 34 69 52 25 33 1 2 67 55 56 33 30 39 58
split_gain=10.5721 17.2428 13.4937 23.9114 15.4158 13.377 12.9594 12.9077 12.4171 13.7304 12.2671 15.8274 10.1939 13.2644 17.1527 9.13155 10.9208 8.10541 6.93272 8.17907 3.38471 1.98374
threshold=-2.0167539119720455 -1.4547275900840757 0.002232139697298408 -0.94807246327400196 -0.41213284432888025 -0.43146015703678126 -0.58091521263122547 110637.89453125001 -0.61401548981666554 66.200126647949233 0.049843475222587592 2030.0000000000002 -0.61187815666198719 1277804.0000000002 3709398.5000000005 -3.4868440628051753 -0.3867886215448379 2.1186934709548955 -1.3473889231681822 2.0050309896469121 1.9029352068901064 -1668095.9999999998
decision_type=2 2 2 2 2 2 2 2 2 2 2 2 2 2 2 2 2 2 2 2 2 2
left_child=6 7 10 4 -4 -5 -1 8 9 -2 11 -3 13 -8 -15 17 -17 -14 21 -20 -12 -9
right_child=1 2 3 5 -6 -7 12 18 -10 -11 20 -13 15 14 -16 16 -18 -19 19 -21 -22 -23
leaf_value=-0.014073081910208488 0.0083064814902864496 0.0073902436677986362 0.0036044140422171549 -0.0064710235968546059 -0.012212399758034287 0.0023975589231990434 0.014273233004200388 0.0097313525900561918 -0.015556670151715612 -0.010074781573200773 -0.015190218122828432 -0.0011557406061633183 0.016169980242185373 -0.0099409793145710055 0.00015215543231654775 0.0060615072688637089 -0.014288654900270339 0.0021537155438792746 0.007719915584211705 -0.005220456143215934 0.00029402463821877345 0.015586564168622809
leaf_weight=6.4655418992042533 15.239838354289537 85.419176161289215 8.3971433043479937 18.629891999065876 22.287585690617561 190.10710369050503 5.5133168846368781 12.911473631858827 4.154294177889823 5.5040312111377707 3.7874401435255995 28.781839430332184 10.038037657737737 20.326730035245419 97.039648916572332 7.3812612146139145 4.0894284844398481 7.3124821335077277 43.661404989659786 5.4046608209609976 2.0524186566472054 13.202888190746306
leaf_count=36 35 183 23 73 88 507 12 26 19 20 19 86 16 88 337 19 20 23 97 18 8 19
internal_value=0.00202031 0.00278797 0.00176206 0.000385597 -0.0078514 0.00160124 -0.000203752 0.00646284 0.000181159 0.00338112 0.0044991 0.00522766 0.000380771 -0.000867594 -0.00158736 0.00573789 -0.00110637 0.0103204 0.0085299 0.00627414 -0.00957704 0.0127299
internal_weight=617.708 459.541 359.463 239.422 30.6847 208.737 158.166 100.079 24.8982 20.7439 120.041 114.201 151.701 122.88 117.366 28.8212 11.4707 17.3505 75.1804 49.0661 5.83986 26.1144
internal_count=1772 1221 987 691 111 580 551 234 74 55 296 269 515 437 425 78 39 39 160 115 27 45
is_linear=0
shrinkage=0.01


Tree=182
num_leaves=16
num_cat=0
split_feature=61 33 55 25 50 58 50 38 27 48 48 20 47 24 58
split_gain=10.3943 10.4685 10.8588 9.90961 10.131 12.1918 19.6135 13.0332 11.2102 9.45051 18.0125 15.9965 5.84403 3.56881 2.78798
threshold=169.38391113281253 1.4499821066856386 -4.1300874948501578 72487.000000000015 -0.010593718383461235 -591871.99999999988 -0.0039615917485207311 1.7147257328033449 -19213311.999999996 -0.41948536038398737 -0.39330166578292841 98.145000457763686 -1.944145619869232 53.500000000000007 303104.00000000006
decision_type=2 2 2 2 2 2 2 2 2 2 2 2 2 2 2
left_child=1 2 12 4 8 7 -7 -6 -2 11 -11 -4 -1 -3 -5
right_child=3 13 9 14 5 6 -8 -9 -10 10 -12 -13 -14 -15 -16
leaf_value=0.0097613097471217353 0.01356423001095103 -0.014626594579259463 -0.014460242414976747 -0.015904598312647202 0.0083541459869409893 -0.015733180683641927 0.0033170657685202532 -0.010013366801041552 -0.012705723621493232 -0.015990671472341272 0.00086685831871755536 0.004987891716572399 -0.013384479644380934 0.00011376226445979579 -0.0010178113240999014
leaf_weight=1.2305543050169943 2.0913601592183113 5.7024654597043982 4.4066920578479758 3.118386134505271 76.888633847236633 5.5924224704504004 148.9212351590395 4.0187537223100653 6.9095738455653173 6.5021998882293692 247.04957667738199 93.134520430117846 7.3238850235939008 2.1195845901966095 2.363412007689476
leaf_count=4 5 27 21 14 161 25 387 14 44 28 732 248 47 7 8
internal_value=0.00200121 0.00092749 0.00117891 0.00357604 0.00387718 0.00427784 0.00262109 0.00742945 -0.00649082 0.00145262 0.000430612 0.00409902 -0.00993806 -0.0105045 -0.00966876
internal_weight=617.373 367.469 359.647 249.904 244.422 235.421 154.514 80.9074 9.00093 351.093 253.552 97.5412 8.55444 7.82205 5.4818
internal_count=1772 1114 1080 658 636 587 412 175 49 1029 760 269 51 34 22
is_linear=0
shrinkage=0.01


Tree=183
num_leaves=19
num_cat=0
split_feature=54 22 49 2 37 60 24 61 20 69 33 47 21 32 11 40 39 33
split_gain=10.2787 8.10541 11.7196 10.9859 13.2218 12.2249 10.8148 14.1167 12.322 5.60732 9.06482 8.56884 8.71112 8.44859 8.62218 3.70897 3.4234 2.88497
threshold=-1.5326034426689146 54560.259765625007 2.253907442092896 1286421.5000000002 2.4460188150405888 0.0028142032679170374 46.500000000000007 503.94265747070318 40230.279296875007 33.333234786987312 1.1633108854293825 -0.13982538878917691 -906.49999999999989 -1.0000000180025095e-35 57.969999313354499 1.0529238581657412 -0.51543360948562611 -0.71172323822975148
decision_type=2 2 2 2 2 2 2 2 2 2 2 2 2 2 2 2 2 2
left_child=9 3 15 4 5 -2 8 -8 -5 10 11 -1 -13 16 -15 -3 -11 -18
right_child=1 2 -4 6 -6 -7 7 -9 -10 13 -12 12 -14 14 -16 -17 17 -19
leaf_value=-0.016064015879495529 -0.012024299756772369 0.0066010860204880175 -0.0048503614544413336 0.0018821060392223289 0.014971187314173301 0.0069934343110827548 -0.0037357098060782907 0.014345993172285604 0.013296718633447177 0.0022771415858568725 0.01160132884759257 0.0064656429000532513 -0.014971876101497113 -0.0117117764553281 0.0071462301151663053 0.016930636436654021 0.011965594993110019 0.0041321578740965825
leaf_weight=3.7944741547107705 16.61646097898484 6.8067329972982433 5.3427066355943671 431.61823764815927 2.7786311507225028 4.1721574217081061 56.552589155733585 4.6577679365873328 9.7032392770051938 6.1330346614122382 5.8457960635423651 8.1238415166735631 2.4617756605148324 4.2395150661468488 5.6357359886169434 8.1347437426447851 28.411921635270115 6.1366212666034725
leaf_count=18 85 17 17 1233 4 10 194 7 17 16 10 21 12 18 13 11 54 15
internal_value=0.00198179 0.00151478 0.00772741 0.00127334 -0.00538986 -0.00815945 0.00158782 -0.00234346 0.00213534 0.0055726 0.00106462 -0.00314922 0.0013857 0.00735629 -0.000848382 0.0122918 0.00937252 0.0106031
internal_weight=617.166 546.383 20.2842 526.099 23.5672 20.7886 502.532 61.2104 441.321 70.7827 20.2259 14.3801 10.5856 50.5568 9.87525 14.9415 40.6816 34.5485
internal_count=1772 1595 45 1550 99 95 1451 201 1250 177 61 51 33 116 31 28 85 69
is_linear=0
shrinkage=0.01


Tree=184
num_leaves=16
num_cat=0
split_feature=61 33 55 2 50 7 50 58 27 27 25 14 72 24 61
split_gain=10.2264 10.2747 10.6876 11.1988 19.6029 11.4321 9.66674 11.4027 13.0315 11.0628 10.8377 6.24776 4.15343 3.52715 0.94341
threshold=169.38391113281253 1.4499821066856386 -4.1300874948501578 5536681.5000000009 -0.007633781759068369 5.6279530525207528 -0.010593718383461235 -4104831.9999999995 7258112.0000000009 -19213311.999999996 3449.5000000000005 0.2650000005960465 -2523635.2499999995 53.500000000000007 250.78054809570315
decision_type=2 2 2 2 2 2 2 2 2 2 2 2 2 2 2
left_child=1 2 12 4 -4 -5 9 14 10 -2 -9 -10 -1 -3 -8
right_child=6 13 3 5 -6 -7 7 8 11 -11 -12 -13 -14 -15 -16
leaf_value=0.0040756228747095826 0.01337742139627501 -0.014564080444405842 -0.010563816551916502 0.0033457400157815226 0.00067795689344063469 -0.015020245614773451 0.016479354611212839 0.0049600059287494957 0.00028503448557640052 -0.012658758976490171 -0.00056881456374226289 -0.017195557011426835 -0.013324645671288117 9.7720163598350856e-05 0.010344131929232099
leaf_weight=1.6109678894281385 2.0950551629066467 5.6739469319581977 17.452561378479004 191.51531240344048 138.72333792597055 3.4317187778651705 5.5328921973705274 175.1893635392189 3.6427015662193281 7.0002863034605962 44.055590838193893 4.3597938269376755 6.8973391354083997 2.119283452630043 7.5652084946632385
leaf_count=6 5 27 81 515 417 16 7 425 10 45 133 18 45 7 15
internal_value=0.00196303 0.000898499 0.00114717 0.00141802 -0.000571901 0.00301731 0.00352707 0.00391263 0.00338376 -0.00655154 0.00384447 -0.00911351 -0.00991254 -0.0104486 0.0130121
internal_weight=616.865 367.424 359.631 351.123 156.176 194.947 249.441 240.346 227.247 9.09534 219.245 8.0025 8.50831 7.79323 13.0981
internal_count=1772 1114 1080 1029 498 531 658 608 586 50 558 28 51 34 22
is_linear=0
shrinkage=0.01


Tree=185
num_leaves=19
num_cat=0
split_feature=67 27 11 36 8 67 40 48 53 53 60 14 51 11 40 69 7 24
split_gain=10.2003 14.7425 14.4652 19.5983 24.5988 17.4957 21.352 12.7349 12.5454 14.3655 12.158 10.8601 10.6695 9.32494 10.1556 8.33134 4.51934 2.68648
threshold=-2.0167539119720455 -1987583.9999999998 47.260000228881843 1.3330373764038088 1.1263933777809145 2.1679917573928837 0.54404675960540783 -0.58091521263122547 -2.9427514076232906 -0.80803760886192311 0.033063186332583434 1.3049999475479128 1.0000000180025095e-35 36.73500061035157 2.0584422349929814 16.666707992553714 3.4650695323944096 27.500000000000004
decision_type=2 2 2 2 2 2 2 2 2 2 2 2 2 2 2 2 2 2
left_child=7 2 5 4 -4 11 -7 -1 -3 17 -11 -2 13 15 -15 -9 -5 -10
right_child=1 8 3 16 -6 6 -8 12 9 10 -12 -13 -14 14 -16 -17 -18 -19
leaf_value=-0.014040184174580033 0.00899980246148528 0.015347394335060169 0.0031096766226267202 0.0069628348014084476 -0.010250320799379906 -0.017940301774751258 0.011707834502013166 -0.00050787274354732585 -0.016788736391372534 0.0015193403538694852 -0.015169153153447535 -0.0052174503245586588 -0.015017095429877661 -0.011415773866454489 0.011441649620133155 0.0045360081867764539 0.017970054874791575 -0.0036191578825940413
leaf_weight=6.4200360253453246 100.11865559965372 6.0747229233384124 45.412316083908081 10.200026690959932 19.764863163232803 5.8379832506179792 4.12263223528862 78.064549833536148 5.2046103477478018 243.0293507501483 4.4362168312072745 5.5864939391612998 4.3885200172662726 10.719745606184004 2.3328119069337836 56.042105548083782 6.3544087857007971 2.5111573934555054
leaf_count=36 218 11 116 22 73 24 7 279 22 672 21 19 20 51 5 160 8 8
internal_value=0.00194417 0.00269916 0.00476331 0.00152734 -0.000926376 0.00704126 -0.00556874 -0.000241592 0.00113572 0.000793489 0.00121613 0.00823896 0.000336361 0.000801021 -0.00725398 0.00159247 0.0112484 -0.0126322
internal_weight=616.621 458.653 197.397 81.7316 65.1772 115.666 9.96062 157.968 261.256 255.181 247.466 105.705 151.548 147.159 13.0526 134.107 16.5544 7.71577
internal_count=1772 1221 487 219 189 268 31 551 734 723 693 237 515 495 56 439 30 30
is_linear=0
shrinkage=0.01


Tree=186
num_leaves=23
num_cat=0
split_feature=61 67 51 30 69 11 36 35 19 24 3 40 66 1 72 40 39 51 26 31 49 9
split_gain=10.041 10.289 11.3354 10.7233 19.7628 14.6561 9.28017 14.1361 12.7094 11.6475 11.6221 11.2054 9.34851 11.5941 9.19811 8.79753 8.38204 13.1119 9.22276 6.46667 10.4282 1.98966
threshold=169.38391113281253 6.2982637882232675 0.031260221265256412 0.979356348514557 15.707335948944094 53.375000000000007 -1.7158748507499693 -1.9561769962310789 2847.7050781250005 5.5000000000000009 -614226.99999999988 -1.0865456461906431 -4.175182342529296 8482987.0000000019 -938507.24999999988 1.5958054661750796 1.1547522544860842 0.035729460418224342 0.009285707492381336 -5.6453557014465323 0.23799931257963183 147624480.00000003
decision_type=2 2 2 2 2 2 2 2 2 2 2 2 2 2 2 2 2 2 2 2 2 2
left_child=1 2 3 5 -5 -1 12 9 10 -8 -9 -11 13 -2 -15 -10 17 -4 -18 21 -21 -14
right_child=6 -3 16 4 -6 -7 7 8 15 11 -12 -13 19 14 -16 -17 18 -19 -20 20 -22 -23
leaf_value=0.00071917254243456918 -0.015122609050168536 -0.013325543794884393 0.0085687264136091353 -0.0081098110878455275 0.0049633817164838187 -0.0052712152346459061 0.0061577304346212038 0.0088394111272920625 -0.015349829440626085 0.0047328836966295936 0.0026496823669899107 -0.014289020787444023 0.018876531710656494 -0.0053212447412423012 0.017133764447136234 0.0051871650016106939 0.015175616796545475 -0.017643152867511912 0.0015672431102918011 0.0095314594471854475 -0.0090893944773123309 0.011103416978252036
leaf_weight=177.9802508354187 3.656669616699217 5.0251720547676078 4.7993274480104473 13.255464833229778 88.30031705647707 52.944543942809105 6.7006609365344074 39.878657102584839 5.8529295623302442 4.0645498484373137 130.57531870901585 12.129909053444859 7.4280487596988625 3.3159807957708836 3.9243514537811279 3.1489390879869461 13.765125006437303 3.1540693044662476 8.0765135139226896 17.126787632703788 3.5950287133455268 7.7287063002586365
leaf_count=566 18 28 10 54 222 179 16 83 27 9 347 51 9 17 7 8 21 13 21 36 13 17
internal_value=0.00192528 0.000870542 0.00107022 0.000537431 0.00324717 -0.000649924 0.00347633 0.0025409 0.00348821 -0.00484062 0.00410367 -0.00945308 0.00750163 -0.000523503 0.00671154 -0.00805471 0.00698199 -0.00170036 0.0101894 0.00996688 0.00625267 0.0149789
internal_weight=616.427 367.301 362.276 332.481 101.556 230.925 249.127 202.351 179.456 22.8951 170.454 16.1945 46.7756 10.897 7.24033 9.00187 29.795 7.9534 21.8416 35.8786 20.7218 15.1568
internal_count=1772 1114 1086 1021 276 745 658 541 465 76 430 60 117 42 24 35 65 23 42 75 49 26
is_linear=0
shrinkage=0.01


Tree=187
num_leaves=18
num_cat=0
split_feature=54 42 70 70 49 72 29 60 12 55 56 36 5 46 31 59 57
split_gain=9.96192 8.05203 7.92459 12.6679 11.8342 11.3994 15.4904 11.6302 10.4889 5.40873 5.42119 4.48131 11.0083 5.96813 3.26141 7.8401 2.15248
threshold=-1.5326034426689146 0.0019445000216364863 701746.78125000012 620137.56250000012 1.1901771426200869 -1170681.1874999998 0.24832431972026828 -0.0042214859277009955 87101120.000000015 -0.22233347594738004 18.167999267578129 0.85526448488235485 13439.165039062502 0.29825630784034735 -1.2341547012329099 0.57228612899780285 0.86956399679183971
decision_type=2 2 2 2 2 2 2 2 2 2 2 2 2 2 2 2 2
left_child=9 2 3 4 -2 6 -4 -7 -5 10 -1 14 13 -13 16 -16 -11
right_child=1 -3 5 8 -6 7 -8 -9 -10 11 -12 12 -14 -15 15 -17 -18
leaf_value=-0.013597368810939757 0.0018783958930589531 -0.013282758077478736 0.01286739220625625 -0.015741022099721773 -0.003218629749304452 -0.00050391976571566169 -0.015042197657801579 0.0084109643130014025 0.0071529308554699736 0.0050692053407090281 0.0062555045636267931 -0.016079551242035708 0.010249990478074488 0.0037978920643417487 0.0099819150725439822 -0.0056920073926609981 0.010503058667277994
leaf_weight=2.8600760512053958 401.04771552234888 3.6712034679949275 2.8976025432348234 7.7672323137521726 51.261370897293091 20.347847014665604 6.1834338456392288 50.294939294457436 2.6275952458381653 10.958960637450216 2.573604092001915 3.9181956946849805 6.2730279266834259 2.3454252928495407 7.2706703096628171 5.6076892614364624 28.295596763491631
leaf_count=16 1157 21 5 35 172 62 30 107 6 27 6 18 11 6 14 20 59
internal_value=0.00190678 0.00144873 0.00155028 0.00104574 0.00129853 0.00446601 -0.00602661 0.00582898 -0.00985771 0.0054607 -0.00401023 0.00627193 0.000813879 -0.00847675 0.00756527 0.00307929 0.00901153
internal_weight=616.202 546.099 542.428 462.704 452.309 79.7238 9.08104 70.6428 10.3948 70.1032 5.43368 64.6696 12.5366 6.26362 52.1329 12.8784 39.2546
internal_count=1772 1595 1574 1370 1329 204 35 169 41 177 22 155 35 24 120 34 86
is_linear=0
shrinkage=0.01


Tree=188
num_leaves=25
num_cat=0
split_feature=67 38 26 36 58 65 70 34 69 52 25 33 68 1 2 47 59 33 69 10 67 69 39 10
split_gain=9.9345 16.4703 12.9691 23.2914 13.7678 12.9519 12.5155 12.0313 13.5069 11.8464 15.1291 10.6028 17.0478 13.2159 15.4019 13.4275 11.1562 6.76748 7.55321 5.43617 5.50227 3.79769 3.29548 1.95523
threshold=-2.0167539119720455 -1.4547275900840757 0.002232139697298408 -0.94807246327400196 -335359.99999999994 -0.43146015703678126 110637.89453125001 -0.61401548981666554 66.200126647949233 0.049843475222587592 2030.0000000000002 -0.61187815666198719 33.333324432373054 1277804.0000000002 3709398.5000000005 0.77089834213256847 1.0104934573173525 -1.3473889231681822 66.200126647949233 -0.00044211499334778631 -3.4868440628051753 15.707335948944094 1.9029352068901064 6.4500000007683425e-05
decision_type=2 2 2 2 2 2 2 2 2 2 2 2 2 2 2 2 2 2 2 2 2 2 2 2
left_child=11 6 9 4 -4 -5 7 8 -2 10 -3 13 19 -1 15 -15 -16 23 -19 21 -21 -13 -11 -8
right_child=1 2 3 5 -6 -7 17 -9 -10 22 -12 12 -14 14 16 -17 -18 18 -20 20 -22 -23 -24 -25
leaf_value=0.013384195427558062 0.0080761570304382357 0.0071708040827569109 -0.016809391917227121 -0.0064689465401731594 -0.0027650771529661965 0.0022674486857768125 0.014199148117764742 -0.015484815181632344 -0.010210086870427073 -0.015132983329904129 -0.0011948007492112761 -0.006493265531862461 -0.014390839073179305 -0.01444429143435977 0.0034281946303118043 0.0043489944506562407 -0.003321617187690834 0.0025932098004535224 0.010607031680375037 0.014585702958256187 0.0032025292284335932 0.0094725623997358056 0.0001750285333967004 0.0076243948627197911
leaf_weight=5.6692597419023505 15.226017914712434 84.783427387475967 11.026244401931764 18.58627200871706 19.623392060399055 190.056361079216 18.852209158241752 4.13450002670288 5.4621861577033988 3.7515732496976844 28.757686510682106 3.6997681707143846 3.8541844934225074 16.086685642600063 40.932629745453596 4.881257861852645 60.783972270786762 27.842009581625462 20.933981969952583 12.725075900554662 6.7511587738990739 2.4939192831516266 2.0461068004369736 6.9889090806245795
leaf_count=14 35 183 47 73 64 507 31 19 20 19 86 15 19 79 135 14 226 76 39 24 19 6 8 14
internal_value=0.0018885 0.00263429 0.00163203 0.000284609 -0.00785016 0.0014844 0.0062389 4.739e-05 0.00319981 0.00432543 0.00504316 -0.000269003 0.00512667 -0.00151791 -0.00221469 -0.0100216 -0.000595538 0.00828522 0.00605313 0.00809606 0.0106912 0 -0.00955802 0.0124597
internal_weight=615.949 458.071 358.631 239.292 30.6496 208.643 99.4398 24.8227 20.6882 119.339 113.541 157.878 29.5241 128.354 122.685 20.9679 101.717 74.6171 48.776 25.6699 19.4762 6.19369 5.79768 25.8411
internal_count=1772 1221 987 691 111 580 234 74 55 296 269 551 83 468 454 93 361 160 115 64 43 21 27 45
is_linear=0
shrinkage=0.01


Tree=189
num_leaves=30
num_cat=0
split_feature=67 38 26 36 45 65 70 69 52 25 68 65 44 43 26 69 43 67 38 18 36 0 8 11 49 2 39 60 26
split_gain=9.74215 16.1762 12.7289 22.8582 14.9576 12.7065 12.3002 11.7744 11.6296 14.8526 10.1839 13.2759 17.4962 14.0465 13.4198 12.4426 15.6742 15.0797 24.3416 10.1459 9.32081 7.90066 6.61652 5.64603 7.11948 4.22306 3.2587 3.00212 2.95977
threshold=-2.0167539119720455 -1.4547275900840757 0.002232139697298408 -0.94807246327400196 -0.41213284432888025 -0.43146015703678126 110637.89453125001 66.200126647949233 0.049843475222587592 2030.0000000000002 33.333324432373054 -1.3524019122123716 1768.0950317382815 1138470.1250000002 0.0071428737137466678 16.666707992553714 101152.68750000001 -4.1573979854583731 -1.5758557915687559 26857.000000000004 -0.71433880925178517 152200.50000000003 1.4329596757888796 33.95000076293946 0.28437191247940069 8596264.5000000019 1.9029352068901064 0.0094681149348616617 0.005714299390092493
decision_type=2 2 2 2 2 2 2 2 2 2 2 2 2 2 2 2 2 2 2 2 2 2 2 2 2 2 2 2 2
left_child=10 6 8 4 -4 -5 7 21 9 -3 15 12 -12 -13 -15 16 20 22 -19 -18 -1 -2 -17 28 -25 -9 -10 -14 -8
right_child=1 2 3 5 -6 -7 23 25 26 -11 11 13 27 14 -16 17 19 18 -20 -21 -22 -23 -24 24 -26 -27 -28 -29 -30
leaf_value=-0.00027211861681378279 -0.0024428710354419572 0.0071071128401466125 0.0034830693774229849 -0.0064159085430522244 -0.012097139395726344 0.0022442837683684233 0.010273718839850335 -0.01721763037218503 -0.015060830332457269 -0.0011830143247967264 0.014908253204548397 -0.014619152822434514 -0.013986073446524892 0.01255952152045048 -0.015399707854465532 0.013766375928874586 -0.0096418368260594595 -0.008585173986285239 0.0099129474400955035 0.0015008496030812818 0.010707142332764763 0.010677441675960566 -0.0012274825990549194 0.0087489644002595596 0.00059841586522569375 -0.00010615748870594676 0.00017327021189177425 0.0010148231373292742 0.01979028480636685
leaf_weight=23.889801435172558 8.8272148743271881 84.68827198445797 8.4073880612850207 18.552688002586365 22.194947957992554 190.09768162667751 10.541640996932982 4.2891242653131476 3.7319490909576407 28.753773957490921 6.3838177323341352 16.10668429732323 3.9498363211750984 4.5820478498935691 2.7318584024906158 17.858121164143089 25.379435833543539 14.973200477659704 13.548313185572622 11.840307317674158 11.315377250313757 9.3472780734300596 3.3799617812037459 44.050763040781021 14.519020557403563 2.3519849628210068 2.0462047085165977 1.8348806053400037 5.3907915502786627
leaf_count=84 29 183 23 73 88 507 23 18 19 86 12 77 21 9 12 35 118 61 31 46 26 20 12 92 38 7 8 7 7
internal_value=0.0018708 0.00260955 0.00161633 0.000281664 -0.00778411 0.00146945 0.00618436 4.6061e-05 0.00428636 0.00499703 -0.000266376 -0.00497895 0.00343435 -0.00939291 0.00197959 0.00109809 -0.00153648 0.00495279 0.000166758 -0.00607027 0.00322835 0.00424998 0.0113331 0.00821552 0.00674558 -0.0113081 -0.00949295 -0.009055 0.0135564
internal_weight=615.564 457.791 358.473 239.253 30.6023 208.65 99.3178 24.8156 119.22 113.442 157.774 35.5891 12.1685 23.4206 7.31391 122.185 72.4249 49.7596 28.5215 37.2197 35.2052 18.1745 21.2381 74.5022 58.5698 6.64111 5.77815 5.78472 15.9324
internal_count=1772 1221 987 691 111 580 234 74 296 269 551 138 40 98 21 413 274 139 92 164 110 49 47 160 130 25 27 28 30
is_linear=0
shrinkage=0.01


Tree=190
num_leaves=27
num_cat=0
split_feature=69 68 60 27 1 35 1 14 40 61 31 61 53 33 24 0 68 12 63 33 10 52 0 44 35 31
split_gain=9.60795 18.3402 12.289 12.1188 21.5592 12.0075 15.1163 13.3914 11.475 8.73828 15.8493 13.121 9.72769 8.05353 17.2781 12.6256 9.42079 9.29481 11.0549 6.68372 16.3571 6.12489 5.67024 8.63487 5.49073 1.85717
threshold=49.999761581420906 57.142862319946296 -1.0000000180025095e-35 3026432.0000000005 10186142.000000002 -1.4023095965385435 1277804.0000000002 0.45037499070167547 1.2327687144279482 169.38391113281253 -4.4721639156341544 88.80560684204103 -1.1760245797631795e-05 -0.58506101369857777 70.500000000000014 122971.50000000001 42.034801483154304 107233396.00000001 0.33136740326881414 -1.1686807870864866 1.0000000180025095e-35 -0.0089011900126934034 96616.500000000015 256979.64062500003 -1.5609984993934629 -1.0227344036102293
decision_type=2 2 2 2 2 2 2 2 2 2 2 2 2 2 2 2 2 2 2 2 2 2 2 2 2 2
left_child=13 9 5 8 -5 6 -3 -7 -4 10 11 -2 -12 14 17 22 21 18 -1 25 -21 -17 23 -15 -19 -11
right_child=1 2 3 4 -6 7 -8 -9 -10 19 12 -13 -14 15 -16 16 -18 24 -20 20 -22 -23 -24 -25 -26 -27
leaf_value=-0.0093060065549642346 0.0075744849127097162 0.0045939828061578175 0.002490150130453497 -0.0090494775600295906 0.0031872527962769903 -0.011270097707193519 -0.017496367081371512 0.0062614539406411407 0.010224871905748304 0.0109526646928816 0.010468901410838909 -0.013357510987021856 0.0018915222977346122 -0.0055572453053024566 -0.014284972426365719 -0.005747333927720929 -0.0152202031457412 0.0097716110493896342 0.00018641796450391147 0.0076677630760038805 -0.016696378313320832 0.0063757330665321198 0.015523184051141663 0.010622008128811884 -0.0046418714007682247 0.018233762381117066
leaf_weight=13.165071569383143 4.4306091517209998 4.2854586839675894 100.01927293092012 23.175794944167137 37.87986758351326 6.3384888023138073 10.606000602245329 13.88771417737007 23.936160236597061 23.183034300804142 24.288270398974419 8.9674411565065366 29.784441366791725 4.8102888762950924 8.6031582579016668 6.6022245436906859 3.967995047569274 14.41522402316332 178.00629004091024 33.645323127508163 2.9786607921123496 11.119462534785271 9.0678257048130018 10.092836417257784 3.133454129099845 4.7815684378147116
leaf_count=69 9 11 256 85 99 25 44 33 47 46 48 36 79 19 46 24 18 37 571 73 13 28 14 23 13 6
internal_value=0.00185326 0.00293364 0.00116047 0.00219344 -0.00144124 -0.00425305 -0.0110721 0.000717974 0.00399182 0.00588175 0.0033405 -0.00636086 0.00576279 0.00040261 -0.000395318 0.00422227 -0.00126531 0.000172404 -0.00046205 0.00852091 0.0056589 0.00180285 0.00922933 0.00533272 0.00714099 0.0122334
internal_weight=615.172 352.188 220.129 185.011 61.0557 35.1177 14.8915 20.2262 123.955 132.059 67.4708 13.3981 54.0727 262.984 217.323 45.6606 21.6897 208.72 191.171 64.5886 36.624 17.7217 23.971 14.9031 17.5487 27.9646
internal_count=1772 910 600 487 184 113 55 58 303 310 172 45 127 862 736 126 70 690 640 138 86 52 56 42 50 52
is_linear=0
shrinkage=0.01


Tree=191
num_leaves=19
num_cat=0
split_feature=67 38 61 67 48 26 44 70 34 69 51 33 1 61 33 51 70 10
split_gain=9.45805 15.8793 12.5845 13.6332 12.4196 12.3277 12.2419 12.0203 11.77 13.0142 10.3512 10.6123 11.9892 7.82362 6.6215 8.23274 3.06397 1.94032
threshold=-2.0167539119720455 -1.4547275900840757 503.94265747070318 6.2982637882232675 -0.58091521263122547 0.002232139697298408 1.0000000180025095e-35 110637.89453125001 -0.61401548981666554 66.200126647949233 1.0000000180025095e-35 -0.61187815666198719 1277804.0000000002 91.728424072265639 -1.3473889231681822 0.031260221265256412 202959.42187500003 6.4500000007683425e-05
decision_type=2 2 2 2 2 2 2 2 2 2 2 2 2 2 2 2 2 2
left_child=4 7 3 5 -1 -3 -5 8 9 -2 11 12 -6 -13 17 -16 -4 -9
right_child=1 2 16 6 10 -7 -8 14 -10 -11 -12 13 -14 -15 15 -17 -18 -19
leaf_value=-0.01395951427074579 0.007936172008810331 0.0047385116315844843 0.014873230036275182 0.0047820921422548068 0.013839650277287355 0.00039926382076272484 -0.013369864150445387 0.014008350712734756 -0.015369405963561121 -0.010019695060269345 -0.014890507621764661 0.015472679750615271 -0.0012372461635642585 0.0031657931505219422 0.0044588859826893675 0.017869211629441523 0.0059553813788188747 0.0074498858529913493
leaf_weight=6.3638216517865649 15.231511823832994 91.349944680929184 7.5875700116157558 5.3685066550970104 5.5256393775343886 233.27524631470442 11.592493705451487 18.706045597791675 4.1124649494886389 5.4555000513792029 4.3514356911182395 7.0503743812441853 113.73104943707585 20.54473914206028 43.44132037460804 5.1993060708045951 8.9489935636520368 6.9746572375297538
leaf_count=36 35 222 11 13 12 670 52 31 19 20 20 13 411 59 109 6 19 14
internal_value=0.00183586 0.00256417 0.00157999 0.00116423 -0.000271267 0.00162341 -0.00756544 0.00610992 4.07794e-05 0.00315258 0.000298228 0.000755103 -0.000530288 0.00634636 0.00812161 0.0059129 0.0101077 0.0122661
internal_weight=614.811 457.244 358.123 341.586 157.567 324.625 16.961 99.1208 24.7995 20.687 151.203 146.852 119.257 27.5951 74.3213 48.6406 16.5366 25.6807
internal_count=1772 1221 987 957 551 892 65 234 74 55 515 495 423 72 160 115 30 45
is_linear=0
shrinkage=0.01


Tree=192
num_leaves=28
num_cat=0
split_feature=69 11 72 56 47 4 43 8 2 43 35 13 18 33 24 72 66 65 34 7 52 67 26 37 34 7 2
split_gain=9.40323 20.4376 21.6225 15.8632 15.6236 19.4771 13.5439 15.5587 12.1618 11.2002 11.141 10.1176 8.79644 7.82145 17.0273 15.5505 9.78093 13.3405 9.30799 11.8208 8.06553 7.50586 10.6979 7.37574 6.48509 5.71314 5.63388
threshold=49.999761581420906 50.225000381469734 -1294164.3749999998 2.3212765455245976 0.049633052200078971 349254.26562500006 7013.7150878906259 1.1854000091552737 15893566.500000002 697324.71875000012 -1.8079890012741087 133088144.00000001 1221.0000000000002 -0.58506101369857777 70.500000000000014 -1170681.1874999998 -2.162092804908752 -1.0000000180025095e-35 -1.477897524833679 4.2105693817138681 -0.010429008863866327 -1.5003677010536192 0.0042678555473685273 -1.7287229299545286 -0.18949021399021146 2.2762039899826054 6731693.5000000009
decision_type=2 2 2 2 2 2 2 2 2 2 2 2 2 2 2 2 2 2 2 2 2 2 2 2 2 2 2
left_child=13 6 3 10 9 -6 7 8 -2 -4 -3 -5 -9 14 18 16 20 -18 25 -20 -15 22 -8 -23 26 -1 -17
right_child=1 2 4 11 5 -7 21 12 -10 -11 -12 -13 -14 15 -16 24 17 -19 19 -21 -22 23 -24 -25 -26 -27 -28
leaf_value=0.015741877901530098 -0.0058042900034672683 -0.00094036524363305121 0.0032954256446732218 -0.0086589749759259371 0.0015186917783042856 -0.014150400901750902 0.01055963591134253 0.014172259643309568 0.011763557173631693 0.012226389148403816 -0.015521654717272829 0.0044688028470711814 0.0038962341373443999 -0.00231908414874644 -0.014232649508136587 -0.0031035609268058573 -0.012215447971200905 0.0075865790322902117 0.00046374039038606519 -0.0074770440312952992 0.015550335327481601 0.011860435944828227 -0.0051631534035398033 0.0029921804281973236 0.015945289496683092 0.0022678321494254174 0.012611726882604479
leaf_weight=5.8151383846998197 25.42326390743256 7.956184625625613 41.14882618188858 8.5447336882352847 65.59365151822567 9.0205285102128965 8.5462004542350787 10.444453462958334 4.6354858428239814 21.687183663249016 16.250378474593163 18.720348045229912 44.018743261694908 4.8475219458341599 8.554306395351885 4.6895217373967188 10.741955757141112 4.9142004996538153 174.5206700079143 20.987077906727791 5.0920022726058978 49.104612305760384 8.6806208342313749 11.988528206944464 11.001529052853583 7.3066019341349602 4.3098338097333908
leaf_count=10 84 23 105 31 178 35 17 17 8 37 69 45 110 16 46 17 47 11 568 88 8 89 30 32 18 24 9
internal_value=0.00181839 0.00288796 0.000644106 -0.00487736 0.00271903 -0.000362231 0.00548504 0.00269155 -0.00306181 0.00639377 -0.0107704 0.000317949 0.00588524 0.000382827 -0.000403474 0.00415004 -0.000976544 -0.00593606 0.000158761 -0.00038356 0.00673478 0.00848697 0.00257885 0.0101366 0.0107607 0.00831531 0.00431145
internal_weight=614.544 351.764 188.922 51.4716 137.45 74.6142 162.842 84.5219 30.0587 62.836 24.2066 27.2651 54.4632 262.78 217.184 45.5966 25.5957 15.6562 208.629 195.508 9.93952 78.32 17.2268 61.0931 20.0009 13.1217 8.99936
internal_count=1772 910 523 168 355 213 387 219 92 142 92 76 127 862 736 126 82 58 690 656 24 168 47 121 44 34 26
is_linear=0
shrinkage=0.01


Tree=193
num_leaves=16
num_cat=0
split_feature=34 69 27 46 18 55 26 25 68 35 52 24 48 56 58
split_gain=9.23672 10.9191 19.3632 14.6729 15.0881 13.1065 12.7979 16.1939 13.179 10.4131 9.17878 11.1864 5.03628 3.61938 1.99179
threshold=-1.477897524833679 49.999887466430671 1427456.0000000002 0.29825630784034735 4902.0000000000009 -1.4233143247111e-05 0.002232139697298408 2030.0000000000002 78.568870544433608 -2.5367150306701656 0.011581094935536386 1.5000000000000002 -0.34906668961048121 2.9804649353027348 -1443327.9999999998
decision_type=2 2 2 2 2 2 2 2 2 2 2 2 2 2 2
left_child=12 9 6 4 -4 -5 7 -3 -8 -2 11 -11 -1 14 -14
right_child=1 2 3 5 -6 -7 8 -9 -10 10 -12 -13 13 -15 -16
leaf_value=-0.0014975703446707157 -0.014205757091164693 0.010795140161557146 0.001613736682060911 -0.010312300940880495 -0.007889272616958801 0.006094315456829911 0.0036076048685666036 0.00045397071404145595 -0.0071088696648305937 -0.0095869513080036571 0.01462504052646898 0.00049906980365289259 0.017133909035590932 0.0029123710925578754 0.0088532476894113317
leaf_weight=4.2375101447105434 5.0643055289983741 52.704506382346153 30.075220391154289 5.5789257436990729 37.184479616582394 36.544776648283005 142.61145462095737 21.536334902048111 12.423429101705549 11.542983926832674 4.3813433200120917 232.05574180558324 6.7678494751453435 5.0036271065473548 6.3958385586738569
leaf_count=15 28 100 84 21 135 85 352 60 41 49 8 751 10 18 15
internal_value=0.00180156 0.00156082 0.00273507 -0.00071895 -0.00362513 0.00389766 0.00438729 0.00780877 0.00274241 -6.7774e-06 0.000279165 1.70362e-05 0.00811477 0.0104119 0.0131866
internal_weight=614.108 591.704 338.659 109.383 67.2597 42.1237 229.276 74.2408 155.035 253.044 247.98 243.599 22.4048 18.1673 13.1637
internal_count=1772 1714 878 325 219 106 553 160 393 836 808 800 58 43 25
is_linear=0
shrinkage=0.01


Tree=194
num_leaves=16
num_cat=0
split_feature=34 69 11 72 25 46 46 13 4 52 43 55 10 7 55
split_gain=9.06268 10.7129 20.7526 21.22 20.1114 15.8076 15.4219 14.6195 11.969 12.6668 13.5487 7.81001 5.83747 12.2651 7.21979
threshold=-1.477897524833679 49.999887466430671 53.375000000000007 -1294164.3749999998 3112.5000000000005 -0.94823497533798207 -0.2268228083848953 133088144.00000001 1528001.2500000002 0.011581094935536386 697324.71875000012 -0.22233347594738004 -0.00070049997884780158 2.2762039899826054 -1.0000000180025095e-35
decision_type=2 2 2 2 2 2 2 2 2 2 2 2 2 2 2
left_child=12 8 4 7 11 -5 -6 -4 9 10 -2 -3 -1 -14 -15
right_child=1 2 3 5 6 -7 -8 -9 -10 -11 -12 -13 13 14 -16
leaf_value=0.015861502646458962 -0.0015529420911745459 0.0017900764173695656 -0.012504091185770084 -0.016395029898573488 -0.0076420528023688353 0.003001322619990184 0.0037787642305269838 -0.00075357490156017029 -0.015196281033899965 0.018135959895740534 0.0035569844783647827 0.0087644672962616556 0.013778371613150622 -0.014718941129110531 0.0042529447604401404
leaf_weight=6.7649223804473904 169.16466242820024 19.784626305103302 18.570911720395088 4.3397939801216117 17.186879605054855 120.85479833930731 37.855156496167183 25.088473379611969 5.0858699716627589 3.9192683696746817 74.843504596501589 94.750615999102592 7.5523046776652327 3.5145725682377815 4.5554240494966489
leaf_count=13 580 54 72 19 60 309 94 73 27 6 223 197 13 18 14
internal_value=0.0017844 0.00154591 0.0027096 0.000221818 0.00518087 0.00232097 0.000194445 -0.00577467 -6.6888e-06 0.00030087 1.0304e-05 0.00756845 0.00804046 0.0045897 -0.00388561
internal_weight=613.832 591.445 338.431 168.854 169.577 125.195 55.042 43.6594 253.013 247.927 244.008 114.535 22.3872 15.6223 8.07
internal_count=1772 1714 878 473 405 328 154 145 836 809 803 251 58 45 32
is_linear=0
shrinkage=0.01


Tree=195
num_leaves=17
num_cat=0
split_feature=61 33 2 51 44 56 9 25 50 58 50 38 2 24 51 58
split_gain=8.99568 9.84235 10.4008 20.2518 16.3837 10.5318 14.8463 9.17314 9.35268 11.5007 18.682 12.3464 10.5107 7.32221 3.51053 2.78769
threshold=169.38391113281253 1.4499821066856386 5536681.5000000009 -0.014760628342628477 1267199.6875000002 -0.27904695272445673 213256416.00000003 72487.000000000015 -0.010593718383461235 -591871.99999999988 -0.0039615917485207311 1.7147257328033449 42563072.000000007 34.500000000000007 0.027525223791599277 303104.00000000006
decision_type=2 2 2 2 2 2 2 2 2 2 2 2 2 2 2 2
left_child=1 2 3 -1 -5 13 -7 8 12 11 -11 -10 -2 -4 -3 -9
right_child=7 14 5 4 -6 6 -8 15 9 10 -12 -13 -14 -15 -16 -17
leaf_value=-0.013761526438356356 -0.012620076397895393 -0.0146448659296346 0.0094499375338212774 -0.0012837490140954219 0.0081600080712064278 -0.00030000558097475718 0.0064302905151240423 -0.015790042811888238 0.0079255099109923899 -0.015659182596138826 0.0029927947674938198 -0.0099727789805185846 0.012903982876878817 -0.0045879436280158873 0 -0.00086878887660786508
leaf_weight=11.359931465238331 6.7773050218820554 5.5223039388656607 29.16741406917572 125.64982335269451 21.513395875692368 122.12739637866616 44.674636736512184 3.099388360977172 75.598213404417038 5.5582260936498633 147.72862704098225 4.0124795138835898 2.0828548297286034 4.1560315638780585 2.2198740988969803 2.3510784059762955
leaf_count=66 44 26 60 406 46 381 107 14 161 25 387 14 5 14 8 8
internal_value=0.00176724 0.000769092 0.00101244 -0.000896294 9.00133e-05 0.00252939 0.00149658 0.00324256 0.00353482 0.00392114 0.00230994 0.00701085 -0.00650699 0.00766915 -0.0103747 -0.00953718
internal_weight=613.599 366.391 358.649 158.523 147.163 200.125 166.802 247.208 241.758 232.898 153.287 79.6107 8.86016 33.3234 7.74218 5.45047
internal_count=1772 1114 1080 518 452 562 488 658 636 587 412 175 49 74 34 22
is_linear=0
shrinkage=0.01


Tree=196
num_leaves=14
num_cat=0
split_feature=34 52 59 51 58 52 3 58 11 10 7 61 65
split_gain=8.87763 8.5174 15.4424 11.1765 10.4937 13.1447 8.97958 6.38059 7.45644 5.71519 12.0269 8.29864 2.88634
threshold=-1.477897524833679 0.049843475222587592 2.4817136526107793 0.035729460418224342 -4104831.9999999995 0.02086737006902695 -6290810.4999999991 5341440.0000000009 58.80999946594239 -0.00070049997884780158 2.2762039899826054 206.94745635986331 2.4019432067871098
decision_type=2 2 2 2 2 2 2 2 2 2 2 2 2
left_child=9 3 -3 4 6 -6 -2 8 -5 -1 -11 -12 -4
right_child=1 2 12 7 5 -7 -8 -9 -10 10 11 -13 -14
leaf_value=0.015698513695396103 -0.0021170223312029037 -0.015728905007773412 -0.0013725516154725582 0.012965252914118462 0.0016367780579068156 -0.0036937090501366465 0.009838458405369432 0.018872714002851919 -0.0024232219644410458 0.013630344208412677 -0.014460725204419858 0.0057824035526998219 0.010605351966997339
leaf_weight=6.7495634704828289 8.1815556511282903 7.8112427890300733 4.218141183257103 6.4916540086269396 472.8918680138886 51.180983543395996 25.356875449419022 5.2522161006927481 5.9396594315767288 7.5391972064971915 3.886571064591406 4.145109236240387 3.6419369727373123
leaf_count=13 35 38 13 10 1378 158 51 6 17 13 19 13 8
internal_value=0.00175037 0.00151446 -0.00574475 0.00171394 0.00146361 0.00111429 0.00689215 0.00955106 0.00553222 0.00795173 0.00452948 -0.00388884 0.00405014
internal_weight=613.287 590.966 15.6713 575.295 557.611 524.073 33.5384 17.6835 12.4313 22.3204 15.5709 8.03168 7.86008
internal_count=1772 1714 59 1655 1622 1536 86 33 27 58 45 32 21
is_linear=0
shrinkage=0.01


Tree=197
num_leaves=24
num_cat=0
split_feature=69 11 25 72 46 56 56 49 56 5 35 61 28 71 20 69 41 41 52 31 56 59 66
split_gain=8.87797 19.4644 22.7313 20.9228 16.0354 15.7076 15.4393 12.9 11.8917 11.0565 10.8721 10.0727 10.9631 9.83651 7.28426 15.4659 11.3737 11.1287 10.3187 8.16731 6.61422 6.24122 2.76387
threshold=49.999761581420906 50.225000381469734 3112.5000000000005 -1294164.3749999998 -0.94823497533798207 -0.1562019884586334 2.3212765455245976 -0.5495074689388274 -0.62965542078018177 12125.919921875002 -1.8079890012741087 162.2011413574219 -212.18749999999997 370222.28125000006 243.15000152587893 24.999943733215336 0.54981261491775524 -2.1980073451995845 -0.064440999180078493 -0.87868228554725636 0.76098015904426586 1.4635107517242434 -0.076635871082544313
decision_type=2 2 2 2 2 2 2 2 2 2 2 2 2 2 2 2 2 2 2 2 2 2 2
left_child=14 2 11 6 -5 8 10 -7 -4 -6 -3 12 -2 -8 15 21 20 -16 -19 -20 -17 -1 -13
right_child=1 3 5 4 9 7 13 -9 -10 -11 -12 22 -14 -15 17 16 -18 18 19 -21 -22 -23 -24
leaf_value=-0.014447800959913961 0.0094716793037524765 -0.00096912420992311646 0 -0.016291588278303622 0.00035094652198787657 -0.010795805778558255 0.0033755046398251183 0.0059379916695638055 -0.016811805799320918 0.0061358886476854755 -0.015389360056583486 0.0073831270595680603 0 -0.011468477566997622 -0.0148467476174922 -0.0020432634014685082 -0.014148010458855761 -0.012902435962838552 0.00032952524047402524 0.0045256983392686226 0.012757424492748366 -0.00060583384516059674 0.012332416981038404
leaf_weight=12.305699408054354 24.048375457525253 7.9506980478763607 8.6593232303857821 4.3219307363033286 66.51178964972496 5.3119472563266745 21.598637372255329 33.287601292133331 7.9874530136585227 66.418137580156326 16.178640872240067 17.435889691114426 25.10871809720993 5.6230472028255454 4.3541331887245169 4.6707761436700812 3.0727903246879569 5.0007137544453135 153.59529276937246 66.82712359726429 8.0290377885103208 4.6390300765633574 40.282252267003059
leaf_count=62 49 23 25 19 185 20 55 76 34 151 69 37 71 21 22 15 15 40 493 182 16 17 75
internal_value=0.00173307 0.00277441 0.00531609 0.000584295 0.00262631 8.96716e-05 -0.00485415 0.00360923 -0.0080112 0.0032489 -0.0106793 0.0080084 0.00464614 0.000272522 0.000337906 -0.00407088 0.00300599 0.000970013 0.00127996 0.00160625 0.00723524 -0.0107172 0.0108546
internal_weight=613.219 350.724 162.122 188.603 137.252 55.2463 51.351 38.5995 16.6468 132.93 24.1293 106.875 49.1571 27.2217 262.495 32.7173 15.7726 229.777 225.423 220.422 12.6998 16.9447 57.7181
internal_count=1772 910 387 523 355 155 168 96 59 336 92 232 120 76 862 125 46 737 715 675 31 79 112
is_linear=0
shrinkage=0.01


Tree=198
num_leaves=27
num_cat=0
split_feature=67 68 11 24 24 65 13 11 0 24 18 68 65 8 51 41 10 43 10 26 56 46 68 31 71 10
split_gain=8.80325 15.4533 11.8751 11.5248 15.2855 15.1304 11.4981 23.5181 17.2079 19.1375 16.6993 13.225 10.9921 10.5403 20.176 10.2112 9.9639 9.13737 7.62042 6.68076 9.78181 7.33648 5.15992 4.72032 3.06011 3.69476
threshold=-2.2986534833908077 25.6349630355835 38.375000000000007 34.500000000000007 12.500000000000002 -1.1366977691650388 125488684.00000001 51.329999923706062 172081.00000000003 27.500000000000004 33526.000000000007 39.99998855590821 -3.2935513257980342 1.0683744549751284 -0.014019070658832787 1.6535952091217043 -0.00072887502028606821 111767.02734375001 -0.00048757500189822162 0.002742857788689435 7.0385925769805917 0.10984924063086511 19.999964714050297 -7.9645345211029044 370222.28125000006 -0.00013153999316273254
decision_type=2 2 2 2 2 2 2 2 2 2 2 2 2 2 2 2 2 2 2 2 2 2 2 2 2 2
left_child=3 2 24 4 5 12 8 18 11 -10 -9 -3 -1 14 -6 23 -15 -17 -8 21 -21 -4 -7 -5 25 -2
right_child=1 6 19 15 13 22 7 10 9 -11 -12 -13 -14 16 -16 17 -18 -19 -20 20 -22 -23 -24 -25 -26 -27
leaf_value=-0.013443182482119601 0.01123663049016352 -0.0045738800254408575 0.0084130245548338905 0 0.00033118503620435446 0 0.016471244790733162 -0.0066619603002260842 -0.012629057973979032 0.0013503820340804466 0.007908522671719492 0.0023917572786007649 0.0018480287837262042 0.010090535139337402 0.017455401540387706 0.013126082271070217 -0.0036437458804623631 -0.0098037514079751305 0.0066698686901921055 -0.014546111883084103 0.0078989451703881611 -0.0027428638670883515 -0.014678144168247266 -0.014078035608874976 0.015832487662002053 0.0014597690343950223
leaf_weight=5.2982861734926692 17.20757845044136 30.210090540349483 19.643162161111835 2.9551862180233011 13.837132409214975 3.0246171355247489 15.868716388940809 18.817548751831055 18.802265211939812 20.198754280805588 13.499999940395353 271.68546790629625 41.630270726978779 7.2870336845517185 13.928637862205504 3.9405351877212516 19.183227248489857 3.0726117938756943 16.842575296759605 4.7112201303243628 3.2421547174453735 8.2564562261104566 11.3859396725893 12.862125411629677 10.132833570241926 5.3012917116284397
leaf_count=35 37 104 42 10 47 10 23 66 76 55 28 722 132 18 22 8 73 15 38 23 8 24 54 69 17 16
internal_value=0.0017168 0.00236453 0.00676277 -0.000496236 0.000778504 -0.00263075 0.00161992 0.00547632 0.000881351 -0.00536342 -0.000544494 0.00169141 0.000100325 0.0046527 0.00895753 -0.00699318 9.94045e-05 0.00293744 0.0114552 0.00275268 -0.00527076 0.00507577 -0.011594 -0.0114595 0.0111367 0.00897841
internal_weight=612.826 474.42 68.4947 138.406 115.575 61.3391 405.925 65.0288 340.897 39.001 32.3175 301.896 46.9286 54.236 27.7658 22.8305 26.4703 7.01315 32.7113 35.853 7.95337 27.8996 14.4106 15.8173 32.6417 22.5089
internal_count=1772 1279 167 493 391 231 1112 155 957 131 94 826 167 160 69 102 91 23 61 97 31 66 64 79 70 53
is_linear=0
shrinkage=0.01


Tree=199
num_leaves=17
num_cat=0
split_feature=34 69 11 72 46 13 4 52 2 18 70 37 10 6 46 54
split_gain=8.72915 10.245 19.7635 20.2243 15.2171 14.1387 11.6921 12.3377 11.7127 10.2997 10.9302 10.0109 5.55016 8.46023 11.2505 11.2384
threshold=-1.477897524833679 49.999887466430671 53.375000000000007 -1294164.3749999998 -0.94823497533798207 133088144.00000001 1528001.2500000002 0.011581094935536386 5536681.5000000009 1221.0000000000002 209946.60937500003 -2.0675485134124751 -0.00070049997884780158 -17221895167.999996 0.42625190317630773 -1.5326034426689146
decision_type=2 2 2 2 2 2 2 2 2 2 2 2 2 2 2 2
left_child=12 6 9 5 -5 -4 7 8 -2 11 -11 -3 -1 14 15 -14
right_child=1 2 3 4 -6 -7 -8 -9 -10 10 -12 -13 13 -15 -16 -17
leaf_value=0.015515496888893266 -0.001982583564377471 -2.304689140771649e-05 -0.012322350766432106 -0.016205616539210866 0.0028932231405312254 -0.00074505530320118877 -0.015119113400384628 0.017824277774558549 0.0024313744596781445 0.0013854738585858345 0.0072745295030179277 0.012558078972857838 0.010094994294544643 0.015772740791937315 0.017046900451762999 -0.014775729591654978
leaf_weight=6.7223856225609806 136.02334365621209 7.9440923482179633 18.487124785780907 4.3078490644693366 120.7903523594141 25.029836922883987 5.0492678880691519 3.9321622699499121 107.72031402215362 80.19544880092144 52.505649521946907 28.260561868548393 2.6998331248760215 4.6461884155869457 2.7628084868192682 5.3668135926127425
leaf_count=13 475 22 72 19 309 73 27 6 328 217 117 49 7 7 4 27
internal_value=0.00170073 0.00146713 0.00260721 0.000179157 0.00222755 -0.00568637 -5.15253e-05 0.000251614 -2.77719e-05 0.00502516 0.00372312 0.00976988 0.00786727 0.00448037 -0.000272079 -0.00632776
internal_weight=612.444 590.246 337.521 168.615 125.098 43.517 252.725 247.676 243.744 168.906 132.701 36.2047 22.198 15.4756 10.8295 8.06665
internal_count=1772 1714 878 473 328 145 836 809 803 405 334 71 58 45 38 34
is_linear=0
shrinkage=0.01


Tree=200
num_leaves=17
num_cat=0
split_feature=61 67 51 53 22 56 25 50 33 50 27 39 51 26 54 56
split_gain=8.66031 9.6049 10.4418 10.8672 16.5781 12.0742 8.90765 9.07981 11.1235 12.7275 10.1061 8.20258 12.4333 8.844 3.59517 2.68163
threshold=169.38391113281253 6.2982637882232675 0.031260221265256412 1.0000000180025095e-35 44077.054687500007 18.167999267578129 72487.000000000015 -0.010593718383461235 -1.4459272623062132 -0.0039615917485207311 -19213311.999999996 1.1547522544860842 0.035729460418224342 0.009285707492381336 -0.73733943700790394 1.3417867422103884
decision_type=2 2 2 2 2 2 2 2 2 2 2 2 2 2 2 2
left_child=1 2 3 5 -5 -1 7 10 14 -10 -2 12 -4 -13 -9 -8
right_child=6 -3 11 4 -6 -7 15 8 9 -11 -12 13 -14 -15 -16 -17
leaf_value=0.002409798397499096 0.012541893811503928 -0.013186910673452144 0.0080166917180162882 -0.0028387174313021495 0.010154091487534806 -0.0098391549007315789 -0.015211770276757519 0.0052436278050847496 -0.0064849737198213655 0.0037274295806159386 -0.012571205525870542 0.014650362782283965 -0.017570208790538257 0.0012928175947417085 0.013878872618751535 -0.00037193184246321636
leaf_weight=188.5288229547441 2.0707443058490753 4.9011609703302375 4.7562181949615505 123.82556559145451 10.641095668077467 8.3788647763431054 3.2668208479881278 8.2351395487785357 12.93994604051113 197.48458896577358 6.695143409073351 13.714946031570436 3.1436958461999893 8.0330909490585309 13.439388632774351 2.1673586517572403
leaf_count=549 5 28 10 400 21 51 15 22 46 499 44 21 13 21 20 7
internal_value=0.00168436 0.000705058 0.000896422 0.000384521 -0.00180309 0.0018835 0.00313523 0.00342393 0.00380398 0.00309467 -0.00652472 0.0065842 -0.00203879 0.00976246 0.0106441 -0.0094771
internal_weight=612.223 365.923 361.022 331.374 134.467 196.908 246.299 240.865 232.099 210.425 8.76589 29.648 7.89991 21.748 21.6745 5.43418
internal_count=1772 1114 1086 1021 421 600 658 636 587 545 49 65 23 42 42 22
is_linear=0
shrinkage=0.01


Tree=201
num_leaves=23
num_cat=0
split_feature=61 33 2 65 60 3 31 3 60 36 35 19 24 7 3 66 1 7 53 25 13 24
split_gain=8.49596 9.5382 9.95279 19.8404 19.4852 16.2439 10.6559 15.4823 9.22331 8.92156 13.3799 12.0087 11.2718 13.1043 11.0222 8.85687 10.9631 9.22223 7.05709 9.89402 6.06929 3.47452
threshold=169.38391113281253 1.4499821066856386 5536681.5000000009 0.22473284602165225 0.011977939866483213 -873129.99999999988 -5.6453557014465323 -2040261.4999999998 0.033063186332583434 -1.7158748507499693 -1.9561769962310789 2847.7050781250005 5.5000000000000009 3.6151272058486943 -614226.99999999988 -4.175182342529296 8482987.0000000019 3.7891554832458501 -0.36670462787151331 1.0000000180025095e-35 99497324.000000015 53.500000000000007
decision_type=2 2 2 2 2 2 2 2 2 2 2 2 2 2 2 2 2 2 2 2 2 2
left_child=1 2 3 5 -5 -1 7 -4 -8 15 12 14 -11 -14 -12 16 -2 -18 -17 -20 -13 -3
right_child=9 21 6 4 -6 -7 8 -9 -10 10 11 20 13 -15 -16 18 17 -19 19 -21 -22 -23
leaf_value=-0.01115308187472727 -0.015020619929767796 -0.014434426959985034 0.0051421698740486046 0.0050845383947044484 -0.016482351671831593 -0.0014714194409281682 0.0037007833321449825 -0.010864245014160268 -0.0094725214346419919 0.0058075064939165054 0.0083782539265793814 -0.014996352075067883 -0.014787524825150221 0.0060146920310817078 0.0023021957118466328 0.016077913484124469 -0.0050785273703272968 0.01745226513195056 0.0092174560897653832 -0.0082663827623175624 0.0016023169690093759 0.00016931280036006657
leaf_weight=22.779366336762905 3.6152139604091627 5.59039083123207 10.771775767207147 57.147090494632721 4.5030394941568366 73.858421061187983 170.02713143453002 13.61318216472864 5.446046531200408 6.6738854348659542 39.130845084786415 5.2996163517236692 12.081613563001158 3.9624306708574286 129.61421082913876 11.359087675809858 3.4978919066488743 3.6724288761615753 19.834765717387203 3.808375433087348 3.5983036160469055 2.1102097928524017
leaf_count=107 18 27 30 140 19 252 453 55 24 16 83 25 50 10 347 17 19 5 44 14 10 7
internal_value=0.00166812 0.000698138 0.000937462 -0.000931157 0.00349303 -0.00376392 0.00242241 -0.00375259 0.00328623 0.00310573 0.0021884 0.003116 -0.00502096 -0.00958763 0.00371712 0.00709797 -0.000739388 0.00632162 0.00954154 0.00635891 -0.00817149 -0.0103027
internal_weight=611.995 365.847 358.146 158.288 61.6501 96.6378 199.858 24.385 175.473 246.149 200.361 177.643 22.7179 16.044 168.745 45.7878 10.7855 7.17032 35.0022 23.6431 8.89792 7.7006
internal_count=1772 1114 1080 518 159 359 562 85 477 658 541 465 76 60 430 117 42 24 75 58 35 34
is_linear=0
shrinkage=0.01


Tree=202
num_leaves=19
num_cat=0
split_feature=34 69 11 25 6 56 21 5 39 33 24 0 65 7 10 7 55 0
split_gain=8.53557 9.8576 19.3415 19.0682 15.1421 14.9502 13.422 11.8349 11.0509 10.2263 16.0756 10.4163 11.8523 9.79409 5.40285 11.4389 6.77995 5.29248
threshold=-1.477897524833679 49.999887466430671 53.375000000000007 3112.5000000000005 -31057056767.999996 -0.1562019884586334 -35096.999999999993 13439.165039062502 0.89255020022392284 -0.58506101369857777 70.500000000000014 122971.50000000001 0.087405689060688033 4.2105693817138681 -0.00070049997884780158 2.2762039899826054 -1.0000000180025095e-35 96616.500000000015
decision_type=2 2 2 2 2 2 2 2 2 2 2 2 2 2 2 2 2 2
left_child=14 9 3 8 6 -5 -4 -6 -3 10 13 17 -13 -2 -1 -16 -17 -11
right_child=1 2 4 5 7 -7 -8 -9 -10 11 -12 12 -14 -15 15 16 -18 -19
leaf_value=0.015325762113791526 0.00035447253336117097 0.00940659276817238 0.0034073217405602824 -0.007897799825934658 -0.001137023960367778 0.0034997646963096478 -0.0092223719698357933 0.0049064668720807383 0.0026617233588565152 0.0051909335464673037 -0.014427099842130664 -0.0035835132398336447 0.016692148957810123 -0.0066855686571770734 0.013285677974588871 -0.014500858752532625 0.00408682695223298 0.015383689634745958
leaf_weight=6.6964623183012035 176.68044609576464 77.564311504364014 12.067557245492933 16.395927652716637 66.439893044531345 38.592705607414246 27.082820788025856 62.877250425517559 36.049057200551033 13.984080322086813 8.5659147799015027 19.227559894323353 3.3880696892738333 22.227806013077497 7.4969564974307996 3.4417156055569658 4.44307917356491 8.453229755163191
leaf_count=13 576 157 30 58 195 96 99 149 94 39 45 67 5 91 13 18 14 13
internal_value=0.00165228 0.00142162 0.00254088 0.00493554 0.000138374 8.31742e-05 -0.0053039 0.00179374 0.00727528 -6.84054e-05 -0.00101005 0.00424577 -0.000501779 -0.000427218 0.00776697 0.00441123 -0.00389988 0.00907561
internal_weight=611.675 589.597 337.07 168.602 168.468 54.9886 39.1504 129.317 113.613 252.527 207.474 45.0529 22.6156 198.908 22.0782 15.3818 7.88479 22.4373
internal_count=1772 1714 878 405 473 154 129 344 251 836 712 124 72 667 58 45 32 52
is_linear=0
shrinkage=0.01


Tree=203
num_leaves=18
num_cat=0
split_feature=54 42 22 49 18 55 55 14 34 72 57 33 7 18 38 49 18
split_gain=8.41344 7.82053 7.42328 11.3892 10.3461 9.10788 5.26378 5.14001 4.63067 6.57426 6.2572 4.02252 3.99241 3.31804 4.78183 2.45653 1.65379
threshold=-1.5326034426689146 0.0019445000216364863 54560.259765625007 2.253907442092896 160790.00000000003 1.1451916694641116 -0.22233347594738004 0.4775999933481217 -0.18949021399021146 -1032699.7499999999 0.90668693184852611 1.4499821066856386 2.0972207784652714 14690.000000000002 -1.4116939306259153 0.28437191247940069 1019.5000000000001
decision_type=2 2 2 2 2 2 2 2 2 2 2 2 2 2 2 2 2
left_child=6 2 4 12 5 -2 7 -1 13 10 -10 -6 -4 16 -15 -11 -8
right_child=1 -3 3 -5 11 -7 8 -9 9 15 -12 -13 -14 14 -16 -17 -18
leaf_value=0.0050017307116998599 0.00076306708940657869 -0.013318046115753619 0.019030087172634498 -0.0051121586004662803 -0.01533798810707284 0.004863754723861316 0.0068270255590539208 -0.014530311612932972 -0.013941288569880897 0.0033946645197002936 0.0016590486035957311 0.00076581826941242968 0.0078259956579225885 0.0084880412596522788 -0.0020405478831075304 0.013112062859022913 0.013276646435469296
leaf_weight=2.668415129184722 451.06481940671802 3.6623537838459006 5.1950814723968533 5.3270370960235587 5.2691733315587035 61.747773945331573 7.1622686237096813 2.6249500960111618 3.5108458250761059 6.0551901310682279 9.3164588958024961 2.0348318070173264 9.5796869024634344 12.572811558842659 6.363140508532525 5.100302517414093 12.106252267956732
leaf_count=8 1347 21 6 17 29 146 18 14 14 16 28 7 22 29 20 8 22
internal_value=0.00163666 0.00122101 0.00132143 0.00729292 0.00108871 0.00125878 0.00497192 -0.00449518 0.00579384 0.00229087 -0.00253282 -0.0107147 0.0118332 0.00796665 0.00489726 0.00792711 0.0109312
internal_weight=611.361 543.881 540.218 20.1018 520.117 512.813 67.4806 5.29337 62.1873 23.9828 12.8273 7.30401 14.7748 38.2045 18.936 11.1555 19.2685
internal_count=1772 1595 1574 45 1529 1493 177 22 155 66 42 36 28 89 49 24 40
is_linear=0
shrinkage=0.01


Tree=204
num_leaves=23
num_cat=0
split_feature=54 40 7 52 2 40 33 14 28 47 33 26 59 56 2 58 9 12 68 26 11 28
split_gain=8.29144 7.80255 13.3086 10.5752 10.651 12.5148 12.109 9.67629 16.1665 7.60948 7.16218 5.20133 8.5511 5.06984 7.6154 4.77247 2.95118 4.05072 2.76305 1.9637 1.58025 0.59218
threshold=-1.5326034426689146 2.0584422349929814 3.4650695323944096 -0.064440999180078493 1286421.5000000002 1.681881904602051 1.3383803963661196 0.64820000529289257 -439.97656249999994 -0.0364586804062128 -1.1937318444252012 0.0014571420033462348 0.84745755791664135 -0.56393158435821522 3023834.0000000005 303104.00000000006 163296000.00000003 92445676.000000015 34.415870666503913 0.0032500039087608461 54.404998779296882 -1545.8437499999998
decision_type=2 2 2 2 2 2 2 2 2 2 2 2 2 2 2 2 2 2 2 2 2 2
left_child=11 3 7 -2 6 -6 -5 10 -9 -4 -3 15 19 18 -15 20 -17 -18 -14 -13 21 -1
right_child=1 2 9 4 5 -7 -8 8 -10 -11 -12 12 13 14 -16 16 17 -19 -20 -21 -22 -23
leaf_value=0.0075313449915371125 -0.012668167415801394 0.016293672242221086 0.0022223853966290836 -0.0085212557526280954 0.0015772773550451653 -0.0078356395165534373 0.012622524425185534 0.01281817662503242 -0.0088020766916548487 -0.015152451373337001 0.0064047133044065055 -0.015762735847849381 0.002712459876170257 0.0075087094993972628 -0.013368506741194526 -0.004186570898267036 0.011042304743493577 -0.00147742611251925 0.011394452372227264 -0.0023607243472572211 0.0048865655715408154 0.012340767030158942
leaf_weight=4.6126634180545834 5.7859598174691191 9.7412710115313512 5.0323050320148468 20.167752884328369 433.21301906555891 14.569993883371351 3.0948988646268836 5.5235721319913855 9.2304536551237089 4.8858845829963666 32.628741785883904 2.8588068932294872 7.2694208770990416 3.4592972397804234 3.476690836250782 4.3358202427625647 5.8487741649150831 4.4050904363393784 8.2338522374629957 2.088764987885952 5.6159991025924674 15.075657635927202
leaf_count=12 47 16 14 91 1221 55 6 10 36 23 76 13 21 8 19 14 12 12 14 8 13 31
internal_value=0.00162094 0.00120883 0.00440624 0.000757175 0.000924205 0.00126877 -0.00566527 0.00627151 -0.000640167 -0.00623596 0.00870188 0.0049374 0.00153509 0.00419064 -0.0028119 0.00724799 0.00259934 0.00556627 0.007388 -0.0103068 0.00988873 0.0112648
internal_weight=611.155 543.874 67.0422 476.832 471.046 447.783 23.2627 57.124 14.754 9.91819 42.37 67.2808 27.3868 22.4393 6.93599 39.894 14.5897 10.2539 15.5033 4.94757 25.3043 19.6883
internal_count=1772 1595 175 1420 1373 1276 97 138 46 37 92 177 83 62 27 94 38 24 35 21 56 43
is_linear=0
shrinkage=0.01


Tree=205
num_leaves=17
num_cat=0
split_feature=34 69 11 72 47 13 43 8 35 33 24 72 65 10 7 55
split_gain=8.37584 9.56247 18.9968 19.362 14.0027 13.7558 12.1514 17.1746 10.0999 8.78166 16.1797 12.5409 6.34005 5.32913 11.2207 6.63512
threshold=-1.477897524833679 49.999887466430671 53.375000000000007 -1294164.3749999998 0.72394561767578136 133088144.00000001 7013.7150878906259 1.1854000091552737 -2.5367150306701656 -0.58506101369857777 70.500000000000014 -1170681.1874999998 -0.35843783617019648 -0.00070049997884780158 2.2762039899826054 -1.0000000180025095e-35
decision_type=2 2 2 2 2 2 2 2 2 2 2 2 2 2 2 2
left_child=13 8 6 5 -5 -4 7 -3 -2 10 -10 -11 -8 -1 -15 -16
right_child=1 2 3 4 -6 -7 12 -9 9 11 -12 -13 -14 14 15 -17
leaf_value=0.015190749874232008 -0.014173028194463408 -0.0038383524601427496 -0.012206807961668592 0.0033780110194734569 -0.0067232072093005024 -0.00077127813459443133 3.6336044150382018e-07 0.005544707637191444 -0.00010442286937788114 -0.00022424428508642969 -0.014367679900234572 0.010453873766042558 0.0085844586715222056 0.013128505812913725 -0.014441913380534669 0.0039977750646533802
leaf_weight=6.6774462386965778 4.9939122870564452 30.324144408106804 18.422069609165192 109.27104280143976 15.640479937195776 24.993141561746597 10.008158206939695 54.300403028726578 194.06666722521186 26.300341039896011 8.3002718389034253 18.687821410596371 73.542071864008904 7.4750876128673536 3.4235833883285531 4.4128409028053275
leaf_count=13 28 94 72 273 55 73 28 127 640 83 44 41 156 13 18 14
internal_value=0.00160558 0.00137723 0.00248088 9.98847e-05 0.00210521 -0.00564667 0.00485809 0.00217059 -9.0498e-05 0.000189775 -0.000694385 0.00418916 0.00756817 0.00767524 0.00433237 -0.00393056
internal_weight=610.839 588.851 336.502 168.327 124.912 43.4152 168.175 84.6245 252.349 247.355 202.367 44.9882 83.5502 21.989 15.3115 7.83642
internal_count=1772 1714 878 473 328 145 405 221 836 808 684 124 184 58 45 32
is_linear=0
shrinkage=0.01


Tree=206
num_leaves=18
num_cat=0
split_feature=34 69 11 72 25 46 46 58 4 39 2 50 71 10 6 46 56
split_gain=8.23054 9.37912 18.6406 18.9909 18.4982 14.9089 14.7818 13.9148 11.4764 10.9236 9.37814 14.9959 13.9251 5.22317 7.92392 10.8539 10.6951
threshold=-1.477897524833679 49.999887466430671 53.375000000000007 -1294164.3749999998 3112.5000000000005 -0.2268228083848953 -0.94823497533798207 -3527679.9999999995 1528001.2500000002 0.89255020022392284 5536681.5000000009 -0.008766730781644581 213502.60156250003 -0.00070049997884780158 -17221895167.999996 0.42625190317630773 -1.0338434576988218
decision_type=2 2 2 2 2 2 2 2 2 2 2 2 2 2 2 2 2
left_child=13 8 4 7 9 -6 -5 -4 10 -3 11 -2 -12 -1 15 16 -15
right_child=1 2 3 6 5 -7 -8 -9 -10 -11 12 -13 -14 14 -16 -17 -18
leaf_value=0.015057659960703016 -0.011167661995186323 0.0092518596360924386 0.0093072366179268069 -0.016124259584050359 -0.0076754506687164098 0.0035634219604329153 0.0027401211268241101 -0.007750732336813131 -0.015068047038388601 0.0025320718393949571 -0.0015700657179078634 -0.00038251922131412252 0.0056092551842870757 0.0099435110895417303 0.015246205424010725 0.016654459435213313 -0.014633449398889426
leaf_weight=6.6691427677869823 14.423051387071608 77.167093515396118 5.4211602210998526 4.2893499433994284 17.160537838935852 37.800701424479485 120.61034508794546 37.953601166605949 5.0155615024268618 35.910785868763924 48.494436636567116 123.79626934230328 60.526151832193136 2.6114054024219513 4.6175651252269718 2.7523157000541687 5.2984149008989334
leaf_count=13 78 157 10 19 60 94 309 135 27 94 167 400 164 7 7 4 27
internal_value=0.00159033 0.00136404 0.00245742 9.87207e-05 0.00481348 3.61161e-05 0.00208427 -0.0055957 -8.97255e-05 0.00712666 0.000210083 -0.00151517 0.00240658 0.00761283 0.00429793 -0.000349763 -0.00639301
internal_weight=610.518 588.569 336.314 168.274 168.039 54.9612 124.9 43.3748 252.255 113.078 247.24 138.219 109.021 21.9488 15.2797 10.6621 7.90982
internal_count=1772 1714 878 473 405 154 328 145 836 251 809 478 331 58 45 38 34
is_linear=0
shrinkage=0.01


Tree=207
num_leaves=22
num_cat=0
split_feature=26 15 16 63 23 63 54 18 11 15 52 28 67 35 69 68 25 31 40 24 59
split_gain=8.1683 12.8182 15.9338 20.1944 20.7156 16.8779 16.4591 13.3832 13.8356 11.909 11.7902 9.06626 9.64072 13.1521 13.6244 12.1634 10.7822 13.3042 12.1195 3.99622 2.76011
threshold=0.0024857127573341136 0.41725000739097601 0.5966000258922578 0.96069148182868969 17.500000000000004 1.0262792706489565 -1.0653505921363828 333.00000000000006 26.775000572204593 0.52067500352859508 -0.03064059745520353 2120.5000000000005 -2.2986534833908077 -1.3615477085113523 33.333234786987312 20.0000114440918 3449.5000000000005 -2.7394077777862544 2.0584422349929814 53.500000000000007 1.0483068823814394
decision_type=2 2 2 2 2 2 2 2 2 2 2 2 2 2 2 2 2 2 2 2 2
left_child=11 7 6 4 -4 -5 -3 -2 19 -8 -10 12 13 14 -1 -15 17 -14 -18 -9 -13
right_child=1 2 3 5 -6 -7 9 8 10 -11 -12 20 16 15 -16 -17 18 -19 -20 -21 -22
leaf_value=-0.0071106872345420759 0.013142945271542281 -0.015580008371307439 -0.0037882191768967054 0.01270550247540812 0.015239295790691934 0.001620203017185444 0.0035787661400560476 -0.015516713314755879 0.007209226552051755 0.011984472178854493 -0.0048994347900726291 -0.016469302925502655 0.01060050629455022 0.019216514974480424 0.010597276914911668 -0.0022932595114578012 -0.0015224761817028052 0.0034932091198545518 0.015329197454219979 -0.00058961771116658717 -0.00090891563222176273
leaf_weight=25.184362288564447 4.4901978969573966 3.530187025666236 110.14727598801255 15.287548586726187 6.0181410014629355 139.63980290293694 50.383193418383598 12.12771016359329 10.668415389955042 25.741144642233849 32.237183809280396 2.8532190918922415 44.871578887104988 5.4953416362404806 5.2130611538887015 4.8985612988471985 36.890345960855484 65.270197451114655 4.8223575055599204 2.2697898894548407 2.1367667466402054
leaf_count=120 9 17 377 28 10 390 131 56 32 48 113 13 92 9 11 17 112 165 7 8 7
internal_value=0.00157531 0.000771307 0.00151315 0.000353868 -0.00279386 0.00272051 0.00544606 -0.00342333 -0.0047389 0.00643426 -0.00186533 0.00324852 0.00359705 -0.00069785 -0.00404093 0.00898292 0.00475733 0.00639779 0.000401753 -0.0132329 -0.0100066
internal_weight=610.176 412.541 350.747 271.093 116.165 154.927 79.6545 61.7933 57.3031 76.1243 42.9056 197.636 192.646 40.7913 30.3974 10.3939 151.854 110.142 41.7127 14.3975 4.98999
internal_count=1772 1219 1001 805 387 418 196 218 209 179 145 553 533 157 131 26 376 257 119 64 20
is_linear=0
shrinkage=0.01


Tree=208
num_leaves=17
num_cat=0
split_feature=34 69 11 46 3 5 4 52 2 18 70 37 10 6 46 54
split_gain=8.09954 9.10961 18.1924 14.6799 14.5664 14.0253 11.2576 11.8592 11.2166 9.81766 10.1768 9.79429 5.11804 7.78174 10.6311 10.4877
threshold=-1.477897524833679 49.999887466430671 53.375000000000007 -0.76934608817100514 -522875.99999999994 13439.165039062502 1528001.2500000002 0.011581094935536386 5536681.5000000009 1221.0000000000002 209946.60937500003 -2.0675485134124751 -0.00070049997884780158 -17221895167.999996 0.42625190317630773 -1.5326034426689146
decision_type=2 2 2 2 2 2 2 2 2 2 2 2 2 2 2 2
left_child=12 6 9 4 -4 -5 7 8 -2 11 -11 -3 -1 14 15 -14
right_child=1 2 3 5 -6 -7 -8 -9 -10 10 -12 -13 13 -15 -16 -17
leaf_value=0.01492537627120488 -0.0019937123799350005 -0.00034386903617207733 0.0016861838596562637 -0.0017500813284508357 -0.015981719843362663 0.0043827087420629284 -0.014980749156018094 0.017389287584482785 0.0023301877632711495 0.0012143434456691937 0.0069233357897588044 0.012152041841510728 0.0098925902664049898 0.015103539883554786 0.016447820872639646 -0.014567510538253836
leaf_weight=6.651296071708205 135.52652439847589 7.8750808387994757 8.164307504892351 78.883665800094604 10.607347168028353 70.505101747810841 4.9829970858991137 3.9497005939483634 107.62059691175818 79.889084309339523 51.833632588386536 28.116783604025841 2.5797224491834641 4.6114671379327747 2.7490215003490448 5.2645757161080837
leaf_count=13 475 22 21 235 48 169 27 6 328 217 117 49 7 7 4 27
internal_value=0.0015605 0.00133623 0.0024147 8.44037e-05 -0.00824419 0.00113764 -9.67601e-05 0.000199346 -7.5776e-05 0.00474522 0.00346846 0.00939013 0.00754785 0.0042548 -0.000373463 -0.00639594
internal_weight=609.811 587.955 335.875 168.16 18.7717 149.389 252.08 247.097 243.147 167.715 131.723 35.9919 21.8561 15.2048 10.5933 7.8443
internal_count=1772 1714 878 473 69 404 836 809 803 405 334 71 58 45 38 34
is_linear=0
shrinkage=0.01


Tree=209
num_leaves=19
num_cat=0
split_feature=61 33 48 48 48 66 47 60 25 40 40 7 8 48 28 24 58 66
split_gain=8.07025 9.29152 9.77154 16.1184 12.4524 21.0377 11.9669 11.2612 8.37486 8.11427 15.2783 12.2689 14.4486 12.2538 6.70227 3.384 2.7169 0.805636
threshold=169.38391113281253 1.4499821066856386 -0.41948536038398737 -0.39330166578292841 -0.46196468174457544 1.7140261530876162 0.62398967146873485 0.0028142032679170374 72487.000000000015 0.99051493406295787 0.80825883150100719 2.7103769779205327 1.6021499633789065 -0.41948536038398737 -880.21874999999989 53.500000000000007 303104.00000000006 1.0000000180025095e-35
decision_type=2 2 2 2 2 2 2 2 2 2 2 2 2 2 2 2 2 2
left_child=1 2 4 -4 7 -6 -5 -1 9 10 13 12 -11 -2 -13 -3 -10 -12
right_child=8 15 3 6 5 -7 -8 -9 16 11 17 14 -14 -15 -16 -17 -18 -19
leaf_value=-0.0015476846909225188 -0.0043522858096857429 -0.014378665466041569 -0.015803552285633481 0.0014667167648236559 0.011058620943281897 -0.016400246413976489 -0.0035761910232166702 0.0078830769067406194 -0.015553810105252917 -0.0033154904487079266 -0.0083419661384403834 0.0011359436960802158 0.011319902234542259 0.0036896834472043513 0.011601822340915684 1.9935914289784938e-05 -0.00074325558485449086 -0.01716301096770572
leaf_weight=47.343406114727259 21.822853341698647 5.5570265203714362 6.4366489499807349 190.73938154429197 30.175095789134502 3.0470420569181433 62.437117427587509 17.24384631216526 3.05590496957302 21.312501266598705 2.289106134325265 7.7665553502738467 9.8433928936719877 139.29264703392982 33.215531334280968 2.1160367727279663 2.3324526846408844 3.5365814417600632
leaf_count=165 73 27 28 553 63 13 220 38 14 67 10 25 17 365 64 7 8 15
internal_value=0.00154558 0.000600598 0.000836926 -0.000174291 0.0035312 0.00851007 0.00021911 0.000954707 0.00295277 0.00323374 0.00201372 0.00604325 0.00127632 0.0025942 0.00964282 -0.0102776 -0.00932837 -0.0138686
internal_weight=609.563 365.096 357.423 259.613 97.8094 33.2221 253.176 64.5873 244.468 239.079 166.941 72.138 31.1559 161.116 40.9821 7.67306 5.38836 5.82569
internal_count=1772 1114 1080 801 279 76 773 203 658 636 463 173 84 438 89 34 22 25
is_linear=0
shrinkage=0.01


Tree=210
num_leaves=18
num_cat=0
split_feature=34 69 11 72 25 56 46 58 4 43 47 27 61 42 6 46 54
split_gain=7.98769 8.93407 17.7794 18.4099 17.726 14.6169 14.2646 13.6149 11.0646 11.9987 12.7688 11.7139 9.44998 5.00573 7.62504 10.4324 10.3258
threshold=-1.477897524833679 49.999887466430671 53.375000000000007 -1294164.3749999998 3112.5000000000005 -0.1562019884586334 -0.94823497533798207 -3527679.9999999995 1528001.2500000002 697324.71875000012 0.64632666110992443 3390464.0000000005 162.2011413574219 -0.00070049997884780158 -17221895167.999996 0.42625190317630773 -1.5326034426689146
decision_type=2 2 2 2 2 2 2 2 2 2 2 2 2 2 2 2 2
left_child=13 8 4 7 12 -6 -5 -4 9 11 -11 -2 -3 -1 15 16 -15
right_child=1 2 3 6 5 -7 -8 -9 -10 10 -12 -13 -14 14 -16 -17 -18
leaf_value=0.014785894219418538 -0.0020822786797493322 0.0040317741761654322 0.0092110997238085517 -0.015943051948177144 -0.0078968693751593402 0.0033841344413746981 0.0026692321866314895 -0.0076776815612441679 -0.014908007537884854 0.00089277466199204575 0.01001693006550042 0.0072959137227685128 0.0098679023311397402 0.0098514174163475098 0.014962800211163181 0.016277864707443426 -0.014500283625435349
leaf_weight=6.6409989967942264 156.68967344611883 56.403134554624557 5.4110963791608802 4.2508237063884726 16.357418328523636 38.563079312443733 120.53613376617432 37.855284377932549 4.9557931125164023 54.335379049181938 21.533266112208366 14.521185368299482 56.208524316549301 2.5604964792728424 4.6034270375966999 2.7474032342433929 5.2357109822332859
leaf_count=13 550 138 10 19 58 96 309 135 27 174 51 34 113 7 7 4 27
internal_value=0.00153044 0.00130792 0.00237664 7.24125e-05 0.00468206 6.01322e-06 0.0020272 -0.00554238 -0.000111099 0.000181643 0.0034956 -0.00128103 0.00695368 0.00748578 0.00421912 -0.000376808 -0.00637422
internal_weight=609.409 587.621 335.585 168.053 167.532 54.9205 124.787 43.2664 252.035 247.08 75.8686 171.211 112.612 21.788 15.147 10.5436 7.79621
internal_count=1772 1714 878 473 405 154 328 145 836 809 225 584 251 58 45 38 34
is_linear=0
shrinkage=0.01


Tree=211
num_leaves=23
num_cat=0
split_feature=26 62 14 63 23 62 54 59 70 46 8 14 58 50 58 31 2 44 39 58 11 69
split_gain=7.92541 12.7873 15.8709 19.6507 20.1473 16.4633 16.1438 13.3413 11.824 13.4068 11.4879 11.2308 9.64015 8.68499 10.2279 11.9802 9.29323 9.12277 9.72097 8.7023 8.49041 5.47626
threshold=0.0024857127573341136 0.41492848098278051 0.59657502174377453 0.96069148182868969 17.500000000000004 1.0213699340820315 -1.0653505921363828 2.1611951589584355 486649.12500000006 2.2791630029678349 1.4681499600410464 0.52062499523162853 -1443327.9999999998 -0.010593718383461235 -591871.99999999988 -3.5474936962127681 42563072.000000007 165536.17968750003 -1.3039312958717344 -1055743.9999999998 71.569999694824233 7.5636932849884042
decision_type=2 2 2 2 2 2 2 2 2 2 2 2 2 2 2 2 2 2 2 2 2 2
left_child=13 7 6 4 -4 -5 -3 8 9 -2 12 -8 -9 16 15 21 -1 18 -16 -17 -19 -15
right_child=1 2 3 5 -6 -7 11 10 -10 -11 -12 -13 -14 14 17 19 -18 20 -20 -21 -22 -23
leaf_value=-0.012298123484472845 -0.013135322788818975 -0.01548159036131232 -0.0037795263248636946 0.012507317936827808 0.014985436916126039 0.0015579265905577067 0.0035930172149120383 -0.016014417734168517 0.0051127640130471533 0.011661865965652121 0.01369953972844512 0.011763949311933884 0.00097359337662106347 0.0031856202863362014 -0.015528988304300486 -4.0692981477246971e-05 0.011962690241611814 0.0085513552415997143 0.00090030111481948351 0.011364839807408673 -0.003831719550459532 0.013829025610580277
leaf_weight=6.6967960223555547 23.677035093307502 3.5109194740653029 109.97981463745236 15.284804597496985 6.017944023013114 139.57214939966798 50.139665201306343 3.9784663543105188 5.5532951951026908 2.3586511164903632 5.9708722382783881 25.74920117855072 20.356791354715824 6.4376544803380993 3.7607924640178672 25.960963666439056 2.0277644246816635 28.986017100512981 84.191230170428753 8.9320653825998289 6.7211293727159491 23.167200028896332
leaf_count=50 105 17 377 28 10 390 130 20 14 5 10 48 65 18 17 75 5 62 246 16 22 42
internal_value=0.00151616 0.000724575 0.00146703 0.000310591 -0.00279738 0.00264512 0.00539939 -0.00346072 -0.00801249 -0.0108505 0.00125072 0.0063786 -0.00176261 0.00316817 0.00362386 0.00685825 -0.0065448 0.00192879 0.000186422 0.00285028 0.00619249 0.0115484
internal_weight=609.031 412.15 350.254 270.855 115.998 154.857 79.3998 61.8951 31.589 26.0357 30.3061 75.8889 24.3353 196.882 188.157 64.4979 8.72456 123.659 87.952 34.893 35.7071 29.6049
internal_count=1772 1219 1000 805 387 418 195 219 124 110 95 178 85 553 498 151 55 347 263 91 84 60
is_linear=0
shrinkage=0.01


Tree=212
num_leaves=14
num_cat=0
split_feature=34 52 59 51 58 52 50 58 11 10 7 61 10
split_gain=7.87718 8.12781 14.8196 10.3454 10.2629 12.5488 11.3041 6.2047 6.98445 4.90321 10.4817 7.44669 3.44476
threshold=-1.477897524833679 0.049843475222587592 2.4817136526107793 0.035729460418224342 -4104831.9999999995 0.02086737006902695 -0.012658933643251656 5341440.0000000009 58.80999946594239 -0.00070049997884780158 2.2762039899826054 206.94745635986331 1.0000000180025095e-35
decision_type=2 2 2 2 2 2 2 2 2 2 2 2 2
left_child=9 3 -3 4 6 -6 -2 8 -5 -1 -11 -12 -4
right_child=1 2 12 7 5 -7 -8 -9 -10 10 11 -13 -14
leaf_value=0.014664935997167915 -0.0051593536606236844 -0.015652364559044962 -0.0021233235796010788 0.012347901803945462 0.0014038311009570825 -0.0038169672307477409 0.0095465114890473865 0.018253611852392972 -0.0026338385976831516 0.012694636965853948 -0.014057386555716825 0.005555966411798079 0.011029219023494116
leaf_weight=6.6191096529364613 6.4140617921948424 7.7579044252634031 4.2594189643859863 6.3724429309368151 469.94473469257355 50.958871513605118 26.532020255923271 5.2272043228149405 5.9103124737739563 7.4141673892736417 3.7519839257001877 3.9117406979203224 3.5866309851408005
leaf_count=13 33 38 13 10 1378 158 53 6 17 13 19 13 8
internal_value=0.001502 0.00128122 -0.00582647 0.00147708 0.00123573 0.000891172 0.00665317 0.00905398 0.00505746 0.00742865 0.00418564 -0.0039158 0.00376159
internal_weight=608.661 586.964 15.604 571.36 553.85 520.904 32.9461 17.51 12.2828 21.697 15.0779 7.66372 7.84605
internal_count=1772 1714 59 1655 1622 1536 86 33 27 58 45 32 21
is_linear=0
shrinkage=0.01


Tree=213
num_leaves=29
num_cat=0
split_feature=67 68 11 13 11 13 6 18 51 24 24 65 33 48 40 41 43 26 42 26 56 46 68 45 33 66 55 58
split_gain=7.79206 14.2704 11.8434 11.1633 21.3062 15.9508 18.8694 15.5727 11.4564 11.1332 14.6311 14.6591 13.1487 11.7619 11.0457 9.70343 8.95708 8.92297 7.42006 6.35702 9.27607 7.28967 4.92199 4.82503 3.68672 4.12188 3.4305 0.657369
threshold=-2.2986534833908077 25.6349630355835 38.375000000000007 125488684.00000001 51.329999923706062 105356548.00000001 -23435692031.999996 33526.000000000007 -0.025336735881865021 34.500000000000007 12.500000000000002 -1.1366977691650388 -0.56382009387016285 -0.45644378662109369 -0.22196793556213376 1.6535952091217043 111767.02734375001 0.010714277625083925 -0.00048757500189822162 0.002742857788689435 7.0385925769805917 0.10984924063086511 19.999964714050297 -0.4693330824375152 -0.96026915311813343 -1.0825827717781065 -0.098053172230720506 -3013631.9999999995
decision_type=2 2 2 2 2 2 2 2 2 2 2 2 2 2 2 2 2 2 2 2 2 2 2 2 2 2 2 2
left_child=9 2 24 5 18 8 -7 -6 -3 10 11 12 -1 17 -15 23 -17 -12 -5 21 -21 -4 -13 -11 25 -2 -26 -25
right_child=1 3 19 4 7 6 -8 -9 -10 15 13 22 -14 14 -16 16 -18 -19 -20 20 -22 -23 -24 27 26 -27 -28 -29
leaf_value=-0.0021055380025971639 0 -0.014894440450669504 0.0080830129377414406 0.015883328710834616 -0.0064812598017953285 -0.012803682144230031 0.011058528212750897 0.007629561418939672 0.0014370285835402883 0.0038953930049501844 -0.014206673423271079 0 0.013289651535842573 -0.00060303723163571132 0.0097451059909702507 0.012808652193220265 -0.010052443787650623 0.0089428545969534815 0.0061798896296747629 -0.014526035894530824 0.0074043574765874131 -0.00317346395686194 -0.014583578216197846 -0.0056462317264321105 0.019007867455800239 0.010817709361516926 0.0088453721523483516 -0.014206682946316287
leaf_weight=40.33143363520503 5.1935628950595882 4.345370151102542 18.943105995655063 15.747955545783041 18.669692426919937 16.214324444532398 4.1211803406476966 13.442553445696829 315.05219524353743 1.7256949171423919 5.3231599107384673 2.991893306374549 6.4324743598699561 15.124330714344977 31.291357725858688 3.9054361730813971 3.020644448697567 2.3678709045052528 16.730046153068542 4.6892838180065146 3.210233137011528 8.1106335967779142 11.293571427464483 1.4045093432068831 8.1742405444383603 11.789211392402651 6.4449774175882331 12.444519221782683
leaf_count=155 16 23 42 23 66 65 7 28 862 6 27 10 12 53 74 8 15 6 38 23 8 24 54 8 11 28 15 65
internal_value=0.0014873 0.0020996 0.00639457 0.00139014 0.00520322 0.00066225 -0.00791861 -0.000543168 0.00121171 -0.000599906 0.000649237 -0.00269625 0 0.00444248 0.00635167 -0.00703729 0.00269395 -0.00694951 0.0109157 0.00234689 -0.0054873 0.00467139 -0.0115621 -0.011429 0.0108398 0.0075475 0.0145961 -0.0134107
internal_weight=608.535 470.879 66.5552 404.323 64.5902 339.733 20.3355 32.1122 319.398 137.657 115.156 61.0494 46.7639 54.1067 46.4157 22.5008 6.92608 7.69103 32.478 34.9533 7.89952 27.0537 14.2855 15.5747 31.602 16.9828 14.6192 13.849
internal_count=1772 1279 167 1112 155 957 72 94 885 493 391 231 167 160 127 102 23 33 61 97 31 66 64 79 70 44 26 73
is_linear=0
shrinkage=0.01


Tree=214
num_leaves=21
num_cat=0
split_feature=26 62 16 15 31 54 18 47 10 15 70 50 58 31 2 44 67 39 58 67
split_gain=7.6974 12.5587 15.5079 18.8129 22.995 15.778 13.1165 14.6014 17.9218 10.9831 9.03118 8.5062 9.98751 11.8665 9.03802 8.95286 11.8597 9.53032 8.53106 5.41526
threshold=0.0024857127573341136 0.41492848098278051 0.5966000258922578 0.91087502241134655 -5.9138536453247061 -1.0653505921363828 333.00000000000006 -2.2426565885543819 0.00021034499513916674 0.52067500352859508 1.0000000180025095e-35 -0.010593718383461235 -591871.99999999988 -3.5474936962127681 42563072.000000007 165536.17968750003 4.8788218498229989 -1.3039312958717344 -1055743.9999999998 -2.2986534833908077
decision_type=2 2 2 2 2 2 2 2 2 2 2 2 2 2 2 2 2 2 2 2
left_child=11 6 5 4 -4 -3 -2 -8 -9 -7 -5 14 13 19 -1 17 -17 -14 -15 -13
right_child=1 2 3 10 -6 9 7 8 -10 -11 -12 12 15 18 -16 16 -18 -19 -20 -21
leaf_value=-0.012261262421190123 0.012945394967275177 -0.015391933518927137 -0.013898889969723854 0.011066053908146275 -0.00099929405366237854 0.0035265996792012717 0.010102509685619902 -0.0090131508591745624 0.0072858496118419578 0.011606723926780924 0.0017187997423596304 0.0034380380826747872 -0.015445801980419727 -9.435798819276391e-05 0.01171001609250959 0.0089767347694603913 -0.0054862110453238501 0.00086031014426382851 0.011214488487623693 0.013822091132478138
leaf_weight=6.6349880695343 4.4867922067642203 3.4896109402179709 16.529686480760574 11.124606013298033 85.673614822328091 50.143126428127289 5.877020299434661 43.466370262205601 7.9172165840864173 25.753272101283073 157.36675953119993 6.8133407309651401 3.742552936077117 25.895785771310329 2.0222602188587189 28.609370186924934 6.980129823088645 84.108295723795891 8.9062941968440992 22.582359120249748
leaf_count=50 9 17 73 22 273 130 12 177 21 48 437 20 17 75 5 61 23 246 16 40
internal_value=0.00147344 0.000693577 0.001429 0.000285303 -0.00309537 0.00531623 -0.00345973 -0.00476266 -0.00648233 0.00628153 0.00234189 0.00310451 0.0035551 0.0067603 -0.00654626 0.00188007 0.00611203 0.000154267 0.00277099 0.0114493
internal_weight=608.123 411.828 350.081 270.695 102.203 79.386 61.7474 57.2606 51.3836 75.8964 168.491 196.295 187.638 64.1978 8.65725 123.44 35.5895 87.8508 34.8021 29.3957
internal_count=1772 1219 1000 805 346 195 219 210 198 178 459 553 498 151 55 347 84 263 91 60
is_linear=0
shrinkage=0.01


Tree=215
num_leaves=17
num_cat=0
split_feature=34 69 11 72 25 56 57 10 4 43 27 39 14 10 7 50
split_gain=7.73206 8.58752 16.9983 17.6804 17.2116 14.2732 13.5959 12.7184 10.81 11.6441 11.3816 10.5849 10.5265 4.76966 10.3215 6.1543
threshold=-1.477897524833679 49.999887466430671 53.375000000000007 -1294164.3749999998 3112.5000000000005 -0.1562019884586334 0.6976856291294099 -0.00042554001265671099 1528001.2500000002 697324.71875000012 3390464.0000000005 0.89255020022392284 1.794999957084656 -0.00070049997884780158 2.2762039899826054 -0.0053773601539432994
decision_type=2 2 2 2 2 2 2 2 2 2 2 2 2 2 2 2
left_child=13 8 4 6 11 -6 -4 -5 9 10 -2 -3 -11 -1 -15 -16
right_child=1 2 3 7 5 -7 -8 -9 -10 12 -12 -13 -14 14 15 -17
leaf_value=0.014502799585388778 -0.0020951718802394129 0.0089035379591819643 0.0053212363386894689 0.0072436015700513365 -0.007871555266105567 0.0032833586403493904 -0.0083891729918012317 1.3283164307917462e-05 -0.014830708484236241 0.0046753679373818099 0.0071651478533229134 0.0022554433603418629 -0.0075316335745076327 0.012582094536984983 -0.013856985294600149 0.0040979845422893955
leaf_weight=6.5865807533264187 156.39726565033197 76.37488628923893 9.0909646898508054 33.298860684037209 16.329231962561607 38.547105446457863 34.031833842396736 91.348480597138405 4.919430010020732 68.013512875884771 14.466786444187163 35.546412482857704 7.8260769844055167 7.3927122354507429 3.4601184390485296 4.1365619003772727
leaf_count=13 550 157 21 71 58 96 124 257 27 196 34 94 29 13 19 13
internal_value=0.00145962 0.00124117 0.00229102 3.75115e-05 0.00455167 -1.77213e-05 -0.00547561 0.00195285 -0.000150765 0.000137909 -0.00130526 0.00680103 0.00340251 0.00734819 0.00413763 -0.00394847
internal_weight=607.767 586.191 334.568 167.77 166.798 54.8763 43.1228 124.647 251.623 246.704 170.864 111.921 75.8396 21.576 14.9894 7.59668
internal_count=1772 1714 878 473 405 154 145 328 836 809 584 251 225 58 45 32
is_linear=0
shrinkage=0.01


Tree=216
num_leaves=16
num_cat=0
split_feature=34 69 27 22 18 14 15 4 52 43 25 1 10 7 55
split_gain=7.60156 8.42344 16.8073 14.2536 13.0649 11.3565 16.2637 10.653 11.5422 12.3279 10.2421 10.0942 4.67679 10.1315 6.03872
threshold=-1.477897524833679 49.999887466430671 1427456.0000000002 22036.629882812504 4902.0000000000009 0.59657502174377453 0.91087502241134655 1528001.2500000002 0.011581094935536386 697324.71875000012 2030.0000000000002 20274419.000000004 -0.00070049997884780158 2.2762039899826054 -1.0000000180025095e-35
decision_type=2 2 2 2 2 2 2 2 2 2 2 2 2 2 2
left_child=12 7 5 4 -4 10 -7 8 9 -2 -3 -5 -1 -14 -15
right_child=1 2 3 11 -6 6 -8 -9 -10 -11 -12 -13 13 14 -16
leaf_value=0.014381408327675812 -0.0016433404021621663 0.0081620362937779092 0.0014222341955303175 0.0012615179689429107 -0.0072362272365170668 -0.0038368987470327682 0.0042201888674634749 -0.014762549568577277 0.01707276640493845 0.0032378487469690216 0.0016137052884197063 0.013915444368655147 0.012476085273383938 -0.014118673691076031 0.0037655278935153696
leaf_weight=6.5758091807365444 167.94482411816716 76.285022422671318 29.852166473865509 29.427411064505577 41.320044830441475 37.032131925225258 76.981647595763206 4.8928549438714972 3.9603077322244635 74.755603350698948 35.378161460161209 8.1039291769266111 7.3810310959815961 3.3101341240108022 4.2618277817964545
leaf_count=13 580 161 84 79 149 115 183 27 6 223 94 13 13 18 14
internal_value=0.00144581 0.00122933 0.00226947 -0.000953524 -0.00359051 0.00382635 0.00159444 -0.000149315 0.000136504 -0.000135736 0.00609629 0.00402045 0.00729112 0.00410618 -0.00392061
internal_weight=607.463 585.934 334.381 108.704 71.1722 225.677 114.014 251.554 246.661 242.7 111.663 37.5313 21.5288 14.953 7.57196
internal_count=1772 1714 878 325 233 553 298 836 809 803 255 92 58 45 32
is_linear=0
shrinkage=0.01


Tree=217
num_leaves=17
num_cat=0
split_feature=12 28 26 60 22 53 18 46 26 36 53 40 0 14 11 9
split_gain=7.57577 12.6656 11.6876 9.80845 7.90623 11.2917 10.6575 12.7394 9.59846 7.1314 7.01365 5.75704 3.2859 2.52833 5.39134 0.190984
threshold=115309140.00000001 -77.781249999999986 0.002742857788689435 0.033063186332583434 44077.054687500007 -3.0576760536860088e-06 86899.500000000015 0.29825630784034735 0.0014571420033462348 -1.3491958975791929 -0.10450282692909239 0.30076718330383306 34694.500000000007 0.4171499907970429 29.784999847412113 336999200.00000006
decision_type=2 2 2 2 2 2 2 2 2 2 2 2 2 2 2 2
left_child=3 13 11 4 6 10 8 -8 -1 -7 -6 -3 -5 14 -2 -16
right_child=1 2 -4 12 5 9 7 -9 -10 -11 -12 -13 -14 -15 15 -17
leaf_value=0.0045688689694477636 -0.00020497750015884082 0.011461458551907652 -0.014813320245976041 0 -0.01529225905671453 0.017855234802113647 0.0017514593078770677 -0.014166021728667422 0.00072391939507072717 0.0058209858465341898 0.0061615418358303775 -0.0049415316964029664 -0.015341117947294614 0.018402029929672908 0.011017122166378731 0.015154403868378208
leaf_weight=76.431298919022083 4.1006314828991917 5.5817035883665067 4.3305514305829993 2.0924909189343444 3.5310269519686699 6.7911545038223293 9.9649050235748309 9.9522428140044195 439.1749010682106 19.659349963068962 2.599545642733573 3.3687047734856606 4.7379862517118454 4.2902032136917105 5.5816990807652456 4.9981373995542526
leaf_count=205 19 11 21 8 17 8 30 50 1292 45 6 12 23 5 12 8
internal_value=0.00143209 0.00615547 -0.00126662 0.00116539 0.00131017 0.00609907 0.00101695 -0.00615201 0.00129582 0.00894858 -0.00603209 0.00517607 -0.0107306 0.0114042 0.00929109 0.0130662
internal_weight=607.187 32.2516 13.281 574.935 568.104 32.5811 535.523 19.9171 515.606 26.4505 6.13057 8.95041 6.83048 18.9707 14.6805 10.5798
internal_count=1772 88 44 1684 1653 76 1577 80 1497 53 23 23 31 44 39 20
is_linear=0
shrinkage=0.01


Tree=218
num_leaves=13
num_cat=0
split_feature=51 12 28 26 60 58 72 50 20 6 55 71
split_gain=7.4757 9.63897 13.8858 12.0465 8.79619 8.46416 10.6193 9.38924 7.48985 2.65852 1.40366 1.68123
threshold=-0.038843464106321328 115309140.00000001 -77.781249999999986 0.002742857788689435 0.033063186332583434 -4104831.9999999995 -1287230.1874999998 -0.012658933643251656 326.15499877929693 -10699756031.999998 4.5020590277999881e-06 314513.21875000006
decision_type=2 2 2 2 2 2 2 2 2 2 2 2
left_child=8 4 10 -4 5 7 -7 -2 -1 -6 11 -3
right_child=1 2 3 -5 9 6 -8 -9 -10 -11 -12 -13
leaf_value=0.0063199544017887412 -0.0051977452261864829 0.014052575864979011 0.0058658849976099825 -0.014834212925388191 -0.015773096940961143 -0.00040962729117874076 0.0024337483529344997 0.0088734438373485602 -0.011633352732877021 -0.0018345614554527345 0.017552905356295362 0.006265050210520328
leaf_weight=3.1547780036926261 5.6708168163895598 7.2710217982530647 8.5555076301097852 4.1781227588653556 3.8092564046382904 246.40766297280788 280.04797664284706 26.703684285283089 8.2565384507179242 2.4096571356058112 5.0494657754898062 5.4850973933935165
leaf_count=12 22 13 19 20 17 747 764 53 76 9 6 14
internal_value=0.00141824 0.00157321 0.00705258 -0.00084764 0.0012753 0.00140849 0.00110101 0.0063778 -0.00658234 -0.0105331 0.0127586 0.0107824
internal_weight=607 595.588 30.5392 12.7336 565.049 558.83 526.456 32.3745 11.4113 6.21891 17.8056 12.7561
internal_count=1772 1684 72 39 1612 1586 1511 75 88 26 33 27
is_linear=0
shrinkage=0.01


Tree=219
num_leaves=16
num_cat=0
split_feature=34 69 11 25 46 5 1 40 4 52 43 39 45 59 24
split_gain=7.45732 8.24673 16.6266 16.667 14.4177 14.0483 13.6701 13.4934 10.4911 11.3102 12.0603 10.4102 4.09106 3.07705 2.23613
threshold=-1.477897524833679 49.999887466430671 53.375000000000007 3112.5000000000005 -0.2268228083848953 6324.5400390625009 3027792.0000000005 1.2327687144279482 1528001.2500000002 0.011581094935536386 697324.71875000012 0.89255020022392284 -0.31987574696540827 1.3934973478317263 7.5000000000000009
decision_type=2 2 2 2 2 2 2 2 2 2 2 2 2 2 2
left_child=12 8 3 11 -5 7 -7 -4 9 10 -2 -3 -1 14 -14
right_child=1 2 5 4 -6 6 -8 -9 -10 -11 -12 -13 13 -15 -16
leaf_value=-0.0017885848500413561 -0.0016527516135757731 0.0087711343998951447 -0.0060652188866237126 -0.0076657676705782886 0.0034002671954601409 0.0081458627436908401 -0.00025572248280435173 0.0019821961300267085 -0.0147202595838337 0.016860059173577975 0.003174898513995654 0.0021667153791643098 0.0063161222179835032 0.00069576425576214061 0.014859733608783931
leaf_weight=3.9407367333769825 167.85182803869247 76.044960558414459 51.533423148095608 17.113795652985573 37.7245924025774 31.432393416762352 49.880568981170654 34.733037516474724 4.8631211556494227 3.9670803248882285 74.781718757003546 35.43705590069294 5.7364979386329678 3.5656959116458884 8.1999973431229574
leaf_count=15 580 157 173 60 94 64 143 93 27 6 223 94 16 12 15
internal_value=0.0014045 0.00119028 0.00222055 0.00446046 -3.49516e-05 0 0.0029797 -0.00281354 -0.000173759 0.000109052 -0.000160707 0.00668074 0.00720586 0.00928816 0.0114148
internal_weight=606.807 585.364 333.9 166.32 54.8384 167.579 81.313 86.2665 251.464 246.601 242.634 111.482 21.4429 17.5022 13.9365
internal_count=1772 1714 878 405 154 473 207 266 836 809 803 251 58 43 31
is_linear=0
shrinkage=0.01


Tree=220
num_leaves=16
num_cat=0
split_feature=34 69 11 25 46 46 3 5 4 52 43 39 10 7 50
split_gain=7.31975 8.08848 16.3151 16.3639 14.1408 14.0289 14.0989 13.2741 10.3399 11.0685 11.8179 10.2351 4.54061 9.92791 5.93699
threshold=-1.477897524833679 49.999887466430671 53.375000000000007 3112.5000000000005 -0.2268228083848953 -0.76934608817100514 -522875.99999999994 13439.165039062502 1528001.2500000002 0.011581094935536386 697324.71875000012 0.89255020022392284 -0.00070049997884780158 2.2762039899826054 -0.0053773601539432994
decision_type=2 2 2 2 2 2 2 2 2 2 2 2 2 2 2
left_child=12 8 3 11 -5 6 -4 -7 9 10 -2 -3 -1 -14 -15
right_child=1 2 5 4 -6 7 -8 -9 -10 -11 -12 -13 13 14 -16
leaf_value=0.014142507623929499 -0.0016367518169144166 0.0086967761524452871 0.0015887554032049487 -0.0075971963441835849 0.0033658370123741594 -0.0017919872909421849 -0.015835224777061487 0.0041846817857986648 -0.014653886968624429 0.016666515114156146 0.0031415045138122599 0.0021456045487762971 0.01229826458821544 -0.013763327365616208 0.0039478357319268865
leaf_weight=6.5470627844333675 167.79798217117786 75.928784981369972 8.1454488486051577 17.095671102404594 37.729359939694405 78.619374126195908 10.515217632055281 70.264058299362659 4.8364303298294535 3.9729872196912757 74.820680201053619 35.42791286110878 7.3447645902633649 3.425001237541438 4.1037011146545401
leaf_count=13 580 157 21 60 94 235 48 169 27 6 223 94 13 19 13
internal_value=0.00139104 0.00117882 0.00219953 0.00441963 -3.44422e-05 0 -0.00817601 0.00102193 -0.000172021 0.000107959 -0.000159073 0.00662151 0.0071418 0.00399296 -0.0039766
internal_weight=606.574 585.154 333.726 166.182 54.825 167.544 18.6607 148.883 251.428 246.592 242.619 111.357 21.4205 14.8735 7.5287
internal_count=1772 1714 878 405 154 473 69 404 836 809 803 251 58 45 32
is_linear=0
shrinkage=0.01


Tree=221
num_leaves=21
num_cat=0
split_feature=26 62 16 63 31 62 54 18 47 42 15 28 67 35 69 25 31 40 66 57
split_gain=7.46011 12.1074 15.1181 18.4395 17.768 15.9999 15.417 12.7259 14.1922 17.5092 10.7175 8.70703 9.00392 12.7761 12.5479 9.78772 12.1372 11.5476 5.6576 2.74605
threshold=0.0024857127573341136 0.41492848098278051 0.5966000258922578 0.96069148182868969 -6.5276892185211173 1.0213699340820315 -1.0653505921363828 333.00000000000006 -2.2426565885543819 0.00021034499513916674 0.52067500352859508 2120.5000000000005 -2.2986534833908077 -1.3615477085113523 33.333234786987312 2030.0000000000002 -2.7394077777862544 2.0584422349929814 -2.9386223554611202 1.1363618373870852
decision_type=2 2 2 2 2 2 2 2 2 2 2 2 2 2 2 2 2 2 2 2
left_child=11 7 6 4 -4 -5 -3 -2 -9 -10 -8 12 13 14 -1 16 -14 -17 -15 -13
right_child=1 2 3 5 -6 -7 10 8 9 -11 -12 19 15 18 -16 17 -18 -19 -20 -21
leaf_value=-0.0070972082154703879 0.012664372353198353 -0.015343858855832719 -0.013289008849097308 0.012186525790145706 -0.0013354676428804632 0.0013909794975003914 0.0034024340173037051 0.0098922279565908308 -0.0089803510457591423 0.007135603732259712 0.011386523649725065 -0.01646382699439328 0.010258263561363024 0.016663906415613293 0.010113248590076436 -0.0013862512644502718 0.003328268824610096 0.015048013000454186 0.0016366582920510487 -0.00089640650582319993
leaf_weight=24.960320152342323 4.4945434778928748 3.474776402115821 14.224077977240084 15.279610008001326 101.40763727575541 139.46360226348042 50.120055057108402 5.8720100075006476 43.241893671452999 7.9166739881038657 25.737062484025955 2.8502844274044028 42.391981735825539 4.8123889714479446 5.0613586604595175 38.320308491587639 64.161402232944965 4.8083954602479926 5.5709769576787931 2.1178932189941406
leaf_count=120 9 17 63 28 324 390 130 12 177 21 48 13 90 9 11 116 163 7 17 7
internal_value=0.00137783 0.000610813 0.00133259 0.000202481 -0.00281454 0.00246341 0.00517156 -0.00347548 -0.00476499 -0.0064669 0.00612449 0.00298979 0.00333531 -0.000832837 -0.00416239 0.00446713 0.00609473 0.000422809 0.00869766 -0.0100288
internal_weight=606.287 411.232 349.707 270.375 115.632 154.743 79.3319 61.5251 57.0306 51.1586 75.8571 195.055 190.087 40.405 30.0217 149.682 106.553 43.1287 10.3834 4.96818
internal_count=1772 1219 1000 805 387 418 195 219 210 198 178 553 533 157 131 376 253 123 26 20
is_linear=0
shrinkage=0.01


Tree=222
num_leaves=21
num_cat=0
split_feature=26 62 14 15 31 69 54 8 62 65 21 14 66 28 50 2 58 31 45 57
split_gain=7.3282 11.8741 14.8156 17.7127 22.1838 15.5882 15.2064 12.5852 10.9181 12.8866 12.858 9.9961 9.88416 8.55299 8.87969 8.58157 8.01193 11.3116 7.24996 2.7076
threshold=0.0024857127573341136 0.41492848098278051 0.59657502174377453 0.91087502241134655 -5.9138536453247061 15.707335948944094 -0.73733943700790394 1.4681499600410464 0.33777774870395666 -1.6496829390525816 -341.49999999999994 0.52062499523162853 1.115656912326813 2120.5000000000005 -0.010593718383461235 42563072.000000007 -591871.99999999988 -3.5474936962127681 -0.56262454390525807 1.1363618373870852
decision_type=2 2 2 2 2 2 2 2 2 2 2 2 2 2 2 2 2 2 2 2
left_child=13 7 6 4 -4 -5 12 8 9 -2 -10 -8 -3 14 15 -1 17 -16 -18 -15
right_child=1 2 3 5 -6 -7 11 -9 10 -11 -12 -13 -14 19 16 -17 18 -19 -20 -21
leaf_value=-0.012221310044743043 0.010385028274880984 -0.015843831345317763 -0.013742001280880831 -0.0056282417499960999 -0.0010296647650769038 0.0033805663451087898 0.0039735288722183145 0.0078886603022232382 -0.014086072882629941 -0.0049718702618881385 0.0036856504245538807 0.012037200465733247 0.0083340343567403306 -0.016362255319072785 0.011289353141950367 0.011321814810805438 -0.011181882912636583 0.0026605555871280729 0.0027124347272646007 -0.00088756136299988659
leaf_weight=6.5444781146943551 7.2684204503893879 5.3115290254354468 16.405826028436422 22.036933958530426 85.530563279986382 146.3453501239419 48.705541282892227 8.3898634165525419 18.841224223375324 21.860187917947769 5.087733067572116 22.896903321146965 2.4204757064580917 2.8393530398607245 28.880372300744057 1.9868568480014799 3.8564269244670859 32.866808973252773 115.69690334796906 2.1176110804080963
leaf_count=50 19 25 73 84 273 375 124 19 83 83 15 41 5 13 60 5 19 86 313 7
internal_value=0.001365 0.000604921 0.00131945 0.000200446 -0.00308542 0.0021956 0.00511965 -0.00344466 -0.00525562 -0.00110555 -0.0102657 0.00656608 -0.00814571 0.00296402 0.00330659 -0.00662115 0.00377927 0.00671261 0.00225588 -0.00995321
internal_weight=605.889 411.101 349.653 270.319 101.936 168.382 79.3344 61.4474 53.0576 29.1286 23.929 71.6024 7.732 194.789 189.832 8.53133 181.301 61.7472 119.553 4.95696
internal_count=1772 1219 1000 805 346 459 195 219 200 102 98 165 30 553 533 55 478 146 332 20
is_linear=0
shrinkage=0.01


Tree=223
num_leaves=18
num_cat=0
split_feature=12 3 21 60 67 68 33 11 46 37 67 55 9 53 61 26 29
split_gain=7.36752 11.111 12.7454 8.77466 7.76134 12.3446 11.4195 10.4893 10.259 10.041 8.35251 7.35026 5.6571 3.6814 3.54036 3.39603 3.16272
threshold=107233396.00000001 -180728.49999999997 -39103.999999999993 0.033063186332583434 -2.2986534833908077 25.6349630355835 -0.61187815666198719 38.375000000000007 0.051200918853282935 -2.6330465078353877 -3.4868440628051753 -0.55543446540832508 242186080.00000003 -0.091120250523090349 114.78513717651369 0.0021428604377433662 0.24832431972026828
decision_type=2 2 2 2 2 2 2 2 2 2 2 2 2 2 2 2 2
left_child=3 11 -3 4 6 7 9 -6 -7 -1 -8 12 -2 -13 -14 -15 -5
right_child=1 2 -4 16 5 8 10 -9 -10 -11 -12 13 14 15 -16 -17 -18
leaf_value=0.0021383045197247317 0.012385492987167559 0.0053948269593014865 -0.015054961193408363 0 0.01066862138458295 -3.4209561754857593e-06 0.00926706013589392 0.0019027305947965207 0.0034959602044522969 -0.0046893715170670883 -0.0032288520237294485 0.016877389544369421 0.0056057334240177045 0.012341457886886825 -0.01316045753536488 0.0030933666724392494 -0.015313730380310607
leaf_weight=31.268557410687208 2.193732075393199 7.7715670317411423 4.9810824245214445 2.0837486535310736 27.156430639326572 250.97475279122591 16.177916519343857 28.110169999301434 125.32769828289747 68.113293673843145 7.8446234017610541 7.7370075583457973 1.3930850997567175 9.3935363143682533 3.1298904418945312 7.4799875840544692 4.4022791311144829
leaf_count=106 6 17 23 8 60 721 38 80 318 270 29 10 4 19 21 21 21
internal_value=0.00135211 0.00529434 -0.00251428 0.00104083 0.0011776 0.00181081 -0.00102877 0.00622813 0.00115939 -0.00253111 0.00514486 0.00850498 -0.000626955 0.0110379 -0.00715934 0.00830107 -0.0105075
internal_weight=605.539 44.0799 12.7526 561.459 554.973 431.569 123.404 55.2666 376.302 99.3819 24.0225 31.3272 6.71671 24.6105 4.52298 16.8735 6.48603
internal_count=1772 121 40 1651 1622 1179 443 140 1039 376 67 81 31 50 25 40 29
is_linear=0
shrinkage=0.01


Tree=224
num_leaves=22
num_cat=0
split_feature=12 3 21 69 33 44 36 72 27 39 52 27 13 22 2 55 8 34 53 28 60
split_gain=7.2548 10.9272 12.5473 10.5686 16.6205 18.2603 17.6256 13.7846 13.5661 12.6901 12.5073 11.8389 15.1582 10.0836 9.74046 7.22968 9.51071 6.71201 3.60533 3.05774 2.67991
threshold=107233396.00000001 -180728.49999999997 -39103.999999999993 1.0000000180025095e-35 -0.58506101369857777 1768.0950317382815 -1.3836212158203123 -1146783.0624999998 -1987583.9999999998 -0.51543360948562611 -0.0096101625822484476 -3006463.9999999995 175540000.00000003 54560.259765625007 8267388.5000000009 -0.55543446540832508 1.1263933777809145 -0.18949021399021146 -0.091120250523090349 -187.68749999999997 0.00067491302615962933
decision_type=2 2 2 2 2 2 2 2 2 2 2 2 2 2 2 2 2 2 2 2 2
left_child=3 15 -3 4 5 6 -1 -6 11 -7 20 12 -5 -12 -13 16 -2 -9 -17 -20 -10
right_child=1 2 -4 8 7 9 -8 17 10 -11 13 14 -14 -15 -16 18 -18 -19 19 -21 -22
leaf_value=0.013947185586739613 0.010662695688403515 0.0053452085486121719 -0.014978410351370637 0.0023119427567463951 -0.010685337995373852 0.0012394987067263438 -0.0061114289292184647 0.0017201372022510636 -0.015684727639987052 -0.0088342378423606621 -0.00012669715151724368 0.0074881132281786411 -0.015653660670614765 0.008695904976773864 -0.0057062566449383179 0.016750648369233817 -0.013169546064890436 0.015939365860735386 0.01184432305427764 0.0029466362172323279 -0.0025851808800973113
leaf_weight=10.01285106688738 3.4858576133847228 7.7653029263019562 4.956596836447714 143.75570673495531 3.6316070705652264 16.60648587346077 7.7067465484142295 5.329412780702115 5.9528844952583295 48.667661566287279 208.61850778758526 74.428813353180885 4.8435855731368056 13.800045400857924 5.9625520557165137 7.7176894173026112 3.2134135365486145 9.6044585481286013 9.9055752679705673 6.9083817005157462 2.3826756924390793
leaf_count=21 10 17 23 405 15 51 32 17 27 223 605 163 22 27 20 10 21 15 22 18 8
internal_value=0.00133927 0.00525728 -0.0024945 0.00103069 -0.00188417 -0.00380518 0.0051667 0.00664951 0.00167677 -0.00625604 -3.01468e-05 0.0034012 0.00171963 0.000416209 0.00649706 0.00844698 -0.000619554 0.0109319 0.0109637 0.00824799 -0.0120603
internal_weight=605.257 43.9528 12.7219 561.304 101.559 82.9937 17.7196 18.5655 459.745 65.2741 230.754 228.991 148.599 222.419 80.3914 31.2309 6.69927 14.9339 24.5316 16.814 8.33556
internal_count=1772 121 40 1651 374 327 53 47 1277 274 667 610 427 632 183 81 31 32 50 40 35
is_linear=0
shrinkage=0.01


Tree=225
num_leaves=17
num_cat=0
split_feature=12 28 26 60 69 33 44 68 20 5 22 40 30 14 66 56
split_gain=7.1502 11.8957 11.0039 9.28158 9.20036 17.0602 17.664 12.7277 12.6758 10.4154 10.3049 5.49457 3.43736 2.33469 4.47969 1.21355
threshold=115309140.00000001 -77.781249999999986 0.002742857788689435 0.033063186332583434 1.0000000180025095e-35 -0.58506101369857777 1768.0950317382815 24.999990463256839 7594.0849609375009 182059.45312500003 44077.054687500007 0.30076718330383306 0.12954614311456683 0.4171499907970429 -2.9386223554611202 9.3776059150695819
decision_type=2 2 2 2 2 2 2 2 2 2 2 2 2 2 2 2
left_child=3 13 11 4 5 6 -1 9 -7 -6 -9 -3 -5 14 -2 -16
right_child=1 2 -4 12 7 8 -8 10 -10 -11 -12 -13 -14 -15 15 -17
leaf_value=0.0051908487510479119 -0.0025588750936899936 0.011160882869391627 -0.014579196568003732 0.00055015929102982799 0.006584739929454503 -0.0087902006720001064 -0.0057305013869932368 0.00063123628812858888 0.01111403726941927 -0.0055148796674242932 0.0076177851137637599 -0.0049271542732054179 -0.014951661466141786 0.017848864975765516 0.0085184068786523081 0.015591338669815876
leaf_weight=18.849543064832687 2.5933989658951786 5.5230218917131406 4.2432439923286429 1.8464261293411244 73.559576913714409 3.9751545935869244 67.886521779000759 356.37904303520918 15.5065930634737 7.7854083478450766 22.48936727643013 3.3468486219644547 4.9102106988430023 4.2565656304359427 6.6825530529022235 5.093392625451088
leaf_count=56 15 11 21 6 190 17 280 1002 31 30 47 12 25 5 17 7
internal_value=0.0013266 0.00595369 -0.00127443 0.00106864 0.00120921 -0.00143837 -0.00334554 0.00182245 0.00700135 0.00541441 0.00104859 0.00497768 -0.0105674 0.0110962 0.00902625 0.0116625
internal_weight=604.927 31.739 13.1131 573.188 566.431 106.218 86.7361 460.213 19.4817 81.345 378.868 8.86987 6.75664 18.6259 14.3693 11.7759
internal_count=1772 88 44 1684 1653 384 336 1269 48 220 1049 23 31 44 39 24
is_linear=0
shrinkage=0.01


Tree=226
num_leaves=15
num_cat=0
split_feature=34 52 59 55 66 2 69 30 1 56 42 7 61 42
split_gain=7.17234 7.68266 14.2264 9.90224 12.922 24.8119 20.9152 8.93712 8.35458 7.31152 4.38933 9.69227 6.90569 3.29512
threshold=-1.477897524833679 0.049843475222587592 2.4817136526107793 1.1451916694641116 1.7140261530876162 14919663.000000002 49.999887466430671 0.31843832135200506 12558957.500000002 2.9804649353027348 -0.00070049997884780158 2.2762039899826054 206.94745635986331 1.0000000180025095e-35
decision_type=2 2 2 2 2 2 2 2 2 2 2 2 2 2
left_child=10 3 -3 4 6 -6 -2 8 -5 -9 -1 -12 -13 -4
right_child=1 2 13 7 5 -7 -8 9 -10 -11 11 12 -14 -15
leaf_value=0.013947628007820576 -0.00043527266759403545 -0.015525940787323814 -0.0022199358358832287 -0.011023841570767202 -0.0057699182273552186 0.0093090404566544757 0.0039924310577121721 0.015176372874375897 0.008390729732919178 0.0050180346612403613 0.012127961423109651 -0.013877903381115589 0.0053004560657838378 0.010652077947756204
leaf_weight=6.4888916015625027 244.20090095698833 7.6776951104402524 4.2465956211090088 5.9712487906217557 60.319944962859154 13.282585769891737 188.97237600386143 8.6692740321159345 3.4738328605890274 43.039324581623077 7.3097068518400174 3.6625597104430199 3.7596978358924389 3.5891302824020386
leaf_count=13 821 38 13 22 199 26 469 13 7 98 13 19 13 8
internal_value=0.00131394 0.0011042 -0.00582714 0.00129529 0.000834239 -0.00303513 0.00149401 0.00509966 -0.00377743 0.00674048 0.00703346 0.00392014 -0.0040285 0.00354843
internal_weight=604.664 583.443 15.5134 567.929 506.776 73.6025 433.173 61.1537 9.44508 51.7086 21.2209 14.732 7.42226 7.83573
internal_count=1772 1714 59 1655 1515 225 1290 140 29 111 58 45 32 21
is_linear=0
shrinkage=0.01


Tree=227
num_leaves=13
num_cat=0
split_feature=51 12 31 60 58 72 50 20 44 22 45 9
split_gain=7.09191 9.11451 10.6932 8.24853 8.26048 10.1809 9.07291 7.31667 3.68367 6.5296 2.61483 1.13912
threshold=-0.038843464106321328 115309140.00000001 0.45152553915977484 0.033063186332583434 -4104831.9999999995 -1287230.1874999998 -0.012658933643251656 326.15499877929693 275128.79687500006 17847.555664062504 -0.42410838603973383 283293504.00000006
decision_type=2 2 2 2 2 2 2 2 2 2 2 2
left_child=7 3 8 4 6 -6 -2 -1 9 -3 -5 -10
right_child=1 2 -4 10 5 -7 -8 -9 11 -11 -12 -13
leaf_value=0.0061981767601682527 -0.0052062233991535542 -0.0013910237322738417 -0.0075639013502340801 -0.001229814877342779 -0.0004916118644278999 0.0022966504226173308 0.0086857485321423719 -0.011604841448860316 0.016470984442786503 0.013130935638756181 -0.015301298105810915 0.0099811597776936836
leaf_weight=3.1453905254602423 5.6207257583737364 6.6294879168272072 4.3397504687309256 2.2405295222997665 245.82371537387371 279.07848312705755 26.483408838510513 8.1166040413081628 6.0273895710706693 5.6369808912277222 3.908663496375083 7.3853633552789688
leaf_count=12 22 23 16 8 747 764 53 76 8 10 18 15
internal_value=0.00130132 0.00145195 0.00682779 0.00116362 0.00129238 0.000988938 0.00622242 -0.0065438 0.0092989 0.00520093 -0.0103368 0.0129721
internal_weight=604.436 593.174 30.019 563.156 557.006 524.902 32.1041 11.262 25.6792 12.2665 6.14919 13.4128
internal_count=1772 1684 72 1612 1586 1511 75 88 56 33 26 23
is_linear=0
shrinkage=0.01


Tree=228
num_leaves=21
num_cat=0
split_feature=61 33 48 48 20 21 46 36 19 8 66 1 7 7 31 49 23 24 47 9
split_gain=7.08156 8.69975 9.54164 15.3441 14.1645 13.1168 12.7835 8.35476 8.9302 8.67912 8.5341 9.96681 8.29771 7.56751 6.75551 9.30296 4.56978 3.30149 2.07892 1.87878
threshold=169.38391113281253 1.4499821066856386 -0.41948536038398737 -0.39330166578292841 98.145000457763686 -1522.9999999999998 -0.61913523077964772 -1.7158748507499693 6164.7998046875009 2.6728605031967168 -4.175182342529296 8482987.0000000019 3.7891554832458501 2.6863930225372319 -5.6453557014465323 0.23799931257963183 23.500000000000004 53.500000000000007 0.38700802624225622 142983160.00000003
decision_type=2 2 2 2 2 2 2 2 2 2 2 2 2 2 2 2 2 2 2 2
left_child=1 2 4 -4 -1 -6 -5 10 9 13 11 -2 -13 -9 19 -16 -10 -3 -11 -12
right_child=7 17 3 6 5 -7 -8 8 16 18 14 12 -14 -15 15 -17 -18 -19 -20 -21
leaf_value=-0.014170349539121302 -0.014955819576880951 -0.014280141733177279 -0.015673735170264155 -0.0042928936132666596 0.0016385702912079612 0.009834535829897172 0.0011956225207725713 0.00064904782740355781 -0.015217109164574303 -0.016467874147748127 0.018288831168947139 -0.0053698762950805433 0.016270434804790363 0.004727417988692805 0.0084050186184820852 -0.0094312636874127366 0.0012721962798900239 0 -0.0031068033859039334 0.010377792787916673
leaf_weight=4.4035734161734572 3.5440144911408407 5.4784789234399787 6.3897352516651145 54.026009447872639 64.609879665076733 28.237760499119759 197.79887741431594 100.87505874037743 4.5853183269500724 2.8240720033645621 6.9425689578056282 3.4026008546352386 3.5931372493505478 83.87927171587944 16.314828366041191 3.5142469406127921 2.485779881477356 2.1105635911226273 2.3483294397592545 6.9036885499954224
leaf_count=22 18 27 28 196 197 60 577 281 21 12 8 19 5 211 36 13 8 7 8 18
internal_value=0.00128863 0.000402977 0.00063181 -0.000370181 0.00330251 0.00414198 1.41562e-05 0.0026175 0.0017289 0.002144 0.006554 -0.00121571 0.00560203 0.00250606 0.00901548 0.00519352 -0.00927902 -0.0101837 -0.0105951 0.0144166
internal_weight=604.268 363.055 355.466 258.215 97.2512 92.8476 251.825 241.213 196.998 189.927 44.2151 10.5398 6.99574 184.754 33.6753 19.8291 7.0711 7.58904 5.1724 13.8463
internal_count=1772 1114 1080 801 279 257 773 658 541 512 117 42 24 492 75 49 29 34 20 26
is_linear=0
shrinkage=0.01


Tree=229
num_leaves=15
num_cat=0
split_feature=34 52 59 58 50 51 52 48 63 58 10 7 61 10
split_gain=7.03471 7.51606 14.0173 9.73787 12.2624 9.95394 11.8332 7.62466 5.94924 5.85749 4.25769 9.52545 6.74551 3.22415
threshold=-1.477897524833679 0.049843475222587592 2.4817136526107793 -4104831.9999999995 -0.012658933643251656 0.035729460418224342 0.02086737006902695 -0.45289829373359675 0.33755397796630865 5341440.0000000009 -0.00070049997884780158 2.2762039899826054 206.94745635986331 1.0000000180025095e-35
decision_type=2 2 2 2 2 2 2 2 2 2 2 2 2 2
left_child=10 3 -3 4 7 6 -5 -2 -6 -7 -1 -12 -13 -4
right_child=1 2 13 5 8 9 -8 -9 -10 -11 11 12 -14 -15
leaf_value=0.013782707310931298 0.0084964268845819906 -0.015458135864393357 -0.0022084915000102519 0.001189707288624378 0.00026841500195002476 0.0041247569919389514 -0.0038925651591525112 -0.01365782413074147 0.011537571382451921 0.017727326333089165 0.012018440033335718 -0.013807659115142302 0.0052147103651302585 0.01052092677253302
leaf_weight=6.4571099653840092 2.3550904020667076 7.6402315348386747 4.2463478296995163 467.14954145252705 6.1328383609652546 8.7945974171161634 50.728463187813759 4.3652567230164996 22.71195937693119 5.1935121417045584 7.2895799279212934 3.6363057196140289 3.7307914532721043 3.5915564000606537
leaf_count=13 7 38 13 1378 19 20 158 28 39 6 13 19 13 8
internal_value=0.00127625 0.00106883 -0.00579497 0.00125782 0.00632858 0.000916866 0.000689945 -0.00574525 0.00917625 0.00924661 0.00695526 0.00387915 -0.00403875 0.00349691
internal_weight=604.023 582.909 15.4781 567.431 35.5651 531.866 517.878 6.72035 28.8448 13.9881 21.1138 14.6567 7.3671 7.8379
internal_count=1772 1714 59 1655 93 1562 1536 35 58 26 58 45 32 21
is_linear=0
shrinkage=0.01


Tree=230
num_leaves=21
num_cat=0
split_feature=2 50 2 11 68 51 56 56 47 24 26 45 59 51 27 24 53 53 10 13
split_gain=7.0155 17.6555 14.2355 10.3964 18.4885 11.3914 10.3788 11.2501 10.7376 9.46424 11.8704 8.26428 16.8028 10.485 7.2325 7.64104 5.87288 5.48565 3.58143 2.23622
threshold=5536681.5000000009 -0.008766730781644581 4972427.5000000009 67.684997558593764 77.777580261230483 0.0049910955131053933 -0.27904695272445673 -0.21510955691337583 -0.93731215596199025 3.5000000000000004 0.0018142855260521176 -0.31622751057147974 2.1611951589584355 -0.038843464106321328 -1498111.9999999998 5.5000000000000009 -0.26554767787456507 0.20390944927930835 -0.00032391499553341413 123646388.00000001
decision_type=2 2 2 2 2 2 2 2 2 2 2 2 2 2 2 2 2 2 2 2
left_child=1 14 3 5 -5 -3 8 19 18 -4 -11 12 -9 -13 -1 -16 -10 -18 -2 -8
right_child=6 2 9 4 -6 -7 7 11 16 10 -12 13 -14 -15 15 -17 17 -19 -20 -21
leaf_value=-0.013544942212010689 -0.012626690912329128 0.00072729199695659077 0.0061268407144231653 0.0036784205453044105 -0.017489548981486136 0.0054641220249850835 -0.016389631893449878 -0.0019178992193813053 -0.00030036836548240521 0.0055396536256976841 -0.0156884672575388 -0.011609078840056342 0.0070966488984502583 0.0047888625328585148 0.0093200823987700972 -0.013262106630046547 0.012802057235111065 0.0024248957507331708 0.0010138285391473878 -0.0033021110794255195
leaf_weight=12.458301872015001 2.7191545814275742 215.62018346041441 3.9737204611301449 8.6214710325002688 7.8097184672951689 66.686622574925423 3.8989884555339804 89.972049176692963 5.4967945814132682 3.2935540974140158 12.014686822891234 4.0360913984477511 26.841128397732973 93.344167470932007 3.5254792869091025 2.6036611646413803 25.785844057798386 6.6595258563756934 6.2166609689593297 2.2867720872163773
leaf_count=72 11 636 10 22 35 155 17 289 16 8 55 35 64 230 8 14 52 18 17 8
internal_value=0.00126388 0.000300076 0.000856635 0.00139697 -0.00632182 0.00184977 0.00247404 0.00155926 0.00675324 -0.00746296 -0.0110559 0.00194722 0.000144887 0.00409895 -0.00916852 -0.000109685 0.00908249 0.0107029 -0.00302505 -0.0117131
internal_weight=603.865 336.607 318.02 298.738 16.4312 282.307 267.257 220.379 46.878 19.282 15.3082 214.193 116.813 97.3803 18.5874 6.12914 37.9422 32.4454 8.93582 6.18576
internal_count=1772 1015 921 848 57 791 757 643 114 73 63 618 353 265 94 22 86 70 28 25
is_linear=0
shrinkage=0.01


Tree=231
num_leaves=24
num_cat=0
split_feature=61 55 53 55 39 39 61 66 36 50 25 58 66 2 29 0 31 49 47 9 60 9 50
split_gain=6.92021 8.59848 9.27966 15.1417 13.2664 10.8317 24.5242 18.9597 8.12652 23.4058 8.98137 9.14751 8.36987 8.95634 7.89478 7.34337 6.69233 9.11508 5.00418 3.52006 3.26777 1.81545 0.0630336
threshold=169.38391113281253 -4.1300874948501578 -0.069057174026966081 -0.32607781887054438 2.3021380901336674 1.4907308816909792 94.888950347900405 1.8461272120475771 -1.7158748507499693 -0.0045249161776155225 13797.500000000002 586752.00000000012 -4.175182342529296 9533039.5000000019 0.55544716119766246 91466.500000000015 -5.6453557014465323 0.23799931257963183 -1.944145619869232 213256416.00000003 0.0094681149348616617 142983160.00000003 -0.010593718383461235
decision_type=2 2 2 2 2 2 2 2 2 2 2 2 2 2 2 2 2 2 2 2 2 2 2
left_child=1 18 5 19 -5 7 -7 -3 12 20 14 -12 13 -2 -11 -15 21 -18 -1 -4 22 -14 -10
right_child=8 2 3 4 -6 6 -8 -9 9 10 11 -13 16 15 -16 -17 17 -19 -20 -21 -22 -23 -24
leaf_value=0.0085572299652670568 -0.01518211661704312 0.0057313938130380739 -0.015735447450795595 -0.0015898080328036711 0.0046195512630220602 0.0031777103581562744 -0.011629677804741129 -0.011689521286263696 -0.011975515946334208 0.0052885198727827785 -0.0080298420453515078 0.0045702143820898385 0.018107156245422855 0.017893396653741362 0.00080642024044795437 -0.0027570626557957612 0.0082830402202371169 -0.0093944840601307283 -0.013118514573319202 -0.00061716119100677243 -0.00088350612376456126 0.010291472566945608 -0.016550822991254984
leaf_weight=1.2006669342517851 3.22939235717058 89.617449939250946 8.0130562111735326 148.81682488322258 44.742884762585163 38.985463492572308 15.666170924901961 6.6810207962989798 2.465771608054637 92.591072484850883 14.87116649746895 9.3005353361368162 6.9269965887069649 2.7090412601828575 69.298053905367851 4.5580662861466408 16.256248161196716 3.5061350315809241 6.9201950542628747 2.0793740302324286 2.0827667564153662 6.8297470808029175 6.1906336992979041
leaf_count=4 15 232 36 466 114 117 65 26 17 215 55 26 8 4 193 23 36 13 47 7 8 18 27
internal_value=0.0012519 0.000376177 0.000611831 -0.000777161 -0.000149298 0.00249239 -0.00104861 0.00451238 0.00256679 0.00169114 0.00252415 -0.00314035 0.00645923 -0.00125012 0.0033761 0.00480343 0.00890325 0.00509619 -0.00979062 -0.0127197 -0.012648 0.0142996 -0.0153631
internal_weight=603.539 362.723 354.602 203.652 193.56 150.95 54.6516 96.2985 240.816 196.8 186.061 24.1717 44.0156 10.4965 161.889 7.26711 33.5191 19.7624 8.12086 10.0924 10.7392 13.7567 8.65641
internal_count=1772 1114 1063 623 580 440 182 258 658 541 489 81 117 42 408 27 75 49 51 43 52 26 44
is_linear=0
shrinkage=0.01


Tree=232
num_leaves=16
num_cat=0
split_feature=34 52 59 55 66 2 69 3 35 35 10 47 72 10 13
split_gain=6.86912 7.40745 13.6946 9.62426 12.4967 24.0399 20.231 11.6758 17.2033 7.06799 4.17194 7.1445 14.7188 3.1582 0.189975
threshold=-1.477897524833679 0.049843475222587592 2.4817136526107793 1.1451916694641116 1.7140261530876162 14919663.000000002 49.999887466430671 1.0000000180025095e-35 1.728320360183716 -1.6930570006370542 -0.00070049997884780158 -0.47874356806278223 -1146783.0624999998 1.0000000180025095e-35 71750316.000000015
decision_type=2 2 2 2 2 2 2 2 2 2 2 2 2 2 2
left_child=10 3 -3 4 6 -6 -2 9 -9 -5 -1 -12 14 -4 -13
right_child=1 2 13 7 5 -7 -8 8 -10 -11 11 12 -14 -15 -16
leaf_value=0.013639316023053048 -0.0004802524402238639 -0.015378491763809543 -0.0022688484611777023 0.0016078622230577592 -0.0057332727144152962 0.0091313396379848616 0.0038792158625178337 -0.0079585993194724019 0.0071912167964583761 0.012400098053725153 0.016764200570775902 -0.015137399110415102 0.010282646342539224 0.010326423506677071 -0.0091627904258739529
leaf_weight=6.4293475225567844 243.88317893445492 7.5987678617238981 4.2479047924280167 8.7182366997003573 60.220054507255554 13.237974748015402 188.43546515703201 13.263812333345415 17.208326056599617 21.812282845377922 3.2944964766502407 2.8171880692243576 6.2396361380815453 3.5958827286958694 2.2108056284487247
leaf_count=13 821 38 13 22 199 26 469 46 36 36 4 13 15 8 13
internal_value=0.00123998 0.00103534 -0.00578679 0.00122298 0.000768084 -0.00304089 0.0014176 0.00497814 0.000564038 0.00935104 0.00686848 0.0038104 0 0.0033778 -0.0127093
internal_weight=603.213 582.222 15.4426 566.779 505.777 73.458 432.319 61.0027 30.4721 30.5305 20.9915 14.5621 11.2676 7.84379 5.02799
internal_count=1772 1714 59 1655 1515 225 1290 140 82 58 58 45 41 21 26
is_linear=0
shrinkage=0.01


Tree=233
num_leaves=21
num_cat=0
split_feature=2 50 2 56 56 47 11 26 35 24 26 46 49 51 27 24 53 53 10 13
split_gain=6.8352 17.3216 13.9696 10.2211 10.9941 10.6038 10.1052 14.4269 11.7663 9.19747 11.6258 8.28885 12.3654 10.587 7.12933 7.4634 5.76938 5.40022 3.48481 2.19481
threshold=5536681.5000000009 -0.008766730781644581 4972427.5000000009 -0.27904695272445673 -0.21510955691337583 -0.93731215596199025 67.684997558593764 0.012857134919613602 -2.061371803283691 3.5000000000000004 0.0018142855260521176 -0.61913523077964772 -0.9409731626510619 -0.038843464106321328 -1498111.9999999998 5.5000000000000009 -0.26554767787456507 0.20390944927930835 -0.00032391499553341413 123646388.00000001
decision_type=2 2 2 2 2 2 2 2 2 2 2 2 2 2 2 2 2 2 2 2
left_child=1 14 6 5 19 18 8 -8 -3 -4 -11 12 -6 -13 -1 -16 -7 -18 -2 -5
right_child=3 2 9 4 11 16 7 -9 -10 10 -12 13 -14 -15 15 -17 17 -19 -20 -21
leaf_value=-0.013500939475617781 -0.012529078372513212 -0.0068337090916971615 0.0059592405991245948 -0.016272578745059149 0.0050151757898457758 -0.00029102720538606977 -0.010772782845315014 0.013262887777130434 0.0022919514137849811 0.0054578396997013558 -0.015588198709061205 -0.011656884685999465 -0.0055296057061355024 0.003405058382886243 0.0091876539784916285 -0.013193966288231294 0.012720440319013732 0.0024152820787096303 0.00094156762559226607 -0.0032821009249734343
leaf_weight=12.36411924287677 2.7116473466157913 14.869253240525721 3.9713428616523769 3.8828466534614554 17.272469103336334 5.4926396012306204 13.357097551226618 3.0386178940534583 267.24880595877767 3.2819739878177634 11.952823862433432 4.7783439494669429 30.978027410805225 160.93319583684206 3.5179878473281851 2.5819453448057175 25.574099376797676 6.6614739298820487 6.1968344524502736 2.2823612242937088
leaf_count=72 11 51 10 17 46 16 52 5 740 8 55 43 118 411 8 14 52 18 17 8
internal_value=0.00122814 0.000276341 0.000826428 0.00242388 0.00151703 0.00668283 0.00136113 -0.00625726 0.00180743 -0.00743222 -0.0109887 0.0019004 -0.00173411 0.00296471 -0.00913512 -0.000121976 0.00900665 0.0106219 -0.0030465 -0.0116257
internal_weight=602.948 336.184 317.72 266.764 220.127 46.6367 298.514 16.3957 282.118 19.2061 15.2348 213.962 48.2505 165.712 18.4641 6.09993 37.7282 32.2356 8.90848 6.16521
internal_count=1772 1015 921 757 643 114 848 57 791 73 63 618 164 454 94 22 86 70 28 25
is_linear=0
shrinkage=0.01


Tree=234
num_leaves=18
num_cat=0
split_feature=12 3 37 60 69 33 22 68 22 5 72 55 21 33 30 6 26
split_gain=6.77209 9.05713 11.7174 8.70192 8.71669 16.4661 16.1566 12.2568 10.1424 10.0659 9.09546 5.32896 7.37068 5.05874 3.35378 1.76236 1.54189
threshold=115309140.00000001 -334148.49999999994 2.5791561603546147 0.033063186332583434 1.0000000180025095e-35 -0.58506101369857777 16567.879882812504 24.999990463256839 44077.054687500007 182059.45312500003 -1146783.0624999998 -0.55543446540832508 -103989.99999999999 -1.0000000180025095e-35 0.12954614311456683 -37091696639.999992 0.0021428604377433662
decision_type=2 2 2 2 2 2 2 2 2 2 2 2 2 2 2 2 2
left_child=3 11 13 4 5 6 -1 9 -9 -6 -7 12 -2 -3 -5 16 -13
right_child=1 2 -4 14 7 10 -8 8 -10 -11 -12 15 -14 -15 -16 -17 -18
leaf_value=-0.0016901989918056395 0.014123171911047392 0.0011773348431958753 0.012796638142867507 0.00058772847378865364 0.0063969945548759087 -0.0053678020082314985 -0.014693009451745783 0.00052694315595101283 0.0074699015014455944 -0.0055214845187797615 0.01066616509262068 0.012849105281283777 -0.012643167566204646 -0.01595602826164242 -0.014770036645710949 0.015849283344677157 0.0040040881059133573
leaf_weight=75.421667125076056 1.8787494674324987 2.6844928413629532 3.6408425867557526 1.8423665761947621 72.971719302237034 4.5576774179935482 10.994368329644201 355.71556413173676 22.407096013426781 7.7578294202685347 14.797802925109862 4.7358357980847412 2.2686508223414448 4.3471363484859449 4.8254163637757301 7.6745010539889327 4.0945128500461578
leaf_count=280 4 8 6 6 190 16 56 1002 47 30 32 10 17 20 25 12 11
internal_value=0.00121648 0.0057501 -0.00165022 0.000966144 0.00110186 -0.00148099 -0.00335607 0.00169943 0.000941019 0.00523928 0.00683895 0.00962279 -0.000277048 -0.00927274 -0.0103766 0.0121711 0.00886104
internal_weight=602.616 31.3247 10.6725 571.292 564.624 105.772 86.416 458.852 378.123 80.7295 19.3555 20.6522 4.1474 7.03163 6.66778 16.5048 8.83035
internal_count=1772 88 34 1684 1653 384 336 1269 1049 220 48 54 21 28 31 33 21
is_linear=0
shrinkage=0.01


Tree=235
num_leaves=22
num_cat=0
split_feature=61 33 48 48 20 21 1 36 50 40 40 60 66 1 72 31 57 36 60 51 50
split_gain=6.71909 8.45116 9.28179 14.951 13.7504 12.8185 10.6163 7.92341 22.8231 10.7597 12.0502 9.44665 8.19988 9.54907 8.01409 6.64711 7.29809 3.31407 3.2383 1.24517 0.051712
threshold=169.38391113281253 1.4499821066856386 -0.41948536038398737 -0.39330166578292841 98.145000457763686 -1522.9999999999998 1171332.5000000002 -1.7158748507499693 -0.0045249161776155225 0.99051493406295787 0.80825883150100719 -0.0025725346058607097 -4.175182342529296 8482987.0000000019 -938507.24999999988 -5.6453557014465323 0.90668693184852611 1.7947490811347964 0.0094681149348616617 -0.0080161159858107549 -0.010593718383461235
decision_type=2 2 2 2 2 2 2 2 2 2 2 2 2 2 2 2 2 2 2 2 2
left_child=1 2 4 -4 -1 -6 -5 12 18 10 -10 -11 13 -2 -15 19 -17 -3 20 -14 -9
right_child=7 17 3 6 5 -7 -8 8 9 11 -12 -13 15 14 -16 16 -18 -19 -20 -21 -22
leaf_value=-0.014081846353839687 -0.014826703021473583 -0.014382031027457031 -0.015572656552052524 -0.014474737246125026 0.0015521751683217641 0.0096612076295143744 0.0002537508373861794 -0.011923140960616125 0.0014455505660920384 0.014825231879592157 -0.013898974891085084 0.0041375463475611871 0.01786771461588306 -0.00630885360695031 0.015146591231976803 0.0099441156860323784 -0.0024213864395335009 0 -0.00084737889376720551 0.011128210416467594 -0.016441989572936324
leaf_weight=4.3686115592718116 3.5022949501872045 5.3406267911195746 6.3530515283346167 4.9927901104092589 64.466305136680603 28.196085214614868 246.2939379401505 2.4320208802819243 120.17038564383984 10.05459515750408 5.3381844609975806 50.098479345440865 6.0561405420303345 3.1090461760759354 3.8356097564101219 11.873656570911413 7.7994073629379264 2.2096526622772217 2.079870492219924 7.5720256268978066 6.1663821041584006
leaf_count=22 18 26 28 27 197 60 746 17 327 16 22 124 7 17 7 24 25 8 8 19 27
internal_value=0.00120498 0.000341885 0.00056742 -0.00042193 0.00320468 0.00403045 -3.49085e-05 0.00250296 0.00163857 0.00246073 0.000784943 0.00594062 0.00635945 -0.00128703 0.00539723 0.00878827 0.00499097 -0.01012 -0.0125626 0.0141965 -0.0152802
internal_weight=602.309 362.221 354.671 257.64 97.031 92.6624 251.287 240.088 196.34 185.662 125.509 60.1531 43.7482 10.447 6.94466 33.3012 19.6731 7.55028 10.6783 13.6282 8.5984
internal_count=1772 1114 1080 801 279 257 773 658 541 489 349 140 117 42 24 75 49 34 52 26 44
is_linear=0
shrinkage=0.01


Tree=236
num_leaves=21
num_cat=0
split_feature=2 50 2 56 56 47 31 17 67 24 26 46 49 10 1 53 53 10 33 13
split_gain=6.70585 16.9217 13.659 9.96343 10.7591 10.4139 9.91658 20.2198 17.4728 9.04584 11.393 8.13273 12.1062 8.38025 6.89036 5.67606 5.35065 3.39026 3.2162 2.16343
threshold=5536681.5000000009 -0.008766730781644581 4972427.5000000009 -0.27904695272445673 -0.21510955691337583 -0.93731215596199025 -4.1888549327850333 101.50000000000001 2.5584386587142949 3.5000000000000004 0.0018142855260521176 -0.61913523077964772 -0.9409731626510619 -0.00047149999591056252 1277804.0000000002 -0.26554767787456507 0.20390944927930835 -0.00032391499553341413 -1.4858329892158506 123646388.00000001
decision_type=2 2 2 2 2 2 2 2 2 2 2 2 2 2 2 2 2 2 2 2
left_child=1 14 6 5 19 17 7 -3 -8 -4 -11 12 -6 -13 -1 -7 -17 -2 -16 -5
right_child=3 2 9 4 11 15 8 -9 -10 10 -12 13 -14 -15 18 16 -18 -19 -20 -21
leaf_value=0.0037604697209285831 -0.012414619958942431 0.0054164012636745765 0.0058813754046106309 -0.016162477636350502 0.0049379896870717982 -0.00030902179097151293 0.0012335741042751656 -0.0059576244817270921 -0.0071411354145195054 0.005365730621347751 -0.015501934973017195 0.0057967211902438401 -0.0055005387990621438 0.0011454592468841281 0.00070533454161858706 0.012629456351428594 0.002363852489526138 0.00088432636125848271 -0.013593583665379199 -0.0032483103800192655
leaf_weight=3.3049677275121239 2.706263542175293 97.95118847489357 3.9717769026756313 3.8676895201206198 17.265510350465775 5.4889495000243178 152.03069687634706 18.518208727240562 29.789780728518963 3.2721365690231314 11.889545295387505 62.898152563720942 30.91434907913208 102.68349442258477 1.6328951641917235 25.340811103582382 6.6645484417676917 6.175953842699526 13.403737340122458 2.2803816199302673
leaf_count=13 11 236 10 17 46 16 442 66 104 8 55 166 118 288 6 52 18 17 75 8
internal_value=0.0011934 0.000250198 0.000792735 0.00237894 0.00148477 0.00659736 0.00132095 0.00359939 -0.000133053 -0.00738988 -0.0109324 0.00186392 -0.00173908 0.00291834 -0.00908453 0.00891064 0.0105231 -0.00305506 -0.0119743 -0.0115351
internal_weight=602.051 335.765 317.423 266.286 219.91 46.3765 298.29 116.469 181.82 19.1335 15.1617 213.762 48.1799 165.582 18.3416 37.4943 32.0054 8.88222 15.0366 6.14807
internal_count=1772 1015 921 757 643 114 848 302 546 73 63 618 164 454 94 86 70 28 81 25
is_linear=0
shrinkage=0.01


Tree=237
num_leaves=16
num_cat=0
split_feature=34 52 59 55 66 2 68 3 35 9 48 56 10 52 22
split_gain=6.69065 7.17506 13.466 9.46205 12.0709 23.2881 18.5762 11.357 16.7852 8.21995 4.04698 3.23387 3.08356 1.92509 2.96256
threshold=-1.477897524833679 0.049843475222587592 2.4817136526107793 1.1451916694641116 1.7140261530876162 14919663.000000002 74.999992370605483 1.0000000180025095e-35 1.728320360183716 133024720.00000001 -0.34906668961048121 2.9804649353027348 1.0000000180025095e-35 -0.016500620171427723 1875.4299926757815
decision_type=2 2 2 2 2 2 2 2 2 2 2 2 2 2 2
left_child=10 3 -3 4 6 -6 -2 9 -9 -5 -1 13 -4 -12 -15
right_child=1 2 12 7 5 -7 -8 8 -10 -11 11 -13 -14 14 -16
leaf_value=-0.0022858684202680698 0.00093277991919013428 -0.015300780020592422 -0.0022515949998646663 -0.0014694874802378532 -0.0056846446185335863 0.0089611667328287868 0.011668671657270327 -0.0078881123180438873 0.007089448646975886 0.011708136826123379 0.017287387685210254 0.0015974834383404694 0.010191766078865565 0.0012990897723568317 0.013904290024696727
leaf_weight=3.8515845239162472 414.56251896545291 7.5508752539753896 4.2473895102739334 5.6910448670387295 60.118301227688789 13.207540482282637 16.794153109192848 13.242777958512308 17.17580147087574 24.757399365305901 4.2403279542923009 4.7197752036154261 3.5972370207309723 3.5275880694389325 4.4630426317453384
leaf_count=15 1261 38 13 16 199 26 29 46 36 42 5 18 8 12 8
internal_value=0.00118208 0.000980533 -0.00574424 0.00116536 0.000713845 -0.00303299 0.00135308 0.00489274 0.000536069 0.0092123 0.0067626 0.00887761 0.00332696 0.0116052 0.00846468
internal_weight=601.747 580.945 15.3955 565.55 504.683 73.3258 431.357 60.867 30.4186 30.4484 20.8023 16.9507 7.84463 12.231 7.99063
internal_count=1772 1714 59 1655 1515 225 1290 140 82 58 58 43 21 25 20
is_linear=0
shrinkage=0.01


Tree=238
num_leaves=21
num_cat=0
split_feature=12 28 26 69 20 33 30 27 9 35 26 52 35 44 37 40 55 61 55 27
split_gain=6.63914 11.3387 10.4909 8.12013 16.0582 15.9459 21.988 11.8139 13.1876 13.9992 12.7485 12.2381 10.0263 9.03184 5.72047 5.15965 3.51988 2.79722 0.630503 1.14832
threshold=115309140.00000001 -77.781249999999986 0.002742857788689435 1.0000000180025095e-35 406.82000732421881 -0.58506101369857777 0.45286385715007788 -1987583.9999999998 274180496.00000006 -1.1960380077362058 0.0014285732759162786 -0.0096101625822484476 -1.9981291890144346 83257.699218750015 -3.0046533346176143 0.30076718330383306 -0.53050848841667164 213.446159362793 4.5020590277999881e-06 -6166527.9999999991
decision_type=2 2 2 2 2 2 2 2 2 2 2 2 2 2 2 2 2 2 2 2
left_child=3 16 15 4 14 6 -6 8 10 -10 -5 17 -13 -7 -1 -3 -2 -9 19 -18
right_child=1 2 -4 7 5 13 -8 11 9 -11 -12 12 -14 -15 -16 -17 18 -19 -20 -21
leaf_value=0.006177685242443727 0.0029335931260458053 0.010779836817775279 -0.014483963226168392 0.010537395733231486 -0.010632978354752212 -0.0033497004709100693 0.001293393980621251 -0.01551056670737588 -0.013437970691387887 0.012117013926751919 0.0027983892332090472 -0.0084947792618234215 0.00085458094321238631 0.012563535654294813 -0.014353022343944389 -0.0049155287162902725 0.014699228442843644 -0.001758398465215636 0.016685225755576474 0.00665172225959915
leaf_weight=1.4649056345224369 4.6038270220160511 5.4394039735198003 4.1900389939546576 24.041580192744732 21.706166487187147 4.7499765902757671 53.344814538955688 6.1170008778572065 8.8678014874458295 2.7883600443601599 195.39950557053089 12.114747837185858 212.84278131276369 13.310139238834379 11.56182900816202 3.3043063580989838 4.9156090617179888 2.1769354194402695 4.9321539402008048 3.7326062992215157
leaf_count=5 18 11 21 54 112 17 169 28 37 5 525 41 599 25 60 12 9 7 6 11
internal_value=0.00117059 0.00567482 -0.00141451 0.000923147 -0.00156769 -0.000101963 -0.00214261 0.00149464 0.00309723 -0.00723897 0.00365082 -8.88603e-05 0.00034664 0.00832284 -0.0119675 0.00473409 0.0107722 -0.0120216 0.0133559 0.0113415
internal_weight=601.604 31.1179 12.9337 570.487 106.138 93.1111 75.051 464.349 231.097 11.6562 219.441 233.251 224.958 18.0601 13.0267 8.74371 18.1842 8.29394 13.5804 8.64822
internal_count=1772 88 44 1684 388 323 281 1296 621 42 579 675 640 42 65 23 44 35 26 20
is_linear=0
shrinkage=0.01


Tree=239
num_leaves=15
num_cat=0
split_feature=51 12 28 26 20 22 18 46 26 53 36 53 55 59
split_gain=6.63018 8.47112 12.3956 10.8228 7.20667 6.25987 11.1071 11.4765 10.636 9.52815 7.91344 6.65187 1.19868 1.6251
threshold=-0.038843464106321328 115309140.00000001 -77.781249999999986 0.002742857788689435 326.15499877929693 44077.054687500007 86899.500000000015 0.29825630784034735 0.0014571420033462348 -3.0576760536860088e-06 -1.3491958975791929 -0.10450282692909239 4.5020590277999881e-06 0.84745755791664135
decision_type=2 2 2 2 2 2 2 2 2 2 2 2 2 2
left_child=4 5 12 -4 -1 6 8 -8 -2 11 -11 -7 13 -3
right_child=1 2 3 -5 -6 9 7 -9 -10 10 -12 -13 -14 -15
leaf_value=0.0061870606561520462 0.0045400799431977281 0.013815354823143602 0.005410939260604564 -0.014503559516334591 -0.011578214576906075 -0.015359519747481133 0.00072838550267940191 -0.01434521350021372 0.00044893272763847658 0.017299483257041108 0.0046289579208284677 0.0057588687695467999 0.016575072583708394 0.006057032514273324
leaf_weight=3.1204035729169828 74.640498459339142 6.3067180216312462 8.3549432009458524 4.0411474853754035 7.9650337621569633 3.3864097371697426 10.281334564089777 9.7077905759215337 433.25838247686625 6.7019487619400051 20.107321992516518 2.5786945521831504 4.9153664112091056 5.8548206835985184
leaf_count=12 195 13 19 20 76 16 33 45 1261 8 48 6 6 14
internal_value=0.00115965 0.00130499 0.0065369 -0.00100055 -0.00648732 0.00102818 0.000762673 -0.00654213 0.00105213 0.00527403 0.00783372 -0.00606247 0.0120669 0.0101626
internal_weight=601.221 590.135 29.473 12.3961 11.0854 560.662 527.888 19.9891 507.899 32.7744 26.8093 5.9651 17.0769 12.1615
internal_count=1772 1684 72 39 88 1612 1534 78 1456 78 56 22 33 27
is_linear=0
shrinkage=0.01


Tree=240
num_leaves=17
num_cat=0
split_feature=34 69 27 46 18 55 26 68 4 43 47 4 11 10 7 61
split_gain=6.56353 7.01742 15.1066 13.0485 14.4978 12.0589 10.5818 11.0883 9.97917 10.6213 12.1971 10.5463 8.18114 4.03878 9.18647 6.3126
threshold=-1.477897524833679 49.999887466430671 1427456.0000000002 0.29825630784034735 4902.0000000000009 -1.4233143247111e-05 0.002232139697298408 78.568870544433608 1528001.2500000002 697324.71875000012 0.64632666110992443 34708.320312500007 15.695000171661379 -0.00070049997884780158 2.2762039899826054 206.94745635986331
decision_type=2 2 2 2 2 2 2 2 2 2 2 2 2 2 2 2
left_child=13 8 6 4 -4 -5 12 -8 9 11 -11 -2 -3 -1 -15 -16
right_child=1 2 3 5 -6 -7 7 -9 -10 10 -12 -13 -14 14 15 -17
leaf_value=0.013385255975030839 -0.00036387780013609944 0.002520829144553417 0.0012436375945437601 -0.010441011450755742 -0.0081463876920787881 0.0053444873638439153 0.0027221980151590471 -0.0071505189147795835 -0.014643976578062956 0.00053886412090908939 0.0094761859775343623 -0.0073394465611896246 0.0095587673987575696 0.011676305227957838 -0.013700547939047738 0.0049338659500864617
leaf_weight=6.3548629134893444 143.96552562341094 28.709913954138756 29.607525512576103 5.5550244003534308 36.530193701386452 36.059553630650043 141.1340713351965 12.32661224901676 4.7657823190093032 54.160716772079468 21.415579788386822 25.59640996158123 40.410275414586067 7.1938352882862073 3.5894200503826141 3.5827240683138371
leaf_count=13 479 73 84 21 135 85 352 41 27 174 51 105 87 13 19 13
internal_value=0.00114865 0.000949153 0.00190611 -0.00116052 -0.00392768 0.00321329 0.00339516 0.00192266 -0.000311784 -2.90695e-05 0.00308461 -0.00142278 0.00664994 0.00668692 0.00365426 -0.00425261
internal_weight=600.958 580.237 330.333 107.752 66.1377 41.6146 222.581 153.461 249.904 245.138 75.5763 169.562 69.1202 20.7208 14.366 7.17214
internal_count=1772 1714 878 325 219 106 553 393 836 809 225 584 160 58 45 32
is_linear=0
shrinkage=0.01


Tree=241
num_leaves=21
num_cat=0
split_feature=2 50 2 56 56 47 11 65 35 24 61 47 37 51 27 53 53 53 57 13
split_gain=6.5573 16.4746 13.3527 9.70335 10.4894 10.2478 9.67432 13.5455 11.3867 8.79163 8.31136 7.99835 12.1385 9.31093 7.0095 7.34801 5.56362 5.24326 2.79159 2.1231
threshold=5536681.5000000009 -0.008766730781644581 4972427.5000000009 -0.27904695272445673 -0.21510955691337583 -0.93731215596199025 67.684997558593764 1.861210882663727 -2.061371803283691 3.5000000000000004 213.446159362793 0.52614387869834911 2.0045562982559209 -0.025336735881865021 -1498111.9999999998 -0.091120250523090349 -0.26554767787456507 0.20390944927930835 1.2285865545272829 123646388.00000001
decision_type=2 2 2 2 2 2 2 2 2 2 2 2 2 2 2 2 2 2 2 2
left_child=1 14 6 5 19 18 8 -8 -3 -4 -11 13 -13 -6 -1 -16 -7 -18 -2 -5
right_child=3 2 9 4 11 16 7 -9 -10 10 -12 12 -14 -15 15 -17 17 -19 -20 -21
leaf_value=-0.013411688811070422 -0.010458023495011588 -0.0068145785883027086 0.0057109253870190205 -0.016052794724381939 -0.0036287421702378754 -0.00032270159451358512 0.0013614853890750046 -0.017037259097749252 0.002175205181638008 -0.015321703296842546 0.001305251177455481 0.00014250957002087891 -0.015210611916783887 0.0039018422301335077 0.0090498841750984819 -0.013310705925943528 0.01252217637630571 0.0023450597520705062 0.0010478871995975121 -0.0032323210383147071
leaf_weight=12.171204935759308 3.2742429971694929 14.82865000516176 3.968497201800349 3.8474804311990729 18.527229022234678 5.4831138029694548 9.5595590621233004 6.773954562842845 266.68413779512048 11.112596422433851 3.9745272397994986 52.653448645025492 5.6937642991542807 136.48539991676807 3.5365377590060234 2.5127110034227362 25.020759850740436 6.6651257723569861 5.5617466270923615 2.2759914696216583
leaf_count=72 12 51 10 17 84 16 26 31 740 52 11 168 27 339 9 13 52 18 16 8
internal_value=0.00113786 0.000204576 0.00073914 0.00231217 0.00143105 0.0064941 0.00126121 -0.00620775 0.00169812 -0.00736855 -0.0108752 0.00180546 -0.00133857 0.00299533 -0.00903804 -7.2852e-05 0.00880236 0.010413 -0.00310254 -0.0114509
internal_weight=600.611 335.122 316.902 265.488 219.483 46.005 297.846 16.3335 281.513 19.0556 15.0871 213.36 58.3472 155.013 18.2205 6.04925 37.169 31.6859 8.83599 6.12347
internal_count=1772 1015 921 757 643 114 848 57 791 73 63 618 195 423 94 22 86 70 28 25
is_linear=0
shrinkage=0.01


Tree=242
num_leaves=23
num_cat=0
split_feature=12 3 39 69 33 18 10 72 68 8 54 67 51 27 59 34 55 8 38 12 53 28
split_gain=6.45959 10.1359 10.9829 9.35669 14.9458 16.903 13.6774 12.8751 12.859 9.60829 9.53519 8.63237 16.3761 11.2082 7.53158 6.62714 6.47923 8.97731 5.58427 4.71325 3.31387 2.9341
threshold=107233396.00000001 -180728.49999999997 2.4355680942535405 1.0000000180025095e-35 -0.58506101369857777 22262.000000000004 -0.00034215000050608063 -1146783.0624999998 24.999990463256839 1.2728875279426577 0.63534173369407665 -2.1888964176177974 -0.011111582629382609 -1987583.9999999998 2.3114006519317631 -0.18949021399021146 -0.55543446540832508 1.1263933777809145 -3.1081190109252925 140479288.00000003 -0.091120250523090349 -187.68749999999997
decision_type=2 2 2 2 2 2 2 2 2 2 2 2 2 2 2 2 2 2 2 2 2 2
left_child=3 16 19 4 5 6 -1 -6 9 10 -5 12 -10 -13 -11 -9 17 -2 -7 -3 -18 -22
right_child=1 2 -4 8 7 18 -8 15 11 14 -12 13 -14 -15 -16 -17 20 -19 -20 -21 21 -23
leaf_value=0.0020550986176995621 0.010361212690570547 -0.015788096203214259 0.0092843619287699304 0.0034824812197127553 -0.010556336161685356 0.0047229828752046116 -0.0074159448285205844 0.0010703235116350462 0.0033448593292161682 -0.0046144311033093537 0.011584881883664482 0.0033846926390441777 -0.011078555615840485 -0.00029588267927787253 0.010313445609561161 0.015383861933480269 0.016025206093051393 -0.013075592748986906 -0.014556827310258882 0.00013292121738868012 0.011413526015445805 0.0025554918544948447
leaf_weight=41.198472540825605 3.4227381870150557 5.0151865780353528 4.7179981172084808 33.206980742514133 3.603840887546542 1.5825509428977991 24.126525640487671 5.1351092159748086 14.655579537153246 14.374821677803995 26.506618391722441 135.33253306150436 16.812255874276161 211.78488889336586 4.40204133093357 9.5237792879342997 7.577308855950835 3.1181993186473846 15.265011645853518 2.7592271864414215 9.3919614776969009 6.7768354564905158
leaf_count=136 10 23 9 98 15 6 102 17 42 50 58 334 74 611 10 15 10 21 83 8 22 18
internal_value=0.00112703 0.00487671 -0.00264239 0.000837515 -0.00192188 -0.00374809 -0.00142754 0.00624033 0.00144604 0.00513167 0.00709585 0.000679268 -0.00432933 0.0011362 -0.00106149 0.0104379 0.00801111 -0.000658711 -0.0126865 -0.0100089 0.0104414 0.0077627
internal_weight=600.29 42.7795 12.4924 557.511 100.435 82.1726 65.325 18.2627 457.076 78.4905 59.7136 378.585 31.4678 347.117 18.7769 14.6589 30.287 6.54094 16.8476 7.77441 23.7461 16.1688
internal_count=1772 121 40 1651 374 327 238 47 1277 216 156 1061 116 945 60 32 81 31 89 31 50 40
is_linear=0
shrinkage=0.01


Tree=243
num_leaves=13
num_cat=0
split_feature=51 12 28 26 60 58 72 50 20 45 55 71
split_gain=6.46268 8.19759 11.951 10.5355 7.66791 7.55085 9.72893 8.65586 7.10255 2.53122 1.14601 1.55088
threshold=-0.038843464106321328 115309140.00000001 -77.781249999999986 0.002742857788689435 0.033063186332583434 -4104831.9999999995 -1287230.1874999998 -0.012658933643251656 326.15499877929693 -0.42410838603973383 4.5020590277999881e-06 314513.21875000006
decision_type=2 2 2 2 2 2 2 2 2 2 2 2
left_child=8 4 10 -4 5 7 -7 -2 -1 -6 11 -3
right_child=1 2 3 -5 9 6 -8 -9 -10 -11 -12 -13
leaf_value=0.0061008682553549999 -0.0053667629598383249 0.013246051151285035 0.0053405232651854775 -0.014395240227056703 -0.0011760864927626326 -0.00062615605967974747 0.002106813263415996 0.0082974270235083962 -0.011562444709474443 -0.015117616873700914 0.016332065006750243 0.0055351758918869001
leaf_weight=3.1192945092916471 5.5474137887358692 6.8511732071638161 8.3139112293720228 3.9976801276206961 2.217475563287735 244.94519244134426 277.1846961081028 26.034080907702446 7.8812192119657993 3.8437460958957663 4.8750436305999747 5.1619130671024323
leaf_count=12 22 13 19 20 8 747 764 53 76 18 6 14
internal_value=0.00111643 0.0012597 0.00643142 -0.000986625 0.000988134 0.00111222 0.000822789 0.00586559 -0.00646295 -0.0101821 0.0118985 0.010016
internal_weight=599.973 588.972 29.1997 12.3116 559.773 553.711 522.13 31.5815 11.0005 6.06122 16.8881 12.0131
internal_count=1772 1684 72 39 1612 1586 1511 75 88 26 33 27
is_linear=0
shrinkage=0.01


Tree=244
num_leaves=15
num_cat=0
split_feature=34 52 59 55 66 2 69 3 3 9 48 56 10 58
split_gain=6.40396 6.92649 13.166 9.22591 11.779 22.6019 18.874 11.052 14.6915 8.08707 3.94486 3.19904 3.07059 2.46334
threshold=-1.477897524833679 0.049843475222587592 2.4817136526107793 1.1451916694641116 1.7140261530876162 14919663.000000002 49.999887466430671 1.0000000180025095e-35 1445890.5000000002 133024720.00000001 -0.34906668961048121 2.9804649353027348 1.0000000180025095e-35 -1195007.9999999998
decision_type=2 2 2 2 2 2 2 2 2 2 2 2 2 2
left_child=10 3 -3 4 6 -6 -2 9 -9 -5 -1 13 -4 -12
right_child=1 2 12 7 5 -7 -8 8 -10 -11 11 -13 -14 -15
leaf_value=-0.0023920880506539681 -0.00055833283036177297 -0.015213679810353433 -0.0023259935331256558 -0.0015444481463176968 -0.0056732612768855707 0.0087763198742056604 0.0036645788465949451 -0.0077184677175334716 0.0063923742457836722 0.011535038575818602 0.015062883452762472 0.0014130017611193126 0.010102896510103524 0.0053768815875482366
leaf_weight=3.8071874380111721 242.87846639752388 7.4934246689081174 4.2406252175569534 5.6883344501256969 60.018287628889084 13.163572072982786 187.12727303802967 12.648741647601129 17.679604455828667 24.635596945881844 7.4484940320253408 4.6698627956211558 3.5924827754497528 4.664053335785864
leaf_count=15 821 38 13 16 199 26 469 43 39 42 12 18 8 13
internal_value=0.00110567 0.000908832 -0.00571374 0.00109062 0.000644221 -0.00306048 0.00127704 0.00477761 0.000474333 0.00904854 0.00659388 0.00869198 0.00324658 0.0114158
internal_weight=599.756 579.166 15.3265 563.84 503.188 73.1819 430.006 60.6523 30.3283 30.3239 20.5896 16.7824 7.83311 12.1125
internal_count=1772 1714 59 1655 1515 225 1290 140 82 58 58 43 21 25
is_linear=0
shrinkage=0.01


Tree=245
num_leaves=23
num_cat=0
split_feature=61 55 53 65 39 1 65 39 10 36 40 40 19 60 72 66 1 7 53 71 47 27
split_gain=6.37485 8.13029 9.13149 14.709 16.228 14.1913 13.0162 15.6971 10.8162 7.63056 12.3715 10.598 11.3105 10.4075 9.94657 8.06015 9.20849 7.73293 6.09183 10.098 4.83735 0.483869
threshold=169.38391113281253 -4.1300874948501578 -0.069057174026966081 0.32326108217239385 1.5586454272270205 2924810.0000000005 0.56836912035942089 1.4907308816909792 0.00021034499513916674 -1.7158748507499693 0.99051493406295787 0.80825883150100719 1452.9100341796877 -0.0025725346058607097 -1242436.5624999998 -4.175182342529296 8482987.0000000019 3.7891554832458501 -0.36670462787151331 72906.929687500015 -1.944145619869232 1427456.0000000002
decision_type=2 2 2 2 2 2 2 2 2 2 2 2 2 2 2 2 2 2 2 2 2 2
left_child=1 20 6 4 -4 -5 7 -3 -8 15 11 12 -11 -12 -15 16 -2 -18 -17 -20 -1 -13
right_child=9 2 3 5 -6 -7 8 -9 -10 10 13 21 -14 14 -16 18 17 -19 19 -21 -22 -23
leaf_value=0.0084421617221576203 -0.014775020145540699 0.0061796600816900393 -0.006598363415345576 0.0084386894398547855 0.0016446674435928272 -0.00031064961887424859 -0.010213815956029831 -0.0010800001512871037 0.0043351532704650284 0.001203486538943158 0.014571347317072793 -0.016749653126517893 -0.010569498017404732 -0.00042015279566887261 0.0084332889718873958 0.014696645235940602 -0.0055338220317653879 0.015520880188901003 -0.0087646841336905812 0.0087218613775661997 -0.013048406393297064 -0.0092184959686432109
leaf_weight=1.1799163334071634 3.476132355630396 82.473149552941322 64.900188736617565 24.473627775907516 37.527055412530899 75.639219306409359 13.699231788516046 46.290123607963324 8.0347353070974332 119.66207744181156 10.047625467181204 3.2000423967838278 8.7509506493806821 29.159110575914379 22.196665629744533 11.077487245202063 3.3435300439596176 3.545615017414093 4.0028250217437771 17.758153408765793 6.777687892317771 2.2937366664409637
leaf_count=4 18 212 240 51 111 221 51 158 19 332 16 14 36 87 47 17 19 5 15 43 47 9
internal_value=0.00109506 0.000253767 0.000481778 -0.000900994 -0.00356854 0.00181823 0.00234937 0.00356206 -0.00478926 0.00236419 0.00151616 -0.000180916 0.000393407 0.00523338 0.00338695 0.00617472 -0.00143087 0.00515718 0.00860584 0.00545934 -0.00973622 -0.0137873
internal_weight=599.509 360.995 353.037 202.54 102.427 100.113 150.497 128.763 21.734 238.514 195.31 133.907 128.413 61.4034 51.3558 43.2037 10.3653 6.88915 32.8385 21.761 7.9576 5.49378
internal_count=1772 1114 1063 623 351 272 440 370 70 658 541 391 368 150 134 117 42 24 75 58 51 23
is_linear=0
shrinkage=0.01


Tree=246
num_leaves=21
num_cat=0
split_feature=2 50 2 56 56 47 31 23 67 24 61 45 31 60 27 24 53 53 58 13
split_gain=6.3659 16.087 13.0962 9.54329 10.2591 10.043 9.52447 20.6468 16.5459 8.4962 8.13096 7.95349 11.5301 8.78792 6.90471 7.16642 5.49349 5.15908 2.26059 2.0428
threshold=5536681.5000000009 -0.008766730781644581 4972427.5000000009 -0.27904695272445673 -0.21510955691337583 -0.93731215596199025 -4.1888549327850333 2.5000000000000004 2.5584386587142949 3.5000000000000004 213.446159362793 -0.31622751057147974 -4.4721639156341544 -0.022273039445281025 -1498111.9999999998 5.5000000000000009 -0.26554767787456507 0.20390944927930835 396288.00000000006 123646388.00000001
decision_type=2 2 2 2 2 2 2 2 2 2 2 2 2 2 2 2 2 2 2 2
left_child=1 14 6 5 19 18 7 -3 -8 -4 -11 12 -6 -13 -1 -16 -7 -18 -2 -5
right_child=3 2 9 4 11 16 8 -9 -10 10 -12 13 -14 -15 15 -17 17 -19 -20 -21
leaf_value=-0.013371095471162685 0.00034894248973641324 0.0051912861354964533 0.0055019798634983368 -0.015934540164315555 -0.0064754731129535656 -0.00036645305937729798 0.0011121729570263727 -0.0067481818523419832 -0.0070509095514537838 -0.015239176288769701 0.0012366411990931603 -0.0090857382701263964 0.0015147029962551933 0.0045635894170830979 0.009037601906954771 -0.013056027724947199 0.012425601655288245 0.0023179168727025298 -0.010213183021856719 -0.0033044880219950737
leaf_weight=12.063657201826574 5.8183326572179777 99.197741448879242 3.9605538994073894 3.8270685076713553 22.363524075597525 5.4755666553974143 151.66387747228146 16.893796816468239 29.681773856282234 11.038788001984356 3.9616681039333335 4.9263126626610747 93.836958039551973 91.83347774669528 3.4883390814065924 2.5329732671380043 24.762205839157108 6.6647282987833014 2.9774245321750641 2.2641775161027908
leaf_count=72 17 240 10 17 84 16 442 62 104 52 11 23 269 242 8 14 52 18 11 8
internal_value=0.00108457 0.000164354 0.000691605 0.00224338 0.0013704 0.00640612 0.00120817 0.00344522 -0.000218406 -0.00735889 -0.0108212 0.00174047 -1.44516e-05 0.00385833 -0.00900464 -9.04038e-05 0.00870204 0.0103139 -0.00311272 -0.011404
internal_weight=599.233 334.483 316.398 264.75 219.052 45.6983 297.437 116.092 181.346 18.961 15.0005 212.96 116.2 96.7598 18.085 6.02131 36.9025 31.4269 8.79576 6.09125
internal_count=1772 1015 921 757 643 114 848 302 546 73 63 618 353 265 94 22 86 70 28 25
is_linear=0
shrinkage=0.01


Tree=247
num_leaves=26
num_cat=0
split_feature=67 68 11 13 11 13 0 18 51 24 24 48 67 54 27 26 41 26 60 10 31 26 31 71 10
split_gain=6.32947 11.7994 11.4109 10.4309 19.4228 15.3523 16.8885 14.1588 10.323 10.2842 13.6148 10.7908 10.6343 11.3592 10.4454 9.24597 8.92792 8.25636 6.81413 6.80969 5.87806 9.04968 4.02563 3.0596 3.69369
threshold=-2.2986534833908077 25.6349630355835 38.375000000000007 125488684.00000001 51.329999923706062 105356548.00000001 109763.00000000001 33526.000000000007 -0.025336735881865021 34.500000000000007 12.500000000000002 -0.45644378662109369 -3.6931986808776851 1.1889492869377138 -4177919.9999999995 0.0020357125904411082 1.6535952091217043 0.010714277625083925 -0.0004778454167535528 -0.00048757500189822162 2.2892092466354375 0.0035714261466637258 -7.9645345211029044 370222.28125000006 -0.00013153999316273254
decision_type=2 2 2 2 2 2 2 2 2 2 2 2 2 2 2 2 2 2 2 2 2 2 2 2 2
left_child=9 2 23 5 19 8 -7 -6 -3 10 12 17 15 -14 -13 -1 22 -12 -18 -5 21 -4 -11 24 -2
right_child=1 3 20 4 7 6 -8 -9 -10 16 11 14 13 -15 -16 -17 18 -19 -20 -21 -22 -23 -24 -25 -26
leaf_value=-0.013880964792185238 0.010234640708893478 -0.014674444529656891 0.0019681906018111785 0.015019763015200985 -0.0065265808628384107 0.01008114636341745 -0.012812088493715129 0.0070439121799891844 0.0010444363722805243 -0.00020078352124215529 -0.014071138384448128 0.0019363438979774928 -0.01387872493943073 -0.0010491361237904612 0.01171370123154007 0.0029526006135293069 0.012526069394359912 0.0083501019300984934 -0.0075217137409045254 0.0056374094911561101 0.010016027634374279 -0.0143054403903754 -0.013845530885272751 0.014943532636469059 0
leaf_weight=3.6730435080826274 15.231165736913683 4.2275966107845298 22.603261247277263 15.479232609272005 18.352386213839058 3.985067859292033 16.014093779027462 13.204626902937887 312.75533701479435 2.8040543496608743 5.1958118975162497 27.492870818823576 13.746038675308229 14.225129216909407 18.474488943815231 28.649251934140921 3.3655405938625336 2.3420442193746567 3.3678849861025801 16.419069662690163 6.6711606979370108 4.0208324752748004 12.319193128496408 9.6253392398357374 4.6610919237136867
leaf_count=25 37 23 62 23 66 7 65 28 862 10 27 90 66 51 37 89 7 6 16 38 14 21 69 17 16
internal_value=0.00107426 0.0016313 0.00566434 0.000996173 0.00471654 0.000292643 -0.00820034 -0.000816494 0.000831639 -0.000820577 0.000377759 0.00405728 -0.00287091 -0.00738981 0.00588766 0.00100873 -0.00710557 -0.0069721 0.00235017 0.0102217 0.00161543 -0.000451931 -0.0113817 0.0101975 0.00785081
internal_weight=598.906 463.25 62.8129 400.437 63.4553 336.982 19.9992 31.557 316.983 135.655 113.799 53.5052 60.2935 27.9712 45.9674 32.3223 21.8567 7.53786 6.73343 31.8983 33.2953 26.6241 15.1232 29.5176 19.8923
internal_count=1772 1279 167 1112 155 957 72 94 885 493 391 160 231 117 127 114 102 33 23 61 97 83 79 70 53
is_linear=0
shrinkage=0.01


Tree=248
num_leaves=21
num_cat=0
split_feature=2 50 2 56 56 31 23 51 20 24 26 28 28 39 1 11 60 10 33 13
split_gain=6.22785 15.779 12.8119 9.37211 10.0196 9.31878 20.2312 17.9118 9.26845 8.37057 10.8558 7.97071 16.6807 15.2565 6.731 6.0466 9.77741 3.69271 3.04741 2.03229
threshold=5536681.5000000009 -0.008766730781644581 4972427.5000000009 -0.27904695272445673 -0.21510955691337583 -4.1888549327850333 2.5000000000000004 -0.0087343240156769735 35525.335937500007 3.5000000000000004 0.0018142855260521176 412.56250000000006 74.500000000000014 2.0361577272415166 1277804.0000000002 15.695000171661379 -0.0037280586548149581 -0.00070049997884780158 -1.4858329892158506 123646388.00000001
decision_type=2 2 2 2 2 2 2 2 2 2 2 2 2 2 2 2 2 2 2 2
left_child=1 14 5 8 19 6 -3 -7 15 -4 -11 12 -6 -13 -1 16 -2 -17 -16 -5
right_child=3 2 9 4 11 7 -8 -9 -10 10 -12 13 -14 -15 18 17 -18 -19 -20 -21
leaf_value=0.0038109404846046681 0.010205036100673231 0.0051270345198544346 0.0054577103757428944 -0.01583483739995117 0.0016964825348915985 -0.011810307807165963 -0.0066983492563294977 0.00062124036134185846 -0.0068871899661779035 0.005222243527445122 -0.015265638399698658 0.0010093055667757841 -0.0088038795126222438 0.012026001413191678 0.00054898067775157385 0.016505274157506192 -0.011363561534047452 0.0080234863546866462 -0.013460231002553991 -0.003226347108870931
leaf_weight=3.2589627690613296 4.5990626960992813 99.134448394179344 3.9577664881944683 3.8075965344905844 140.98697369545698 12.441206872463225 16.872873157262802 168.79674019664526 4.669250711798667 3.2366526871919623 11.689998831599949 35.114425249397755 16.934508681297302 19.779921218752861 1.6072919070720679 6.859410777688022 3.8662709146738035 25.523303821682934 13.09204031154513 2.2632419243454933
leaf_count=13 9 240 10 17 422 61 62 485 17 8 55 100 61 35 6 12 15 61 75 8
internal_value=0.00106427 0.000153558 0.000674476 0.00221122 0.00134687 0.00118479 0.00339845 -0.000226614 0.00634579 -0.00730509 -0.0107561 0.00171231 0.000564157 0.00499714 -0.00896075 0.00788291 0.000236139 0.00985101 -0.0118604 -0.011299
internal_weight=598.492 334.088 316.13 264.404 218.887 297.245 116.007 181.238 45.5173 18.8844 14.9267 212.816 157.921 54.8943 17.9583 40.848 8.46533 32.3827 14.6993 6.07084
internal_count=1772 1015 921 757 643 848 302 546 114 73 63 618 483 135 94 97 24 73 81 25
is_linear=0
shrinkage=0.01


Tree=249
num_leaves=16
num_cat=0
split_feature=51 12 28 40 20 72 11 50 3 49 33 28 28 55 59
split_gain=6.19483 7.93352 11.6392 7.83447 7.0155 6.31502 15.6657 13.5577 11.4392 11.1213 10.3775 9.41492 4.73167 1.1212 1.63083
threshold=-0.038843464106321328 115309140.00000001 -77.781249999999986 1.4904878139495852 326.15499877929693 -1287230.1874999998 51.329999923706062 0.0081638307310640829 -2881415.9999999995 0.7433784306049348 -1.1153097152709959 -313.81249999999994 271.43750000000006 4.5020590277999881e-06 0.84745755791664135
decision_type=2 2 2 2 2 2 2 2 2 2 2 2 2 2 2
left_child=4 5 13 12 -1 6 7 -2 -8 10 -7 -11 -4 14 -3
right_child=1 2 3 -5 -6 9 8 -9 -10 11 -12 -13 -14 -15 -16
leaf_value=0.0060695396049192862 0.00010026364840797214 0.01362728450716494 -0.0048035576652686865 -0.015544621201127993 -0.011537996785848288 0.003528252007377085 0.010388928921397807 0.008518742030688543 -0.0070674770859483265 9.8237274180693532e-05 -0.00079247943575838501 0.0084126330068720334 0.0094856488104554503 0.016143567319812192 0.0057732080534494525
leaf_weight=3.1111971363425237 197.14367454499006 6.0434202700853401 3.9678045213222486 2.8704475909471503 7.7651575617492199 92.141660884022713 4.0795819014310828 21.217910513281822 41.918582543730736 20.562952116131783 139.49323485791683 41.808321744203568 5.3842487037181854 4.837060570716857 5.8096867948770523
leaf_count=12 594 13 14 14 76 240 7 44 150 61 427 89 11 6 14
internal_value=0.00105424 0.00119417 0.00630785 -0.00103142 -0.00640939 0.000927585 -0.000190498 0.000922856 -0.00549753 0.00193633 0.00092194 0.00568752 0.00331623 0.0117424 0.00986205
internal_weight=598.155 587.279 28.9127 12.2225 10.8764 558.366 264.36 218.362 45.9982 294.006 231.635 62.3713 9.35205 16.6902 11.8531
internal_count=1772 1684 72 39 88 1612 795 638 157 817 667 150 25 33 27
is_linear=0
shrinkage=0.01


Tree=250
num_leaves=26
num_cat=0
split_feature=67 38 24 24 65 33 48 66 59 59 3 52 59 26 59 72 27 10 36 68 55 70 45 21 68
split_gain=6.17472 11.5744 10.0463 13.2853 13.9827 12.1036 10.5643 10.2241 9.50659 16.8592 19.2374 13.6365 12.6219 8.08435 7.08488 13.5786 7.39538 6.7427 5.67628 4.40719 4.13411 4.2545 3.84189 1.48429 1.04611
threshold=-2.2986534833908077 -2.2369093894958492 34.500000000000007 12.500000000000002 -1.1366977691650388 -0.56382009387016285 -0.45644378662109369 -2.4169313907623287 0.53921237587928783 0.98390281200408947 -657195.99999999988 0.030654257163405422 1.0933429002761843 0.010714277625083925 1.0309537649154665 -2160814.7499999995 -3173375.9999999995 -1.0000000180025095e-35 1.15496301651001 19.999964714050297 -4.1300874948501578 235439.84375000003 -0.31630812585353846 -134559.49999999997 44.474979400634773
decision_type=2 2 2 2 2 2 2 2 2 2 2 2 2 2 2 2 2 2 2 2 2 2 2 2 2
left_child=2 14 3 4 5 -1 13 -8 11 10 -10 18 -11 -5 22 -16 -17 20 -3 -6 21 -4 -2 -13 -24
right_child=1 8 17 6 19 -7 7 -9 9 12 -12 23 -14 -15 15 16 -18 -19 -20 -21 -22 -23 24 -25 -26
leaf_value=-0.0022517067934485087 0.004153599430893681 0.0087594877286798663 -0.013268102087892999 -0.014015357164082443 -0.00036390808253055338 0.012570905334151344 0.0018468502749421443 0.011502068659705654 0.002997979170405677 0.0068980802862361017 -0.0051100089741139823 -0.0034871953185835847 0.0010762573745785827 0.0082025363415466832 0.014761997056619902 0.0025218458564132728 -0.015848021513326153 0.0046256734040685775 -0.001452156118465374 -0.014473020375058696 -0.013903886784337164 0.0018709070124152136 0.010966179151149407 -0.015456246101846503 0.01718488404893688
leaf_weight=39.714406542479992 5.91670337319374 35.970502346754074 2.9997238963842436 5.1613633073866358 2.9476592242717734 6.3938530758023253 27.259853910654783 18.700129419565201 44.540797382593155 45.58026596903801 84.718202337622643 2.0850169956684113 207.31632098555565 2.338349461555481 5.0544914454221717 4.6792073324322692 4.0004436299204817 3.9304479509592047 6.222100004553794 11.119092315435408 10.181269764900208 4.6363483145833015 7.0449326932430285 2.7231392264366141 6.6872148513793945
leaf_count=155 15 78 19 27 10 12 89 38 112 102 286 8 582 6 8 14 18 13 17 54 54 16 17 14 8
internal_value=0.00104419 0.00159471 -0.000829323 0.000354019 -0.00285913 -0.00017456 0.00398949 0.00579711 0.00115075 0.000625828 -0.00230838 0.00539752 0.0021295 -0.00695466 0.00727215 0.00167579 -0.0058296 -0.00705841 0.00722989 -0.0115876 -0.009692 -0.00394528 0.011133 -0.0104739 0.0140674
internal_weight=597.922 462.539 135.382 113.635 60.175 46.1083 53.4597 45.96 429.156 382.156 129.259 47.0008 252.897 7.49971 33.383 13.7341 8.67965 21.7478 42.1926 14.0668 17.8173 7.63607 19.6489 4.80816 13.7321
internal_count=1772 1279 493 391 231 167 160 127 1199 1082 398 117 684 33 80 40 32 102 95 64 89 35 40 22 25
is_linear=0
shrinkage=0.01


Tree=251
num_leaves=15
num_cat=0
split_feature=34 52 59 58 50 48 26 20 46 63 10 7 50 10
split_gain=6.14651 6.73666 12.8502 8.75823 11.3677 7.20621 6.95343 11.8559 8.11851 5.84456 3.86303 9.01327 4.86991 2.99258
threshold=-1.477897524833679 0.049843475222587592 2.4817136526107793 -4104831.9999999995 -0.012658933643251656 -0.45289829373359675 0.0014571420033462348 40230.279296875007 1.4039453864097597 0.33755397796630865 -0.00070049997884780158 2.2762039899826054 -0.0053773601539432994 1.0000000180025095e-35
decision_type=2 2 2 2 2 2 2 2 2 2 2 2 2 2
left_child=10 3 -3 4 5 -2 8 -8 -5 -6 -1 -12 -13 -4
right_child=1 2 13 6 9 -7 7 -9 -10 -11 11 12 -14 -15
leaf_value=0.013047768183765091 0.0080811350591375349 -0.015129648044782474 -0.0023655594595565943 0.0043173816607204795 -4.5319628250641971e-05 -0.01365565457670148 -0.00024432330953109499 0.0065320791245518086 -0.0052814825218392312 0.011028858824400807 0.011415835964166447 -0.013483382317458116 0.0030626551795976719 0.0099040513083601123
leaf_weight=6.2453162893652943 2.3158789873123169 7.4457985460758191 4.2410493344068527 79.241520993411541 5.8399224653840092 4.2585066370666018 410.63684328645468 27.542063862085342 9.8242759853601438 22.203079044818878 7.1189229786396009 3.2643814980983743 3.7513168007135382 3.5938416421413422
leaf_count=13 7 38 13 212 19 28 1253 64 33 39 13 19 13 8
internal_value=0.00103447 0.000841887 -0.00569943 0.00102157 0.00589797 -0.00584659 0.000699501 0.00017933 0.00324736 0.00868701 0.00643917 0.00344845 -0.00449362 0.00313484
internal_weight=597.523 577.143 15.2807 561.862 34.6174 6.57439 527.245 438.179 89.0658 28.043 20.3799 14.1346 7.0157 7.83489
internal_count=1772 1714 59 1655 93 35 1562 1317 245 58 58 45 32 21
is_linear=0
shrinkage=0.01


Tree=252
num_leaves=20
num_cat=0
split_feature=2 50 2 11 68 51 56 56 20 24 26 28 28 39 25 27 53 43 40
split_gain=6.05618 15.4533 12.5734 9.20943 17.527 11.2213 9.09761 9.84612 9.11051 8.19824 10.6418 7.80601 16.2641 14.8783 7.46002 6.7539 7.00377 3.91937 1.93298
threshold=5536681.5000000009 -0.008766730781644581 4972427.5000000009 67.684997558593764 77.777580261230483 0.0049910955131053933 -0.27904695272445673 -0.21510955691337583 35525.335937500007 3.5000000000000004 0.0018142855260521176 412.56250000000006 74.500000000000014 2.0361577272415166 4511.0000000000009 -1498111.9999999998 -0.091120250523090349 1775602.4375000002 0.86441209912300121
decision_type=2 2 2 2 2 2 2 2 2 2 2 2 2 2 2 2 2 2 2
left_child=1 15 3 5 -5 -3 8 18 14 -4 -11 12 -9 -13 17 -1 -17 -2 -8
right_child=6 2 9 4 -6 -7 7 11 -10 10 -12 13 -14 -15 -16 16 -18 -19 -20
leaf_value=-0.013284234611280157 0.01060055444537168 0.00045434502002050147 0.0053560520128426437 0.0036021219481590086 -0.017124386144903355 0.0051665725438487077 -0.015710147198727334 0.0016493187854572577 -0.0068882356766794195 0.0051286935942849799 -0.015189360949690566 0.00097985612693396755 -0.0087345071502736189 0.011867681610609153 -0.0042131283027572646 0.0088442854139268532 -0.013156992377851629 0.00071394753228083826 -0.0033687381721392408
leaf_weight=11.879666846245529 31.234282493591309 214.25913760066032 3.9493625611066845 8.5460991635918635 7.7022126987576476 66.375228926539421 3.7829080969095221 140.77640048786998 4.6578514724969855 3.2265868782997122 11.628870591521261 35.060510583221912 16.881731867790222 19.750549592077732 4.4995125234127036 3.5024793297052383 2.4634549468755713 4.8522025272250167 2.2626885324716568
leaf_count=72 68 636 10 22 35 155 17 422 17 8 55 100 61 35 15 9 13 14 8
internal_value=0.00102452 0.000125887 0.000640616 0.0011458 -0.00616135 0.00157244 0.00215709 0.00130621 0.00624446 -0.00728185 -0.010709 0.00166838 0.000531096 0.00492141 0.00777628 -0.0089236 -7.28689e-05 0.00929891 -0.0112565
internal_weight=597.292 333.533 315.687 296.883 16.2483 280.634 263.759 218.515 45.2438 18.8048 14.8555 212.469 157.658 54.8111 40.586 17.8456 5.96593 36.0865 6.0456
internal_count=1772 1015 921 848 57 791 757 643 114 73 63 618 483 135 97 94 22 82 25
is_linear=0
shrinkage=0.01


Tree=253
num_leaves=20
num_cat=0
split_feature=61 1 38 50 45 46 40 34 36 4 17 33 66 7 55 21 51 66 54
split_gain=6.10869 10.4584 8.9476 15.8682 8.28205 13.5444 16.2761 13.1565 13.702 12.5476 8.19105 8.03035 7.92315 13.032 6.52857 8.87384 6.07961 5.9708 0.00840223
threshold=162.2011413574219 1171332.5000000002 -2.2369093894958492 -0.0045249161776155225 -0.3690346479415893 -0.61913523077964772 -0.36572951078414911 1.2586429715156557 -1.4722261428833006 553838.78125000012 18763.500000000004 1.2949545979499819 -4.9197905063629142 3.7891554832458501 1.3358141586650165e-05 -423.49999999999994 -0.013334121555089949 -0.72669571638107289 1.4862807393074038
decision_type=2 2 2 2 2 2 2 2 2 2 2 2 2 2 2 2 2 2 2
left_child=1 -1 12 14 7 6 -6 8 -3 -7 11 -5 13 -2 18 -16 -14 -18 -4
right_child=2 4 3 10 5 9 -8 -9 -10 -11 -12 -13 16 -15 15 -17 17 -19 -20
leaf_value=-0.014069029000447588 -0.014252541428158164 -0.0045087991616350413 -0.015930856209680006 0.0017466594385049225 -0.015163089072195884 -0.00044087229596889862 -0.0019637996904839456 -0.015061985254730816 0.0058424520971685993 0.0065899256277238494 -0.011516757293540743 0.0079919239021834683 0.016306389436734618 0.010948954254670936 0.0061243967293295593 -0.016424579731746748 -0.0005337670618742942 0.011075786947373149 -0.012157601481809889
leaf_weight=5.1039638146758071 4.1191038861870748 15.692758757621048 4.468377500772478 178.07524057477713 12.32728537917137 166.79758297652006 39.599413935095072 3.8241361007094374 67.02338008955121 29.904557153582573 4.2475008368492118 23.442999273538589 8.9829408228397352 4.0678577721118927 5.1296832859516144 2.6320769637823096 7.5861307680606869 10.141190513968469 3.8251059651374817
leaf_count=30 25 63 20 484 59 509 135 19 171 71 19 49 13 8 12 12 22 24 27
internal_value=0.00101479 0.000133028 0.00217964 0.00143345 0.000352281 -0.000571747 -0.00511654 0.00301855 0.00386654 0.000622934 0.0021844 0.00247815 0.00689404 -0.00160852 -0.00812842 -0.00139331 0.0095376 0.00605125 -0.0143111
internal_weight=596.991 340.273 256.718 221.821 335.169 248.629 51.9267 86.5403 82.7161 196.702 205.766 201.518 34.8972 8.18696 16.0552 7.76176 26.7103 17.7273 8.29348
internal_count=1772 1057 715 623 1027 774 194 253 234 580 552 533 92 33 71 24 59 46 47
is_linear=0
shrinkage=0.01


Tree=254
num_leaves=23
num_cat=0
split_feature=61 55 53 55 39 39 61 66 36 50 40 40 60 66 72 31 49 47 35 49 30 51
split_gain=6.00602 7.85388 8.99818 14.3534 12.0657 10.0748 23.5526 17.1142 7.28742 21.2579 10.2777 11.3764 9.03788 7.74966 8.74817 6.59041 8.55772 4.7217 3.257 2.8904 2.70774 1.06167
threshold=169.38391113281253 -4.1300874948501578 -0.069057174026966081 -0.32607781887054438 2.3021380901336674 1.4907308816909792 94.888950347900405 1.8461272120475771 -1.7158748507499693 -0.0045249161776155225 0.99051493406295787 0.80825883150100719 -0.0025725346058607097 -4.175182342529296 -938507.24999999988 -5.6453557014465323 0.23799931257963183 -1.944145619869232 -2.4256471395492549 1.0656993985176089 0.29938843846321112 -0.0080161159858107549
decision_type=2 2 2 2 2 2 2 2 2 2 2 2 2 2 2 2 2 2 2 2 2 2
left_child=1 17 5 19 -5 7 -7 -3 13 18 11 -11 -12 14 20 21 -17 -1 -10 -4 -2 -15
right_child=8 2 3 4 -6 6 -8 -9 9 10 12 -13 -14 15 -16 16 -18 -19 -20 -21 -22 -23
leaf_value=0.0083421178639307408 0.00093469864769897722 0.005375343802715731 -0.015736596101756425 -0.0017274974645793775 0.0042296526989707307 0.0029934997968401426 -0.011573535154849353 -0.011299996539029774 -0.00024191295862031087 0.001211384674669933 0.014320524906724093 -0.013765623182642656 0.0038460777407662919 0.017303376852293384 0.0083324575528446639 0.0077565156688193552 -0.009490332789614404 -0.013001921353864852 -0.015085476332452274 -0.0026068465501069738 -0.014364197090324684 0.010894669716854009
leaf_weight=1.1671237945556638 1.4518029056489465 89.206578060984612 7.5598309040069562 147.66125310212374 44.136665649712086 38.703750692307949 15.540517061948774 6.5757697969675055 1.9545639529824246 119.26131780445576 10.03787726163864 5.2914036214351645 49.314216062426567 5.9947562217712402 4.7501529604196531 15.762509539723402 3.4730071276426306 6.6818255297839633 8.5388866141438466 2.4024354889988899 4.0592370890080929 7.1446207314729637
leaf_count=4 8 232 34 466 114 117 65 26 9 327 16 22 124 7 12 36 13 47 43 9 22 19
internal_value=0.00100508 0.000187523 0.000410989 -0.000964662 -0.00035142 0.00226767 -0.0011614 0.00422009 0.00224128 0.00141339 0.00220791 0.000567084 0.00563441 0.00599257 -0.0014979 0.00839756 0.00459058 -0.0097007 -0.0124159 -0.0126707 -0.0101525 0.0138947
internal_weight=596.67 359.636 351.787 201.76 191.798 150.027 54.2443 95.7823 237.034 194.398 183.905 124.553 59.3521 42.6361 10.2612 32.3749 19.2355 7.84895 10.4935 9.96227 5.51104 13.1394
internal_count=1772 1114 1063 623 580 440 182 258 658 541 489 349 140 117 42 75 49 51 52 43 30 26
is_linear=0
shrinkage=0.01


Tree=255
num_leaves=17
num_cat=0
split_feature=51 2 2 50 11 33 56 56 10 47 24 68 20 52 72 9
split_gain=5.96979 7.23843 14.6906 11.7349 16.373 12.7038 8.18692 9.87117 11.0461 9.05471 7.96449 9.29835 6.94022 5.37831 2.27261 1.81592
threshold=-0.038843464106321328 5536681.5000000009 4972427.5000000009 -0.0036321002990007396 67.684997558593764 -1.4194197058677671 -0.27904695272445673 -0.21510955691337583 -0.00047149999591056252 -0.93731215596199025 3.5000000000000004 1.0000000180025095e-35 326.15499877929693 0.023078292608261112 -1013249.4999999999 203013656.00000003
decision_type=2 2 2 2 2 2 2 2 2 2 2 2 2 2 2 2
left_child=12 2 3 5 -5 -2 9 15 -9 14 -4 -12 -1 -11 -3 -8
right_child=1 6 10 4 -6 -7 7 8 -10 13 11 -13 -14 -15 -16 -17
leaf_value=0.0060431102146817654 0.0057053962238822788 -0.0070806976945813728 0.0041744935491275234 0.0020835640352611113 -0.0088618448910743296 -0.0071174920835328608 -0.015738153954372169 0.0049840091959866203 0.00014797091298095487 0.0099551413389025109 0.0019830572653613023 -0.015244149557020777 -0.011517796135558223 -0.0014090474519283334 0.0034269160749467527 -0.0037195157952140076
leaf_weight=3.1024156436324102 9.9872976839542371 5.2164430469274521 4.2163843512535122 253.05305530130863 14.419129483401774 33.165296286344528 3.5689366906881324 75.208279259502888 128.1721298545599 31.616834342479706 4.0252533927559879 12.734043151140211 7.6696807555854321 4.6227289140224448 3.2548783272504789 2.3321336209774017
leaf_count=12 24 18 12 699 54 134 16 186 367 72 14 59 76 13 8 8
internal_value=0.000995515 0.00113266 0.000156405 0.000706318 0.00148977 -0.00412657 0.00240329 0.00156708 0.00194121 0.00629499 -0.00793948 -0.0110468 -0.00636734 0.00847793 -0.00292538 -0.0111578
internal_weight=596.365 585.593 331.6 310.625 267.472 43.1526 253.992 209.281 203.38 44.7109 20.9757 16.7593 10.7721 36.2396 8.47132 5.90107
internal_count=1772 1684 996 911 753 158 688 577 553 111 85 73 88 85 26 24
is_linear=0
shrinkage=0.01


Tree=256
num_leaves=27
num_cat=0
split_feature=67 68 13 13 0 51 41 51 8 39 41 27 31 37 10 8 46 21 39 8 38 1 69 2 10 14
split_gain=5.98928 11.1259 10.1388 14.9096 16.3335 13.9282 10.3991 10.0223 9.81841 15.5126 14.7154 16.3436 14.3825 14.4961 8.03144 8.0006 7.07602 11.749 6.01694 11.9124 5.96033 5.24242 5.54512 4.3904 3.1095 2.95203
threshold=-2.2986534833908077 25.6349630355835 125488684.00000001 105356548.00000001 109763.00000000001 -0.013334121555089949 -1.8441144227981565 -0.025336735881865021 1.296299993991852 -0.20802918821573255 2.7156027555465703 -15633151.999999998 -0.87868228554725636 -3.0046533346176143 -0.00079757999628782261 1.0683744549751284 -0.3699298202991485 -24777.999999999996 -0.34555193781852717 0.97574999928474437 -2.343869566917419 3856691.0000000005 19.999964714050297 6991161.0000000009 -0.00017327999375993383 0.36052501201629644
decision_type=2 2 2 2 2 2 2 2 2 2 2 2 2 2 2 2 2 2 2 2 2 2 2 2 2 2
left_child=8 16 3 7 -5 -4 -7 -3 9 18 11 20 13 -11 -13 -14 21 23 19 -1 -10 22 -2 -18 -19 -23
right_child=1 2 5 4 -6 6 -8 -9 10 12 -12 14 15 -15 -16 -17 17 24 -20 -21 -22 25 -24 -25 -26 -27
leaf_value=0.0079538874315625337 -0.0034249456549096213 -0.0146257205578312 0.015897158661553782 0.0098669301427042038 -0.01271770410900594 -0.0072233156503714148 0.004584292457030013 0.00096047681008406649 0.013499067335490639 0.0068902066296044348 0.0091588937912602791 0.0027623300293173883 0.010001313281478231 -0.0067833431141892447 -0.013710341628371533 -0.0062719338513720921 0.007633481480474315 -0.016019870258865167 0.014987651690742312 -0.012414121907559758 -0.0045364222862495232 0.0068323022644120662 0.008136170762372481 -0.0054326603921269305 -0.00044456532926399168 0.014933707963825182
leaf_weight=16.093189164996154 6.1800197735428837 4.1744873821735373 9.3237293735146505 3.9576106667518642 15.931104145944117 8.8902082592248899 44.911538124084473 312.11877416074276 4.0518417358398438 9.4136304520070535 6.0430576950311652 3.3011655509471884 13.226581115275623 42.523679569363594 22.246277622878555 3.8358146101236335 14.470773592591291 3.9785402081906796 7.4398489296436301 3.464242246001958 3.2356964983046046 8.1907575875520724 12.058680057525633 3.0353940576314917 2.0902595296502104 11.909298822283743
leaf_count=39 21 23 14 7 65 32 109 862 8 29 13 10 33 183 116 15 35 19 15 17 15 26 29 11 7 19
internal_value=0.000985989 0.00152882 0.000914238 0.000220626 -0.00817336 0.00459231 0.00261461 0.000751606 -0.000862886 0.000845215 -0.00510622 -0.00776207 -0.00165748 -0.00428576 -0.0115426 0.0062843 0.0054764 0.00111589 0.00727865 0.00429493 0.00535402 0.00813164 0.00416396 0.00531082 -0.0108201 0.0116821
internal_weight=596.096 461.221 399.307 336.182 19.8887 63.1255 53.8017 316.293 134.875 95.997 38.878 32.835 68.9997 51.9373 25.5474 17.0624 61.9137 23.575 26.9973 19.5574 7.28754 38.3388 18.2387 17.5062 6.0688 20.1001
internal_count=1772 1279 1112 957 72 155 141 885 493 331 162 149 260 212 126 48 167 72 71 56 23 95 50 46 26 45
is_linear=0
shrinkage=0.01


Tree=257
num_leaves=15
num_cat=0
split_feature=34 52 59 55 66 2 68 3 35 9 10 7 61 10
split_gain=5.90907 6.60819 12.4841 8.83739 12.2967 17.51 15.6277 8.60351 17.9924 16.3514 3.78347 8.83973 5.7848 2.93868
threshold=-1.477897524833679 0.049843475222587592 2.4817136526107793 0.99141448736190807 2.0068067312240605 14919663.000000002 73.544292449951186 1.0000000180025095e-35 1.728320360183716 125477156.00000001 -0.00070049997884780158 2.2762039899826054 206.94745635986331 1.0000000180025095e-35
decision_type=2 2 2 2 2 2 2 2 2 2 2 2 2 2
left_child=10 3 -3 4 6 -6 -2 9 -9 -5 -1 -12 -13 -4
right_child=1 2 13 7 5 -7 -8 8 -10 -11 11 12 -14 -15
leaf_value=0.012877467244066614 0.00058659253397990384 -0.015042731384454128 -0.0024629915405961051 -0.0054765275763112844 -0.0068255081947702773 0.0077836773589383271 0.0088623785483150884 -0.0081087912371406463 0.0068298221459658142 0.011119706821200108 0.011233979190066924 -0.0136178601966391 0.0045273117073254291 0.0097039667204934198
leaf_weight=6.1811100281775024 413.57338827848434 7.3951760083436948 4.2359024584293365 7.3955355733633033 43.154524311423302 10.072147205471991 24.184600308537483 13.766743153333662 19.425729408860207 28.708091467618942 7.0690462440252286 3.5371785089373589 3.3806073218584061 3.592329204082489
leaf_count=13 1275 38 13 23 149 21 47 49 41 50 13 19 13 8
internal_value=0.000976838 0.000788402 -0.00570285 0.000966561 0.000492437 -0.00404221 0.00104609 0.00431145 0.000603831 0.0076924 0.0063044 0.00332811 -0.00460606 0.00299261
internal_weight=595.672 575.504 15.2234 560.281 490.985 53.2267 437.758 69.2961 33.1925 36.1036 20.1679 13.9868 6.91779 7.82823
internal_count=1772 1714 59 1655 1492 170 1322 163 90 73 58 45 32 21
is_linear=0
shrinkage=0.01


Tree=258
num_leaves=24
num_cat=0
split_feature=67 27 59 68 58 52 11 36 68 67 40 22 14 36 51 33 3 2 55 44 66 28 46
split_gain=5.87493 10.7142 12.9461 17.231 14.9385 12.93 12.0141 17.3655 19.4899 14.8542 18.5613 11.4045 9.48558 8.47514 8.40389 9.11474 9.93646 9.37153 7.89469 7.38927 13.933 5.65623 1.48151
threshold=-2.0167539119720455 -1987583.9999999998 0.53921237587928783 49.802135467529304 -394239.99999999994 0.030654257163405422 47.260000228881843 1.3330373764038088 75.00000381469728 2.1679917573928837 0.54404675960540783 54560.259765625007 1.3049999475479128 1.1104328036308291 1.0000000180025095e-35 -0.61187815666198719 -114785.49999999999 1511897.5000000002 4.5020590277999881e-06 1267199.6875000002 -2.162092804908752 747.84375000000011 0.42625190317630773
decision_type=2 2 2 2 2 2 2 2 2 2 2 2 2 2 2 2 2 2 2 2 2 2 2
left_child=14 6 5 4 -4 13 9 8 -8 12 -11 -5 -2 -3 15 16 17 -1 -18 20 -17 -9 -7
right_child=1 2 3 11 -6 22 7 21 -10 10 -12 -13 -14 -15 -16 19 18 -19 -20 -21 -22 -23 -24
leaf_value=0.017579892750461075 0.0074614093441016842 0.010535287401250332 -0.00013110780529908094 -0.00027087636327397614 -0.014519637533125955 -0.015051432809762769 -0.0047160442874688985 0.014172714488052176 0.0092254326212542741 -0.01774113887299042 0.010186243772058101 0.0092065993359783851 -0.0059411147144386271 -0.0033094396518104931 -0.014616314332415508 0.0059503734268387468 -0.012250139523622701 -0.00088375630388168606 0.0053924204489642193 0.012791850599205443 -0.014332685983016022 0.0017013721372102315 -0.0027308143523705705
leaf_weight=2.8227297216653815 93.074307307600975 25.617606863379482 13.685697272419931 176.2164843454957 15.60435291752219 2.5390347987413397 50.801470436155796 10.235562428832056 12.462203457951544 5.7599931657314283 4.0092285573482513 13.67197625339031 5.5144632011651984 5.21983978152275 4.2324756085872641 15.377921633422377 13.026829972863199 102.06263500824571 3.0622780025005332 8.2403449937701208 4.3314782008528736 5.9441521167755118 1.9567622393369672
leaf_count=4 218 49 41 510 72 13 166 15 23 24 7 26 19 15 20 40 61 380 9 15 22 15 8
internal_value=0.000967431 0.00155263 0.000211503 -0.00068996 -0.00783078 0.00583174 0.00336483 0.000397341 -0.00195393 0.00553124 -0.00617755 0.000406236 0.00670161 0.00815937 -0.000716089 -0.000314326 -0.00150976 -0.000377319 -0.00883004 0.00482408 0.00144209 0.00965276 -0.00991141
internal_weight=595.47 442.313 254.512 219.179 29.2901 35.3332 187.801 79.4434 63.2637 108.358 9.76922 189.888 98.5888 30.8374 153.157 148.924 120.974 104.885 16.0891 27.9497 19.7094 16.1797 4.4958
internal_count=1772 1221 734 649 113 85 487 219 189 268 31 536 237 64 551 531 454 384 70 77 62 30 21
is_linear=0
shrinkage=0.01


Tree=259
num_leaves=17
num_cat=0
split_feature=12 31 60 69 18 56 70 68 8 67 27 37 46 13 48 44
split_gain=5.87539 8.32316 8.06934 7.60202 14.7461 14.6891 11.499 10.7025 9.36001 8.44208 5.08307 3.55421 4.40218 3.35436 3.25937 1.1668
threshold=115309140.00000001 0.45152553915977484 0.033063186332583434 1.0000000180025095e-35 879.50000000000011 4.9851591587066659 1211852.9375000002 24.999990463256839 1.2728875279426577 -2.1888964176177974 -13708287.999999998 -1.7886936664581297 -0.2268228083848953 162433568.00000003 -0.55334618687629689 275128.79687500006
decision_type=2 2 2 2 2 2 2 2 2 2 2 2 2 2 2 2
left_child=2 10 3 4 6 -6 -1 8 -5 -9 13 15 -13 -2 -4 -12
right_child=1 -3 14 7 5 -7 -8 9 -10 -11 11 12 -14 -15 -16 -17
leaf_value=-0.014541069372158899 0.0066124704192337992 -0.0077572761182705917 0.00069406792438334562 0.0067470629107926174 0.0029423124860791746 -0.0055803749164128206 0.0095007698316251256 -0.004278872635840902 -0.0011844816284075565 0.00116300629603242 0.0086200662902541393 -0.0045017986484416975 0.011545756502237893 -0.011057038283150347 -0.014642154005880498 0.014819799786371449
leaf_weight=12.648901998996733 2.0188019126653733 4.1465570181608191 1.7844151705503462 59.361323207616806 57.933276195079088 31.065814767032862 2.3082785457372657 31.020974785089493 19.585807979106903 344.5729670599103 6.5809425711631837 3.4614317715167999 3.2806896269321397 2.2237900905311108 4.755175292491912 8.2746402695775014
leaf_count=65 6 16 6 157 174 140 5 116 63 933 19 14 6 14 25 13
internal_value=0.000958418 0.00527721 0.000727447 0.000858414 -0.00157662 -2.13608e-05 -0.0107639 0.00141752 0.00476668 0.000710889 0.00740753 0.00938304 0.00315856 -0.00241345 -0.0103045 0.0121407
internal_weight=595.024 29.9869 565.037 558.497 103.956 88.9991 14.9572 454.541 78.9471 375.594 25.8403 21.5977 6.74212 4.24259 6.53959 14.8556
internal_count=1772 88 1684 1653 384 314 70 1269 220 1049 72 52 20 20 31 32
is_linear=0
shrinkage=0.01


Tree=260
num_leaves=19
num_cat=0
split_feature=34 40 50 55 53 59 67 65 30 9 13 34 12 10 6 46 56 28
split_gain=5.81606 6.27301 9.52503 10.5136 12.6444 10.3283 13.2628 10.4299 8.29634 7.21244 13.6625 5.73717 3.82554 3.6864 6.36115 9.27843 7.49869 3.66155
threshold=-1.477897524833679 2.0584422349929814 -0.013425439596176146 -0.22233347594738004 0.11860606074333192 0.53921237587928783 -2.473142027854919 2.8211710453033452 0.91296705603599559 156937272.00000003 96228056.000000015 -1.2354001402854917 121943804.00000001 -0.00070049997884780158 -17221895167.999996 0.42625190317630773 -1.0338434576988218 231.00000000000003
decision_type=2 2 2 2 2 2 2 2 2 2 2 2 2 2 2 2 2 2
left_child=13 2 3 12 -5 6 -4 -7 9 11 -11 -3 -2 -1 15 16 -15 -10
right_child=1 8 5 4 -6 7 -8 -9 17 10 -12 -13 -14 14 -16 -17 -18 -19
leaf_value=0.012755767884966018 -0.013499951396366972 0.020783566687384285 -0.014564145184932176 0.004957364038966231 -0.015538936104408856 0.00050218566952583564 0.0063912388145915388 -0.0083727424245678226 -0.014957457848042128 -0.0053625474056376412 0.0063456136723227538 0.0068787829844471435 0.002417891205482824 0.0087967113928879154 0.013252596890794451 0.014599542288629591 -0.014124507761539408 0.0018263793639607662
leaf_weight=6.148857485502961 12.064324613660576 3.7202246040105846 3.2028562724590293 13.050679638981821 3.9104671925306311 410.52588345110416 46.704449601471424 13.677385263144968 3.2799281924962989 15.311772517859934 28.287203125655651 17.374113410711288 1.6072723753750313 1.957257807254791 4.4053317010402653 2.6384134292602539 4.901140108704567 1.991996958851814
leaf_count=13 79 5 16 38 18 1200 112 51 15 54 69 41 9 7 7 4 27 7
internal_value=0.000949246 0.000762555 0.00037137 -0.0050289 0.000172893 0.000722396 0.00502637 0.000213678 0.00357035 0.00456341 0.00221082 0.00937845 -0.0115555 0.00625038 0.00330114 -0.00120979 -0.00743742 -0.008426
internal_weight=594.76 574.709 504.743 30.6327 16.9611 474.111 49.9073 424.203 69.9652 64.6933 43.599 21.0943 13.6716 20.051 13.9021 9.49681 6.8584 5.27193
internal_count=1772 1714 1523 144 56 1379 128 1251 191 169 123 46 88 58 45 38 34 22
is_linear=0
shrinkage=0.01


Tree=261
num_leaves=22
num_cat=0
split_feature=2 2 27 70 27 43 69 39 24 68 56 56 22 28 28 39 11 60 58 13 57
split_gain=5.73713 14.3401 11.6681 12.477 11.6862 16.2549 16.1324 10.7995 10.647 8.87089 8.58081 9.39352 8.42529 7.628 15.8199 14.312 6.18457 10.4049 3.87537 1.92739 0.402076
threshold=5536681.5000000009 4972427.5000000009 -3915263.9999999995 192860.86718750003 -1987583.9999999998 1279750.8125000002 1.0000000180025095e-35 1.034786105155945 1.5000000000000002 1.0000000180025095e-35 -0.27904695272445673 -0.21510955691337583 37649.779296875007 412.56250000000006 74.500000000000014 2.0361577272415166 15.695000171661379 -0.0042214859277009955 2274304.0000000005 123646388.00000001 1.649490535259247
decision_type=2 2 2 2 2 2 2 2 2 2 2 2 2 2 2 2 2 2 2 2 2
left_child=1 2 3 20 6 -6 -4 -5 -3 -10 12 19 16 14 -13 -15 17 -2 -18 -12 -1
right_child=10 8 4 7 5 -7 -8 -9 9 -11 11 13 -14 15 -16 -17 18 -19 -20 -21 -22
leaf_value=-0.01612095233691371 0.010478774768563027 0.007970507148035863 -0.0058612182147478077 0.0033483005180774939 0.00032450275260756482 -0.016550467458846765 0.0056731268334306705 -0.0099415492902090574 0.0015021250355025345 -0.015070870056986681 -0.015563789848760426 0.0015527477575342265 -0.0068374003918918657 0.00092373036609892829 -0.0087101567439869208 0.011621177784479188 0.0075963940131796416 -0.011587352301577572 0.016210302907496879 -0.0031838492065156339 -0.0098579795528200582
leaf_weight=7.024142310023306 4.4877409785985947 3.4427529051899937 14.03732658177614 17.627346694469455 169.04806634783745 5.9058373123407355 85.871498242020607 9.3293250203132612 4.1150630973279503 13.405124083161352 3.7531335800886145 140.2130713313818 4.4859091639518729 34.958495542407036 16.810959011316299 19.676902577280998 24.549144513905052 4.0793184190988523 7.0546793118119231 2.2365933433175087 2.3650395013391972
leaf_count=33 9 8 61 52 500 26 202 39 16 63 17 422 16 100 61 35 62 16 11 8 15
internal_value=0.000940254 6.41673e-05 0.000606409 -0.00471241 0.00131337 -0.000239422 0.00404253 -0.00121403 -0.00793806 -0.0111212 0.00204588 0.00122085 0.00604452 0.00157447 0.000447635 0.00479471 0.00750795 0 0.00955085 -0.011108 -0.0146499
internal_weight=594.477 332.172 311.209 36.3459 274.863 174.954 99.9088 26.9567 20.9629 17.5202 262.306 217.649 44.6568 211.659 157.024 54.6354 40.1709 8.56706 31.6038 5.98973 9.38918
internal_count=1772 1015 928 139 789 526 263 91 87 79 757 643 114 618 483 135 98 25 73 25 48
is_linear=0
shrinkage=0.01


Tree=262
num_leaves=20
num_cat=0
split_feature=61 55 27 51 10 55 27 2 2 25 40 40 36 7 44 28 47 18 66
split_gain=5.76038 7.57827 7.732 13.4232 19.0667 13.2612 8.52898 24.0834 17.4455 7.13322 7.27067 13.0309 12.4931 11.2376 13.7815 7.03451 4.55158 2.47296 0.687715
threshold=169.38391113281253 -4.1300874948501578 -1831935.9999999998 0.0025592449819669132 -0.00051949999760836352 -0.25782464444637293 -3006463.9999999995 5536681.5000000009 8267388.5000000009 72487.000000000015 0.99051493406295787 0.80825883150100719 -1.7158748507499693 2.7103769779205327 290679.12500000006 -880.21874999999989 -1.944145619869232 117636.50000000001 -1.0000000180025095e-35
decision_type=2 2 2 2 2 2 2 2 2 2 2 2 2 2 2 2 2 2 2
left_child=1 16 6 4 -4 -5 7 -3 -8 10 11 12 -2 14 -12 -15 -1 -11 -13
right_child=9 2 3 5 -6 -7 8 -9 -10 17 13 18 -14 15 -16 -17 -18 -19 -20
leaf_value=0.0080594437001158745 0.0074216870618792488 -0.006132350719817839 0.0031752300387832412 -0.016651611264312714 -0.0092100666348314906 0.0021810399208039024 0.0062019785519015882 0.0026807971438867306 -0.013036796016648311 -0.015520028570162419 0.0029854992053016238 -0.0082522321170394753 0.00035673829345107447 -0.0001386616088612505 -0.01815344546330273 0.010680772447054959 -0.01293667425826666 -0.0012924582432352375 -0.016764512759949675
leaf_weight=1.1631833314895628 31.447201162576675 42.796977862715721 18.177129030227661 3.9365272074937812 38.636257134377956 71.932096347212791 57.648257561028004 112.46614837646484 5.1033590883016577 2.9072380959987631 26.405403342098001 2.1402285285294056 124.38549661636353 7.1802830062806597 3.4890955090522757 31.899267815053463 6.5778212510049334 2.3926709890365601 3.4770093262195578
leaf_count=4 81 168 53 17 155 197 138 315 20 13 69 10 357 25 15 64 47 9 15
internal_value=0.000931316 0.000129856 0.000348637 -0.00155099 -0.00522986 0.00119071 0.00150932 0.000245086 0.00462142 0.00214576 0.00241303 0.00124381 0.00178887 0.00513537 0.000484845 0.00866727 -0.00965256 -0.0092856 -0.0136993
internal_weight=594.162 358.438 350.697 132.682 56.8134 75.8686 218.015 155.263 62.7516 235.724 230.424 161.45 155.833 68.974 29.8945 39.0796 7.741 5.29991 5.61724
internal_count=1772 1114 1063 422 208 214 641 483 158 658 636 463 438 173 84 89 51 22 25
is_linear=0
shrinkage=0.01


Tree=263
num_leaves=13
num_cat=0
split_feature=51 12 28 26 60 58 72 24 20 45 55 71
split_gain=5.71178 7.4142 11.0357 9.83616 7.1756 6.89175 9.00004 6.87418 6.87415 2.4777 1.09324 1.50952
threshold=-0.038843464106321328 115309140.00000001 -77.781249999999986 0.002742857788689435 0.033063186332583434 -4104831.9999999995 -1287230.1874999998 16.500000000000004 326.15499877929693 -0.42410838603973383 4.5020590277999881e-06 314513.21875000006
decision_type=2 2 2 2 2 2 2 2 2 2 2 2
left_child=8 4 10 -4 5 7 -7 -2 -1 -6 11 -3
right_child=1 2 3 -5 9 6 -8 -9 -10 -11 -12 -13
leaf_value=0.0060254074670455801 -0.0011482807835485581 0.012784799835995175 0.0050576864832684466 -0.014199559532206293 -0.0011123911474034322 -0.00075467289982942697 0.0018848907232118016 0.0088015572240807381 -0.011497205580543053 -0.015008190046370358 0.015790107177338256 0.005033974441041509
leaf_weight=3.0962861403822881 10.168368376791479 6.5611885040998512 8.1248635649681074 3.9240248054265967 2.1881631314754486 243.16640345752239 274.71807950735092 20.823378995060921 7.5688962489366531 3.7864855229854575 4.7634514570236197 4.9719517081975937
leaf_count=12 34 13 19 20 8 747 764 41 76 18 6 14
internal_value=0.000922401 0.00105649 0.00605039 -0.00113093 0.00079957 0.000919888 0.000643585 0.00550476 -0.00631633 -0.0100863 0.0114213 0.00953012
internal_weight=593.862 583.196 28.3455 12.0489 554.851 548.876 517.884 30.9917 10.6652 5.97465 16.2966 11.5331
internal_count=1772 1684 72 39 1612 1586 1511 75 88 26 33 27
is_linear=0
shrinkage=0.01


Tree=264
num_leaves=27
num_cat=0
split_feature=67 38 8 39 31 60 60 67 61 67 51 59 55 49 67 8 46 59 13 57 71 71 56 45 40 68
split_gain=5.64044 10.9147 9.42763 15.0441 14.014 11.3483 12.4193 11.0707 9.02147 12.3454 9.72951 8.06696 9.38938 8.04149 7.79018 7.74247 7.21642 6.81353 11.4454 6.84397 5.18499 4.5366 4.10891 3.83091 2.50303 0.944041
threshold=-2.2986534833908077 -2.2369093894958492 1.296299993991852 -0.20802918821573255 -0.87868228554725636 -0.0018248508567921815 0.0159464729949832 -4.1573979854583731 503.94265747070318 6.2982637882232675 0.031260221265256412 0.53921237587928783 -0.25782464444637293 -0.039323333650827401 -3.8593077659606929 1.0683744549751284 1.6721937060356142 1.0309537649154665 116419516.00000001 1.7462201714515688 554657.65625000012 295117.31250000006 7.0441153049469003 -0.31630812585353846 1.681881904602051 44.474979400634773
decision_type=2 2 2 2 2 2 2 2 2 2 2 2 2 2 2 2 2 2 2 2 2 2 2 2 2 2
left_child=2 17 3 11 7 13 20 -5 9 10 -3 21 -13 24 -15 -6 -11 23 19 -19 -7 -1 -10 -2 -4 -25
right_child=1 8 5 4 15 6 -8 -9 22 16 -12 12 -14 14 -16 -17 -18 18 -20 -21 -22 -23 -24 25 -26 -27
leaf_value=-0.014055930627705653 0.0038232124436713881 0.00060309859971545041 -0.014459241044357994 0.00036645232575528713 0.0098196166163960069 -0.014023861578670097 0.013399889205616529 -0.0088565373307325779 0.0020613048637115571 -0.011185756084827542 0.006396188453843799 0.013619411051693692 -0.00056046573696967388 -0.0065522924359505243 0.011572819032285324 -0.0062115708891052768 0.0047056113688347953 -0.015423709906719239 0.013240876307111543 0.0025435814916845863 0.0011627282579511672 0.0061631928655980555 0.012249536855937172 0.010768782231276289 0 0.01680522481277516
leaf_weight=2.5067280344665077 5.8024364411830893 361.39320564642549 3.199219889938834 25.482531312853098 13.201097678393127 17.722828399389989 2.0664977282285681 26.181180894374847 6.9547282904386547 13.059642493724825 31.595460191369057 16.166598506271846 6.3794892430305437 3.3298719003796586 7.8054168820381138 3.8229706883430472 3.5579797700047484 3.874302886426447 5.1823386400938025 4.5133774057030678 2.4373639672994605 1.9107701331377027 10.077459707856177 6.7837849408388156 2.0344316586852074 6.6079951524734497
leaf_count=15 15 1029 16 96 33 96 4 116 19 58 68 29 21 13 16 15 9 18 9 13 9 6 16 17 8 8
internal_value=0.0009135 0.00144125 -0.000885057 0.000789249 -0.00168376 -0.00506039 -0.00971884 -0.00428805 0.00101136 0.000712164 0.0010714 0.00712613 0.00956281 0.00120403 0.00606292 0.00616087 -0.0077231 0.00700851 0.00149909 -0.00563636 -0.0121382 -0.00508386 0.0081481 0.0108515 -0.00894283 0.0138221
internal_weight=593.65 459.403 134.247 95.6514 68.6878 38.5956 22.2267 51.6637 426.638 409.606 392.989 26.9636 22.5461 16.3689 11.1353 17.0241 16.6176 32.7642 13.57 8.38768 20.1602 4.4175 17.0322 19.1942 5.23365 13.3918
internal_count=1772 1279 493 331 260 162 109 212 1199 1164 1097 71 50 53 29 48 67 80 40 31 105 21 35 40 24 25
is_linear=0
shrinkage=0.01


Tree=265
num_leaves=16
num_cat=0
split_feature=34 52 57 55 66 2 68 3 35 9 42 7 61 20 7
split_gain=5.64403 6.34355 9.66197 8.49631 11.9696 16.9913 15.1363 8.3071 17.5323 15.9169 3.57571 8.49905 5.51022 3.0683 7.27737
threshold=-1.477897524833679 0.049843475222587592 2.5036160945892338 0.99141448736190807 2.0068067312240605 14919663.000000002 73.544292449951186 1.0000000180025095e-35 1.728320360183716 125477156.00000001 -0.00070049997884780158 2.2762039899826054 206.94745635986331 3332.7199707031255 1.7077021002769472
decision_type=2 2 2 2 2 2 2 2 2 2 2 2 2 2 2
left_child=10 3 -3 4 6 -6 -2 9 -9 -5 -1 -12 -13 -4 -15
right_child=1 2 13 7 5 -7 -8 8 -10 -11 11 12 -14 14 -16
leaf_value=0.0125822809750415 0.00052493916465972497 -0.015345812980626535 0.0082610684807759883 -0.0054766717735615566 -0.006791711414488818 0.0076137857647436526 0.0086789217500167076 -0.008085005618447428 0.0066901703445507391 0.010913669754767487 0.011008440837659622 -0.013485971885209353 0.0043834705537223436 -0.013954324956614561 0.0090724039286996343
leaf_weight=6.099599294364455 411.99554077535868 6.1334650218486777 3.4887753427028638 7.3885545283555976 43.070836305618286 10.050193846225737 24.130207672715187 13.710734844207762 19.357699975371361 28.533892914652824 6.9956392198801023 3.4831086322665215 3.3059975393116474 3.1005334556102753 2.4171098917722702
leaf_count=13 1275 30 7 23 149 21 47 49 41 50 13 19 13 17 5
internal_value=0.000905046 0.000721432 -0.00565651 0.000896199 0.000430646 -0.00404745 0.00097838 0.00418316 0.000533891 0.00751465 0.00614939 0.00323036 -0.00463704 0.00083098 -0.00368579
internal_weight=593.262 573.378 15.1399 558.238 489.247 53.121 436.126 68.9909 33.0684 35.9224 19.8843 13.7847 6.78911 9.00642 5.51764
internal_count=1772 1714 59 1655 1492 170 1322 163 90 73 58 45 32 29 22
is_linear=0
shrinkage=0.01


Tree=266
num_leaves=18
num_cat=0
split_feature=61 33 55 53 65 65 25 40 40 36 60 72 47 36 14 58 66
split_gain=5.60916 7.66824 7.77965 8.33224 14.6471 11.127 6.98781 7.16733 12.7382 12.1563 8.09925 11.8474 4.43448 3.70135 2.77439 2.57669 0.670039
threshold=169.38391113281253 1.4499821066856386 -4.1300874948501578 -0.069057174026966081 0.32326108217239385 0.56836912035942089 72487.000000000015 0.99051493406295787 0.80825883150100719 -1.7158748507499693 -0.0014356546453200278 -1242436.5624999998 -1.944145619869232 1.950328588485718 0.45037499070167547 303104.00000000006 -1.0000000180025095e-35
decision_type=2 2 2 2 2 2 2 2 2 2 2 2 2 2 2 2 2
left_child=1 2 12 5 -5 -4 7 8 9 -2 14 -12 -1 -3 -9 -8 -10
right_child=6 13 3 4 -6 -7 15 10 16 -11 11 -13 -14 -15 -16 -17 -18
leaf_value=0.0078729269868744109 0.0073074748112623832 -0.01421588788427844 0.0034506494429522097 -0.0034855884328317561 0.0019949960722138401 -0.0044392892630412441 -0.015358104403641415 0.0068078144170434663 -0.0081989907614451463 0.00032632782683098292 -0.00098534125770585799 0.0082656188529264714 -0.012895700885587773 0.0013357809856904871 0.016294150032624716 -0.00077165223402739724 -0.016644897096388604
leaf_weight=1.1578586734831331 31.319787859916687 5.4496556371450415 127.09607413783669 99.86497189104557 95.091333821415901 20.697697892785072 2.997321978211402 6.160289525985716 2.1286009401082993 124.24173060804605 29.271804593503472 25.98460412025452 6.514475565403699 1.97114922106266 7.3421401344239712 2.2862749993801117 3.4634651094675055
leaf_count=4 81 27 366 344 253 66 14 14 10 357 90 58 47 7 11 8 15
internal_value=0.000896381 0.000104984 0.000320775 0.000546461 -0.000807265 0.00233894 0.00209622 0.00236098 0.00119954 0.0017383 0.00506856 0.00334687 -0.0096311 -0.00995022 0.0120402 -0.00923564 -0.0136088
internal_weight=593.039 357.843 350.422 342.75 194.956 147.794 235.196 229.912 161.154 155.562 68.7588 55.2564 7.67233 7.4208 13.5024 5.2836 5.59207
internal_count=1772 1114 1080 1029 597 432 658 636 463 438 173 148 51 34 25 22 25
is_linear=0
shrinkage=0.01


Tree=267
num_leaves=29
num_cat=0
split_feature=67 68 11 13 11 13 0 21 51 8 39 31 37 60 60 59 56 8 15 40 10 31 46 71 1 33 59 67
split_gain=5.58178 10.4752 11.1253 9.62423 18.3001 14.621 15.6529 14.3034 9.77434 9.26603 14.6989 13.765 13.7744 11.1427 12.2026 7.90936 8.87923 7.5729 6.68246 9.39843 6.39948 5.71422 8.38347 5.10868 4.67963 3.6465 3.90038 2.19617
threshold=-2.2986534833908077 25.6349630355835 38.375000000000007 125488684.00000001 51.329999923706062 105356548.00000001 109763.00000000001 -35096.999999999993 -0.025336735881865021 1.296299993991852 -0.20802918821573255 -0.87868228554725636 -3.0046533346176143 -0.0018248508567921815 0.0159464729949832 0.53921237587928783 1.1881354451179507 1.0683744549751284 0.91087502241134655 0.30076718330383306 -0.00048757500189822162 2.2892092466354375 0.10984924063086511 554657.65625000012 8998448.0000000019 -0.96026915311813343 0.84745755791664135 -1.5003677010536192
decision_type=2 2 2 2 2 2 2 2 2 2 2 2 2 2 2 2 2 2 2 2 2 2 2 2 2 2 2 2
left_child=9 2 25 5 20 8 -7 -6 -3 10 15 12 -12 18 23 24 -17 -13 19 -11 -5 22 -4 -15 -1 26 -2 -27
right_child=1 3 21 4 7 6 -8 -9 -10 13 11 17 -14 14 -16 16 -18 -19 -20 -21 -22 -23 -24 -25 -26 27 -28 -29
leaf_value=-0.014375712807572015 0.010125081909995358 -0.014574919595606535 0.003066663907370655 0.014468188318792648 0.0070814012077454495 0.009563610459675834 -0.012645791761269518 -0.0066637284582937431 0.0008744753687705358 -0.014433391655113105 0.0066426621128156784 0.0096977591523465575 -0.0067223102576114135 -0.013974586238805032 0.013218917122856928 0.00047880107219801167 0.01390258331629036 -0.0061690975090929537 0.012287752983492741 0.0038603689405023846 0.0053160743521687703 0.0096998882041673621 -0.0090579576278210887 0.0010998675047959269 0.0061467747026837018 0.017316642109311928 -0.00041439550788340381 0.0088348287862103358
leaf_weight=2.4602875672280815 9.3721346184611338 4.1439435556530944 17.584616102278236 15.304482266306879 12.834817305207254 3.9155874997377422 15.853428304195402 18.396374881267548 311.19802758097649 4.2977159917354602 9.3640163466334325 13.205366887152197 42.199554856866598 17.618046071380384 2.0676183551549903 7.5820450782775906 14.96100316941738 3.8142814785242072 4.0773879140615454 7.9804040752351284 16.21615506708622 6.4092709869146338 8.4149472191929799 2.4378226175904265 1.9454801045358179 7.6257038563489914 5.3317916542291632 6.2310953885316831
leaf_count=13 27 23 51 23 27 7 65 67 862 22 29 33 183 96 4 23 27 15 7 24 38 14 32 9 8 11 17 15
internal_value=0.000887685 0.00141293 0.00527574 0.000818473 0.00441317 0.000142357 -0.00819626 -0.00098299 0.000668282 -0.000903218 0.000756523 -0.00169057 -0.00427582 -0.00504985 -0.00968165 0.00702134 0.00943204 0.00608307 0.00115427 -0.00246156 0.0097915 0.00123032 -0.000819096 -0.0120924 -0.00508651 0.00983121 0.00623535 0.0135747
internal_weight=592.843 458.832 60.9696 397.863 62.7518 335.111 19.769 31.2312 315.342 134.011 95.532 68.5832 51.5636 38.479 22.1235 26.9488 22.543 17.0196 16.3555 12.2781 31.5206 32.4088 25.9996 20.0559 4.40577 28.5607 14.7039 13.8568
internal_count=1772 1279 167 1112 155 957 72 94 885 493 331 260 212 162 109 71 50 48 53 46 61 97 83 105 21 70 44 26
is_linear=0
shrinkage=0.01


Tree=268
num_leaves=16
num_cat=0
split_feature=12 28 26 60 69 20 33 68 22 8 13 57 55 48 65
split_gain=5.55835 9.6333 9.20785 7.68818 7.22685 14.8076 14.5332 10.1534 9.55382 9.08657 4.57483 4.10727 3.20548 3.18136 0.670358
threshold=115309140.00000001 -77.781249999999986 0.002742857788689435 0.033063186332583434 1.0000000180025095e-35 406.82000732421881 -0.58506101369857777 24.999990463256839 44077.054687500007 1.2728875279426577 175540000.00000003 2.7448607683181767 -0.53050848841667164 -0.55334618687629689 -0.31177401542663569
decision_type=2 2 2 2 2 2 2 2 2 2 2 2 2 2 2
left_child=3 12 10 4 5 11 -7 9 -9 -6 -3 -1 -2 -5 -14
right_child=1 2 -4 13 7 6 -8 8 -10 -11 -12 -13 14 -15 -16
leaf_value=-0.014143046950960594 0.0023953720719995459 0.011435231955833777 -0.014044695585595821 0.00070458151940032215 0.0065624372607412038 -0.002135161030426672 0.0080423601710677989 0.00023792430608786632 0.0070214498415258021 -0.001277273943877544 -0.0031600584909175634 0.0014881520392069955 0.015458029994811271 -0.014508060210855742 0.010042104410007505
leaf_weight=10.74280077219009 4.4435535408556488 4.3975982069969159 4.0117144361138335 1.7722326591610906 58.935557708144188 73.312494210898876 17.345920369029045 352.5876549333334 22.092269122600555 19.468493893742561 4.0429535657167435 1.8585455566644675 5.7268307283520725 4.6878094822168341 6.9496464729309073
leaf_count=57 18 9 21 6 157 278 41 1002 47 63 14 8 8 25 18
internal_value=0.00087962 0.00511042 -0.00151231 0.000655537 0.000783151 -0.00159987 -0.000176838 0.00132846 0.000640571 0.00460301 0.00432573 -0.0117583 0.00998588 -0.0101799 0.0125677
internal_weight=592.376 29.5723 12.4523 562.804 556.344 103.26 90.6584 453.084 374.68 78.4041 8.44055 12.6013 17.12 6.46004 12.6765
internal_count=1772 88 44 1684 1653 384 319 1269 1049 220 23 65 44 31 26
is_linear=0
shrinkage=0.01


Tree=269
num_leaves=15
num_cat=0
split_feature=51 20 10 18 34 70 66 60 58 8 31 43 1 1
split_gain=5.54392 6.7683 6.75326 13.0342 12.7341 21.0263 12.3669 9.58654 9.51905 10.3014 8.26758 5.13627 3.7643 2.631
threshold=-0.038843464106321328 326.15499877929693 -0.00056802501785568882 1019.5000000000001 -0.76839351654052723 127428.96875000001 -0.38230775296688074 0.033063186332583434 -4104831.9999999995 2.6728605031967168 -8.4972109794616681 1775602.4375000002 2488929.5000000005 8062280.5000000009
decision_type=2 2 2 2 2 2 2 2 2 2 2 2 2 2
left_child=1 -1 3 6 10 -6 13 8 11 -10 -5 -4 -8 -2
right_child=2 -3 7 4 5 -7 12 -9 9 -11 -12 -13 -14 -15
leaf_value=0.0059497804256235269 -0.014816552531614482 -0.011479570569654261 0.008411892108195913 -0.0030083882780696349 -0.010412215794000897 0.0040276155617980673 0.009273052841934918 -0.014383153996902884 0.00052040234842374504 -0.0071898608782342078 0.0093591903058405836 -0.0031110288647412457 -0.004282663528851662 -0.0017714276327743647
leaf_weight=3.0887244492769224 8.0935619696974772 7.4826830476522446 21.810540482401851 5.9954330325126639 12.466909095644949 52.435648418962955 5.3187730312347394 4.3349976763129225 397.23307518661022 18.111970342695713 45.813517525792122 4.560630962252616 3.2150667905807495 2.1340572461485854
leaf_count=12 39 76 45 20 50 139 10 22 1154 69 101 16 11 8
internal_value=0.000871283 -0.00629252 0.00100323 0.00295983 0.00420801 0.00123851 -0.00475159 0.000406741 0.000554152 0.000181773 0.00790869 0.0063812 0.00404885 -0.0121924
internal_weight=592.096 10.5714 581.524 135.473 116.712 64.9026 18.7615 446.051 441.716 415.345 51.809 26.3712 8.53384 10.2276
internal_count=1772 88 1684 378 310 189 68 1306 1284 1223 121 61 21 47
is_linear=0
shrinkage=0.01


Tree=270
num_leaves=20
num_cat=0
split_feature=67 38 61 48 67 44 36 70 69 34 51 33 1 1 33 51 71 70 2
split_gain=5.50143 11.4298 10.7435 10.3398 9.75268 10.3536 9.56481 9.53797 12.7754 11.3603 8.77149 8.12179 11.0573 6.81231 5.99315 7.29907 3.16232 1.90983 1.82775
threshold=-2.0167539119720455 -1.4547275900840757 503.94265747070318 -0.58091521263122547 6.2982637882232675 1.0000000180025095e-35 -0.8266734480857848 110637.89453125001 66.200126647949233 -0.61401548981666554 1.0000000180025095e-35 -0.61187815666198719 1277804.0000000002 2582753.0000000005 -1.3473889231681822 0.031260221265256412 173280.91406250003 438372.20312500006 7965385.0000000009
decision_type=2 2 2 2 2 2 2 2 2 2 2 2 2 2 2 2 2 2 2
left_child=3 7 4 -1 6 -6 -3 8 9 -2 11 12 -5 -13 17 -16 -4 -9 -10
right_child=1 2 16 10 5 -7 -8 14 18 -11 -12 13 -14 -15 15 -17 -18 -19 -20
leaf_value=-0.013692688228897496 0.0069630895263647213 -0.00319202178222545 0.013347557697533213 0.012930013554076164 0.0041910505284428121 -0.012913681809453832 0.001403220527785112 0.012569225301081706 -0.01763716164589272 -0.014589134989504265 -0.014506959614692517 -0.0071758273514944387 -0.001680495882500107 0.0071484537765162505 0.0028897292046853118 0.015876866321606582 0.0039848679195174583 0.0059218646578921242 -0.0055865350202120544
leaf_weight=5.9544001631438723 14.965559490025047 54.708726227283478 7.74196909368038 5.4272892549633971 5.1259704530239132 10.916614100337027 261.34026704728603 16.218940630555156 3.8501098752021781 2.9023728221654901 4.1870529130101195 3.8036412745714214 109.34580666571856 23.315981261432171 40.50531642884016 4.9092661738395682 7.4929241687059402 6.8235641717910758 2.3018033653497696
leaf_count=36 35 177 12 12 13 52 715 31 16 14 20 16 411 56 109 6 18 14 9
internal_value=0.000862866 0.00143053 0.000595379 -0.000772685 0.000215591 -0.007386 0.000604611 0.00455638 -0.00082851 0.00340629 -0.000239203 0.000174771 -0.000980894 0.00510254 0.00646041 0.00431564 0.00880838 0.0106441 -0.0132908
internal_weight=591.838 439.803 347.326 152.034 332.092 16.0426 316.049 92.4769 24.0198 17.8679 146.08 141.893 114.773 27.1196 68.4571 45.4146 15.2349 23.0425 6.15191
internal_count=1772 1221 987 551 957 65 892 234 74 49 515 495 423 72 160 115 30 45 25
is_linear=0
shrinkage=0.01


Tree=271
num_leaves=17
num_cat=0
split_feature=12 28 26 60 69 33 44 68 22 34 8 40 48 67 10 31
split_gain=5.43075 9.45424 9.07195 7.38568 7.08163 13.9753 16.3522 9.93604 9.30169 9.03986 8.84499 4.73499 3.1733 1.96488 2.94084 4.05642
threshold=115309140.00000001 -77.781249999999986 0.002742857788689435 0.033063186332583434 1.0000000180025095e-35 -0.58506101369857777 1768.0950317382815 24.999990463256839 44077.054687500007 -0.18949021399021146 1.2728875279426577 0.30076718330383306 -0.55334618687629689 -0.62533572316169728 -0.00030849999166093761 -6.5276892185211173
decision_type=2 2 2 2 2 2 2 2 2 2 2 2 2 2 2 2
left_child=3 13 11 4 5 6 -1 10 -9 -7 -6 -3 -5 14 15 -2
right_child=1 2 -4 12 7 9 -8 8 -10 -11 -12 -13 -14 -15 -16 -17
leaf_value=0.0049305156981746872 0.012304115294538788 0.010203913038635418 -0.013995665198953724 0.00085051185504213408 0.0064771136238119496 -0.0011865738368557761 -0.0056853551730464613 0.00022021878802274937 0.006918735954016977 0.01267204627364929 -0.0012621935386805156 -0.0051085280649701015 -0.014396150153377814 0.013463088529572485 0.013574879804576096 -0.0055904400311512573
leaf_weight=18.512936189770699 2.1009890288114565 5.2254509031772596 3.9919791445136061 1.7645438611507414 58.801270868629217 8.6392249092459696 65.852225720882416 352.35707918554544 22.057121485471725 10.032093942165373 19.44939573854208 3.1943488419055939 4.6358229145407668 8.3620152473449725 3.4242919981479645 3.131710097193718
leaf_count=56 5 11 21 6 157 30 280 1002 47 18 63 12 25 17 5 17
internal_value=0.000854692 0.005047 -0.00152023 0.000633409 0.000758101 -0.00160369 -0.00334397 0.00129791 0.000617506 0.0062061 0.00454071 0.00427583 -0.0100365 0.00989518 0.00633332 0.00140332
internal_weight=591.533 29.4308 12.4118 562.102 555.701 103.036 84.3652 452.665 374.414 18.6713 78.2507 8.4198 6.40037 17.019 8.65699 5.2327
internal_count=1772 88 44 1684 1653 384 336 1269 1049 48 220 23 31 44 27 22
is_linear=0
shrinkage=0.01


Tree=272
num_leaves=20
num_cat=0
split_feature=2 50 2 31 23 51 56 56 20 24 26 28 28 39 25 1 52 38 9
split_gain=5.4156 14.2973 11.6615 8.70301 19.3885 16.503 8.31023 9.02293 8.78909 7.72006 9.93632 7.4947 15.3375 13.8342 7.22417 6.51187 5.05934 2.80013 1.70711
threshold=5536681.5000000009 -0.008766730781644581 4972427.5000000009 -4.1888549327850333 2.5000000000000004 -0.0087343240156769735 -0.27904695272445673 -0.21510955691337583 35525.335937500007 3.5000000000000004 0.0018142855260521176 412.56250000000006 74.500000000000014 2.0361577272415166 4511.0000000000009 1277804.0000000002 0.023078292608261112 -2.5597012042999263 203013656.00000003
decision_type=2 2 2 2 2 2 2 2 2 2 2 2 2 2 2 2 2 2 2
left_child=1 15 3 4 -3 -5 8 18 14 -4 -11 12 -9 -13 16 -1 -2 -17 -8
right_child=6 2 9 5 -6 -7 7 11 -10 10 -12 13 -14 -15 -16 17 -18 -19 -20
leaf_value=0.0038569305732239156 0.010394894231264535 0.0048220235330969979 0.00511807899511938 -0.011629148799985127 -0.0068150230851739702 0.00041508584535188717 -0.015569985152491556 0.0014307955247634125 -0.0071171590413973973 0.0048646055022792218 -0.014951152492241795 0.0008423706940457865 -0.0087041651024734618 0.011386144540004252 -0.0044059035257202504 0.00038044527938585558 -0.00087524124277718585 -0.013305241925586651 -0.0039765281015668548
leaf_weight=3.1828462593257454 30.663341283798218 98.235407501459122 3.8949839174747494 12.198335643857716 16.69662044942379 167.63803240656853 3.5234564691781989 139.53567442670465 4.5796911120414725 3.1629714220762244 11.408905047923325 34.76914556324482 16.712634965777397 19.584081143140793 4.4694262593984595 1.5353139862418181 4.3923607170581809 12.648933801800009 2.4149495661258698
leaf_count=13 70 240 10 61 62 485 16 422 17 8 55 100 61 35 15 7 12 74 9
internal_value=0.000846589 -1.76444e-07 0.000486467 0.000972402 0.00312276 -0.000396316 0.00192446 0.00111291 0.00588624 -0.00721589 -0.0105813 0.00145988 0.00034034 0.00465981 0.00741822 -0.00883493 0.00895426 -0.0117534 -0.0110237
internal_weight=591.247 330.602 313.235 294.768 114.932 179.836 260.645 216.54 44.1048 18.4669 14.5719 210.602 156.248 54.3532 39.5251 17.3671 35.0557 14.1842 5.93841
internal_count=1772 1015 921 848 302 546 757 643 114 73 63 618 483 135 97 94 82 81 25
is_linear=0
shrinkage=0.01


Tree=273
num_leaves=13
num_cat=0
split_feature=51 12 28 26 20 60 22 53 18 45 59 13
split_gain=5.41654 6.94875 10.3483 9.28356 6.66754 6.63621 6.6644 9.50932 9.08848 2.40775 1.11521 0.243111
threshold=-0.038843464106321328 115309140.00000001 -77.781249999999986 0.002742857788689435 326.15499877929693 0.033063186332583434 44077.054687500007 -3.0576760536860088e-06 86899.500000000015 -0.42410838603973383 1.6790988445281985 145009352.00000003
decision_type=2 2 2 2 2 2 2 2 2 2 2 2
left_child=4 5 10 -4 -1 6 8 -8 -2 -7 11 -3
right_child=1 2 3 -5 -6 9 7 -9 -10 -11 -12 -13
leaf_value=0.0058547742908392712 0.00081954132046529419 0.015568019955586963 0.0048762997337809437 -0.013997655839290041 -0.011462970504759414 -0.0009478650984371651 -0.0060728206057311307 0.00795945630837765 -0.0063140425241289882 -0.014759951096739941 0.0073500560748654973 0.011033352844912046
leaf_weight=3.0915680378675443 496.72718191891909 4.7686972767114657 8.0445677787065488 3.8404219895601264 7.4061978831887245 2.159406416118145 5.8711208105087307 25.585284024477005 18.502066127955914 3.7061501294374457 6.0457537472248069 5.1354569047689438
leaf_count=12 1438 7 19 20 76 8 22 53 73 18 13 13
internal_value=0.000838605 0.000968863 0.00584906 -0.00113834 -0.00626768 0.000721213 0.000836415 0.00530864 0.000561431 -0.00984551 0.0111184 0.0133177
internal_weight=590.884 580.386 27.8349 11.885 10.4978 552.551 546.686 31.4564 515.229 5.86556 15.9499 9.90415
internal_count=1772 1684 72 39 88 1612 1586 75 1511 26 33 20
is_linear=0
shrinkage=0.01


Tree=274
num_leaves=22
num_cat=0
split_feature=67 48 27 59 68 58 52 11 36 8 67 59 22 14 51 36 60 11 21 28 46
split_gain=5.35694 10.1359 10.0156 12.1885 16.6417 14.5222 12.2255 11.5685 16.9115 19.8338 14.3433 16.3454 10.5905 9.15934 8.62497 8.38787 7.45026 10.343 5.63277 5.53907 1.38466
threshold=-2.0167539119720455 -0.58091521263122547 -1987583.9999999998 0.53921237587928783 49.802135467529304 -394239.99999999994 0.030654257163405422 47.260000228881843 1.3330373764038088 1.1263933777809145 2.1679917573928837 1.3704919219017031 54560.259765625007 1.3049999475479128 1.0000000180025095e-35 1.1104328036308291 0.0094681149348616617 31.579999923706058 -10999.499999999998 747.84375000000011 0.42625190317630773
decision_type=2 2 2 2 2 2 2 2 2 2 2 2 2 2 2 2 2 2 2 2 2
left_child=1 -1 7 6 5 -5 15 10 9 -9 13 -12 -6 -2 16 -4 17 -3 -18 -10 -8
right_child=2 14 3 4 12 -7 20 8 19 -11 11 -13 -14 -15 -16 -17 18 -19 -20 -21 -22
leaf_value=-0.013638196576644432 0.0072093028831814836 0.00099988501950146538 0.010272743020951873 -0.00021942450242076311 -0.00035538319890086835 -0.014458407192041984 -0.014848707071351483 0.0015832999102508509 0.013883028881713763 -0.010631039887912839 -0.017620249373493303 0.0084443480423734112 0.0088218730397566451 -0.0059863710912804111 -0.014444884962902001 -0.003557188652895454 -0.0044974503242422173 -0.0057192333245080816 0.011795343823674474 0.0015108957200569717 -0.0028058660526404794
leaf_weight=5.9000288620591155 91.906679652631283 100.53830647096038 25.163221389055256 13.61379360407591 175.44469773024321 15.462568309158085 2.4996855705976477 43.910493865609169 10.173574805259706 19.009221032261848 5.5153804719448072 4.2098139226436615 13.537017270922659 5.4961194843053809 4.1645919904112807 5.1904777139425269 2.6952688470482817 29.632093407213688 8.7801434397697431 5.9167000502347937 1.9288366511464117
leaf_count=36 218 341 49 41 510 72 13 116 15 73 23 8 26 19 20 15 12 124 18 15 8
internal_value=0.000830489 -0.000785219 0.00139115 9.10578e-05 -0.000781808 -0.00782599 0.00559201 0.00315177 0.000235606 -0.00209099 0.00529318 -0.00623466 0.000296705 0.00645445 -0.000258282 0.00787488 0.000151765 -0.000521978 0.00788146 0.00939571 -0.00982927
internal_weight=590.689 151.71 438.978 252.84 218.058 29.0764 34.7822 186.138 79.01 62.9197 107.128 9.72519 188.982 97.4028 145.81 30.3537 141.646 130.17 11.4754 16.0903 4.42852
internal_count=1772 551 1221 734 649 113 85 487 219 189 268 31 536 237 515 64 495 465 30 30 21
is_linear=0
shrinkage=0.01


Tree=275
num_leaves=13
num_cat=0
split_feature=34 33 52 59 58 51 50 48 56 10 58 27
split_gain=5.36869 6.13428 6.15107 11.894 9.43235 8.3842 8.20487 3.57087 3.07955 2.86878 2.31635 1.66861
threshold=-1.477897524833679 -1.494980454444885 0.049843475222587592 2.4817136526107793 -4104831.9999999995 0.035729460418224342 -0.012658933643251656 -0.34906668961048121 2.9804649353027348 1.0000000180025095e-35 -1195007.9999999998 -8207871.9999999991
decision_type=2 2 2 2 2 2 2 2 2 2 2 2
left_child=7 11 4 -4 6 -6 -3 -1 10 -5 -9 -2
right_child=1 2 3 9 5 -7 -8 8 -10 -11 -12 -13
leaf_value=-0.0027833736048361733 -0.0017377120089364698 -0.0047593227835691634 -0.014824730432645587 -0.0024915846696416215 0.00037792186587879903 0.0083592330328003846 0.0085692787186501303 0.014395730051675736 0.00072465944703353552 0.0095688616807889509 0.004759888048418909 -0.01522931440949489
leaf_weight=3.622357331216338 1.5708491653203962 5.506989877671006 7.2299422323703748 4.2148161232471466 505.89874631538987 13.532727688550947 26.128146536648273 7.0712651610374451 4.4546013660728923 3.5651782006025314 4.4355079084634763 3.0309061035513869
leaf_count=15 7 29 38 13 1523 26 54 12 18 8 13 16
internal_value=0.000822686 0.000644051 0.000739183 -0.00556757 0.000912781 0.000587784 0.00621745 0.00597712 0.00802792 0.00290657 0.0107683 -0.0108411
internal_weight=590.262 570.678 566.077 15.0099 551.067 519.431 31.6351 19.5837 15.9614 7.77999 11.5068 4.60176
internal_count=1772 1714 1691 59 1632 1549 83 58 43 21 25 23
is_linear=0
shrinkage=0.01


Tree=276
num_leaves=17
num_cat=0
split_feature=61 33 45 1 46 39 20 20 50 58 33 50 1 54 24 61
split_gain=5.34306 7.42771 8.20039 12.2129 14.0704 13.2143 11.5616 10.5468 6.75436 9.39449 7.66038 9.34249 5.80367 4.31049 3.26339 0.757014
threshold=169.38391113281253 1.4499821066856386 -0.3690346479415893 1600312.0000000002 -0.61913523077964772 1.234143137931824 98.145000457763686 594.56500244140636 -0.010593718383461235 -4104831.9999999995 -1.4459272623062132 -0.0039615917485207311 20274419.000000004 -0.73733943700790394 53.500000000000007 250.78054809570315
decision_type=2 2 2 2 2 2 2 2 2 2 2 2 2 2 2 2
left_child=1 2 6 5 -5 -4 -1 -8 12 15 13 -12 -2 -11 -3 -10
right_child=8 14 3 4 -6 -7 7 -9 9 10 11 -13 -14 -15 -16 -17
leaf_value=-0.014013795060235004 -0.012295684484656287 -0.014056189718128661 -0.016141458334473419 -0.0046903351666197227 0.0011862625864124603 0.0015978310873361358 0.010371164292064548 0.0017857091575006973 0.014638685932399998 0.00055256456758163508 -0.0069495926816011237 0.0018576350175303542 0.006911093413326538 0.011458955053142348 0.00032467263261371296 0.0085540886985593055
leaf_weight=3.845791980624198 5.7920096591114989 5.2995058894157401 10.091218143701555 51.722329653799534 191.86001208424568 7.0290405377745619 18.428917475044727 66.034547876566648 4.9697501659393293 5.4264967441558865 12.847098037600515 184.63101263344288 2.0875790975987911 12.250397890806196 2.0565150380134583 5.7326810359954834
leaf_count=19 41 27 48 193 556 25 38 201 7 18 47 501 9 20 7 15
internal_value=0.000814678 4.11823e-05 0.000253571 -0.000635415 -5.74701e-05 -0.00879985 0.00288932 0.00367079 0.00198971 0.00231057 0.00185016 0.00127961 -0.00708023 0.00816746 -0.0098998 0.011473
internal_weight=590.105 356.368 349.012 260.703 243.582 17.1203 88.3093 84.4635 233.737 225.857 215.155 197.478 7.87959 17.6769 7.35602 10.7024
internal_count=1772 1114 1080 822 749 73 258 239 658 608 586 548 50 38 34 22
is_linear=0
shrinkage=0.01


Tree=277
num_leaves=13
num_cat=0
split_feature=51 12 28 26 40 60 22 53 18 45 59 13
split_gain=5.30702 6.79485 10.1862 9.05465 6.61106 6.44881 6.41521 9.29096 8.85898 2.39449 1.12119 0.229325
threshold=-0.038843464106321328 115309140.00000001 -77.781249999999986 0.002742857788689435 0.86441209912300121 0.033063186332583434 44077.054687500007 -3.0576760536860088e-06 86899.500000000015 -0.42410838603973383 1.6790988445281985 145009352.00000003
decision_type=2 2 2 2 2 2 2 2 2 2 2 2
left_child=4 5 10 -4 -1 6 8 -8 -2 -7 11 -3
right_child=1 2 3 -5 -6 9 7 -9 -10 -11 -12 -13
leaf_value=-0.011565139209611672 0.00078958881216179694 0.015464847523291525 0.0047684581314954601 -0.013937765898176758 0.0055667434539908613 -0.00087193811777050434 -0.0060549864392067925 0.0078255801582656267 -0.0062647589008503844 -0.014680508351044697 0.0072475723046290953 0.010979195984189042
leaf_weight=7.2530026920139772 496.09740268439054 4.7309623211622256 8.0144357383251172 3.8063404113054267 3.1775875203311443 2.1506686583161354 5.8644424602389362 25.504452183842659 18.441474214196205 3.6788987517356864 6.0188588351011267 5.0857623070478439
leaf_count=72 1438 7 19 20 16 8 22 53 73 18 13 13
internal_value=0.000806971 0.000935744 0.00577762 -0.00117043 -0.00625019 0.000691228 0.000804641 0.00519872 0.000534812 -0.00975773 0.0110273 0.0132428
internal_weight=589.824 579.394 27.6564 11.8208 10.4306 551.737 545.908 31.3689 514.539 5.82957 15.8356 9.81672
internal_count=1772 1684 72 39 88 1612 1586 75 1511 26 33 20
is_linear=0
shrinkage=0.01


Tree=278
num_leaves=13
num_cat=0
split_feature=34 33 72 60 6 12 57 48 56 27 37 31
split_gain=5.25925 6.04234 6.01404 6.18885 14.9897 10.6161 5.93675 3.51213 3.0295 1.64283 1.17194 0.864275
threshold=-1.477897524833679 -1.494980454444885 1.0000000180025095e-35 -1.0000000180025095e-35 -31861831679.999996 63570380.000000007 0.86956399679183971 -0.34906668961048121 2.9804649353027348 -8207871.9999999991 -2.0385957956314082 -0.20128010958433148
decision_type=2 2 2 2 2 2 2 2 2 2 2 2
left_child=7 9 3 4 -3 -5 -4 -1 10 -2 -9 -8
right_child=1 2 6 5 -6 -7 11 8 -10 -11 -12 -13
leaf_value=-0.0027783978171903863 -0.0017310376397443059 0.0057435962444917976 0.0051447760969653977 0.0027413415828602974 -0.0023164362299859494 -0.00062652869458713 -0.0049085958572559945 0.0070130808109944015 0.00069033511766889951 -0.015173677739361374 0.013969126649131429 -0.014983747743366541
leaf_weight=3.6179789081215885 1.5587916076183317 28.164400074630976 2.5226495414972288 254.37959864735603 126.86206143349409 147.41618837043643 1.4337247051298616 5.5663846433162689 4.4344699271023265 3.015278533101081 5.8887515068054181 4.7695835679769516
leaf_count=15 7 72 8 681 415 476 11 15 18 16 10 28
internal_value=0.00079916 0.000622501 0.000716743 0.000847448 -0.000845681 0.0015032 -0.00750924 0.0059109 0.00795234 -0.0108112 0.0106763 -0.0128164
internal_weight=589.63 570.122 565.548 556.822 155.026 401.796 8.72596 19.5076 15.8896 4.57407 11.4551 6.20331
internal_count=1772 1714 1691 1644 487 1157 47 58 43 23 25 39
is_linear=0
shrinkage=0.01


Tree=279
num_leaves=21
num_cat=0
split_feature=2 50 2 11 68 51 24 26 47 33 2 58 66 7 61 45 27 24 38 34
split_gain=5.25532 13.9174 11.5193 8.53156 16.6334 10.6881 7.55582 9.69825 6.53898 12.7507 9.88542 11.3409 6.78487 9.96689 9.74563 8.35717 6.33203 6.51887 3.24897 3.10734
threshold=5536681.5000000009 -0.008766730781644581 4972427.5000000009 67.684997558593764 77.777580261230483 0.0049910955131053933 3.5000000000000004 0.0018142855260521176 0.7449089288711549 -0.81771022081375111 7662908.0000000009 -3013631.9999999995 -4.9197905063629142 5.6279530525207528 289.72644042968756 0.97910442948341381 -1498111.9999999998 5.5000000000000009 2.0974801778793339 -1.4592024683952329
decision_type=2 2 2 2 2 2 2 2 2 2 2 2 2 2 2 2 2 2 2 2
left_child=1 16 3 5 -5 -3 -4 -8 12 10 -10 -12 15 14 -14 19 -1 -18 -11 -2
right_child=8 2 6 4 -6 -7 7 -9 9 18 11 -13 13 -15 -16 -17 17 -19 -20 -21
leaf_value=-0.013122425568222748 0.0010858264937002335 0.00023281308943018617 0.0049838189805473648 0.0033800204578993075 -0.016915842581186988 0.0048478169913994135 0.0047328410909164842 -0.014902261618319389 0.012516682702584261 -0.015127896476809826 0.0058861499135464939 -0.012702875974453054 0.0024810633955291246 -0.014663491771208308 0.0111554034241549 0.011032392687381456 0.0086764576902649427 -0.012817970821681676 -0.00075062377390734713 -0.014379502106163995
leaf_weight=11.418419178575279 1.5237145721912382 212.17974915727973 3.8781595230102566 8.4776501506567019 7.6018944531679145 65.942743718624115 3.1410184204578391 11.355842899531124 6.1690312772989335 7.4929959103465062 6.9253291040658977 6.1792154088616327 204.13638316094875 3.2091039717197409 13.921535551548002 2.2042410299181938 3.381186217069625 2.4188914969563484 2.1777287051081657 5.7939327545464021
leaf_count=72 8 636 10 22 35 155 8 55 10 36 22 31 552 15 30 5 8 14 8 40
internal_value=0.000791266 -4.36662e-05 0.000435429 0.000918208 -0.00615302 0.00133062 -0.00723992 -0.010579 0.00185527 -0.00260854 0.00204869 -0.00280287 0.00241943 0.00277818 0.00303945 -0.00581201 -0.00879902 -0.000115268 -0.0119937 -0.0110226
internal_weight=589.529 329.796 312.577 294.202 16.0795 278.122 18.375 14.4969 259.733 28.9443 19.2736 13.1045 230.789 221.267 218.058 9.52189 17.2185 5.80008 9.67072 7.31765
internal_count=1772 1015 921 848 57 791 73 63 757 107 63 53 650 597 582 53 94 22 44 48
is_linear=0
shrinkage=0.01


Tree=280
num_leaves=22
num_cat=0
split_feature=61 1 67 27 51 60 22 1 38 35 24 40 3 33 0 66 54 1 51 67 49
split_gain=5.21398 9.75504 8.97291 12.6334 11.8324 10.1337 9.95573 9.64237 8.05107 11.2596 12.0463 13.6952 10.4625 10.872 10.0015 7.39675 7.2397 7.1265 5.646 6.61925 2.01084
threshold=162.2011413574219 1171332.5000000002 -2.7266255617141719 -1831935.9999999998 -0.0018451238865964112 0.0094681149348616617 12383.225097656252 6568255.0000000009 -2.2369093894958492 -1.9561769962310789 5.5000000000000009 -1.0865456461906431 -657195.99999999988 1.1633108854293825 141072.00000000003 -4.9197905063629142 -0.67564478516578663 8998448.0000000019 -0.013334121555089949 -0.79116046428680409 -0.49019744992256159
decision_type=2 2 2 2 2 2 2 2 2 2 2 2 2 2 2 2 2 2 2 2 2
left_child=1 -1 5 6 -5 7 -4 -3 15 10 14 -12 16 -14 -10 17 -11 -2 -17 -20 -7
right_child=8 2 3 4 -6 20 -8 -9 9 12 11 -13 13 -15 -16 18 -18 -19 19 -21 -22
leaf_value=-0.013941411598980736 -0.014976115604096776 -0.010716190368248177 0.0038968260681765013 -0.012205433380096694 -0.00055704017043139401 0.012047206176548839 -0.0032914701846440946 -0.001711539484419289 -0.0062495785007516827 -0.0012536123380141703 0.0046213243592648449 -0.014610520989463844 -0.00063833488046063089 0.0058998566142177125 0.013796136298295915 0.015580790880088279 0.008668294390714204 0.0048264665572848118 -0.00088466612387366652 0.011515662192398333 0.0013791616442451905
leaf_weight=4.96687302365899 2.7593013048171988 18.428811587393284 131.49387616664171 9.5164372287690622 107.53260401636362 4.22969800978899 22.424079351127148 34.495167303830385 4.703251466155054 9.2682613730430585 4.9803881347179439 13.687353871762751 115.74584075063467 32.534050419926643 5.1929488331079483 8.8279516249895114 32.726175375282764 5.2393059618771076 8.0637149214744586 8.9058395028114301 3.4354673475027075
leaf_count=30 14 97 336 43 328 9 73 129 16 31 11 63 347 76 10 13 69 19 24 22 12
internal_value=0.000783853 -2.83168e-05 0.000177092 0.00095786 -0.00151263 -0.00329815 0.00284308 -0.00486597 0.00186967 0.00116254 -0.00468122 -0.00942607 0.00204506 0.000789464 0.00416819 0.00641888 0.0064547 -0.00187986 0.0090307 0.00556426 0.00739633
internal_weight=589.157 336.523 331.556 270.967 117.049 60.5891 153.918 52.924 252.634 218.838 28.5639 18.6677 190.274 148.28 9.8962 33.7961 41.9944 7.99861 25.7975 16.9696 7.66517
internal_count=1772 1057 1027 780 371 247 409 226 715 623 100 74 523 423 26 92 100 33 59 46 21
is_linear=0
shrinkage=0.01


Tree=281
num_leaves=14
num_cat=0
split_feature=51 12 35 37 40 60 22 53 18 43 45 59 43
split_gain=5.13825 6.65738 7.66942 10.7797 6.49266 6.31049 6.30378 9.09441 8.64332 2.91977 2.35643 1.64889 0.916517
threshold=-0.038843464106321328 115309140.00000001 -1.1614277958869932 2.5791561603546147 0.86441209912300121 0.033063186332583434 44077.054687500007 -3.0576760536860088e-06 86899.500000000015 206406.90625000003 -0.42410838603973383 1.6790988445281985 760172.84375000012
decision_type=2 2 2 2 2 2 2 2 2 2 2 2 2
left_child=4 5 9 11 -1 6 8 -8 -2 -3 -7 -4 -11
right_child=1 2 3 -5 -6 10 7 -9 -10 12 -12 -13 -14
leaf_value=-0.011538010407365152 0.00075732444317611058 0.0031610486622639213 -0.015868897424475698 0.011820000296652039 0.005476523081794811 -0.00088142242364192718 -0.0060108429066588823 0.0077368646468525286 -0.0062187124447891295 0.014484006579401069 -0.014607470970356352 -0.0036871142064069939 0.0084968722063215076
leaf_weight=7.1461010426282865 495.52819312363863 5.8395760655403199 3.1044192016124708 3.3494103848934174 3.1776325218379498 2.1476616263389587 5.8515823185443905 25.441349014639854 18.398669511079788 7.3327996730804426 3.6550345867872229 2.119861051440239 5.7422444373369217
leaf_count=72 1438 18 15 6 16 8 22 53 73 11 18 8 14
internal_value=0.000776378 0.000902676 0.00571038 -0.00203994 -0.00620409 0.000661024 0.000773125 0.00513417 0.000505635 0.00927635 -0.0096996 -0.0111173 0.0119311
internal_weight=588.835 578.511 27.4883 8.57369 10.3237 551.022 545.22 31.2929 513.927 18.9146 5.8027 5.22428 13.075
internal_count=1772 1684 72 29 88 1612 1586 75 1511 43 26 23 25
is_linear=0
shrinkage=0.01


Tree=282
num_leaves=19
num_cat=0
split_feature=2 50 2 31 23 51 1 4 24 68 56 56 47 47 25 1 9 38
split_gain=5.12744 13.677 11.3008 8.47145 18.824 15.9454 8.20205 8.60552 7.42678 9.23117 7.27646 12.2121 11.885 9.81192 6.69965 6.4425 3.71408 2.68507
threshold=5536681.5000000009 -0.008766730781644581 4972427.5000000009 -4.1888549327850333 2.5000000000000004 -0.0087343240156769735 4060885.0000000005 68804.066406250015 3.5000000000000004 1.0000000180025095e-35 -0.27904695272445673 -0.21510955691337583 -0.93731215596199025 0.083313599228858962 4511.0000000000009 1277804.0000000002 203013656.00000003 -2.5597012042999263
decision_type=2 2 2 2 2 2 2 2 2 2 2 2 2 2 2 2 2 2
left_child=1 15 3 4 -3 -5 7 -2 -4 -10 12 -12 16 -13 -14 -1 -8 -17
right_child=6 2 8 5 -6 -7 10 -9 9 -11 11 13 14 -15 -16 17 -18 -19
leaf_value=0.0039325964792269255 0.014756153362922726 0.0046946621613588911 0.0049193853551857064 -0.011549874256283661 -0.0067901393052890785 0.00033844811966841839 -0.012509419057422526 -0.0028779166769044677 0.0034254367365932625 -0.015057224816847497 -0.015253177546589298 0.0033993694527083983 0.0091596475884297545 -0.0010375391125430943 -0.0060256345519308918 0.00029073412718726106 0.0016087361856569283 -0.013227222163461335
leaf_weight=3.1417877264320877 9.2876365110278112 98.014908403158188 3.8716745972633388 12.091025698930023 16.640666216611862 167.21349728107452 4.1454761102795592 3.818120550364255 3.4804753996431819 10.939816832542418 4.7227934151887885 92.45673905313015 30.904708243906498 107.6537514179945 3.1251899749040595 1.5027820691466338 3.1814831346273422 12.450765199959275
leaf_count=13 16 240 10 61 62 485 17 13 12 51 22 245 73 351 11 7 9 74
internal_value=0.000768845 -5.63354e-05 0.000417428 0.000895012 0.00301908 -0.000457639 0.00182081 0.00954249 -0.00720288 -0.0105269 0.00140569 0.000627642 0.00523506 0.00100744 0.0077357 -0.00876828 -0.00624261 -0.0116997
internal_weight=588.643 329.347 312.252 293.96 114.656 179.305 259.296 13.1058 18.292 14.4203 246.19 204.833 41.3569 200.11 34.0299 17.0953 7.32696 13.9535
internal_count=1772 1015 921 848 302 546 757 29 73 63 728 618 110 596 84 94 26 81
is_linear=0
shrinkage=0.01


Tree=283
num_leaves=13
num_cat=0
split_feature=34 33 72 58 50 63 57 48 56 58 27 21
split_gain=5.10443 5.88979 5.84883 7.15465 7.52245 6.75552 5.80643 3.4501 2.95867 2.28639 1.57919 0.653428
threshold=-1.477897524833679 -1.494980454444885 1.0000000180025095e-35 -4104831.9999999995 -0.012658933643251656 0.57963716983795177 0.86956399679183971 -0.34906668961048121 2.9804649353027348 -1195007.9999999998 -8207871.9999999991 -1522.9999999999998
decision_type=2 2 2 2 2 2 2 2 2 2 2 2
left_child=7 10 3 4 -3 -5 -4 -1 9 -9 -2 -8
right_child=1 2 6 5 -6 -7 11 8 -10 -11 -12 -13
leaf_value=-0.0028059197644633351 -0.0017836505350216118 -0.0051387740211102893 0.0050711166262093254 0.0016746644867317649 0.0075642264341213572 -0.00059623209756107145 -0.014740040591837596 0.014184110442869956 0.00065094450014290873 0.0045603885656576287 -0.015051722057908754 -0.0056990741006471002
leaf_weight=3.6082704588770893 1.5438051670789716 5.5399742908775798 2.5056140795350057 258.62477592378855 26.939097806811333 264.62068634107709 4.6797825060784817 6.9737316817045212 4.4101727157831183 4.3940574377775174 2.988661177456378 1.4544780291616914
leaf_count=15 7 28 8 749 59 808 29 12 18 13 16 10
internal_value=0.000761604 0.000587695 0.000680546 0.000809104 0.00536668 0.000524294 -0.00747269 0.00581346 0.00784801 0.0105522 -0.0107531 -0.0127594
internal_weight=588.283 568.897 564.364 555.725 32.4791 523.245 8.63987 19.3862 15.778 11.3678 4.53247 6.13426
internal_count=1772 1714 1691 1644 87 1557 47 58 43 25 23 39
is_linear=0
shrinkage=0.01


Tree=284
num_leaves=24
num_cat=0
split_feature=67 38 48 70 69 59 59 36 2 36 49 33 68 5 39 0 45 2 33 29 44 10 2
split_gain=5.03273 10.9338 9.91453 9.1778 12.5387 8.24808 13.7527 11.7722 10.0433 8.46702 13.9173 7.2808 12.6169 6.62034 7.24639 6.58832 6.50367 5.98344 5.82848 6.588 5.13651 2.05915 1.63794
threshold=-2.0167539119720455 -1.4547275900840757 -0.58091521263122547 110637.89453125001 66.200126647949233 0.53921237587928783 0.97121018171310436 -1.6004817485809324 1863212.0000000002 1.15496301651001 0.23799931257963183 -0.61187815666198719 33.333324432373054 134787.12500000003 3.3408083915710454 152200.50000000003 -1.0000000180025095e-35 3023834.0000000005 -1.3473889231681822 1.9717040061950686 1267199.6875000002 6.4500000007683425e-05 7965385.0000000009
decision_type=2 2 2 2 2 2 2 2 2 2 2 2 2 2 2 2 2 2 2 2 2 2 2
left_child=2 3 -1 4 15 9 8 -8 -7 17 -11 13 20 14 -4 -2 -15 -3 21 -20 -13 -5 -6
right_child=1 5 11 18 22 6 7 -9 -10 10 -12 12 -14 16 -16 -17 -18 -19 19 -21 -22 -23 -24
leaf_value=-0.013602312093452642 -0.0029076640822278239 0.012089167318530531 -0.0014281709132937337 0.012421598525090536 -0.017459479969972741 -0.0090701567293220396 -0.014321920245671922 0.0017617243031627892 -0.0014068517006868117 -0.017057053964213528 0.0079718362791476073 0.003576885433631171 -0.013764578322662906 -0.014742594684552275 0.0069100943723631189 0.0092049141261580855 -0.0016560642042362083 0.0029813574608633241 0.005525655680491094 -0.0064357057289098941 0.013490875196193953 0.0054723982076424135 -0.0058746174134370523
leaf_weight=5.8330448418855658 8.6327726244926506 14.337362051010134 89.537709895521402 15.994435466825964 3.8362652510404578 22.149288102984428 4.6437252312898627 203.18914433941245 77.139366053044796 4.1588011533021909 4.7153902053833008 16.863404333591468 3.3775690123438826 6.8853904008865348 11.778776116669176 9.165422245860098 8.9098060652613622 15.258447296917437 39.833843730390072 5.1324092000722876 7.8647394701838484 6.6456029415130606 2.2495516389608383
leaf_count=36 29 26 334 31 16 88 21 555 226 19 10 46 18 35 36 20 32 42 98 17 14 14 9
internal_value=0.000754149 0.00129884 -0.000815353 0.00437415 -0.000918134 0.0004818 -6.17507e-05 0.00139755 -0.00312645 0.00484718 -0.00364502 -0.000294845 0.0042671 -0.00139821 -0.000448917 0.00327369 -0.00742401 0.00742732 0.00625861 0.00413816 0.00677045 0.0104259 -0.0133416
internal_weight=588.132 437.082 151.05 91.4903 23.884 345.592 307.122 207.833 99.2887 38.47 8.87419 145.217 28.1057 117.112 101.316 17.7982 15.7952 29.5958 67.6063 44.9663 24.7281 22.64 6.08582
internal_count=1772 1221 551 234 74 987 890 576 314 97 29 515 78 437 370 49 67 68 160 115 60 45 25
is_linear=0
shrinkage=0.01


Tree=285
num_leaves=20
num_cat=0
split_feature=61 48 20 42 21 48 53 2 67 6 25 47 22 58 26 21 49 5 58
split_gain=5.04238 7.6057 12.2272 12.0911 16.9856 11.2077 17.1171 9.8098 10.3034 8.79223 6.53157 6.61322 15.9564 12.3155 11.2572 7.57402 6.85537 3.7626 2.53973
threshold=169.38391113281253 -0.42219886183738703 98.145000457763686 -0.00075643500895239402 -683.49999999999989 -0.34906668961048121 -1.0355606675148008 1750201.0000000002 1.4056485891342165 -14139820543.999998 72487.000000000015 -0.0364586804062128 2543.255004882813 -671231.99999999988 0.005714281229302288 -2957.9999999999995 -0.33678741753101343 7400.0048828125009 303104.00000000006
decision_type=2 2 2 2 2 2 2 2 2 2 2 2 2 2 2 2 2 2 2
left_child=1 2 -1 17 -5 6 -3 8 -7 -9 11 15 14 -14 -13 16 -2 -4 -12
right_child=10 5 3 4 -6 7 -8 9 -10 -11 18 12 13 -15 -16 -17 -18 -19 -20
leaf_value=-0.013863520948344966 -0.0060015477207979971 0.0085876288079546649 0.0059260403462363179 -0.0010053549561664771 0.010006748306899318 -0.014492540666970182 -0.015805181520175942 -0.00066700369814955964 0.0041311105158229186 0.0049945689139892484 -0.015220931125181173 0.00467315959420619 0.0024510702856954652 -0.0078000396517106576 -0.0048877637303962954 0.017490335103880639 0.0046006870652185988 0.01655395479173211 -0.00068679187725037224
leaf_weight=4.3791919350624076 6.5889840722084037 3.8521070629358283 6.6036052107810956 58.265853762626648 18.393134333193302 9.3834664449095708 10.884724557399748 199.77213419601321 4.2406725138425818 31.78664281591773 2.9685629457235327 81.676606357097626 19.095907770097256 29.860375665128231 14.403277307748793 4.2438068985939017 71.477519351989031 7.6188459247350693 2.2739296853542328
leaf_count=23 24 9 18 194 38 48 50 623 12 87 14 213 54 110 47 5 183 12 8
internal_value=0.000747011 0 0.00241466 0.00321004 0.00162378 -0.000888406 -0.00936121 -0.000375066 -0.00862231 0.000105856 0.00189159 0.00214962 0.000856209 -0.00378106 0.00322948 0.00441655 0.00369303 0.0116896 -0.0091075
internal_weight=587.769 355.18 95.2606 90.8814 76.659 259.92 14.7368 245.183 13.6241 231.559 232.589 227.346 145.036 48.9563 96.0799 82.3103 78.0665 14.2225 5.24249
internal_count=1772 1114 285 262 232 829 59 770 60 710 658 636 424 164 260 212 207 30 22
is_linear=0
shrinkage=0.01


Tree=286
num_leaves=14
num_cat=0
split_feature=51 12 3 37 20 60 22 53 53 33 43 0 11
split_gain=5.01697 6.49832 8.9384 9.47196 6.45599 6.20116 6.18578 8.84785 7.83861 4.38854 2.50673 2.19406 0.502949
threshold=-0.038843464106321328 115309140.00000001 -334148.49999999994 2.5791561603546147 326.15499877929693 0.033063186332583434 44077.054687500007 -3.0576760536860088e-06 1.1188414532625759e-06 -1.0000000180025095e-35 206406.90625000003 39980.500000000007 37.61000061035157
decision_type=2 2 2 2 2 2 2 2 2 2 2 2 2
left_child=4 5 10 9 -1 6 8 -8 -2 -4 -3 -7 -12
right_child=1 2 3 -5 -6 11 7 -9 -10 -11 12 -13 -14
leaf_value=0.0057569005873563542 0.0015506808369617285 0.0040932653500753355 0.0012161262209919208 0.011715363761772291 -0.011413039605149762 -0.0015547289013666866 -0.0059392227199603432 0.0076364582328183033 -0.00094357592272229483 -0.015370090300468566 0.0097525898699530218 -0.014698094112208524 0.014790213902915843
leaf_weight=3.0631785467267019 291.52114812284708 5.5308934003114762 2.4479834735393524 3.319033145904541 7.1853397525846958 2.2856142595410338 5.838289342820647 25.358299031853676 221.43182700872421 4.0751263052225095 5.5053924918174726 3.4895015209913254 6.4386057555675507
leaf_count=12 849 17 7 6 76 9 22 53 662 20 13 17 9
internal_value=0.000739862 0.000864515 0.00562965 -0.00190754 -0.00618354 0.000625992 0.000737097 0.00506378 0.000472009 -0.00899234 0.00993194 -0.00966951 0.0125519
internal_weight=587.49 577.242 27.317 9.84214 10.2485 549.925 544.15 31.1966 512.953 6.52311 17.4749 5.77512 11.944
internal_count=1772 1684 72 33 88 1612 1586 75 1511 27 39 26 22
is_linear=0
shrinkage=0.01


Tree=287
num_leaves=22
num_cat=0
split_feature=67 38 61 11 18 69 70 69 34 1 1 46 18 33 1 33 51 34 56 42 39
split_gain=4.98981 10.6973 10.1707 9.37972 13.3192 12.0736 8.96666 12.3174 10.9583 8.06085 13.4286 11.8445 10.3383 11.5072 9.05912 5.75532 7.25904 4.79527 4.70314 2.03061 1.37181
threshold=-2.0167539119720455 -1.4547275900840757 503.94265747070318 63.159999847412116 26857.000000000004 49.999761581420906 110637.89453125001 66.200126647949233 -0.61401548981666554 1277804.0000000002 2582753.0000000005 -0.78633412718772877 409.50000000000006 -0.61187815666198719 8482987.0000000019 -1.3473889231681822 0.031260221265256412 -1.4046767354011533 7.0441153049469003 6.4500000007683425e-05 2.3021380901336674
decision_type=2 2 2 2 2 2 2 2 2 2 2 2 2 2 2 2 2 2 2 2 2
left_child=9 6 3 5 -5 -3 7 8 -2 -1 11 -11 14 -14 -12 19 -17 -13 -4 -8 -9
right_child=1 2 18 4 -6 -7 15 20 -10 10 12 17 13 -15 -16 16 -18 -19 -20 -21 -22
leaf_value=0.010600448160394389 0.0067409538070189448 -0.0027173040149841509 0.00084388174622029009 -0.0064739145550150772 0.0014377936868264416 0.0023872911301071925 0.012331317940256287 -0.017392336600030041 -0.014507916723236846 0.0063681844562283865 -0.013925204677157209 0.002724678388774859 -0.00063281054001903744 0.0073549988349031646 0.0014051545520840435 0.0026493444863189127 0.015670685675440176 -0.014385111900762594 0.012716134270514982 0.0054204799037925397 -0.0068384712305935283
leaf_weight=5.9076156169176093 14.896624341607097 61.874116711318493 5.3960575461387625 45.267488792538643 39.838599510490894 183.18149647116661 15.899448446929457 3.5889040678739539 2.8787435442209253 4.0640225186944035 9.3411713987588865 1.7331965528428597 85.776176825165749 22.784251980483532 6.3756176084280005 40.021832667291164 4.8543198108673087 14.861160192638632 9.6210725605487806 6.6398142874240866 2.4837138056755066
leaf_count=17 35 212 15 160 111 474 31 15 14 11 48 7 315 56 22 109 6 75 15 14 10
internal_value=0.000732734 0.00127554 0.00046728 9.81295e-05 -0.00275865 0.00109435 0.00432159 -0.000912083 0.00324341 -0.000831155 -0.00130401 -0.00877013 -5.48847e-05 0.00103443 -0.00764272 0.00618782 0.00408017 -0.0125378 0.00851671 0.0103398 -0.0132405
internal_weight=587.285 436.442 345.179 330.162 85.1061 245.056 91.2634 23.848 17.7754 150.843 144.936 20.6584 124.277 108.56 15.7168 67.4154 44.8762 16.5944 15.0171 22.5393 6.07262
internal_count=1772 1221 987 957 271 686 234 74 49 551 534 93 441 371 70 160 115 82 30 45 25
is_linear=0
shrinkage=0.01


Tree=288
num_leaves=22
num_cat=0
split_feature=40 30 50 43 46 56 58 10 29 56 44 7 9 13 35 4 71 12 27 37 43
split_gain=5.00059 8.39117 7.51844 8.73921 8.0992 11.3047 8.15032 9.60895 8.19631 7.70627 7.57651 7.36731 7.0426 12.9906 9.68762 6.30717 6.06577 5.95276 5.17763 4.43887 3.53678
threshold=2.0584422349929814 0.91296705603599559 -0.013425439596176146 1775602.4375000002 -0.94823497533798207 -0.62965542078018177 -4104831.9999999995 -0.00075643500895239402 0.33737568557262426 -0.62965542078018177 1499198.1875000002 4.2105693817138681 156937272.00000003 96228056.000000015 1.728320360183716 8483.6997070312518 279051.00000000006 115309140.00000001 -3006463.9999999995 -1.5748763680458067 300061.53125000006
decision_type=2 2 2 2 2 2 2 2 2 2 2 2 2 2 2 2 2 2 2 2 2
left_child=2 12 3 9 5 -4 8 -8 -6 -1 16 -7 18 14 -14 -15 -5 -11 -2 -20 -3
right_child=1 20 4 10 6 11 7 -9 -10 17 -12 -13 13 15 -16 -17 -18 -19 19 -21 -22
leaf_value=0.0099538190318369038 0.00082881026575124764 -0.014580981914644355 0.0076192119013227333 -0.0011967785162244281 -0.0038020236733586565 -0.013459908952609781 0.0047414077302955727 0.00013479618066048369 0.010424635787545334 -0.011959137013712129 -0.0088170036447927109 0.0052739082192411278 -0.011334401730776782 0.002993309978810684 0.0054293008450327623 0.013597841811340777 0.015735222659170555 0.0037671365220354382 0.017551389188768845 0.006442276018977745 0.0016473100561795572
leaf_weight=2.1378471702337292 5.844389226287606 3.5385767668485633 4.7139449715614345 3.7228117212653142 5.2447056546807316 11.806758373975752 51.31920138001442 389.44646772742271 16.517046049237251 17.433567479252819 3.8751068860292426 2.4677995741367331 9.9716864153742772 21.429184012115005 5.1766372770071021 7.7885745018720618 4.6080819740891457 2.68600258976221 7.6323105394840249 7.537448346614835 1.9990444332361219
leaf_count=4 19 17 11 16 21 53 134 1156 30 106 17 6 42 61 12 13 8 12 11 16 7
internal_value=0.000725961 0.00321769 0.000381553 -0.00412626 0.000706266 -0.00568694 0.000970893 0.000673422 0.00694998 -0.00786669 0.0026124 -0.0101511 0.00422902 0.00194145 -0.00553973 0.00585438 0.00804881 -0.00980995 0.00901107 0.0120975 -0.00854209
internal_weight=586.897 70.9179 515.979 34.4634 481.516 18.9885 462.527 440.766 21.7618 22.2574 12.206 14.2746 65.3802 44.3661 15.1483 29.2178 8.33089 20.1196 21.0141 15.1698 5.53762
internal_count=1772 198 1574 163 1411 70 1341 1290 51 122 41 59 174 128 54 74 24 118 46 27 24
is_linear=0
shrinkage=0.01


Tree=289
num_leaves=19
num_cat=0
split_feature=34 40 30 67 68 40 42 49 11 61 9 13 34 28 42 47 72 12
split_gain=4.95566 5.7932 7.5094 7.09318 13.6205 11.3271 10.6061 10.9561 10.2602 8.84607 6.90695 12.827 5.42585 3.56662 3.37787 6.27987 12.3819 0.138718
threshold=-1.477897524833679 2.0584422349929814 0.91296705603599559 -2.473142027854919 24.999990463256839 1.7777578234672549 -1.0000000180025095e-35 1.0656993985176089 38.375000000000007 79.646171569824233 156937272.00000003 96228056.000000015 -1.2354001402854917 231.00000000000003 -0.00070049997884780158 -0.47874356806278223 -1146783.0624999998 62674910.000000007
decision_type=2 2 2 2 2 2 2 2 2 2 2 2 2 2 2 2 2 2
left_child=14 3 10 6 8 -6 9 -8 -5 -2 12 -12 -3 -4 -1 -16 17 -17
right_child=1 2 13 4 5 -7 7 -9 -10 -11 11 -13 -14 -15 15 16 -18 -19
leaf_value=0.012070207030657896 -0.01449847529166169 0.020025627423022399 -0.014748213170839087 0.01055944747049006 0.00029784050745646835 -0.012940323605271128 -0.00076717487433826533 0.013663466390568875 0.0014830922368453529 -0.0031012511614475799 -0.0054906727155776738 0.0059388204909439192 0.006483710164313628 0.0019138895369175265 0.015316095573786758 -0.014869205255716573 0.0091947179440530786 -0.0089018526848930746
leaf_weight=5.8986668772995499 7.7798733077943316 3.7113995105028179 3.2252548336982718 22.884486488997936 346.52319503948092 6.5857151001691809 20.111858706921343 7.0729251727461806 27.987474858760834 59.353027898818254 15.129186704754828 27.741640366613865 17.299264118075371 1.9744699001312254 3.1017484664917019 2.9478966891765594 5.5313511863350815 1.7675827220082281
leaf_count=13 42 5 15 55 992 27 78 13 82 234 54 69 41 7 4 14 15 12
internal_value=0.000719141 0.000547907 0.00326256 0.000169556 0.000747914 4.8108e-05 -0.00229706 0.0029506 0.0055857 -0.00443694 0.00421358 0.00188201 0.0089234 -0.00822886 0.00571492 0.00283163 -0.000849866 -0.0128444
internal_weight=586.627 567.38 69.0812 498.299 403.981 353.109 94.3177 27.1848 50.872 67.1329 63.8815 42.8708 21.0107 5.19972 19.2472 13.3486 10.2468 4.71548
internal_count=1772 1714 191 1523 1156 1019 367 91 137 276 169 123 46 22 58 45 41 26
is_linear=0
shrinkage=0.01


Tree=290
num_leaves=22
num_cat=0
split_feature=2 2 27 70 61 27 43 41 24 26 56 47 56 45 59 51 25 52 66 9 36
split_gain=4.91107 13.2091 10.9 11.813 11.7944 10.9145 15.4379 12.7349 9.76817 9.06094 7.78573 9.24546 8.66322 7.2241 14.4548 8.29196 6.76292 6.70916 2.13148 1.60972 0.266183
threshold=5536681.5000000009 4972427.5000000009 -3915263.9999999995 192860.86718750003 114.78513717651369 -1987583.9999999998 1279750.8125000002 0.70693039894104015 1.5000000000000002 0.0018142855260521176 -0.27904695272445673 -0.93731215596199025 -0.21510955691337583 -0.31622751057147974 2.1611951589584355 -0.038843464106321328 4511.0000000000009 0.023078292608261112 1.0000000180025095e-35 203013656.00000003 -1.7158748507499693
decision_type=2 2 2 2 2 2 2 2 2 2 2 2 2 2 2 2 2 2 2 2 2
left_child=1 2 3 20 -5 7 -7 -4 -3 -10 11 18 19 14 -14 -15 17 -13 -2 -12 -1
right_child=10 8 5 4 -6 6 -8 -9 9 -11 12 16 13 15 -16 -17 -18 -19 -20 -21 -22
leaf_value=-0.0082589746381923797 -0.010433497022267882 0.0075187916379285792 0.0053141153442385234 -0.011579405371921194 0.0029769312837725388 0.00014512896893609622 -0.016401296708665684 -0.0044998651384239793 0.0036542659868481963 -0.014564836481075989 -0.015446211983766174 0.011189342670488652 -0.0023380505044421941 -0.011401484335034831 0.0061315993523498235 0.0039362418845778988 -0.0059578010201459235 -0.0017030509866247836 0 -0.0040774877944634571 -0.015440225687552156
leaf_weight=1.2493462860584257 3.0190364196896535 3.3614868596196201 83.228284370154142 7.9296774342656162 18.532816812396049 167.48243518173695 5.8319769650697699 15.609352976083754 3.3026108443737057 13.760811254382132 3.4881608188152304 27.14513918012381 87.897317208349705 3.6355565786361685 26.125162441283464 91.331914618611336 3.1182909607887259 4.5876964330673209 5.4025850147008896 2.3792403042316437 7.9204152263700944
leaf_count=6 13 8 207 35 56 500 26 56 10 69 16 62 289 35 64 230 11 13 15 9 42
internal_value=0.000712332 -9.64113e-05 0.000417299 -0.00477829 -0.00134719 0.00110122 -0.000405883 0.00375408 -0.0078865 -0.0109799 0.00174451 0.00561918 0.000959494 0.00130023 -0.000388689 0.00333855 0.00790061 0.00929394 -0.0037033 -0.0110066 -0.0145709
internal_weight=586.339 328.209 307.784 35.6323 26.4625 272.152 173.314 98.8376 20.4249 17.0634 258.13 43.2727 214.857 208.99 114.022 94.9675 34.8511 31.7328 8.42162 5.8674 9.16976
internal_count=1772 1015 928 139 91 789 526 263 87 79 757 114 643 618 353 265 86 75 28 25 48
is_linear=0
shrinkage=0.01


Tree=291
num_leaves=19
num_cat=0
split_feature=61 45 46 40 53 20 46 31 40 31 37 35 5 38 50 33 58 3
split_gain=4.83834 8.27679 11.9577 14.6803 13.648 11.1631 12.8123 19.0027 14.8834 10.0179 26.1699 11.3372 7.75664 13.1158 9.18716 13.3236 7.25262 3.18768
threshold=162.2011413574219 -0.3690346479415893 -0.61913523077964772 -0.36572951078414911 1.1188414532625759e-06 98.145000457763686 -0.48634733259677881 1.0000000180025095e-35 -1.4215537905693052 -2.9588875770568843 -2.1580854654312129 -2.2536442279815669 640731.31250000012 2.5955853462219243 -0.0039615917485207311 -1.4194197058677671 -3013631.9999999995 1445890.5000000002
decision_type=2 2 2 2 2 2 2 2 2 2 2 2 2 2 2 2 2 2
left_child=1 5 3 -3 -5 -1 7 -7 -8 10 -4 -11 13 14 15 -2 -16 -15
right_child=12 2 9 4 -6 6 8 -9 -10 11 -12 -13 -14 17 16 -17 -18 -19
leaf_value=-0.014057562456504991 0.004017036563381096 -0.014931289310916593 0.0032480379360384521 0.0022644805224775319 -0.0097412489069626761 0.010003953437331559 0.011561441892695928 -0.0090680670761529719 -0.0037212772924987317 0.011502718443943318 -0.0095133167952568837 0.00080925603518882034 0.010124488197917758 -0.017055218543199163 0.0092319913192156228 -0.0096496492566576757 0.0019982038422304287 -0.0024547212565099704
leaf_weight=3.8222865760326377 12.850389894098045 12.104196161031721 32.027062829583883 24.609247069805861 15.305227059870957 36.032918855547905 7.9506519213318816 6.0556487292051306 31.957116477191448 10.825775008648632 32.098068304359913 122.07873950153589 10.641836568713186 4.5580872744321814 15.065401822328566 15.845182869583367 189.66992661356926 2.4837611019611359
leaf_count=19 41 60 90 79 62 75 17 28 119 21 125 362 18 19 35 74 520 8
internal_value=0.000705525 -7.84939e-05 -0.00100427 -0.00526919 -0.00231407 0.00259648 0.00338501 0.00723614 -0.00065151 0.000116657 -0.00312411 0.00168782 0.00175502 0.00138048 0.00178984 -0.00349461 0.00253538 -0.0120474
internal_weight=585.982 334.867 249.048 52.0187 39.9145 85.8186 81.9963 42.0886 39.9078 197.03 64.1251 132.905 251.115 240.473 233.431 28.6956 204.735 7.04185
internal_count=1772 1057 799 201 141 258 239 103 136 598 215 383 715 697 670 115 555 27
is_linear=0
shrinkage=0.01


Tree=292
num_leaves=13
num_cat=0
split_feature=34 33 52 59 58 50 53 48 56 10 58 27
split_gain=4.84429 5.86714 5.76481 11.4591 8.59039 7.55789 6.09761 3.34171 2.94169 2.88749 1.53031 1.4932
threshold=-1.477897524833679 -1.494980454444885 0.049843475222587592 2.4817136526107793 -4104831.9999999995 -0.012658933643251656 1.0000000180025095e-35 -0.34906668961048121 2.9804649353027348 1.0000000180025095e-35 -1300479.9999999998 -8207871.9999999991
decision_type=2 2 2 2 2 2 2 2 2 2 2 2
left_child=7 11 4 -4 5 -3 -6 -1 10 -5 -9 -2
right_child=1 2 3 9 6 -7 -8 8 -10 -11 -12 -13
leaf_value=-0.0028690275492966933 -0.001997174419593452 -0.0047205688620270813 -0.014697970357001851 -0.0026323179605222541 0.0014439090754305836 0.0081928247527141892 -0.00074469216642631417 0.013906717814533221 0.00046750430816653422 0.0094972391038384198 0.0059998119857346544 -0.015031924859464344
leaf_weight=3.5723084360361126 1.5192581713199613 5.4037716202437904 7.1166966035962087 4.2022776454687119 289.71463131904602 25.57794751226902 226.43476949259639 6.0944707989692688 4.3676864728331557 3.5480238199234009 5.1073817610740644 2.970661547034978
leaf_count=15 7 29 38 13 876 54 673 11 18 8 14 16
internal_value=0.00069887 0.000529736 0.000622383 -0.00551331 0.000790933 0.00590822 0.000481832 0.00565203 0.00767135 0.00279147 0.0103909 -0.0108441
internal_weight=585.63 566.488 561.998 14.867 547.131 30.9817 516.149 19.1418 15.5695 7.7503 11.2019 4.48992
internal_count=1772 1714 1691 59 1632 83 1549 58 43 21 25 23
is_linear=0
shrinkage=0.01


Tree=293
num_leaves=19
num_cat=0
split_feature=67 38 61 48 67 44 70 34 51 50 20 2 24 70 33 51 56 10
split_gain=4.82421 10.2937 9.9169 9.67351 9.11968 9.54138 8.7233 9.5051 8.28393 8.22975 7.66915 9.32201 7.55388 7.40237 5.63616 7.19598 4.63726 2.01725
threshold=-2.0167539119720455 -1.4547275900840757 503.94265747070318 -0.58091521263122547 6.2982637882232675 1.0000000180025095e-35 110637.89453125001 -0.61401548981666554 1.0000000180025095e-35 -0.007633781759068369 243.15000152587893 11307436.000000002 34.500000000000007 33444.708984375007 -1.3473889231681822 0.031260221265256412 7.0441153049469003 6.4500000007683425e-05
decision_type=2 2 2 2 2 2 2 2 2 2 2 2 2 2 2 2 2 2
left_child=3 6 4 -1 9 -6 7 13 10 -3 11 -5 -12 -2 17 -16 -4 -8
right_child=1 2 16 8 5 -7 14 -9 -10 -11 12 -13 -14 -15 15 -17 -18 -19
leaf_value=-0.013544670772397589 0.0048308352720780844 -0.0051658780599666233 0.00077899221672098203 -0.011558126559543294 0.0038271186873050627 -0.012722670170745314 0.012207163035563415 -0.014967361986060556 -0.014325290070172001 0.00091505907731880378 0.0021160807536774922 0.0044841326900404276 -0.004202189756783185 -0.010892684562441579 0.0025592082327912514 0.015562170929529993 0.012597877912816592 0.0052999388759108011
leaf_weight=5.7747108601033679 16.080577343702323 24.080046392977238 5.3765896260738364 11.137726508080961 5.0480556637048712 10.697687946259974 15.703625693917276 4.0304884463548651 4.1122932136058798 289.64200034365058 100.80799107253551 5.2598690986633292 23.224394742399454 3.6560895144939414 39.862868309020996 4.8237498998641959 9.5479389578104001 6.6162385344505301
leaf_count=36 39 87 15 55 13 52 31 19 20 805 321 17 102 16 109 6 15 14
internal_value=0.000692021 0.00122646 0.000433614 -0.000848521 6.93886e-05 -0.00735333 0.00422347 -0.000945329 -0.00033437 0.000445123 6.82136e-05 -0.00635125 0.000924956 0.00186749 0.00607177 0.00398521 0.00840711 0.0102045
internal_weight=585.483 435.166 344.392 150.317 329.468 15.7457 90.7736 23.7672 144.542 313.722 140.43 16.3976 124.032 19.7367 67.0065 44.6866 14.9245 22.3199
internal_count=1772 1221 987 551 957 65 234 74 515 892 495 72 423 55 160 115 30 45
is_linear=0
shrinkage=0.01


Tree=294
num_leaves=13
num_cat=0
split_feature=51 40 12 28 26 60 55 66 3 45 59 26
split_gain=4.80861 6.27097 6.21794 9.68989 8.56419 5.97303 5.98739 14.285 7.89306 2.29 1.14005 0.378865
threshold=-0.038843464106321328 0.86441209912300121 115309140.00000001 -77.781249999999986 0.002742857788689435 0.033063186332583434 1.1451916694641116 1.7140261530876162 1.0000000180025095e-35 -0.42410838603973383 1.6790988445281985 0.002742857788689435
decision_type=2 2 2 2 2 2 2 2 2 2 2 2
left_child=1 -1 5 10 -5 6 7 -2 -8 -7 11 -4
right_child=2 -3 3 4 -6 9 8 -9 -10 -11 -12 -13
leaf_value=-0.011487519926019934 0.0010312199430094486 0.0053328820793123385 0.010603904485694546 0.0044933003034119548 -0.013842931532585805 -0.00080652817418421332 0.0072138054798701013 -0.0037842971584098784 9.6510740066557728e-05 -0.01444457041773535 0.0068820023198198034 0.015832446753636941
leaf_weight=6.9589768424630147 406.7813054099679 3.1590675562620163 5.3801422566175479 7.8916220217943174 3.7436038255691528 2.1151533499360085 30.701164871454239 72.559506461024284 32.227640450000763 3.6066615730524054 5.9186871051788321 4.1137514114379883
leaf_count=72 1199 16 15 19 20 8 63 229 95 18 13 5
internal_value=0.000685509 -0.006137 0.000807292 0.00549215 -0.00132039 0.000574232 0.000683197 0.000300192 0.00358473 -0.00957784 0.0106999 0.0129748
internal_weight=585.157 10.118 575.039 27.0478 11.6352 547.991 542.27 479.341 62.9288 5.72181 15.4126 9.49389
internal_count=1772 88 1684 72 39 1612 1586 1428 158 26 33 20
is_linear=0
shrinkage=0.01


Tree=295
num_leaves=18
num_cat=0
split_feature=40 52 30 59 67 51 27 40 69 58 9 13 51 4 34 21 47
split_gain=4.79128 8.17034 7.96113 7.57928 11.4172 10.235 9.95964 11.6763 10.9938 6.85404 6.77654 12.3221 12.0907 6.20885 5.2911 5.33076 3.23952
threshold=2.0584422349929814 -0.064440999180078493 0.91296705603599559 0.53921237587928783 -2.473142027854919 0.031260221265256412 -1987583.9999999998 1.681881904602051 1.0000000180025095e-35 -9376767.9999999981 156937272.00000003 96228056.000000015 0.031260221265256412 8483.6997070312518 -1.2354001402854917 -15498.999999999998 0.52614387869834911
decision_type=2 2 2 2 2 2 2 2 2 2 2 2 2 2 2 2 2
left_child=1 -1 10 4 9 -6 8 -8 -5 -3 14 12 -12 -13 -2 -16 -4
right_child=2 3 16 6 5 -7 7 -9 -10 -11 11 13 -14 -15 15 -17 -18
leaf_value=-0.012428254357015523 0.019770435324869426 0.0089793844388092146 -0.01438967130116209 -0.0025301742507980846 0.0071773487615889456 -0.0093140791631753823 -0.0011940165668713123 -0.015422764134389089 0.0024730680023361596 -0.013457859228778747 -0.011197293631848652 0.0028338272690214294 0.0084315924356894549 0.013381715202916049 0.014125817984167495 0.0022810430603908706 0.0010295505850954412
leaf_weight=4.9566817991435519 3.7059836536645916 1.7684854939579961 3.4167522341012946 56.294986765831709 43.697651095688343 4.0672876238822928 194.64535807073116 5.9603905379772177 197.53124611824751 5.3700628764927378 10.723507009446619 21.331303246319298 4.3796993494033805 7.7456924319267264 5.9100278615951582 11.382875282317396 2.0758197456598282
leaf_count=47 5 4 17 208 104 20 599 28 529 35 45 61 9 13 9 32 7
internal_value=0.000678908 0.000341235 0.00312208 0.000467466 0.00397717 0.00575213 4.12308e-05 -0.00162177 0.00135948 -0.00775923 0.0041067 0.00185498 -0.00543901 0.00567802 0.00879655 0.00638694 -0.00838019
internal_weight=584.964 514.292 70.6717 509.335 54.9035 47.7649 454.432 200.606 253.826 7.13855 65.1791 44.1802 15.1032 29.077 20.9989 17.2929 5.49257
internal_count=1772 1574 198 1527 163 124 1364 627 737 39 174 128 54 74 46 41 24
is_linear=0
shrinkage=0.01


Tree=296
num_leaves=17
num_cat=0
split_feature=2 2 60 24 26 65 66 52 1 4 56 56 47 47 25 57
split_gain=4.76093 12.9647 10.2142 9.52217 8.87804 8.48114 19.7753 12.0506 7.96448 8.24505 6.77388 11.6665 11.6393 9.36532 6.40893 4.15772
threshold=5536681.5000000009 4972427.5000000009 0.018183778971433643 1.5000000000000002 0.0018142855260521176 0.15578413754701617 1.7140261530876162 0.0018939288565889003 4060885.0000000005 68804.066406250015 -0.27904695272445673 -0.21510955691337583 -0.93731215596199025 0.083313599228858962 4511.0000000000009 1.2285865545272829
decision_type=2 2 2 2 2 2 2 2 2 2 2 2 2 2 2 2
left_child=1 2 5 -3 -5 7 -7 -1 9 -2 12 -12 15 -13 -14 -10
right_child=8 3 -4 4 -6 6 -8 -9 10 -11 11 13 14 -15 -16 -17
leaf_value=-0.00025517150197623152 0.014449933842913956 0.0073811822597240426 -0.015547069439090094 0.0035916328914065822 -0.014496845458649045 0.0057675906759608042 -0.0023111254170723079 -0.01312609123670436 -0.016792816651717585 -0.0028581623131825108 -0.015084769456017215 0.0032450618535705303 0.008925571074315573 -0.001104094403852616 -0.0059539370898633185 -0.00064477877057686679
leaf_weight=169.06198014691472 9.2211668677628023 3.341737866401675 3.9679393768310538 3.2819453701376942 13.665285732597111 76.634604051709175 49.897741936147213 7.6120735704898825 2.5250955969095221 3.7975053824484339 4.6680579409003249 91.898876115679741 30.33103097230196 106.89961671456695 3.1172877252101889 4.7049035429954529
leaf_count=551 16 8 21 10 69 172 153 31 11 13 22 245 73 351 11 15
internal_value=0.000672515 -0.000124348 0.000383921 -0.00786881 -0.0109349 0.000595702 0.00257386 -0.00081538 0.0016911 0.0093244 0.00127997 0.000529688 0.00500819 0.000901366 0.00750895 -0.00642283
internal_weight=584.627 327.463 307.174 20.289 16.9472 303.206 126.532 176.674 257.164 13.0187 244.145 203.467 40.6783 198.798 33.4483 7.23
internal_count=1772 1015 928 87 79 907 325 582 757 29 728 618 110 596 84 26
is_linear=0
shrinkage=0.01


Tree=297
num_leaves=28
num_cat=0
split_feature=67 27 59 68 58 52 22 11 67 40 72 40 54 58 24 24 65 33 45 27 41 60 45 68 4 11 34
split_gain=4.70653 9.31689 10.9145 16.6103 15.1617 10.7412 9.79327 9.64561 12.6276 17.2037 12.3486 14.0771 10.1528 9.24632 8.93633 11.8358 12.5949 10.582 10.4008 8.50627 8.26716 6.03338 4.26758 3.95683 3.55952 1.27418 0.445991
threshold=-2.2986534833908077 -1987583.9999999998 0.53921237587928783 49.802135467529304 -394239.99999999994 0.030654257163405422 54560.259765625007 47.260000228881843 2.1679917573928837 0.54404675960540783 -2050295.5624999998 0.6980167329311372 4.1324095726013192 103712.00000000001 34.500000000000007 12.500000000000002 -1.1366977691650388 -0.56382009387016285 -0.46722804009914393 -4412415.9999999991 1.6535952091217043 -0.0004778454167535528 -0.4693330824375152 19.999964714050297 37612.324218750007 72.889999389648452 -1.4335299730300901
decision_type=2 2 2 2 2 2 2 2 2 2 2 2 2 2 2 2 2 2 2 2 2 2 2 2 2 2 2
left_child=14 7 5 4 -4 24 -5 8 12 -10 11 -9 -2 -12 15 16 17 -1 -17 -20 22 -22 -16 -18 -3 -7 -24
right_child=1 2 3 6 -6 25 -8 10 9 -11 13 -13 -14 -15 20 18 23 -19 19 -21 21 -23 26 -25 -26 -27 -28
leaf_value=-0.0023556693758939118 0.0069608652177183599 0.0046091446598974552 -0.0004244344500350753 -0.0004380555035094645 -0.01432621738562637 -0.002585584212854956 0.0084499775987265536 -0.012417363002220639 -0.017508719987984235 0.0095397785322042534 0.0057340831584354046 0.0029851041095040332 -0.00076877917552447736 -0.0028959924963231683 0.0035015618716273378 -0.013636640870178771 -0.00065077218567484484 0.011623646912929751 0.0012268407218705469 0.0097250870169878784 0.011812732180210624 -0.0073762742020634332 -0.0053635165424855925 -0.014201165778540017 0.011946893577727633 -0.014387560597923784 -0.013800903560056579
leaf_weight=38.650110520422459 90.127400644123554 19.142463967204097 15.354414142668249 174.37994257360697 16.374555137008429 1.8385744020342816 13.340171396732329 14.005855619907381 5.7190009206533414 3.9430464953184128 35.216558188199997 10.146239832043646 20.661554578691721 19.001824334263802 1.6421592123806483 3.2562800906598559 2.8954678177833548 6.2918829917907706 28.861411515623331 20.276820808649063 3.3176461383700371 3.1884001828730097 1.0874186456203467 10.695865146815775 10.741996869444845 2.450299896299839 11.735132891684769
leaf_count=155 220 47 47 510 78 7 26 56 24 7 79 26 62 58 6 19 10 12 98 43 7 16 8 54 18 14 65
internal_value=0.000666001 0.00115159 -0.000115171 -0.000937649 -0.00763033 0.00513723 0.000188238 0.00277254 0.00454927 -0.00636683 2.90584e-05 -0.00590542 0.0055103 0.00269107 -0.000992115 0.00013078 -0.00295029 -0.000376313 0.00359193 0.00475398 -0.00697952 0.00225513 -0.0112023 -0.011388 0.00728017 -0.0095614 -0.0131634
internal_weight=584.342 452.444 253.622 219.449 31.729 34.1733 187.72 198.821 120.451 9.66205 78.3705 24.1521 110.789 54.2184 131.899 110.928 58.5333 44.942 52.3945 49.1382 20.9708 6.50605 14.4647 13.5913 29.8845 4.28887 12.8226
internal_count=1772 1279 747 661 125 86 536 532 313 31 219 82 282 137 493 391 231 167 160 141 102 23 79 64 65 21 73
is_linear=0
shrinkage=0.01


Tree=298
num_leaves=14
num_cat=0
split_feature=34 33 72 60 6 13 57 10 6 46 54 27 21
split_gain=4.6921 5.80063 5.5948 5.78112 13.9296 9.99075 5.54964 3.3021 5.8213 8.657 6.0825 1.43968 0.636763
threshold=-1.477897524833679 -1.494980454444885 1.0000000180025095e-35 -1.0000000180025095e-35 -31861831679.999996 81799680.000000015 0.86956399679183971 -0.00070049997884780158 -17221895167.999996 0.42625190317630773 -1.5326034426689146 -8207871.9999999991 -1522.9999999999998
decision_type=2 2 2 2 2 2 2 2 2 2 2 2 2
left_child=7 11 3 4 -3 -5 -4 -1 9 10 -9 -2 -8
right_child=1 2 6 5 -6 -7 12 8 -10 -11 -12 -13 -14
leaf_value=0.011876009373190163 -0.0020875553731931284 0.0054477435843908349 0.0049518331900438792 0.0026037156529124155 -0.0023506625836234442 -0.00064794054210555961 -0.014679470477908354 0.0080417686441083998 0.012381168324719249 0.013673511995106467 -0.013941750300675196 -0.014985267998327809 -0.005624309260993228
leaf_weight=5.8238257355988052 1.5001922398805616 27.940698336809874 2.4353786781430227 244.61931190267205 126.14209626987576 153.28602320328355 4.5793576240539551 1.6516245454549787 4.2265650629997227 2.5402260422706604 4.7385525330901146 2.9521685726940623 1.4208022207021711
leaf_count=13 7 72 8 661 415 496 29 7 7 4 27 16 10
internal_value=0.000659778 0.000493507 0.000585523 0.000710695 -0.000930044 0.00134856 -0.00748666 0.00555539 0.00268161 -0.001797 -0.00810333 -0.0108641 -0.0127019
internal_weight=583.857 564.876 560.424 551.988 154.083 397.905 8.43554 18.9808 13.157 8.9304 6.39018 4.45236 6.00016
internal_count=1772 1714 1691 1644 487 1157 47 58 45 38 34 23 39
is_linear=0
shrinkage=0.01


Tree=299
num_leaves=22
num_cat=0
split_feature=40 14 28 50 28 33 42 18 58 43 44 61 50 24 43 71 54 9 55 34 61
split_gain=4.68228 7.81628 13.3289 7.20824 8.52415 11.5944 8.56299 13.1885 9.75516 8.37719 7.43792 6.98961 10.0345 7.5479 6.44731 6.01771 5.93544 4.15264 3.55011 3.22665 3.18435
threshold=2.0584422349929814 0.64820000529289257 -439.97656249999994 -0.013425439596176146 2120.5000000000005 1.392832934856415 -0.00075643500895239402 1019.5000000000001 -4104831.9999999995 1775602.4375000002 1499198.1875000002 79.646171569824233 -1.0000000180025095e-35 27.500000000000004 319315.10937500006 279051.00000000006 -0.34025524556636805 227526360.00000003 -5.7482548072584896e-06 -0.53234177827835072 62.999944686889656
decision_type=2 2 2 2 2 2 2 2 2 2 2 2 2 2 2 2 2 2 2 2 2
left_child=3 11 -3 9 6 18 7 -5 -8 16 15 20 19 -14 -4 -11 -1 -18 -6 -13 -2
right_child=1 2 14 4 5 -7 8 -9 -10 10 -12 12 13 -15 -16 -17 17 -19 -20 -21 -22
leaf_value=0.0015437623363495764 0.0045785436659145171 0.0088840876547279079 -0.014890030580838785 -0.0088816809226598369 -0.0015790244773276644 0.0071879489916593939 0.0071215568076220381 0.0066626386015245943 3.6614954417061244e-05 -0.0013678429375151933 -0.0088739634033064407 -0.0009688446995381305 0.0094912665319084391 0.00015543803299245101 0.0017784131923320042 0.01555504831912953 -0.013523238503558903 -0.0017570338670786453 -0.016656136242762229 -0.017131833021992816 0.014975904808877047
leaf_weight=5.0306074172258404 5.0172645971179 6.0409697294235256 7.3465143889188749 6.1709513887763014 2.1841527372598639 3.8549246415495864 20.457324624061584 44.462257020175457 394.75321788340807 3.6917024776339513 3.8519156463444224 2.4040323756635189 17.225667499005795 17.86236472427845 3.244254469871521 4.5884368345141411 12.715450786054136 4.1929029971361151 7.2408506646752349 2.8820956647396079 8.4772070720791799
leaf_count=16 15 13 35 27 7 9 49 106 1180 16 17 10 39 51 10 8 84 22 33 12 13
internal_value=0.000653339 0.00307146 -0.00288314 0.0003192 0.000637048 -0.00725489 0.000864173 0.00474842 0.000388097 -0.00412119 0.00248449 0.00492849 0.00281282 0.00476715 -0.00968959 0.0078892 -0.00781965 -0.0106646 -0.0132683 -0.00997038 0.0111843
internal_weight=583.695 70.5004 16.6317 513.195 479.124 13.2799 465.844 50.6332 415.211 34.071 12.1321 53.8686 40.3742 35.088 10.5908 8.28014 21.939 16.9084 9.425 5.28613 13.4945
internal_count=1772 198 58 1574 1411 49 1362 133 1229 163 41 140 112 90 45 24 122 106 40 22 28
is_linear=0
shrinkage=0.01


end of trees

feature_importances:
Sell_Qty=200
RSI=177
ret_kurt_10=176
atr=166
price_atr=165
log_ret_3=162
stoch_k=144
log_ret_1=138
pull_ema50=136
ret_kurt_20=133
z_cvd_4=131
cvd_delta=126
macro_score=126
Agg._Funding_Rate=124
Candle_Delta=121
cvd_accel=120
z_ask_qty=111
z_delta_qty=108
z_btc_4=101
z_btc_10=100
atr_ratio_lag1=96
Buy_Qty=92
Ask_Trades=91
ret_skew_20=87
btc_cvd_mom=86
z_oi=83
ret_lag1=83
pull_ema8=81
btc_CVD=81
z_cvd_10=76
Long/Short_Ratio_(Account)=72
Ask_USD=72
vol_regime=65
pull_ema21=62
Ask_Qty=61
total_qty=60
Whale_Ind=59
Net_Shorts=59
z_btc_20=59
rsi=59
Delta_USD=56
ret_skew_10=56
liq_long_5_mean=54
Agg._OI=53
z_ls=53
z_bid_trades=53
log_ret_5=52
z_cvd_20=49
liq_long_5=49
z_ask_trades=47
Net_Longs=46
Agg._Liq_Long=43
z_bid_qty=42
Delta_Qty=40
Price_Low=39
liq_short_5=39
ema_fast=38
Agg._Liq_Short=36
atr_ratio=34
liq_short_5_mean=30
funding=25
ema_8=24
ema_21=24
Price_High=20
CVD=19
Candle=18
ema_slow=15
Bid_Trades=14
Bid_Qty=11
Bid_USD=5
Mid_Price=4
ema_50=3
macro=2

parameters:
[boosting: gbdt]
[objective: binary]
[metric: binary_logloss]
[tree_learner: serial]
[device_type: cpu]
[data_sample_strategy: bagging]
[data: ]
[valid: ]
[num_iterations: 300]
[learning_rate: 0.01]
[num_leaves: 31]
[num_threads: 1]
[seed: 42]
[deterministic: 0]
[force_col_wise: 0]
[force_row_wise: 0]
[histogram_pool_size: -1]
[max_depth: 5]
[min_data_in_leaf: 10]
[min_sum_hessian_in_leaf: 0.001]
[bagging_fraction: 0.8]
[pos_bagging_fraction: 1]
[neg_bagging_fraction: 1]
[bagging_freq: 0]
[bagging_seed: 400]
[bagging_by_query: 0]
[feature_fraction: 0.8]
[feature_fraction_bynode: 1]
[feature_fraction_seed: 30056]
[extra_trees: 0]
[extra_seed: 12879]
[early_stopping_round: 0]
[early_stopping_min_delta: 0]
[first_metric_only: 0]
[max_delta_step: 0]
[lambda_l1: 0.1]
[lambda_l2: 0]
[linear_lambda: 0]
[min_gain_to_split: 0]
[drop_rate: 0.1]
[max_drop: 50]
[skip_drop: 0.5]
[xgboost_dart_mode: 0]
[uniform_drop: 0]
[drop_seed: 17869]
[top_rate: 0.2]
[other_rate: 0.1]
[min_data_per_group: 100]
[max_cat_threshold: 32]
[cat_l2: 10]
[cat_smooth: 10]
[max_cat_to_onehot: 4]
[top_k: 20]
[monotone_constraints: ]
[monotone_constraints_method: basic]
[monotone_penalty: 0]
[feature_contri: ]
[forcedsplits_filename: ]
[refit_decay_rate: 0.9]
[cegb_tradeoff: 1]
[cegb_penalty_split: 0]
[cegb_penalty_feature_lazy: ]
[cegb_penalty_feature_coupled: ]
[path_smooth: 0]
[interaction_constraints: ]
[verbosity: -1]
[saved_feature_importance_type: 0]
[use_quantized_grad: 0]
[num_grad_quant_bins: 4]
[quant_train_renew_leaf: 0]
[stochastic_rounding: 1]
[linear_tree: 0]
[max_bin: 63]
[max_bin_by_feature: ]
[min_data_in_bin: 3]
[bin_construct_sample_cnt: 200000]
[data_random_seed: 175]
[is_enable_sparse: 1]
[enable_bundle: 1]
[use_missing: 1]
[zero_as_missing: 0]
[feature_pre_filter: 1]
[pre_partition: 0]
[two_round: 0]
[header: 0]
[label_column: ]
[weight_column: ]
[group_column: ]
[ignore_column: ]
[categorical_feature: ]
[forcedbins_filename: ]
[precise_float_parser: 0]
[parser_config_file: ]
[objective_seed: 16083]
[num_class: 1]
[is_unbalance: 0]
[scale_pos_weight: 3.52041]
[sigmoid: 1]
[boost_from_average: 1]
[reg_sqrt: 0]
[alpha: 0.9]
[fair_c: 1]
[poisson_max_delta_step: 0.7]
[tweedie_variance_power: 1.5]
[lambdarank_truncation_level: 30]
[lambdarank_norm: 1]
[label_gain: ]
[lambdarank_position_bias_regularization: 0]
[eval_at: ]
[multi_error_top_k: 1]
[auc_mu_weights: ]
[num_machines: 1]
[local_listen_port: 12400]
[time_out: 120]
[machine_list_filename: ]
[machines: ]
[gpu_platform_id: -1]
[gpu_device_id: -1]
[gpu_use_dp: 0]
[num_gpu: 1]

end of parameters

pandas_categorical:[]
