tree
version=v4
num_class=1
num_tree_per_iteration=1
label_index=0
max_feature_idx=72
objective=binary sigmoid:1
feature_names=Candle Buy_Qty Sell_Qty Candle_Delta Agg._Liq_Long Agg._Liq_Short CVD Long/Short_Ratio_(Account) Whale_Ind Agg._OI Agg._Funding_Rate RSI Net_Shorts Net_Longs Price_Low Price_High Mid_Price Bid_Qty Ask_Qty Bid_USD Ask_USD Delta_Qty Delta_USD Bid_Trades Ask_Trades total_qty atr cvd_delta btc_cvd_mom ema_fast ema_slow macro_score macro z_cvd_4 z_btc_4 z_cvd_10 z_btc_10 z_cvd_20 z_btc_20 vol_regime z_oi z_ls funding liq_long_5 liq_short_5 z_bid_qty z_ask_qty z_delta_qty z_bid_trades z_ask_trades log_ret_1 log_ret_3 log_ret_5 ret_skew_10 ret_kurt_10 ret_skew_20 ret_kurt_20 atr_ratio cvd_accel atr_ratio_lag1 ret_lag1 price_atr ema_8 ema_21 ema_50 pull_ema8 pull_ema21 pull_ema50 rsi stoch_k liq_long_5_mean liq_short_5_mean btc_CVD
feature_infos=[286:231426] [928.6929931640625:777909.9375] [412.71200561523438:873228.9375] [-117535.421875:125793.1875] [0:70647784] [0:72221104] [-79118768:51100.84765625] [0:6.256129264831543] [0:6.1572999954223633] [0:2465641.75] [-0.10265500098466873:0.0061610001139342785] [0:93.739997863769531] [0:1168497.375] [0:1879190.375] [110.5:4824.5] [111.5:4825.5] [111:4825] [0:15335.279296875] [0:22085.826171875] [0:14541185] [0:24801374] [-11558.35546875:5070.81689453125] [-10281356:20212252] [0:5811] [0:5903] [0:7976.4619140625] [0.3407113254070282:230.96784973144531] [-492760:268760] [-16829.4375:14222.9375] [117.00861358642578:4709.85888671875] [130.34054565429688:4635.43701171875] [-31.774791717529297:28.249584197998047] [-1:1] [-1.4999251365661621:1.4998741149902344] [-1.49959397315979:1.4994522333145142] [-2.8378274440765381:2.8025455474853516] [-2.8082542419433594:2.8172879219055176] [-4.1296119689941406:3.9585475921630859] [-4.090031623840332:4.1899876594543457] [-2.5076103210449219:6.2330331802368164] [-6.712127685546875:6.3501148223876953] [-6.4296422004699707:5.6937789916992188] [-0.10265500098466873:0.0061610001139342785] [0:270893664] [0:154231312] [-2.0192089080810547:2.8154838085174561] [-1.8896406888961792:2.814082145690918] [-2.8224062919616699:2.7862088680267334] [-2.1610126495361328:2.7130389213562012] [-2.5254502296447754:2.7948501110076904] [-0.041173931211233139:0.054147083312273026] [-0.15920211374759674:0.098251961171627045] [-0.26788166165351868:0.08922712504863739] [-3.0277810096740723:3.0774438381195068] [-2.3237361907958984:9.5954370498657227] [-4.0555968284606934:4.2207398414611816] [-1.5325996875762939:18.431089401245117] [0.41155210137367249:3] [-119896:146056] [0.38198906183242798:3] [-0.10266851633787155:0.038583505898714066] [9.0337686538696289:3300.329833984375] [113.34007263183594:4793.93408203125] [116.17448425292969:4779.8427734375] [116.58693695068359:4762.11279296875] [-4.5255203247070312:4.6879115104675293] [-6.1060843467712402:6.199345588684082] [-6.6473355293273926:7.4833950996398926] [2.3952007293701172:96.464256286621094] [0.29041796922683716:100] [0:92428408] [0:394858976] [-2643495:470958.21875]
tree_sizes=1363 1287 1709 1598 1279 1399 1394 1276 1603 1601 1703 1278 1709 1699 1179 1695 1732 1186 1716 1610 1710 1605 1178 1609 1508 1188 1580 1615 983 1498 1178 1400 1193 1597 1504 1403 1606 1693 1634 1516 1081 1191 1612 1410 1510 1612 1287 1196 1197 1508 1404 1402 1199 1414 1708 1509 1506 1294 1391 1404 1297 1518 1193 1502 1201 1611 1290 1408 1515 1291 1209 1511 1504 1503 1406 1287 1501 1203 1598 1634 1295 1289 988 1512 1840 1293 1291 1406 1411 1424 1190 1613 1839 1716 1200 1294 1718 1302 1298 1510 1414 1298 1383 1722 1407 1295 1209 1512 1515 1398 1411 1725 1512 1619 1408 1096 1729 1519 1623 1295 1201 1720 1608 1730 1410 1515 1507 1514 1836 1295 1292 1733 1509 1308 1207 1595 1525 1715 1741 1528 1630 1512 1510 1398 1838 1101 1514 1410 1202 1614 1102 1516 1308 1309 1731 1831 1622 1306 1589 1629 980 1517 1394 1612 1491 1415 1591 1500 1414 1713 1825 1725 1492 1843 1520 1521 1529 1516 1617 1519 1727 1425 1098 1509 1839 1412 1628 1416 1419 1311 1514 1513 1623 1724 1203 1314 1418 1832 1311 1201

Tree=0
num_leaves=12
num_cat=0
split_feature=14 44 44 5 10 34 44 8 31 58 70
split_gain=31.1224 30.8892 51.8096 45.2926 42.4272 30.0005 26.0057 24.1567 22.8846 31.0399 22.7081
threshold=3602.5000000000005 6668.2548828125009 74938.707031250015 7030.2148437500009 -0.00049549998948350538 1.1100308895111086 7288608.0000000009 2.8260500431060795 5.3907523155212411 8234.0000000000018 3513.159057617188
decision_type=2 2 2 2 2 2 2 2 2 2 2
left_child=1 8 3 -3 -4 6 7 -2 10 -10 -1
right_child=5 2 4 -5 -6 -7 -8 -9 9 -11 -12
leaf_value=-1.2935838668999744 -1.2845522590979441 -1.3617394806290422 -1.2751466846378123 -1.2802924017986763 -1.3064870094087657 -1.3911480999542445 -1.3908694207130607 -1.3406249780073043 -1.2994700826047711 -1.3909980419012995 -1.2710561502902871
leaf_weight=107.71885603666306 18.404405534267429 23.362859129905704 50.809326589107513 8.3154935836791974 171.74578332901001 5.3825322389602652 3.5883548259735099 11.313697397708891 15.082952976226808 4.2407829761505118 66.420153439044952
leaf_count=399 64 126 165 28 691 33 22 55 58 26 209
internal_value=-1.29975 -1.29751 -1.30443 -1.34045 -1.29932 -1.32572 -1.31505 -1.3058 -1.28843 -1.31971 -1.28497
internal_weight=486.385 447.696 254.233 31.6784 222.555 38.689 33.3065 29.7181 193.463 19.3237 174.139
internal_count=1876 1702 1010 154 856 174 141 119 692 84 608
is_linear=0
shrinkage=1


Tree=1
num_leaves=11
num_cat=0
split_feature=14 54 34 7 60 40 38 47 45 26
split_gain=26.9796 33.021 27.7456 27.6073 47.4861 38.4403 24.028 31.4953 20.5088 15.1231
threshold=3602.5000000000005 -1.3779492378234861 1.1100308895111086 2.6096384525299077 -0.00063379816128872324 -1.7361447811126707 2.3295257091522221 0.15665888786315921 -0.86768534779548634 9.1567816734313983
decision_type=2 2 2 2 2 2 2 2 2 2
left_child=1 8 6 4 -3 -5 7 -2 -1 -10
right_child=2 3 -4 5 -6 -7 -8 -9 9 -11
leaf_value=0.0041789012791823279 -0.0043900751408676199 0.031822330583988978 -0.03689384545334054 -0.0029372050169627025 0.05522024408885215 0.071447173632465763 0.11928168270962564 0.056115718895856627 0.1102471180351564 0.061393407512874615
leaf_weight=2.671812072396281 13.901266425848009 121.08674037456512 5.2646256834268561 6.6812408715486518 223.84610441327095 82.598861336708069 2.9331714659929267 17.236403286457062 16.414343744516376 9.2979910373687726
leaf_count=13 72 509 33 34 812 265 6 63 37 32
internal_value=0.050926 0.0529609 0.0269184 0.0508942 0.0470152 0.065847 0.0368667 0.0290068 0.0844709 0.0926975
internal_weight=501.933 462.597 39.3355 434.213 344.933 89.2801 34.0708 31.1377 28.3841 25.7123
internal_count=1876 1702 174 1620 1321 299 141 135 82 69
is_linear=0
shrinkage=0.03


Tree=2
num_leaves=15
num_cat=0
split_feature=10 14 44 35 5 39 41 53 63 7 53 57 57 2
split_gain=24.7208 34.1428 31.9592 35.56 34.7618 26.9599 28.6679 24.1145 32.9954 27.1873 26.5989 19.5209 32.4766 21.848
threshold=-0.00046149999252520496 3602.5000000000005 6668.2548828125009 -1.361860930919647 787.32998657226574 -0.17500457167625424 0.23927929997444156 0.078961126506328597 1856.5354614257815 1.0841464400291445 0.22079553455114367 0.81749293208122265 0.73447352647781383 31746.550781250004
decision_type=2 2 2 2 2 2 2 2 2 2 2 2 2 2
left_child=7 2 4 -4 -2 -3 -7 11 9 -9 -10 12 -1 -13
right_child=1 5 3 -5 -6 6 -8 8 10 -11 -12 13 -14 -15
leaf_value=0.059128731382774365 0.060630445993146168 -0.037485474626016944 0.020655110236259919 0.047819482112924215 -0.037684804235525976 0.047915771784175429 -0.037406761808993494 0.044133628607345696 -0.037304369123109263 -0.03822686577099306 0.062017737057971742 0.083987848483570923 -0.037925381432740574 0.056030519061794438
leaf_weight=11.83880488574505 121.55549608170986 7.4008489400148418 66.748375311493874 126.42277826368809 3.2872347533702841 16.137202903628353 4.5021121799945822 6.9850828200578672 2.571060672402381 7.4535630196332932 34.58971206843853 50.129660502076149 4.1658335924148551 52.703006103634834
leaf_count=39 397 45 291 463 19 61 27 26 15 43 113 134 24 179
internal_value=0.0479806 0.043339 0.0461403 0.0384486 0.0580177 0.0114619 0.0291588 0.0573873 0.0401093 0.00140946 0.0550652 0.0648642 0.0336792 0.0696885
internal_weight=516.491 346.054 318.014 193.171 124.843 28.0402 20.6393 170.437 51.5994 14.4386 37.1608 118.837 16.0046 102.833
internal_count=1876 1303 1170 754 416 133 88 573 197 69 128 376 63 313
is_linear=0
shrinkage=0.03


Tree=3
num_leaves=14
num_cat=0
split_feature=68 53 60 10 38 36 59 22 55 71 9 27 69
split_gain=22.0165 31.2162 28.9495 25.042 36.8239 34.3724 24.9712 23.0946 25.9419 19.632 18.6967 17.3072 6.47267
threshold=83.222057342529311 0.91690880060195934 -0.00022169425210449842 -0.00042450000182725484 2.5240839719772343 -1.5201222896575926 1.1631933450698855 -28993.464843749996 1.3369680643081667 895.34890747070324 886553.34375000012 113694.00000000001 86.34296035766603
decision_type=2 2 2 2 2 2 2 2 2 2 2 2 2
left_child=1 3 11 4 -1 -5 10 12 -9 -8 -4 -2 -3
right_child=2 7 6 5 -6 -7 9 8 -10 -11 -12 -13 -14
leaf_value=0.057045591284406276 -0.037944542137805189 -0.038400151544276798 0.1143123213295895 0.017632259060547592 -0.038103198374924742 0.045855811738909666 0.11068158807595108 0.044897960285113843 0.0023873503578878308 0.035140279702274617 0.055057308884410058 0.070023076683709037 0.026398281962829912
leaf_weight=172.52129603922367 3.6673278808593741 6.1649774163961402 15.121559098362924 49.36078117787838 3.7020069062709799 188.95409569144249 3.8537514209747341 38.764691606163979 19.607774034142494 17.18460601568222 7.3693885654211035 2.1007703095674515 1.7336041778326032
leaf_count=549 21 35 27 213 21 671 7 139 91 65 24 6 7
internal_value=0.045322 0.0433453 0.0645405 0.0464095 0.0550297 0.0400226 0.0729102 0.0241326 0.0306697 0.0491203 0.0950302 0.000857704 -0.0237982
internal_weight=530.107 480.809 49.2974 414.538 176.223 238.315 43.5293 66.271 58.3725 21.0384 22.4909 5.7681 7.89858
internal_count=1876 1726 150 1454 570 884 123 272 230 72 51 27 42
is_linear=0
shrinkage=0.03


Tree=4
num_leaves=11
num_cat=0
split_feature=9 13 57 11 8 8 3 10 33 48
split_gain=20.9465 26.8322 24.0969 22.4208 13.7861 23.613 8.76188 6.30032 6.08794 5.53332
threshold=2282308.8750000005 1560412.8750000002 0.57202571630477916 83.069999694824233 1.3228564858436587 1.0818000435829165 -5529.9799804687491 -0.00048149999929592008 1.3450430035591128 0.19087392836809161
decision_type=2 2 2 2 2 2 2 2 2 2
left_child=1 2 9 -4 5 -2 -6 -8 -3 -1
right_child=4 8 3 -5 6 -7 7 -9 -10 -11
leaf_value=-0.038496863365020527 0.088666159668127381 -0.038179990283193549 0.041802530205356486 0.075049924623154893 0.034454833909143688 -0.03827353234183211 0.1201143334427749 0.077689143903273639 0.027475974917225494 0.024554722123100517
leaf_weight=3.9539015442132941 2.6927582919597652 4.5529114603996268 487.40410149097443 19.217589288949966 3.0901752859354064 2.5470048636198044 5.0621039867401167 10.878140434622756 1.7101741731166837 1.7737086862325666
leaf_count=22 6 26 1698 50 11 14 7 28 7 7
internal_value=0.0429087 0.0416197 0.0423761 0.0430696 0.0703287 0.0263893 0.0822691 0.0913502 -0.0197732 -0.0184475
internal_weight=542.883 518.612 512.349 506.622 24.2702 5.23976 19.0304 15.9402 6.26309 5.72761
internal_count=1876 1810 1777 1748 66 20 46 35 33 29
is_linear=0
shrinkage=0.03


Tree=5
num_leaves=12
num_cat=0
split_feature=54 60 5 68 45 56 65 26 71 37 10
split_gain=19.346 21.0361 42.7957 33.7698 23.2197 22.5025 18.4366 48.3591 12.318 12.287 7.97865
threshold=-1.3779492378234861 -0.00063379816128872324 2145069.0000000005 79.497665405273452 2.5429437160491948 0.093663390725851073 -0.50727164745330799 8.3718004226684588 565647.78125000012 -2.7686626911163326 -0.00036350000300444657
decision_type=2 2 2 2 2 2 2 2 2 2 2
left_child=6 2 3 -2 5 -3 10 8 -8 -4 -1
right_child=1 4 9 -5 -6 -7 7 -9 -10 -11 -12
leaf_value=0.10151711208359836 0.037395931669262306 0.030982261156834754 0.026769246932454749 -0.038641863467858646 -0.038799864061372029 0.049682389374524683 0.042284894867473277 -0.038856821932476457 0.10063875591866703 -0.039036448110248735 0.056690330081133423
leaf_weight=10.614324703812601 188.21342681348324 78.568657621741295 3.4512341171503058 5.3689821809530249 2.9690814018249503 231.89472857117653 6.9754212498664874 4.9042762517929068 6.5583714544773102 9.3974844664335233 5.9888386428356162
leaf_count=18 660 283 13 30 16 726 22 27 11 52 18
internal_value=0.0407044 0.0392345 0.0317466 0.0352715 0.0441566 0.0449596 0.0624254 0.0414586 0.0707844 -0.0211272 0.0855286
internal_weight=554.905 519.864 206.431 193.582 313.432 310.463 35.0412 18.4381 13.5338 12.8487 16.6032
internal_count=1876 1780 755 690 1025 1009 96 60 33 65 36
is_linear=0
shrinkage=0.03


Tree=6
num_leaves=12
num_cat=0
split_feature=14 33 43 34 54 14 43 22 46 46 65
split_gain=18.7648 23.8251 25.0996 25.1246 22.3867 21.2446 26.1244 18.5782 16.7379 16.0199 13.4526
threshold=3602.5000000000005 -1.4173306226730344 1197.850036621094 1.1100308895111086 -1.3779492378234861 3196.0000000000005 37667110.000000007 11861.219726562502 -0.85815250873565663 -0.82241144776344288 -0.50727164745330799
decision_type=2 2 2 2 2 2 2 2 2 2 2
left_child=4 -2 3 -3 9 6 -6 -4 -7 -1 -11
right_child=1 2 7 -5 5 8 -8 -9 -10 10 -12
leaf_value=-0.00073427583838271866 0.074897001124185 0.056723097059481351 0.030195490704801962 -0.037070309092966658 0.037226089700008742 0.0037070921142906212 -0.022189102351777634 -0.030596172849194251 0.060525750335821929 0.091464445129301228 0.05060309421455416
leaf_weight=3.0072137117385855 6.0372644066810599 13.148128718137743 6.5889976024627712 3.1545270830392829 423.9289386421442 5.2308807224035254 6.7029536515474311 14.253560498356817 54.062656760215759 14.85181547701359 15.175891071557997
leaf_count=13 15 38 24 19 1417 22 33 78 148 26 43
internal_value=0.0386848 0.0195424 0.0104648 0.0383903 0.0402597 0.0386325 0.0362943 -0.0112341 0.0555638 0.0643002 0.0709132
internal_weight=566.143 43.1825 37.1452 16.3027 522.96 489.925 430.632 20.8426 59.2935 33.0349 30.0277
internal_count=1876 174 159 57 1702 1620 1450 102 170 82 69
is_linear=0
shrinkage=0.03


Tree=7
num_leaves=11
num_cat=0
split_feature=9 13 57 11 22 17 3 35 31 71
split_gain=17.4916 22.8882 20.9282 18.593 10.8959 12.3112 6.06365 7.96904 5.5847 5.29923
threshold=2282308.8750000005 1560412.8750000002 0.57202571630477916 83.069999694824233 125602.10156250001 174.64700317382815 1288.612976074219 2.2337272167205815 8.7265086174011248 1975307.8750000002
decision_type=2 2 2 2 2 2 2 2 2 2
left_child=1 2 9 -4 5 -2 -6 -8 -3 -1
right_child=4 8 3 -5 6 -7 7 -9 -10 -11
leaf_value=-0.038969934095268097 0.062217750474351477 -0.038334766501786369 0.03583014750314157 0.064993828390729896 0.091657355626966044 -0.0079893762866150575 0.021561372915653059 0.085604589262232911 0.023277751061876253 0.021708882081508313
leaf_weight=4.0563090592622748 5.5908156335353869 4.5837917923927298 517.53036758303642 20.734030678868294 9.5628958493471163 3.6440156996250153 3.6664400845766059 3.6423513293266296 1.7976725399494169 1.8341342508792875
leaf_count=22 14 26 1698 50 16 16 13 7 7 7
internal_value=0.0368282 0.0356773 0.0363417 0.0369591 0.0609848 0.0341895 0.0754735 0.0538879 -0.0205083 -0.0195668
internal_weight=576.643 550.536 544.155 538.264 26.1065 9.23483 16.8717 7.30879 6.38146 5.89044
internal_count=1876 1810 1777 1748 66 30 36 20 33 29
is_linear=0
shrinkage=0.03


Tree=8
num_leaves=14
num_cat=0
split_feature=10 30 33 33 44 37 38 43 26 57 10 2 4
split_gain=17.2175 25.0671 34.4735 26.148 26.2763 24.503 19.1863 18.772 18.1537 16.4928 24.6724 14.9281 10.7912
threshold=-0.00046149999252520496 3600.0725097656255 -1.3153377771377561 1.4461054205894472 6668.2548828125009 2.3611114025115971 2.5240839719772343 1494835.3125000002 13.821786403656008 0.81749293208122265 -0.00063750002300366748 31746.550781250004 6846.3198242187509
decision_type=2 2 2 2 2 2 2 2 2 2 2 2 2
left_child=6 3 12 4 -2 -4 9 -5 -8 10 -1 -11 -3
right_child=1 2 5 7 -6 -7 8 -9 -10 11 -12 -13 -14
leaf_value=-0.04003940036988899 0.041730159473282506 0.019929355206253174 -0.032255000203554887 0.075177270209494107 0.024516803308192881 0.039257533221904832 -0.039596303631581641 0.0079344998294507332 0.065619101057313819 0.056854021526681439 0.035339261308434559 0.038272900272667526 0.090254121732973841
leaf_weight=4.6222204118967083 134.16354677081108 3.7828709334135073 16.727624073624614 20.916591003537182 200.94077397882938 5.7805015891790381 4.7330272048711768 4.6735502630472174 2.1370124816894531 83.54349347949028 24.298813283443451 75.823492586612701 4.3999305963516235
leaf_count=24 399 14 90 45 710 19 25 18 5 209 78 232 8
internal_value=0.0351103 0.0314511 0.00530713 0.0336673 0.0314174 -0.013756 0.0424334 0.0630139 -0.00643105 0.0442322 0.0231884 0.0480323 0.0581099
internal_weight=586.543 391.385 30.6909 360.694 335.104 22.5081 195.158 25.5901 6.87004 188.288 28.921 159.367 8.1828
internal_count=1876 1303 131 1172 1109 109 573 63 30 543 102 441 22
is_linear=0
shrinkage=0.03


Tree=9
num_leaves=14
num_cat=0
split_feature=10 14 41 57 33 58 58 38 12 65 54 72 69
split_gain=15.4741 23.0266 24.852 25.9209 23.7875 24.6641 17.8354 25.1355 34.649 21.8995 22.7475 13.1096 5.88902
threshold=-0.00046149999252520496 3512.0000000000005 0.23927929997444156 0.90426361560821544 1.4461054205894472 -10114.249999999998 -16688.187499999996 -2.4363827705383296 731815.62500000012 -2.7129578590393062 0.39457528293132788 -45722.242187499993 6.4128792285919198
decision_type=2 2 2 2 2 2 2 2 2 2 2 2 2
left_child=6 4 3 -3 5 -2 7 12 -9 -8 -11 -6 -1
right_child=1 2 -4 -5 11 -7 9 8 -10 10 -12 -13 -14
leaf_value=0.086214804684434113 0.047211315565266726 -0.03872703876215338 -0.038750449790569907 0.034435593341411219 0.045990171685077713 0.026259370826511624 0.09729860761969486 -0.041351057050487729 0.058764575547578392 0.051337757778188345 0.029094172751296696 0.093284822937075171 0.033331874642391068
leaf_weight=3.5953754633665103 62.766263455152512 5.3366616517305401 8.1547055393457395 23.09960213303566 18.429801806807522 271.45200888812542 6.6632944494485846 9.6512128412723523 4.5795176029205313 94.40360215306282 75.275433525443077 7.7096948176622382 4.5940714031457901
leaf_count=6 175 30 46 77 50 913 10 48 11 244 240 12 14
internal_value=0.033523 0.0300719 0.00729079 0.0205996 0.0323768 0.0302031 0.0404 0.0149923 -0.00892255 0.0436133 0.0414874 0.0600542 0.0569152
internal_weight=595.711 396.949 36.591 28.4363 360.358 334.218 198.763 22.4202 14.2307 176.342 169.679 26.1395 8.18945
internal_count=1876 1303 153 107 1150 1088 573 79 59 494 484 62 20
is_linear=0
shrinkage=0.03


Tree=10
num_leaves=15
num_cat=0
split_feature=68 53 12 22 55 59 57 21 59 59 27 7 59 21
split_gain=15.5233 23.6099 22.6643 19.0737 20.8958 18.3407 40.0926 18.9576 17.9914 16.2119 26.425 6.97483 6.29817 5.74971
threshold=83.222057342529311 0.91690880060195934 381515.57812500006 -28993.464843749996 1.3369680643081667 0.77676793932914745 0.75181198120117199 83.264968872070327 1.448407053947449 1.1631933450698855 67978.562500000015 0.81134417653083812 1.3495475053787234 264.45248413085943
decision_type=2 2 2 2 2 2 2 2 2 2 2 2 2 2
left_child=1 5 9 13 -5 6 -1 -7 12 11 -11 -2 -4 -3
right_child=2 3 8 4 -6 7 -8 -9 -10 10 -12 -13 -14 -15
leaf_value=0.030790773914872997 0.088118170582135613 -0.040195885107056899 0.012866896084909719 0.032135794056164846 -0.0036631451041850378 0.038235088894008978 -0.020876036369166517 0.018608964897676647 -0.040596642858350074 0.0069006974564706138 0.075938432750447191 0.055339683342127965 0.070650921372644421 0.017647603713963095
leaf_weight=64.057393506169319 13.270184472203256 6.737697482109068 4.1897901892662031 44.040657669305801 21.794624745845795 339.99032263457775 17.060484185814857 51.666325956583023 4.1500029116868973 11.816480219364168 8.7752141356468183 11.809731945395468 3.0493033081293106 1.9260965287685392
leaf_count=204 20 35 15 139 91 997 77 176 21 44 16 28 6 7
internal_value=0.0320444 0.0304762 0.047032 0.0147063 0.0202391 0.0329549 0.0198874 0.0356537 0.00885667 0.0564861 0.036467 0.0728029 0.0376215 -0.0269901
internal_weight=604.334 547.274 57.0607 74.4991 65.8353 472.775 81.1179 391.657 11.3891 45.6716 20.5917 25.0799 7.23909 8.66379
internal_count=1876 1726 150 272 230 1454 281 1173 42 108 60 48 21 42
is_linear=0
shrinkage=0.03


Tree=11
num_leaves=11
num_cat=0
split_feature=9 57 54 41 26 8 8 7 58 51
split_gain=14.7671 17.635 15.2895 18.7192 14.4104 10.8257 17.9575 5.75954 6.63856 4.97612
threshold=2282308.8750000005 0.57202571630477916 -1.3779492378234861 0.71380725502967846 9.1567816734313983 1.3228564858436587 1.0818000435829165 2.0882905721664433 3546.0000000000005 0.0022173360921442513
decision_type=2 2 2 2 2 2 2 2 2 2
left_child=1 9 4 -4 -3 6 -2 -7 -9 -1
right_child=5 2 3 -5 -6 7 -8 8 -10 -11
leaf_value=-0.039588680018470115 0.064340480885642606 0.06406744203845012 0.032004762214831665 0.018847656733788999 0.025853652453620667 0.031112853369598164 -0.040007754174266053 0.050427013374025567 0.088827151211347197 0.017988489127527665
leaf_weight=4.1580357551574698 3.1833053231239345 22.531776651740074 411.4838807284832 129.19170129299164 15.213070750236509 4.6738514900207546 2.7507302016019821 8.6035590320825595 8.7419858872890455 1.9181506037712095
leaf_count=22 6 44 1254 435 48 14 14 20 12 7
internal_value=0.0306633 0.0296326 0.0301688 0.0288665 0.0487448 0.0521066 0.0154642 0.0618452 0.0699533 -0.0209188
internal_weight=612.45 584.497 578.42 540.676 37.7448 27.9534 5.93404 22.0194 17.3455 6.07619
internal_count=1876 1810 1781 1689 92 66 20 46 32 29
is_linear=0
shrinkage=0.03


Tree=12
num_leaves=15
num_cat=0
split_feature=10 30 33 65 44 10 52 53 29 7 44 69 52 0
split_gain=13.9656 20.3621 30.3643 20.1862 20.0165 26.5891 17.308 16.5161 23.0075 20.3136 15.1822 13.7107 21.4008 8.43225
threshold=-0.00046149999252520496 3600.0725097656255 -1.3153377771377561 2.0942984819412236 6668.2548828125009 0.001355000014882535 -0.0042437829542905084 0.078961126506328597 1857.9937744140627 1.0841464400291445 459188.51562500006 89.301315307617202 0.009366616606712343 145850.50000000003
decision_type=2 2 2 2 2 2 2 2 2 2 2 2 2 2
left_child=7 4 13 -4 6 -6 -2 11 9 -9 -10 12 -1 -3
right_child=1 2 3 -5 5 -7 -8 8 10 -11 -12 -13 -14 -15
leaf_value=0.041050610905587259 0.050396310402680097 0.077858135039488102 -0.027573831043202702 0.047739521834188184 0.019273047720989346 0.055496912240194554 0.029027296209884566 0.025067432709148463 0.023289445347743454 -0.040831171615622358 0.063021717740407948 0.085098584349538778 -0.041277894049015502 0.017203752925386985
leaf_weight=135.9620748013258 53.374355226755142 4.7649764120578784 19.21992559731007 3.8206336051225653 209.50563311576843 20.099239140748978 98.312750339508057 8.5505590885877627 33.233170613646507 8.2546026110649091 11.939889892935751 6.2807366102933875 2.8660040646791449 3.9029192179441452
leaf_count=353 129 8 99 10 702 48 293 27 104 42 24 9 14 14
internal_value=0.0293712 0.026156 0.0029508 -0.014955 0.0280779 0.0224571 0.0365662 0.0357688 0.0226975 -0.00712308 0.0338577 0.0413311 0.0393294 0.0508932
internal_weight=620.087 413 31.7085 23.0406 381.292 229.605 151.687 207.087 61.9782 16.8052 45.1731 145.109 138.828 8.6679
internal_count=1876 1303 131 109 1172 750 422 573 197 69 128 376 367 22
is_linear=0
shrinkage=0.03


Tree=13
num_leaves=15
num_cat=0
split_feature=68 53 12 22 55 59 59 23 22 59 55 56 61 34
split_gain=13.8089 20.4191 19.8608 17.2161 18.8941 16.4661 15.7915 30.659 15.6965 13.9637 21.1805 10.8111 7.94596 5.42495
threshold=83.222057342529311 0.91690880060195934 381515.57812500006 -28993.464843749996 1.3369680643081667 1.448407053947449 0.77676793932914745 165.50000000000003 -13537.234863281248 1.1631933450698855 2.3610765933990483 4.755690574645997 245.20326232910159 0.87696370482444774
decision_type=2 2 2 2 2 2 2 2 2 2 2 2 2 2
left_child=1 6 9 13 -5 11 7 -1 -8 12 -11 -4 -2 -3
right_child=2 3 5 4 -6 -7 8 -9 -10 10 -12 -13 -14 -15
leaf_value=-0.0071893492587558 0.074346159332254247 -0.040250719648608421 0.065250262947034565 0.028431485539894195 -0.005148740827603587 -0.040763698307308784 0.020497801207859837 0.030600013376102266 0.034627972588640324 0.0088168095907767904 0.070770610672857781 -0.0065150781037940459 0.033845386730953754 0.015275492001434762
leaf_weight=30.005710497498512 20.41648201644421 6.7408395111560804 4.2260101735591871 45.663084641098976 22.310104787349701 4.175734281539917 92.879636362195015 53.709274172782898 314.38601532578468 13.31025253236294 8.0515284389257413 3.2905545830726624 5.9354167133569709 1.9794378280639646
leaf_count=122 32 35 8 139 91 21 293 159 880 46 14 13 16 7
internal_value=0.0281663 0.0267116 0.0420165 0.0122476 0.0173657 0.0066789 0.0289648 0.0170194 0.0314129 0.0506131 0.0323084 0.0334342 0.0653377 -0.0273027
internal_weight=627.08 567.674 59.406 76.6935 67.9732 11.6923 490.981 83.715 407.266 47.7137 21.3618 7.51656 26.3519 8.72028
internal_count=1876 1726 150 272 230 42 1454 281 1173 108 60 21 48 42
is_linear=0
shrinkage=0.03


Tree=14
num_leaves=10
num_cat=0
split_feature=9 13 59 55 54 27 13 36 33
split_gain=12.8517 17.9945 19.7779 22.5743 13.7593 12.2799 9.14166 9.79652 5.39933
threshold=2282308.8750000005 1560412.8750000002 0.59856146574020397 -0.62139508128166188 -1.3779492378234861 -74495.999999999985 1433006.6250000002 -0.39608277380466456 1.3450430035591128
decision_type=2 2 2 2 2 2 2 2 2
left_child=1 2 3 -1 -4 -2 7 -7 -3
right_child=5 8 4 -5 -6 6 -8 -9 -10
leaf_value=0.058753575319988684 -0.042020042254026155 -0.039488770739685569 0.044881481511976622 -0.030384241473065014 0.026236260907564597 0.0007402990087026208 0.071024551133795522 0.051836253001239202 0.019665645014808417
leaf_weight=3.3657220453023902 1.3058239072561288 4.8368400931358329 38.65326626598835 10.529158294200895 545.34670457243919 5.0948607325553921 11.918777316808699 10.770226910710333 1.8720553964376447
leaf_count=7 6 26 89 50 1631 18 19 23 7
internal_value=0.0270305 0.0260821 0.0266326 -0.0085767 0.0274755 0.046639 0.0509139 0.0356166 -0.0225351
internal_weight=633.693 604.604 597.895 13.8949 584 29.0897 27.7839 15.8651 6.7089
internal_count=1876 1810 1777 57 1720 66 60 41 33
is_linear=0
shrinkage=0.03


Tree=15
num_leaves=15
num_cat=0
split_feature=68 66 70 33 36 72 54 30 59 71 1 7 34 54
split_gain=12.6197 19.4522 29.8543 26.79 23.8627 20.3191 19.9539 18.8228 16.6443 18.1747 31.447 10.1516 17.3449 1.53366
threshold=83.222057342529311 -1.229755103588104 2416672.0000000005 -0.61011564731597889 -1.5773077607154844 -45722.242187499993 1.9234721660614016 3715.3962402343755 1.1631933450698855 895.34890747070324 103003.92578125001 0.81134417653083812 0.76236563920974743 0.58161661028862011
decision_type=2 2 2 2 2 2 2 2 2 2 2 2 2 2
left_child=1 2 5 -4 7 -1 -6 -3 11 -10 -11 13 -13 -2
right_child=8 4 3 -5 6 -7 -8 -9 9 10 -12 12 -14 -15
leaf_value=0.039572083534174261 0.060660610984268101 -0.020143056596544511 0.0020888738270160457 0.052468799141320209 0.025563874629063371 -0.011108936606414986 0.005632017113591163 0.055752184278795476 0.070755629430789349 -0.017563518965285102 0.050197256372465651 0.067487330643993759 0.0031608551721514916 0.083213422388957001
leaf_weight=168.66629806160927 6.463720932602885 20.181593537330631 46.09569425880909 12.012364432215689 266.56516660749912 7.3380726128816596 54.920838057994843 3.4298091381788245 5.9307363927364376 13.996367797255518 10.964546293020247 8.2171402275562269 7.1634619086980811 8.0133746862411481
leaf_count=424 11 84 167 27 791 29 197 7 9 59 24 14 24 9
internal_value=0.0259583 0.02458 0.0312778 0.0125553 0.0200275 0.037442 0.0221682 -0.0089914 0.0390507 0.0234432 0.0120815 0.0550983 0.0377225 0.0733513
internal_weight=639.959 579.21 234.112 58.1081 345.097 176.004 321.486 23.6114 60.7493 30.8917 24.9609 29.8577 15.3806 14.4771
internal_count=1876 1726 647 194 1079 453 988 91 150 92 83 58 38 20
is_linear=0
shrinkage=0.03


Tree=16
num_leaves=15
num_cat=0
split_feature=41 67 50 42 35 19 42 56 7 37 56 41 60 47
split_gain=12.512 28.4495 29.4028 22.0169 18.3216 21.0959 20.5063 17.1737 24.9237 24.4116 19.0261 16.6634 29.5101 18.4184
threshold=0.71380725502967846 -1.7563196420669553 -0.00088277671602554608 -0.00058649998391047109 -1.6910960674285886 234160.01562500003 -0.00033549999352544541 0.093663390725851073 1.7491692900657656 2.1135686635971074 -0.065670721232891069 -1.5309273600578306 -0.0024318140931427474 -1.199880003929138
decision_type=2 2 2 2 2 2 2 2 2 2 2 2 2 2
left_child=7 4 -3 -4 6 -6 -2 8 9 -1 -10 12 -9 -13
right_child=1 2 3 -5 5 -7 -8 11 10 -11 -12 13 -14 -15
leaf_value=-0.0049143453558990495 0.019825349182142259 -0.042848047306433421 0.051999315751697035 0.0011818329747432864 0.057883305480087868 0.023047199975037739 -0.04189858120030876 -0.042590947220867863 0.037800175925078838 0.029819637434389978 -0.012372177188445407 0.014486673217006358 0.024197709465148595 0.037245306238185616
leaf_weight=51.338329881429672 30.596939727663994 11.091815501451491 9.5936494320631009 38.990667194128036 25.868584826588631 40.766745582222939 5.7331190407276145 6.7167919129133216 60.301205217838287 28.13381353020668 7.570051744580268 37.436752021312714 50.768585115671158 240.81095977127552
leaf_count=193 91 53 21 142 50 115 28 32 151 78 30 118 148 626
internal_value=0.0249508 0.0177014 0.00116765 0.0112782 0.0272548 0.036616 0.0100023 0.0273853 0.0187954 0.00734403 0.03216 0.0311462 0.0163417 0.034194
internal_weight=645.718 162.642 59.6761 48.5843 102.965 66.6353 36.3301 483.076 147.343 79.4721 67.8713 335.733 57.4854 278.248
internal_count=1876 500 216 163 284 165 119 1376 452 271 181 924 180 744
is_linear=0
shrinkage=0.03


Tree=17
num_leaves=10
num_cat=0
split_feature=61 33 66 68 70 41 46 71 37
split_gain=11.9157 15.1622 12.2055 24.2281 21.5663 20.7176 20.6325 17.3218 10.0117
threshold=56.936622619628913 -0.61011564731597889 -1.229755103588104 34.491205215454109 2416672.0000000005 0.71380725502967846 1.1022458076477053 2356193.3750000005 -1.5767307281494138
decision_type=2 2 2 2 2 2 2 2 2
left_child=1 -1 4 8 7 -5 -6 -2 -4
right_child=2 -3 3 5 6 -7 -8 -9 -10
leaf_value=-0.042270436885327299 0.032101413357938903 0.047022928051057435 -0.043160991127439458 0.025510976217610632 0.019482093674540693 0.0068388844986263736 -0.042697132050611195 0.065347530186795483 0.016488347224648151
leaf_weight=5.2156699150800705 161.89329649507999 2.525823086500167 7.2504953145980835 336.00999689102173 49.350343316793442 64.152979388833046 5.2951774299144736 15.67902712523937 3.8028655052185041
leaf_count=25 418 6 34 956 152 221 25 27 12
internal_value=0.0239946 -0.0127491 0.0244413 0.021311 0.0299716 0.022525 0.013402 0.0350538 -0.0223675
internal_weight=651.176 7.74149 643.434 411.216 232.218 400.163 54.6455 177.572 11.0534
internal_count=1876 31 1845 1223 622 1177 177 445 46
is_linear=0
shrinkage=0.03


Tree=18
num_leaves=15
num_cat=0
split_feature=14 21 3 50 41 54 24 67 62 33 45 66 65 57
split_gain=11.6245 16.9334 20.0586 24.3161 15.7838 15.5955 24.0633 22.4646 19.3396 20.3553 19.7857 13.8851 21.1032 10.7865
threshold=3602.5000000000005 -2.2475000619888301 5767.4184570312509 -0.0043331552296876899 -1.0000000180025095e-35 -1.1424469947814939 232.50000000000003 1.1930930614471438 3341.2375488281255 -0.70815148949623097 0.72946125268936168 1.0000000180025095e-35 -1.6519650220870969 0.8341403901576997
decision_type=2 2 2 2 2 2 2 2 2 2 2 2 2 2
left_child=5 2 3 -2 -4 6 7 -1 10 -10 -7 12 -3 -8
right_child=1 11 4 -5 -6 8 13 -9 9 -11 -12 -13 -14 -15
leaf_value=0.028221752306436615 0.029603262863686343 0.060463118777539661 0.048115794532103073 -0.040668992851012942 -0.038478507650710238 0.023797796528928352 0.019296789750252005 -0.043089317634621128 0.016025963911278505 0.061165510503894474 0.0085652289297126465 0.059163050396363451 -0.041777679104877639 0.05634559405767
leaf_weight=17.176387637853626 6.1758965253829965 3.2537976652383813 8.7021516710519773 15.384214714169502 2.3833178281784049 403.40490904450417 8.9546602517366392 5.1499296426773062 15.202854335308073 22.781037271022797 95.599626824259758 8.9053378850221616 4.1050441265106219 39.181239351630211
leaf_count=45 17 6 20 80 13 1142 26 24 46 41 308 18 20 70
internal_value=0.0230874 0.00891996 -0.00345619 -0.0204004 0.0292278 0.0242231 0.0375567 0.0116383 0.022468 0.0431776 0.0208855 0.0339459 0.00302161 0.0495158
internal_weight=656.36 48.9098 32.6456 21.5601 11.0855 607.451 70.4622 22.3263 536.988 37.9839 499.005 16.2642 7.35884 48.1359
internal_count=1876 174 130 97 33 1702 165 69 1537 87 1450 44 26 96
is_linear=0
shrinkage=0.03


Tree=19
num_leaves=14
num_cat=0
split_feature=10 15 52 33 33 58 7 38 66 58 38 65 72
split_gain=11.2407 17.038 21.1537 33.9066 19.4484 19.1656 16.1192 15.2392 15.9193 13.3397 18.8774 14.8964 11.4523
threshold=-0.00046149999252520496 3513.0000000000005 0.009366616606712343 -1.3153377771377561 1.4461054205894472 -10114.249999999998 1.7491692900657656 2.5240839719772343 3.0934978723526005 -16688.187499999996 -2.4363827705383296 -2.7129578590393062 -45722.242187499993
decision_type=2 2 2 2 2 2 2 2 2 2 2 2 2
left_child=7 4 3 -3 5 -2 -4 9 -9 10 -1 -11 -6
right_child=1 2 6 -5 12 -7 -8 8 -10 11 -12 -13 -14
leaf_value=0.041776165531727284 0.033585947133126917 0.038625591908182544 -0.0076112092595802417 -0.040339283725442085 0.032506942533486322 0.016118646797672144 0.052760751784128861 -0.041945828433956243 0.052693113462673191 0.073158408956235418 -0.013033487299190539 0.030188126175938374 0.074205623891401271
leaf_weight=9.1717170923948306 70.199616983532906 6.8684397190809277 6.7891042828559902 16.823324114084244 20.532704100012783 300.7970802038908 9.3624065518379194 5.3811436593532553 2.2577026933431625 7.675417646765708 14.643463253974913 181.88401666283607 8.6433151960372907
leaf_count=20 175 17 28 89 50 913 19 26 4 10 55 458 12
internal_value=0.0222331 0.0194378 0.000651327 -0.0173201 0.0213008 0.0194319 0.0271983 0.0277848 -0.013582 0.0292798 0.00794887 0.0319439 0.0449629
internal_weight=661.029 440.016 39.8433 23.6918 400.173 370.997 16.1515 221.013 7.63885 213.375 23.8152 189.559 29.176
internal_count=1876 1303 153 106 1150 1088 47 573 30 543 75 468 62
is_linear=0
shrinkage=0.03


Tree=20
num_leaves=15
num_cat=0
split_feature=44 44 19 38 26 40 47 34 53 48 55 6 8 41
split_gain=10.9954 28.6987 31.9815 23.4997 20.1802 21.2019 19.2227 14.2994 27.8312 12.9174 12.6214 7.43309 6.35456 4.38604
threshold=6668.2548828125009 74938.707031250015 333891.87500000006 -1.528967499732971 26.213204383850101 0.32980422675609594 -0.65143793821334828 -1.4165229797363279 -0.29838946461677546 -1.1805691123008726 0.28566198050975805 -32963612.999999996 3.1207000017166142 0.083108894526958479
decision_type=2 2 2 2 2 2 2 2 2 2 2 2 2 2
left_child=7 2 3 -2 5 -3 -6 8 -1 13 -11 -10 -4 -9
right_child=1 4 12 -5 6 -7 -8 9 11 10 -12 -13 -14 -15
leaf_value=-0.044897768335436239 0.054566552229802674 0.027322971856538113 -0.043420347377974552 -0.0032696972585746333 0.0430529978889524 0.0076738008749822739 -0.022623871696896409 -0.04437611754978342 0.0065390266696695645 0.032753614156287532 0.019234361796320223 0.063267715045983261 0.01205235761319722 0.012281726753572921
leaf_weight=7.3314329683780661 9.2143194675445574 233.92822487652302 15.116657719016077 19.877254128456116 5.275972172617915 63.241124585270882 16.565362572669983 2.9076370596885672 4.3728739619255066 183.01862309873104 96.23939973115921 4.2029816806316358 2.0263417959213248 2.0163974016904831
leaf_count=33 18 626 71 72 13 202 69 13 14 448 276 7 7 7
internal_value=0.0214236 0.0179007 -0.00413429 0.0149459 0.0211036 0.0231515 -0.00662167 0.0257014 -0.00180154 0.0272514 0.0281053 0.0346913 -0.0366883 -0.0205654
internal_weight=665.335 365.245 46.2346 29.0916 319.011 297.169 21.8413 300.089 15.9073 284.182 279.258 8.57586 17.143 4.92403
internal_count=1876 1078 168 90 910 828 82 798 54 744 724 21 78 20
is_linear=0
shrinkage=0.03


Tree=21
num_leaves=14
num_cat=0
split_feature=68 60 53 22 55 57 34 48 12 20 59 59 1
split_gain=10.9945 16.872 16.4251 14.9606 15.9674 13.6026 25.2874 13.5458 12.8811 12.6204 12.3428 10.2964 4.95041
threshold=83.222057342529311 -0.00022169425210449842 0.91690880060195934 -28993.464843749996 1.3369680643081667 0.6491244137287141 1.252534091472626 0.52218380570411693 381515.57812500006 72727.261718750015 1.448407053947449 1.1631933450698855 54669.417968750007
decision_type=2 2 2 2 2 2 2 2 2 2 2 2 2
left_child=2 7 5 12 -5 6 -1 -2 11 -7 -10 -3 -4
right_child=1 8 3 4 -6 9 -8 -9 10 -11 -12 -13 -14
leaf_value=-0.017572404565455897 -0.042015731493142174 0.056874614678075724 -0.041413193904154384 0.021211534912766776 -0.0088041870960748076 0.0087357311075264669 0.06454648324925305 0.045254435229183015 0.028920857173946768 0.024020401454078358 -0.04179096167256624 0.027502795128523588 0.010051581867447163
leaf_weight=17.637110978364948 4.5461656749248496 27.164000183343887 7.0405428409576398 48.783391267061234 23.532205149531364 55.268538519740105 4.1710613518953314 2.4496016353368759 7.6224655807018262 447.46581070125103 3.1157743334770203 18.639391958713531 2.0964949429035187
leaf_count=71 22 42 35 139 91 172 7 5 19 1204 15 47 7
internal_value=0.0206475 0.0325896 0.0193904 0.00680261 0.0114026 0.0213394 -0.00172867 -0.0110288 0.0380395 0.022346 0.00812396 0.0449874 -0.0292763
internal_weight=669.533 63.5374 605.995 81.4526 72.3156 524.543 21.8082 6.99577 56.5416 502.734 10.7382 45.8034 9.13704
internal_count=1876 150 1726 272 230 1454 78 27 123 1376 34 89 42
is_linear=0
shrinkage=0.03


Tree=22
num_leaves=10
num_cat=0
split_feature=9 13 59 55 11 27 7 17 33
split_gain=10.5559 14.5832 16.0114 17.9627 12.4658 10.7223 10.9424 8.42699 4.98117
threshold=2282308.8750000005 1560412.8750000002 0.59856146574020397 -0.58630952239036549 83.069999694824233 -74495.999999999985 2.555695772171021 174.64700317382815 1.3450430035591128
decision_type=2 2 2 2 2 2 2 2 2
left_child=1 2 3 -1 -4 -2 7 -7 -3
right_child=5 8 4 -5 -6 6 -8 -9 -10
leaf_value=0.044180473389082028 -0.044114662542130416 -0.040191160455302868 0.01941234463261016 -0.031640274277636875 0.041403632402206292 0.043228169824524307 0.062932952114598539 0.00049153166902716615 0.015370803836076913
leaf_weight=3.797145187854766 1.3618844747543359 4.9639595597982398 596.61235697567463 10.662616997957228 24.409522190690041 10.05540175735951 12.19253261387348 7.3185306638479224 1.9597586244344709
leaf_count=8 6 26 1670 49 50 20 16 24 7
internal_value=0.0199126 0.0190788 0.0195532 -0.0115222 0.0202816 0.0371344 0.0409784 0.0253986 -0.0240311
internal_weight=673.334 642.405 635.482 14.4598 621.022 30.9283 29.5665 17.3739 6.92372
internal_count=1876 1810 1777 57 1720 66 60 44 33
is_linear=0
shrinkage=0.03


Tree=23
num_leaves=14
num_cat=0
split_feature=54 60 5 68 12 10 69 67 26 65 37 10 10
split_gain=10.5223 13.869 29.8379 23.2861 15.7666 25.0516 15.5286 13.2761 28.6439 14.3543 9.63168 5.51097 1.34898
threshold=-1.3779492378234861 -0.00063379816128872324 2145069.0000000005 79.497665405273452 920004.50000000012 -0.000570499978493899 8.2105917930603045 -0.55424955487251271 8.3718004226684588 0.75853142142295849 -2.7686626911163326 -0.00033549999352544541 -0.00047050000284798438
decision_type=2 2 2 2 2 2 2 2 2 2 2 2 2
left_child=7 2 3 -2 6 -6 -3 11 9 -9 -4 12 -1
right_child=1 4 10 -5 5 -7 -8 8 -10 -11 -12 -13 -14
leaf_value=0.049368218315922439 0.01688568203893168 0.046792335108699366 0.010250110011048126 -0.042048327276525833 0.039788086401775537 -0.04494538373819626 0.02136037900134282 -0.013683756815206108 -0.042937741655314166 0.054656760829036054 -0.043006829580976035 0.02754459186700952 0.069452673567481985
leaf_weight=7.8612110018730172 229.73783440887928 23.287853300571442 4.1306950002908698 6.1688511818647376 5.2541042417287827 7.7509777098894101 346.46019688248634 3.6126570403575924 5.4504700750112525 10.971664443612097 10.912377476692198 7.6775112003087989 7.7139235287904748
leaf_count=12 660 46 13 30 11 35 933 13 26 17 52 19 9
internal_value=0.0192091 0.0182212 0.0127114 0.0153319 0.0218258 -0.010482 0.0229703 0.0336017 0.0154836 0.0375225 -0.0281835 0.0490835 0.0595081
internal_weight=676.99 633.703 250.95 235.907 382.753 13.0051 369.748 43.2874 20.0348 14.5843 15.0431 23.2526 15.5751
internal_count=1876 1780 755 690 1025 46 979 96 56 30 65 40 21
is_linear=0
shrinkage=0.03


Tree=24
num_leaves=13
num_cat=0
split_feature=41 55 58 10 70 58 56 12 10 5 56 2
split_gain=10.3543 22.7299 22.6953 22.0406 18.571 16.0117 25.4813 20.0637 15.2314 26.4136 26.3063 14.4955
threshold=0.71380725502967846 1.0646668672561648 -2196.9999999999995 -0.00024149999808287245 974.82217407226574 -8221.4999999999982 0.28889268636703497 321524.23437500006 -0.0001515000039944425 787.32998657226574 -0.59043672680854786 29289.065429687504
decision_type=2 2 2 2 2 2 2 2 2 2 2 2
left_child=5 2 3 -2 -4 6 7 -1 9 -7 -10 -8
right_child=1 -3 4 -5 -6 8 11 -9 10 -11 -12 -13
leaf_value=0.019738727918985406 0.0070182936699768918 -0.042478138499485923 0.052410179740939651 -0.044617726969170331 0.01721260484862585 0.028377096446135095 0.056588374872894122 -0.044585182154933026 -0.024439853237460004 0.00402125301419126 0.014951451319996905 0.029910517737804194
leaf_weight=15.327681705355646 49.226716846227646 6.5755326449871054 16.024364158511162 8.7620108276605588 89.911208942532539 178.53903587162495 26.5302854180336 6.0976575314998618 16.913910150527954 52.057820066809654 151.54295282065868 62.784307524561882
leaf_count=40 149 32 28 40 251 439 45 28 68 162 443 151
internal_value=0.0185402 0.0120978 0.0143053 -0.000732098 0.0225651 0.0206889 0.0308191 0.0012921 0.0178702 0.0228917 0.0109786 0.0378686
internal_weight=680.293 170.5 163.924 57.9887 105.936 509.794 110.74 21.4253 399.054 230.597 168.457 89.3146
internal_count=1876 500 468 189 279 1376 264 68 1112 601 511 196
is_linear=0
shrinkage=0.03


Tree=25
num_leaves=10
num_cat=0
split_feature=41 41 70 31 40 56 7 48 7
split_gain=10.4813 15.3893 18.1709 22.2892 14.6772 14.3757 20.6918 14.399 5.90989
threshold=3.4412982463836674 0.71380725502967846 974.82217407226574 -9.6018857955932599 -1.0252569317817686 0.093663390725851073 1.7491692900657656 -0.20990622043609616 2.555695772171021
decision_type=2 2 2 2 2 2 2 2 2
left_child=1 5 4 -4 -3 6 -1 -7 -2
right_child=8 2 3 -5 -6 7 -8 -9 -10
leaf_value=0.0021325561881540027 0.022197325158606406 -0.015197538302357224 0.046594370497551281 0.0020664764937238546 0.050356341054693159 0.027990168296277498 0.024116248486998351 0.015487249608810113 0.067738892542701226
leaf_weight=83.712470918893814 4.9625580608844739 3.7837399840354946 10.989146187901495 130.27357783913612 15.014047518372534 222.40891234576702 71.925773292779922 134.44610784947872 5.9260375052690506
leaf_count=271 13 14 22 417 26 549 181 375 8
internal_value=0.017899 0.0174192 0.00926393 0.00555164 0.0370016 0.0199604 0.0123113 0.0232881 0.0472585
internal_weight=683.442 672.554 160.061 141.263 18.7978 512.493 155.638 356.855 10.8886
internal_count=1876 1855 479 439 40 1376 452 924 21
is_linear=0
shrinkage=0.03


Tree=26
num_leaves=14
num_cat=0
split_feature=54 60 10 55 26 6 69 69 67 26 65 45 35
split_gain=10.2433 12.6752 23.3916 24.8936 19.3162 15.383 20.728 15.8014 11.7977 26.7096 13.3113 6.78239 1.81505
threshold=-1.3779492378234861 -0.00063379816128872324 -0.0001515000039944425 0.83325371146202099 2.0953608751297002 -974768.53124999988 83.375957489013686 8.2105917930603045 -0.55424955487251271 8.3718004226684588 0.75853142142295849 -0.2638449221849441 -1.831962466239929
decision_type=2 2 2 2 2 2 2 2 2 2 2 2 2
left_child=8 2 3 -2 -4 7 -7 -3 11 10 -10 12 -1
right_child=1 5 4 -5 -6 6 -8 -9 9 -11 -12 -13 -14
leaf_value=0.039397121548644012 0.020384744653922041 0.041630881183949066 -0.044423522161107357 -0.01744907808012796 0.0024747452745480843 0.05960369270219662 0 0.0164487373177758 -0.013961072872620731 -0.042570532351340278 0.051696363886699369 0.019217261216999796 0.062853174616136279
leaf_weight=5.1194214671850249 165.20251995325089 24.212919503450394 9.0287168174982053 17.204240098595619 62.862972170114517 18.146390631794933 7.4576158970594397 338.72665697336197 3.619363725185397 5.3880976885557166 11.10482098162174 6.538342908024787 11.888642758131027
leaf_count=10 436 48 41 68 210 28 24 925 13 26 17 16 14
internal_value=0.0172838 0.016319 0.011085 0.0167999 -0.00337337 0.0197369 0.0422994 0.018137 0.0314199 0.0143283 0.0353533 0.0458914 0.0559693
internal_weight=686.501 642.842 254.298 182.407 71.8917 388.544 25.604 362.94 43.6587 20.1123 14.7242 23.5464 17.0081
internal_count=1876 1780 755 504 251 1025 52 973 96 56 30 40 24
is_linear=0
shrinkage=0.03


Tree=27
num_leaves=14
num_cat=0
split_feature=10 53 52 36 1 0 38 38 51 58 38 54 55
split_gain=9.71445 15.8268 24.2855 21.1165 14.5772 22.2311 18.798 12.947 14.2444 11.8471 16.6125 13.6387 11.093
threshold=-0.00046149999252520496 -0.29838946461677546 0.006366981193423272 -1.5201222896575926 11268.701171875002 21410.500000000004 -1.2361724972724912 2.5240839719772343 0.017295546829700473 -16688.187499999996 -2.4363827705383296 0.39457528293132788 -0.86042630672454823
decision_type=2 2 2 2 2 2 2 2 2 2 2 2 2
left_child=7 2 3 -2 6 -6 -3 9 -9 10 -1 -11 -4
right_child=1 4 12 -5 5 -7 -8 8 -10 11 -12 -13 -14
leaf_value=0.034383469572270446 -0.0087430222847938791 -0.026981452318526427 0.012792933533810735 0.01820034206985419 0.044591058735466295 0.017770834840550098 0.013078109155047491 -0.042630576880828212 0.045654672732614456 0.032784897673971657 -0.016050866712211037 0.016858813473842636 -0.045879706781215182
leaf_weight=9.5857228636741656 37.409553050994873 12.872807040810583 3.8377528041601172 86.295328542590141 32.118848487734795 217.85735839605331 57.587999999523163 5.486874356865882 2.3236087113618851 107.59763480722904 15.14219295978546 89.970635533332825 11.024551033973692
leaf_count=20 132 53 11 234 62 596 166 26 4 231 55 237 49
internal_value=0.0167004 0.0141597 0.00565664 0.0100282 0.0178273 0.0212289 0.00571687 0.0217555 -0.0159817 0.023095 0.00337857 0.0255475 -0.0305274
internal_weight=689.111 459.004 138.567 123.705 320.437 249.976 70.4608 230.107 7.81048 222.296 24.7279 197.568 14.8623
internal_count=1876 1303 426 366 877 658 219 573 30 543 75 468 60
is_linear=0
shrinkage=0.03


Tree=28
num_leaves=8
num_cat=0
split_feature=61 28 60 10 40 38 65
split_gain=10.0272 13.1608 10.0175 11.9516 15.4148 12.5063 4.79682
threshold=56.936622619628913 415.50000000000006 0.014885954558849336 -0.00046149999252520496 -1.6110805869102476 2.5240839719772343 2.5653189420700078
decision_type=2 2 2 2 2 2 2
left_child=1 -1 3 5 -5 -2 -4
right_child=2 -3 6 4 -6 -7 -8
leaf_value=-0.043981017667533907 0.022933432831172169 0.036432049875272259 0.024414555576444345 -0.0096490321488547359 0.014511391555246641 -0.015656475013995731 0.062759618047181789
leaf_weight=5.4332063943147642 221.26357717812061 2.727895200252533 6.3897768259048444 25.051709100604057 416.93472984433174 7.7322282791137686 6.0684259086847305
leaf_count=25 534 6 16 88 1169 30 8
internal_value=0.0161395 -0.0167349 0.0165365 0.0160345 0.0131352 0.0216173 0.0433333
internal_weight=691.602 8.1611 683.44 670.982 441.986 228.996 12.4582
internal_count=1876 31 1845 1821 1257 564 24
is_linear=0
shrinkage=0.03


Tree=29
num_leaves=13
num_cat=0
split_feature=54 60 68 4 12 10 56 26 65 70 1 8
split_gain=9.45966 11.5554 22.9715 22.9033 14.2139 22.8348 13.7324 9.99021 26.6588 7.56753 9.05174 6.25553
threshold=-1.3779492378234861 -0.00063379816128872324 79.497665405273452 17815.910156250004 920004.50000000012 -0.000570499978493899 0.093663390725851073 9.1567816734313983 -0.50727164745330799 904498.59375000012 17304.933593750004 3.1207000017166142
decision_type=2 2 2 2 2 2 2 2 2 2 2 2
left_child=7 2 3 -2 6 -6 -3 9 11 10 -1 -9
right_child=1 4 -4 -5 5 -7 -8 8 -10 -11 -12 -13
leaf_value=-0.0063243187891038211 0.016824468864818143 0.0091940947160257941 -0.042239203530258326 -0.0035582027909459839 0.034563755897894836 -0.045464251148041909 0.022334224556477291 0.017299091638033965 -0.043250133102009647 0.055357754995712237 0.045430598760196658 0.062509116164977618
leaf_weight=5.2765886038541812 181.55955843627453 97.005170837044716 7.416882097721099 67.965134650468826 5.4086172729730606 7.8188328444957715 282.95559822022915 6.7373227775096911 5.4889406561851493 14.591446176171301 6.9004978686571121 4.9756293296813965
leaf_count=17 489 281 36 230 11 35 698 17 26 19 11 6
internal_value=0.0155979 0.0146778 0.00970464 0.0112606 0.01792 -0.0125145 0.0189874 0.0291343 0.0110554 0.04064 0.0227577 0.0367603
internal_weight=694.1 650.13 256.942 249.525 393.188 13.2275 379.961 43.9704 17.2019 26.7685 12.1771 11.713
internal_count=1876 1780 755 719 1025 46 979 96 49 47 28 23
is_linear=0
shrinkage=0.03


Tree=30
num_leaves=10
num_cat=0
split_feature=9 13 57 46 27 7 50 33 48
split_gain=9.46979 12.8257 11.9336 11.109 9.49931 9.86116 10.7015 4.70153 3.80438
threshold=2282308.8750000005 1560412.8750000002 0.57202571630477916 0.99099609255790722 -74495.999999999985 2.555695772171021 -0.0020744546782225366 1.3450430035591128 0.19087392836809161
decision_type=2 2 2 2 2 2 2 2 2
left_child=1 2 8 -4 -2 6 -6 -3 -1
right_child=4 7 3 -5 5 -7 -8 -9 -10
leaf_value=-0.041323198897678527 -0.044883740270762612 -0.041045479502747721 0.016956116012342932 0.0065576432804572218 0.056213763604739654 0.055315861717455721 0.0049536272485139572 0.01189578910262983 0.006302522747332711
leaf_weight=4.4220669418573371 1.3795586377382303 5.102963685989379 537.80885836482048 112.89193181693554 5.2543603032827439 12.489525228738783 12.63796930015087 2.0345379263162613 2.1395532488822937
leaf_count=22 6 26 1420 328 7 16 37 7 7
internal_value=0.015084 0.0143106 0.0147478 0.0151567 0.0311674 0.0347194 0.0201746 -0.0255343 -0.0253366
internal_weight=696.161 664.4 657.262 650.701 31.7614 30.3819 17.8923 7.1375 6.56162
internal_count=1876 1810 1777 1748 66 60 44 33 29
is_linear=0
shrinkage=0.03


Tree=31
num_leaves=12
num_cat=0
split_feature=10 33 28 26 10 45 51 55 48 41 0
split_gain=9.3997 14.2239 15.827 18.1791 13 23.1411 24.2997 21.7855 17.4408 33.0661 15.2757
threshold=0.001355000014882535 1.2663221359252932 23.919921875000004 10.575714111328127 -0.00019699999393196774 0.31410922110080725 -0.011373400222510098 0.61741870641708385 -0.80662843585014332 -1.295685291290283 52870.000000000007
decision_type=2 2 2 2 2 2 2 2 2 2 2
left_child=4 2 3 -2 8 6 -6 -7 9 -1 -10
right_child=1 -3 -4 -5 5 7 -8 -9 10 -11 -12
leaf_value=-0.046824318504473175 0.049363934430311257 -0.0089845192727931802 0.06650640947734171 -0.043287451367114961 -0.017709061926927217 -0.025072618002852171 0.016970269698655723 0.014865343898142114 -0.012580644918790214 0.011639199672712659 0.020938483028075799
leaf_weight=10.024598419666289 4.6440592706203523 5.6391661763191214 11.889571487903593 3.2099633812904358 20.338159874081612 31.561582386493683 166.03882510960102 20.038240686058998 12.571083739399908 65.835794627666473 346.50066938996315
leaf_count=44 8 18 15 15 76 122 444 55 42 179 858
internal_value=0.0145862 0.0325956 0.0446236 0.0111151 0.0139024 0.00824071 0.0131698 -0.009505 0.0169933 0.00387397 0.0197566
internal_weight=698.292 25.3828 19.7436 7.85402 672.909 237.977 186.377 51.5998 434.932 75.8604 359.072
internal_count=1876 56 38 23 1820 697 520 177 1123 223 900
is_linear=0
shrinkage=0.03


Tree=32
num_leaves=10
num_cat=0
split_feature=41 41 58 61 70 58 50 50 7
split_gain=9.25017 14.5998 17.2654 19.634 19.0474 13.3195 22.8121 14.1214 5.27123
threshold=3.4412982463836674 0.71380725502967846 -2196.9999999999995 180.43921661376956 974.82217407226574 -8221.4999999999982 0.0025427769869565968 -0.0063169926870614282 2.555695772171021
decision_type=2 2 2 2 2 2 2 2 2
left_child=1 5 3 -3 -4 6 -1 -7 -2
right_child=8 2 4 -5 -6 7 -8 -9 -10
leaf_value=0.028433358786559965 0.017927667955779863 0.010075455115269794 0.043800239428788426 -0.024554756900508127 0.0077465892707736855 -0.013034697712480215 -0.03016367390744076 0.014729694313480653 0.060309958744675915
leaf_weight=108.0873606055975 5.1011901795864087 29.429231584072113 15.548220247030256 29.365464374423027 89.570457771420479 17.092644885182381 6.2801954150199881 393.67843167483807 6.1024678945541382
leaf_count=240 13 83 27 110 259 61 24 1051 8
internal_value=0.0141072 0.013661 0.00581607 -0.00716985 0.0131079 0.016104 0.0251894 0.0135671 0.0412804
internal_weight=700.256 689.052 163.913 58.7947 105.119 525.139 114.368 410.771 11.2037
internal_count=1876 1855 479 193 286 1376 264 1112 21
is_linear=0
shrinkage=0.03


Tree=33
num_leaves=14
num_cat=0
split_feature=68 53 12 22 21 59 33 10 59 27 56 21 7
split_gain=9.06673 14.1775 13.15 12.9582 14.898 11.9115 11.8633 12.0546 10.1242 17.721 8.50697 4.62996 4.25692
threshold=83.222057342529311 0.91690880060195934 381515.57812500006 -28993.464843749996 -757.60348510742176 1.448407053947449 1.4871355891227724 -0.00042450000182725484 1.1631933450698855 67978.562500000015 4.755690574645997 264.45248413085943 0.81134417653083812
decision_type=2 2 2 2 2 2 2 2 2 2 2 2 2
left_child=1 6 8 11 -5 10 7 -1 12 -10 -4 -3 -2
right_child=2 3 5 4 -6 -7 -8 -9 9 -11 -12 -13 -14
leaf_value=0.018818495397566505 0.053625626321795503 -0.043053753584579059 0.044535095487532088 -0.019616635010859036 0.012387440506654017 -0.042819058198593309 0.046054155219302055 0.0097383931619371804 -0.0062583324930974848 0.045778186975076747 -0.015840194695543236 0.0056060700423904907 0.030015570902558273
leaf_weight=234.26840586960316 15.653945311903955 7.4001683294773084 4.760763153433798 16.732950240373611 59.484104961156845 4.4248784929513922 10.471641793847082 305.45230098068714 13.54324519634247 10.31127670407295 3.6643092632293701 2.1719692498445511 13.790716230869291
leaf_count=568 20 35 8 61 169 21 17 869 44 16 13 7 28
internal_value=0.0136468 0.0125375 0.0242659 0.00115612 0.0053218 -0.00276199 0.0143067 0.0136852 0.0308384 0.016109 0.01792 -0.0316992 0.0426695
internal_weight=702.131 635.982 66.1491 85.7892 76.2171 12.85 550.192 539.721 53.2992 23.8545 8.42507 9.57214 29.4447
internal_count=1876 1726 150 272 230 42 1454 1437 108 60 21 42 48
is_linear=0
shrinkage=0.03


Tree=34
num_leaves=13
num_cat=0
split_feature=40 56 7 14 69 24 24 31 59 67 45 31
split_gain=8.85685 19.4591 14.0392 20.4442 15.4424 14.4526 28.8952 10.9561 20.3158 15.7441 5.18372 4.19857
threshold=-1.0252569317817686 7.0035395622253427 2.6096384525299077 3602.5000000000005 14.800665378570558 8.5000000000000018 35.500000000000007 -0.64877843856811512 0.99337998032569896 3.4054236412048344 -0.92720413208007801 6.1491329669952401
decision_type=2 2 2 2 2 2 2 2 2 2 2 2
left_child=1 7 5 4 -4 10 -7 8 -1 -9 -2 -5
right_child=2 -3 3 11 -6 6 -8 9 -10 -11 -12 -13
leaf_value=0.015599791744168723 0.063290843586682938 -0.046119542413792396 0.0067407769013876073 -0.042647052928954314 0.033586519000430096 -0.018437755579963678 0.01330001396991996 0.023057549510097166 -0.022779896272138646 -0.043659838579413683 0.026337425536470872 0.0071830570544852744
leaf_weight=27.913340047001839 6.0480004101991645 6.2461923360824576 25.557769298553467 4.598480522632598 82.472586378455162 27.347840532660484 440.55092822015285 46.149213463068008 22.334343284368515 3.3904938846826544 8.8842136710882169 2.1337268501520157
leaf_count=72 8 28 69 22 166 99 1174 113 82 16 20 7
internal_value=0.0132087 0.00517436 0.0146292 0.0240885 0.0272631 0.0123747 0.0114386 0.00841517 -0.0013997 0.0184309 0.0415056 -0.0264081
internal_weight=703.627 106.034 597.594 114.763 108.03 482.831 467.899 99.7874 50.2477 49.5397 14.9322 6.73221
internal_count=1876 311 1565 264 235 1301 1273 283 154 129 28 29
is_linear=0
shrinkage=0.03


Tree=35
num_leaves=12
num_cat=0
split_feature=10 33 28 59 10 60 28 49 61 40 27
split_gain=8.87454 13.3391 14.2346 15.5045 11.9655 26.4948 19.91 14.7155 12.0074 12.1408 11.6542
threshold=0.001355000014882535 1.2663221359252932 23.919921875000004 1.0709406137466433 0.00011500000255182387 0.001882092154119164 -1899.5312499999998 -0.84773948788642872 71.953342437744155 -1.0961320400238035 -74495.999999999985
decision_type=2 2 2 2 2 2 2 2 2 2 2
left_child=4 2 3 -2 8 6 -6 -7 10 -10 -1
right_child=1 -3 -4 -5 5 7 -8 -9 9 -11 -12
leaf_value=0.015059166775487996 0.043100483250712626 -0.010028123708712509 0.06224278217180914 -0.04341025425798465 0.040491263669771856 -0.019821161143823134 -0.014460827032302982 0.024448824406703134 0.004096779484333516 0.016575355463741264 -0.045933010363626063
leaf_weight=5.3334011286497116 4.8980946540832582 5.6628538370132437 12.088881090283392 2.989335760474205 6.5541472285985938 7.7225546836853018 60.751468807458878 50.649499207735062 83.622003167867661 459.03881186246872 5.8616085499525052
leaf_count=14 9 18 15 14 14 27 220 118 245 1156 26
internal_value=0.0127834 0.0301882 0.0417388 0.00993257 0.0121223 0.00373272 -0.00906508 0.0185406 0.0140206 0.014658 -0.0166078
internal_weight=705.173 25.6392 19.9763 7.88743 679.533 125.678 67.3056 58.3721 553.856 542.661 11.195
internal_count=1876 56 38 23 1820 379 234 145 1441 1401 40
is_linear=0
shrinkage=0.03


Tree=36
num_leaves=14
num_cat=0
split_feature=54 43 10 40 9 59 41 67 8 27 45 50 36
split_gain=8.8743 11.0875 16.4606 24.5394 16.4059 16.6641 13.5998 10.3043 23.5524 11.7339 6.30211 5.768 1.70938
threshold=-1.3779492378234861 420.10501098632818 -0.0004455000016605481 -0.94201639294624318 763384.09375000012 0.81824904680252086 -1.5309273600578306 -0.55424955487251271 1.2839630246162417 11330.250000000002 -0.2638449221849441 -0.000421344579081051 -1.2792893648147581
decision_type=2 2 2 2 2 2 2 2 2 2 2 2 2
left_child=7 4 6 -4 11 -6 -3 10 9 -9 12 -2 -1
right_child=1 2 3 -5 5 -7 -8 8 -10 -11 -12 -13 -14
leaf_value=0.03636849909315152 0.017356194617704868 -0.013459119269778743 -0.018013544194963801 0.0081996019810470014 -0.0046484207935496421 0.020312819912285836 0.018841027834454342 -0.0061435888527408451 -0.045214591184033551 0.048319312366400427 0.013413543727170735 0.051287433313920966 0.057176040475613192
leaf_weight=7.3740539252758071 6.5942876636981991 12.500321835279463 36.100949555635452 289.27089102566242 31.325587645173073 101.39737524092197 168.37001717090607 5.4656723290681866 5.2156372070312491 9.7497234940528852 6.6625855267047873 16.685860261321068 9.8866283744573593
leaf_count=13 16 41 134 819 100 242 402 18 24 14 16 26 11
internal_value=0.012374 0.0114956 0.00932878 0.00528196 0.0185078 0.0143988 0.0165921 0.025421 0.00957848 0.028558 0.0388254 0.041805 0.0484605
internal_weight=706.6 662.245 506.242 325.372 156.003 132.723 180.87 44.3543 20.431 15.2154 23.9233 23.2801 17.2607
internal_count=1876 1780 1396 953 384 342 443 96 56 32 40 42 24
is_linear=0
shrinkage=0.03


Tree=37
num_leaves=15
num_cat=0
split_feature=68 27 43 26 20 12 6 10 50 67 56 50 37 72
split_gain=8.61078 13.425 18.4629 16.7431 15.5445 12.1193 11.363 10.7117 18.5573 12.064 9.70559 8.56821 11.0978 6.31643
threshold=83.222057342529311 34004.000000000007 568.38998413085949 15.938598632812502 2529858.8750000005 381515.57812500006 -61556549.999999993 -0.00042450000182725484 -0.012446984648704527 1.6784243583679201 2.381656408309937 0.0027829986065626149 2.7979086637496953 -891447.78124999988
decision_type=2 2 2 2 2 2 2 2 2 2 2 2 2 2
left_child=1 7 4 -4 -3 11 -7 9 -9 -1 -8 13 -13 -2
right_child=5 2 3 -5 -6 6 10 8 -10 -11 -12 12 -14 -15
leaf_value=0.019142829568634175 0.025488288251558824 0.022634269315825201 -0.040280455247790448 0.0091170012174242449 -0.047119624463422279 -0.044894441961222914 0.044969938552551166 -0.044805319835310685 0.0097246191675027741 -0.0047391993377356575 -0.018067258202454268 0 0.041713580140447439 0.054211379888907625
leaf_weight=220.21607121825218 14.488260969519617 23.310387223958973 16.241643413901333 9.8264921903610212 3.2573725730180731 4.118706375360488 4.701757684350012 5.6920735836029044 342.23691129684448 20.622823446989059 4.0458172559738159 15.607251420617105 9.1482981741428357 14.233142808079718
leaf_count=515 31 55 68 28 14 19 8 26 955 65 15 46 14 17
internal_value=0.0119829 0.0109095 -0.00356231 -0.0215448 0.0139691 0.0223152 -0.00361923 0.0122084 0.00882389 0.0170854 0.0154718 0.028611 0.0154774 0.0398267
internal_weight=707.747 641.404 52.6359 26.0681 26.5678 66.3432 12.8663 588.768 347.929 240.839 8.74757 53.477 24.7555 28.7214
internal_count=1876 1726 165 96 69 150 42 1561 981 580 23 108 60 48
is_linear=0
shrinkage=0.03


Tree=38
num_leaves=14
num_cat=0
split_feature=41 67 50 10 61 55 2 56 58 11 58 50 67
split_gain=9.10468 18.7739 24.4042 17.4663 15.3099 21.528 19.8716 12.1939 18.9963 19.2884 17.2519 19.4948 14.7024
threshold=0.71380725502967846 -1.7563196420669553 -0.00088277671602554608 -0.00058649998391047109 184.74971771240237 -0.081734452396631227 11055.920898437502 0.093663390725851073 -14307.999999999998 35.264999389648445 -8221.4999999999982 0.0025427769869565968 -1.8599914312362669
decision_type=2 2 2 2 2 2 2 2 2 2 2 2 2
left_child=7 4 -3 -4 5 -2 -6 8 -1 -10 11 -9 -12
right_child=1 2 3 -5 6 -7 -8 10 9 -11 12 -13 -14
leaf_value=-0.04785532994962767 0.012954591416710641 -0.046064090916183902 0.036168669889864079 -0.0070455329562139745 0.035497025878550734 0.054398706120708316 -0.0089520887531358857 0.030503289759366749 0.028469523437752841 0.0029556724228825275 -0.0023147064936664165 -0.027725261746185635 0.015888307223997089
leaf_weight=5.5404700189828864 45.799857720732689 11.862981274724005 10.508282765746115 42.185162127017975 11.689190492033957 15.109851136803625 40.061045587062836 93.921204641461372 34.328674644231796 121.10737703740597 48.308803379535675 5.4223781675100318 222.94070166349411
leaf_count=24 116 53 21 142 22 22 124 192 75 353 147 20 565
internal_value=0.0116058 0.00568781 -0.00718137 0.00151544 0.0130887 0.0232849 0.00102998 0.0135731 0.00664776 0.00860981 0.0165732 0.0272949 0.0126353
internal_weight=708.786 177.216 64.5564 52.6934 112.66 60.9097 51.7502 531.57 160.977 155.436 370.593 99.3436 271.25
internal_count=1876 500 216 163 284 138 146 1376 452 428 924 212 712
is_linear=0
shrinkage=0.03


Tree=39
num_leaves=13
num_cat=0
split_feature=41 67 50 30 61 70 68 56 58 72 68 58
split_gain=8.51048 17.6469 23.3413 16.5809 14.3314 24.8224 18.0052 11.4049 18.0353 18.3588 17.4752 16.7543
threshold=0.71380725502967846 -1.7563196420669553 -0.00088277671602554608 3279.3940429687505 184.74971771240237 974.82217407226574 29.055999755859379 0.093663390725851073 -14307.999999999998 -1656772.4374999998 10.210426330566408 -8221.4999999999982
decision_type=2 2 2 2 2 2 2 2 2 2 2 2
left_child=7 4 -3 -4 6 -6 -2 8 -1 -10 -9 -12
right_child=1 2 3 -5 5 -7 -8 10 9 -11 11 -13
leaf_value=-0.04700374470776203 0.0086374759564292157 -0.04533827351192854 0.0078241616498258698 -0.043419259443595232 0.035344251692585982 -0.011533593057773465 0.041804814880678567 -0.047056654688631808 0.022496466103053305 0.00080976689081496472 0.02732584111765362 0.012815410899960796
leaf_weight=5.4726467281579962 35.620873525738716 11.693863749504088 46.202008500695229 6.4755799770355216 13.89440020918846 37.846680641174316 25.476465478539467 3.8848857134580603 53.908976644277573 101.74351677298546 98.46406377851963 269.16194692254066
leaf_count=24 94 53 132 31 25 121 44 17 124 304 207 700
internal_value=0.0112399 0.00551572 -0.00698839 0.00146793 0.0126756 0.000996867 0.0225167 0.0131387 0.00644167 0.00834005 0.0160351 0.01671
internal_weight=709.846 177.21 64.3715 52.6776 112.838 51.7411 61.0973 532.636 161.125 155.652 371.511 367.626
internal_count=1876 500 216 163 284 146 138 1376 452 428 924 907
is_linear=0
shrinkage=0.03


Tree=40
num_leaves=9
num_cat=0
split_feature=41 41 55 14 51 71 11 7
split_gain=8.39332 12.6906 14.9612 14.6135 11.1282 24.7963 20.7312 6.61662
threshold=3.4412982463836674 0.71380725502967846 1.0646668672561648 3602.5000000000005 -0.01470107492059469 3601603.5000000005 29.465000152587894 3.1406048536300664
decision_type=2 2 2 2 2 2 2 2
left_child=1 4 3 -3 5 -1 -6 -2
right_child=7 2 -4 -5 6 -7 -8 -9
leaf_value=0.011188560596939292 0.016507664834511285 0.007242160823176233 -0.043335091295393542 -0.031196225349869811 0.03289383279126961 -0.036836404455337327 0.01207365241952507 0.06372140993562711
leaf_weight=40.419192358851433 6.6089476495981199 150.32273012399673 5.9825582504272452 9.4390816390514356 48.042202532291412 12.72014109790325 432.42411769926548 4.767092764377594
leaf_count=105 16 407 29 43 94 54 1123 5
internal_value=0.0108885 0.0104666 0.00319132 0.00495236 0.0127208 -0.000250882 0.0141617 0.0365561
internal_weight=710.726 699.35 165.744 159.762 533.606 53.1393 480.466 11.376
internal_count=1876 1855 479 450 1376 159 1217 21
is_linear=0
shrinkage=0.03


Tree=41
num_leaves=10
num_cat=0
split_feature=42 35 28 26 61 46 15 46 5
split_gain=8.28463 16.0102 13.4735 16.0475 10.8897 11.6711 24.7235 13.734 3.80189
threshold=0.001355000014882535 1.9316873550415041 1.0000000180025095e-35 10.575714111328127 56.936622619628913 0.99099609255790722 2848.0000000000005 0.64082613587379467 3430869.6250000005
decision_type=2 2 2 2 2 2 2 2 2
left_child=4 2 3 -2 8 7 -7 -6 -1
right_child=1 -3 -4 -5 5 6 -8 -9 -10
leaf_value=-0.045325108657830813 0.042612972663656087 -0.025149042287235499 0.056346578647125278 -0.04292644333067426 0.010604950737086533 -0.0077944675994082177 0.022338055255601341 0.027270481363861638 0.0016534560924357893
leaf_weight=4.2522435486316672 4.7692682594060951 4.300999402999877 13.440463721752165 3.3506494462490082 515.75926923751831 79.005376651883125 35.504965677857399 49.019295439124107 2.2513784766197205
leaf_count=19 8 15 17 16 1360 245 83 106 7
internal_value=0.0105476 0.0272824 0.0378808 0.00694604 0.00991215 0.0102853 0.00152219 0.0120567 -0.0286011
internal_weight=711.654 25.8614 21.5604 8.11992 685.793 679.289 114.51 564.779 6.50362
internal_count=1876 56 41 24 1820 1794 328 1466 26
is_linear=0
shrinkage=0.03


Tree=42
num_leaves=14
num_cat=0
split_feature=54 43 42 40 9 59 41 67 8 27 45 27 17
split_gain=8.64678 9.76686 14.981 22.0124 14.9191 15.0217 12.7103 9.22012 21.8067 11.1768 5.96035 5.48974 2.60267
threshold=-1.3779492378234861 420.10501098632818 -0.0004455000016605481 -0.94201639294624318 763384.09375000012 0.81824904680252086 -1.5309273600578306 -0.55424955487251271 1.2839630246162417 11330.250000000002 -0.2638449221849441 -10948.999999999998 123.22900009155275
decision_type=2 2 2 2 2 2 2 2 2 2 2 2 2
left_child=7 4 6 -4 11 -6 -3 10 9 -9 12 -2 -1
right_child=1 2 3 -5 5 -7 -8 8 -10 -11 -12 -13 -14
leaf_value=0.031243600832787877 0.063858289704137539 -0.014726906847941453 -0.018561929804021198 0.0062323681761216375 -0.0060189689862734583 0.017585692642316308 0.016398333509201342 -0.0073958014456374926 -0.044967129334212277 0.045644045448151323 0.011125511048009748 0.029416497226449859 0.056015947214681228
leaf_weight=7.6784895062446656 5.7726584672927883 12.588814020156859 36.176810875535011 292.2450105547905 31.573280960321426 102.44343470036983 169.75911094248295 5.5132886916399029 5.1655603796243659 9.7316101342439634 6.6868692785501471 17.765175238251686 9.5569025874137861
leaf_count=14 6 41 134 819 100 242 402 18 24 14 16 36 10
internal_value=0.0102163 0.00935767 0.00733254 0.00349206 0.0159038 0.0120022 0.0142331 0.0230929 0.00809068 0.0262655 0.0357674 0.0379908 0.0451538
internal_weight=712.657 668.324 510.77 328.422 157.555 134.017 182.348 44.3327 20.4105 15.2449 23.9223 23.5378 17.2354
internal_count=1876 1780 1396 953 384 342 443 96 56 32 40 42 24
is_linear=0
shrinkage=0.03


Tree=43
num_leaves=12
num_cat=0
split_feature=31 56 37 59 28 11 40 30 43 39 40
split_gain=8.22538 14.1953 21.6617 11.4188 19.7125 13.714 12.3011 17.3068 10.6214 9.72085 3.56509
threshold=-10.981309890747069 -0.43125040829181666 -1.7001206278800962 0.83043017983436596 -765.12499999999989 35.264999389648445 -1.7361447811126707 1815.9434204101565 266.80499267578131 -0.50049319863319386 1.0573087930679324
decision_type=2 2 2 2 2 2 2 2 2 2 2
left_child=1 -1 9 4 10 -6 7 -5 -8 -3 -2
right_child=3 2 -4 6 5 -7 8 -9 -10 -11 -12
leaf_value=0.050798756872825777 -0.046944172264457337 -0.047381613004268103 0.050943733036385976 0.020998962446210166 0.032615388858600144 0.0015838243939553149 0.020920037222474899 -0.020678243442372728 0.010213795159762789 0.0094489249813223975 -0.0039770623195660663
leaf_weight=11.912574857473375 8.2307504117488843 5.2497097253799465 6.5782274901866904 14.262278631329535 14.363645061850546 121.73074759542942 106.99275143444538 24.026285871863365 392.01256592571735 5.4536637067794791 2.4021126031875601
leaf_count=17 36 23 10 34 27 358 239 87 1024 14 7
internal_value=0.00990205 0.0255549 0.00798022 0.00922959 0.00178792 0.00488099 0.0112562 -0.00507536 0.0125154 -0.0181446 -0.0375194
internal_weight=713.215 29.1942 17.2816 684.021 146.727 136.094 537.294 38.2886 499.005 10.7034 10.6329
internal_count=1876 64 47 1812 428 385 1384 121 1263 37 43
is_linear=0
shrinkage=0.03


Tree=44
num_leaves=13
num_cat=0
split_feature=54 41 67 39 61 56 58 58 1 8 65 58
split_gain=8.20648 9.70933 18.9813 16.6662 14.2815 13.0098 19.0598 16.645 8.92747 12.7829 20.8379 6.32013
threshold=-1.3779492378234861 0.71380725502967846 -1.7563196420669553 -0.96022397279739369 184.74971771240237 0.093663390725851073 8234.0000000000018 -8221.4999999999982 7622.7866210937509 1.226350009441376 -0.50727164745330799 -12724.999999999998
decision_type=2 2 2 2 2 2 2 2 2 2 2 2
left_child=8 5 4 -4 -3 6 -2 -7 -1 11 -11 -10
right_child=1 2 3 -5 -6 7 -8 -9 9 10 -12 -13
leaf_value=-0.012496362939197975 -0.0019263072226029091 0.020017779582189883 0.01984666854296312 -0.019938812187889555 -0.0018958153842381737 0.024243489929835365 0.028000054151015908 0.0098521149011177849 -0.045123832710641569 0.030422007070527661 -0.044814667673226206 0.044014018360699396
leaf_weight=5.7066027522087088 116.15890949964523 57.603709757328033 11.927728474140165 45.081767350435257 49.570287957787514 100.034612596035 22.906906574964523 266.45332399010658 0.70593027770519512 10.065145477652546 4.9256440699100503 22.78955864906311
leaf_count=19 349 131 32 167 142 211 49 699 3 18 23 33
internal_value=0.00959517 0.00876153 0.00239958 -0.0115621 0.00985428 0.0108217 0.00298159 0.0137885 0.0221609 0.0273777 0.00550077 0.0412082
internal_weight=713.93 669.737 164.183 57.0095 107.174 505.554 139.066 366.488 44.1929 38.4863 14.9908 23.4955
internal_count=1876 1780 472 199 273 1308 398 910 96 77 41 36
is_linear=0
shrinkage=0.03


Tree=45
num_leaves=14
num_cat=0
split_feature=54 60 5 67 12 10 69 36 26 65 43 10 53
split_gain=7.78093 9.42068 22.5381 18.8011 12.2558 19.5413 12.1463 8.66898 8.56363 20.9978 7.76123 13.0997 4.24878
threshold=-1.3779492378234861 -0.00063379816128872324 2145069.0000000005 3.9704352617263798 920004.50000000012 -0.000570499978493899 8.2105917930603045 -1.9810690283775327 9.1567816734313983 -0.50727164745330799 712228.34375000012 -0.00026050000451505179 0.16920867562294009
decision_type=2 2 2 2 2 2 2 2 2 2 2 2 2
left_child=8 2 3 -2 6 -6 -3 -4 10 12 11 -1 -10
right_child=1 4 7 -5 5 -7 -8 -9 9 -11 -12 -13 -14
leaf_value=0.037526865578120329 0.0075946725662560405 0.0328021862200846 0.0049560393538557665 -0.045186640586929082 0.026276141426551398 -0.04682339085858625 0.010967075805960999 -0.044733338158786662 0.0071033020715100146 -0.043593112538070251 0.048835934822374909 -0.024194025049254244 0.043854755691802298
leaf_weight=8.9051133692264539 243.63592971861362 24.634175434708595 4.2449540346860877 6.2149361521005622 5.5496004223823547 7.9756060689687711 366.77477698028088 11.283262401819227 5.4050404429435748 5.4526561200618735 13.102426946163176 4.6838843226432827 6.5064304322004318
leaf_count=14 662 46 13 28 11 35 933 52 14 26 16 17 9
internal_value=0.00930114 0.00849108 0.00408021 0.00626975 0.0113744 -0.0166077 0.012349 -0.0309565 0.0215583 0.00495466 0.0322474 0.016032 0.02743
internal_weight=714.369 670.313 265.379 249.851 404.934 13.5252 391.409 15.5282 44.0556 17.3641 26.6914 13.589 11.9115
internal_count=1876 1780 755 690 1025 46 979 65 96 49 47 31 23
is_linear=0
shrinkage=0.03


Tree=46
num_leaves=11
num_cat=0
split_feature=9 13 59 55 61 8 8 50 24 33
split_gain=7.74755 10.401 12.0276 16.3386 9.2209 7.49652 12.3924 4.59082 7.0727 4.54801
threshold=2282308.8750000005 1560412.8750000002 0.59856146574020397 -0.62139508128166188 516.01684570312511 1.3228564858436587 1.0818000435829165 0.0006010514043737204 771.50000000000011 1.3450430035591128
decision_type=2 2 2 2 2 2 2 2 2 2
left_child=1 2 3 -1 -4 6 -2 8 -7 -3
right_child=5 9 4 -5 -6 7 -8 -9 -10 -11
leaf_value=0.03601640674086079 0.033891388429192391 -0.042195889393565854 0.0085125057852516572 -0.035349482386021855 0.024789743968295894 -0.0088745282394411488 -0.047127258496017087 0.045724505314789596 0.034936875373308932 0.0091636467251501423
leaf_weight=3.8124142736196509 3.5712113231420508 5.2289508730173102 626.63985049724579 11.553593799471853 33.20466510951519 5.0066465139389065 3.2268881052732468 11.034888267517088 9.3062420040369016 2.0828246474266052
leaf_count=7 6 26 1650 50 70 15 14 16 15 7
internal_value=0.00901814 0.00833343 0.00872218 -0.0174479 0.00933615 0.0234625 -0.00412484 0.0309796 0.0194021 -0.0271554
internal_weight=714.668 682.522 675.211 15.366 659.845 32.1459 6.7981 25.3478 14.3129 7.31178
internal_count=1876 1810 1777 57 1720 66 20 46 30 33
is_linear=0
shrinkage=0.03


Tree=47
num_leaves=10
num_cat=0
split_feature=10 35 28 26 61 50 50 44 30
split_gain=7.73151 14.9197 12.6601 14.3234 10.015 11.1629 21.8159 12.5757 3.77859
threshold=0.001355000014882535 1.9316873550415041 1.0000000180025095e-35 10.575714111328127 56.936622619628913 0.0069218368735164413 0.0060875709168612966 175.33000183105472 3318.911254882813
decision_type=2 2 2 2 2 2 2 2 2
left_child=4 2 3 -2 8 6 -6 -7 -1
right_child=1 -3 -4 -5 5 7 -8 -9 -10
leaf_value=-0.045560813752956203 0.038472452537971463 -0.02571529885127016 0.052905771372131677 -0.042603846046860794 0.0079303356516825588 0.047029004430290816 -0.049037561998015886 0.013099600018098604 0.0012561549256081511
leaf_weight=4.2395181357860556 4.7970018386840874 4.3050485849380484 13.510586678981779 3.3036680668592453 624.49617068469524 13.369799688458441 6.0952686965465537 38.827844314277172 2.2548338025808334
leaf_count=19 8 15 17 16 1647 20 26 101 7
internal_value=0.00874095 0.0248834 0.0351017 0.00503705 0.00812966 0.00848573 0.00737493 0.0218477 -0.0288441
internal_weight=715.2 25.9163 21.6113 8.10067 689.283 682.789 630.591 52.1976 6.49435
internal_count=1876 56 41 24 1820 1794 1673 121 26
is_linear=0
shrinkage=0.03


Tree=48
num_leaves=10
num_cat=0
split_feature=41 41 70 61 40 38 51 39 51
split_gain=7.71689 11.5351 14.491 13.2176 11.8047 10.2755 20.9553 10.275 4.30496
threshold=3.4412982463836674 0.71380725502967846 974.82217407226574 180.43921661376956 -1.0252569317817686 -2.7986658811569209 -0.01470107492059469 0.31673230230808264 -0.018256970681250092
decision_type=2 2 2 2 2 2 2 2 2
left_child=1 5 4 -4 -3 7 -7 -1 -2
right_child=8 2 3 -5 -6 6 -8 -9 -10
leaf_value=-0.0028942726583285469 0.059161628759093567 -0.020643494063236411 0.0077617123184905781 -0.010278559220312683 0.037318684050816515 -0.012015402902399826 0.01096888379639138 0.038538028085578178 0.019245885463187517
leaf_weight=7.0789291560649898 3.8653280138969421 3.8998295962810543 67.057616010308266 80.165470510721207 15.518467858433722 38.504248574376106 471.22284126281738 20.91915699839592 7.5428680777549726
leaf_count=21 4 14 177 262 26 126 1192 37 17
internal_value=0.00847167 0.0080696 0.00115289 -0.00204114 0.0255235 0.0102075 0.00922679 0.0279553 0.0330331
internal_weight=715.775 704.367 166.641 147.223 19.4183 537.725 509.727 27.9981 11.4082
internal_count=1876 1855 479 439 40 1376 1318 58 21
is_linear=0
shrinkage=0.03


Tree=49
num_leaves=13
num_cat=0
split_feature=31 37 41 33 59 28 21 69 52 24 40 7
split_gain=7.8028 11.1232 12.2435 14.4859 10.2053 18.5503 12.022 16.9325 11.554 10.8649 8.31913 1.38031
threshold=-10.981309890747069 -1.8350492119789121 0.23927929997444156 -1.2829068303108213 0.83043017983436596 -624.37499999999989 83.264968872070327 27.633956909179691 0.0056278002448380002 275.50000000000006 1.0573087930679324 2.555695772171021
decision_type=2 2 2 2 2 2 2 2 2 2 2 2
left_child=1 2 3 -1 5 10 9 -8 -7 -6 -2 -3
right_child=4 11 -4 -5 6 8 7 -9 -10 -11 -12 -13
leaf_value=0.026452699954422423 -0.046954804416535885 0.035584183345289733 0.035800343067202367 -0.049187691653344169 0.0059520969873030089 0.0091480054214660815 0.011403867098650704 -0.021071372854692957 -0.011030711584983793 0.015054157080993513 0.0054483114651538728 0.057946729488322864
leaf_weight=4.0178080350160625 9.9904535412788373 7.5358071178197843 7.4704564511775962 5.1757403612136867 213.36525930464268 99.440123468637466 31.600445911288261 26.558107867836952 34.257236897945404 268.18720701336861 3.6151668429374686 5.0397520065307617
leaf_count=8 44 14 14 22 576 264 78 92 111 638 9 6
internal_value=0.00821188 0.0234387 0.00714979 -0.0158047 0.00755945 0.000538983 0.00946998 -0.00337437 0.00395518 0.0110275 -0.0328102 0.0447847
internal_weight=716.254 29.2396 16.664 9.19355 687.014 147.303 539.711 58.1586 133.697 481.552 13.6056 12.5756
internal_count=1876 64 44 30 1812 428 1384 170 375 1214 53 20
is_linear=0
shrinkage=0.03


Tree=50
num_leaves=12
num_cat=0
split_feature=54 60 68 26 45 6 26 65 43 42 8
split_gain=7.43808 8.65588 18.5807 15.1128 14.417 12.9225 8.12308 19.5919 7.45653 12.2196 5.96879
threshold=-1.3779492378234861 -0.00063379816128872324 79.497665405273452 1.8303527832031252 2.5429437160491948 -974768.53124999988 9.1567816734313983 -0.50727164745330799 712228.34375000012 -0.00026050000451505179 3.1207000017166142
decision_type=2 2 2 2 2 2 2 2 2 2 2
left_child=6 2 3 -2 5 -3 8 10 9 -1 -8
right_child=1 4 -4 -5 -6 -7 7 -9 -10 -11 -12
leaf_value=0.035455655247428518 -0.028717450081097214 0.0090441521533370737 -0.043392362557629793 0.0059178191729617477 -0.048241472721694198 0.030724948512710681 0.006849019978621672 -0.043340310940547896 0.046785897490043173 -0.024277221053750686 0.050511525241559642
leaf_weight=8.812316492199896 11.860087260603903 376.0673226416111 7.5523537397384635 247.00537465512753 3.7800322771072379 26.638052776455879 6.8798574507236498 5.4079254120588294 12.979076474905012 4.6823858767747906 5.0060950070619583
leaf_count=14 45 958 36 674 16 51 17 26 16 17 6
internal_value=0.00796091 0.00717449 0.00295561 0.00431939 0.00993223 0.0104857 0.0199831 0.00379352 0.0304456 0.0145073 0.0254911
internal_weight=716.671 672.903 266.418 258.865 406.485 402.705 43.7677 17.2939 26.4738 13.4947 11.886
internal_count=1876 1780 755 719 1025 1009 96 49 47 31 23
is_linear=0
shrinkage=0.03


Tree=51
num_leaves=12
num_cat=0
split_feature=31 56 37 33 59 34 61 47 40 62 43
split_gain=7.37363 12.787 19.1138 12.9212 9.6327 18.6874 28.4251 17.2409 11.237 12.2427 9.66161
threshold=-10.981309890747069 -0.43125040829181666 -1.7001206278800962 -1.2829068303108213 0.83043017983436596 1.158544719219208 438.20678710937506 0.11911809071898462 -1.7361447811126707 1744.6511230468752 266.80499267578131
decision_type=2 2 2 2 2 2 2 2 2 2 2
left_child=1 -1 3 -3 5 6 -2 -7 9 -6 -10
right_child=4 2 -4 -5 8 7 -8 -9 10 -11 -12
leaf_value=0.046431291353428064 -0.01436905638090364 0.018171499128521347 0.045951412414045031 -0.048104167322533704 0.016685073643263649 6.566169534577985e-05 0.019619248697254593 0.043818746480286906 0.018140306727616025 -0.018915984480570653 0.0079554868734330944
leaf_weight=11.944707140326502 84.462174877524376 4.6570219695568111 6.6313290148973456 5.9980244636535636 13.176361724734305 17.823073342442513 29.963321164250374 15.080717504024504 107.40221351385117 25.281056761741638 394.38055225461721
leaf_count=17 281 11 10 26 32 52 70 25 239 89 1024
internal_value=0.0077205 0.0225247 0.00583199 -0.0188554 0.00708675 0.000266101 -0.0054427 0.0202101 0.00894127 -0.00664027 0.0101414
internal_weight=716.801 29.2311 17.2864 10.655 687.569 147.329 114.425 32.9038 540.24 38.4574 501.783
internal_count=1876 64 47 37 1812 428 351 77 1384 121 1263
is_linear=0
shrinkage=0.03


Tree=52
num_leaves=10
num_cat=0
split_feature=41 41 58 40 70 56 58 68 7
split_gain=7.20092 11.0498 14.8719 16.5075 15.8924 9.87377 16.4779 15.2015 6.21427
threshold=3.4412982463836674 0.71380725502967846 -2196.9999999999995 0.088392570614814772 974.82217407226574 0.093663390725851073 -14307.999999999998 10.210426330566408 3.1406048536300664
decision_type=2 2 2 2 2 2 2 2 2
left_child=1 5 3 -3 -4 6 -1 -7 -2
right_child=8 2 4 -5 -6 7 -8 -9 -10
leaf_value=-0.047970957670265296 0.011941101878506596 -0.028638943881882938 0.034936452190260085 0.0028736730522600546 0.0022207283454077978 -0.047173207020859774 0.0047933994971570771 0.012482998056600952 0.057615867839495474
leaf_weight=5.5066641122102729 6.6555166244506818 27.639041140675545 15.712152838706968 32.282810941338539 91.194201081991196 3.8640066385269156 157.206384152174 372.22921070456505 4.7456084489822388
leaf_count=24 16 105 27 88 259 17 428 907 5
internal_value=0.00748667 0.00709902 0.000333647 -0.0116115 0.00705706 0.00918819 0.00298927 0.0118621 0.0312159
internal_weight=717.036 705.634 166.828 59.9219 106.906 538.806 162.713 376.093 11.4011
internal_count=1876 1855 479 193 286 1376 452 924 21
is_linear=0
shrinkage=0.03


Tree=53
num_leaves=12
num_cat=0
split_feature=42 35 28 26 42 45 40 49 48 41 6
split_gain=7.20162 14.0061 11.5466 13.2019 9.70181 20.2098 20.4241 17.9816 14.9665 28.3581 19.8868
threshold=0.001355000014882535 1.9316873550415041 1.0000000180025095e-35 10.575714111328127 -0.00019699999393196774 0.31410922110080725 1.0000000180025095e-35 2.4056166410446171 -0.80662843585014332 -1.295685291290283 -30636095.999999996
decision_type=2 2 2 2 2 2 2 2 2 2 2
left_child=4 2 3 -2 8 6 -6 -7 9 -1 -10
right_child=1 -3 -4 -5 5 7 -8 -9 10 -11 -12
leaf_value=-0.049119397074747551 0.03588730742772113 -0.026175369309147805 0.049741962179696363 -0.042230982831340191 0.012607464434517128 -0.020161528205654675 -0.0089992374620605393 0.039723045607794952 0.013563940290513816 0.0044014989970181531 -0.016226423064501526
leaf_weight=10.258586533367632 4.8103293627500587 4.305536061525344 13.510266125202177 3.2595237046480179 137.06764550507069 48.08347874879837 55.080979764461517 4.9505253136157981 347.18942920863628 67.453525736927986 21.32119856774807
leaf_count=44 8 15 17 16 349 168 171 9 831 179 69
internal_value=0.00725953 0.022843 0.0327618 0.00396251 0.00667176 0.00186229 0.00639811 -0.014515 0.00930766 -0.00262506 0.0118322
internal_weight=717.291 25.8857 21.5801 8.06985 691.405 245.183 192.149 53.034 446.223 77.7121 368.511
internal_count=1876 56 41 24 1820 697 520 177 1123 223 900
is_linear=0
shrinkage=0.03


Tree=54
num_leaves=15
num_cat=0
split_feature=68 27 0 61 59 71 58 57 37 26 9 36 45 26
split_gain=7.30021 12.7083 14.5261 16.3578 11.4489 12.7599 14.663 10.4601 24.4963 9.27375 8.08597 18.8647 9.80208 6.56764
threshold=83.222057342529311 34004.000000000007 107831.50000000001 180.43921661376956 1.1631933450698855 895.34890747070324 -35021.999999999993 0.6491244137287141 2.3611114025115971 11.372471332550051 886553.34375000012 0.96240070462226879 -0.71535807847976673 4.4242596626281747
decision_type=2 2 2 2 2 2 2 2 2 2 2 2 2 2
left_child=1 7 13 -4 10 -6 -7 8 -1 -9 12 -12 -2 -3
right_child=4 2 3 -5 5 6 -8 9 -10 -11 11 -13 -14 -15
leaf_value=-0.023416036518731791 -0.014276211600944661 -0.0056843070307878735 0.022859798134002095 -0.016032058772281275 0.042820513324291133 0.048280848170326941 -0.013459506964069003 0.011512307050724216 0.054954438976052143 0.0037648982574851634 0.047437911736360888 -0.032882500887371616 0.047145462325114872 -0.049200492026606403
leaf_weight=22.639227613806728 2.5794180780649176 4.9952456504106513 17.674883656203747 21.633680775761604 6.3192465454339972 4.0441156476736095 23.720024570822716 325.28799875080585 4.2507802397012702 245.38859304785728 5.2960318326950055 5.2038185000419617 19.280137509107593 9.1311921924352628
leaf_count=85 8 15 39 72 9 5 78 799 6 671 7 19 24 39
internal_value=0.00703966 0.0060656 -0.00792443 0.00137914 0.0165383 0.00430083 -0.00435837 0.00732162 -0.0109156 0.00818621 0.0293351 0.00734469 0.0397605 -0.0340251
internal_weight=717.444 651.002 53.435 39.3086 66.4428 34.0834 27.7641 597.567 26.89 570.677 32.3594 10.4999 21.8596 14.1264
internal_count=1876 1726 165 111 150 92 83 1561 91 1470 58 26 32 54
is_linear=0
shrinkage=0.03


Tree=55
num_leaves=13
num_cat=0
split_feature=7 59 13 49 22 20 53 35 58 15 5 15
split_gain=7.10355 17.2091 13.4444 15.7639 19.3549 16.1833 12.0412 15.0553 14.6958 11.7431 12.8086 11.9703
threshold=2.6096384525299077 2.2057923078536992 447209.84375000006 -0.48194186389446253 -219024.94531249997 129930.53515625001 0.91690880060195934 1.4984286427497866 39691.000000000007 3603.5000000000005 249.79999542236331 3360.5000000000005
decision_type=2 2 2 2 2 2 2 2 2 2 2 2
left_child=2 9 3 5 -5 -1 8 -8 -4 11 -11 -2
right_child=1 -3 6 4 -6 -7 7 -9 -10 10 -12 -13
leaf_value=0.002729691288621073 0.012317263965229981 -0.049363597885134447 0.00050488929976663232 -0.028685527313402234 0.0059320835166270913 0.0230020014314875 -0.047411233759200186 -0.0050759235714512678 0.038889465467722276 -0.04374990583411726 0.036208868182986659 0.035495131609441628
leaf_weight=54.876216948032379 109.10954634845257 3.8873097598552695 149.60881527513266 15.670924305915831 197.4928715378046 101.94250823557377 9.9919751882553083 31.939198940992355 9.5628397315740568 5.9783692657947523 2.5439450591802597 24.849240392446518
leaf_count=152 258 17 420 58 518 217 44 99 16 28 5 44
internal_value=0.00682817 0.0127393 0.00530791 0.00870228 0.00337307 0.0159272 -0.000922032 -0.0152357 0.00282984 0.0144547 -0.0195299 0.0166391
internal_weight=717.454 146.368 571.085 369.983 213.164 156.819 201.103 41.9312 159.172 142.481 8.52231 133.959
internal_count=1876 352 1524 945 576 369 579 143 436 335 33 302
is_linear=0
shrinkage=0.03


Tree=56
num_leaves=13
num_cat=0
split_feature=54 60 12 70 30 65 22 1 8 27 56 24
split_gain=7.17436 8.27135 21.8779 16.1389 23.6153 20.5235 10.0103 7.96641 11.1339 20.0818 3.48626 2.97657
threshold=-1.3779492378234861 0.00027992382820229983 920004.50000000012 2416672.0000000005 3217.9260253906255 0.68731382489204418 -219024.94531249997 7622.7866210937509 1.226350009441376 -11830.999999999998 5.5159590244293222 414.00000000000006
decision_type=2 2 2 2 2 2 2 2 2 2 2 2
left_child=7 3 6 5 -5 -2 -3 -1 11 -10 -4 -9
right_child=1 2 10 4 -6 -7 -8 8 9 -11 -12 -13
leaf_value=-0.014444994680727007 0.0098649747452817516 -0.0068112998283668645 -0.047778913680797515 -0.019601769119648917 0.015713914669087975 -0.012984890518797717 0.012176954039059133 0.021669462306968635 0.028420568470592933 -0.045410462989850575 -0.0034191499227560667 0.044955185068721003
leaf_weight=5.6377788782119742 221.40237422287464 27.10442441701889 6.7024685442447645 57.183665528893471 24.186934024095535 42.00435708463192 293.29872608184814 8.4446495920419711 9.6487569510936702 5.0438997000455865 2.2889595627784729 14.555646151304243
leaf_count=19 553 81 29 202 63 140 705 18 17 24 7 18
internal_value=0.00662265 0.0058556 0.00925882 0.00259552 -0.00906752 0.00620981 0.0105613 0.0184876 0.023493 0.00287064 -0.0368198 0.0365362
internal_weight=717.503 674.172 329.395 344.777 81.3706 263.407 320.403 43.3307 37.693 14.6927 8.99143 23.0003
internal_count=1876 1780 822 958 265 693 786 96 77 41 36 36
is_linear=0
shrinkage=0.03


Tree=57
num_leaves=11
num_cat=0
split_feature=50 50 44 44 61 10 38 27 41 6
split_gain=7.10079 22.5455 14.0182 15.3258 18.591 10.3959 14.4976 7.32142 4.15973 3.01055
threshold=0.0069218368735164413 0.0060875709168612966 175.33000183105472 14589.715332031252 120.34140396118165 0.001355000014882535 2.5240839719772343 9917.0000000000018 0.85848805308341991 -57926689.999999993
decision_type=2 2 2 2 2 2 2 2 2 2
left_child=1 5 9 8 -5 6 -1 -7 -4 -2
right_child=2 -3 3 4 -6 7 -8 -9 -10 -11
leaf_value=0.0064118677893275147 0.021454910983086523 -0.049051869014445651 -0.048731238139922584 -0.023054053263101591 0.02627058274266509 0.0010024537840840387 -0.015556759328553585 0.041619038753350976 9.3541253751761537e-05 0.053372684214381495
leaf_weight=603.11440151929855 4.2829275280237189 6.7339262068271628 4.6851658821105948 8.7120029628276807 31.804935418069363 6.1322520077228573 28.230319336056709 12.342904970049856 2.1791800707578659 9.1227453351020795
leaf_count=1571 9 29 20 32 66 18 94 19 7 11
internal_value=0.00642488 0.00550976 0.0162596 0.00851765 0.0155907 0.00607978 0.0054248 0.0283 -0.0327941 0.0433992
internal_weight=717.341 656.554 60.787 47.3813 40.5169 649.82 631.345 18.4752 6.86435 13.4057
internal_count=1876 1731 145 125 98 1702 1665 37 27 20
is_linear=0
shrinkage=0.03


Tree=58
num_leaves=12
num_cat=0
split_feature=68 53 57 65 37 5 59 44 71 33 61
split_gain=6.98557 12.7408 12.3341 24.4217 19.123 10.7194 10.7645 10.3627 10.3089 10.0423 10.3205
threshold=83.222057342529311 0.91690880060195934 1.0216184854507449 1.5294314026832583 2.5275648832321171 3830385.0000000005 1.1631933450698855 1690552.7500000002 895.34890747070324 1.4871355891227724 173.34723663330081
decision_type=2 2 2 2 2 2 2 2 2 2 2
left_child=1 9 4 -4 -3 6 7 -2 -8 10 -1
right_child=5 2 3 -5 -6 -7 8 -9 -10 -11 -12
leaf_value=0.011355704974065416 0.0094471809820644952 0.013595084323530104 -0.038979170145220891 0.0049533831454404136 -0.04743099793672171 -0.029271359633302008 0.041252323304547797 0.046272131522796675 -0.0015683351253460074 0.03606025905012674 0.002987557538960258
leaf_weight=224.2295141890645 11.53735336661339 38.07812887430191 21.938549548387527 23.462435930967331 5.2468123435974112 4.4263005852699271 6.2585764676332465 17.920505881309509 25.830284520983696 10.510806307196615 328.04565554857254
leaf_count=555 28 96 89 64 23 16 9 22 75 17 882
internal_value=0.00623089 0.00528194 -0.00526469 -0.0162095 0.00613535 0.0155567 0.0188294 0.0319513 0.00668987 0.00695 0.00639055
internal_weight=717.485 651.512 88.7259 45.401 43.3249 65.973 61.5467 29.4579 32.0889 562.786 552.275
internal_count=1876 1726 272 153 119 150 134 50 84 1454 1437
is_linear=0
shrinkage=0.03


Tree=59
num_leaves=12
num_cat=0
split_feature=31 56 37 44 41 58 53 61 1 71 61
split_gain=6.97755 11.8667 17.6462 8.92899 8.69586 15.3207 19.4507 14.9561 10.8582 17.6671 11.3027
threshold=-10.981309890747069 -0.43125040829181666 -1.7001206278800962 1990822.4375000002 0.71380725502967846 -2196.9999999999995 0.39554479718208319 180.43921661376956 116204.81640625001 1916.0091552734377 144.0122985839844
decision_type=2 2 2 2 2 2 2 2 2 2 2
left_child=1 -1 3 -3 8 7 -7 -6 10 -10 -2
right_child=4 2 -4 -5 5 6 -8 -9 9 -11 -12
leaf_value=0.043490167249649894 -0.0023518605971364123 -0.036065796717574365 0.042891596034490741 0.025865320816863303 0.0020386263745524329 0.011313129583871519 -0.025367871255608385 -0.027755352272769249 -0.019781410175112646 0.032091888655518389 0.0086109039936343272
leaf_weight=11.926115199923517 109.2205091714859 7.8169054687023181 6.6313187777996054 2.8056164532899857 30.578955575823784 94.204474255442619 15.057903051376341 29.745933502912521 7.1662278175353995 32.110765270888805 370.17112325131893
leaf_count=17 315 31 10 6 84 230 59 110 24 61 929
internal_value=0.00604459 0.0204504 0.00435109 -0.0194262 0.00542947 -0.00045115 0.00623051 -0.0126029 0.00735802 0.022551 0.00610698
internal_weight=717.436 29.18 17.2538 10.6225 688.256 169.587 109.262 60.3249 518.669 39.277 479.392
internal_count=1876 64 47 37 1812 483 289 194 1329 85 1244
is_linear=0
shrinkage=0.03


Tree=60
num_leaves=11
num_cat=0
split_feature=9 13 59 55 46 8 8 33 50 51
split_gain=7.00856 9.00272 10.1065 15.2011 8.98706 6.71511 11.3394 4.15633 4.14457 6.60172
threshold=2282308.8750000005 1560412.8750000002 0.59856146574020397 -0.62139508128166188 0.99099609255790722 1.3228564858436587 1.0818000435829165 1.3450430035591128 0.0006010514043737204 -0.0044243012089282266
decision_type=2 2 2 2 2 2 2 2 2 2
left_child=1 2 3 -1 -4 6 -2 -3 9 -7
right_child=5 7 4 -5 -6 8 -8 -9 -10 -11
leaf_value=0.033005162173540853 0.030152642505881708 -0.042289216854900058 0.0077426621608042891 -0.035716077042121049 -0.0014598035472764683 0.030221364284807619 -0.047616132675216312 0.0063646704284641082 0.040870929647012569 -0.013111839059582403
leaf_weight=3.8253533840179434 3.5170778632164028 5.2067892253398886 547.87263604998589 11.546430215239523 115.03863574564457 9.457805812358858 3.2188423424959183 2.1253823190927505 10.94651362299919 4.64148986339569
leaf_count=7 6 26 1398 50 322 16 14 7 16 14
internal_value=0.00586342 0.00521905 0.00558015 -0.0184193 0.00614118 0.0196699 -0.00656475 -0.0277767 0.0268453 0.0157433
internal_weight=717.397 685.615 678.283 15.3718 662.911 31.7817 6.73592 7.33217 25.0458 14.0993
internal_count=1876 1810 1777 57 1720 66 20 33 46 30
is_linear=0
shrinkage=0.03


Tree=61
num_leaves=13
num_cat=0
split_feature=34 40 59 50 45 3 17 42 42 60 22 34
split_gain=6.97579 18.1236 10.7415 10.2135 24.6384 16.6672 15.7185 9.89927 11.4083 10.4346 6.60453 8.15273
threshold=1.4595374464988711 0.088392570614814772 1.2905530929565432 0.0027829986065626149 -0.60301905870437611 2841.012573242188 97.35699844360353 0.001355000014882535 0.00018450000061420727 0.0030923305312171583 125602.10156250001 1.4819598197937014
decision_type=2 2 2 2 2 2 2 2 2 2 2 2
left_child=3 10 -3 7 6 -6 -5 8 -1 -9 -2 -12
right_child=1 2 -4 4 5 -7 -8 9 -10 -11 11 -13
leaf_value=0.008000181777493778 0.059465567963276879 -0.048251965298353003 0.027806732339916051 0.01764680734767925 -0.041976666424186279 -0.0066502580215673564 -0.025363459597881766 0.00049744786762609796 -0.0046574007604544719 0.051938485859047673 0.040699709055094575 -0.0086195422221636356
leaf_weight=463.1146045178175 6.9287938922643724 4.5146829634904853 2.6006999164819717 54.468073427677155 15.134659230709074 60.006820097565651 8.8454084396362287 6.1342218667268744 74.063016906380653 8.8268022984266263 8.1015848964452726 4.6663556098937979
leaf_count=1165 8 20 5 126 62 181 31 18 223 10 13 14
internal_value=0.00568722 0.0207373 -0.0200306 0.00509856 -0.00217057 -0.0138055 0.0115905 0.00692681 0.00624944 0.0310475 0.0356168 0.0224398
internal_weight=717.406 26.8121 7.11538 690.594 138.455 75.1415 63.3135 552.139 537.178 14.961 19.6967 12.7679
internal_count=1876 60 25 1816 400 243 157 1416 1388 28 35 27
is_linear=0
shrinkage=0.03


Tree=62
num_leaves=10
num_cat=0
split_feature=61 38 23 22 53 24 9 0 70
split_gain=6.91503 14.0063 12.7475 11.0501 14.9678 12.0095 8.47501 8.43794 5.67191
threshold=516.01684570312511 0.95199960470199596 2620.0000000000005 -286081.74999999994 1.0000000180025095e-35 275.50000000000006 1213200.6875000002 121311.00000000001 687868.03125000012
decision_type=2 2 2 2 2 2 2 2 2
left_child=2 7 3 4 -1 -5 -3 -2 -9
right_child=1 6 -4 5 -6 -7 -8 8 -10
leaf_value=0.0041887307024218931 -0.0099234247108838346 -0.053136422802641282 -0.049987754711378847 0.0017110120576217696 -0.028202158288075919 0.010114956787720782 0.015297062605552825 0.014029472810482519 0.041906546692726351
leaf_weight=34.45941835641861 5.0836249589920035 3.6374908536672583 3.7920729964971533 284.67299790680408 20.351864740252495 333.4513076543808 2.8548175841569901 10.902507498860361 18.155133187770844
leaf_count=90 16 15 16 784 76 820 6 25 28
internal_value=0.00551669 0.0175647 0.00478884 0.00510197 -0.00778353 0.00624943 -0.0225826 0.0252869 0.0315502
internal_weight=717.361 40.6336 676.728 672.936 54.8113 618.124 6.49231 34.1413 29.0576
internal_count=1876 90 1786 1770 166 1604 21 69 53
is_linear=0
shrinkage=0.03


Tree=63
num_leaves=13
num_cat=0
split_feature=11 27 43 26 56 39 58 26 39 26 53 27
split_gain=6.79758 9.10446 15.4039 16.5108 12.6727 8.83692 11.2509 8.03394 19.4736 18.7516 4.74404 6.47017
threshold=83.069999694824233 34004.000000000007 568.38998413085949 1.421072840690613 1.1406956911087038 3.1707791090011601 -2196.9999999999995 11.372471332550051 -0.50049319863319386 9.9892930984497088 0.91690880060195934 45476.000000000007
decision_type=2 2 2 2 2 2 2 2 2 2 2 2
left_child=1 7 4 -4 -3 10 -7 9 -9 -1 -2 -12
right_child=5 2 3 -5 -6 6 -8 8 -10 -11 11 -13
leaf_value=0.0061835985976673386 0.052088250467840304 -0.019065877145676865 0.035327023970691186 -0.026314678580747847 0.020224940619690778 0.027759690955140661 -0.047680575069618786 -0.017446229808153909 0.005413387478227216 0.026473930309168371 0.041050029412905462 -0.0016883063901066862
leaf_weight=310.70831233263016 6.5372487902641359 10.360335528850554 4.4073585122823706 32.490223444998264 25.34218730032444 3.7097097635269165 3.3877831995487204 39.505000218749046 221.11090388894081 47.394230231642723 6.371884271502493 6.1226132810115814
leaf_count=798 7 35 7 120 54 7 15 135 579 93 9 17
internal_value=0.00535048 0.0047771 -0.00525145 -0.0188704 0.00873931 0.020406 -0.00782686 0.00595869 0.00193674 0.00887737 0.0310924 0.0198671
internal_weight=717.448 691.319 72.6001 36.8976 35.7025 26.1292 7.09749 618.718 260.616 358.103 19.0317 12.4945
internal_count=1876 1821 216 127 89 55 22 1605 714 891 33 26
is_linear=0
shrinkage=0.03


Tree=64
num_leaves=10
num_cat=0
split_feature=41 41 58 40 14 31 18 18 7
split_gain=6.75955 10.0159 13.0144 14.8544 13.6678 9.77918 18.4698 10.7051 5.68861
threshold=3.4412982463836674 0.71380725502967846 -2196.9999999999995 0.088392570614814772 3602.5000000000005 6.988880157470704 142.6860046386719 47.418500900268562 3.1406048536300664
decision_type=2 2 2 2 2 2 2 2 2
left_child=1 5 3 -3 -4 7 -7 -1 -2
right_child=8 2 4 -5 -6 6 -8 -9 -10
leaf_value=-0.0029590261611343233 0.0098447388903313299 -0.028982886818221656 0.0071536239618038601 0.00089878142292142734 -0.041843336646423403 0.026541228058411269 -0.01504399564805938 0.0099361850745951254 0.053718956641761351
leaf_weight=66.855493277311325 6.6507931351661664 27.565141767263412 101.58658626675606 32.363612413406372 5.3831623792648307 12.505453452467917 41.2049710303545 418.45641020685434 4.6807754635810852
leaf_count=192 16 105 259 88 27 26 133 1025 5
internal_value=0.00519149 0.00481738 -0.00158999 -0.0127957 0.00465985 0.00680687 -0.00530581 0.00815359 0.0282328
internal_weight=717.252 705.921 166.899 59.9288 106.97 539.022 53.7104 485.312 11.3316
internal_count=1876 1855 479 193 286 1376 159 1217 21
is_linear=0
shrinkage=0.03


Tree=65
num_leaves=14
num_cat=0
split_feature=54 43 10 23 36 9 2 67 26 71 27 45 17
split_gain=6.69493 7.82605 13.5338 16.1208 13.1626 12.9154 10.3952 7.27013 16.9866 10.921 5.49372 5.35198 2.14731
threshold=-1.3779492378234861 756.90496826171886 -0.00042450000182725484 1813.5000000000002 -1.9810690283775327 763384.09375000012 5617.5549316406259 -0.55424955487251271 8.3718004226684588 759552.71875000012 -10948.999999999998 -0.2638449221849441 123.22900009155275
decision_type=2 2 2 2 2 2 2 2 2 2 2 2 2
left_child=7 5 4 -4 -3 10 -7 11 9 -9 -2 12 -1
right_child=1 2 3 -5 -6 6 -8 8 -10 -11 -12 -13 -14
leaf_value=0.024580130714640044 0.05623318176961481 0.023992972837325287 -0.00026156339262070898 -0.039395627803573141 0.0045725817981031626 -0.03189981281659978 0.0081350199621917467 -0.0038141433867549448 -0.04296131456914714 0.048074032907406437 0.02192127270039719 0.0046397527193901191 0.047570897809734412
leaf_weight=7.5175177305936876 5.7742909789085415 39.885576978325844 297.51924891769886 9.7916073054075223 150.90797320008278 6.0523742586374274 146.74256022274494 7.8084450364112872 5.2574122026562682 6.7000928074121475 17.713793337345123 6.5676501095294944 8.9121760129928571
leaf_count=14 6 80 846 38 386 23 365 22 26 8 36 16 10
internal_value=0.00503634 0.00430041 0.00236988 -0.00151822 0.00864816 0.00973832 0.00652956 0.0165718 0.00305842 0.0199412 0.0304842 0.028056 0.0372339
internal_weight=717.151 674.387 498.104 307.311 190.794 176.283 152.795 42.7633 19.766 14.5085 23.4881 22.9973 16.4297
internal_count=1876 1780 1350 884 466 430 388 96 56 30 42 40 24
is_linear=0
shrinkage=0.03


Tree=66
num_leaves=11
num_cat=0
split_feature=9 13 59 55 11 8 8 50 48 33
split_gain=6.45642 8.17287 9.45348 14.1421 8.13704 6.30378 10.5677 4.06431 6.26787 4.00712
threshold=2282308.8750000005 1560412.8750000002 0.59856146574020397 -0.62139508128166188 83.069999694824233 1.3228564858436587 1.0818000435829165 0.0006010514043737204 0.12678985297679904 1.3450430035591128
decision_type=2 2 2 2 2 2 2 2 2 2
left_child=1 2 3 -1 -4 6 -2 8 -7 -3
right_child=5 9 4 -5 -6 7 -8 -9 -10 -11
leaf_value=0.030813969527184744 0.028289439047732443 -0.041841663782261826 0.0044912625449961049 -0.035503801319067475 0.02197850098113252 -0.0074053547091461605 -0.04717062968536094 0.039113723710360107 0.03261754603202531 0.0060738173466924625
leaf_weight=3.8280661404132834 3.4738343358039883 5.114494875073432 637.84027823805809 11.441384866833685 24.991202831268311 6.3773159831762332 3.1875851154327393 10.852026268839834 7.6031812429428101 2.1198800206184387
leaf_count=7 6 26 1670 50 50 18 14 16 12 7
internal_value=0.00488784 0.00427178 0.00461395 -0.0186814 0.00515512 0.0181986 -0.00736894 0.025178 0.0141462 -0.0273864
internal_weight=716.829 685.335 678.101 15.2695 662.831 31.4939 6.66142 24.8325 13.9805 7.23437
internal_count=1876 1810 1777 57 1720 66 20 46 30 33
is_linear=0
shrinkage=0.03


Tree=67
num_leaves=12
num_cat=0
split_feature=31 56 37 33 41 70 39 40 2 38 41
split_gain=6.58959 11.0371 16.4375 11.5983 8.06219 17.0764 16.2921 11.2837 10.1983 24.834 10.7785
threshold=-10.981309890747069 -0.43125040829181666 -1.7001206278800962 -1.2829068303108213 0.64410513639450084 974.82217407226574 2.6034811735153203 -1.0961320400238035 12310.755371093752 -1.3081461191177366 -1.2153064608573911
decision_type=2 2 2 2 2 2 2 2 2 2 2
left_child=1 -1 3 -3 8 7 -7 -6 9 -2 -10
right_child=4 2 -4 -5 5 6 -8 -9 10 -11 -12
leaf_value=0.041057939925145767 -0.028852523905508229 0.015280455921043981 0.040493409631163595 -0.047737793477988379 -0.021652587426968229 -0.009718266269184709 0.014342079887794977 0.034463240584911688 2.7974589425663321e-05 0.0049184064510728372 0.011638257794216945
leaf_weight=11.855855464935305 23.74371637403965 4.6262730956077602 6.5987941920757285 5.9273725152015677 3.9001013040542629 124.17581182718277 31.740464299917221 17.199369847774506 97.937758900225163 112.0621268004179 276.8797435760498
leaf_count=17 85 11 10 26 14 387 75 28 268 293 662
internal_value=0.00474251 0.018778 0.00320302 -0.019829 0.00414605 -0.00135723 -0.00480097 0.0239484 0.00605973 -0.000963869 0.00861256
internal_weight=716.647 29.0083 17.1524 10.5536 687.639 177.016 155.916 21.0995 510.623 135.806 374.818
internal_count=1876 64 47 37 1812 504 462 42 1308 378 930
is_linear=0
shrinkage=0.03


Tree=68
num_leaves=13
num_cat=0
split_feature=34 70 55 50 45 3 31 52 10 6 34 47
split_gain=6.57838 11.7861 9.79379 9.71055 22.8388 15.645 15.009 12.5949 17.4133 11.7582 6.16704 9.92075
threshold=1.4595374464988711 3915.146850585938 1.0646668672561648 0.0027829986065626149 -0.60301905870437611 2841.012573242188 4.1715118885040292 0.013737243600189688 0.00011500000255182387 -5069901.7499999991 1.4819598197937014 -1.0000000180025095e-35
decision_type=2 2 2 2 2 2 2 2 2 2 2 2
left_child=3 2 -2 7 6 -6 -5 8 -1 -9 -3 -12
right_child=1 10 -4 4 5 -7 -8 9 -10 -11 11 -13
leaf_value=0.0065836745843605438 -0.04826590930188418 0.044190447500178517 0.025921370556966819 0.018637585160323173 -0.041663396514580966 -0.0073521599462501508 -0.015039472731199115 0.011455587243968876 -0.0093810074494121137 0.043439658807410179 -0.024497166669216343 0.041483481908503234
leaf_weight=421.5449505597353 3.668101683259013 12.105803415179253 2.7881837338209152 47.481359019875526 15.055793032050131 59.936070710420609 15.802308306097983 44.314226195216179 71.853690877556801 13.685432821512221 3.8650140762329128 4.3070215582847569
leaf_count=1066 16 18 6 105 62 181 52 104 227 19 14 6
internal_value=0.00460201 0.019233 -0.015763 0.00403051 -0.00306385 -0.0142807 0.0101808 0.00581502 0.00425266 0.0190542 0.0305234 0.00991043
internal_weight=716.408 26.7341 6.45629 689.674 138.276 74.9919 63.2837 551.398 493.399 57.9997 20.2778 8.17204
internal_count=1876 60 22 1816 400 243 157 1416 1293 123 38 20
is_linear=0
shrinkage=0.03


Tree=69
num_leaves=11
num_cat=0
split_feature=61 36 58 8 23 1 56 22 3 43
split_gain=6.49617 13.762 24.2196 12.4405 11.7993 10.3964 14.5322 8.76674 4.14714 6.03802
threshold=516.01684570312511 -1.2792893648147581 -1405.9999999999998 1.3017230033874514 2620.0000000000005 4186.0139160156259 0.052303260192275054 -286081.74999999994 -613.91000366210926 2681286.7500000005
decision_type=2 2 2 2 2 2 2 2 2 2
left_child=4 8 -3 -4 5 6 -1 -7 9 -2
right_child=1 2 3 -5 -6 7 -8 -9 -10 -11
leaf_value=-0.04997053083138759 0.007282707360310065 0.034467585044789466 -0.05154771903130944 0.01014161673563378 -0.049221024556030793 -0.0071858776496231047 0.0013983935322915034 0.0057636417243733511 0.057627061860045896 0.050786825224025806
leaf_weight=7.5461427122354534 7.1044494360685366 10.347539916634561 7.6118002086877805 4.6798740476369858 3.7534130811691275 50.859553307294846 14.130395233631132 599.39620222151279 5.6346437335014334 5.0508083999156952
leaf_count=32 18 17 32 11 16 153 38 1547 6 6
internal_value=0.00446558 0.0161692 0.000518802 -0.0278163 0.00376086 0.00406129 -0.016346 0.00474619 0.0359171 0.0256065
internal_weight=716.115 40.4291 22.6392 12.2917 675.686 671.932 21.6765 650.256 17.7899 12.1553
internal_count=1876 90 60 43 1786 1770 70 1700 30 24
is_linear=0
shrinkage=0.03


Tree=70
num_leaves=10
num_cat=0
split_feature=41 41 58 10 30 56 58 58 7
split_gain=6.35652 9.12453 12.1074 16.288 14.3963 8.98419 14.9043 12.8809 5.51043
threshold=3.4412982463836674 0.71380725502967846 -1405.9999999999998 -0.00024149999808287245 3600.0725097656255 0.093663390725851073 -14307.999999999998 -8221.4999999999982 3.1406048536300664
decision_type=2 2 2 2 2 2 2 2 2
left_child=1 5 3 -3 -4 6 -1 -7 -2
right_child=8 2 4 -5 -6 7 -8 -9 -10
leaf_value=-0.048522486872747454 0.0086902336295135649 -0.0055790627699076611 0.0069776073293765159 -0.046313356523038599 -0.042439440829638596 0.017651725471146535 0.0016790439896022863 0.0050573090620331411 0.052015425601694788
leaf_weight=5.509120747447013 6.6478808820247632 53.570921272039413 96.529793217778206 10.643445476889609 5.6025558412075034 100.03878165781498 157.15998238325119 275.70309339463711 4.6239344477653503
leaf_count=24 16 158 245 48 28 212 428 712 5
internal_value=0.00433221 0.00396974 -0.00215833 -0.0123774 0.00423742 0.00586863 -2.69083e-06 0.00841847 0.0267293
internal_weight=716.03 704.758 166.347 64.2144 102.132 538.411 162.669 375.742 11.2718
internal_count=1876 1855 479 206 273 1376 452 924 21
is_linear=0
shrinkage=0.03


Tree=71
num_leaves=13
num_cat=0
split_feature=54 18 65 23 49 9 9 26 65 43 10 8
split_gain=6.34045 7.72583 20.5444 19.2948 10.4263 25.2744 14.1449 6.76171 16.4476 6.67897 10.2318 5.76101
threshold=-1.3779492378234861 15.935000419616701 -1.2985319495201109 28.500000000000004 -0.48194186389446253 831845.65625000012 858614.40625000012 9.1567816734313983 -0.50727164745330799 712228.34375000012 -0.00026050000451505179 3.1207000017166142
decision_type=2 2 2 2 2 2 2 2 2 2 2 2
left_child=7 2 -2 -4 5 -3 -6 9 11 10 -1 -9
right_child=1 4 3 -5 6 -7 -8 8 -10 -11 -12 -13
leaf_value=0.030197733402115189 -0.049516319923800907 0.018981034409307179 0.016069539321980287 -0.036928077126497719 -0.0047475122583506089 -0.0001205263350183263 0.0067744469743394198 0.002374594405268961 -0.043076547301591363 0.041256206785182603 -0.025091881228230084 0.045695255409044115
leaf_weight=8.2921706289052945 8.879507824778555 120.27132658660412 23.448831737041477 8.3882729262113553 185.46677905321121 128.79218450188637 198.32060135900974 6.7605069577693957 5.2815019562840453 12.298320114612578 4.6821663975715664 4.8639786839485168
leaf_count=14 38 260 54 33 538 353 504 17 26 16 17 6
internal_value=0.00420377 0.00349145 -0.00915183 0.00201178 0.00430964 0.00909146 0.0011986 0.015508 0.000639143 0.0253358 0.0100136 0.0207591
internal_weight=715.746 673.568 40.7166 31.8371 632.851 249.064 383.787 42.1786 16.906 25.2727 12.9743 11.6245
internal_count=1876 1780 125 87 1655 613 1042 96 49 47 31 23
is_linear=0
shrinkage=0.03


Tree=72
num_leaves=13
num_cat=0
split_feature=7 59 41 47 54 56 41 45 26 37 68 58
split_gain=6.30353 15.4515 13.4828 15.7398 9.68416 14.0136 12.7989 7.76895 11.0097 6.31258 4.02068 1.54653
threshold=2.6096384525299077 2.2057923078536992 -0.71102160215377797 0.51509088277816784 -1.498937666416168 -1.011374771595001 0.54429212212562572 -0.2638449221849441 5.1678512096405038 -2.3964477777481075 32.354177474975593 2647.8750000000005
decision_type=2 2 2 2 2 2 2 2 2 2 2 2
left_child=4 2 9 -4 7 11 -7 10 -9 -2 -1 -6
right_child=1 -3 3 -5 5 6 -8 8 -10 -11 -12 -13
leaf_value=0.048160390831097424 0.048177658156253647 -0.049265900815406619 0.011268449297580767 -0.018896411621946326 -0.050101112960650958 0.0047399201512785078 -0.0066989822607667511 0.025561933282068808 -0.049276837692315327 0.019401128571015329 0.017670624327488397 -0.018000652522688509
leaf_weight=8.1043910384178215 9.5814112126827222 3.8795463293790808 86.441037580370903 18.930842638015747 4.7782322913408271 428.13828121125698 110.64619648456573 4.4306939244270316 2.9331502020359039 26.778753042221069 8.3155630528926832 2.3646464198827744
leaf_count=9 13 17 204 61 20 1109 338 8 13 57 19 8
internal_value=0.00407996 0.00965823 0.0112923 0.00582064 0.00264895 0.00182655 0.00238523 0.0214 -0.00384029 0.0270667 0.0329022 -0.0398943
internal_weight=715.323 145.612 141.732 105.372 569.711 545.927 538.784 23.7838 7.36384 36.3602 16.42 7.14288
internal_count=1876 352 335 265 1524 1475 1447 49 21 70 28 28
is_linear=0
shrinkage=0.03


Tree=73
num_leaves=13
num_cat=0
split_feature=34 40 59 50 23 58 1 52 67 27 22 43
split_gain=6.25159 16.469 9.77568 9.10418 21.4397 20.3693 11.712 11.4253 16.3711 12.8256 5.92763 8.81359
threshold=1.4595374464988711 0.088392570614814772 1.2905530929565432 0.0027829986065626149 202.50000000000003 3546.0000000000005 37851.673828125007 0.013737243600189688 3.0821785926818852 57324.000000000007 125602.10156250001 403660.14062500006
decision_type=2 2 2 2 2 2 2 2 2 2 2 2
left_child=3 10 -3 7 5 -5 -6 8 -1 -9 -2 -12
right_child=1 2 -4 4 6 -7 -8 9 -10 -11 11 -13
leaf_value=0.0046655290870152638 0.054968574817671 -0.04791307019891624 0.025057795409229526 -0.019734613974869572 -0.0072258156174461168 0.012672813240326167 -0.038575661844716704 0.024635180881966718 -0.025753765650228914 -0.011202353854487951 -0.011008157048842344 0.039922831386875191
leaf_weight=476.13029864430428 6.9388138353824678 4.4678140878677359 2.5626046359539032 23.147066295146942 25.435317412018776 70.550607115030289 18.924583569169044 46.797583475708961 16.448553770780563 10.996974587440489 4.9330951422452909 7.732849508523941
leaf_count=1235 8 20 5 78 75 172 75 90 58 33 15 12
internal_value=0.00395893 0.0182457 -0.0208883 0.00340182 -0.0034735 0.00463487 -0.0206677 0.0051319 0.00364366 0.0177642 0.0324324 0.0198495
internal_weight=715.066 26.6352 7.03042 688.431 138.058 93.6977 44.3599 550.373 492.579 57.7946 19.6048 12.6659
internal_count=1876 60 25 1816 400 250 150 1416 1293 123 35 27
is_linear=0
shrinkage=0.03


Tree=74
num_leaves=12
num_cat=0
split_feature=31 56 37 44 59 28 34 21 69 34 40
split_gain=6.15885 10.4028 15.2408 8.22293 8.08156 16.7297 11.2864 9.59112 14.7486 11.0046 7.07449
threshold=-10.981309890747069 -0.43125040829181666 -1.7001206278800962 1990822.4375000002 0.83043017983436596 -624.37499999999989 1.158544719219208 83.264968872070327 27.633956909179691 1.0159504413604739 1.0573087930679324
decision_type=2 2 2 2 2 2 2 2 2 2 2
left_child=1 -1 3 -3 5 10 -7 9 -9 -6 -2
right_child=4 2 -4 -5 7 6 -8 8 -10 -11 -12
leaf_value=0.039192426892658859 -0.047606982749165236 -0.03615397200781207 0.0383598658914149 0.023417625033896265 0.0085497747151224053 -0.0046973738597298016 0.015544744018657356 0.0072144713309193181 -0.023117612687571471 -0.0030480284587211838 0.00073073117033554469
leaf_weight=11.749236732721331 10.012883275747297 7.6803067326545733 6.5462421774864188 2.7990556210279465 390.35176095366478 100.90991172194481 32.857568591833115 31.634037956595421 26.380513414740562 90.318628758192062 3.5773763358592978
leaf_count=17 44 31 10 6 958 298 77 78 92 256 9
internal_value=0.00384104 0.017462 0.00228988 -0.019956 0.00326536 -0.00294737 0.00025231 0.00497043 -0.00652649 0.00636429 -0.0346623
internal_weight=714.818 28.7748 17.0256 10.4794 686.043 147.358 133.767 538.685 58.0146 480.67 13.5903
internal_count=1876 64 47 37 1812 428 375 1384 170 1214 53
is_linear=0
shrinkage=0.03


Tree=75
num_leaves=11
num_cat=0
split_feature=61 36 58 8 23 1 56 57 36 36
split_gain=6.22486 13.0112 22.8371 11.6006 11.0668 9.63417 13.6489 8.47036 3.60401 5.02046
threshold=516.01684570312511 -1.2792893648147581 -1405.9999999999998 1.3017230033874514 2620.0000000000005 4186.0139160156259 0.052303260192275054 0.57202571630477916 -1.5773077607154844 -2.1403872966766353
decision_type=2 2 2 2 2 2 2 2 2 2
left_child=4 8 -3 -4 5 6 -1 -7 9 -2
right_child=1 2 3 -5 -6 7 -8 -9 -10 -11
leaf_value=-0.049151287528824979 0.046043061916118663 0.033040836106433102 -0.050697846167948681 0.0090417620390128486 -0.048492624835673209 -0.041762783855358476 0.00078679126831334649 0.0042488307615935177 0.053832233015985761 0.0059599601224907409
leaf_weight=7.4727702438831356 5.2922714501619348 10.265373557806017 7.5505235344171506 4.6526443511247635 3.7226766794919959 3.6096495687961569 14.117052361369131 645.43929579108953 5.9795129746198645 6.4283917695283899
leaf_count=32 7 17 32 11 16 18 38 1682 7 16
internal_value=0.00372724 0.0152189 0 -0.0276754 0.00303828 0.0033288 -0.0163591 0.00398832 0.0344559 0.0243148
internal_weight=714.53 40.1687 22.4685 12.2032 674.361 670.639 21.5898 649.049 17.7002 11.7207
internal_count=1876 90 60 43 1786 1770 70 1700 30 23
is_linear=0
shrinkage=0.03


Tree=76
num_leaves=13
num_cat=0
split_feature=9 11 55 7 14 50 56 8 8 50 51 37
split_gain=6.15053 7.14959 11.4993 11.949 8.6088 16.4107 8.39862 5.89226 8.0232 4.01338 6.14733 3.60504
threshold=2282308.8750000005 83.069999694824233 1.2395917773246767 1.2656874656677248 1820.0000000000002 0.00076151694520376634 1.3457973003387453 1.3228564858436587 1.2089499831199648 0.0006010514043737204 -0.0044243012089282266 2.9360101222991948
decision_type=2 2 2 2 2 2 2 2 2 2 2 2
left_child=1 2 6 -4 5 -3 -1 8 -2 10 -9 -6
right_child=7 4 3 -5 11 -7 -8 9 -10 -11 -12 -13
leaf_value=0.0010552267646850211 0.020717601312666086 0.032334897562819334 0.0001873014832451511 -0.027282182898004458 0.019617181481353503 -0.05405237249261171 0.0085214593872920928 0.026634916032097812 -0.045877140813473757 0.037394204896096406 -0.015707403051579191 0.048717274198940438
leaf_weight=388.08512510359287 3.6623089164495495 4.3065468370914486 37.896431535482407 22.637608110904694 10.951903536915781 3.6426389813423157 209.35200791060925 9.223804324865343 2.8946557193994522 10.723833754658697 4.5431125909090033 6.4196237325668326
leaf_count=1058 7 7 106 83 24 15 510 16 13 16 14 7
internal_value=0.00361641 0.00301767 0.00241044 -0.0100358 0.0186784 -0.00687385 0.00367654 0.0166969 -0.00822397 0.0234915 0.0124439 0.0305438
internal_weight=714.34 683.292 657.971 60.534 25.3207 7.94919 597.437 31.0477 6.55696 24.4908 13.7669 17.3715
internal_count=1876 1810 1757 189 53 22 1568 66 20 46 30 31
is_linear=0
shrinkage=0.03


Tree=77
num_leaves=10
num_cat=0
split_feature=41 41 3 51 1 38 51 12 51
split_gain=6.08331 8.23857 12.2399 17.1731 15.5517 8.78685 18.5853 11.4641 4.32683
threshold=3.4412982463836674 0.71380725502967846 -4222.1520996093741 0.0039690537378191957 23770.243164062504 -2.7986658811569209 -0.01470107492059469 294905.71875000006 -0.018256970681250092
decision_type=2 2 2 2 2 2 2 2 2
left_child=1 5 4 -4 -3 7 -7 -1 -2
right_child=8 2 3 -5 -6 6 -8 -9 -10
leaf_value=0.031142833961249231 0.051819646198029042 -0.049080250428007316 0.008569916123167317 -0.020426546263378156 -0.0067885481586072299 -0.015855208636239852 0.0057077491135812146 -0.016239295350524836 0.011631555989541433
leaf_weight=22.23981332778931 3.7853118777275085 9.7321023941040021 91.678688406944275 22.961913719773293 41.280230119824409 38.892359897494316 470.37317056953907 5.7021230012178412 7.4088573455810529
leaf_count=40 4 42 230 86 121 126 1192 18 17
internal_value=0.00350985 0.00315553 -0.00268176 0.00273591 -0.0149157 0.0049611 0.00405511 0.0213662 0.0254892
internal_weight=714.055 702.86 165.653 114.641 51.0123 537.207 509.266 27.9419 11.1942
internal_count=1876 1855 479 316 163 1376 1318 58 21
is_linear=0
shrinkage=0.03


Tree=78
num_leaves=14
num_cat=0
split_feature=44 44 19 23 35 40 34 53 55 43 48 13 8
split_gain=6.03998 18.4731 23.4709 17.2235 17.0084 16.1662 10.795 19.5467 9.12176 15.4791 9.82444 7.46999 4.96897
threshold=6668.2548828125009 74938.707031250015 333891.87500000006 2131.5000000000005 -1.831962466239929 0.32980422675609594 -1.4165229797363279 -0.29838946461677546 0.28566198050975805 420.10501098632818 -0.80662843585014332 496487.76562500006 3.1207000017166142
decision_type=2 2 2 2 2 2 2 2 2 2 2 2 2
left_child=6 2 4 5 -2 -3 7 -1 10 -10 -8 -9 -4
right_child=1 3 12 -5 -6 -7 8 11 9 -11 -12 -13 -14
leaf_value=-0.051447957074280196 0.036942988463229388 0.0076470005190096254 -0.048625637326876331 -0.047835436287330779 -0.01342775324154165 -0.0084890336420359834 -0.0030814126861905249 0.035171676894014042 0.010206997759114591 -0.013169107915484556 0.014618076114803771 -0.020700117906201767 0
leaf_weight=7.8670674413442638 8.156188830733301 267.79861606657505 16.321756169199947 5.7981712520122519 23.169443257153034 70.457618579268456 33.775764763355255 5.4859917759895307 62.329684287309647 43.119395814836025 163.83497297763824 3.476640984416008 2.2120891511440268
leaf_count=33 13 676 71 25 77 209 93 9 149 135 367 12 7
internal_value=0.00340546 0.000909747 -0.0161458 0.00339011 -0.000217061 0.00427705 0.00646933 -0.0168607 0.0077748 0.000619778 0.0115777 0.0131641 -0.0429063
internal_weight=713.803 393.914 49.8595 344.054 31.3256 338.256 319.89 16.8297 303.06 105.449 197.611 8.96263 18.5338
internal_count=1876 1078 168 910 90 885 798 54 744 284 460 21 78
is_linear=0
shrinkage=0.03


Tree=79
num_leaves=14
num_cat=0
split_feature=10 53 52 36 43 28 58 38 12 65 54 55 68
split_gain=6.03031 11.2623 18.9249 16.1654 12.3531 13.3397 9.88898 14.4065 20.8841 12.2323 12.9191 9.17899 3.76146
threshold=-0.00046149999252520496 -0.29838946461677546 0.006366981193423272 -1.5201222896575926 30529311.000000004 -840.53124999999989 -16688.187499999996 -2.4363827705383296 731815.62500000012 -2.7129578590393062 0.39457528293132788 -0.86042630672454823 25.402430534362797
decision_type=2 2 2 2 2 2 2 2 2 2 2 2 2
left_child=6 2 3 -2 5 -3 7 12 -9 -8 -11 -4 -1
right_child=1 4 11 -5 -6 -7 9 8 -10 10 -12 -13 -14
leaf_value=0.034622399396094711 -0.01785173343912207 0.020486246598520993 0.0013320211280843589 0.0051604991926919039 -0.048548902444941443 0.0026675861471248579 0.045731058996689042 -0.050185539609414791 0.021025076850581241 0.014790903638232062 -0.00046584145470284822 -0.050366008369798182 -0.0024569250874994513
leaf_weight=5.6862275302410143 39.442416429519653 43.736842781305313 4.0620510429143897 90.310679957270622 3.9065015316009513 284.44453647732735 8.0659162700176221 11.330388322472574 5.4382913112640372 111.30147042870522 89.949649348855019 11.594896242022513 4.0919526219367981
leaf_count=9 132 96 11 234 17 764 10 48 11 244 240 49 11
internal_value=0.00330439 0.00135808 -0.00559552 -0.00181165 0.00441187 0.00505143 0.00723191 -0.00996216 -0.0269121 0.0094269 0.00795696 -0.0367618 0.0187987
internal_weight=713.362 477.498 145.41 129.753 332.088 328.181 235.864 26.5469 16.7687 209.317 201.251 15.6569 9.77818
internal_count=1876 1303 426 366 877 860 573 79 59 494 484 60 20
is_linear=0
shrinkage=0.03


Tree=80
num_leaves=11
num_cat=0
split_feature=50 50 44 44 33 67 33 50 44 6
split_gain=6.02091 19.5646 12.0936 13.3181 13.0268 11.4973 10.2257 13.3986 8.25605 3.06745
threshold=0.0069218368735164413 0.0060875709168612966 175.33000183105472 459188.51562500006 1.0418369174003603 1.0696033835411074 1.4461054205894472 0.0027829986065626149 967956.15625000012 -57926689.999999993
decision_type=2 2 2 2 2 2 2 2 2 2
left_child=1 6 9 4 -4 -5 7 -1 -8 -2
right_child=2 -3 3 5 -6 -7 8 -9 -10 -11
leaf_value=0.003801847202794023 0.015579294966587115 -0.048690272514819881 0.025746067523500865 -0.027109175170534416 -0.038908994992383129 0.022574708960926525 0.029789816934536764 -0.0094668921232116381 -0.012825845486053157 0.047835378399436114
leaf_weight=541.9892020970583 4.2235100865364066 6.6796184033155432 3.9070666059851638 4.858834207057952 9.5869705975055677 28.665163308382034 20.780128493905071 78.304940447211266 4.9849158674478522 8.9582411795854551
leaf_count=1409 9 29 8 18 39 60 38 240 15 11
internal_value=0.00320702 0.00236408 0.0122971 0.00510359 -0.0199664 0.0152842 0.00289657 0.00212199 0.0214283 0.0377279
internal_weight=712.939 652.739 60.1998 47.018 13.494 33.524 646.059 620.294 25.765 13.1818
internal_count=1876 1731 145 125 47 78 1702 1649 53 20
is_linear=0
shrinkage=0.03


Tree=81
num_leaves=11
num_cat=0
split_feature=34 40 3 63 0 48 4 60 21 35
split_gain=5.79333 15.1757 9.45953 8.18195 10.0596 10.613 9.79251 9.26005 3.92403 9.38323
threshold=1.4595374464988711 0.088392570614814772 19853.330078125004 144.08512115478518 10663.500000000002 -1.1805691123008726 57833.388671875007 0.0047799365129321822 -66.758998870849595 2.1225737333297734
decision_type=2 2 2 2 2 2 2 2 2 2
left_child=3 8 -3 7 6 -6 -5 -1 9 -2
right_child=1 2 -4 4 5 -7 -8 -9 -10 -11
leaf_value=-0.050071995072237911 -0.011645024818379654 -0.047569627398369736 0.024330265546035828 -0.0012043600253209866 -0.023499967423345609 0.002764453392179463 0.034988150279558518 0.013805641461346885 0.048597299181880591 0.04138437163315424
leaf_weight=5.4856580346822721 4.9343145340681112 4.4233759492635718 2.5623937845230103 10.938038155436518 14.135143458843229 635.63314969092607 16.855575144290924 3.1560154557228088 7.131700426340104 7.3994714021682739
leaf_count=23 15 20 5 31 48 1678 29 7 9 11
internal_value=0.00311194 0.0169092 -0.0207672 0.00257572 0.00294966 0.00218848 0.0206368 -0.0263962 0.0305846 0.0199259
internal_weight=712.655 26.4513 6.98577 686.204 677.562 649.768 27.7936 8.64167 19.4655 12.3338
internal_count=1876 60 25 1816 1786 1726 60 30 35 26
is_linear=0
shrinkage=0.03


Tree=82
num_leaves=8
num_cat=0
split_feature=41 4 41 31 2 51 64
split_gain=5.80055 7.72193 7.90334 11.3277 8.94653 3.97763 2.5251
threshold=3.4412982463836674 17102280.000000004 0.71380725502967846 -9.6018857955932599 75687.429687500015 -0.018256970681250092 3241.0935058593755
decision_type=2 2 2 2 2 2 2
left_child=1 2 4 -4 -1 -2 -3
right_child=5 6 3 -5 -6 -7 -8
leaf_value=0.0031568311507251677 0.050034540033257593 -0.048477308407197862 0.026394409600179875 -0.0049093974975639131 0.014356337694179743 0.011259756806146465 -0.0060222188596508594
leaf_weight=456.16891126334667 3.7332109808921814 3.4246108978986731 11.141124978661535 153.38497498631477 75.015404604375362 7.3746681213378888 2.2743330150842667
leaf_count=1188 4 15 22 454 169 17 7
internal_value=0.00301908 0.00267364 0.00296248 -0.00277138 0.00474411 0.0245615 -0.0320608
internal_weight=712.517 701.409 695.71 164.526 531.184 11.1079 5.69894
internal_count=1876 1855 1833 476 1357 21 22
is_linear=0
shrinkage=0.03


Tree=83
num_leaves=13
num_cat=0
split_feature=54 18 65 23 14 46 30 26 65 30 43 71
split_gain=5.81358 7.13595 18.8007 17.6807 9.58186 15.5505 11.3611 6.27645 14.9948 6.6051 3.77449 3.68003
threshold=-1.3779492378234861 15.935000419616701 -1.2985319495201109 28.500000000000004 2847.0000000000005 0.86918023228645336 3600.0725097656255 9.1567816734313983 -0.50727164745330799 238.69517517089847 269800.60937500006 1916.0091552734377
decision_type=2 2 2 2 2 2 2 2 2 2 2 2
left_child=7 2 -2 -4 5 -3 -6 9 11 -1 -11 -9
right_child=1 4 3 -5 6 -7 -8 8 -10 10 -12 -13
leaf_value=-0.0099103460519364972 -0.048768506328303152 0.0034917656163435586 0.01417149930456469 -0.036687061244824723 0.013538281272013898 -0.010442555395598739 -0.0038353834175408807 0.038156266085379878 -0.042598842809530628 0.015130516254455516 0.041949494359310356 0.0032856934002802561
leaf_weight=4.2673719972372082 8.7884194850921613 365.69031739234924 23.422090470790867 8.3401282429695112 129.62064996361732 89.740159004926682 45.532191872596741 5.015995919704439 5.1997239589691153 8.6851822286844271 11.662677139043806 6.4211412519216537
leaf_count=13 38 945 54 33 297 270 143 7 26 19 15 16
internal_value=0.00292917 0.00225193 -0.00992948 0.000722599 0.00304004 0.000739494 0.00900475 0.0138745 -0.000181083 0.0234962 0.0306496 0.0188412
internal_weight=712.386 671.134 40.5506 31.7622 630.583 455.43 175.153 41.2521 16.6369 24.6152 20.3479 11.4371
internal_count=1876 1780 125 87 1655 1215 440 96 49 47 34 23
is_linear=0
shrinkage=0.03


Tree=84
num_leaves=16
num_cat=0
split_feature=10 53 52 36 49 39 39 1 36 37 10 30 24 55 1
split_gain=5.82898 10.2309 17.7579 15.2255 11.694 13.1776 9.53833 17.7651 21.5927 11.5533 11.5157 11.3192 10.1733 8.6424 3.35119
threshold=-0.00046149999252520496 -0.29838946461677546 0.006366981193423272 -1.5773077607154844 -1.2020530700683592 2.2767683267593388 1.5854570269584658 42889.597656250007 -1.9810690283775327 -3.0696655511856075 -0.00065950001589953889 1855.4445800781252 350.50000000000006 -0.86042630672454823 61358.234375000007
decision_type=2 2 2 2 2 2 2 2 2 2 2 2 2 2 2
left_child=6 2 3 -2 14 -6 7 9 -9 -1 11 -8 -12 -4 -3
right_child=1 4 13 -5 5 -7 10 8 -10 -11 12 -13 -14 -15 -16
leaf_value=0.045025652204663889 -0.018401316174055365 -0.049423011014375053 0.0008451659049247129 0.0043980771323828211 0.0068028085327651146 -0.012515327016024242 0.022614720522810862 0.016789282674761485 -0.03379184099502968 0.0056241923366080289 0.033488625935285558 -0.025219684098460309 0.005371107803146361 -0.049352474069542358 -0.003694831792449759
leaf_weight=7.109379529953002 36.771111860871315 4.6308631747961035 4.0639568567275992 92.822680935263634 288.99163329601288 35.611303105950356 7.8332555443048504 11.416615396738051 22.350993618369102 125.2813311368227 32.569814220070839 10.253154605627058 18.401878893375397 11.470601394772528 2.3098190426826477
leaf_count=9 124 20 11 242 738 112 15 24 83 309 53 34 46 49 7
internal_value=0.00284318 0.000928938 -0.00570573 -0.0020479 0.00384222 0.00467423 0.00670969 0.00279316 -0.0166018 0.00776271 0.0160897 -0.00433665 0.0233965 -0.0360273 -0.0346372
internal_weight=711.888 476.672 145.128 129.594 331.544 324.603 235.216 166.158 33.7676 132.391 69.0581 18.0864 50.9717 15.5346 6.94068
internal_count=1876 1303 426 366 877 850 573 425 107 318 148 49 99 60 27
is_linear=0
shrinkage=0.03


Tree=85
num_leaves=11
num_cat=0
split_feature=61 36 58 8 23 1 20 57 3 43
split_gain=5.73848 12.4536 21.3188 10.8219 10.1009 9.03146 13.0899 8.01075 3.74873 5.27639
threshold=516.01684570312511 -1.2792893648147581 -1405.9999999999998 1.3017230033874514 2620.0000000000005 4186.0139160156259 490055.53125000006 0.57202571630477916 -613.91000366210926 2681286.7500000005
decision_type=2 2 2 2 2 2 2 2 2 2
left_child=4 8 -3 -4 5 6 -1 -7 9 -2
right_child=1 2 3 -5 -6 7 -8 -9 -10 -11
leaf_value=-0.0001535628146162904 0.0057137209041651189 0.03104728528905569 -0.050177083737584754 0.0076133821419856612 -0.047563559684948492 -0.041619254912083917 -0.050186272785478582 0.0032691283858518622 0.053541821080946475 0.046652647866305637
leaf_weight=14.452679336071016 7.0566829741001147 10.139133065938951 7.5081500709056836 4.6354586482048035 3.6602279245853415 3.5890025794506064 7.0668204575777045 642.76603119075298 5.546132266521453 4.9661451429128647
leaf_count=40 18 17 32 11 16 18 30 1682 6 6
internal_value=0.00275974 0.0138338 -0.000926861 -0.0278703 0.00209809 0.00237475 -0.0167233 0.00301524 0.0327255 0.0228735
internal_weight=711.386 39.8517 22.2827 12.1436 671.535 667.875 21.5195 646.355 17.569 12.0228
internal_count=1876 90 60 43 1786 1770 70 1700 30 24
is_linear=0
shrinkage=0.03


Tree=86
num_leaves=11
num_cat=0
split_feature=9 13 59 55 11 8 55 33 50 66
split_gain=5.63654 7.12699 8.08313 12.2028 6.79951 5.53697 9.6661 3.89066 3.76762 8.75458
threshold=2282308.8750000005 1560412.8750000002 0.59856146574020397 -0.62139508128166188 83.069999694824233 1.3228564858436587 1.2395917773246767 1.3450430035591128 0.0006010514043737204 -1.229755103588104
decision_type=2 2 2 2 2 2 2 2 2 2
left_child=1 2 3 -1 -4 6 -2 -3 9 -7
right_child=5 7 4 -5 -6 8 -8 -9 -10 -11
leaf_value=0.026810260036235052 -0.046895517549320379 -0.041926363766778621 0.0023221252100548415 -0.03524126052983536 0.018472287214258608 0.025148137046002196 0.026204976917815939 0.0054267380900784963 0.035493207927856749 -0.030290740264097994
leaf_weight=3.7759862244129172 3.1620129942894009 5.0665813237428656 633.87822283804417 11.169442251324652 24.436396047472954 10.233334392309191 3.3118118643760681 2.1050428003072739 10.561339214444159 3.3814133852720252
leaf_count=7 14 26 1670 50 50 18 6 7 16 12
internal_value=0.00267794 0.00210594 0.00242692 -0.0193631 0.00292617 0.0152784 -0.00903612 -0.0276088 0.0219134 0.0111588
internal_weight=711.082 680.432 673.26 14.9454 658.315 30.6499 6.47382 7.17162 24.1761 13.6147
internal_count=1876 1810 1777 57 1720 66 20 33 46 30
is_linear=0
shrinkage=0.03


Tree=87
num_leaves=12
num_cat=0
split_feature=33 72 28 60 33 3 54 21 54 21 34
split_gain=5.61734 11.2563 14.5402 9.36593 9.27475 18.7053 10.7572 16.459 11.7595 10.751 4.15979
threshold=1.4461054205894472 -45722.242187499993 141.12854003906253 0.0026631031651049857 1.3136360645294192 8075.7285156250009 -1.1424469947814939 -419.73249816894526 -0.35342186689376826 -242.88999176025388 1.4595374464988711
decision_type=2 2 2 2 2 2 2 2 2 2 2
left_child=4 2 -2 -4 6 10 7 -1 -8 -7 -6
right_child=1 -3 3 -5 5 9 8 -9 -10 -11 -12
leaf_value=0.033744982004220256 -0.052241554347921791 0.042043267300613925 0.020679456902064131 -0.026280129519359641 -0.050103506644201969 -0.015831132526963006 -0.0068589281673225927 0.0031542239623432397 0.0037052056498763637 0.02307193877338035 -0.0042231624466973769
leaf_weight=24.518320128321648 3.5655946135520962 9.5355824083089811 21.482493370771412 4.6002569496631613 10.459570527076719 13.593480855226515 120.56796056777239 45.385085828602314 442.62209314107895 12.036574065685274 2.3186799287796012
leaf_count=41 15 13 45 17 45 43 356 120 1149 25 7
internal_value=0.00259918 0.0136532 0.00442112 0.0122821 0.00194969 -0.0123501 0.00282196 0.0139267 0.0014383 0.00232176 -0.0420131
internal_weight=710.686 39.1839 29.6483 26.0828 671.502 38.4083 633.093 69.9034 563.19 25.6301 12.7783
internal_count=1876 90 77 62 1786 120 1666 161 1505 68 52
is_linear=0
shrinkage=0.03


Tree=88
num_leaves=12
num_cat=0
split_feature=31 56 37 33 59 36 68 71 40 30 43
split_gain=5.63439 9.51026 13.8171 10.2835 7.48365 11.9953 12.4581 11.3398 9.07851 14.0218 7.83846
threshold=-10.981309890747069 -0.43125040829181666 -1.7001206278800962 -1.2829068303108213 0.83043017983436596 -1.7754042148590086 29.055999755859379 1101.5195312500002 -1.7361447811126707 1815.9434204101565 266.80499267578131
decision_type=2 2 2 2 2 2 2 2 2 2 2
left_child=1 -1 3 -3 5 7 -7 -2 9 -6 -10
right_child=4 2 -4 -5 8 6 -8 -9 10 -11 -12
leaf_value=0.036582509041942581 0.012473852723000729 0.012882929673709525 0.035727975015096371 -0.046945452014051474 0.012980806415991886 0.028074322225255622 -0.0038505283504553264 -0.041483263327331807 0.011973829512173892 -0.024519317434902425 0.0027412706169084571
leaf_weight=11.565546572208406 4.6806939691305187 4.5677334964275387 6.4329273700714102 5.7801370024681082 14.239916950464247 12.143790841102598 116.36993354558945 13.113235130906103 105.44177596271038 23.941985994577408 392.02276924997568
leaf_count=17 11 11 10 26 34 22 341 54 239 87 1024
internal_value=0.0025224 0.0156432 0.00103273 -0.0202462 0.00197262 -0.00403089 -0.000810474 -0.0271212 0.00361803 -0.0104551 0.00470422
internal_weight=710.3 28.3463 16.7808 10.3479 681.954 146.308 128.514 17.7939 535.646 38.1819 497.465
internal_count=1876 64 47 37 1812 428 363 65 1384 121 1263
is_linear=0
shrinkage=0.03


Tree=89
num_leaves=12
num_cat=0
split_feature=10 35 28 34 10 45 51 55 48 41 6
split_gain=5.58168 13.0781 10.0961 10.1025 7.80442 15.7317 17.3253 15.798 13.5528 23.4581 17.755
threshold=0.001355000014882535 1.9316873550415041 1.0000000180025095e-35 -0.94989851117134083 -0.00019699999393196774 0.31410922110080725 -0.011373400222510098 0.61741870641708385 -0.80662843585014332 -1.295685291290283 -30636095.999999996
decision_type=2 2 2 2 2 2 2 2 2 2 2
left_child=4 2 3 -2 8 6 -6 -7 9 -1 -10
right_child=1 -3 -4 -5 5 7 -8 -9 10 -11 -12
leaf_value=-0.049566653022622607 0.026311549752807695 -0.031239049501452652 0.042390989409016686 -0.043492025640569525 -0.024101349306174712 -0.030064296325256326 0.0047926823885940427 0.0035760546876221675 0.0083888164391716612 -0.00059338707873890799 -0.019918813415310401
leaf_weight=10.165990613400934 4.8295978307724035 4.26111215353012 13.031434223055838 3.0394532084465054 20.9618279337883 32.065511122345924 170.37147429585457 20.416181460022926 342.91327341645956 66.642985180020332 21.115832194685936
leaf_count=44 9 15 17 15 76 122 444 55 831 179 69
internal_value=0.00244865 0.0163417 0.0261859 -0.000269127 0.00193369 -0.00236528 0.00161147 -0.0169205 0.00431813 -0.00711426 0.00673857
internal_weight=709.815 25.1616 20.9005 7.86905 684.653 243.815 191.333 52.4817 440.838 76.809 364.029
internal_count=1876 56 41 24 1820 697 520 177 1123 223 900
is_linear=0
shrinkage=0.03


Tree=90
num_leaves=10
num_cat=0
split_feature=61 36 23 53 22 58 24 47 70
split_gain=5.50906 11.6663 9.5817 8.92482 8.62086 14.9516 11.0894 6.8665 5.30359
threshold=516.01684570312511 1.0418112874031069 2620.0000000000005 -0.91674262285232533 -286081.74999999994 8234.0000000000018 275.50000000000006 0.080645013600587859 687868.03125000012
decision_type=2 2 2 2 2 2 2 2 2
left_child=2 3 4 -2 5 -1 -6 -3 -5
right_child=1 7 -4 8 6 -7 -8 -9 -10
leaf_value=-0.017416800088277725 -0.015319651268788552 -0.051587452118502686 -0.046932266432153771 0.0083897948895205032 -0.0013361082292451937 0.021837742509783535 0.0067571596676791693 0.010792533150316856 0.036491087087116632
leaf_weight=43.232846543192863 5.1963864266872397 3.5571597516536704 3.6171210110187522 9.4120275527238864 282.49765648692846 10.88517017662525 329.49194972217083 2.7497739940881729 18.607484042644501
leaf_count=144 16 15 16 23 784 22 820 6 30
internal_value=0.00237645 0.0132718 0.001729 0.0204229 0.00199774 -0.0094658 0.00301636 -0.0239146 0.0271587
internal_weight=709.248 39.5228 669.725 33.2159 666.108 54.118 611.99 6.30693 28.0195
internal_count=1876 90 1786 69 1770 166 1604 21 53
is_linear=0
shrinkage=0.03


Tree=91
num_leaves=14
num_cat=0
split_feature=66 36 18 72 29 1 35 22 55 35 57 34 44
split_gain=5.52568 17.7841 16.1572 14.08 19.2823 18.7865 11.3721 8.67706 17.8119 13.9525 8.54929 7.54152 1.92417
threshold=-1.4373244643211363 -1.5773077607154844 84.016502380371108 -45722.242187499993 1553.309020996094 13419.999511718752 -1.6576269268989561 -28993.464843749996 -0.033703593537211411 -1.908285856246948 1.2005947828292849 -1.2147954106330869 459188.51562500006
decision_type=2 2 2 2 2 2 2 2 2 2 2 2 2
left_child=3 2 6 4 11 -6 -2 8 -3 -9 -4 -1 -5
right_child=1 7 10 12 5 -7 -8 9 -10 -11 -12 -13 -14
leaf_value=0.043015585906282905 0.02117249854650561 0.008404017002245006 -0.050479139516912054 -0.049283045275107705 0.022273589199588967 -0.0016336097067511689 -0.049032707569810319 0.029578157548066197 -0.021428223147497712 0.0025582419831418415 -0.0084133777942511333 0.016257189194378865 -0.014070335584958817
leaf_weight=14.622077494859694 9.754992872476576 33.667248576879501 13.972068816423418 4.2273205220699301 36.878698870539665 148.6898827701807 2.6260553151369086 18.124034658074379 38.506531581282616 350.09324523806572 6.5814270675182334 28.741330966353416 2.5047115087509155
leaf_count=20 20 83 60 18 73 405 11 32 137 927 19 63 8
internal_value=0.0023058 0.000430184 -0.020826 0.00606021 0.0073286 0.00310139 0.00603947 0.00202664 -0.00747067 0.00389634 -0.0371552 0.0253493 -0.0366275
internal_weight=708.99 473.326 32.9345 235.664 228.932 185.569 12.381 440.391 72.1738 368.217 20.5535 43.3634 6.73203
internal_count=1876 1289 110 587 561 478 31 1179 220 959 79 83 26
is_linear=0
shrinkage=0.03


Tree=92
num_leaves=16
num_cat=0
split_feature=7 70 27 65 40 46 23 13 49 22 24 53 43 34 58
split_gain=5.46432 12.8194 15.7114 11.4493 16.3883 10.6496 10.5147 9.99041 11.8505 14.8607 13.6108 10.3847 18.9966 15.5106 5.21285
threshold=2.6096384525299077 1573.7178955078127 -27363.999999999996 -0.45085716247558588 -1.7361447811126707 -0.67117470502853382 540.50000000000011 447209.84375000006 -0.48194186389446253 -219024.94531249997 35.500000000000007 0.25541736185550695 4232.5451660156259 -0.92007899284362782 1684.0000000000002
decision_type=2 2 2 2 2 2 2 2 2 2 2 2 2 2 2
left_child=7 2 6 4 -3 -5 -2 8 10 -10 -1 13 -13 -9 -4
right_child=1 3 14 5 -6 -7 -8 11 9 -11 -12 12 -14 -15 -16
leaf_value=-0.0060992952269465581 -0.038156065984205075 -0.036356661233489011 0.042304823704450809 -0.049221971126885318 0.01247910822248508 -0.0043950258896542048 0.028211136551401114 -0.01926003421682717 -0.029214129047529444 0.0014438659704643804 0.014985594912134007 -0.0026051708581698091 -0.032684412834148774 0.0075614778042012009 0.013593348136261596
leaf_weight=35.562661603093147 5.4234457612037641 6.7498023435473433 19.598912343382839 6.0722024291753796 70.993849337100983 23.159968599677086 3.5137534588575363 24.982654333114624 15.34381654858589 195.02506376802921 119.69971017539501 59.312652736902237 27.907107576727867 86.650139711797237 8.5154631584882718
leaf_count=104 20 27 28 26 160 66 6 83 58 518 265 174 106 216 19
internal_value=0.00223783 0.00745648 0.022673 0.00215811 0.00820054 -0.0138093 -0.0117274 0.000900978 0.00384868 -0.000777996 0.0101368 -0.00450389 -0.0122638 0.00153213 0.0337152
internal_weight=708.511 144.027 37.0516 106.976 77.7437 29.2322 8.9372 564.484 365.631 210.369 155.262 198.853 87.2198 111.633 28.1144
internal_count=1876 352 73 279 187 92 26 1524 945 576 369 579 280 299 47
is_linear=0
shrinkage=0.03


Tree=93
num_leaves=15
num_cat=0
split_feature=68 53 57 65 69 59 71 1 61 61 40 9 36 45
split_gain=5.45336 11.0128 11.6247 20.8412 16.0235 9.97519 10.8866 19.3413 8.0791 22.4032 19.7514 7.18541 16.2316 8.59827
threshold=83.222057342529311 0.91690880060195934 1.0216184854507449 1.5294314026832583 84.434360504150405 1.1631933450698855 895.34890747070324 103003.92578125001 173.34723663330081 147.156120300293 0.40463475883007055 886553.34375000012 0.96240070462226879 -0.71535807847976673
decision_type=2 2 2 2 2 2 2 2 2 2 2 2 2 2
left_child=1 8 4 -4 -3 11 -7 -8 9 -1 -10 13 -13 -2
right_child=5 2 3 -5 -6 6 7 -9 10 -11 -12 12 -14 -15
leaf_value=0.00081677742179431484 -0.018244258649283644 0.013093027772243934 -0.040224685217780796 0.00044250180101791686 -0.029450946389468644 0.036087830657316917 -0.030936762618195994 0.020054881567979493 0.0051379485020995484 0.021192526890719723 -0.010369935545404078 0.040154526690280141 -0.035699945672259793 0.040329256064118663
leaf_weight=153.39526761323214 2.5018847584724453 32.467102810740471 21.817790254950523 23.320664435625076 10.54337929189205 5.8903369233012191 15.50788487493992 11.716370642185209 219.8889637440443 71.290095865726471 111.33940251171589 5.0673295408487302 5.0796888321638107 18.069099396467212
leaf_count=413 8 79 89 64 40 9 59 24 566 147 328 7 19 24
internal_value=0.00217202 0.00133774 -0.00850508 -0.0191476 0.00259426 0.0105428 -0.000791912 -0.00888154 0.00290387 0.00729512 -6.58285e-05 0.0228596 0.00188544 0.0330596
internal_weight=707.895 644.063 88.1489 45.1385 43.0105 63.8326 33.1146 27.2243 555.914 224.685 331.228 30.718 10.147 20.571
internal_count=1876 1726 272 153 119 150 92 83 1454 560 894 58 26 32
is_linear=0
shrinkage=0.03


Tree=94
num_leaves=10
num_cat=0
split_feature=41 41 3 61 30 38 52 39 0
split_gain=5.44766 7.48186 10.6849 20.2352 12.9293 8.12817 12.9878 7.50322 3.75227
threshold=3.4412982463836674 0.71380725502967846 -4222.1520996093741 180.43921661376956 3600.0725097656255 -2.7986658811569209 -0.025642025284469124 0.31673230230808264 149540.00000000003
decision_type=2 2 2 2 2 2 2 2 2
left_child=1 5 3 -3 -4 7 -7 -1 -2
right_child=8 2 4 -5 -6 6 -8 -9 -10
leaf_value=-0.0072102552222024574 0.0038581839058502831 -0.00026698379367740677 0.0036311310260835404 -0.03944216426039477 -0.042428817523232999 -0.018293212888966889 0.0037419809380724671 0.028538935318837843 0.039714135573772798
leaf_weight=6.9471274018287685 5.1665043234825117 31.195715799927711 107.79338762164116 19.307872220873833 5.7749891132116309 25.31055474281311 479.39513803273439 20.560244500637054 5.8064677715301514
leaf_count=21 13 85 287 78 29 85 1233 37 8
internal_value=0.00210899 0.00177379 -0.00381837 -0.0153033 0.00126255 0.0035034 0.00263099 0.0194012 0.0231052
internal_weight=707.258 696.285 164.072 50.5036 113.568 532.213 504.706 27.5074 10.973
internal_count=1876 1855 479 163 316 1376 1318 58 21
is_linear=0
shrinkage=0.03


Tree=95
num_leaves=11
num_cat=0
split_feature=33 63 10 0 33 37 54 46 17 46
split_gain=5.38121 11.4356 10.8913 8.64806 7.44811 19.6468 10.5744 5.41468 3.00999 1.84381
threshold=1.4461054205894472 144.08512115478518 0.00054400000954046856 75891.000000000015 1.3136360645294192 2.9360101222991948 -1.1424469947814939 0.4125176221132279 3759.4655761718755 0.35910381376743322
decision_type=2 2 2 2 2 2 2 2 2 2
left_child=1 8 3 9 6 -6 -3 -5 -1 -2
right_child=2 4 -4 7 5 -7 -8 -9 -10 -11
leaf_value=-0.050075614041300127 0.023350588663861423 0.013750095360498902 -0.029283365134420338 0.018062029047122431 -0.028952205579013877 0.015691360654324592 0.0012314788409889565 -0.014207225094684812 -0.0082566462386623324 0.046593907936689202
leaf_weight=4.7639818340539923 6.0975437164306632 68.30895009636879 4.775838539004325 12.545938923954965 22.375520497560501 14.607805177569388 555.34483350068331 7.3761088848114005 2.5742574781179428 8.1032954156398755
leaf_count=20 11 157 18 28 82 33 1486 23 8 10
internal_value=0.00204653 0.00140983 0.0129028 0.0188951 0.00182785 -0.0112376 0.00260746 0.0059638 -0.0358143 0.036825
internal_weight=706.874 667.975 38.8987 34.1229 660.637 36.9833 623.654 19.922 7.33824 14.2008
internal_count=1876 1786 90 72 1758 115 1643 51 28 21
is_linear=0
shrinkage=0.03


Tree=96
num_leaves=15
num_cat=0
split_feature=10 53 52 36 43 28 39 1 36 10 30 24 7 55
split_gain=5.31026 9.1712 16.6307 14.0516 11.2578 12.3572 8.98841 16.0168 20.4609 10.6322 10.3982 9.60786 8.40383 8.08581
threshold=-0.00046149999252520496 -0.29838946461677546 0.006366981193423272 -1.5773077607154844 30529311.000000004 -840.53124999999989 1.5854570269584658 42889.597656250007 -1.9810690283775327 -0.00065950001589953889 1855.4445800781252 350.50000000000006 1.4098306298255923 -0.86042630672454823
decision_type=2 2 2 2 2 2 2 2 2 2 2 2 2 2
left_child=6 2 3 -2 5 -3 7 12 -9 10 -8 -11 -1 -4
right_child=1 4 13 -5 -6 -7 9 8 -10 11 -12 -13 -14 -15
leaf_value=0.019157662978308204 -0.018386866438994853 0.018446030112933904 0 0.0035999050950914898 -0.048045644069125176 0.0012298471960805967 0.021079267490982337 0.016031217561852315 -0.033352504861438662 0.031731340951324363 -0.024935756450366643 0.0043134442898657482 0.001984572713509727 -0.048631672625685608
leaf_weight=35.245470404624939 36.443952202796936 43.380305409431458 4.0617800652980796 92.304103776812553 3.8465211093425742 281.83553755283356 7.7619744390249279 11.337963804602621 22.243723466992378 32.294042676687241 10.189278975129126 18.290820345282555 96.002472296357155 11.343142598867415
leaf_count=71 124 96 11 242 17 764 15 24 83 53 34 46 247 49
internal_value=0.00198591 0.000153025 -0.00615032 -0.00260046 0.00292346 0.00353553 0.00568974 0.00187237 -0.0165901 0.0148268 -0.00487212 0.0218767 0.00661911 -0.0356239
internal_weight=706.581 473.215 144.153 128.748 329.062 325.216 233.366 164.83 33.5817 68.5361 17.9513 50.5849 131.248 15.4049
internal_count=1876 1303 426 366 877 860 573 425 107 148 49 99 318 60
is_linear=0
shrinkage=0.03


Tree=97
num_leaves=11
num_cat=0
split_feature=42 35 28 59 46 62 24 61 46 61
split_gain=5.29709 12.2868 9.55276 10.1421 7.41575 19.7079 23.7009 12.4102 11.4213 11.3689
threshold=0.001355000014882535 1.9316873550415041 1.0000000180025095e-35 1.0709406137466433 0.99099609255790722 2649.069458007813 1798.5000000000002 56.936622619628913 0.64082613587379467 416.50906372070318
decision_type=2 2 2 2 2 2 2 2 2 2
left_child=4 2 3 -2 7 6 -6 -1 -9 -7
right_child=1 -3 -4 -5 5 9 -8 8 -10 -11
leaf_value=-0.045215400464005961 0.026187828206281617 -0.03069329885554594 0.041040090385169009 -0.044344280655360918 -0.031756432705816601 0.004968053407982809 0.0016456263737889617 0.0019360276060577909 0.017193869819144132 0.050758332581645957
leaf_weight=4.7868530303239814 4.7248421311378541 4.2303458005189887 12.865914002060888 2.9965652674436569 36.683704271912575 33.037083610892296 39.592699617147446 512.89327158778906 48.413993284106255 5.7723063528537741
leaf_count=22 9 15 17 15 135 85 105 1360 106 7
internal_value=0.00192822 0.0155546 0.0252034 -0.000796121 0.00142737 -0.00550603 -0.0143791 0.00284221 0.00325739 0.011856
internal_weight=705.998 24.8177 20.5873 7.72141 681.18 115.086 76.2764 566.094 561.307 38.8094
internal_count=1876 56 41 24 1820 332 240 1488 1466 92
is_linear=0
shrinkage=0.03


Tree=98
num_leaves=11
num_cat=0
split_feature=50 50 44 44 26 33 33 50 44 6
split_gain=5.35962 17.4378 11.0357 11.693 13.5727 11.7107 8.96725 11.8939 7.23855 2.94699
threshold=0.0069218368735164413 0.0060875709168612966 175.33000183105472 459188.51562500006 19.639648437500004 1.0418369174003603 1.4461054205894472 0.0027829986065626149 967956.15625000012 -57926689.999999993
decision_type=2 2 2 2 2 2 2 2 2 2
left_child=1 6 9 5 -5 -4 7 -1 -8 -2
right_child=2 -3 3 4 -6 -7 8 -9 -10 -11
leaf_value=0.0024456088615253044 0.013264168620614317 -0.047588382834535564 0.023359502791823788 0.022025769292412949 -0.028790332419503337 -0.038321286692873956 0.027011675193081522 -0.010106296355856827 -0.013191932384063283 0.045060067761247991
leaf_weight=536.70908149331808 4.1805333793163291 6.5560040026903144 3.8650938570499411 27.350027665495872 5.6748383790254584 9.3939330428838712 20.390275195240978 77.748512662947178 4.9136254787445059 8.7665637582540494
leaf_count=1409 9 29 8 56 22 39 38 240 15 11
internal_value=0.00187173 0.00107501 0.0105147 0.00359356 0.0132029 -0.0201147 0.00157838 0.00085251 0.0190862 0.0350251
internal_weight=705.548 646.317 59.231 46.2839 33.0249 13.259 639.761 614.458 25.3039 12.9471
internal_count=1876 1731 145 125 78 47 1702 1649 53 20
is_linear=0
shrinkage=0.03


Tree=99
num_leaves=13
num_cat=0
split_feature=66 36 45 18 72 29 14 67 3 37 60 22
split_gain=5.25047 16.7545 15.5461 16.3096 13.356 18.0889 17.185 11.731 9.493 7.1917 2.42703 1.59023
threshold=-1.4373244643211363 -1.5773077607154844 -0.89769744873046864 84.016502380371108 -45722.242187499993 1553.309020996094 1579.0000000000002 -2.0080063343048091 -25336.648437499996 -1.8350492119789121 0.0026631031651049857 141393.85937500003
decision_type=2 2 2 2 2 2 2 2 2 2 2 2
left_child=4 2 -2 -4 5 9 -7 10 -9 -1 -3 -6
right_child=1 7 3 -5 11 6 -8 8 -10 -11 -12 -13
leaf_value=0.016578335963899862 0.019492079615867745 -0.051425369301917268 -0.000934335821139233 -0.050158302456856478 -0.048134016409572017 -0.051179045602014021 0.0041883379795938517 0.042656950112861608 0.001664227963391843 0.044413727201578164 -0.012630482235038581 -0.01564739054914692
leaf_weight=31.363191246986389 6.7667547613382331 4.2937858402729026 9.9699221551418322 15.953208371996878 4.1459725797176352 5.1857724189758292 179.44536082446575 5.1536144465208045 426.03832574188709 11.737518444657324 2.5493354499340057 2.5048738420009613
leaf_count=67 14 18 27 69 18 22 456 7 1146 16 8 8
internal_value=0.00181664 -3.71655e-06 -0.0207282 -0.0313427 0.00548536 0.00672032 0.00261697 0.00153607 0.00216113 0.0242283 -0.0374111 -0.0363498
internal_weight=705.108 470.725 32.6899 25.9231 234.383 227.732 184.631 438.035 431.192 43.1007 6.84312 6.65085
internal_count=1876 1289 110 96 587 561 478 1179 1153 83 26 26
is_linear=0
shrinkage=0.03


Tree=100
num_leaves=12
num_cat=0
split_feature=68 27 21 22 5 12 34 57 10 18 60
split_gain=5.19063 9.93101 13.1793 12.4103 9.23445 9.44958 7.47784 7.46307 7.33005 14.0915 12.6887
threshold=83.222057342529311 34004.000000000007 -1250.8901367187498 63375.066406250007 3830385.0000000005 522698.29687500006 1.4274300932884219 1.1773229837417605 -0.00042450000182725484 55.944499969482429 0.0030923305312171583
decision_type=2 2 2 2 2 2 2 2 2 2 2
left_child=1 8 -3 -4 5 7 -7 -2 10 -10 -1
right_child=4 2 3 -5 -6 6 -8 -9 9 -11 -12
leaf_value=0.0080731873037142195 0.030774663897164472 -0.049230033253527421 -0.037854379446977671 0.002118141022089899 -0.032017804571628165 -0.046751660138494244 0.017324259310997021 0.007614868610366054 -0.015812387367718148 0.0016974585776353319 -0.018695280497965091
leaf_weight=220.73441700637341 22.038104996085167 7.2282771915197364 8.6190850138664228 36.422154136002064 4.3468482047319403 3.9619196355342856 2.7099377065896988 30.070210844278336 47.872508183121681 303.58745171129704 17.117679044604301
leaf_count=526 36 31 35 99 16 18 6 74 159 822 54
internal_value=0.00176261 0.000949821 -0.0115741 -0.00546439 0.00997577 0.0131323 -0.020276 0.0174674 0.00206573 -0.000679029 0.00613411
internal_weight=704.709 641.582 52.2695 45.0412 63.127 58.7802 6.67186 52.1083 589.312 351.46 237.852
internal_count=1876 1726 165 134 150 134 24 110 1561 981 580
is_linear=0
shrinkage=0.03


Tree=101
num_leaves=11
num_cat=0
split_feature=50 50 44 44 61 61 38 42 33 6
split_gain=5.1387 16.4757 10.4877 11.0011 25.47 16.0851 8.69533 17.0661 9.90407 2.74383
threshold=0.0069218368735164413 0.0060875709168612966 175.33000183105472 459188.51562500006 128.13591766357425 131.37308502197268 2.5240839719772343 -0.00030549999792128796 1.4461054205894472 -57926689.999999993
decision_type=2 2 2 2 2 2 2 2 2 2
left_child=1 6 9 5 -5 -4 8 -8 -1 -2
right_child=2 -3 3 4 -6 -7 7 -9 -10 -11
leaf_value=0.0014362174408422391 0.013115817542143785 -0.046718810898273178 0.02033842235145665 -0.034899855321370257 0.027394867007747705 -0.047023760231568276 -0.048131929888598116 0.00078518349264651165 0.021630958539161187 0.043954025160211747
leaf_weight=586.3887390345335 4.1584940105676642 6.4615661948919287 5.2988035976886732 7.6792586445808402 25.227965831756592 7.8544380888342857 9.2902476489543933 20.39222027361393 22.737448275089264 8.6820849478244764
leaf_count=1561 9 29 11 31 47 36 41 55 45 11
internal_value=0.00171078 0.00093138 0.0101983 0.00344191 0.0127666 -0.0196587 0.00141806 -0.0144242 0.00219497 0.0342005
internal_weight=704.171 645.27 58.901 46.0605 32.9072 13.1532 638.809 29.6825 609.126 12.8406
internal_count=1876 1731 145 125 78 47 1702 96 1606 20
is_linear=0
shrinkage=0.03


Tree=102
num_leaves=12
num_cat=0
split_feature=9 57 24 24 2 8 36 39 26 50 45
split_gain=5.18456 5.95022 6.28161 19.1183 16.2788 5.08644 6.16398 6.38086 3.77861 3.05764 2.74258
threshold=2282308.8750000005 0.57202571630477916 486.00000000000006 275.50000000000006 5020.6699218750009 1.5521000027656557 -0.39608277380466456 1.780614495277405 6.9003558158874521 -0.00016628098092041907 0.62921911478042614
decision_type=2 2 2 2 2 2 2 2 2 2 2
left_child=1 10 3 -3 -4 6 7 -2 -8 -7 -1
right_child=5 2 4 -5 -6 9 8 -9 -10 -11 -12
leaf_value=-0.041301306838058389 -0.050164692437218661 -0.00064485446855307767 -0.035485111397612984 0.012945604592439142 -0.000667171455771093 0.0090232934567327262 0.035506353172348577 0.01189064797890068 -0.00089300859492056012 0.03842700972344857 0
leaf_weight=4.3167787641286841 3.2760126590728769 304.86610445380211 12.81733053922653 133.91590183973312 215.67491529881954 5.5735205858945838 4.8681380450725555 2.6224692314863205 5.1013240218162537 8.5216549634933454 2.0569553673267365
leaf_count=22 14 836 48 312 585 13 7 6 14 12 7
internal_value=0.00166081 0.00111286 0.0013927 0.00349611 -0.00263342 0.0138801 0.00202528 -0.0220662 0.0165801 0.027013 -0.0277134
internal_weight=703.611 673.648 667.274 438.782 228.492 29.9631 15.8679 5.89848 9.96946 14.0952 6.37373
internal_count=1876 1810 1781 1148 633 66 41 20 21 25 29
is_linear=0
shrinkage=0.03


Tree=103
num_leaves=15
num_cat=0
split_feature=71 48 68 70 6 43 31 70 10 59 59 2 60 35
split_gain=5.11945 16.8769 16.0332 13.3304 19.1863 16.3063 16.6709 12.9545 12.32 8.76002 18.3174 6.92115 5.13105 2.84177
threshold=792.10766601562511 -0.71844151616096485 82.192871093750014 3513.159057617188 -31211016.999999996 16910.349609375004 6.1491329669952401 1881.8064575195315 -0.00049549998948350538 1.0876369476318362 1.3252525925636294 5617.5549316406259 -0.00036040479608345771 2.2337272167205815
decision_type=2 2 2 2 2 2 2 2 2 2 2 2 2 2
left_child=1 2 13 4 7 6 -5 -2 -7 11 -11 -3 -6 -1
right_child=3 9 -4 5 12 8 -8 -9 -10 10 -12 -13 -14 -15
leaf_value=-0.050596041664228028 0.006155987691201412 -0.023945252462843063 0.025651743895102559 0.018171944138761213 -0.014090355040779779 0.009668093811754359 -0.020804812323642501 -0.012973894716016754 -0.0029234019256099896 -0.053194657145290064 0.012147336442148897 0.026757443906118079 -0.051044218886100064 -0.010815819803051
leaf_weight=7.8226304799318296 63.01717384159565 2.5229445844888678 4.5481237620115271 88.969830051064491 5.3969327956438073 93.03119882941246 11.040226399898527 64.202919892966747 281.58377871662378 4.5502985864877727 25.364621482789516 38.540979295969009 10.380324438214299 2.2949539572000504
leaf_count=34 159 9 8 188 18 215 41 201 804 19 58 71 44 7
internal_value=0.00161154 0.00848808 -0.0207251 0.00065313 -0.00737027 0.00307678 0.0138393 -0.00347452 0.000195539 0.0145664 0.00210801 0.0235692 -0.0385935 -0.0418693
internal_weight=703.267 85.6446 14.6657 617.622 142.997 474.625 100.01 127.22 374.615 70.9788 29.9149 41.0639 15.7773 10.1176
internal_count=1876 206 49 1670 422 1248 229 360 1019 157 77 80 62 41
is_linear=0
shrinkage=0.03


Tree=104
num_leaves=12
num_cat=0
split_feature=10 35 28 59 46 29 18 46 63 23 31
split_gain=5.12899 11.6883 9.06958 9.47823 7.09906 17.8358 14.8809 10.3112 9.98889 8.85586 8.34554
threshold=0.001355000014882535 1.9316873550415041 1.0000000180025095e-35 1.0709406137466433 0.99099609255790722 2940.9213867187505 1188.5980224609377 0.64082613587379467 3075.6027832031255 801.50000000000011 3.7942197322845463
decision_type=2 2 2 2 2 2 2 2 2 2 2
left_child=4 2 3 -2 7 6 -6 9 -7 -1 -9
right_child=1 -3 -4 -5 5 8 -8 10 -10 -11 -12
leaf_value=0.0022106889771459854 0.025120939014270424 -0.030265128799607688 0.04007929540309392 -0.043599094026584739 -0.043153797215476075 0.033959617200336731 -0.0078292940543822371 0.02181875140637014 0.00015945343703249859 -0.014260638165944547 -0.0093576765478355205
leaf_weight=483.89255112409592 4.6884085237979951 4.1870973259210578 12.696850061416624 2.9346839562058449 12.884773820638655 12.238670781254767 66.680851295590401 39.109623938798904 22.545698717236519 31.246121406555176 9.4803535640239698
leaf_count=1283 9 15 17 15 52 20 198 79 62 97 29
internal_value=0.00156403 0.0150563 0.0245428 -0.00094087 0.00107197 -0.00573568 -0.0135874 0.0024582 0.0121381 0.00120578 0.0156742
internal_weight=702.586 24.507 20.3199 7.62309 678.079 114.35 79.5656 563.729 34.7844 515.139 48.59
internal_count=1876 56 41 24 1820 332 250 1488 82 1380 108
is_linear=0
shrinkage=0.03


Tree=105
num_leaves=11
num_cat=0
split_feature=61 36 58 8 23 22 58 57 36 36
split_gain=4.97034 11.5926 19.3776 9.56026 8.76683 7.27048 13.6269 9.32741 2.89065 4.51021
threshold=516.01684570312511 -1.2792893648147581 -1405.9999999999998 1.3017230033874514 2620.0000000000005 -286081.74999999994 8234.0000000000018 0.6491244137287141 -1.5773077607154844 -2.1403872966766353
decision_type=2 2 2 2 2 2 2 2 2 2
left_child=4 8 -3 -4 5 6 -1 -7 9 -2
right_child=1 2 3 -5 -6 7 -8 -9 -10 -11
leaf_value=-0.017080709907580521 0.041801225401216897 0.02845982661008176 -0.049406925486959331 0.005483774320508338 -0.046100594447958297 -0.019394964383448773 0.020555404869461558 0.0027466713372345185 0.047938402319864848 0.0033113959278264224
leaf_weight=42.715392649173737 5.17923428118229 9.8589992821216601 7.3978372514247877 4.5023917704820633 3.5493236482143393 17.609041661024094 10.796433240175245 588.49899426102638 5.8281168490648261 6.2138706445693979
leaf_count=144 7 17 32 11 16 64 22 1540 7 16
internal_value=0.00151793 0.0119351 -0.00249222 -0.0283872 0.000901092 0.00115855 -0.00943126 0.00209845 0.0303385 0.0210719
internal_weight=702.15 38.9805 21.7592 11.9002 663.169 659.62 53.5118 606.108 17.2212 11.3931
internal_count=1876 90 60 43 1786 1770 166 1604 30 23
is_linear=0
shrinkage=0.03


Tree=106
num_leaves=10
num_cat=0
split_feature=41 41 3 61 51 58 50 33 51
split_gain=5.14373 6.93927 9.9239 18.8709 14.2653 7.35263 14.9036 8.91101 3.62791
threshold=3.4412982463836674 0.71380725502967846 -4222.1520996093741 180.43921661376956 0.0039690537378191957 -8221.4999999999982 0.0025427769869565968 1.4181744456291201 -0.018256970681250092
decision_type=2 2 2 2 2 2 2 2 2
left_child=1 5 3 -3 -4 6 -1 -7 -2
right_child=8 2 4 -5 -6 7 -8 -9 -10
leaf_value=0.012218159892994174 0.046841171863645094 -0.00081896847386786703 0.0060068288331903801 -0.03880449940604392 -0.020717304767926353 -0.00053814766078864136 -0.035269702931259077 0.013841975276532066 0.0092309957651345292
leaf_weight=107.54975742101669 3.5973737239837646 31.040607064962387 90.221584290266037 19.126389995217323 22.441369116306305 370.98687183856964 6.2675958126783362 43.276290118694305 7.2202061265706998
leaf_count=240 4 85 230 78 86 1015 24 97 17
internal_value=0.00147344 0.00114747 -0.0042596 -0.0153609 0.000657012 0.00282038 0.00957678 0.00095684 0.0220155
internal_weight=701.728 690.91 162.83 50.167 112.663 528.081 113.817 414.263 10.8176
internal_count=1876 1855 479 163 316 1376 264 1112 21
is_linear=0
shrinkage=0.03


Tree=107
num_leaves=13
num_cat=0
split_feature=34 40 59 35 28 6 10 28 61 28 22 34
split_gain=5.01731 13.3813 7.96175 7.23615 21.6693 17.4671 10.4268 8.89673 8.50201 8.01288 5.06476 6.7174
threshold=1.4595374464988711 0.088392570614814772 1.2905530929565432 1.8800374865531924 1599.5000000000002 -30636095.999999996 0.001355000014882535 1.0000000180025095e-35 516.01684570312511 2673.0000000000005 125602.10156250001 1.4819598197937014
decision_type=2 2 2 2 2 2 2 2 2 2 2 2
left_child=3 10 -3 6 5 -5 8 -8 -1 -6 -2 -12
right_child=1 2 -4 4 9 -7 7 -9 -10 -11 11 -13
leaf_value=0.00037175554146138119 0.048656459654282384 -0.046062405644145391 0.020711455583607652 -0.0093714273437659618 0.028128805611957006 -0.051167594670025837 -0.00096823984792536683 0.040583803397236135 0.01531340520941467 -0.0056188060831824319 0.032505140009809926 -0.013288951588915122
leaf_weight=543.37201531231403 6.695830434560782 4.3434150218963614 2.4785361289978027 38.580269008874893 15.532987445592882 11.848978862166403 7.5583575442433384 11.458090305328367 36.621963620185852 10.474147379398344 7.8188417851924878 4.4544814974069595
leaf_count=1466 8 20 5 121 29 50 24 15 81 30 13 14
internal_value=0.00142998 0.0144243 -0.0213625 0.000929369 -0.00775499 -0.0192514 0.00204254 0.0239106 0.00132037 0.0144219 0.0274526 0.0156402
internal_weight=701.238 25.7911 6.82195 675.447 76.4364 50.4292 599.01 19.0164 579.994 26.0071 18.9692 12.2733
internal_count=1876 60 25 1816 230 171 1586 39 1547 59 35 27
is_linear=0
shrinkage=0.03


Tree=108
num_leaves=13
num_cat=0
split_feature=7 59 14 5 14 60 38 58 8 69 34 22
split_gain=4.93466 12.8887 9.05859 10.8389 9.99524 8.48346 11.9203 13.1332 9.88838 9.22168 12.0111 5.69268
threshold=2.6096384525299077 2.2057923078536992 3602.5000000000005 249.79999542236331 3359.5000000000005 -0.00063379816128872324 -2.7986658811569209 3984.0000000000005 1.0000000180025095e-35 7.4432158470153817 -0.84460389614105214 -28993.464843749996
decision_type=2 2 2 2 2 2 2 2 2 2 2 2
left_child=5 2 4 -4 -2 6 8 -8 -1 11 -11 -7
right_child=1 -3 3 -5 -6 9 7 -9 -10 10 -12 -13
leaf_value=0.029115755428120515 0.0058571923025115781 -0.048253775782542113 -0.044265712463834574 0.029479758838783718 0.027340573023332742 -0.0015804458811400884 -0.015781614006333624 0.00041876840591767531 -0.01624948122435008 -0.013484804317998271 0.0038383624654362214 0.033675703637727171
leaf_weight=15.381163194775583 106.1480950564146 3.7691261097788802 5.9682424664497358 2.5146206766366959 24.06691212952137 5.6931106299161938 86.266065999865532 93.497513651847839 5.9233172535896292 40.949406743049622 297.004623696208 13.563307791948317
leaf_count=28 258 17 28 5 44 15 286 260 20 127 766 22
internal_value=0.00138808 0.006372 0.00787809 -0.0220513 0.00985088 0.000110863 -0.0048127 -0.00733888 0.016362 0.00289066 0.00173046 0.0230965
internal_weight=700.746 142.467 138.698 8.48286 130.215 558.279 201.068 179.764 21.3045 357.21 337.954 19.2564
internal_count=1876 352 335 33 302 1524 594 546 48 930 893 37
is_linear=0
shrinkage=0.03


Tree=109
num_leaves=12
num_cat=0
split_feature=9 13 59 55 40 8 36 57 35 26 24
split_gain=4.89928 6.09406 6.92503 11.2483 6.00553 4.64749 5.52726 6.05551 4.17277 3.42516 3.01619
threshold=2282308.8750000005 1560412.8750000002 0.59856146574020397 -0.62139508128166188 0.40463475883007055 1.5521000027656557 -0.39608277380466456 1.4268314242362978 2.1225737333297734 6.9003558158874521 961.00000000000011
decision_type=2 2 2 2 2 2 2 2 2 2 2
left_child=1 2 3 -1 -4 6 7 -2 -3 -8 -7
right_child=5 8 4 -5 -6 10 9 -9 -10 -11 -12
leaf_value=0.025224899046054513 -0.048724068781181087 -0.041355110814126718 0.003596513733407579 -0.034889433763967352 -0.0025441408122280655 0.011518142928287083 0.034085571351659301 0.011971654089308319 0.0093620156536411009 -0.00081075232511985007 0.040268737636183646
leaf_weight=3.7188863158226004 3.2216849178075799 5.0835198014974585 436.15310986340046 10.842595487833021 212.9493919685483 7.0157388448715192 4.765239804983139 2.6194626986980438 1.9255342334508894 5.0541652739048004 6.8725003898143768
leaf_count=7 14 27 1139 50 581 16 7 6 6 14 9
internal_value=0.00134735 0.000815854 0.00111408 -0.0193307 0.00157734 0.0133091 0.00189738 -0.0209915 -0.026994 0.0158185 0.0259612
internal_weight=700.222 670.673 663.664 14.5615 649.103 29.5488 15.6606 5.84115 7.00905 9.81941 13.8882
internal_count=1876 1810 1777 57 1720 66 41 20 33 21 25
is_linear=0
shrinkage=0.03


Tree=110
num_leaves=12
num_cat=0
split_feature=31 27 31 1 70 31 60 27 69 56 37
split_gain=4.92088 8.97936 7.17355 16.6616 14.3859 14.0232 11.32 8.39824 7.85763 6.60871 12.1043
threshold=-10.981309890747069 -18657.999999999996 -4.5210905075073233 73402.671875000015 1276.5703735351565 -3.1284391880035396 -0.0014996443060226736 -51632.999999999993 20.309689521789554 -0.37083625793457026 -1.7001206278800962
decision_type=2 2 2 2 2 2 2 2 2 2 2
left_child=1 -1 3 4 -2 7 -7 -4 -5 -3 -11
right_child=2 9 5 8 -6 6 -8 -9 -10 10 -12
leaf_value=-0.028866177054452064 0.016210713170332805 0.038161619270829429 -0.010934586079856853 -0.0036462504727686274 -0.016071803658619765 -0.0075578190291443652 0.0029865707171282002 0.019020918092138194 0.039610959337371361 -0.020115239954303296 0.037502141299801388
leaf_weight=3.788048908114436 14.642039597034453 10.702853322029119 9.6738420575857145 6.0952094495296469 79.307415023446083 121.5688446983695 371.75291995704174 59.661150008440018 9.4609891325235349 7.1267984136939075 6.0434885770082394
leaf_count=14 31 15 29 17 250 369 976 126 14 26 9
internal_value=0.0013077 0.0137152 0.000792636 -0.00622544 -0.0110086 0.00216384 0.000382045 0.0147982 0.0224691 0.0205974 0.00609603
internal_weight=699.824 27.6612 672.162 109.506 93.9495 562.657 493.322 69.335 15.5562 23.8731 13.1703
internal_count=1876 64 1812 312 281 1500 1345 155 31 50 35
is_linear=0
shrinkage=0.03


Tree=111
num_leaves=15
num_cat=0
split_feature=68 53 57 65 37 59 71 1 61 61 56 7 46 60
split_gain=4.82224 10.1622 10.8442 18.6895 14.5187 8.99203 10.0369 17.264 7.31217 20.1847 16.673 6.47363 13.0023 1.7847
threshold=83.222057342529311 0.91690880060195934 1.0216184854507449 1.5294314026832583 2.5275648832321171 1.1631933450698855 895.34890747070324 103003.92578125001 173.34723663330081 147.156120300293 1.3457973003387453 0.81134417653083812 0.78068891167640697 0.0017012778553180399
decision_type=2 2 2 2 2 2 2 2 2 2 2 2 2 2
left_child=1 8 4 -4 -3 11 -7 -8 9 -1 -10 13 -13 -2
right_child=5 2 3 -5 -6 6 7 -9 10 -11 -12 12 -14 -15
leaf_value=1.5003819554736259e-05 0.021560055192230795 0.0082185118389561385 -0.039533645983973138 -0.0004644318608169672 -0.046067989522386367 0.034342982428206999 -0.030341142813778064 0.018282561403893175 -0.0056845898262265805 0.019454810718070578 0.0086188665988015754 0.020078507938509651 -0.052798118306633342 0.044984712632160133
leaf_weight=151.80140967667103 5.4340305328369167 37.473439037799835 21.467783123254776 22.966314345598221 5.0243311971426001 5.7248049080371848 15.286927655339243 11.453898891806601 217.08147493004799 70.558557331562042 110.71538859605789 13.192066341638563 2.6323761790990821 8.5385897755622846
leaf_count=413 10 96 89 64 23 9 59 24 632 147 262 27 11 10
internal_value=0.00126932 0.000485571 -0.00903985 -0.0194078 0.00172986 0.00924064 -0.00159582 -0.00940196 0.00199616 0.00619707 -0.000844358 0.0211483 0.00776599 0.0360894
internal_weight=699.351 637.089 86.9319 44.4341 42.4978 62.2627 32.4656 26.7408 550.157 222.36 327.797 29.7971 15.8244 13.9726
internal_count=1876 1726 272 153 119 150 92 83 1454 560 894 58 38 20
is_linear=0
shrinkage=0.03


Tree=112
num_leaves=13
num_cat=0
split_feature=34 40 60 35 28 3 10 28 28 28 24 35
split_gain=4.71743 12.461 7.55388 6.91671 20.2882 17.0832 9.80332 8.40678 8.34303 7.53272 4.90349 7.47655
threshold=1.4595374464988711 0.088392570614814772 0.0036664068466052417 1.8800374865531924 1599.5000000000002 5767.4184570312509 0.001355000014882535 1.0000000180025095e-35 2673.0000000000005 2673.0000000000005 105.50000000000001 2.1225737333297734
decision_type=2 2 2 2 2 2 2 2 2 2 2 2
left_child=3 10 -3 6 5 -5 8 -8 -1 -6 -2 -12
right_child=1 2 -4 4 9 -7 7 -9 -10 -11 11 -13
leaf_value=0.0016868846338494649 0.05034108404383237 -0.046050480587703571 0.018862576671347737 -0.048784168092488117 0.027089101471004771 -0.0085427819564164245 -0.0010088680583784499 0.039528512715928492 -0.022727499261841387 -0.0057049035298617282 -0.0076621916299997915 0.037213394552138838
leaf_weight=565.26712722331285 5.5778091549873414 4.1649671643972388 2.5543347150087357 12.862038776278494 15.436275467276575 37.304123282432556 7.5342357680201557 11.294605821371077 12.872351601719854 10.437029734253882 6.1310411393642408 7.1125897467136383
leaf_count=1503 6 19 6 57 29 114 24 15 44 30 18 11
internal_value=0.00123283 0.0138947 -0.0209274 0.000747851 -0.00776613 -0.01892 0.00183735 0.0231484 0.00113811 0.0137444 0.0264857 0.016212
internal_weight=698.549 25.5407 6.7193 673.008 76.0395 50.1662 596.968 18.8288 578.139 25.8733 18.8214 13.2436
internal_count=1876 60 25 1816 230 171 1586 39 1547 59 35 29
is_linear=0
shrinkage=0.03


Tree=113
num_leaves=14
num_cat=0
split_feature=44 44 24 5 23 40 44 69 9 2 57 54 60
split_gain=4.88337 15.1639 19.5843 15.8248 13.7909 13.0975 8.60665 10.7267 8.97631 8.77621 8.30902 5.64536 2.19635
threshold=6668.2548828125009 74938.707031250015 462.50000000000006 7030.2148437500009 2131.5000000000005 0.32980422675609594 3829.1250000000005 3.7417244911193852 2042991.5625000002 5617.5549316406259 1.3618807196617129 -0.19261851161718366 -0.00036040479608345771
decision_type=2 2 2 2 2 2 2 2 2 2 2 2 2
left_child=6 2 3 -2 5 -3 7 12 11 -9 -10 -8 -1
right_child=1 4 -4 -5 -6 -7 8 9 10 -11 -12 -13 -14
leaf_value=-0.052243424243281246 -0.017096741020838115 0.0050566853469749817 -0.047055961846931824 0.028290936183241407 -0.04571610246644324 -0.009616656705616216 0.0011689568842257311 -0.019702875625106288 -0.048297274491134787 0.0044160713045933511 0.022696510810417667 0.033250482345969203 -0.013891311766836209
leaf_weight=3.6112779676914215 25.363492883741856 262.32507435977459 13.758389040827749 9.4784007072448713 5.5420056134462348 69.099664971232414 6.7175720185041454 14.294583588838575 3.1668595969676963 258.47097373008728 2.7283226996660233 20.927787661552429 2.5461802780628195
leaf_count=15 89 676 62 17 25 209 17 49 14 654 6 35 8
internal_value=0.00119646 -0.00105628 -0.0167261 -0.00466336 0.00119486 0.00198835 0.00398584 0.00224702 0.0183564 0.00314109 -0.0149321 0.0255635 -0.0368716
internal_weight=698.031 385.567 48.6003 34.8419 336.967 331.425 312.464 278.923 33.5405 272.766 5.89518 27.6454 6.15746
internal_count=1876 1078 168 106 910 885 798 726 72 703 20 52 23
is_linear=0
shrinkage=0.03


Tree=114
num_leaves=12
num_cat=0
split_feature=31 27 31 1 71 31 21 27 69 56 37
split_gain=4.72417 8.53217 6.79536 15.5048 14.5545 12.9799 10.8717 7.91618 7.32968 6.33415 11.3761
threshold=-10.981309890747069 -18657.999999999996 -4.5210905075073233 73402.671875000015 1101.5195312500002 -3.1284391880035396 125.93399810791017 -51632.999999999993 20.309689521789554 -0.37083625793457026 -1.7001206278800962
decision_type=2 2 2 2 2 2 2 2 2 2 2
left_child=1 -1 3 4 -2 7 -7 -4 -5 -3 -11
right_child=2 9 5 8 -6 6 -8 -9 -10 10 -12
leaf_value=-0.028180490313965564 0.014848282960832892 0.037379765727324231 -0.010835473347958056 -0.0036160432010761238 -0.016242785249541133 0.0015575271438424253 -0.015311946165481708 0.0182691067890247 0.038228332288498465 -0.019550199213464209 0.036486274738197828
leaf_weight=3.7786609083414104 16.327162265777588 10.614833235740667 9.6590349525213224 6.0886780321598044 77.427316233515739 454.37556185573339 37.190442457795143 59.514967292547226 9.3874562978744489 7.0993007048964527 5.9911225885152737
leaf_count=14 35 15 29 17 246 1222 123 126 14 26 9
internal_value=0.00116081 0.0133568 0.00065602 -0.00618284 -0.0107963 0.00199356 0.000275129 0.0141618 0.0215719 0.0201044 0.00586696
internal_weight=697.455 27.4839 669.971 109.231 93.7545 560.74 491.566 69.174 15.4761 23.7053 13.0904
internal_count=1876 64 1812 312 281 1500 1345 155 31 50 35
is_linear=0
shrinkage=0.03


Tree=115
num_leaves=9
num_cat=0
split_feature=41 41 71 55 56 58 68 0
split_gain=4.88557 6.61812 9.6072 9.39693 7.22876 12.7073 11.7049 3.59959
threshold=3.4412982463836674 0.71380725502967846 3939008.5000000005 1.0646668672561648 0.093663390725851073 -14307.999999999998 10.210426330566408 149540.00000000003
decision_type=2 2 2 2 2 2 2 2
left_child=1 4 3 -3 5 -1 -6 -2
right_child=7 2 -4 -5 6 -7 -8 -9
leaf_value=-0.048086234738747957 0.0022814857984524836 -0.0018652343605208689 -0.048685388632200621 -0.04240335304546769 -0.047340620318400715 -0.0012730420143733023 0.005328971348933436 0.037783840627254713
leaf_weight=5.4110906869173041 5.0758815556764585 152.03342374414206 4.3185897618532172 5.3393989577889434 3.827124446630477 153.26442492008209 362.07779900729656 5.6363742351531982
leaf_count=24 13 432 19 28 17 428 907 8
internal_value=0.00112674 0.000808388 -0.00449151 -0.00325969 0.00244769 -0.00288835 0.00476988 0.0212415
internal_weight=696.984 686.272 161.691 157.373 524.58 158.676 365.905 10.7123
internal_count=1876 1855 479 460 1376 452 924 21
is_linear=0
shrinkage=0.03


Tree=116
num_leaves=15
num_cat=0
split_feature=10 20 4 23 71 51 40 49 58 38 12 21 20 5
split_gain=4.69488 8.34811 19.647 13.7958 12.9103 12.6649 19.5096 14.735 8.30958 11.829 17.7681 10.2182 11.5899 4.02657
threshold=-0.00046149999252520496 846600.71875000012 1399579.5000000002 1053.0000000000002 8944695.5000000019 -0.012512226589024065 0.97441676259040844 -0.50495269894599903 -16688.187499999996 -2.4363827705383296 731815.62500000012 602.94149780273449 274342.09375000006 787.32998657226574
decision_type=2 2 2 2 2 2 2 2 2 2 2 2 2 2
left_child=8 5 3 -3 -4 7 -7 -2 9 13 -11 12 -10 -1
right_child=1 2 4 -5 -6 6 -8 -9 11 10 -12 -13 -14 -15
leaf_value=-0.0017901707362937122 -0.0060698366989541475 0.010001903491854045 -0.048783893534210733 -0.0091502530342798868 0.025753440099392639 0.0022793065117705249 -0.021772080661101121 -0.047738951827980859 0.014941535058933406 -0.048691275753688472 0.017727000928457488 0.040865757505133014 -0.00018034695807507558 0.037037821834702479
leaf_weight=5.3063162267208117 20.707823112607002 160.14897190779448 9.805063530802725 42.765129312872887 2.6010178327560416 181.96025320142508 36.404989197850227 12.289757817983626 71.481889665126801 11.0354460477829 5.317237749695777 7.5862204432487479 124.99813372641802 4.1963515132665634
leaf_count=14 64 391 43 129 5 490 126 55 155 48 11 11 328 6
internal_value=0.0010928 -0.000630243 0.00369746 0.00595071 -0.0329148 -0.00434934 -0.00171671 -0.0216802 0.0046032 -0.0113766 -0.0269113 0.00664256 0.00530591 0.0150405
internal_weight=696.605 466.683 215.32 202.914 12.4061 251.363 218.365 32.9976 229.922 25.8554 16.3527 204.066 196.48 9.50267
internal_count=1876 1303 568 520 48 735 616 119 573 79 59 494 483 20
is_linear=0
shrinkage=0.03


Tree=117
num_leaves=13
num_cat=0
split_feature=54 1 26 67 60 12 5 46 24 12 56 56
split_gain=4.69007 6.52164 6.91066 12.3555 6.17067 16.498 12.6432 15.9216 12.6903 9.23276 3.71155 2.62503
threshold=-1.3779492378234861 7622.7866210937509 9.1567816734313983 -0.35317078232765192 0.00027992382820229983 920004.50000000012 2145069.0000000005 -0.80035269260406483 486.00000000000006 288744.48437500006 -0.7191421091556548 5.5159590244293222
decision_type=2 2 2 2 2 2 2 2 2 2 2 2
left_child=1 -1 10 -4 6 9 8 -8 -2 -6 -3 -7
right_child=4 2 3 -5 5 11 7 -9 -10 -11 -12 -13
leaf_value=-0.019778504647192219 0.0032732618853826179 0.010350578515339685 0.017899838351273116 -0.042615073889345177 -0.00036371933909774259 -0.046815125297747291 0.027951157404866245 -0.039989247196725794 -0.0094571745126336235 0.0099623076888244438 0.03823524591136563 -0.0071856981753801973
leaf_weight=5.2389667928218833 212.21644436568022 7.2450679987669018 10.631253346800801 4.2489558458328256 161.56551633775234 6.5367211848497373 3.8468793928623226 15.209498405456541 105.43463373184204 149.58349847793579 11.949995934963225 2.1994646191596985
leaf_count=19 565 17 21 22 429 29 8 67 318 357 17 7
internal_value=0.00106042 0.0111286 0.0159685 0.000418553 0.000453013 0.00344064 -0.00237644 -0.0261168 -0.000942776 0.00459083 0.0278666 -0.0371812
internal_weight=695.907 39.3142 34.0753 14.8802 656.593 319.885 336.707 19.0564 317.651 311.149 19.1951 8.73619
internal_count=1876 96 77 43 1780 822 958 75 883 786 34 36
is_linear=0
shrinkage=0.03


Tree=118
num_leaves=14
num_cat=0
split_feature=66 36 18 65 72 65 23 71 8 35 3 40 59
split_gain=4.68289 15.435 13.8471 12.5485 14.8167 13.2641 12.7608 11.3969 10.7716 10.108 8.60809 8.77821 7.54381
threshold=-1.4373244643211363 -1.5773077607154844 84.016502380371108 -1.4306903481483457 -99433.152343749985 -1.7374066710472105 145.50000000000003 3939008.5000000005 1.150150001049042 -1.6576269268989561 -25336.648437499996 0.40463475883007055 1.1876271367073061
decision_type=2 2 2 2 2 2 2 2 2 2 2 2 2
left_child=3 2 9 5 8 7 -7 -1 -5 -2 -3 -12 -4
right_child=1 10 12 4 -6 6 -8 -9 -10 -11 11 -13 -14
leaf_value=0.008405221053966936 0.018574001948305947 0.03987618106330082 -0.048563535046305062 0.023353245457178411 -0.047248082685586529 -0.038626731867119936 -0.0028242876035363129 -0.027208796611269351 0.0040593800388591082 -0.047995706312036764 0.0033105925621938941 -0.0058733218751798252 -0.0080367246088827154
leaf_weight=75.357300393283367 9.6262293457984907 5.0118145346641532 13.778781548142435 54.143406122922897 3.656032219529151 14.742691963911055 23.357083186507225 9.0320720225572568 51.02283139526844 2.5999036729335776 288.000891931355 138.76635979115963 6.1783318966627112
leaf_count=183 20 7 61 106 16 57 65 34 126 11 768 404 18
internal_value=0.00102912 -0.000703722 -0.0207495 0.0045178 0.0119351 -0.00204742 -0.0167568 0.00455795 0.0140211 0.00417249 0.00078347 0.000317349 -0.0361675
internal_weight=695.274 463.962 32.1832 231.311 108.822 122.489 38.0998 84.3894 105.166 12.2261 431.779 426.767 19.9571
internal_count=1876 1289 110 587 248 339 122 217 232 31 1179 1172 79
is_linear=0
shrinkage=0.03


Tree=119
num_leaves=11
num_cat=0
split_feature=9 13 59 55 11 35 22 17 3 56
split_gain=4.67768 5.66376 6.38061 10.2339 5.90793 4.07289 3.84354 6.33396 4.07635 4.38518
threshold=2282308.8750000005 1560412.8750000002 0.59856146574020397 -0.62139508128166188 83.069999694824233 2.1225737333297734 125602.10156250001 174.64700317382815 1288.612976074219 2.5284116268157963
decision_type=2 2 2 2 2 2 2 2 2 2
left_child=1 2 3 -1 -4 -3 7 -2 -8 -10
right_child=6 5 4 -5 -6 -7 8 -9 9 -11
leaf_value=0.023619608456659818 0.016709980450669137 -0.040968956478048588 0.00064681074623726268 -0.034131542584017939 0.016003979590642262 0.0094080605177474328 0.033637122724816226 -0.030911223915957728 -0.016121098819522856 0.027440197767845606
leaf_weight=3.6718509048223487 6.4991028457880038 4.9806247055530539 620.98076528310776 10.599405750632284 23.427716434001923 1.9109337925910947 10.306565150618555 4.0884023606777191 4.2101878076791746 4.0484282225370407
leaf_count=7 14 27 1670 50 50 6 16 16 13 7
internal_value=0.000998378 0.000478498 0.000765998 -0.0190625 0.00120978 -0.0265648 0.0127646 -0.00139576 0.0210017 0.00486968
internal_weight=694.724 665.571 658.68 14.2713 644.408 6.89156 29.1527 10.5875 18.5652 8.25862
internal_count=1876 1810 1777 57 1720 33 66 30 36 20
is_linear=0
shrinkage=0.03


Tree=120
num_leaves=10
num_cat=0
split_feature=41 41 70 31 12 31 18 18 51
split_gain=4.56312 6.40703 9.26451 11.3246 8.41188 7.11575 14.7181 8.64658 3.53567
threshold=3.4412982463836674 0.71380725502967846 974.82217407226574 -9.6018857955932599 563554.71875000012 6.988880157470704 142.6860046386719 47.418500900268562 -0.018256970681250092
decision_type=2 2 2 2 2 2 2 2 2
left_child=1 5 4 -4 -3 7 -7 -1 -2
right_child=8 2 3 -5 -6 6 -8 -9 -10
leaf_value=-0.006674125903154725 0.04536433952236598 0.00070805907093345435 0.022759630158222736 -0.0095375684455888607 0.044164711714086646 0.020363314234640547 -0.017124474746431653 0.0050815406422248608 0.0078320774408469143
leaf_weight=65.192670181393623 3.5015160441398621 11.981945618987085 10.501784630119799 132.36363831907511 6.13653340935707 12.288837879896162 39.814476162195206 405.38783252984285 7.1059904992580396
leaf_count=192 4 32 22 417 8 26 133 1025 17
internal_value=0.000969242 0.000661757 -0.0045651 -0.00714246 0.0155919 0.00227734 -0.00822521 0.00344657 0.0205042
internal_weight=694.275 683.668 160.984 142.865 18.1185 522.684 52.1033 470.581 10.6075
internal_count=1876 1855 479 439 40 1376 159 1217 21
is_linear=0
shrinkage=0.03


Tree=121
num_leaves=15
num_cat=0
split_feature=71 48 68 70 6 61 61 38 11 59 59 71 60 38
split_gain=4.4778 15.7011 14.4998 12.1951 17.4708 14.2659 19.6348 14.8113 11.6544 8.13848 16.3415 6.1203 4.95264 2.65143
threshold=792.10766601562511 -0.71844151616096485 82.192871093750014 3513.159057617188 -31211016.999999996 180.43921661376956 147.156120300293 -1.3081461191177366 67.479999542236342 1.0876369476318362 1.3252525925636294 601.00500488281261 -0.00036040479608345771 2.1317224502563481
decision_type=2 2 2 2 2 2 2 2 2 2 2 2 2 2
left_child=1 2 13 4 8 6 -5 -7 -2 11 -11 -3 -6 -1
right_child=3 9 -4 5 12 7 -8 -9 -10 10 -12 -13 -14 -15
leaf_value=-0.051114969727844579 -0.00032634170654338918 0.012683079003471619 0.02362016305133335 0.00061578522037617129 -0.01349036086670847 -0.015114944978830909 0.018358328768582701 0.0017885925881340663 -0.027234117030541231 -0.051555465286721711 0.010765852239872555 0.03696158618371001 -0.050005191950320861 -0.014769129519133775
leaf_weight=7.1691706627607328 108.84303005039692 25.01386222243309 4.4336354136466971 143.92752343416214 5.3467924445867547 64.539547115564346 92.417246297001839 167.54777757823467 16.754594877362251 4.4634546041488674 24.89187516272068 15.497165381908415 10.235255539417263 2.7610339373350143
leaf_count=31 297 56 8 396 18 204 196 452 63 19 58 24 44 10
internal_value=0.000941234 0.00742504 -0.0210603 4.04437e-05 -0.00768356 0.00237477 0.0075663 -0.00289907 -0.0039397 0.0133243 0.00118775 0.0220447 -0.0376681 -0.0413113
internal_weight=693.842 84.2302 14.3638 609.612 141.18 468.432 236.345 232.087 125.598 69.8664 29.3553 40.511 15.582 9.9302
internal_count=1876 206 49 1670 422 1248 592 656 360 157 77 80 62 41
is_linear=0
shrinkage=0.03


Tree=122
num_leaves=14
num_cat=0
split_feature=44 44 17 7 23 5 34 53 33 44 28 47 13
split_gain=4.4971 14.0006 18.8372 15.3955 12.7718 11.4653 9.50947 15.511 8.99587 7.82742 8.66096 7.34382 6.28256
threshold=6668.2548828125009 74938.707031250015 81.736499786376967 1.4979649782180788 2131.5000000000005 7030.2148437500009 -1.4165229797363279 -0.29838946461677546 1.4181744456291201 3829.1250000000005 2673.0000000000005 -0.14308018982410428 496487.76562500006
decision_type=2 2 2 2 2 2 2 2 2 2 2 2 2
left_child=6 2 3 -2 8 -4 7 -1 -3 10 -8 -11 -9
right_child=1 4 5 -5 -6 -7 9 12 -10 11 -12 -13 -14
leaf_value=-0.049741195133568665 -0.032764056969134737 0.0001637333450768282 -0.04649544622088337 0.019135707149956157 -0.044728216887380677 0.0015261215804121112 0.0040957350903732372 0.030057777421234593 0.018125266505256032 0.037591896111322839 -0.02812720299546783 0.0074144041440944199 -0.022471320780957538
leaf_weight=7.6720693409442928 7.5366876050829914 302.23250399529934 18.521763153374199 16.14725549519062 5.4256194680929175 5.7423370182514182 255.07422357797623 5.1209019571542722 27.404938504099846 11.95429201424122 7.7155723273754111 19.306321531534195 3.3617748022079468
leaf_count=33 32 828 85 35 25 16 650 9 57 18 28 48 12
internal_value=0.000913368 -0.00125539 -0.0164211 0.00249353 0.000905886 -0.035007 0.00360081 -0.0187709 0.0016661 0.00484008 0.00313825 0.0190505 0.00888628
internal_weight=693.216 383.011 47.948 23.6839 335.063 24.2641 310.205 16.1547 329.637 294.05 262.79 31.2606 8.48268
internal_count=1876 1078 168 67 910 101 798 54 885 744 678 66 21
is_linear=0
shrinkage=0.03


Tree=123
num_leaves=15
num_cat=0
split_feature=66 36 18 45 65 71 8 14 26 26 35 40 63 54
split_gain=4.4296 14.526 13.1652 12.9187 11.6375 12.6669 14.3849 11.162 9.66639 10.348 9.49544 7.69393 13.3953 10.5307
threshold=-1.4373244643211363 -1.5773077607154844 84.016502380371108 -0.89769744873046864 -1.4306903481483457 3939008.5000000005 2.3002499341964726 3438.0000000000005 2.5182135105133061 3.6582031250000004 -1.6576269268989561 0.40463475883007055 1690.2854614257815 1.9234721660614016
decision_type=2 2 2 2 2 2 2 2 2 2 2 2 2 2
left_child=4 2 10 -4 5 6 -1 -7 -6 -10 -2 13 -13 -3
right_child=1 11 3 -5 8 7 -8 -9 9 -11 -12 12 -14 -15
leaf_value=0.0064610342573631222 0.01791849101829858 0.0063038590759843648 0.0099585511197472203 -0.048365455875209136 -0.029540006060244151 -0.04658404010984387 -0.021052342589426842 0.022415749583585491 0.041026962129317029 0.010102762848589159 -0.046959576889160685 -0.024835888891877534 -0.00073188392197899197 -0.0079394264978235388
leaf_weight=88.734213754534721 9.5911214202642423 231.94074693322182 4.2888469249010113 15.412375986576079 4.8986454457044593 9.4387822002172452 21.171903885900974 2.6523965895175925 10.990597665309904 92.446501761674881 2.5661065131425884 25.416568323969841 114.59671512246132 58.341370284557343
leaf_count=219 20 596 10 69 18 43 71 6 15 215 11 87 319 177
internal_value=0.000886623 -0.00080179 -0.0203513 -0.0355164 0.00428738 -0.00204631 0.00113366 -0.0311997 0.0114475 0.0134176 0.00397748 0.000638655 -0.0051289 0.00343089
internal_weight=692.487 462.154 31.8585 19.7012 230.333 121.997 109.906 12.0912 108.336 103.437 12.1572 430.295 140.013 290.282
internal_count=1876 1289 110 79 587 339 290 49 248 230 31 1179 406 773
is_linear=0
shrinkage=0.03


Tree=124
num_leaves=12
num_cat=0
split_feature=11 67 9 51 35 66 10 39 58 14 6
split_gain=4.4509 7.02444 15.9214 21.5882 11.9145 11.7388 8.89145 6.52068 8.58656 4.4311 2.13646
threshold=83.069999694824233 3.0821785926818852 555577.59375000012 0.010138794314116241 1.9316873550415041 2.7073944807052617 7.8499997471226393e-05 3.1707791090011601 -1836.9999999999998 1860.0000000000002 -40103711.999999993
decision_type=2 2 2 2 2 2 2 2 2 2 2
left_child=1 5 4 -4 -3 6 -1 9 -9 -2 -11
right_child=7 2 3 -5 -6 -7 -8 8 -10 10 -12
leaf_value=0.0029087362442128287 -0.0009900768839626933 0.012814763490659282 -0.048414029108231921 -0.0055519287545685875 -0.024403347879701894 0.033692266767482326 -0.0067779573061815682 0.019670566661026748 -0.047691863794325259 0.012793754488861414 0.040771803905751955
leaf_weight=455.09803523123264 4.7130381613969865 38.260873690247536 15.451703250408171 34.143172658979893 9.6688937544822675 10.128771618008612 104.84474869072437 3.6356045752763748 3.1509719789028159 3.8951191306114223 8.8453622907400078
leaf_count=1187 12 86 69 105 33 18 323 8 14 9 12
internal_value=0.000860241 0.000397095 -0.00703708 -0.0189665 0.00524415 0.00167416 0.00108962 0.013492 -0.0111634 0.0232508 0.0324536
internal_weight=691.836 667.596 97.5246 49.5949 47.9298 570.072 559.943 24.2401 6.78658 17.4535 12.7405
internal_count=1876 1821 293 174 119 1528 1510 55 22 33 21
is_linear=0
shrinkage=0.03


Tree=125
num_leaves=13
num_cat=0
split_feature=68 53 57 65 69 5 59 44 71 20 22 24
split_gain=4.42758 9.15757 10.1549 17.1492 13.3643 8.59881 8.5221 8.35385 7.94503 6.97036 13.6391 10.8538
threshold=83.222057342529311 0.91690880060195934 1.0216184854507449 1.5294314026832583 84.434360504150405 3830385.0000000005 1.1631933450698855 1690552.7500000002 895.34890747070324 72727.261718750015 11861.219726562502 79.500000000000014
decision_type=2 2 2 2 2 2 2 2 2 2 2 2
left_child=1 9 4 -4 -3 6 7 -2 -8 10 -1 -11
right_child=5 2 3 -5 -6 -7 8 -9 -10 11 -12 -13
leaf_value=-0.00072534746134826969 0.0031870858126455521 0.011070087488851415 -0.038628716020361213 -0.00090640357410707944 -0.028446399739833615 -0.032487779178704379 0.033028672940613527 0.037814754228548096 -0.0066068695279247859 0.015874229777908776 -0.035983947984456588 0.0011837678199630045
leaf_weight=47.870646938681602 10.665086582303049 31.848372384905815 21.076479285955429 22.691488847136497 10.149677768349646 4.2362690567970267 5.5843346267938641 15.94286474585533 24.536285251379013 50.635044559836388 12.501835629343985 433.54449097067118
leaf_count=132 28 79 89 64 40 16 9 22 75 116 49 1157
internal_value=0.000834842 8.33509e-05 -0.00902318 -0.0191401 0.0014487 0.00855533 0.0116732 0.0240479 0.000641923 0.00152312 -0.00807633 0.00272628
internal_weight=691.283 630.318 85.766 43.768 41.9981 60.9648 56.7286 26.608 30.1206 544.552 60.3725 484.18
internal_count=1876 1726 272 153 119 150 134 50 84 1454 181 1273
is_linear=0
shrinkage=0.03


Tree=126
num_leaves=13
num_cat=0
split_feature=34 40 52 50 45 3 31 24 45 61 22 34
split_gain=4.39074 11.4059 7.17164 6.5817 17.2472 12.4652 11.259 9.45006 15.642 11.373 4.87407 6.35762
threshold=1.4595374464988711 0.088392570614814772 0.022328288294374946 0.0027829986065626149 -0.60301905870437611 2841.012573242188 4.1715118885040292 275.50000000000006 -0.81385844945907582 587.57601928710949 125602.10156250001 1.4819598197937014
decision_type=2 2 2 2 2 2 2 2 2 2 2 2
left_child=3 10 -3 7 6 -6 -5 9 -9 -1 -2 -12
right_child=1 2 -4 4 5 -7 -8 8 -10 -11 11 -13
leaf_value=-0.0039690202093222047 0.046372186121193371 -0.044667963494580132 0.01979296403282094 0.013610047413781329 -0.040449529268844493 -0.0092327469189650881 -0.015893996079042023 0.026414342660437365 0.0031260231721932578 0.030824771373914431 0.0301572157349329 -0.01502547367737082
leaf_weight=225.92325156927109 6.509665831923491 4.155750334262847 2.404760017991066 45.603802420198917 14.552143335342405 57.381401285529137 15.555086418986319 28.802057638764381 269.02869135141373 8.7695011049509031 7.6380785852670652 4.3279009461402893
leaf_count=645 8 20 5 105 62 181 52 53 703 15 13 14
internal_value=0.000810211 0.013147 -0.0205825 0.000341674 -0.00561999 -0.0155896 0.00605697 0.00183729 0.00538822 -0.00265614 0.0252864 0.0135647
internal_weight=690.652 25.0362 6.56051 665.616 133.092 71.9335 61.1589 532.524 297.831 234.693 18.4756 11.966
internal_count=1876 60 25 1816 400 243 157 1416 756 660 35 27
is_linear=0
shrinkage=0.03


Tree=127
num_leaves=13
num_cat=0
split_feature=54 1 8 27 56 31 23 59 18 49 24 28
split_gain=4.37417 6.0744 8.07715 13.8858 5.64188 17.6565 12.0798 11.6176 8.52849 16.5168 7.53129 3.23705
threshold=-1.3779492378234861 7622.7866210937509 1.226350009441376 -11830.999999999998 -0.6621933877468108 -6.234891176223754 229.50000000000003 0.71182852983474743 15.935000419616701 -0.84773948788642872 486.00000000000006 472.96875000000006
decision_type=2 2 2 2 2 2 2 2 2 2 2 2
left_child=1 -1 11 -4 5 6 -2 -7 9 -6 -10 -3
right_child=4 2 3 -5 8 7 -8 -9 10 -11 -12 -13
leaf_value=-0.019358148619686755 -0.017460340809199691 0.035564601035562485 0.019734252820896598 -0.044148026682468221 -0.00088491285502195467 0.013527407192145041 0.038325615832809329 -0.031118121490005653 0.0045534843896642115 -0.047886439106511511 -0.0025630745396682921 0.0087481351477327902
leaf_weight=5.1866495460271826 5.5207390636205664 13.825840041041376 8.7120156884193385 4.7132279574871072 25.501218795776367 6.4619650095701209 9.2685190588235837 26.080892249941826 355.16553965210915 9.2081176936626417 214.19335794448853 6.1976321935653678
leaf_count=19 18 21 17 24 72 16 14 97 921 41 601 15
internal_value=0.000786567 0.0105957 0.0153301 -0.00246957 0.000200169 -0.00976815 0.0172982 -0.0221608 0.000986208 -0.0134405 0.00187096 0.0274142
internal_weight=690.036 38.6354 33.4487 13.4252 651.4 47.3321 14.7893 32.5429 604.068 34.7093 569.359 20.0235
internal_count=1876 96 77 41 1780 145 32 113 1635 113 1522 36
is_linear=0
shrinkage=0.03


Tree=128
num_leaves=16
num_cat=0
split_feature=39 39 54 41 31 61 54 68 43 71 34 71 46 45 9
split_gain=4.29218 12.1828 13.5041 14.3323 10.9422 9.41282 22.0196 17.0181 14.8987 13.4453 12.2537 11.9295 7.29172 15.352 11.9259
threshold=1.5854570269584658 2.0604897737503056 -0.41956053674221033 0.31262107193470007 -3.6114953756332393 173.34723663330081 1.7521412968635561 82.192871093750014 24921294.000000004 792.10766601562511 -1.4723619222640989 699.86676025390636 -0.3226765096187591 -0.69238355755805958 849923.09375000012
decision_type=2 2 2 2 2 2 2 2 2 2 2 2 2 2 2
left_child=5 12 3 -3 -4 6 8 -8 -1 11 -11 -7 13 -2 -14
right_child=1 2 4 -5 -6 9 7 -9 -10 10 -12 -13 14 -15 -16
leaf_value=0.012242730218932298 0.020707709250110472 -0.044685053667929374 -0.025324986884749441 0.0026774851221847101 0.0074611729384736862 0.0026974186628114052 -0.02949275597127558 0.020492244948255488 -0.047098265532834895 -0.047524097245368692 -0.0051428057598079946 0.037086841111580858 0.00074746836218196589 -0.034359593543749019 0.038134389776011107
leaf_weight=131.39510124176741 13.703918293118479 11.594970896840097 10.131317839026449 11.184997476637362 93.18630462884903 41.485586769878864 24.447327375411987 8.1092654168605787 3.9025088697671881 6.2981487661600104 281.29581816494465 11.707497045397757 12.012173339724539 6.8155026361346236 22.132105469703674
leaf_count=305 28 47 35 30 236 108 92 16 18 28 823 18 32 27 33
internal_value=0.000763309 0.00473609 -0.000368529 -0.0212983 0.00421713 -0.000642642 0.00516515 -0.0169502 0.0105089 -0.00351206 -0.00608136 0.0103227 0.0165662 0.00227096 0.0250693
internal_weight=689.403 180.761 126.098 22.78 103.318 508.641 167.854 32.5566 135.298 340.787 287.594 53.1931 54.6637 20.5194 34.1443
internal_count=1876 468 348 77 271 1408 431 108 323 977 851 126 120 55 65
is_linear=0
shrinkage=0.03


Tree=129
num_leaves=11
num_cat=0
split_feature=9 13 59 55 11 8 50 64 35 24
split_gain=4.24121 5.13837 5.86858 9.82141 5.29924 4.22442 5.28672 8.25577 3.96455 2.85531
threshold=2282308.8750000005 1560412.8750000002 0.59856146574020397 -0.62139508128166188 83.069999694824233 1.5521000027656557 -0.00077396773849613954 1885.487243652344 2.1225737333297734 961.00000000000011
decision_type=2 2 2 2 2 2 2 2 2 2
left_child=1 2 3 -1 -4 6 -2 -8 -3 -7
right_child=5 8 4 -5 -6 9 7 -9 -10 -11
leaf_value=0.023171713126671309 0.021368386453117689 -0.040362412281155238 0.00041315965430423576 -0.033666056901128387 0.015110243011041887 0.010189224411657727 0.0099917669377286179 -0.04927779899975105 0.0097365778368203072 0.038649181170887732
leaf_weight=3.6515068411827079 6.6184843033552161 4.8352437466382971 616.25694034993649 10.380816668272017 22.928374409675598 6.854460805654524 5.0355915129184741 3.5742921829223633 1.890899062156677 6.5603860467672348
leaf_count=7 13 27 1670 50 50 16 12 16 6 9
internal_value=0.000741298 0.00024615 0.00051927 -0.0186619 0.000945056 0.0120448 0.0010249 -0.0142649 -0.0258322 0.0243309
internal_weight=688.587 659.944 653.218 14.0323 639.185 28.6432 15.2284 8.60988 6.72614 13.4148
internal_count=1876 1810 1777 57 1720 66 41 28 33 25
is_linear=0
shrinkage=0.03


Tree=130
num_leaves=11
num_cat=0
split_feature=34 7 63 0 4 48 23 37 22 43
split_gain=4.22149 8.13722 6.40227 8.81365 8.59249 8.22002 6.73634 6.30557 5.18179 8.21374
threshold=1.4595374464988711 1.4979649782180788 144.08512115478518 10663.500000000002 57833.388671875007 -1.1805691123008726 852.00000000000011 2.7979086637496953 125602.10156250001 223679.78125000003
decision_type=2 2 2 2 2 2 2 2 2 2
left_child=2 8 6 4 -4 -5 -1 -3 -2 -10
right_child=1 7 3 5 -6 -7 -8 -9 9 -11
leaf_value=-0.048586951625679338 0.044160984669787559 -0.046590875415258796 -0.0032497480485709084 -0.023126172495981985 0.031023720110811195 0.00038707283080140236 0.0053546247323658352 0.016360443414647589 -0.024921364427150518 0.02722525030897598
leaf_weight=4.8866049498319608 6.5309348851442399 3.184102550148963 10.755759194493296 13.677706763148306 16.392660066485405 614.12658254057169 3.4726172536611557 2.5111303627490997 3.9127674251794806 8.6543412208557111
leaf_count=21 8 15 31 48 29 1678 9 6 15 16
internal_value=0.000719987 0.0128765 0.000261078 0.000598526 0.0173346 -0.000120422 -0.0258195 -0.0183078 0.0223331 0.0107507
internal_weight=688.105 24.7933 663.312 654.953 27.1484 627.804 8.35922 5.69523 19.098 12.5671
internal_count=1876 60 1816 1786 60 1726 30 21 39 31
is_linear=0
shrinkage=0.03


Tree=131
num_leaves=15
num_cat=0
split_feature=43 71 18 10 40 70 71 55 70 41 56 56 7 3
split_gain=4.2439 9.98835 9.12565 9.00362 16.2928 15.5089 14.0818 12.5239 14.1712 12.2008 8.9719 11.6845 7.53238 5.07897
threshold=420.10501098632818 1292652.8125000002 6425.7998046875009 -0.00042450000182725484 -0.88224416971206654 8555844.0000000019 895.34890747070324 0.98090714216232311 3817020.7500000005 -1.8444297909736631 0.28889268636703497 -0.31689795851707453 1.9203232526779177 -1226.8749999999998
decision_type=2 2 2 2 2 2 2 2 2 2 2 2 2 2
left_child=1 2 12 7 5 -5 -6 9 -9 -2 11 -3 -1 -12
right_child=3 10 -4 4 6 -7 -8 8 -10 -11 13 -13 -14 -15
leaf_value=-0.0084483827940305765 -0.035491585273063911 0.027187964043405326 0.042187826373964364 -0.028423209548903299 0.022822044082231353 0.037935379704885017 -0.0030551193129987279 -0.048276872522093416 0.016614164930711509 0.007836639198310456 5.5771671144728014e-05 -0.04900869580247643 0.0065143479810614397 0.034090174857509273
leaf_weight=56.922960937023163 6.0231465250253668 3.6659930348396301 4.6840873062610617 34.132661774754524 20.335825569927692 3.4574179500341407 270.77158656716347 8.1292642056941968 4.7403469234704962 180.39084158092737 5.0606129467487362 3.5397693365812293 64.633862644433975 21.304611906409264
leaf_count=172 23 7 6 135 40 6 783 37 10 433 13 16 161 34
internal_value=0.000698693 0.00498401 0.00109118 -0.000592725 -0.00364814 -0.0222399 -0.00123712 0.00443182 -0.024142 0.00642059 0.0195333 -0.00982666 -0.000467761 0.0276713
internal_weight=687.793 159.812 126.241 527.981 328.697 37.5901 291.107 199.284 12.8696 186.414 33.571 7.20576 121.557 26.3652
internal_count=1876 409 339 1467 964 141 823 503 47 456 70 23 333 47
is_linear=0
shrinkage=0.03


Tree=132
num_leaves=13
num_cat=0
split_feature=54 60 47 14 12 72 12 9 1 8 27 28
split_gain=4.23715 5.64944 13.5867 18.3319 11.4502 10.4464 8.22029 6.35976 5.62701 7.70802 13.1415 3.13664
threshold=-1.3779492378234861 1.0000000180025095e-35 -1.199880003929138 3359.5000000000005 920004.50000000012 396568.18750000006 288744.48437500006 2246141.2500000005 7622.7866210937509 1.226350009441376 -11830.999999999998 472.96875000000006
decision_type=2 2 2 2 2 2 2 2 2 2 2 2
left_child=8 2 3 -2 6 -4 -3 -6 -1 11 -11 -10
right_child=1 4 5 -5 7 -7 -8 -9 9 10 -12 -13
leaf_value=-0.018534480123810242 -0.034558862567838883 -0.00080368364522661803 8.1490951898556364e-05 0.01688062360963995 -0.045898162297808166 -0.045240885530371332 0.0087091635779772102 0.004414026592357575 0.034968787509486898 0.019075765378850518 -0.04359882480801771 0.0084634203422437951
leaf_weight=5.1446491330862036 24.008702993392944 168.90023729205132 275.51833195239305 8.3350607603788358 6.6238335371017438 4.6523265838623038 157.50989297032356 3.2766726464033127 13.619568556547167 8.6373670548200572 4.6128106862306604 6.1714209020137778
leaf_count=19 93 454 769 19 30 21 385 9 21 17 24 15
internal_value=0.000678638 0.000102405 -0.00279678 -0.02121 0.00280538 -0.000660394 0.00377757 -0.0289438 0.010391 0.0149856 -0.00251685 0.0268552
internal_weight=687.011 648.825 312.514 32.3438 336.311 280.171 326.41 9.90051 38.1858 33.0412 13.2502 19.791
internal_count=1876 1780 902 112 878 790 839 39 96 77 41 36
is_linear=0
shrinkage=0.03


Tree=133
num_leaves=11
num_cat=0
split_feature=58 4 40 44 71 10 50 34 46 52
split_gain=4.19567 14.4095 11.819 16.3037 16.1248 10.927 10.4087 9.11903 8.38531 3.78861
threshold=3546.0000000000005 9550258.0000000019 -1.7361447811126707 1644.6149902343752 926005.53125000012 0.001355000014882535 0.0027829986065626149 1.4595374464988711 0.99099609255790722 0.018182913772761825
decision_type=2 2 2 2 2 2 2 2 2 2
left_child=5 2 3 -2 -4 6 8 -8 -1 -7
right_child=1 -3 4 -5 -6 9 7 -9 -10 -11
leaf_value=0.001133879895156748 0.013763560247273687 -0.045308465280527524 -0.00036343092971932939 -0.047379890539198929 0.015612500214908403 0.0030679420805653922 -0.023209168658674728 0.021626330061731716 -0.012355869223312475 0.037916154202585227
leaf_weight=337.92406149208546 6.9549027979373923 5.2665422260761252 131.30322010070086 8.8386667594313604 99.812728494405746 4.5033426135778418 31.441394530236721 4.62340985238552 47.251418963074684 8.4336645901203138
leaf_count=910 16 25 361 41 227 12 114 9 149 12
internal_value=0.000658723 0.0037392 0.00479753 -0.0202646 0.00652316 -0.00112355 -0.00196422 -0.0173782 -0.000513187 0.0260175
internal_weight=686.353 252.176 246.91 15.7936 231.116 434.177 421.24 36.0648 385.175 12.937
internal_count=1876 670 645 57 588 1206 1182 123 1059 24
is_linear=0
shrinkage=0.03


Tree=134
num_leaves=10
num_cat=0
split_feature=41 41 3 1 51 38 51 12 31
split_gain=4.19323 6.10732 8.97311 12.8687 12.1785 6.90475 13.2718 8.32896 3.89121
threshold=3.4412982463836674 0.71380725502967846 -4222.1520996093741 23770.243164062504 0.0039690537378191957 -2.7986658811569209 -0.01470107492059469 294905.71875000006 -2.0885152816772456
decision_type=2 2 2 2 2 2 2 2 2
left_child=1 5 3 -3 -4 7 -7 -1 -2
right_child=8 2 4 -5 -6 6 -8 -9 -10
leaf_value=0.025521941047708913 0.040720347720237866 -0.047207242755102609 0.0049125821397592289 -0.0079170191423791458 -0.0201837064254652 -0.016016353577049978 0.0025446181443398528 -0.015621368696956066 0.0030741875664012149
leaf_weight=20.998219266533855 4.4751552194356918 9.3439764231443387 88.283288307487965 39.667258687317371 21.675260424613953 37.526404201984406 452.3910743445158 5.5158425122499457 5.9446887820959073
leaf_count=40 6 42 230 121 86 126 1192 18 15
internal_value=0.000639297 0.000343409 -0.00479297 -0.0154689 -7.16804e-06 0.00193032 0.00111677 0.0168496 0.0195305
internal_weight=685.821 675.401 158.97 49.0112 109.959 516.432 489.917 26.5141 10.4198
internal_count=1876 1855 479 163 316 1376 1318 58 21
is_linear=0
shrinkage=0.03


Tree=135
num_leaves=14
num_cat=0
split_feature=61 36 58 46 22 58 46 24 24 18 14 3 36
split_gain=4.14667 10.3563 17.2265 8.91451 6.52737 11.9755 11.3341 8.79186 17.5932 13.4092 4.09842 3.31264 3.66872
threshold=516.01684570312511 -1.2792893648147581 -1405.9999999999998 1.8708937764167788 -286081.74999999994 8234.0000000000018 -0.80035269260406483 275.50000000000006 486.00000000000006 156.04850006103518 3142.0000000000005 -613.91000366210926 -2.1403872966766353
decision_type=2 2 2 2 2 2 2 2 2 2 2 2 2
left_child=4 11 -3 -4 5 6 -1 9 -9 -6 -7 12 -2
right_child=1 2 3 -5 7 10 -8 8 -10 -11 -12 -13 -14
leaf_value=0.011413041714357105 0.037996654166304239 0.026241793759221498 -0.042954152559726261 0.018354996588153476 0.0014670898888042969 0 -0.025589378290204187 0.013417960991231201 -0.0010864880517916767 -0.012854660278319517 0.037197509329720352 0.048182749676317464 0.0030960122024015942
leaf_weight=9.5115233063697797 4.954619601368905 9.4991175681352633 8.8498838841915113 2.7348267436027518 188.42398395389318 5.2989271432161313 32.825618572533131 120.02022618055344 200.94143879413605 85.366802118718624 5.2521539330482483 5.2198771238327017 6.44591148197651
leaf_count=24 7 17 37 6 514 14 124 277 555 270 8 6 17
internal_value=0.000620298 0.0102921 -0.00354147 -0.0282218 5.25943e-05 -0.0100423 -0.0172055 0.000955322 0.00432795 -0.00298741 0.0184165 0.0280212 0.0185268
internal_weight=685.345 37.7042 21.0838 11.5847 647.641 52.8882 42.3371 594.752 320.962 273.791 10.5511 16.6204 11.4005
internal_count=1876 90 60 43 1786 170 148 1616 832 784 22 30 24
is_linear=0
shrinkage=0.03


Tree=136
num_leaves=13
num_cat=0
split_feature=6 69 60 10 22 1 30 54 51 2 53 45
split_gain=4.14676 20.9847 20.5814 5.96596 14.1512 11.5253 8.42443 8.29873 16.0201 11.5468 3.59164 1.31407
threshold=-974768.53124999988 85.485301971435561 -0.00022169425210449842 -0.00026050000451505179 -219024.94531249997 69773.542968750015 3600.0725097656255 -0.93243217468261708 0.0079339477233588713 5617.5549316406259 -1.0000000180025095e-35 0.72946125268936168
decision_type=2 2 2 2 2 2 2 2 2 2 2 2
left_child=3 2 -2 7 5 -5 -6 8 -1 -9 -4 -3
right_child=1 11 10 4 6 -7 -8 9 -10 -11 -12 -13
leaf_value=0.015572690294219406 -0.047297322813043705 -0.049825085779673164 0.011250742134685599 -0.041458640689234119 0.00012557148976009226 0.017906059870928966 -0.02044243587433834 -0.023427082677098525 -0.047938241132371058 0.0017838696154527541 0.041890321536812443 -0.018174071670315511
leaf_weight=63.924566142261028 3.1170690506696763 3.7471143305301657 4.751879885792742 14.215053871273996 223.64044526219368 3.6329472810029975 19.458543308079243 17.259137324988842 3.7661160528659812 308.98019781708717 16.056635379791253 2.2585420310497284
leaf_count=142 14 16 11 64 620 8 77 61 17 817 21 8
internal_value=0.000602661 0.0115232 0.0241854 9.89551e-05 -0.00341442 -0.0292069 -0.00150843 0.0024339 0.0119948 0.000440931 0.0350376 -0.0384216
internal_weight=684.808 29.9312 23.9256 654.877 260.947 17.848 243.099 393.93 67.6907 326.239 20.8085 6.00566
internal_count=1876 70 46 1806 769 72 697 1037 159 878 32 24
is_linear=0
shrinkage=0.03


Tree=137
num_leaves=15
num_cat=0
split_feature=43 71 18 56 54 10 40 71 31 55 41 50 31 3
split_gain=4.02428 9.36059 8.67203 8.43144 13.9822 8.29376 14.9381 13.1805 11.9875 11.6871 11.3806 10.9721 7.335 4.81687
threshold=420.10501098632818 1292652.8125000002 6425.7998046875009 0.28889268636703497 0.39457528293132788 -0.00042450000182725484 -0.88224416971206654 895.34890747070324 6.5652916431427011 0.98090714216232311 -1.8444297909736631 0.0079014231450855749 -6.6649160385131827 -1226.8749999999998
decision_type=2 2 2 2 2 2 2 2 2 2 2 2 2 2
left_child=1 2 12 4 -3 9 8 -8 -7 10 -2 -11 -1 -5
right_child=5 3 -4 13 -6 6 7 -9 -10 11 -12 -13 -14 -15
leaf_value=-0.025619932990431093 -0.034560691268899289 -0.048879661016673133 0.041295013959409287 0 0.035176255961980554 -0.028977780066645895 0.022039432749521842 -0.0030723411846455047 0.017377869422064082 -0.040558142431530109 0.007446341963002286 0.022035139454567979 0.0016289605708947389 0.033120054448150117
leaf_weight=9.6569352000951749 5.9762859046459189 3.8430639803409568 4.6309132575988761 5.042842090129855 3.2904005646705627 31.239482864737511 20.208521410822868 269.49745865166187 5.896794229745864 9.3159328550100309 179.54893177002668 3.3872798830270758 111.40045602619648 21.121779456734657
leaf_count=34 23 17 6 13 6 126 40 783 15 40 433 7 299 34
internal_value=0.000584797 0.0047688 0.000996835 0.0189165 -0.00968726 -0.000676367 -0.00361759 -0.00131031 -0.0215363 0.00415803 0.00607701 -0.0236316 -0.000519944 0.0268297
internal_weight=684.057 158.986 125.688 33.2981 7.13346 525.071 326.842 289.706 37.1363 198.228 185.525 12.7032 121.057 26.1646
internal_count=1876 409 339 70 23 1467 964 823 141 503 456 47 333 47
is_linear=0
shrinkage=0.03


Tree=138
num_leaves=15
num_cat=0
split_feature=39 54 50 22 39 10 61 54 26 71 39 48 34 61
split_gain=4.03157 11.3414 18.9149 11.8016 9.088 10.3245 8.70856 20.1531 14.4659 12.4006 12.2319 11.9464 11.4476 5.787
threshold=1.5854570269584658 -0.19261851161718366 -0.0046656024642288676 242226.95312500003 1.9120154380798342 -0.00049549998948350538 173.34723663330081 1.7521412968635561 17.381077766418461 792.10766601562511 -0.50049319863319386 -0.71844151616096485 -1.4723619222640989 188.1010437011719
decision_type=2 2 2 2 2 2 2 2 2 2 2 2 2 2
left_child=6 2 -2 -4 13 -6 7 10 -9 11 -1 -8 -11 -3
right_child=1 4 3 -5 5 -7 9 8 -10 12 -12 -13 -14 -15
leaf_value=-0.012587900647874515 -0.051056872047674021 0.010224286837644203 0.013258831015968175 -0.021778281946931363 0.016735687843854097 -0.0025728533260261804 -0.021634202292068899 -0.0035832313225836947 -0.048234843143048552 -0.046470569578441458 0.013571063443572985 0.016264283470334536 -0.0051415642462475791 0.037670221148804611
leaf_weight=18.567625507712364 7.7935143113136283 14.354575410485269 23.476957000792027 13.698114261031149 40.079621106386185 65.377700880169868 8.9691879004240018 22.935729146003723 9.2261478602886182 6.1872661560773841 115.73255357146263 43.806126609444618 279.03192076086998 14.065233901143072
leaf_count=61 34 34 56 47 84 192 32 67 41 28 262 94 823 21
internal_value=0.000568021 0.00444071 -0.00856057 0.000267803 0.00883018 0.00473701 -0.000799022 0.00480999 -0.0164855 -0.00357033 0.00993213 0.00976657 -0.00604863 0.0239131
internal_weight=683.302 178.846 44.9686 37.1751 133.877 105.457 504.457 166.462 32.1619 337.995 134.3 52.7753 285.219 28.4198
internal_count=1876 468 137 103 331 276 1408 431 108 977 323 126 851 55
is_linear=0
shrinkage=0.03


Tree=139
num_leaves=13
num_cat=0
split_feature=6 69 60 44 70 10 8 34 53 48 53 45
split_gain=4.04602 19.8905 19.5452 5.56207 10.9604 12.6904 11.4193 8.66558 13.9191 7.57316 3.44359 1.28735
threshold=-974768.53124999988 85.485301971435561 -0.00022169425210449842 6668.2548828125009 3915.146850585938 -0.00049549998948350538 2.7710499763488774 -1.4165229797363279 -0.29838946461677546 -0.84184509515762318 -1.0000000180025095e-35 0.72946125268936168
decision_type=2 2 2 2 2 2 2 2 2 2 2 2
left_child=3 2 -2 7 6 -6 -5 8 -1 -9 -4 -3
right_child=1 11 10 4 5 -7 -8 9 -10 -11 -12 -13
leaf_value=-0.048291820339818263 -0.046438333224106093 -0.048774865356431725 0.011073598328841789 -0.039568723010483579 0.0091622692406657363 -0.0045480028030056444 0.0039245202697109089 -0.0074909998076652757 0.0080235688827493892 0.0062063918420573252 0.041124018614506097 -0.017387289684143867
leaf_weight=7.4905356019735327 3.070441007614142 3.7070747017860404 4.7540102154016575 13.948359981179239 80.885199807584286 243.6417880281806 8.7070068269968015 42.392309054732323 8.1995980441570264 247.5400805324316 15.900885462760918 2.2555410414934158
leaf_count=33 14 16 11 63 191 729 25 126 21 618 21 8
internal_value=0.000550958 0.0113829 0.0237706 5.37509e-05 -0.0025397 -0.00112161 -0.0227208 0.00300969 -0.0186704 0.00419329 0.0343527 -0.0374047
internal_weight=682.493 29.688 23.7253 652.805 347.182 324.527 22.6554 305.623 15.6901 289.932 20.6549 5.96262
internal_count=1876 70 46 1806 1008 920 88 798 54 744 32 24
is_linear=0
shrinkage=0.03


Tree=140
num_leaves=14
num_cat=0
split_feature=31 21 58 53 31 31 72 31 37 11 60 37 55
split_gain=3.99815 7.93227 8.16039 6.28758 6.10485 14.3322 13.2237 11.4513 11.1292 10.862 9.89944 5.33267 1.36793
threshold=-10.981309890747069 -66.758998870849595 4844.0625000000009 0.25541736185550695 -4.5210905075073233 -5.7231018543243399 -2332578.3749999995 -3.1284391880035396 -2.177862167358398 19.364999771118168 -0.0014996443060226736 -1.8814530968666074 0.084891058504581465
decision_type=2 2 2 2 2 2 2 2 2 2 2 2 2
left_child=1 2 12 11 5 8 -7 9 -2 -6 -9 -3 -1
right_child=4 3 -4 -5 7 6 -8 10 -10 -11 -12 -13 -14
leaf_value=-0.051765663081693496 0.0097269476718255081 -0.015798811385111539 0.019946057779094778 0.042189599048362433 -0.030039549353860891 0.0083068213025213455 -0.038542521355353673 -0.0078019126965623922 -0.012789143958784969 0.016300695277833746 0.0021877783841287475 0.029637611212837832 -0.016689781055660734
leaf_weight=2.7848864942789096 45.077721238136292 4.7328985333442706 4.0525655448436737 8.5293097421526891 4.8668545186519614 7.3952380269765881 19.377856813371181 118.47150273621082 35.168402835726738 62.682814568281174 362.04992111027241 4.5001386851072311 2.0537121444940567
leaf_count=12 109 16 8 12 18 17 76 369 110 137 976 8 8
internal_value=0.000534589 0.011925 -0.0109777 0.0235581 6.65715e-05 -0.00648244 -0.0254898 0.00135084 -0.000103496 0.0129175 -0.000268915 0.00602177 -0.0374979
internal_weight=681.744 26.6535 8.89116 17.7623 655.09 107.019 26.7731 548.071 80.2461 67.5497 480.521 9.23304 4.8386
internal_count=1876 64 28 36 1812 312 93 1500 219 155 1345 24 20
is_linear=0
shrinkage=0.03


Tree=141
num_leaves=13
num_cat=0
split_feature=54 56 31 23 59 18 49 49 14 44 8 21
split_gain=3.98798 5.32248 15.9753 11.2783 10.6071 7.54425 15.2994 7.09755 4.29242 4.6826 7.22509 2.74721
threshold=-1.3779492378234861 -0.6621933877468108 -6.234891176223754 229.50000000000003 0.71182852983474743 15.935000419616701 -0.84773948788642872 -0.48194186389446253 3512.0000000000005 1644.6149902343752 1.226350009441376 -77.462501525878892
decision_type=2 2 2 2 2 2 2 2 2 2 2 2
left_child=8 2 3 -2 -4 6 -3 -7 9 11 -11 -1
right_child=1 5 4 -5 -6 7 -8 -9 -10 10 -12 -13
leaf_value=0.01236006677585578 -0.017495802190701952 -0.00086638841552466562 0.012670972452227661 0.036776229120403466 -0.030225663246060248 0.0057491806376366123 -0.046603374270298592 -0.0011416947214764413 -0.020127216523480668 0.013233198213597213 -0.031672903412916981 0.039801413986284839
leaf_weight=6.7547018527984619 5.4667684286832801 25.269277408719063 6.3838447928428641 9.0847401916980726 25.792123779654503 221.48989985138178 8.9687276482582075 341.33681938797235 3.7420480772852889 15.663431614637377 4.0419254302978507 7.2461445629596692
leaf_count=17 18 72 16 14 97 562 41 960 17 37 15 10
internal_value=0.000518782 -3.01658e-05 -0.0097852 0.0161809 -0.0216216 0.000728258 -0.0129349 0.00156475 0.0100361 0.0134739 0.0038699 0.0267766
internal_weight=681.24 643.792 46.7275 14.5515 32.176 597.065 34.238 562.827 37.4483 33.7062 19.7054 14.0008
internal_count=1876 1780 145 32 113 1635 113 1522 96 79 52 27
is_linear=0
shrinkage=0.03


Tree=142
num_leaves=13
num_cat=0
split_feature=61 38 41 22 58 59 24 24 18 23 13 14
split_gain=3.85324 10.1264 8.59405 6.19792 10.8848 12.5181 8.01702 16.4608 12.4357 5.24213 4.35034 3.88393
threshold=516.01684570312511 0.95199960470199596 1.0861398577690127 -286081.74999999994 8234.0000000000018 1.7918722033500674 275.50000000000006 486.00000000000006 156.04850006103518 189.50000000000003 602730.21875000012 3142.0000000000005
decision_type=2 2 2 2 2 2 2 2 2 2 2 2
left_child=3 2 9 4 5 -1 8 -8 -5 -2 -3 -6
right_child=1 10 -4 6 11 -7 7 -9 -10 -11 -12 -13
leaf_value=-0.022819881577146331 -0.0082073674726004815 -0.049721054643249753 -0.023789471872058869 0.0013606308073909521 -0.00026885685812026662 0.028100322044317252 0.012891941453303956 -0.001182252965282372 -0.012476282406594897 0.028352052322177922 0.00071274594475154954 0.035741552656704187
leaf_weight=36.969590924680233 4.0192125737667146 3.1855918020009986 4.0266295224428168 187.24835074692965 5.2758634984493238 4.8737767040729514 119.19475243985653 199.8746912330389 84.794638700783253 23.256951108574867 2.7565661370754242 5.184695690870285
leaf_count=138 12 14 15 514 14 10 277 555 270 42 7 8
internal_value=0.000503311 0.0098853 0.016759 -3.51142e-05 -0.009938 -0.0168172 0.000836056 0.00406604 -0.00294125 0.0228549 -0.02582 0.0172926
internal_weight=680.661 37.245 31.3028 643.416 52.3039 41.8434 591.112 319.069 272.043 27.2762 5.94216 10.4606
internal_count=1876 90 69 1786 170 148 1616 832 784 54 21 22
is_linear=0
shrinkage=0.03


Tree=143
num_leaves=12
num_cat=0
split_feature=9 13 11 27 14 61 8 36 14 57 24
split_gain=3.93309 4.70795 5.12038 9.19785 6.27469 3.93387 3.85224 5.04046 6.59493 4.90331 2.75243
threshold=2282308.8750000005 1560412.8750000002 83.069999694824233 50871.000000000007 1820.0000000000002 357.57339477539068 1.5521000027656557 -0.39608277380466456 1874.0000000000002 1.4268314242362978 961.00000000000011
decision_type=2 2 2 2 2 2 2 2 2 2 2
left_child=1 2 3 -1 -4 -3 7 9 -9 -2 -8
right_child=6 5 4 -5 -6 -7 10 8 -10 -11 -12
leaf_value=0.00051609865807503131 -0.04672018200392998 -0.039785950391750563 -0.0078188976693953291 -0.017900268487766068 0.025561426024893395 0.011102075494716007 0.0093760843174176163 0.037958998098566836 -0.012084536765457277 0.0091400718410661486 0.037648241433000648
leaf_weight=597.60608584433794 3.1101490557193747 4.7427456006407729 7.4743303805589703 25.442161493003368 15.018730208277701 1.8062310293316839 6.7233383953571302 5.0436659604311007 4.3478524535894394 2.4560291916131973 6.3804908990859985
leaf_count=1638 14 27 22 89 28 6 16 7 14 6 9
internal_value=0.00048831 1.0458e-05 0.000271805 -0.000231118 0.0143359 -0.0252928 0.0114857 0.000872613 0.0144716 -0.0215333 0.0233712
internal_weight=680.152 652.09 645.541 623.048 22.4931 6.54898 28.0615 14.9577 9.39152 5.56618 13.1038
internal_count=1876 1810 1777 1727 50 33 66 41 21 20 25
is_linear=0
shrinkage=0.03


Tree=144
num_leaves=16
num_cat=0
split_feature=40 10 69 2 61 10 50 62 43 45 33 72 56 57 2
split_gain=3.87777 13.5997 11.8811 11.2181 16.9218 10.9789 10.3977 9.89375 8.51389 14.1094 10.1366 8.36321 8.22189 10.8833 8.16967
threshold=0.40463475883007055 -0.00019699999393196774 93.166805267333999 11804.171386718752 587.57601928710949 -0.00063750002300366748 0.0039762374944984922 1575.934509277344 756.90496826171886 0.31410922110080725 1.4461054205894472 -2500725.2499999995 0.35748802125453955 0.73447352647781383 9664.5708007812518
decision_type=2 2 2 2 2 2 2 2 2 2 2 2 2 2 2
left_child=8 3 7 4 -2 -5 -4 -3 12 11 -11 -10 13 -1 -14
right_child=1 2 6 5 -6 -7 -8 -9 9 10 -12 -13 14 -15 -16
leaf_value=0.020641714993744627 -0.029556698250390194 0.01105301363460953 0.028344075704458866 -0.014790495929718966 0.026135003013696895 0.0081170822028876228 -0.029044385657772752 -0.029671569270663962 -0.02062646712670025 -0.013236992608417675 0.02435704549834769 0.004592975716161133 0.038334149751543638 -0.015403719839448807 0.010995634625045386
leaf_weight=12.20953503996134 20.723366014659408 6.2058091908693305 8.6248525679111463 22.092338353395462 6.3807266205549231 125.09463232755661 4.1992498338222495 35.556605286896229 12.357737533748148 82.377125687897205 6.9524380266666403 262.32931695878506 13.106116101145743 19.657966762781143 41.816917926073074
leaf_count=28 76 15 17 68 12 303 17 136 44 275 13 689 20 62 101
internal_value=0.000474177 -0.00270029 -0.0157718 0.00137639 -0.0163353 0.00465834 0.0093183 -0.0235481 0.00209253 7.11263e-05 -0.0102775 0.00344747 0.0105361 -0.00149934 0.017574
internal_weight=679.685 228.878 54.5865 174.291 27.1041 147.187 12.8241 41.7624 450.807 364.017 89.3296 274.687 86.7905 31.8675 54.923
internal_count=1876 644 185 459 88 371 34 151 1232 1021 288 733 211 90 121
is_linear=0
shrinkage=0.03


Tree=145
num_leaves=9
num_cat=0
split_feature=63 62 53 54 26 60 59 49
split_gain=3.88621 8.31865 7.23364 5.46994 6.96675 6.04632 5.0455 5.85236
threshold=144.08512115478518 188.72530364990237 0.48228888213634497 -1.3779492378234861 9.1567816734313983 1.0000000180025095e-35 1.3252525925636294 -0.55228742957115162
decision_type=2 2 2 2 2 2 2 2
left_child=2 6 -1 4 -3 -5 7 -2
right_child=1 3 -4 5 -6 -7 -8 -9
leaf_value=-0.046167308206611177 0.026457687056342827 0.023036615515686313 0.0071751565295581484 -0.0035001122410827827 -0.0035862539893688648 0.0024300162680518296 0.041401613308007339 -0.026412612923439195
leaf_weight=4.4877691268920881 4.9261056631803513 20.558316141366959 4.5014999508857727 299.88808731734753 15.226390838623045 319.38979180157185 7.0390914678573608 3.0168786048889142
leaf_count=20 10 41 11 880 49 844 10 11
internal_value=0.000460447 0.000727635 -0.0191216 0.000217489 0.0116248 -0.000436831 0.0228326 0.00599897
internal_weight=679.034 670.045 8.98927 655.063 35.7847 619.278 14.9821 7.94298
internal_count=1876 1845 31 1814 90 1724 31 21
is_linear=0
shrinkage=0.03


Tree=146
num_leaves=13
num_cat=0
split_feature=66 36 45 24 72 29 15 67 3 37 60 44
split_gain=3.93716 13.2891 12.1088 12.8864 10.5102 15.0918 14.2737 9.70096 7.66622 6.55119 1.93571 1.4782
threshold=-1.4373244643211363 -1.5773077607154844 -0.89769744873046864 124.50000000000001 -45722.242187499993 1553.309020996094 1580.0000000000002 -2.0080063343048091 -25336.648437499996 -1.8350492119789121 0.0026631031651049857 459188.51562500006
decision_type=2 2 2 2 2 2 2 2 2 2 2 2
left_child=4 2 -2 -4 5 9 -7 10 -9 -1 -3 -6
right_child=1 7 3 -5 11 6 -8 8 -10 -11 -12 -13
leaf_value=0.01356235543406996 0.016119700146469768 -0.048773137244061245 -0.00263502103419161 -0.047341321345431592 -0.046106051506015801 -0.048888051380548539 0.002429983531019946 0.038204674153904855 0.00035238199580092428 0.040469088406387507 -0.01280444602877632 -0.013701094954937843
leaf_weight=30.230034440755844 6.4739423543214825 4.1344460844993582 9.7644966095685977 14.855762407183645 3.9419406205415717 5.0173721611499777 172.73420917987823 4.8760732412338248 410.49399157613516 11.475789770483969 2.3857764303684235 2.3264691084623337
leaf_count=67 14 18 28 68 18 22 456 7 1146 16 8 8
internal_value=0.000446895 -0.00116102 -0.0200894 -0.0297325 0.00368693 0.00479299 0.000964558 0.000226933 0.000803957 0.021038 -0.0360722 -0.0345578
internal_weight=678.71 452.984 31.0942 24.6203 225.726 219.457 177.752 421.89 415.37 41.7058 6.52022 6.26841
internal_count=1876 1289 110 96 587 561 478 1179 1153 83 26 26
is_linear=0
shrinkage=0.03


Tree=147
num_leaves=12
num_cat=0
split_feature=41 55 35 45 39 38 51 67 70 12 9
split_gain=3.82653 9.23725 7.31374 11.2536 9.02369 6.42628 12.2093 14.9702 9.75918 7.51014 6.95611
threshold=0.71380725502967846 1.0646668672561648 -1.6910960674285886 2.1168662309646611 2.6034811735153203 -2.7986658811569209 -0.01470107492059469 -3.196004986763 3196.082153320313 294905.71875000006 508823.75000000006
decision_type=2 2 2 2 2 2 2 2 2 2 2
left_child=5 2 3 -2 -4 9 8 -8 -7 10 -1
right_child=1 -3 4 -5 -6 6 7 -9 -10 -11 -12
leaf_value=0.010049013835484795 -0.016547588456244568 -0.041102560318646279 -0.0022835670226522987 0.043776611724373853 0.018831241261732228 -0.054116658179871886 0.026904383729101391 0.0010833521683724866 -0.0093115885827371389 -0.014765532037298568 0.046006715450745611
leaf_weight=12.41569927334786 41.728944204747677 5.6890822872519484 94.115369774401188 2.958445042371749 22.550915241241455 5.1313709169626227 21.235553234815598 426.66988565027714 31.972107656300068 5.4465985447168341 8.2474421560764295
leaf_count=30 142 32 275 4 47 21 39 1153 105 18 10
internal_value=0.000433297 -0.00350267 -0.00215836 -0.0124868 0.00177209 0.00172551 0.000938456 0.00231425 -0.0155889 0.0162308 0.0245463
internal_weight=678.161 167.043 161.354 44.6874 116.666 511.119 485.009 447.905 37.1035 26.1097 20.6631
internal_count=1876 500 468 146 322 1376 1318 1192 126 58 40
is_linear=0
shrinkage=0.03


Tree=148
num_leaves=10
num_cat=0
split_feature=9 57 40 44 54 43 7 50 45
split_gain=3.81552 4.45049 5.13295 10.875 8.03924 3.65515 4.4159 5.03751 2.42832
threshold=2282308.8750000005 0.57202571630477916 0.40463475883007055 12804495.000000002 1.9234721660614016 2824.170043945313 2.555695772171021 -0.0020744546782225366 0.62921911478042614
decision_type=2 2 2 2 2 2 2 2 2
left_child=1 8 4 -4 -3 6 7 -2 -1
right_child=5 2 3 -5 -6 -7 -8 -9 -10
leaf_value=-0.039588761475649575 0.031275108011154795 0.0042527650353979471 -0.0026142691282383069 -0.049357748607979597 -0.0055556576157316821 -0.014357205672543682 0.033698328532508155 -0.0054172929705914325 0.00032123921594348951
leaf_weight=3.9355853721499434 4.9184480905532864 337.10716940462589 205.83122710883617 4.5896268635988227 96.59030743688345 4.1229767799377433 8.2639792114496213 10.403309091925623 1.8806528970599172
leaf_count=22 8 891 579 20 291 13 13 32 7
internal_value=0.000420483 -3.97237e-05 0.000191553 -0.00364808 0.00206138 0.0113233 0.0159397 0.00616556 -0.0261683
internal_weight=677.643 649.935 644.118 210.421 433.697 27.7087 23.5857 15.3218 5.81624
internal_count=1876 1810 1781 599 1182 66 53 40 29
is_linear=0
shrinkage=0.03


Tree=149
num_leaves=14
num_cat=0
split_feature=68 55 45 34 23 12 46 61 61 56 6 44 10
split_gain=3.82755 8.2162 12.8307 14.7844 8.09601 7.57091 7.59242 6.48513 19.2641 13.5997 6.14466 6.22519 5.99459
threshold=83.222057342529311 1.3369680643081667 -0.86768534779548634 1.4595374464988711 34.500000000000007 381515.57812500006 1.6929696202278139 173.34723663330081 147.156120300293 1.3457973003387453 -61556549.999999993 8723.1352539062518 0.00086800000281073164
decision_type=2 2 2 2 2 2 2 2 2 2 2 2 2
left_child=1 7 4 -4 -3 6 12 8 -1 -9 -7 -12 -2
right_child=5 2 3 -5 -6 10 -8 9 -10 -11 11 -13 -14
leaf_value=-0.0015469520330127788 0.02122179111392505 -0.012881121572614063 -0.03227602060235419 0.037994023563841468 0.040327650541721244 -0.044618004187322466 -0.024444348489157244 -0.0062693637167001923 0.016949691941306268 0.0061394951850599812 0.025764701617764653 -0.02679517636441478 -0.012445722220144218
leaf_weight=153.98114828020334 37.652672693133354 4.8494111597537977 24.548823677003387 2.9892699420452109 5.3430326581001282 3.8672136664390555 4.3336687237024298 229.5085424631834 75.359406366944313 121.42819481343031 4.358247369527815 3.7845074385404587 5.3307733982801428
leaf_count=435 75 16 100 5 8 19 15 695 163 304 8 15 18
internal_value=0.000407639 -0.000286413 -0.013855 -0.0245392 0.0147174 0.00768811 0.0131195 0.00059067 0.00451781 -0.00196721 -0.0134609 0.000968026 0.0169766
internal_weight=677.335 618.008 37.7305 27.5381 10.1924 59.3271 47.3171 580.277 229.341 350.937 12.01 8.14275 42.9834
internal_count=1876 1726 129 105 24 150 108 1597 598 999 42 23 93
is_linear=0
shrinkage=0.03


Tree=150
num_leaves=9
num_cat=0
split_feature=41 41 44 3 58 56 31 52
split_gain=3.72667 5.64684 8.22904 7.69744 6.37372 14.7776 7.37982 3.51553
threshold=3.4412982463836674 0.71380725502967846 11385380.500000002 -4222.1520996093741 -8221.4999999999982 0.28889268636703497 6.988880157470704 -0.012710391543805597
decision_type=2 2 2 2 2 2 2 2
left_child=1 4 3 -3 5 -1 -6 -2
right_child=7 2 -4 -5 6 -7 -8 -9
leaf_value=-0.014295165190842986 0.032316005243864757 -0.013802282452224153 -0.045797568550151727 0.00079127862190544313 0.00126033744737361 0.013469880054973364 -0.012237058931371622 -0.0033334307858162524
leaf_weight=21.332288503646851 6.292748749256134 46.867476664483547 4.311615362763404 105.21781213581562 359.63353610783815 88.516586199402809 40.566157832741737 3.8848047479987127
leaf_count=68 10 157 21 301 979 196 133 11
internal_value=0.000395393 0.000115726 -0.00486636 -0.00368623 0.00164927 0.00805069 -0.000100327 0.0184137
internal_weight=676.623 666.445 156.397 152.085 510.049 109.849 400.2 10.1776
internal_count=1876 1855 479 458 1376 264 1112 21
is_linear=0
shrinkage=0.03


Tree=151
num_leaves=13
num_cat=0
split_feature=5 14 61 2 29 68 59 53 57 14 48 44
split_gain=3.81495 16.7885 14.6944 15.4247 5.53239 5.34657 8.58594 8.09963 11.9093 8.02971 6.51182 6.36916
threshold=3430869.6250000005 1874.0000000000002 140.44281005859378 24559.610351562504 2981.226684570313 83.222057342529311 1.120724678039551 0.91690880060195934 1.0216184854507449 2262.0000000000005 -0.25664730370044703 1690552.7500000002
decision_type=2 2 2 2 2 2 2 2 2 2 2 2
left_child=5 -2 4 -4 -3 7 11 10 -9 -8 -1 -7
right_child=1 2 3 -5 -6 6 9 8 -10 -11 -12 -13
leaf_value=0.0044183924157418768 -0.048486994904674251 -0.048347838092937294 -0.030117071135097991 0.03008853245850527 -0.0013429646351933481 0.003318837997821962 0.0081544042230723979 0.0024824810762310509 -0.021264665514541366 -0.027778694263653394 -0.0024344659530790478 0.03589050392944354
leaf_weight=289.80272860080004 7.6757071763277045 5.6959914416074771 5.016843810677531 15.739936180412768 3.9514518231153488 8.9421880245208758 23.185388714075092 38.796324819326401 36.891818828880787 7.3742545470595351 218.60297358781099 14.535627007484434
leaf_count=756 34 26 20 28 13 24 58 111 136 30 619 21
internal_value=0.000383483 -0.00883322 0.00107891 0.0153925 -0.0294063 0.000938183 0.00996687 9.77576e-05 -0.00905269 -0.000418334 0.00146592 0.0236124
internal_weight=676.211 38.0799 30.4042 20.7568 9.64744 638.131 54.0375 584.094 75.6881 30.5596 508.406 23.4778
internal_count=1876 121 87 48 39 1755 133 1622 247 88 1375 45
is_linear=0
shrinkage=0.03


Tree=152
num_leaves=11
num_cat=0
split_feature=7 59 70 27 61 24 18 24 19 45
split_gain=3.73666 10.6707 8.24798 14.3492 13.2988 7.32227 18.0576 8.57165 8.30217 5.40496
threshold=2.6096384525299077 2.2057923078536992 1573.7178955078127 -27363.999999999996 116.80626678466798 8.5000000000000018 20.826999664306644 35.500000000000007 16639.104492187504 -0.79262858629226673
decision_type=2 2 2 2 2 2 2 2 2 2
left_child=5 2 3 -2 -4 9 8 -8 -7 -1
right_child=1 -3 4 -5 -6 6 7 -9 -10 -11
leaf_value=0.033452215908988621 -0.014904256276678355 -0.046313392001855795 0.020564802573493635 0.02982376572696728 -0.0046650201972460309 -0.010369241783390958 -0.023667476310973205 0.00047101483532413377 -0.047625143436982771 -0.0026429800362041309
leaf_weight=9.6097302287816984 8.4710759520530683 3.5668416246771804 25.217892363667488 26.155369237065315 73.662440061569214 11.795496977865698 13.60777388513088 487.27752608060837 10.317328512668608 5.867457151412963
leaf_count=16 26 17 52 46 211 40 48 1357 46 17
internal_value=0.000372003 0.00479719 0.00618516 0.0187948 0.00173911 -0.000748896 -0.00135607 -0.000178777 -0.0278876 0.0195746
internal_weight=675.549 137.074 133.507 34.6264 98.8803 538.475 522.998 500.885 22.1128 15.4772
internal_count=1876 352 335 72 263 1524 1491 1405 86 33
is_linear=0
shrinkage=0.03


Tree=153
num_leaves=11
num_cat=0
split_feature=10 46 29 24 69 61 46 58 52 20
split_gain=3.72095 5.53842 14.8689 15.2795 10.7221 10.0766 9.37256 5.50788 4.52105 10.1179
threshold=0.001355000014882535 0.99099609255790722 2940.9213867187505 1798.5000000000002 19.066811561584476 56.936622619628913 0.64082613587379467 11254.000000000002 0.018182913772761825 2368434.6250000005
decision_type=2 2 2 2 2 2 2 2 2 2
left_child=1 5 3 -3 -4 -1 -7 8 9 -2
right_child=7 2 4 -5 -6 6 -8 -9 -10 -11
leaf_value=-0.04375393051837035 -0.031496308624224208 -0.026967217708576574 -0.030741909928215287 -1.6226894981903248e-05 0.017530709478233639 0.00034273216608035845 0.014482654829914805 -0.015026942200027791 0.033542622676018131 0.036811004484639136
leaf_weight=4.4492719247937194 3.8564818724989953 38.107445955276489 4.8089787811040869 38.06808777153492 28.471454814076424 492.09541011601686 46.202027417719364 5.0595407709479323 10.012189313769339 3.9363895058631897
leaf_count=22 16 143 18 107 64 1360 106 18 16 6
internal_value=0.000360517 -5.19319e-05 -0.00621238 -0.0135381 0.0104652 0.00118492 0.00156193 0.0122566 0.0201781 0.00262259
internal_weight=675.067 652.203 109.456 76.1755 33.2804 542.747 538.297 22.8646 17.8051 7.79287
internal_count=1876 1820 332 250 82 1488 1466 56 38 22
is_linear=0
shrinkage=0.03


Tree=154
num_leaves=15
num_cat=0
split_feature=41 70 39 43 60 41 40 2 22 3 47 33 8 10
split_gain=3.68952 13.7451 15.2341 10.7961 9.63601 7.22173 8.16297 18.4398 9.51522 7.93665 11.479 9.71477 6.70362 3.95537
threshold=-1.5309273600578306 3194042.0000000005 -0.96022397279739369 490406.18750000006 0.00039414739876519894 -0.71102160215377797 0.088392570614814772 15718.272949218752 465637.90625000006 19853.330078125004 0.31466314196586614 -0.73074311017990101 1.8610000014305117 -0.00030549999792128796
decision_type=2 2 2 2 2 2 2 2 2 2 2 2 2 2
left_child=1 2 -1 -4 12 6 8 -8 -2 11 -11 -7 -3 -6
right_child=5 4 3 -5 13 9 7 -9 -10 10 -12 -13 -14 -15
leaf_value=0.031954203638679561 0.024513009198088305 -0.046768358304820651 -0.012119352794371305 -0.048658314141317154 0.049179689148877159 -0.0048180313283643318 -0.0338027709563615 0.0093592354230181488 -0.0071059139381999111 -0.046658968890431543 0.010843145444216129 0.0038565223278586975 0.016956120105970925 0.016058627258013582
leaf_weight=6.0177023261785498 37.615554749965668 3.149132356047633 44.102419756352901 8.8339048624038679 5.4126919507980356 197.46481710672379 11.243423148989676 42.866100952029228 10.917380794882773 7.7591925561428052 5.111395388841629 282.18099664151669 2.7243025451898575 9.1491573154926265
leaf_count=11 72 14 140 39 6 582 44 105 32 37 13 754 7 20
internal_value=0.000349637 -0.00571882 -0.0130957 -0.0182736 0.015416 0.00116416 0.0084042 0.000335155 0.0173386 -0.000338601 -0.0235896 0.000279051 -0.0167 0.0285759
internal_weight=674.548 79.3893 58.954 52.9363 20.4353 595.159 102.642 54.1095 48.5329 492.516 12.8706 479.646 5.87343 14.5618
internal_count=1876 237 190 179 47 1639 253 149 104 1386 50 1336 21 26
is_linear=0
shrinkage=0.03


Tree=155
num_leaves=16
num_cat=0
split_feature=39 54 51 28 40 30 53 61 54 68 71 28 71 39 13
split_gain=3.7117 10.5138 17.3319 15.4699 9.87405 17.209 9.9607 7.92234 18.0322 14.4103 11.122 12.9042 11.0358 10.9463 4.12077
threshold=1.5854570269584658 -0.19261851161718366 -0.0082834665663540346 326.34375000000006 -1.6110805869102476 1708.544372558594 1.0002592206001284 173.34723663330081 1.7521412968635561 82.192871093750014 792.10766601562511 -1293.6406249999998 699.86676025390636 -0.50049319863319386 1051886.3125000002
decision_type=2 2 2 2 2 2 2 2 2 2 2 2 2 2 2
left_child=7 2 14 -4 5 -3 -6 8 13 -10 12 -12 -9 -1 -2
right_child=1 4 3 -5 6 -7 -8 10 9 -11 11 -13 -14 -15 -16
leaf_value=-0.012141609399504677 -0.049258556914949715 0.021201110015981219 0.017962095851949078 -0.026465955925557068 0.016659410912643113 -0.044879660877583355 -0.0027376178919239257 0.0016754135816520199 -0.027685623219837176 0.019058544046050157 -0.032598519543217998 -0.0044314685108062827 0.035147476655575813 0.012737189896343409 -0.0090388268452317004
leaf_weight=18.370894454419613 9.0492819845676404 6.3750733509659749 21.195194602012638 10.550519593060015 84.719030514359474 7.889518067240715 32.803992137312889 40.541691020131111 23.669998511672024 7.8440066725015631 15.540358826518057 266.32829972356558 11.42563785612583 114.27896909415722 3.3326967284083358
leaf_count=61 40 14 47 39 182 38 97 108 92 16 61 790 18 262 11
internal_value=0.000339289 0.00408859 -0.0085524 0.00310217 0.00834406 -0.0151368 0.0112196 -0.000979105 0.00440851 -0.0159556 -0.00363745 -0.00599506 0.00909237 0.00926907 -0.0386754
internal_weight=673.915 175.915 44.1277 31.7457 131.788 14.2646 117.523 498 164.164 31.514 333.836 281.869 51.9673 132.65 12.382
internal_count=1876 468 137 86 331 52 279 1408 431 108 977 851 126 323 51
is_linear=0
shrinkage=0.03


Tree=156
num_leaves=14
num_cat=0
split_feature=66 36 18 45 72 30 31 19 67 35 36 52 44
split_gain=3.71399 12.236 11.4352 10.8534 9.79678 12.7053 10.613 8.96366 8.89947 8.18189 7.40231 1.90244 1.51893
threshold=-1.4373244643211363 -1.5773077607154844 84.016502380371108 -0.89769744873046864 -45722.242187499993 1652.224304199219 -4.5210905075073233 217621.56250000003 -2.0080063343048091 -1.6576269268989561 -1.4516196846961973 -0.0021043193992227312 459188.51562500006
decision_type=2 2 2 2 2 2 2 2 2 2 2 2 2
left_child=4 2 9 -4 5 7 -7 -1 11 -2 -10 -3 -6
right_child=1 8 3 -5 12 6 -8 -9 10 -11 -12 -13 -14
leaf_value=-0.0049562140058730534 0.016302096756149222 -0.047526477747859133 0.0081840772136485395 -0.046262403584587462 -0.0454818830451027 -0.011539217441161225 0.0052913735110469932 0.023472936692399433 0.022230631525231078 -0.044838240694749405 -9.2611210816068051e-05 -0.011735311478922473 -0.012562478015290637
leaf_weight=12.785124510526655 9.40023325383663 4.0844757109880447 4.136819243431094 14.649564623832701 3.8767309337854376 47.92101065069437 113.71337605267763 43.017797634005547 13.824705712497233 2.483398616313937 398.35725854337215 2.367541402578353 2.3077703267335892
leaf_count=35 20 18 10 69 18 148 294 84 30 11 1123 8 8
internal_value=0.000328958 -0.00123845 -0.0195297 -0.0341134 0.00349163 0.00456277 0.000282916 0.0169057 9.44381e-05 0.00327276 0.000648839 -0.034858 -0.033683
internal_weight=672.926 449.304 30.67 18.7864 223.622 217.437 161.634 55.8029 418.634 11.8836 412.182 6.45202 6.1845
internal_count=1876 1289 110 79 587 561 442 119 1179 31 1153 26 26
is_linear=0
shrinkage=0.03


Tree=157
num_leaves=11
num_cat=0
split_feature=50 50 44 44 61 61 38 10 33 14
split_gain=3.68551 13.3394 8.06571 8.38359 19.8746 12.1773 7.50617 13.5519 7.40455 1.14043
threshold=0.0069218368735164413 0.0060875709168612966 175.33000183105472 459188.51562500006 131.37308502197268 131.37308502197268 2.5240839719772343 -0.00030549999792128796 1.4461054205894472 1895.0000000000002
decision_type=2 2 2 2 2 2 2 2 2 2
left_child=1 6 9 5 -5 -4 8 -8 -1 -2
right_child=2 -3 3 4 -6 -7 7 -9 -10 -11
leaf_value=0.00016429658824553212 0.042407938242253931 -0.044464317325463111 0.016632163724713048 -0.02815812133946554 0.025105899089487179 -0.044138727470532754 -0.046149360644968648 -0.0009566437438051277 0.018110289814074029 0.021603802914274561
leaf_weight=561.46984334290028 4.4716986268758756 6.1056912317872039 4.9288098216056806 8.7454170435667056 22.321243926882744 7.2614949941635132 8.7038376182317752 19.478799253702164 21.50057815015316 7.3601907044649124
leaf_count=1561 6 29 11 35 43 36 41 55 45 14
internal_value=0.000318408 -0.000340484 0.00775561 0.00167844 0.0100153 -0.0193216 9.54237e-05 -0.0150203 0.00083131 0.02972
internal_weight=672.348 617.259 55.0889 43.257 31.0667 12.1903 611.153 28.1826 582.97 11.8319
internal_count=1876 1731 145 125 78 47 1702 96 1606 20
is_linear=0
shrinkage=0.03


Tree=158
num_leaves=14
num_cat=0
split_feature=5 63 61 2 68 68 67 10 59 14 44 66 1
split_gain=3.63529 16.0662 10.9974 14.751 5.13077 4.8992 11.5826 19.7453 7.84195 7.67037 6.13189 5.41237 3.37178
threshold=3430869.6250000005 2091.2009277343755 140.44281005859378 24559.610351562504 30.204130172729496 83.222057342529311 3.0821785926818852 0.00072199999704025697 1.120724678039551 2262.0000000000005 1690552.7500000002 2.3614504337310795 85716.382812500015
decision_type=2 2 2 2 2 2 2 2 2 2 2 2 2
left_child=5 12 4 -4 -3 6 11 -8 10 -10 -7 -1 -2
right_child=1 2 3 -5 -6 8 7 -9 9 -11 -12 -13 -14
leaf_value=0.00085515747168235696 -0.047877827373326728 0 -0.028720229069554796 0.0322980791278508 -0.047648579517882331 0.0027718999177038452 -0.024680176712321748 0.013747547109051 0.0080009013970739826 -0.027335827206978601 0.034990941031780458 0.01747884331611459 -0.0052691616115578431
leaf_weight=506.07552018761635 8.6968364119529706 3.6959991604089755 4.7567289471626308 13.82345975935459 4.3253732323646545 8.8426500260829943 39.146042823791504 17.266816899180412 23.032304018735889 7.2710575833916655 14.187631383538244 18.29649655520916 2.271398037672042
leaf_count=1392 39 12 19 23 20 24 146 41 58 30 21 43 8
internal_value=0.000308936 -0.0087512 0.00374313 0.0165153 -0.0254674 0.000850455 4.61806e-05 -0.0128651 0.00955248 -0.000378875 0.0227505 0.00144092 -0.0393276
internal_weight=671.688 37.5698 26.6016 18.5802 8.02137 634.119 580.785 56.4129 53.3336 30.3034 23.0303 524.372 10.9682
internal_count=1876 121 74 42 32 1755 1622 187 133 88 45 1435 47
is_linear=0
shrinkage=0.03


Tree=159
num_leaves=14
num_cat=0
split_feature=31 21 58 53 38 18 10 0 58 18 60 71 26
split_gain=3.59851 7.65297 7.57189 5.89152 6.63278 5.73706 12.3347 14.9398 11.2273 9.34228 12.4556 11.2241 0.538115
threshold=-10.981309890747069 -66.758998870849595 4844.0625000000009 0.25541736185550695 -1.3879236578941343 55.944499969482429 -0.00040650001028552646 17024.500000000004 -16688.187499999996 142.6860046386719 -0.00036040479608345771 2174389.2500000005 9.4653534889221209
decision_type=2 2 2 2 2 2 2 2 2 2 2 2 2
left_child=1 2 12 4 -3 6 8 -8 -2 11 -11 -7 -1
right_child=5 3 -4 -5 -6 9 7 -9 -10 10 -12 -13 -14
leaf_value=-0.024812952648453363 -0.035300916948729895 -0.026773071708148587 0.018581149498361607 0.040900178012093481 0.025947965460900359 0.0011818658333418153 0.037145847254514641 -0.022956705078801754 0.0085153143637905545 -0.0072013523031023178 0.0031409071437743332 0.021475900254166194 -0.049312795175310481
leaf_weight=2.3998802900314349 5.9417696744203559 3.4461290985345858 3.9386657625436783 8.3863939270377141 5.6137537136673927 62.77608872205019 4.0346082001924506 43.560642942786217 45.282837726175785 170.19166568666697 272.46797630190849 40.617660805583 2.3148425370454788
leaf_count=10 24 13 8 12 11 171 6 164 109 526 726 86 10
internal_value=0.000299983 0.0112221 -0.0116156 0.0227216 0.00556321 -0.00013741 -0.00679309 -0.0177988 0.00337431 0.00106158 -0.000828658 0.00918328 -0.0374782
internal_weight=670.973 26.0997 8.65339 17.4463 9.05988 644.873 98.8199 47.5953 51.2246 546.053 442.66 103.394 4.71472
internal_count=1876 64 28 36 24 1812 303 170 133 1509 1252 257 20
is_linear=0
shrinkage=0.03


Tree=160
num_leaves=8
num_cat=0
split_feature=63 62 48 59 49 60 49
split_gain=3.64343 7.82188 6.62091 12.041 11.5013 6.48808 4.93924
threshold=144.08512115478518 188.72530364990237 -0.84184509515762318 0.77676793932914745 -0.89083725214004505 0.0022430872777476911 -0.3921853899955749
decision_type=2 2 2 2 2 2 2
left_child=5 6 3 -3 -4 -1 -2
right_child=1 2 4 -5 -6 -7 -8
leaf_value=-0.045044744717451755 0.035662610393627087 -0.031175390665493571 0.017094191817185436 -0.0025758706844291419 0.00018320409941436562 0.0058889191845083368 0
leaf_weight=4.3462820500135404 9.1869797855615598 15.546930372714995 39.05280426889658 91.951012849807739 500.23394031822681 4.4834005087614059 5.5855397880077353
leaf_count=20 15 62 89 261 1402 11 16
internal_value=0.000291357 0.00055127 5.36276e-05 -0.00673999 0.00141339 -0.0188427 0.0221365
internal_weight=670.387 661.557 646.785 107.498 539.287 8.82968 14.7725
internal_count=1876 1845 1814 323 1491 31 31
is_linear=0
shrinkage=0.03


Tree=161
num_leaves=13
num_cat=0
split_feature=54 1 8 27 43 42 40 70 1 41 51 28
split_gain=3.61096 5.00825 7.06652 11.5282 4.71928 7.78178 11.5565 7.57899 13.6058 7.53498 6.34049 2.88271
threshold=-1.3779492378234861 7622.7866210937509 1.226350009441376 -11830.999999999998 420.10501098632818 -0.0004455000016605481 -0.94201639294624318 1035875.9375000001 7062.3981933593759 -1.5309273600578306 0.017295546829700473 472.96875000000006
decision_type=2 2 2 2 2 2 2 2 2 2 2 2
left_child=1 -1 11 -4 7 9 -7 8 -2 -6 -9 -3
right_child=4 2 3 -5 5 6 -8 10 -10 -11 -12 -13
leaf_value=-0.018289631708976076 -0.04064611345222096 0.033634422024454581 0.017525536872948496 -0.042502763162068011 -0.019772642918564905 -0.020903461606417723 -0.0024549343197984154 0.0092120576527845322 0.0030415763394443227 0.0051560197702495989 0.038412722393509083 0.0077395214213665606
leaf_weight=4.9634790793061248 6.8564774170517913 12.884714543819433 8.2169313579797745 4.4193628951907131 11.671135783195494 34.408159695565701 279.64857248961926 32.478288911283016 99.654229313135147 160.32921076565981 8.6014965921640378 6.0074038803577414
leaf_count=19 29 21 17 24 41 134 819 79 264 402 12 15
internal_value=0.000282618 0.00946115 0.0139251 -0.00323109 -0.000241241 -0.00167239 -0.00448571 0.00445161 0.000201076 0.00344704 0.0153993 0.025559
internal_weight=670.139 36.4919 31.5284 12.6363 633.648 486.057 314.057 147.59 106.511 172 41.0798 18.8921
internal_count=1876 96 77 41 1780 1396 953 384 293 443 91 36
is_linear=0
shrinkage=0.03


Tree=162
num_leaves=12
num_cat=0
split_feature=9 38 41 39 48 46 9 8 50 65 50
split_gain=3.60981 4.24783 16.4401 7.39538 4.81788 18.493 8.13205 3.66279 4.68377 7.42489 3.67601
threshold=2282308.8750000005 -2.7986658811569209 1.3758204579353335 0.20783419907093051 -0.25664730370044703 0.076259776949882521 831845.65625000012 1.5521000027656557 -0.00077396773849613954 1.7865498065948489 -0.00030325482657644892
decision_type=2 2 2 2 2 2 2 2 2 2 2
left_child=1 2 3 -1 6 -6 -3 8 -2 -10 -9
right_child=7 4 -4 -5 5 -7 -8 10 9 -11 -12
leaf_value=-0.010268186058617613 0.019988372170580162 0.0060803916961350499 -0.047507135948317215 0.024372369639187406 -0.017338658878918188 0.00099869353577260742 -0.0029844801674789928 0 -0.033773151077373741 0.027449720947681444 0.034385189854584823
leaf_weight=6.9460099786519995 6.3537597060203543 174.678925126791 3.9913214296102515 25.566358208656311 67.898051865398884 181.67058477550745 181.28761306405067 4.409696251153945 5.6421203613281268 2.5570804923772812 8.3574952930212003
leaf_count=23 13 447 18 50 232 505 535 12 23 5 13
internal_value=0.000274502 -0.000175359 0.00975719 0.0168794 -0.000779081 -0.00397818 0.00145538 0.0109563 0.000456284 -0.0143137 0.02269
internal_weight=669.359 642.039 36.5037 32.5124 605.535 249.569 355.967 27.3202 14.553 8.1992 12.7672
internal_count=1876 1810 91 73 1719 737 982 66 41 28 25
is_linear=0
shrinkage=0.03


Tree=163
num_leaves=14
num_cat=0
split_feature=61 36 58 46 22 53 2 43 24 24 18 3 43
split_gain=3.57707 9.70407 15.1625 8.25231 5.32508 9.78806 11.9622 9.82216 7.61302 15.169 11.4586 3.03035 3.63745
threshold=516.01684570312511 -1.2792893648147581 -1405.9999999999998 1.8708937764167788 -286081.74999999994 1.0000000180025095e-35 53626.996093750007 27868.290039062504 275.50000000000006 486.00000000000006 156.04850006103518 -613.91000366210926 2681286.7500000005
decision_type=2 2 2 2 2 2 2 2 2 2 2 2 2
left_child=4 11 -3 -4 5 7 -7 -1 10 -10 -6 12 -2
right_child=1 2 3 -5 8 6 -8 -9 9 -11 -12 -13 -14
leaf_value=0.01206280821102375 0.0028791704723904444 0.024301345791764996 -0.042089969490977118 0.017514138340434259 0.0010019869607147114 -0.03844274844159442 0.023180165722644547 -0.022770471784309312 0.012272732303246499 -0.0013506023772828738 -0.012400414506072774 0.046553977468708777 0.038499002386775796
leaf_weight=21.680625587701797 6.5480367094278353 9.1580685526132601 8.5805744081735593 2.6826271414756766 184.17921154201031 15.148532696068289 3.4235168248414984 10.969284534454344 117.25354447960854 196.52340917289257 83.192780159413815 5.026851773262023 4.4882804900407791
leaf_count=51 18 17 37 6 514 71 7 41 277 555 270 6 6
internal_value=0.000266612 0.00940259 -0.00419263 -0.0276273 -0.000255742 -0.00953185 -0.0269218 0.0002681 0.000556684 0.00373066 -0.00315695 0.0268731 0.017637
internal_weight=668.855 36.4844 20.4213 11.2632 632.371 51.222 18.572 32.6499 581.149 313.777 267.372 16.0632 11.0363
internal_count=1876 90 60 43 1786 170 78 92 1616 832 784 30 24
is_linear=0
shrinkage=0.03


Tree=164
num_leaves=13
num_cat=0
split_feature=34 7 61 35 38 43 55 10 63 37 27 43
split_gain=3.51651 7.20575 7.11006 6.47695 12.1664 13.1173 9.40109 7.92634 6.465 5.54362 4.91926 2.61708
threshold=1.4595374464988711 1.4979649782180788 213.28984069824222 1.8800374865531924 1.383723318576813 1.0000000180025095e-35 -0.58630952239036549 0.001355000014882535 144.08512115478518 2.7979086637496953 9917.0000000000018 620699.43750000012
decision_type=2 2 2 2 2 2 2 2 2 2 2 2
left_child=3 2 11 7 6 -6 -5 8 -1 -3 -9 -2
right_child=1 9 -4 4 5 -7 -8 10 -10 -11 -12 -13
leaf_value=-0.030842443487648318 -0.02278695558307877 -0.045241224871618434 0.034702138178756246 0.01163851818499217 0.019871697163177205 -0.012135621905959487 -0.03602989920103878 0 0.00062122213004141475 0.015340968464781548 0.033101444256356471 0.01512250646652695
leaf_weight=5.9393910169601432 3.3616877347230973 3.0709402635693541 11.729624599218367 4.5454674065113094 18.396471843123436 30.839083530008793 18.61322782933712 6.5788935124874142 548.67911157011986 2.3421476781368256 10.946205548942087 3.1309072226285934
leaf_count=24 13 15 19 11 40 103 76 20 1523 6 19 7
internal_value=0.000259194 0.0116261 0.0207322 -0.000152976 -0.00861135 -0.000115411 -0.0265443 0.000912033 0.00027887 -0.0184742 0.0207786 -0.00404391
internal_weight=668.173 23.6353 18.2222 644.538 72.3943 49.2356 23.1587 572.144 554.619 5.41309 17.5251 6.49259
internal_count=1876 60 39 1816 230 143 87 1586 1547 21 39 20
is_linear=0
shrinkage=0.03


Tree=165
num_leaves=12
num_cat=0
split_feature=31 39 39 56 8 46 31 70 31 44 48
split_gain=3.52444 7.19473 7.41664 5.13547 12.6766 9.20689 5.75334 13.3007 9.83856 4.8938 1.6101
threshold=-10.981309890747069 -1.024051785469055 -0.50049319863319386 -0.6621933877468108 4.0064001083374032 -0.82241144776344288 -4.5210905075073233 1276.5703735351565 -3.1284391880035396 967956.15625000012 0.32607772946357733
decision_type=2 2 2 2 2 2 2 2 2 2 2
left_child=1 -1 10 4 5 -2 7 -5 -8 -4 -3
right_child=3 2 9 6 -6 -7 8 -9 -10 -11 -12
leaf_value=0.032360485341567172 -0.046781471372429342 -0.046478680056841519 -0.0048042978003876259 0.02069681073917139 0.040113821025484026 -0.0082200487504645002 0.013084597188122615 -0.011134570599567321 0.00031182019275598449 0.033973474173211629 -0.0098745233068635307
leaf_weight=9.2287191897630709 6.4345618784427634 2.8347284197807339 6.383246645331381 13.886365175247191 4.3460710644721976 44.730558045208454 62.151651844382286 77.532411955296993 432.7264696136117 5.2440677881240845 2.1430926024913788
leaf_count=16 29 14 18 28 6 144 143 242 1220 9 7
internal_value=0.000251825 0.011118 -0.000507329 -0.000180884 -0.00890574 -0.0131282 0.000640078 -0.00626662 0.00192201 0.012427 -0.0313222
internal_weight=667.642 25.8339 16.6051 641.808 55.5112 51.1651 586.297 91.4188 494.878 11.6273 4.97782
internal_count=1876 64 48 1812 179 173 1633 270 1363 27 21
is_linear=0
shrinkage=0.03


Tree=166
num_leaves=14
num_cat=0
split_feature=54 26 65 43 41 8 15 63 1 5 2 38 43
split_gain=3.52506 4.89385 10.1189 5.3767 6.84461 4.66034 4.44199 11.2991 12.963 11.4835 8.53732 7.52928 3.7088
threshold=-1.3779492378234861 9.1567816734313983 -0.50727164745330799 712228.34375000012 1.7089341878890993 3.1207000017166142 2848.0000000000005 2189.6130371093755 7622.7866210937509 3430869.6250000005 5617.5549316406259 0.44562561810016638 839280.93750000012
decision_type=2 2 2 2 2 2 2 2 2 2 2 2 2
left_child=1 3 5 4 -1 -3 7 9 -9 -2 12 -12 -8
right_child=6 2 -4 -5 -6 -7 10 8 -10 -11 11 -13 -14
leaf_value=-0.011580565184638405 0.0017871461308610467 -0.0036246986593229951 -0.040661708134978429 0.034402416237748631 0.039834114086390274 0.037297719725430903 -0.046798190744145256 0.012518488883806366 -0.015511613828495453 -0.027114921430600857 0 0.012796886703245899 0.00052539642106375051
leaf_weight=7.6325774639844912 333.53995775431395 6.0107443705201131 4.619297392666339 10.182767301797865 3.336091160774231 4.1590164750814438 4.2103836983442298 17.874341294169426 84.972980633378029 12.843668311834334 108.26478650420904 67.396042257547379 2.1156936436891556
leaf_count=26 907 17 26 16 5 6 20 42 282 50 307 165 7
internal_value=0.000244336 0.00938548 -0.00368474 0.018666 0.00378357 0.0128159 -0.000271393 -0.00187761 -0.010611 0.000706816 0.00367703 0.00492482 -0.0304971
internal_weight=667.158 35.9405 14.7891 21.1514 10.9687 10.1698 631.218 449.231 102.847 346.384 181.987 175.661 6.32608
internal_count=1876 96 49 47 31 23 1780 1281 324 957 499 472 27
is_linear=0
shrinkage=0.03


Tree=167
num_leaves=13
num_cat=0
split_feature=66 67 65 48 48 18 47 34 3 24 24 17
split_gain=3.44145 11.2086 9.39093 10.8193 13.6161 9.36627 8.08661 13.389 8.33599 7.83615 9.9133 2.26574
threshold=-1.4373244643211363 -2.0080063343048091 -1.4306903481483457 0.81907367706298839 -0.67455187439918507 3603.2514648437505 0.90373250842094432 1.4595374464988711 -25336.648437499996 1798.5000000000002 1040.0000000000002 1010.5264892578126
decision_type=2 2 2 2 2 2 2 2 2 2 2 2
left_child=2 11 3 4 -1 -5 8 -8 -3 10 -4 -2
right_child=1 6 9 5 -6 -7 7 -9 -10 -11 -12 -13
leaf_value=-0.01560998451388294 -0.04601788173123663 0.040847131598934543 0.010303436529683047 -0.047003071834080618 0.0080304972518399995 0.0030202285434856491 -0.023708093235125481 0.039511639509268115 0 0.034040157561818309 -0.022005760975595885 -0.0087337263533098508
leaf_weight=31.516602948307991 5.9103300124406797 4.545908346772193 84.113300040364265 8.5049187541007978 71.971430346369743 5.3998757302761069 25.111529946327213 3.3951390832662574 403.49455479159951 10.857873067259787 9.4636250436305982 2.2358036935329437
leaf_count=103 27 6 199 39 182 15 94 5 1149 17 32 8
internal_value=0.000237369 -0.00128029 0.00329332 -0.00250829 0.000801954 -0.027361 -0.000622683 -0.0160734 0.000449388 0.00984351 0.00700388 -0.0361531
internal_weight=666.521 444.693 221.828 117.393 103.488 13.9048 436.547 28.5067 408.04 104.435 93.5769 8.14613
internal_count=1876 1289 587 339 285 54 1254 99 1155 248 231 35
is_linear=0
shrinkage=0.03


Tree=168
num_leaves=12
num_cat=0
split_feature=6 69 60 58 4 40 10 22 65 66 45
split_gain=3.43524 18.083 8.23047 5.06061 12.3174 9.90376 8.80763 12.5619 9.32092 2.90736 1.07377
threshold=-974768.53124999988 85.485301971435561 -9.0901230578310774e-05 3546.0000000000005 9550258.0000000019 -1.7361447811126707 -0.00027449999470263714 -219024.94531249997 1.3930835127830508 2.5060412883758549 0.72946125268936168
decision_type=2 2 2 2 2 2 2 2 2 2 2
left_child=3 2 -2 6 5 -5 8 -8 -1 -4 -3
right_child=1 10 9 4 -6 -7 7 -9 -10 -11 -12
leaf_value=0.0029560065954866558 -0.012887771760583627 -0.04731872406454278 0.020948800311332817 -0.019242964795227194 -0.043481529402538778 0.0059375334914884169 -0.034990209595994137 -0.0051020662949750198 -0.020595852135882241 0.046090133607250214 -0.017789282576723204
leaf_weight=224.22288817167282 4.617127984762198 3.6211919635534278 10.714226767420771 14.993128128349779 4.9542987495660773 215.31672874838114 13.905005633831022 147.58131891861558 16.200329527258873 7.5765839219093314 2.1763403564691544
leaf_count=595 16 16 21 57 25 564 63 445 57 9 8
internal_value=0.000230131 0.0103843 0.0224442 -0.000222618 0.00326662 0.00428526 -0.00227256 -0.0076942 0.00135654 0.0315271 -0.0367511
internal_weight=665.879 28.7055 22.9079 637.174 235.264 230.31 401.91 161.486 240.423 18.2908 5.79753
internal_count=1876 70 46 1806 646 621 1160 508 652 30 24
is_linear=0
shrinkage=0.03


Tree=169
num_leaves=15
num_cat=0
split_feature=41 41 68 38 60 36 68 1 71 61 41 39 56 45
split_gain=3.42941 7.17896 10.5933 13.9116 10.4035 11.8122 9.11696 5.98628 11.0122 7.43888 7.307 12.1556 9.93795 6.426
threshold=0.71380725502967846 1.5022677183151247 29.055999755859379 -0.15545096993446347 0.0047799365129321822 -1.8493596315383909 16.717885971069339 116204.81640625001 1916.0091552734377 217.94400787353518 -1.5309273600578306 -0.96022397279739369 0.093663390725851073 -0.44548368453979487
decision_type=2 2 2 2 2 2 2 2 2 2 2 2 2 2
left_child=7 2 6 -4 5 -3 -2 10 9 -9 11 -1 -12 -10
right_child=1 4 3 -5 -6 -7 -8 8 13 -11 12 -13 -14 -15
leaf_value=0.031799574107849692 0 -0.024782977222650573 0.0069930879841604808 -0.023819461150589138 -0.046422178460219329 0.0081363986202499673 -0.049874559137342692 -0.047118752100639351 0.028527979219021601 0.016883553620843181 -0.0048083507850079461 -0.013035067741073759 0.0053012170072581103 -0.005914849738025231
leaf_weight=5.9694893062114707 4.8078037947416297 11.185088664293287 34.414176627993584 21.301646776497364 3.8373690173029891 78.354564309120178 9.9189248979091627 4.02754221856594 23.093762025237083 2.6629077643156052 128.61082342267036 58.408227413892746 272.68564727157354 6.0070461183786419
leaf_count=11 14 41 95 89 18 199 44 18 44 6 389 191 698 19
internal_value=0.00022261 -0.00354052 -0.0107775 -0.00473353 0.00188681 0.00399068 -0.0334399 0.00145794 0.0132846 -0.0211964 0.000542508 -0.00883113 0.00205374 0.0213151
internal_weight=665.285 163.82 70.4426 55.7158 93.377 89.5397 14.7267 501.465 35.7913 6.69045 465.674 64.3777 401.296 29.1008
internal_count=1876 500 242 184 258 240 58 1376 87 24 1289 202 1087 63
is_linear=0
shrinkage=0.03


Tree=170
num_leaves=16
num_cat=0
split_feature=54 24 66 35 58 57 22 24 2 52 18 4 10 61 60
split_gain=3.43979 12.1377 8.37011 12.3988 7.04467 7.42096 6.61811 6.32646 13.9264 12.7709 11.199 27.5443 12.6063 5.05951 4.2492
threshold=-1.1424469947814939 232.50000000000003 -0.84657588601112355 -1.831962466239929 5250.0000000000009 0.8341403901576997 583447.34375000012 486.00000000000006 5020.6699218750009 -0.023293245583772656 451.24349975585943 450857.93750000006 -0.00048149999929592008 233.83756256103518 0.0026631031651049857
decision_type=2 2 2 2 2 2 2 2 2 2 2 2 2 2 2
left_child=1 2 3 -1 5 -3 -6 10 14 -10 12 -12 -2 -4 -9
right_child=7 4 13 -5 6 -7 -8 8 9 -11 11 -13 -14 -15 -16
leaf_value=-0.034305684661291538 0.0073998163902241447 -0.0042270898557954604 -0.044606163163393102 0.028639689258678196 -0.046659594791187649 0.029626556330984533 0.0080665690336685237 -0.047587123743486011 -0.038738372254289576 -0.0012664793577862473 0.017426092006343204 -0.041859907952429457 -0.005366033165798827 -0.0061657387156076396 0
leaf_weight=4.2294641733169547 107.22484038025141 7.2230309545993796 6.9147997796535474 8.3312568217515963 2.6407365053892118 27.256123214960098 7.8767025023698807 8.553915470838545 8.5707252323627454 188.52247303724289 73.010624825954437 7.7826456278562537 198.24367925524712 5.9259460717439651 2.2553031891584387
leaf_count=17 260 22 35 15 12 50 20 38 35 539 161 32 614 19 7
internal_value=0.000215613 0.00648916 -0.0100179 0.00720579 0.0158744 0.0224476 -0.00538893 -0.000522644 -0.00474601 -0.00291119 0.00174278 0.0116781 -0.000875174 -0.0270997 -0.0379243
internal_weight=664.562 70.3981 25.4015 12.5607 44.9966 34.4792 10.5174 594.164 207.902 197.093 386.262 80.7933 305.469 12.8407 10.8092
internal_count=1876 190 86 32 104 72 32 1686 619 574 1067 193 874 54 45
is_linear=0
shrinkage=0.03


Tree=171
num_leaves=15
num_cat=0
split_feature=39 39 54 48 41 56 2 28 0 61 43 56 58 37
split_gain=3.3807 9.78701 11.2772 12.4521 11.2916 7.51722 9.31939 14.5496 11.7407 7.8952 16.2725 16.0722 6.93058 6.85078
threshold=1.5854570269584658 2.0604897737503056 -0.41956053674221033 0.81907367706298839 0.31262107193470007 5.8713526725769052 22521.369140625004 415.50000000000006 224880.50000000003 173.34723663330081 24921294.000000004 5.0932388305664071 16630.000000000004 -2.5411057472228999
decision_type=2 2 2 2 2 2 2 2 2 2 2 2 2 2
left_child=5 12 4 -4 -3 9 7 -7 -8 10 -1 -11 13 -2
right_child=1 2 3 -5 -6 6 8 -9 -10 11 -12 -13 -14 -15
leaf_value=0.0073513026569272449 0.040931442393597861 -0.041693011652004397 0.0068138947308810354 -0.029874753325213183 0.0014474920120170227 -0.029612148007713585 -0.038509224389050523 0.042073694122062952 0.023558862059899585 -0.0042193965235325865 -0.045238802344611015 0.032532846797286956 0.036011476514143659 0.0041461502362754761
leaf_weight=147.61906001716852 5.2749963551759711 11.055874764919283 90.316627494990826 9.1526161432266218 10.533182829618452 4.8939930647611636 16.132297031581405 5.2784138917922974 3.2414921522140494 296.92087673395872 5.4795619994401923 11.095933243632315 10.948364913463591 35.709487892687321
leaf_count=372 7 47 235 36 30 18 70 7 6 890 27 18 17 96
internal_value=0.000208317 0.00381815 -0.00083208 0.00340785 -0.020506 -0.00105828 -0.0157284 0.00729038 -0.0279696 -0.000111775 0.00544945 -0.0028857 0.0147159 0.00895388
internal_weight=663.653 172.991 121.058 99.4692 21.5891 490.662 29.5462 10.1724 19.3738 461.115 153.099 308.017 51.9328 40.9845
internal_count=1876 468 348 271 77 1408 101 25 76 1307 399 908 120 103
is_linear=0
shrinkage=0.03


Tree=172
num_leaves=13
num_cat=0
split_feature=61 38 41 48 54 61 21 68 63 53 9 4
split_gain=3.39023 9.12003 7.68461 5.56777 12.1342 8.91844 6.42004 10.607 7.30619 4.27811 3.76146 2.8446
threshold=516.01684570312511 0.95199960470199596 1.0861398577690127 1.8220543265342715 0.72115349769592296 188.1010437011719 211.83351135253909 19.524034500122074 144.08512115478518 -0.85997980833053578 1128434.2500000002 812573.21875000012
decision_type=2 2 2 2 2 2 2 2 2 2 2 2
left_child=3 2 9 6 5 -5 8 -8 -1 -2 -3 -6
right_child=1 10 -4 4 11 -7 7 -9 -10 -11 -12 -13
leaf_value=-0.033181521061455249 -0.0068924272360135104 -0.047986932888296328 -0.023040189591309192 0.016482364571087468 -0.047543548068557102 -0.020991230485731274 0.025072032715162361 -0.019961463317658034 0.0014773516995425489 0.026732448291573514 0 -0.0075107789206144797
leaf_weight=5.5228314101696006 3.8548744320869508 3.0709152519702902 3.9164687544107428 12.882167883217337 8.1173939257860166 10.273704797029493 5.6048457175493231 28.016212776303291 554.21354588866234 22.453156277537346 2.6357408612966537 2.2209176868200293
leaf_count=23 12 14 15 28 37 38 11 102 1538 42 7 9
internal_value=0.000202536 0.00916709 0.0157959 -0.000306527 -0.0122093 -1.42131e-05 0.00036031 -0.0123649 0.00113002 0.0216914 -0.0254156 -0.0392337
internal_weight=662.783 35.9312 30.2245 626.852 33.4942 23.1559 593.357 33.6211 559.736 26.308 5.70666 10.3383
internal_count=1876 90 69 1786 112 66 1674 113 1561 54 21 46
is_linear=0
shrinkage=0.03


Tree=173
num_leaves=16
num_cat=0
split_feature=40 10 69 71 61 44 10 62 43 45 26 34 34 10 34
split_gain=3.36118 11.748 10.7244 10.6095 9.78596 17.4713 15.0883 8.49622 7.65216 11.7562 8.46801 8.03296 12.8383 8.77199 7.54532
threshold=0.40463475883007055 -0.00019699999393196774 93.166805267333999 792.10766601562511 180.43921661376956 3073.315063476563 -0.00061849999474361528 1575.934509277344 756.90496826171886 0.31410922110080725 23.003566741943363 0.97363457083702099 1.3880043029785158 -0.00041750000673346216 1.4595374464988711
decision_type=2 2 2 2 2 2 2 2 2 2 2 2 2 2 2
left_child=8 4 7 -4 6 -6 -2 -3 11 14 -11 13 -13 -1 -10
right_child=1 2 3 -5 5 -7 -8 -9 9 10 -12 12 -14 -15 -16
leaf_value=0.00078838761623702266 -0.016550420159453592 0.0097370435941757788 0.043049781710557525 -0.013295758134154794 0.003291491269885297 -0.02389651095351478 0.017087550254915124 -0.028470742071221841 0.001822622658260489 -0.007290261401623194 -0.045252168978448172 -0.03052951815296032 0.017493087224941289 0.023655997633573889 0.026930170689893278
leaf_weight=24.693253248929977 15.307881087064741 6.0504223257303229 4.9849969148635846 7.4732600152492523 69.694472819566727 30.533623665571213 54.47327633202076 34.364732705056667 256.9408788792789 80.790345303714275 5.7056676894426337 10.125487983226778 9.8488218784332258 40.006481312215328 11.273674398660658
leaf_count=67 49 15 7 27 182 111 117 136 712 260 28 40 22 82 21
internal_value=0.00019589 -0.00279977 -0.0151539 0.00900932 0.00102474 -0.00496117 0.0096654 -0.0226765 0.0017223 -0.000203739 -0.00982908 0.00982616 -0.00670061 0.0149747 0.00288914
internal_weight=662.267 222.883 52.8734 12.4583 170.009 100.228 69.7812 40.4152 439.385 354.711 86.496 84.674 19.9743 64.6997 268.215
internal_count=1876 644 185 34 459 293 166 151 1232 1021 288 211 62 149 733
is_linear=0
shrinkage=0.03


Tree=174
num_leaves=13
num_cat=0
split_feature=31 21 20 18 10 6 58 18 55 60 39 7
split_gain=3.32754 7.24291 6.96603 5.39977 10.799 13.4413 10.1279 8.65931 14.9824 11.6189 4.15978 5.39343
threshold=-10.981309890747069 -66.758998870849595 889924.15625000012 55.944499969482429 -0.00040650001028552646 -1749775.4374999998 -16688.187499999996 142.6860046386719 1.5933554172515871 -0.00036040479608345771 -1.024051785469055 2.0882905721664433
decision_type=2 2 2 2 2 2 2 2 2 2 2 2
left_child=1 2 -1 4 6 -6 -2 8 -5 -9 -3 -12
right_child=3 10 -4 7 5 -7 -8 9 -10 -11 11 -13
leaf_value=-0.0464947351405645 -0.034247654544914151 0.041217953646982761 0.0093368391270165496 0.011102089059008485 -0.022060569824161224 0.035560977637732097 0.0077445399164297211 -0.0070999935389821252 -0.048830756256322126 0.0029616342263820462 0.02810113247446213 -0.01499680512994004
leaf_weight=3.2303013801574725 5.8338003754615775 6.4603731632232693 5.1710242331027985 98.429691199213266 42.826499260962009 3.9452307373285285 44.637241058051586 167.65766463428736 3.8869503289461127 268.69607402384281 6.3049905821681005 4.3669034242630005
leaf_count=15 24 9 13 240 164 6 109 526 17 726 13 14
internal_value=0.000190286 0.0108116 -0.0117733 -0.000231472 -0.00674168 -0.017136 0.00283134 0.000938206 0.00879595 -0.000897411 0.0220619 0.0101845
internal_weight=661.447 25.5336 8.40133 635.913 97.2428 46.7717 50.471 538.67 102.317 436.354 17.1323 10.6719
internal_count=1876 64 28 1812 303 170 133 1509 257 1252 36 27
is_linear=0
shrinkage=0.03


Tree=175
num_leaves=13
num_cat=0
split_feature=67 65 67 65 13 38 56 27 7 58 48 33
split_gain=3.34993 25.0512 10.9999 18.458 14.4578 8.52672 8.14975 11.969 11.3918 7.325 6.69166 4.94332
threshold=-0.72569340467452992 -0.6348150074481963 -1.0064536333084104 -0.50727164745330799 1544920.8125000002 -1.3081461191177366 0.70655396580696117 4223.2597656250009 1.2226604819297793 -1405.9999999999998 -0.67455187439918507 -1.4173306226730344
decision_type=2 2 2 2 2 2 2 2 2 2 2 2
left_child=2 11 3 10 -5 -4 8 -8 -3 -7 -1 -2
right_child=1 6 5 4 -6 9 7 -9 -10 -11 -12 -13
leaf_value=-0.0050553496068062058 -0.0081938025309345498 -0.015227963868763735 -0.013729151751305577 -0.037220118976339915 0.037173576795889653 0.0013003057596151155 0.01950154631097031 0.00041977421558039737 0.0014355490077759448 0.039223468248667293 0.0059425594797257427 -0.04819660157214227
leaf_weight=68.450471892952919 3.8689089566469184 61.509688280522823 5.2360312193632152 17.274751991033558 2.6821531057357779 6.6188072413206163 36.496711030602455 158.0612960755825 91.667793821543455 16.236891582608219 180.73032815009356 11.983810313045977
leaf_count=200 12 208 18 72 4 19 79 451 264 25 470 54
internal_value=0.000184654 -0.0017417 0.00255117 0.000675106 -0.0270715 0.0204184 -5.17098e-05 0.0040147 -0.00523624 0.0283725 0.00290937 -0.038623
internal_weight=660.818 363.588 297.229 269.138 19.9569 28.0917 347.735 194.558 153.177 22.8557 249.181 15.8527
internal_count=1876 1068 808 746 76 62 1002 530 472 44 670 66
is_linear=0
shrinkage=0.03


Tree=176
num_leaves=13
num_cat=0
split_feature=41 55 61 70 26 28 70 55 28 55 41 31
split_gain=3.35733 7.94476 6.52258 13.2614 11.5161 5.79597 16.2367 15.7317 14.2924 9.69234 8.40518 7.72727
threshold=0.71380725502967846 1.0646668672561648 180.43921661376956 837.51962280273449 11.372471332550051 -840.53124999999989 5172985.7500000009 0.47065186500549322 -567.24999999999989 -0.15534422546625135 -1.8444297909736631 -3.1284391880035396
decision_type=2 2 2 2 2 2 2 2 2 2 2 2
left_child=5 2 4 -4 -2 6 10 -8 11 -10 -1 -7
right_child=1 -3 3 -5 -6 8 7 -9 9 -11 -12 -13
leaf_value=-0.018725440427030358 0.026611596115987769 -0.039763464967496429 0.019509183867113925 -0.012501904043458412 -0.0022837470361576086 -0.043424804092683511 -0.044112184679459099 0.030574533599575095 0.0081201733468628454 -0.0019742556263235116 0.017193997091939094 -0.0081375375250182097
leaf_weight=6.354849472641944 16.38542178273201 5.2883842438459387 13.679943367838858 76.416808553040028 50.631366983056068 9.6701501607894915 8.9862030446529371 3.4893246442079535 126.89553761482239 262.37147538363934 66.157218262553215 13.851253002882002
leaf_count=24 30 32 28 262 148 40 44 6 315 758 146 43
internal_value=0.000179098 -0.00356118 -0.00232353 -0.00760817 0.00473632 0.00140541 0.00853999 -0.0229823 -5.62372e-05 0.00130868 0.0140047 -0.0227724
internal_weight=660.178 162.402 157.114 90.0968 67.0168 497.776 84.9876 12.4755 412.788 389.267 72.5121 23.5214
internal_count=1876 500 468 290 178 1376 220 50 1156 1073 170 83
is_linear=0
shrinkage=0.03


Tree=177
num_leaves=13
num_cat=0
split_feature=54 71 20 20 57 60 33 26 37 43 41 41
split_gain=3.33143 4.65441 11.6604 17.3916 15.7228 7.43671 7.67742 4.62433 9.41732 5.06963 6.31818 1.65506
threshold=-1.3779492378234861 2174389.2500000005 146125.22656250003 245199.78125000003 1.0081720352172854 -0.017161590978503224 1.4461054205894472 9.1567816734313983 -1.8814530968666074 712228.34375000012 1.7089341878890993 0.71380725502967846
decision_type=2 2 2 2 2 2 2 2 2 2 2 2
left_child=7 5 4 -4 -3 -2 -7 9 -9 10 -1 -10
right_child=1 2 3 -5 -6 6 -8 8 11 -11 -12 -13
leaf_value=-0.011116718020174205 0.026098177792056327 0.0073887578102982037 0.030634534472806254 0.0026493138604407147 -0.035749762917162073 -0.003382104910004811 0.01286014313774274 0.016554094107797183 -0.043589609816942848 0.033754814031354517 0.039248294469955335 -0.0075928319457110949
leaf_weight=7.4833201617002505 8.3901427015662176 16.20729644596577 24.721026599407196 106.02618975937366 14.180171035230158 427.03081452846527 27.841699294745922 8.4006048887968046 4.0787819735705844 9.9514608681201917 3.1822614371776581 1.9070007428526876
leaf_count=26 17 44 44 292 60 1257 66 18 22 16 5 9
internal_value=0.000173174 -0.000327067 0.00405889 0.00796356 -0.0126429 -0.00185909 -0.00238136 0.00918226 -0.00369847 0.0183158 0.00362928 -0.0326226
internal_weight=659.401 624.397 161.135 130.747 30.3875 463.263 454.873 35.0034 14.3864 20.617 10.6656 5.98578
internal_count=1876 1780 440 336 104 1340 1323 96 49 47 31 31
is_linear=0
shrinkage=0.03


Tree=178
num_leaves=14
num_cat=0
split_feature=7 70 27 23 65 40 56 57 13 53 61 58 72
split_gain=3.25845 8.41114 13.2453 8.43222 8.04441 11.7639 8.24704 6.02733 6.277 10.5573 8.00799 4.02412 3.45123
threshold=2.6096384525299077 1573.7178955078127 -27363.999999999996 540.50000000000011 -0.45085716247558588 -1.7361447811126707 1.3457973003387453 2.6494725942611699 447209.84375000006 0.078961126506328597 140.44281005859378 1684.0000000000002 -925385.46874999988
decision_type=2 2 2 2 2 2 2 2 2 2 2 2 2
left_child=7 2 3 -2 5 -3 -6 8 10 -10 -1 -4 -9
right_child=1 4 11 -5 6 -7 -8 12 9 -11 -12 -13 -14
leaf_value=-0.0067652603745047037 -0.039590265678054085 -0.034813686489003084 0.035817245256340981 0.022256623190869195 -0.026891011422748943 0.0089135465282430392 0.0066938084404866514 0.0034612815159355075 0.001143378301609467 -0.01335254530751206 0.0038277833504852697 0.0093171446568758153 0.040167400201251313
leaf_weight=86.48638204485178 5.104414224624632 6.023439720273017 17.920587778091434 3.1802876144647598 16.898131638765339 66.152739062905312 10.580319613218306 4.687190979719162 93.156044617295265 87.238286018371582 248.68447254598141 7.7199468016624442 4.940918952226637
leaf_count=272 20 27 28 6 64 160 28 13 260 308 663 19 8
internal_value=0.000168522 0.00435592 0.0172583 -0.0154867 -6.30018e-06 0.00522274 -0.0138503 -0.000890807 -0.00133549 -0.00585019 0.00108544 0.0279555 0.0226096
internal_weight=658.773 133.58 33.9252 8.2847 99.6546 72.1762 27.4785 525.193 515.565 180.394 335.171 25.6405 9.62811
internal_count=1876 352 73 26 279 187 92 1524 1503 568 935 47 21
is_linear=0
shrinkage=0.03


Tree=179
num_leaves=13
num_cat=0
split_feature=54 45 14 59 71 56 5 22 6 60 3 41
split_gain=3.29958 15.463 9.65032 7.24081 5.89608 14.124 12.4183 11.1991 10.3464 8.38319 5.43471 1.40901
threshold=-1.1424469947814939 -0.92720413208007801 3261.0000000000005 0.77676793932914745 2174389.2500000005 3.6153670549392705 3430869.6250000005 5151.7500000000009 -45684157.999999993 -0.017161590978503224 -4545.7739257812491 1.0000000180025095e-35
decision_type=2 2 2 2 2 2 2 2 2 2 2 2
left_child=1 11 3 -3 6 8 9 -7 -6 -2 -4 -1
right_child=4 2 10 -5 5 7 -8 -9 -10 -11 -12 -13
leaf_value=-0.045198940492409093 0.028765729869044292 -0.0088769438065715127 0.0091356667646280056 0.020236550286920077 -0.032164260811899277 0.014019414124441501 -0.045789781856790293 -0.029757465777126121 0.01024334058423633 -0.0023323274979201187 -0.043654377828807323 -0.013163953178209661
leaf_weight=4.8550898246467105 7.937553606927394 9.0710622295737249 2.8855266124010086 46.088608756661415 5.3726873546838751 7.4861836433410671 5.8484639674425116 17.114993512630463 123.9665200188756 421.24437569826841 4.1854673251509658 2.0582274124026299
leaf_count=23 15 30 7 100 20 19 27 68 311 1226 22 8
internal_value=0.000164082 0.00636728 0.0111327 0.0153944 -0.000559067 0.00448015 -0.00234915 -0.0163141 0.00845855 -0.00175019 -0.0216876 -0.0360955
internal_weight=658.115 69.144 62.2307 55.1597 588.971 153.94 435.03 24.6012 129.339 429.182 7.07099 6.91332
internal_count=1876 190 159 130 1686 418 1268 87 331 1241 29 31
is_linear=0
shrinkage=0.03


Tree=180
num_leaves=15
num_cat=0
split_feature=39 54 51 28 40 30 53 27 52 68 27 30 13 4
split_gain=3.23885 9.28655 15.742 13.3343 8.37994 15.1227 8.90438 6.88287 12.2757 8.36457 6.49463 6.29283 3.50406 2.6268
threshold=1.5854570269584658 -0.19261851161718366 -0.0082834665663540346 326.34375000000006 -1.6110805869102476 1708.544372558594 1.0002592206001284 -57982.999999999993 -0.015883939340710636 16.717885971069339 -44591.312499999993 1783.8480224609377 1051886.3125000002 2367.295043945313
decision_type=2 2 2 2 2 2 2 2 2 2 2 2 2 2
left_child=7 2 12 -4 5 -3 -6 8 13 11 -11 -9 -2 -1
right_child=1 4 3 -5 6 -7 -8 9 -10 10 -12 -13 -14 -15
leaf_value=-0.051532104257313777 -0.047491380701359755 0.019980598228854271 0.016938507505142746 -0.024938130914243791 0.015610759020292721 -0.04311279151396586 -0.0029290752713446674 0.040603438912248539 0.01057386809339184 0.01785623457776284 -0.0018602311425812436 0.0028902857669987256 -0.0096743249430772497 -0.015049515343165579
leaf_weight=7.0524979680776614 8.7586186081171018 6.2077731713652593 20.531235985457901 10.242036387324331 82.828989371657372 7.503830760717392 32.097454696893692 7.624431952834132 6.7757007032632819 15.551652133464811 437.64936409518123 8.7247801721096021 3.2344357147812834 2.7209539413452148
leaf_count=30 40 14 47 39 182 38 97 11 16 34 1282 25 11 10
internal_value=0.000158568 0.00370838 -0.0083687 0.00290353 0.00774679 -0.0143292 0.0104067 -0.00108697 -0.0201058 -0.000410264 -0.00117704 0.0206613 -0.0375426 -0.0416822
internal_weight=657.504 171.404 42.7663 30.7733 128.638 13.7116 114.926 486.099 16.5492 469.55 453.201 16.3492 11.9931 9.77345
internal_count=1876 468 137 86 331 52 279 1408 56 1352 1316 36 51 40
is_linear=0
shrinkage=0.03


Tree=181
num_leaves=12
num_cat=0
split_feature=41 55 58 55 21 58 56 1 1 38 50
split_gain=3.21277 7.52796 7.32327 10.8912 8.67308 5.55808 13.0594 10.8548 10.3065 6.35113 8.52798
threshold=0.71380725502967846 1.0646668672561648 -2196.9999999999995 1.0000000180025095e-35 602.94149780273449 -8221.4999999999982 0.28889268636703497 23007.711914062504 23770.243164062504 -3.2709047794342037 -0.0073255638126283875
decision_type=2 2 2 2 2 2 2 2 2 2 2
left_child=5 2 3 -2 -4 6 8 -8 -1 -7 -11
right_child=1 -3 4 -5 -6 9 7 -9 -10 10 -12
leaf_value=0.0043694500870100732 -0.020731980197529674 -0.039272432447014671 0.00063738319429383009 0.0068442873784478305 0.044607295630414698 0.032091280688639735 0.029344086006702682 0.0057358568597649763 -0.038139736354018933 -0.025850857228495353 2.6370796315719406e-05
leaf_weight=11.749677985906603 36.465166479349136 5.1419409587979308 95.664591856300831 19.73001429438591 4.2238304615020743 5.3678337931632987 24.8415737003088 61.13046994805336 8.9704927876591665 11.819164007902144 371.70665982365608
leaf_count=30 132 32 274 57 5 10 43 153 38 48 1054
internal_value=0.000153497 -0.00351995 -0.00232291 -0.0109966 0.00252671 0.00135461 0.00742131 0.0125923 -0.0138895 -0.000302069 -0.000763269
internal_weight=656.811 161.226 156.084 56.1952 99.8884 495.586 106.692 85.972 20.7202 388.894 383.526
internal_count=1876 500 468 189 279 1376 264 196 68 1112 1102
is_linear=0
shrinkage=0.03


Tree=182
num_leaves=9
num_cat=0
split_feature=41 41 44 14 31 21 61 61
split_gain=3.19329 4.75632 6.96358 6.64638 5.5741 11.7257 6.54022 3.75309
threshold=3.4412982463836674 0.71380725502967846 11385380.500000002 3602.5000000000005 6.988880157470704 -88.159000396728501 144.0122985839844 180.43921661376956
decision_type=2 2 2 2 2 2 2 2
left_child=1 4 3 -3 6 -6 -1 -2
right_child=7 2 -4 -5 5 -7 -8 -9
leaf_value=-0.0035525959239463205 0.034083631729167896 -0.0020704189484850085 -0.043789134384356027 -0.029368354194993732 -0.018715547465278655 0.012105363888837855 0.0046043867120727318 -0.0029078026142801551
leaf_weight=121.20083939656615 5.356919050216673 138.69148813188076 4.0195938274264327 8.5536958798766118 32.697230935096741 16.707071878015995 324.61654670536518 4.322227954864502
leaf_count=365 9 413 21 45 116 43 852 12
internal_value=0.000149389 -0.000102076 -0.00476232 -0.00367657 0.00131533 -0.0082321 0.00238008 0.0172551
internal_weight=656.166 646.486 151.265 147.245 495.222 49.4043 445.817 9.67915
internal_count=1876 1855 479 458 1376 159 1217 21
is_linear=0
shrinkage=0.03


Tree=183
num_leaves=13
num_cat=0
split_feature=6 69 37 6 72 29 48 43 29 61 11 45
split_gain=3.16144 16.7807 8.01162 4.74985 20.9037 19.0183 10.2623 12.6598 9.46986 6.48206 2.45503 0.99981
threshold=-974768.53124999988 85.485301971435561 1.7619713544845583 -31028771.999999996 -891447.78124999988 1810.9971923828127 -0.82868701219558705 266.80499267578131 1553.309020996094 467.19123840332037 58.20000076293946 0.72946125268936168
decision_type=2 2 2 2 2 2 2 2 2 2 2 2
left_child=3 2 -2 6 9 -6 7 -1 -8 -5 -4 -3
right_child=1 11 10 4 5 -7 8 -9 -10 -11 -12 -13
leaf_value=0.0073060175514327698 -0.014935776532919227 -0.046280862624330794 0.049950838511572011 -0.037523436101076238 -0.0050126793021523976 0.028026242567245674 0.018166192445519043 -0.018459403584772015 0.0016318355582420096 0.007540625113313981 0.023567365480075941 -0.01734742003645743
leaf_weight=26.738044284284115 4.2565372586250367 3.543126016855239 4.584845423698428 19.997480943799022 105.96615938842297 18.403131365776062 34.107761666178703 47.289221659302711 371.7997784242034 3.2296385914087287 13.698003455996512 2.130819633603096
leaf_count=70 14 16 5 86 323 33 73 169 1044 8 27 8
internal_value=0.000144328 0.00997135 0.0216629 -0.000292706 -0.005003 -9.97332e-05 0.00114962 -0.00911262 0.00302858 -0.0311283 0.0303477 -0.0359438
internal_weight=655.745 28.2133 22.5394 627.531 147.596 124.369 479.935 74.0273 405.908 23.2271 18.2828 5.67395
internal_count=1876 70 46 1806 450 356 1356 239 1117 94 32 24
is_linear=0
shrinkage=0.03


Tree=184
num_leaves=16
num_cat=0
split_feature=40 10 69 2 58 10 62 43 45 33 28 38 72 61 56
split_gain=3.22541 10.7315 9.95035 9.41904 15.4729 9.31213 7.82836 7.04998 11.024 8.35158 7.96893 9.83021 7.03921 6.4262 6.14557
threshold=0.40463475883007055 -0.00019699999393196774 93.166805267333999 11804.171386718752 337.50000000000006 -0.00063750002300366748 1575.934509277344 756.90496826171886 0.31410922110080725 1.4461054205894472 363.00000000000006 1.8388978242874148 -2500725.2499999995 217.94400787353518 0.41984193027019506
decision_type=2 2 2 2 2 2 2 2 2 2 2 2 2 2 2
left_child=7 3 6 4 -2 -5 -3 10 12 -10 14 -12 -9 -4 -1
right_child=1 2 13 5 -6 -7 -8 8 9 -11 11 -13 -14 -15 -16
leaf_value=0.0038232269067764901 0.0045539158958831805 0.0091573664512956052 -0.022007789438022802 -0.014262456760232864 -0.041803309717747504 0.0071689326283235688 -0.027624707281709029 -0.01974016632945215 -0.012329678155267153 0.0224875099682698 -0.037558494932487703 0.0065775065694568596 0.0038661297577033465 0.024008712052040387 0.023174242583857734
leaf_weight=26.003760732710361 14.668768882751467 6.0181958228349677 4.0212240219116202 21.424476131796837 11.467795982956885 120.73505187034607 33.857724830508232 11.869764067232607 78.957000844180584 6.6729586571454993 6.3190283030271557 15.920213013887404 253.33424220979214 8.2758215069770795 35.510207012295723
leaf_count=71 39 15 16 68 49 303 136 44 275 13 26 41 689 18 73
internal_value=0.000140075 -0.00281047 -0.0147012 0.000857918 -0.0156712 0.00391796 -0.0219982 0.00164381 -0.000214758 -0.00958142 0.00946498 -0.00582834 0.00279827 0.00871702 0.0150428
internal_weight=655.056 220.469 52.173 168.296 26.1366 142.16 39.8759 434.587 350.834 85.63 83.7532 22.2392 265.204 12.297 61.514
internal_count=1876 644 185 459 88 371 151 1232 1021 288 211 67 733 34 144
is_linear=0
shrinkage=0.03


Tree=185
num_leaves=12
num_cat=0
split_feature=7 14 14 49 5 24 18 54 19 45 46
split_gain=3.21259 6.81934 9.68753 11.284 8.22465 6.44581 15.031 7.53975 7.50212 6.03161 5.57916
threshold=2.6096384525299077 3602.5000000000005 3359.5000000000005 1.6972788572311404 249.79999542236331 8.5000000000000018 20.826999664306644 7.7886366844177255 16639.104492187504 -0.77190139889717091 -0.3226765096187591
decision_type=2 2 2 2 2 2 2 2 2 2 2
left_child=5 2 3 -2 -3 9 8 -8 -7 -1 -4
right_child=1 4 10 -5 -6 6 7 -9 -10 -11 -12
leaf_value=0.031092405654443846 0.0046198837024396871 -0.042666513218436182 0.00057449637172661441 -0.038080239633424211 0.023103777918692583 -0.0092217254014293031 -2.128658439692544e-05 -0.036387021505844538 -0.045566544445841933 -0.0099628934229012978 0.03388348928243589
leaf_weight=10.432904496788977 96.349890291690826 5.5787664651870719 6.6466225236654308 5.9037080705165854 2.4034041240811348 11.199487566947939 480.73840611055493 5.1884207576513282 9.8147031143307668 4.5216132700443259 15.539167463779448
leaf_count=18 250 28 19 24 6 40 1383 22 46 15 25
internal_value=0.000135962 0.00431313 0.00605636 0.00212521 -0.0224875 -0.000918171 -0.00149628 -0.000415751 -0.0263394 0.0184784 0.0240397
internal_weight=654.317 132.422 124.439 102.254 7.98217 521.896 506.941 485.927 21.0142 14.9545 22.1858
internal_count=1876 352 318 274 34 1524 1491 1405 86 33 44
is_linear=0
shrinkage=0.03


Tree=186
num_leaves=14
num_cat=0
split_feature=54 45 16 43 24 52 51 18 4 42 3 3 54
split_gain=3.1821 14.5879 8.838 6.80578 5.80797 10.4986 13.2159 10.2256 24.8127 11.309 5.24885 2.58645 1.42136
threshold=-1.1424469947814939 -0.92720413208007801 3261.5000000000005 1651106.3750000002 486.00000000000006 -0.023293245583772656 -0.0054659345187246791 451.24349975585943 450857.93750000006 -0.00048149999929592008 -4545.7739257812491 716.92401123046886 -1.6705458164215086
decision_type=2 2 2 2 2 2 2 2 2 2 2 2 2
left_child=1 12 3 -3 7 11 -7 9 -9 -2 -4 -6 -1
right_child=4 2 10 -5 5 6 -8 8 -10 -11 -12 -13 -14
leaf_value=-0.012764418867344668 0.0069735356787206356 0.019831002794752705 0.009366787150201691 -0.0079507115465493952 -0.0479147812403962 0.0099747124992233451 -0.0078232067834276952 0.016635043265438777 -0.040184055106991835 -0.0052080342335615072 -0.042842272383116685 -0.0086398175293766147 -0.044735238585384293
leaf_weight=2.1105937585234642 105.7127186357975 45.257759183645248 2.879545122385025 9.4525284916162473 6.0927979052066785 50.436848983168602 146.01357892155647 72.096197813749313 7.6258284896612158 195.02046179771423 4.0725117102265349 2.2715867608785629 4.7084048353135577
leaf_count=8 260 101 7 29 28 123 461 161 32 614 22 7 23
internal_value=0.000131425 0.00625392 0.0108956 0.0149762 -0.000579831 -0.00465671 -0.00323848 0.00160703 0.0111624 -0.000916034 -0.0207857 -0.0376072 -0.0352797
internal_weight=653.751 68.4813 61.6623 54.7103 585.27 204.815 196.45 380.455 79.722 300.733 6.95206 8.36438 6.819
internal_count=1876 190 159 130 1686 619 584 1067 193 874 29 35 31
is_linear=0
shrinkage=0.03


Tree=187
num_leaves=12
num_cat=0
split_feature=42 35 28 59 46 29 17 63 46 48 31
split_gain=3.18568 9.15236 6.40499 7.03093 4.71117 12.8108 12.8538 8.62607 7.73582 7.14342 6.23291
threshold=0.001355000014882535 1.9316873550415041 1.0000000180025095e-35 1.0709406137466433 0.99099609255790722 2940.9213867187505 1416.276550292969 3075.6027832031255 0.64082613587379467 0.52218380570411693 3.7942197322845463
decision_type=2 2 2 2 2 2 2 2 2 2 2
left_child=4 2 3 -2 8 6 -6 -7 9 -1 -10
right_child=1 -3 -4 -5 5 7 -8 -9 10 -11 -12
leaf_value=0.00080334440919688265 0.021400771342434927 -0.030461004023615061 0.034323781026603557 -0.041347357672231279 -0.028044218469369928 0.030892321765915432 -0.0024404790453905799 -0.0015698819501394066 0.018362414358750686 -0.013331089160522258 -0.0093974347167770263
leaf_weight=445.72005742788315 4.1880758404731813 3.823269009590148 11.252846762537954 2.5982740670442581 30.102132961153984 11.249166414141653 43.348505616188049 20.888883300125599 36.133233681321144 34.677161417901516 8.9600595012307149
leaf_count=1262 9 15 17 15 118 20 132 62 79 118 29
internal_value=0.000126792 0.0113883 0.0204242 -0.0021814 -0.000258585 -0.0060448 -0.0129745 0.0096994 0.00089835 -0.000210696 0.01278
internal_weight=652.942 21.8625 18.0392 6.78635 631.079 105.589 73.4506 32.138 525.491 480.397 45.0933
internal_count=1876 56 41 24 1820 332 250 82 1488 1380 108
is_linear=0
shrinkage=0.03


Tree=188
num_leaves=12
num_cat=0
split_feature=50 50 38 20 54 38 10 33 47 70 20
split_gain=3.16948 11.686 6.81421 11.7422 6.63409 6.52277 12.1398 6.38546 4.51807 3.61622 6.15691
threshold=0.0069218368735164413 0.0060875709168612966 2.6441124677658085 384849.14062500006 1.0705370903015139 2.5240839719772343 -0.00030549999792128796 1.4461054205894472 0.58466458320617687 1165230.3750000002 1568445.5000000002
decision_type=2 2 2 2 2 2 2 2 2 2 2
left_child=1 5 3 8 -5 7 -7 -1 -2 10 -4
right_child=2 -3 9 4 -6 6 -8 -9 -10 -11 -12
leaf_value=-4.694846322504916e-06 0.024603733599086432 -0.042834837031091186 -0.017704146046981402 -0.0048649673147995358 -0.045864519782871774 -0.044622768745714109 -0.00098602256292186627 0.016941622259263434 -0.010154050975558512 0.03342699863379639 0.030900509820377762
leaf_weight=545.69815628230572 13.123170830309393 5.809847079217433 4.4866720810532588 9.9146001487970334 5.7096131742000571 8.3214510828256625 18.958374582231045 20.75968174636364 4.3859551995992652 10.369629845023153 4.8339737951755524
leaf_count=1561 28 29 17 31 26 41 55 45 16 18 9
internal_value=0.000122727 -0.000493277 0.00717115 -0.00104907 -0.0200396 -7.39028e-05 -0.014407 0.000611062 0.0157257 0.0211559 0.00718186
internal_weight=652.371 599.548 52.8236 33.1333 15.6242 593.738 27.2798 566.458 17.5091 19.6903 9.32065
internal_count=1876 1731 145 101 57 1702 96 1606 44 44 26
is_linear=0
shrinkage=0.03


Tree=189
num_leaves=11
num_cat=0
split_feature=61 36 60 35 1 56 20 41 41 13
split_gain=3.13952 8.81101 9.97411 7.85762 4.51763 10.0646 11.1768 4.3095 5.42845 2.7588
threshold=516.01684570312511 -1.2792893648147581 0.00083929832908324908 -1.4530095458030698 4186.0139160156259 0.052303260192275054 490055.53125000006 3.4412982463836674 0.71380725502967846 447209.84375000006
decision_type=2 2 2 2 2 2 2 2 2 2
left_child=4 9 3 -3 5 -1 -7 8 -6 -2
right_child=1 2 -4 -5 7 6 -8 -9 -10 -11
leaf_value=-0.044489611304429688 0.036355578294723016 0.0020443048733670504 0.021583552435311126 -0.046497849659141707 0.0013715652307578455 0.016712697387939429 -0.046538294979433723 0.020635831039524884 -0.0054281904426986228 0.0098621857466277378
leaf_weight=6.6703878045082119 9.2040793001651746 5.8874630928039542 7.8634823858737937 5.8921701610088375 449.51868307217956 9.9180251061916334 3.3667029291391364 9.0518796443939191 138.08624145388603 6.3471561819314948
leaf_count=32 15 17 16 27 1253 23 15 19 444 15
internal_value=0.000118276 0.00883667 -0.0043891 -0.0219818 -0.000374478 -0.0144167 0.000457393 9.01336e-05 -0.000221261 0.0257353
internal_weight=651.806 35.1944 19.6431 11.7796 616.612 19.9551 13.2847 596.657 587.605 15.5512
internal_count=1876 90 60 44 1786 70 38 1716 1697 30
is_linear=0
shrinkage=0.03


Tree=190
num_leaves=13
num_cat=0
split_feature=38 41 39 69 51 41 66 36 61 54 41 57
split_gain=3.11497 13.5151 7.6022 8.34883 5.60524 11.23 10.2243 11.4794 11.1885 9.37157 9.18764 3.3053
threshold=-2.7986658811569209 1.3758204579353335 0.20783419907093051 7.4432158470153817 -0.0089535098522901518 1.5022677183151247 -1.5534551739692686 -1.5773077607154844 101.38183975219728 -0.061173874884843819 1.0069583058357241 1.1773229837417605
decision_type=2 2 2 2 2 2 2 2 2 2 2 2
left_child=1 2 3 -1 5 10 8 -8 -6 -7 -2 -4
right_child=4 -3 11 -5 6 9 7 -9 -10 -11 -12 -13
leaf_value=0.020017007290303215 -0.0095510842137243018 -0.044794737102954639 0.040338743165097765 -0.044521418238187768 0.040943804858266854 -0.021404619110717591 -0.020592591759525158 0.00044087543044045349 0.00664316721540724 0.01573369193692372 -0.048120598111198405 0.015711430356026426
leaf_weight=3.5698549449443844 75.421910375356674 3.7702855467796317 7.2449375838041332 3.5765064209699631 9.9621440023183805 7.755091354250907 24.790196806192398 399.62079313769937 63.780817210674286 28.186847381293774 6.0592647418379775 17.59520523250103
leaf_count=8 244 18 10 17 14 28 94 1154 159 62 28 40
internal_value=0.000114949 0.0087266 0.015129 -0.0118624 -0.000380399 -0.00628026 0.00100427 -0.000780638 0.0113176 0.00763699 -0.0124561 0.0230151
internal_weight=651.334 35.7568 31.9865 7.14636 615.577 117.423 498.154 424.411 73.743 35.9419 81.4812 24.8401
internal_count=1876 93 75 25 1783 362 1421 1248 173 90 272 50
is_linear=0
shrinkage=0.03


Tree=191
num_leaves=13
num_cat=0
split_feature=34 40 35 28 3 10 28 28 53 52 22 65
split_gain=3.09798 8.89587 5.6631 14.9235 13.5664 7.193 6.26257 5.72678 5.71441 5.57959 3.82374 5.32486
threshold=1.4595374464988711 0.088392570614814772 1.8800374865531924 1599.5000000000002 5767.4184570312509 0.001355000014882535 1.0000000180025095e-35 2673.0000000000005 0.796217441558838 0.022328288294374946 125602.10156250001 1.9811581373214724
decision_type=2 2 2 2 2 2 2 2 2 2 2 2
left_child=2 10 5 4 -4 7 -7 -1 -5 -3 -2 -12
right_child=1 9 3 8 -6 6 -8 -9 -10 -11 11 -13
leaf_value=0.00059020755071981798 0.041921718699542747 -0.042533713603160335 -0.045918806044510548 0.021025036977768582 -0.0086128289801401855 -0.0019915405528817725 0.034983203130198461 -0.020471972000199252 -0.010280080327245837 0.017065317109529202 -0.0053656811516239258 0.036987078467865191
leaf_weight=528.89421414583921 5.8791613802313867 3.7798895090818396 11.898061789572237 16.23642294481397 34.568943873047829 6.7137940973043468 10.108748614788054 11.877602137625216 7.6083378046751013 2.1711528301239014 6.5606767535209638 4.3987578749656677
leaf_count=1503 8 20 57 35 114 24 15 44 24 5 20 7
internal_value=0.00011154 0.0109803 -0.000278161 -0.00830479 -0.0182297 0.000728603 0.0200484 0.000122047 0.0109104 -0.0202857 0.0222085 0.0113596
internal_weight=650.696 22.7896 627.906 70.3118 46.467 557.594 16.8225 540.772 23.8448 5.95104 16.8386 10.9594
internal_count=1876 60 1816 230 171 1586 39 1547 59 25 35 27
is_linear=0
shrinkage=0.03


Tree=192
num_leaves=14
num_cat=0
split_feature=7 70 27 45 45 24 4 24 18 24 19 45 58
split_gain=3.13042 7.88988 12.4008 8.66138 8.57123 10.7252 6.53887 6.02006 14.1644 7.42372 7.20691 5.55242 3.73191
threshold=2.6096384525299077 1573.7178955078127 -27363.999999999996 -0.14262847602367398 -0.56318446993827809 44.500000000000007 9550258.0000000019 8.5000000000000018 20.826999664306644 35.500000000000007 16639.104492187504 -0.77190139889717091 1684.0000000000002
decision_type=2 2 2 2 2 2 2 2 2 2 2 2 2
left_child=7 2 3 -2 5 -3 -6 11 10 -10 -9 -1 -4
right_child=1 4 12 -5 6 -7 -8 8 9 -11 -12 -13 -14
leaf_value=0.030069083250169628 -0.05140387863447396 -0.019332471329463353 0.03495183730785198 0.010902708886523381 -0.010231086793369541 0.017774083053093956 0.036304091711537867 -0.0089670443023227697 -0.022750925910304021 0.00016781991121652128 -0.044813001434939687 -0.0094230977415426225 0.0091656185232315331
leaf_weight=10.332830205559729 3.4423420280218124 8.7679283469915372 17.596951834857467 4.6850195676088315 52.72612776607275 33.904524385929108 2.8411694839596739 11.132106468081476 13.06836726516485 469.85020753741264 9.6455376446247083 4.5001894235610953 7.5784284621477118
leaf_count=18 15 31 28 11 167 76 5 40 48 1357 46 15 19
internal_value=0.000108005 0.00424542 0.0168646 -0.0151181 -1.86689e-06 0.0100795 -0.00779774 -0.000935804 -0.00149601 -0.000446177 -0.0257521 0.0178853 0.0273087
internal_weight=650.072 131.542 33.3027 8.12736 98.2397 42.6725 55.5673 518.529 503.696 482.919 20.7776 14.833 25.1754
internal_count=1876 352 73 26 279 107 172 1524 1491 1405 86 33 47
is_linear=0
shrinkage=0.03


Tree=193
num_leaves=15
num_cat=0
split_feature=58 48 56 26 21 18 50 52 49 60 70 57 0 7
split_gain=3.1972 9.524 14.9465 9.41375 15.3473 11.2066 7.92459 7.99634 8.99349 6.74768 7.27902 6.06794 5.12104 2.13878
threshold=3546.0000000000005 -1.0183227658271787 -0.065670721232891069 26.213204383850101 -460.88800048828119 142.6860046386719 0.0027829986065626149 0.020416171289980415 -1.1096933484077451 0.00056977724307216715 3017907.1250000005 1.3414043784141543 37571.500000000007 2.3650707006454472
decision_type=2 2 2 2 2 2 2 2 2 2 2 2 2 2
left_child=6 2 11 5 -5 -3 7 8 -1 -8 -11 -2 -9 -4
right_child=1 3 13 4 -6 -7 9 12 -10 10 -12 -13 -14 -15
leaf_value=0.017201624911483488 -0.01114352671890057 0.017757100271268714 -0.050003798925982924 0.029105076582006735 -0.043156815916845635 0.00192331033658604 -0.04273162668347185 0.036290450120642644 -0.0025187692367788224 -0.021694224009053159 0.0079269994576810759 0.041428831026758331 0.0058402646832307545 -0.013937693974584921
leaf_weight=22.186246208846569 4.2640935108065632 54.880508236587048 7.8495543450117093 3.7769241183996192 8.5655502527952176 152.76835045218468 6.4702171683311454 8.1920056194067019 331.24826771020889 17.041569504886869 13.099567785859106 3.5876854360103607 13.398509308695791 2.1304442584514618
leaf_count=52 16 123 35 7 45 431 34 12 976 63 34 5 35 8
internal_value=0.000104731 0.00287828 -0.0181745 0.00459839 -0.0208009 0.00612255 -0.0014904 -0.000181737 -0.00127237 -0.0148136 -0.00872108 0.0124961 0.0175328 -0.0426053
internal_weight=649.459 237.823 17.8318 219.991 12.3425 207.649 411.636 375.025 353.435 36.6114 30.1411 7.85178 21.5905 9.98
internal_count=1876 670 64 606 52 554 1206 1075 1028 131 97 21 47 43
is_linear=0
shrinkage=0.03


Tree=194
num_leaves=10
num_cat=0
split_feature=14 7 63 1 5 65 51 38 49
split_gain=3.09992 10.4018 10.8836 13.019 10.1678 7.15754 9.04615 9.66677 8.08694
threshold=2847.0000000000005 4.2372548580169687 2189.6130371093755 7622.7866210937509 3430869.6250000005 -2.7129578590393062 -0.016634698025882241 -2.4363827705383296 0.42439319193363195
decision_type=2 2 2 2 2 2 2 2 2
left_child=1 2 4 -4 -1 -2 7 -7 -8
right_child=5 -3 3 -5 -6 6 8 -9 -10
leaf_value=0.0016028542751746512 0.037491382263123221 0.029389178411944647 0.011962364698760358 -0.015659892797312894 -0.026009452861827577 0.0018130104661029246 -0.00014160434032615434 -0.04672088120960384 0.014032629188896729
leaf_weight=338.42611434310675 5.3848203867673865 9.7742918133735639 18.730451717972755 82.764982387423515 12.438316464424132 7.9522377029061317 113.62294735386968 6.7184362560510618 52.903412498533726
leaf_count=945 8 17 45 286 51 24 339 32 129
internal_value=0.000101519 -0.00121142 -0.00187925 -0.0105328 0.000615434 0.00336954 0.00233895 -0.0202086 0.00434336
internal_weight=648.716 462.134 452.36 101.495 350.864 186.582 181.197 14.6707 166.526
internal_count=1876 1344 1327 331 996 532 524 56 468
is_linear=0
shrinkage=0.03


Tree=195
num_leaves=11
num_cat=0
split_feature=58 4 71 40 69 42 50 49 34 52
split_gain=3.00703 10.4435 9.46392 23.7428 9.41772 8.16709 8.25733 8.544 7.01455 2.98206
threshold=3546.0000000000005 9550258.0000000019 926005.53125000012 -1.3914110064506529 33.301664352416999 0.001355000014882535 0.0027829986065626149 -1.1096933484077451 1.4595374464988711 0.018182913772761825
decision_type=2 2 2 2 2 2 2 2 2 2
left_child=5 2 4 -4 -2 6 7 -1 -8 -7
right_child=1 -3 3 -5 -6 9 8 -9 -10 -11
leaf_value=0.016396690333124544 0.0088386023858112485 -0.041870155174683163 -0.045938035619433694 0.01455752985518571 -0.0076352491611455277 0.0022171169984151963 -0.021692085727180309 -0.0020904129475657878 0.019123085850814073 0.034463666184908044
leaf_weight=24.068152338266373 49.62455078214407 4.6094127073884001 6.2112328037619582 92.711970120668411 84.023231670260429 4.2346899807453138 29.347614198923111 341.57653732597828 4.2735791802406302 7.5561273843050003
leaf_count=56 123 25 31 221 270 12 114 1003 9 12
internal_value=9.86024e-05 0.00279282 0.00369091 0.0107288 -0.00149592 -0.00144867 -0.00218222 -0.000865315 -0.0164149 0.0231367
internal_weight=648.237 237.18 232.571 98.9232 133.648 411.057 399.266 365.645 33.6212 11.7908
internal_count=1876 670 645 252 393 1206 1182 1059 123 24
is_linear=0
shrinkage=0.03


Tree=196
num_leaves=12
num_cat=0
split_feature=11 55 7 10 56 51 61 14 14 48 13
split_gain=3.14216 5.99558 8.88917 13.2585 5.99967 11.8627 10.8503 5.93861 4.28645 5.88086 5.39078
threshold=83.069999694824233 1.2395917773246767 1.2656874656677248 0.00018450000061420727 1.3457973003387453 0.0064824658911675223 173.34723663330081 3512.0000000000005 1820.0000000000002 -1.0000000180025095e-35 602730.21875000012
decision_type=2 2 2 2 2 2 2 2 2 2 2
left_child=1 4 3 -3 6 -6 -1 -4 9 -2 -10
right_child=8 2 7 -5 5 -7 -8 -9 10 -11 -12
leaf_value=0.0048813672921251428 -0.030919928602316179 0.011216030091397131 -0.03204392729225404 -0.027625838136298028 0.0010098465986875071 0.018832893613953725 -0.0057347479617954368 0.011902725872281521 0.033319069593414741 0.02406432406962053 -0.0047069287549400384
leaf_weight=140.66537159308791 4.1529088616371155 25.780365191400051 17.623107552528385 11.404238305985926 159.24621015042067 42.745865941047668 225.03659020364285 3.1730773523449889 9.8890696167945844 2.9809471517801311 4.8846770524978629
leaf_count=382 16 66 76 46 439 94 708 10 17 6 16
internal_value=9.56478e-05 -0.00029071 -0.0094832 -0.0006158 0.000642871 0.00479644 -0.00164311 -0.0251943 0.0112668 -0.00752372 0.0205434
internal_weight=647.582 625.675 57.9808 37.1846 567.694 201.992 365.702 20.7962 21.9076 7.13386 14.7737
internal_count=1876 1821 198 112 1623 533 1090 86 55 22 33
is_linear=0
shrinkage=0.03


Tree=197
num_leaves=16
num_cat=0
split_feature=54 23 11 36 61 26 34 35 26 60 39 57 57 4 23
split_gain=3.11704 9.81716 8.10193 9.47573 7.54015 5.83378 9.42847 11.0464 8.82528 16.5643 12.7814 6.85004 4.95704 6.88949 3.65132
threshold=-1.1424469947814939 326.50000000000006 43.68499946594239 -1.6257783770561216 233.83756256103518 7.3542566299438485 1.158544719219208 1.9316873550415041 11.372471332550051 0.0028849313966929917 -0.5731496512889861 0.71610233187675487 0.84815615415573131 2935.200073242188 749.50000000000011
decision_type=2 2 2 2 2 2 2 2 2 2 2 2 2 2 2
left_child=1 2 3 -1 -4 6 7 -2 9 -7 -10 -8 13 -3 -14
right_child=5 12 4 -5 -6 8 11 -9 10 -11 -12 -13 14 -15 -16
leaf_value=-0.023230053962416779 -0.0057544618827313609 -0.029733394720685931 -0.035271519521992076 0.023144306965899055 0.0014248991470247625 0.01238418152309973 0.036016815788608367 -0.038844206316831373 -0.020756315190448873 -0.018892773817383943 0.00069791479811247574 0.0025598599180623343 0.03751824377530133 0.028655076740165198 0.011287983864392582
leaf_weight=5.4430322051048305 156.2397598773241 3.7706086710095432 10.032850582152607 14.228331595659254 9.823079086840151 109.35512374341488 7.0749149918556204 9.6875782757997495 28.082229524850845 17.640547305345535 225.29909613728523 25.965582251548767 12.536397829651834 3.5043090581893921 8.3521599918603879
leaf_count=21 474 15 49 29 29 266 12 41 107 61 653 72 20 6 21
internal_value=9.29853e-05 0.00618861 -0.00339042 0.0101601 -0.0169661 -0.000614051 -0.00478016 -0.00770447 0.00155727 0.00801598 -0.00166802 0.00981475 0.0197393 -0.00119544 0.0271739
internal_weight=647.036 67.6908 39.5273 19.6714 19.8559 579.345 198.968 165.927 380.377 126.996 253.381 33.0405 28.1635 7.27492 20.8886
internal_count=1876 190 128 50 78 1686 599 515 1087 327 760 84 62 21 41
is_linear=0
shrinkage=0.03


Tree=198
num_leaves=11
num_cat=0
split_feature=11 67 52 71 31 66 10 15 50 13
split_gain=3.00282 5.79612 10.3189 11.2491 8.48605 8.14467 6.18591 4.0315 9.26607 5.17036
threshold=83.069999694824233 3.0821785926818852 0.011931657791137697 792.10766601562511 1.2370815277099612 2.7073944807052617 0.00011500000255182387 1821.0000000000002 0.0016935423482209446 602730.21875000012
decision_type=2 2 2 2 2 2 2 2 2 2
left_child=1 5 4 -4 -3 6 -1 8 -2 -9
right_child=7 2 3 -5 -6 -7 -8 9 -10 -11
leaf_value=0.0018754460742807112 0.022694922858318738 -0.0041303961996366672 0.0299162271614184 -0.006562981017279969 -0.045263661179046191 0.028971103482438015 -0.0067950817424641619 0.032730230668138904 -0.046218556028632618 -0.0045738705321637903
leaf_weight=436.39234982430935 3.9685762375593212 8.2786135971546191 8.6503880769014341 62.487905878573656 10.403777271509169 9.1419234871864301 89.144080527126789 9.7710293382406217 3.119658961892128 4.8850608244538298
leaf_count=1214 8 26 16 200 51 18 296 17 14 16
internal_value=9.04589e-05 -0.000286448 -0.00734159 -0.00208495 -0.0271971 0.000893136 0.000399 0.0110532 -0.00721189 0.0200916
internal_weight=646.243 624.499 89.8207 71.1383 18.6824 534.678 525.536 21.7443 7.08824 14.6561
internal_count=1876 1821 293 216 77 1528 1510 55 22 33
is_linear=0
shrinkage=0.03


Tree=199
num_leaves=10
num_cat=0
split_feature=61 36 58 46 59 48 54 21 13
split_gain=3.01416 8.42989 12.3839 7.51322 5.12928 4.72413 11.0087 6.06212 2.63855
threshold=516.01684570312511 -1.2792893648147581 -1405.9999999999998 1.8708937764167788 0.5563350021839143 1.8220543265342715 0.72115349769592296 211.83351135253909 447209.84375000006
decision_type=2 2 2 2 2 2 2 2 2
left_child=4 8 -3 -4 -1 7 -7 -6 -2
right_child=1 2 3 -5 5 6 -8 -9 -10
leaf_value=-0.03839270356840499 0.035746710596985636 0.022154763712728627 -0.040347119800479871 0.017591518350840742 0.0011874291327140661 0.00010599409096020407 -0.037691921163527688 -0.012177763064567452 0.0097365801357573358
leaf_weight=3.1817978993058196 9.0883104056119901 8.6493319272994977 8.1256689131259936 2.596188321709632 542.85550685599446 22.592260159552097 9.9074326977133733 32.347965925931931 6.3359101414680472
leaf_count=19 15 17 37 6 1545 66 46 110 15
internal_value=8.75015e-05 0.00867973 -0.00436486 -0.0260381 -0.000396993 -0.000193119 -0.0113243 0.00043059 0.0252569
internal_weight=645.68 34.7954 19.3712 10.7219 610.885 607.703 32.4997 575.203 15.4242
internal_count=1876 90 60 43 1786 1767 112 1655 30
is_linear=0
shrinkage=0.03


end of trees

feature_importances:
z_ls=82
Agg._Funding_Rate=78
price_atr=73
cvd_accel=66
atr_ratio_lag1=60
ret_kurt_10=58
ret_kurt_20=55
log_ret_1=51
z_oi=48
liq_short_5=48
macro_score=47
z_cvd_4=44
ret_skew_20=44
ret_lag1=44
Whale_Ind=43
z_btc_4=43
liq_long_5=43
z_bid_qty=43
Ask_Trades=42
atr=42
z_btc_10=42
Long/Short_Ratio_(Account)=41
z_btc_20=40
liq_short_5_mean=40
ret_skew_10=39
btc_cvd_mom=38
rsi=37
Delta_USD=36
pull_ema8=36
cvd_delta=35
atr_ratio=35
liq_long_5_mean=35
Buy_Qty=34
Agg._OI=34
Price_Low=34
z_cvd_10=33
vol_regime=32
Ask_Qty=31
z_cvd_20=31
z_ask_qty=31
Candle_Delta=30
z_bid_trades=30
log_ret_3=29
Net_Longs=27
pull_ema50=27
Bid_Trades=26
stoch_k=26
CVD=23
Net_Shorts=23
log_ret_5=23
Agg._Liq_Short=22
Delta_Qty=22
Sell_Qty=21
RSI=20
ema_slow=19
pull_ema21=18
z_ask_trades=17
btc_CVD=17
Agg._Liq_Long=15
funding=15
Ask_USD=14
ema_21=14
Candle=13
z_delta_qty=12
Bid_Qty=10
ema_fast=10
ema_8=8
Price_High=7
Bid_USD=7
ema_50=2
Mid_Price=1

parameters:
[boosting: gbdt]
[objective: binary]
[metric: binary_logloss]
[tree_learner: serial]
[device_type: cpu]
[data_sample_strategy: bagging]
[data: ]
[valid: ]
[num_iterations: 200]
[learning_rate: 0.03]
[num_leaves: 31]
[num_threads: 1]
[seed: 42]
[deterministic: 0]
[force_col_wise: 0]
[force_row_wise: 0]
[histogram_pool_size: -1]
[max_depth: 4]
[min_data_in_leaf: 10]
[min_sum_hessian_in_leaf: 0.001]
[bagging_fraction: 0.8]
[pos_bagging_fraction: 1]
[neg_bagging_fraction: 1]
[bagging_freq: 0]
[bagging_seed: 400]
[bagging_by_query: 0]
[feature_fraction: 0.8]
[feature_fraction_bynode: 1]
[feature_fraction_seed: 30056]
[extra_trees: 0]
[extra_seed: 12879]
[early_stopping_round: 0]
[early_stopping_min_delta: 0]
[first_metric_only: 0]
[max_delta_step: 0]
[lambda_l1: 0.1]
[lambda_l2: 0]
[linear_lambda: 0]
[min_gain_to_split: 0]
[drop_rate: 0.1]
[max_drop: 50]
[skip_drop: 0.5]
[xgboost_dart_mode: 0]
[uniform_drop: 0]
[drop_seed: 17869]
[top_rate: 0.2]
[other_rate: 0.1]
[min_data_per_group: 100]
[max_cat_threshold: 32]
[cat_l2: 10]
[cat_smooth: 10]
[max_cat_to_onehot: 4]
[top_k: 20]
[monotone_constraints: ]
[monotone_constraints_method: basic]
[monotone_penalty: 0]
[feature_contri: ]
[forcedsplits_filename: ]
[refit_decay_rate: 0.9]
[cegb_tradeoff: 1]
[cegb_penalty_split: 0]
[cegb_penalty_feature_lazy: ]
[cegb_penalty_feature_coupled: ]
[path_smooth: 0]
[interaction_constraints: ]
[verbosity: -1]
[saved_feature_importance_type: 0]
[use_quantized_grad: 0]
[num_grad_quant_bins: 4]
[quant_train_renew_leaf: 0]
[stochastic_rounding: 1]
[linear_tree: 0]
[max_bin: 63]
[max_bin_by_feature: ]
[min_data_in_bin: 3]
[bin_construct_sample_cnt: 200000]
[data_random_seed: 175]
[is_enable_sparse: 1]
[enable_bundle: 1]
[use_missing: 1]
[zero_as_missing: 0]
[feature_pre_filter: 1]
[pre_partition: 0]
[two_round: 0]
[header: 0]
[label_column: ]
[weight_column: ]
[group_column: ]
[ignore_column: ]
[categorical_feature: ]
[forcedbins_filename: ]
[precise_float_parser: 0]
[parser_config_file: ]
[objective_seed: 16083]
[num_class: 1]
[is_unbalance: 0]
[scale_pos_weight: 3.87273]
[sigmoid: 1]
[boost_from_average: 1]
[reg_sqrt: 0]
[alpha: 0.9]
[fair_c: 1]
[poisson_max_delta_step: 0.7]
[tweedie_variance_power: 1.5]
[lambdarank_truncation_level: 30]
[lambdarank_norm: 1]
[label_gain: ]
[lambdarank_position_bias_regularization: 0]
[eval_at: ]
[multi_error_top_k: 1]
[auc_mu_weights: ]
[num_machines: 1]
[local_listen_port: 12400]
[time_out: 120]
[machine_list_filename: ]
[machines: ]
[gpu_platform_id: -1]
[gpu_device_id: -1]
[gpu_use_dp: 0]
[num_gpu: 1]

end of parameters

pandas_categorical:[]
