tree
version=v4
num_class=1
num_tree_per_iteration=1
label_index=0
max_feature_idx=72
objective=binary sigmoid:1
feature_names=Candle Buy_Qty Sell_Qty Candle_Delta Agg._Liq_Long Agg._Liq_Short CVD Long/Short_Ratio_(Account) Whale_Ind Agg._OI Agg._Funding_Rate RSI Net_Shorts Net_Longs Price_Low Price_High Mid_Price Bid_Qty Ask_Qty Bid_USD Ask_USD Delta_Qty Delta_USD Bid_Trades Ask_Trades total_qty atr cvd_delta btc_cvd_mom ema_fast ema_slow macro_score macro z_cvd_4 z_btc_4 z_cvd_10 z_btc_10 z_cvd_20 z_btc_20 vol_regime z_oi z_ls funding liq_long_5 liq_short_5 z_bid_qty z_ask_qty z_delta_qty z_bid_trades z_ask_trades log_ret_1 log_ret_3 log_ret_5 ret_skew_10 ret_kurt_10 ret_skew_20 ret_kurt_20 atr_ratio cvd_accel atr_ratio_lag1 ret_lag1 price_atr ema_8 ema_21 ema_50 pull_ema8 pull_ema21 pull_ema50 rsi stoch_k liq_long_5_mean liq_short_5_mean btc_CVD
feature_infos=[455:203689] [3188:6491807] [4501:8543869] [-2052062:1544634] [0:748468.5] [0:631736.125] [-2209100288:-856614] [0:6.9828624725341797] [0:5.7866997718811035] [0:65743776] [-0.022347770631313324:0.0073819998651742935] [0:90.459999084472656] [0:26435862] [0:40467800] [0.55000001192092896:19.479999542236328] [0.55000001192092896:19.479999542236328] [0.55000001192092896:19.479999542236328] [0:42422] [0:117370] [0:56056.328125] [0:246895.953125] [-113307:39980] [-51174.3984375:246895.953125] [0:155] [0:943] [0:76958] [0.0007142850081436336:0.35670709609985352] [-4278912:3819264] [-13153.875:12533.875] [0.56119686365127563:19.408824920654297] [0.62388545274734497:18.188318252563477] [-55.274223327636719:25.621057510375977] [-1:1] [-1.4999830722808838:1.4998207092285156] [-1.4995748996734619:1.4998571872711182] [-2.779310941696167:2.8321313858032227] [-2.8235740661621094:2.8338251113891602] [-3.8592047691345215:4.1191773414611816] [-4.1303286552429199:4.1827297210693359] [-2.8385858535766602:5.9367818832397461] [-5.7925381660461426:6.3900518417358398] [-7.1305289268493652:6.274756908416748] [-0.022347770631313324:0.0073819998651742935] [0:2497397] [0:7367628] [-1.1391383409500122:2.8460500240325928] [-1.7484049797058105:2.8378012180328369] [-2.8372251987457275:2.755854606628418] [-1.3882137537002563:2.8460497856140137] [-1.7576580047607422:2.8397126197814941] [-0.057197947055101395:0.062613576650619507] [-0.10850744694471359:0.10078715533018112] [-0.11441035568714142:0.10552641749382019] [-3.1622776985168457:3.1622776985168457] [-2.5709986686706543:10] [-4.4721360206604004:4.4721360206604004] [-1.646471381187439:20] [0.30000001192092896:3] [-3651840:3469568] [0.30000001192092896:3] [-0.14330223202705383:0.047825761139392853] [18.979377746582031:1876.0018310546875] [0.54246026277542114:19.512361526489258] [0.53925174474716187:19.668798446655273] [0.54187244176864624:19.680828094482422] [-10.889163970947266:10.973414421081543] [-12.695438385009766:14.173037528991699] [-11.756549835205078:15.869961738586426] [0:100] [0:100] [0:399396.65625] [0:514539.65625] [-2642465.25:63540.109375]
tree_sizes=2073 2334 2655 2425 2416 2543 2552 2432 2337 2519 2654 2439 2341 2330 2439 2434 2227 2217 2345 2230 2545 2557 2317 2231 2231 2216 2340 2234 2556 2240 2346 2466 1928 2238 2342 2340 2228 1811 2549 2130 2441 2574 2665 2448 2453 2248 2134 2442 2454 2457 1922 2564 2350 2141 2353 2240 1936 2251 2566 2347 2455 1836 2454 2458 2237 2567 2363 2245 2463 2463 2036 2779 2677 2581 2348 2468 2033 1920 2786 2462 2353 1933 1950 2695 2570 2468 2443 2465 1932 2468 2363 2572 1929 1937 2141 2585 1945 2036 1929 2692 1934 1505 2148 2571 2369 1939 2905 1929 1945 2693 2438 2042 2462 2796 1936 2043 1945 2039 2365 2037 1842 2467 2967 2349 1941 1934 1930 2777 2138 2040 2054 1936 2155 2793 2053 2365 1949 1934 2891 2878 2238 2166 2560 2606 2576 2367 2994 2563 2151 2058 1617 2150 1836 1839 2144 1936 1947 2048 2457 2896 2016 2151 2257 2582 1733 2152 1828 2269 2178 1802 3116 2885 3102 1948 2459 2251 2144 1728 1946 2148 2462 2379 1946 2063 1799 1926 1730 1936 3229 2056 2129 1729 2362 2248 1618 2234 2564 1719 2244 3094 2356 2229 2035 2241 2165 1719 2011 2368 2893 2008 2153 2258 1800 2362 2371 3234 2948 2671 1936 1725 2667 2122 2364 2485 2372 2362 1933 2995 1906 2357 3193 1789 2157 2054 2901 2462 1585 1723 1842 2676 2373 2039 2797 2692 2672 3099 3244 2470 1722 2479 1841 2675 2807 1917 1515 1841 2897 1832 2371 2481 2483 1827 2487 1728 3008 2155 1728 1647 1912 2807 3027 1845 2015 2365 2067 1625 2810 1837 2166 2042 2132 2485 2039 3093 2705 2719 3141 1955 1535 1719 1946 2897 1628 2281 2036 2368 2162 2813 2582 2809

Tree=0
num_leaves=19
num_cat=0
split_feature=14 14 39 36 71 43 5 61 37 71 21 4 52 26 21 29 37 25
split_gain=73.8762 51.9685 33.4713 35.2362 32.8442 32.106 31.2727 31.2239 37.5541 34.3232 33.0117 46.3249 34.8658 28.8964 27.0461 21.4045 12.0609 8.5448
threshold=2.2147500514984135 2.3249999284744267 -1.2180095911025999 -1.1751225590705869 119975.71093750001 249808.32031250003 11135.879882812502 494.43379211425787 0.82000273466110241 63034.083984375007 -1539.4999999999998 18367.464843750004 0.025599564425647262 0.013571453746408226 -8641.9999999999982 2.1538648605346684 0.57856523990631115 1609.0000000000002
decision_type=2 2 2 2 2 2 2 2 2 2 2 2 2 2 2 2 2 2
left_child=7 15 3 -3 5 -4 -5 8 9 14 11 -10 -12 -11 -1 -2 -9 -17
right_child=1 2 4 6 -6 -7 -8 16 10 13 12 -13 -14 -15 -16 17 -18 -19
leaf_value=-1.3841589589053693 -1.3750968131141714 -1.3765068528815401 -1.3834378158639387 -1.4135519034372273 -1.3556069645771127 -1.4035056068812215 -1.3681635010754196 -1.3753915623397805 -1.3780719970932773 -1.3814203745795419 -1.4046600179734123 -1.4133937751829617 -1.376655947995459 -1.4134034771912363 -1.3725445114472858 -1.4135426453427151 -1.3554873457320191 -1.3888220023758757
leaf_weight=24.749831944704056 2.0804574191570273 5.4390007257461574 291.61606824398041 10.624287277460096 4.1799433827400199 8.1061725914478284 1.763314515352248 5.2804292738437644 51.329578310251236 8.7880297601222974 13.665687680244448 3.9642862975597373 6.5585151612758628 4.1228577494621268 117.52364408969879 9.6728585660457593 8.3598867654800397 1.5952287912368763
leaf_count=101 7 19 1175 67 8 45 5 18 186 34 77 25 23 26 377 61 16 7
internal_value=-1.38212 -1.38517 -1.38437 -1.39776 -1.38359 -1.38398 -1.40701 -1.37793 -1.37881 -1.37598 -1.38463 -1.38062 -1.39563 -1.39171 -1.37456 -1.40445 -1.36312 -1.40995
internal_weight=579.42 335.077 321.729 17.8266 303.902 299.722 12.3876 244.343 230.702 155.184 75.5181 55.2939 20.2242 12.9109 142.273 13.3485 13.6403 11.2681
internal_count=2277 1394 1319 91 1228 1220 72 883 849 538 311 211 100 60 478 75 34 68
is_linear=0
shrinkage=1


Tree=1
num_leaves=21
num_cat=0
split_feature=15 14 11 40 56 53 53 28 54 53 41 58 40 70 70 68 29 40 56 17
split_gain=70.5958 51.1731 33.4343 30.0032 29.4088 27.6067 38.6757 33.9282 23.9943 57.0637 48.4295 24.7244 39.0166 23.8486 23.4125 21.5112 20.9176 19.8272 18.5432 6.29619
threshold=2.2150000333786015 2.3249999284744267 75.455001831054702 2.5763770341873173 0.076827276498079314 -0.16971824318170545 -0.78889927268028248 2033.8750000000002 -0.44238355755805964 0.25823257863521581 0.14332403987646106 187503.00000000003 -2.2749358415603633 40349.744140625007 20202.178710937504 64.560115814208999 2.1538648605346684 0.73953980207443248 6.227241277694703 358.50000000000006
decision_type=2 2 2 2 2 2 2 2 2 2 2 2 2 2 2 2 2 2 2 2
left_child=2 16 8 5 -4 6 -3 -7 9 10 -1 18 -13 14 -6 -5 -2 -11 -10 -18
right_child=1 3 4 15 13 7 -8 -9 11 17 -12 12 -14 -15 -16 -17 19 -19 -20 -21
leaf_value=0.029565827881242603 0.02542182196323637 0.01902213299356776 -0.012280215869150488 0.017425656293108084 0.0060145783947916686 0.020364707780026286 0.0074165120531389144 0.0033838354675023363 0.025284009631102222 -0.012376353158555755 0.0019090318018358844 0.0372391525144148 0.006370166004366443 -0.012044996900788594 0.037166389225334516 -0.012340923940494703 -0.01233154858694872 0.020488238340285125 0.035276427253276031 0.0066855948063340989
leaf_weight=26.98481497168541 2.1133084744215003 56.632629245519638 4.6347563564777401 4.0357056111097318 4.3329722881317121 186.48004500567913 59.054410740733147 12.711215376853941 142.80403411388397 7.3800641000270826 8.3755744397640211 5.6916230171918896 14.996597349643705 2.2354784756898871 5.6992926150560379 6.0873192995786667 9.3000466525554639 2.429801419377327 22.055219918489456 2.0684991478919974
leaf_count=82 7 219 29 16 21 702 280 64 481 46 43 14 72 14 14 38 59 9 57 10
internal_value=0.0186595 0.0156816 0.0227262 0.016474 0.00905434 0.0170189 0.0131065 0.0192861 0.0237235 0.0171188 0.0230432 0.025326 0.014911 0.0171961 0.0238115 -0.000375216 -0.00334751 -0.0041342 0.0266269 -0.00878343
internal_weight=586.103 338.483 247.62 325.001 16.9025 314.878 115.687 199.191 230.718 45.1703 35.3604 185.547 20.6882 12.2677 10.0323 10.123 13.4819 9.80987 164.859 11.3685
internal_count=2277 1395 882 1319 78 1265 499 766 804 180 125 624 86 49 35 54 76 55 538 69
is_linear=0
shrinkage=0.01


Tree=2
num_leaves=24
num_cat=0
split_feature=15 14 39 36 71 43 5 54 21 41 28 17 2 29 51 2 10 44 37 36 29 50 25
split_gain=66.87 49.2927 31.8093 33.6818 30.3343 30.5752 30.0619 29.9472 54.2628 35.6139 43.1697 33.0483 30.5835 30.0131 29.01 38.2741 52.1286 29.2747 20.8855 36.1352 20.3424 17.7299 8.4556
threshold=2.2150000333786015 2.3249999284744267 -1.2180095911025999 -1.1751225590705869 119975.71093750001 249808.32031250003 11135.879882812502 0.39139769971370703 -8641.9999999999982 0.071162033826112761 -156.37499999999997 4824.5000000000009 1038307.5000000001 1.8996678590774538 0.0093240402638912218 271821.00000000006 -0.00042750500142574305 3686.914916992188 -2.1119625568389888 -1.4752553701400755 2.1538648605346684 -0.012258646078407763 1609.0000000000002
decision_type=2 2 2 2 2 2 2 2 2 2 2 2 2 2 2 2 2 2 2 2 2 2 2
left_child=7 20 3 -3 5 -4 -5 8 11 12 -11 13 -10 -1 18 17 -17 -16 19 -9 -2 -20 -22
right_child=1 2 4 6 -6 -7 -8 14 9 10 -12 -13 -14 -15 15 16 -18 -19 21 -21 22 -23 -24
leaf_value=-0.0093934971207760738 0.024789592712849449 0.023632915720595896 0.017047455819063619 -0.012379893224767241 0.043301146366950566 -0.0024467849175197963 0.031536285532146144 0.028967804192857615 0.026811917056287993 0.026333186617004772 -0.0022666395494330849 0.030097431307425752 -0.0018406524144667547 0.024417414562380554 0.018144713023367915 0.0025163013909420304 0.032535508132580979 -0.012382418163504688 0.042585698243696214 -0.0044003251355392656 -0.012308187661706625 0.028351507905175377 0.012226479636732441
leaf_weight=13.238294944167142 2.1453695297241202 5.579583182930949 297.64618994295597 10.651847347617148 4.3381021320819846 8.1772404164075834 1.8174601942300785 8.7665353268384916 63.873360082507133 9.3658999055624026 11.960464179515837 3.7824775576591483 3.8869570791721335 3.2676131874322882 6.5738585293292982 8.0051334947347623 21.576776504516605 5.9884270876646042 10.282339006662367 5.0778669714927664 9.7045827209949476 75.33228862285614 1.6026664078235615
leaf_count=79 7 19 1175 67 8 45 5 26 202 30 65 11 21 11 25 40 59 37 20 28 62 228 7
internal_value=0.018268 0.0153794 0.016149 0.00317521 0.0169007 0.0165229 -0.00589871 0.0221962 0.0182328 0.0215962 0.0102467 0.00341455 0.0251536 -0.00263949 0.0252505 0.0182299 0.0244458 0.00351286 0.0282153 0.0166568 -0.0033204 0.0300727 -0.00874226
internal_weight=592.641 341.663 328.21 18.0489 310.162 305.823 12.4693 250.978 109.375 89.0867 21.3264 20.2884 67.7603 16.5059 141.603 42.1442 29.5819 12.5623 99.459 13.8444 13.4526 85.6146 11.3072
internal_count=2277 1395 1319 91 1228 1220 72 882 419 318 95 101 223 90 463 161 99 62 302 54 76 248 69
is_linear=0
shrinkage=0.01


Tree=3
num_leaves=22
num_cat=0
split_feature=15 14 11 39 36 5 40 71 56 67 38 27 65 66 70 65 70 29 56 67 1
split_gain=63.4217 47.5039 30.7633 30.5056 32.6065 29.2434 28.9756 30.8619 28.267 26.1257 39.9 31.6032 28.7245 25.1934 22.5032 21.8438 21.5572 19.7927 11.4795 10.7612 6.2754
threshold=2.2150000333786015 2.3249999284744267 75.455001831054702 -1.2180095911025999 -1.1751225590705869 11135.879882812502 2.5763770341873173 119975.71093750001 0.076827276498079314 3.9674335718154912 2.2518734931945805 374464.00000000006 1.8929793834686282 1.8861186504364016 40349.744140625007 -2.5134012699127193 20202.178710937504 2.1538648605346684 3.1755390167236333 4.3616604804992685 58542.000000000007
decision_type=2 2 2 2 2 2 2 2 2 2 2 2 2 2 2 2 2 2 2 2 2
left_child=2 17 9 4 -3 -6 7 -5 -4 10 15 18 -12 -8 16 -1 -10 -2 -11 -13 -19
right_child=1 3 8 6 5 -7 13 -9 14 11 12 19 -14 -15 -16 -17 -18 20 -20 -21 -22
leaf_value=0.038107981655503415 0.024187134071432834 0.023072539695063021 -0.012288404377340981 0.016727277664568167 -0.012348751228311264 0.030649060917743196 0.020727773494856817 0.043914802508065683 0.0057254478312631718 0.028883760681206707 -0.0042404571333972355 0.019844379000771854 0.027411759860026703 -0.012371489128131123 -0.012025108881704159 0.021794059542004373 0.035296968967311056 0.0067509634418981591 0.04282648288295967 -0.012067310450202227 -0.012280803357687676
leaf_weight=8.7739697545766813 2.1766584962606421 5.6575474888086346 4.6420735120773342 299.08092534542084 10.572321206331251 1.8511976152658451 3.6255058497190458 4.2819967567920676 4.3885689228773099 12.686368167400365 9.835672512650488 2.4723822623491278 4.0272066146135321 6.2849681079387665 2.22560030221939 185.08334091305733 5.9028531312942505 2.0625084936618796 12.410250991582869 1.8084256798028944 9.1835585087537748
leaf_count=19 7 19 29 1169 67 5 13 7 21 37 54 9 12 39 14 640 14 10 22 11 59
internal_value=0.017891 0.0150873 0.0216891 0.0158349 0.00313679 -0.00586126 0.0165646 0.0171143 0.00866436 0.0226275 0.0213641 0.0315262 0.00488247 -0.000162026 0.0165148 0.0225376 0.022784 -0.0032937 0.0358183 0.0061297 -0.00870149
internal_weight=599.034 344.777 254.257 331.354 18.0811 12.4235 313.273 303.363 17.1591 237.098 207.72 29.3774 13.8629 9.91047 12.517 193.857 10.2914 13.4227 25.0966 4.28081 11.2461
internal_count=2277 1395 882 1319 91 72 1228 1176 78 804 725 79 66 52 49 659 35 76 59 20 69
is_linear=0
shrinkage=0.01


Tree=4
num_leaves=22
num_cat=0
split_feature=15 14 11 40 25 53 70 67 27 11 18 69 71 57 64 29 58 29 25 8 71
split_gain=60.2299 45.8014 29.2275 27.4957 28.4783 26.8962 25.9224 24.508 29.6897 28.3476 33.0533 26.1137 23.2508 23.5718 22.8018 19.2664 17.0863 9.09002 8.31601 7.7034 7.14339
threshold=2.2150000333786015 2.3249999284744267 75.455001831054702 2.5763770341873173 1331.5000000000002 -0.16971824318170545 40349.744140625007 3.9674335718154912 374464.00000000006 58.840000152587898 250.00000000000003 99.961925506591811 17422.499023437504 1.545713543891907 10.803615093231203 2.1538648605346684 270540.50000000006 1.0637522339820864 1609.0000000000002 2.40149998664856 25725.267578125004
decision_type=2 2 2 2 2 2 2 2 2 2 2 2 2 2 2 2 2 2 2 2 2
left_child=2 15 7 4 5 -3 12 9 17 11 -11 -1 13 -4 19 -2 -10 -9 -17 -5 -14
right_child=1 3 6 14 -6 -7 -8 8 16 10 -12 -13 20 -15 -16 18 -18 -19 -20 -21 -22
leaf_value=0.021502802382092324 0.02361232693624913 0.012523366124795788 -0.012312152090040048 -0.012374976817923305 -0.012336939841671342 0.01856641771108156 -0.012220578249573205 0.01971674715319284 -0.01219196484317925 -0.012365986280970605 0.017300551095470164 0.03306758998118263 0.039885472895223588 0.030777720092686065 0.031448392556237936 -0.01225334050265383 0.027652351598603988 0.037249724133680155 0.012028635477596885 0.011536462181844245 0.018647834483570935
leaf_weight=117.46388344466686 2.2071931213140479 117.83322423696518 4.0531743466854113 6.7538540810346586 3.4585612267255774 202.92566764354706 4.4209789782762519 3.7244513332843843 2.3053621500730506 3.946139231324195 64.967525631189346 23.924098521471024 3.0677318423986435 1.8460344225168226 1.8206189721822728 9.5715952664613706 1.9915455579757688 21.890312254428864 1.6136905252933491 1.6415769159793852 3.856034129858017
leaf_count=398 7 493 25 42 21 751 28 13 14 24 243 60 6 5 5 62 6 46 7 7 14
internal_value=0.0175282 0.0148047 0.0212037 0.0155314 0.0160405 0.0163496 0.00853349 0.0221091 0.0306504 0.0208895 0.0155873 0.0234667 0.0157669 0.00100241 -0.000527137 -0.00326725 0.00604249 0.0347394 -0.0086608 -0.00758041 0.0282021
internal_weight=605.283 347.826 257.457 334.434 324.217 320.759 17.244 240.213 29.9117 210.302 68.9137 141.388 12.823 5.89921 10.216 13.3925 4.29691 25.6148 11.1853 8.39543 6.92377
internal_count=2277 1395 882 1319 1265 1244 78 804 79 725 267 458 50 30 54 76 20 59 69 49 20
is_linear=0
shrinkage=0.01


Tree=5
num_leaves=23
num_cat=0
split_feature=54 28 39 58 26 41 28 43 21 59 31 66 41 37 68 56 69 31 34 44 57 51
split_gain=59.163 40.7361 46.6476 45.457 40.4962 36.9173 53.4551 36.5263 35.8658 31.3056 31.0183 28.5355 28.4815 26.4559 24.6092 23.1754 14.5741 14.1842 26.0608 12.2634 9.60473 5.55827
threshold=4.3018939495086679 -359.12499999999994 -1.3160623908042905 -364639.99999999994 0.082300014793872847 0.41503828763961798 -954.24999999999989 291.30999755859381 -1982.4999999999998 1.779335141181946 9.1370396614074725 1.7066204547882082 -0.53925466537475575 0.82000273466110241 72.598583221435561 4.0896794795989999 86.61075592041017 2.8055434226989751 -0.86807811260223378 599.45498657226574 1.3465155959129336 -0.013652230147272347
decision_type=2 2 2 2 2 2 2 2 2 2 2 2 2 2 2 2 2 2 2 2 2 2
left_child=1 5 12 9 -5 10 8 15 -7 -4 14 -8 13 -3 -1 -2 -17 19 -19 -9 -21 -12
right_child=7 2 3 4 -6 6 11 17 -10 -11 21 -13 -14 -15 -16 16 -18 18 -20 20 -22 -23
leaf_value=0.026063200766531586 -0.012395118108361804 0.025984027287432064 -0.012556857181932658 0.016765683791692802 0.0049269348306311403 0.017764960838651051 0.025309221660764512 0.015185729643063528 -0.0055583931845105006 0.033884402422199991 -0.012286790723468648 -0.012188810163100708 -0.012482120687311781 -0.012181056427229114 0.01436545945618491 0.006317065478847873 0.034463306605223502 0.02792982239112447 -0.012239212219159381 0.035684409551969318 0.023051573267667921 0.010804896421139017
leaf_weight=99.441363990306854 3.3413967639207822 5.222260162234309 9.1329391747713071 300.37301984429359 32.241888642311096 10.626359388232233 27.740800768136982 4.3138628453016272 17.287621200084686 1.7190115451812733 2.654488205909729 2.1522253900766364 10.249079287052153 2.7438813447952271 22.478003233671188 4.2144805043935776 3.4188773483037949 5.9652391374111176 2.1750353127717954 34.304159492254257 7.9224864393472663 1.6840065419673909
leaf_count=302 20 16 55 1130 151 39 86 16 95 4 16 13 63 17 89 19 8 17 13 75 26 7
internal_value=0.0171782 0.0160945 0.014136 0.0149632 0.0156211 0.0199375 0.0132778 0.0261711 0.00328457 -0.00510814 0.0229787 0.022576 -0.00140862 0.0127128 0.0239147 0.00938809 0.0190544 0.0295213 0.017074 0.0316769 0.0333379 -0.00309315
internal_weight=611.402 545.747 361.682 343.467 332.615 184.065 57.807 65.6555 27.914 10.852 126.258 29.893 18.2152 7.96614 121.919 10.9748 7.63336 54.6808 8.14027 46.5405 42.2266 4.33849
internal_count=2277 2083 1436 1340 1281 647 233 194 134 59 414 99 96 33 391 47 27 147 30 117 101 23
is_linear=0
shrinkage=0.01


Tree=6
num_leaves=23
num_cat=0
split_feature=54 28 39 58 26 41 28 43 18 59 31 67 41 26 69 56 50 31 34 44 67 38
split_gain=56.1021 38.7851 45.0013 43.9064 38.8404 35.0289 51.2195 34.5051 32.1577 30.411 29.6505 31.562 27.9343 25.6134 25.435 22.5129 16.8382 13.2971 25.0768 11.4675 9.07942 5.66121
threshold=4.3018939495086679 -359.12499999999994 -1.3160623908042905 -364639.99999999994 0.082300014793872847 0.41503828763961798 -954.24999999999989 291.30999755859381 2022.0000000000002 1.779335141181946 9.1370396614074725 2.6785081624984746 -0.53925466537475575 0.012142849620431663 19.999964714050297 4.0896794795989999 0.0012554385466501119 2.8055434226989751 -0.86807811260223378 599.45498657226574 1.7187103629112246 -1.5743581056594846
decision_type=2 2 2 2 2 2 2 2 2 2 2 2 2 2 2 2 2 2 2 2 2 2
left_child=1 5 12 9 -5 10 8 15 -7 -4 11 -1 13 -3 -8 -2 -17 19 -19 -9 -21 -12
right_child=7 2 3 4 -6 6 14 17 -10 -11 21 -13 -14 -15 -16 16 -18 18 -20 20 -22 -23
leaf_value=0.025660303244136453 -0.012359789464961045 0.025376597011087056 -0.012522797838178898 0.016438685603481301 0.0048637347962186992 -0.0053843308642322297 0.026330589883409174 0.014906394523157316 0.016523947953375036 0.032911449820257246 -0.012298884230339877 0.012149311271090707 -0.012449430236880927 -0.012153223264834302 0.0021633397990970856 0.0001433507544321309 0.030662275296828297 0.027215206652679284 -0.012203127624632501 0.038112148247335796 0.028432556514099691 0.011063824863825978
leaf_weight=102.41803416609764 3.3175576478242856 5.2960488945245761 9.0665339827537519 303.26978228986263 32.333768680691719 16.905581414699558 24.890998765826229 4.3505675345659247 11.061077639460562 1.7519622296094883 2.6616737693548203 21.172854244709015 10.173610374331473 2.7283129692077637 5.3897037208080283 3.0665259957313538 4.6491281688213348 6.0601681619882584 2.1597289741039258 17.504345670342445 25.513679474592209 1.6683620810508717
leaf_count=305 20 16 55 1130 151 93 73 16 41 4 16 86 63 17 26 15 12 17 13 34 67 7
internal_value=0.0168399 0.0157868 0.0138811 0.0146865 0.0153265 0.0195137 0.0130444 0.0255316 0.00324484 -0.00507268 0.0224517 0.0233538 -0.00139674 0.0124917 0.0220621 0.00924374 0.0186624 0.0287465 0.0167366 0.0308094 0.0323945 -0.00306629
internal_weight=617.41 550.788 364.62 346.422 335.604 186.168 58.2474 66.6217 27.9667 10.8185 127.921 123.591 18.198 8.02436 30.2807 11.0332 7.71565 55.5885 8.2199 47.3686 43.018 4.33004
internal_count=2277 2083 1436 1340 1281 647 233 194 134 59 414 391 96 33 99 47 27 147 30 117 101 23
is_linear=0
shrinkage=0.01


Tree=7
num_leaves=22
num_cat=0
split_feature=15 14 39 36 28 7 53 11 56 67 38 27 65 47 40 29 37 3 67 56 25
split_gain=54.231 43.5735 27.0303 30.2104 26.9893 38.1797 27.0192 26.6475 26.4211 22.3652 36.221 26.7139 26.4827 20.3155 19.9007 18.4555 17.8924 25.4926 10.1013 9.26272 7.96147
threshold=2.2150000333786015 2.3249999284744267 -1.2180095911025999 -1.1751225590705869 2033.8750000000002 2.7567603588104252 -0.16971824318170545 75.455001831054702 0.076827276498079314 3.9674335718154912 2.2518734931945805 374464.00000000006 1.8929793834686282 0.78983631730079662 -1.4112432599067686 2.1538648605346684 2.1576449871063237 -27425.999999999996 4.3616604804992685 3.1755390167236333 1609.0000000000002
decision_type=2 2 2 2 2 2 2 2 2 2 2 2 2 2 2 2 2 2 2 2 2
left_child=7 15 3 -3 6 -6 -4 9 -9 10 13 19 -12 -1 -5 -2 17 -10 -13 -11 -17
right_child=1 2 4 14 5 -7 -8 8 16 11 12 18 -14 -15 -16 20 -18 -19 -20 -21 -22
leaf_value=0.021739977981641498 0.022352411479291689 0.021516514801180647 0.012132800772955164 0.01893650641856276 -0.0087658930993911172 0.021115051172340679 0.018304270156308367 -0.012313674521591451 0.025863442706419632 0.026431455396643808 -0.0045569218244116668 0.018562884037940468 0.025196308075717534 0.010740635370171565 -0.012358849472481743 -0.012304450750187459 0.028217181826340667 -0.012350087658268045 -0.012090822404341979 0.038612974185028105 0.011084579681150609
leaf_weight=184.14047332108021 2.2764615714550009 5.8825751096010235 114.20091930031776 2.5328557342290887 10.562720924615862 7.1638358086347571 193.24958734214306 4.6679281294345882 3.1212962269783029 13.391387358307844 10.080771356821058 2.5605033189058295 4.2347127199172965 18.892059817910194 9.9694230109453166 9.6937219649553281 5.9085000455379486 3.9297191947698566 1.8170607239007948 13.331048175692557 1.6679462194442738
leaf_count=583 7 19 462 9 60 24 682 29 9 37 54 9 12 76 63 62 16 24 11 22 7
internal_value=0.0165136 0.0139585 0.0146549 0.00279172 0.0153226 0.00325348 0.0160152 0.0199402 0.00796695 0.0207856 0.0196362 0.0287867 0.00417463 0.0207214 -0.00593869 -0.00351243 0.0153491 0.0044242 0.00561056 0.0325459 -0.00878282
internal_weight=623.276 357.2 343.562 18.3849 325.177 17.7266 307.451 266.075 17.6274 248.448 217.348 31.1 14.3155 203.033 12.5023 13.6381 12.9595 7.05102 4.37756 26.7224 11.3617
internal_count=2277 1395 1319 91 1228 84 1144 882 78 804 725 79 66 659 72 76 49 33 20 59 69
is_linear=0
shrinkage=0.01


Tree=8
num_leaves=21
num_cat=0
split_feature=15 14 39 36 5 25 40 28 70 59 37 39 10 56 52 39 2 72 6 61
split_gain=51.7367 42.0933 25.992 29.3072 27.243 26.0354 26.75 24.0809 28.0708 25.7569 28.1321 21.5598 19.4946 27.1934 24.911 17.4373 21.1965 16.7786 22.6123 14.799
threshold=2.2150000333786015 2.3249999284744267 -1.2180095911025999 -1.1751225590705869 11135.879882812502 1331.5000000000002 2.5763770341873173 467.90625000000006 61916.361328125007 1.3717099428176882 -1.7165843844413755 2.6733747720718388 -0.0011035000206902621 1.8224115371704104 0.029875262640416626 0.77681398391723644 334009.50000000006 -2632169.8749999995 -2067956159.9999998 170.82778930664065
decision_type=2 2 2 2 2 2 2 2 2 2 2 2 2 2 2 2 2 2 2 2
left_child=7 15 3 -3 -5 6 -4 12 9 10 -9 -11 13 14 -1 -2 -17 18 -14 -19
right_child=1 2 5 4 -6 -7 -8 8 -10 11 -12 -13 17 -15 -16 16 -18 19 -20 -21
leaf_value=-0.012617057415919088 -0.012322910859271794 0.021046665379557312 0.015842613252848716 -0.012327804905267432 0.028334163243322778 -0.012439365572013176 -0.00055948833895966179 -0.012478179633379237 -0.012364430423444529 -0.012585212193881975 0.020215413721228405 0.02527606208898673 0.024833624156121416 0.027308632564871926 0.028690094309177988 0.028886862413441752 -0.012005649336655497 0.024965892414978274 -0.012511679498544882 0.019269294212207237
leaf_weight=5.9544613808393461 8.4935376644134504 5.9533976763486889 314.47562922537327 10.511258915066717 1.9439027160406102 3.3726538866758338 10.146349698305128 2.7555905431509009 3.7827025800943366 5.2607864886522284 45.320176124572754 2.1014853715896606 3.1968803852796555 5.0120987892150879 1.9291760325431822 2.900474250316619 2.2100199162960052 106.06502094864845 3.2550400644540778 84.357868030667305
leaf_count=35 54 19 1156 67 5 20 52 16 23 31 147 6 9 13 5 8 14 304 19 274
internal_value=0.0161989 0.0137105 0.0143887 0.00275944 -0.00590132 0.0150383 0.0153269 0.0195255 0.0138451 0.0156515 0.0183207 -0.00164227 0.0211244 0.00908006 -0.00238209 -0.00348516 0.0110073 0.0219083 0.00583766 0.0224475
internal_weight=628.999 360.007 346.403 18.4086 12.4552 327.995 324.622 268.991 59.2207 55.438 48.0758 7.36227 209.771 12.8957 7.88364 13.604 5.11049 196.875 6.45192 190.423
internal_count=2277 1395 1319 91 72 1228 1208 882 223 200 163 37 659 53 40 76 22 606 28 578
is_linear=0
shrinkage=0.01


Tree=9
num_leaves=23
num_cat=0
split_feature=54 29 62 36 10 43 57 69 65 53 59 35 2 57 56 50 31 35 67 67 2 72
split_gain=50.8296 34.6713 40.256 34.1538 31.5056 31.4207 30.1247 29.9963 32.6668 29.1376 27.8855 27.8676 27.2912 23.3497 21.3779 15.6657 11.9236 22.4673 9.13108 22.622 7.06609 5.85947
threshold=4.3018939495086679 2.6411490440368657 3.0320051908493046 2.208875417709351 -0.0011035000206902621 291.30999755859381 0.60075834393501293 89.715545654296889 1.4099061489105227 1.7788622975349428 1.3411433696746828 -2.3190871477127071 635457.00000000012 0.93944630026817333 4.0896794795989999 0.0012554385466501119 2.8055434226989751 -1.7976458072662351 1.7187103629112246 4.2383491992950448 898418.50000000012 -1295009.1874999998
decision_type=2 2 2 2 2 2 2 2 2 2 2 2 2 2 2 2 2 2 2 2 2 2
left_child=1 4 10 11 7 14 12 -1 -9 -8 13 -4 -6 -3 -2 -16 18 -18 21 -20 -5 -7
right_child=5 2 3 20 6 16 9 8 -10 -11 -12 -13 -14 -15 15 -17 17 -19 19 -21 -22 -23
leaf_value=-0.012601696142454466 -0.012403745826866186 0.0087658935757471759 -0.0062219873751227497 -0.012604452122998513 -0.012606891287915031 0.039533733276082755 0.0190472079926308 0.02636750489781579 -0.012456797906203122 -0.01249721984189002 0.025525955257176929 0.014941992638364876 0.032431001221457839 -0.010153290288483108 0 0.028911581193275488 0.030574379953703931 -0.0019583305803955605 0.016566164172950232 0.034253588367185811 0.010260344209499807 0.027941613214555395
leaf_weight=6.5842700898647335 3.3440705984830839 11.228344127535825 6.3261538594961158 5.7724927961826316 5.6044595241546622 10.782555744051935 262.84749692678452 7.2100084722042066 3.0587209016084671 2.9228144586086264 4.2029300481081 230.88478830456734 1.7675107121467588 15.49889090657234 3.1200772225856781 4.8220943212509155 4.6388201117515564 3.8133328557014448 15.061028689146044 14.519235774874685 1.7175257205963133 8.8855919837951642
leaf_count=39 20 47 34 34 33 17 872 20 18 17 12 859 4 87 15 12 11 19 51 27 7 22
internal_value=0.0158941 0.014901 0.0123488 0.0137081 0.0173233 0.0240215 0.0181431 0.00397764 0.0147056 0.0186965 0.00156305 0.0143734 -0.00167291 -0.00216776 0.00863135 0.0176141 0.0270145 0.0157784 0.0289226 0.0252817 -0.00722785 0.0343475
internal_weight=634.613 565.626 275.631 244.701 289.995 68.9868 273.142 16.853 10.2687 265.77 30.9302 237.211 7.37197 26.7272 11.2862 7.94217 57.7006 8.45215 49.2484 29.5803 7.49002 19.6681
internal_count=2277 2083 1080 934 1003 194 926 77 38 889 146 893 37 134 47 27 147 30 117 78 41 39
is_linear=0
shrinkage=0.01


Tree=10
num_leaves=24
num_cat=0
split_feature=54 28 58 39 26 41 28 21 43 59 41 66 30 59 50 1 20 41 70 7 20 65 53
split_gain=48.4647 35.1831 40.8005 41.2501 35.8324 31.9987 47.6723 32.6895 29.8418 28.6804 27.2672 25.8818 25.5252 34.825 16.0359 15.7033 13.3868 11.2355 23.2667 18.7631 10.6575 7.38388 1.53249
threshold=4.3018939495086679 -359.12499999999994 -364639.99999999994 -1.3160623908042905 0.082300014793872847 0.41503828763961798 -954.24999999999989 -1982.4999999999998 291.30999755859381 1.779335141181946 -0.53925466537475575 1.7066204547882082 4.4370784759521493 0.89297926425933849 0.0073193612042814502 379454.00000000006 611.80499267578136 1.2437162995338442 28924.002929687504 2.8089027404785161 4220.7248535156259 -1.2185355424880979 1.7788622975349428
decision_type=2 2 2 2 2 2 2 2 2 2 2 2 2 2 2 2 2 2 2 2 2 2 2
left_child=1 5 9 10 -5 12 7 -7 15 -3 -4 -8 14 -14 -1 16 -2 18 20 -20 -10 -19 -23
right_child=8 2 3 4 -6 6 11 -9 17 -11 -12 -13 13 -15 -16 -17 -18 21 19 -21 -22 22 -24
leaf_value=0.024937049282955769 0.015875604805204918 -0.012588012664500936 0.012303898467136851 0.015236637526928623 0.0042709506032668435 0.016097187509063547 0.023024688913096222 -0.0057710186935362477 0.033824927296602282 0.030370739767128622 -0.012476107861367092 -0.012291271271153861 -0.0013854921955027426 0.019852670353616653 0.010440841601520026 0.023100416200909329 -0.012533668924223883 0.023678342104172887 -0.012603403536561059 0.021491703959957319 0.021852269809774567 0.041753660756440769 0.033306582918897022
leaf_weight=86.634313225746155 2.7890869230031949 9.6747492402791959 8.0420289784669894 314.23270297050476 33.209402501583099 11.146313771605493 29.285820096731189 17.600493520498276 12.938122779130934 1.8428161144256581 9.8939836919307691 2.1953081488609305 10.659087210893629 27.214876770973206 8.6393334567546827 4.4701846390962601 4.0784407109022141 6.5899131596088436 2.971125215291976 3.4869096726179123 19.680468305945396 5.8988996744155866 6.9517829269170761
leaf_count=240 10 58 32 1130 151 39 86 95 25 4 61 13 52 88 34 13 24 18 17 10 56 8 13
internal_value=0.0155987 0.0146311 0.0128428 0.0134277 0.0141914 0.0181113 0.0120237 0.00267339 0.0234842 -0.00562777 -0.00130966 0.0205302 0.0208575 0.0138491 0.023633 0.00850469 -0.000850289 0.0263694 0.02319 0.00565084 0.0266319 0.0327088 0.0372619
internal_weight=640.126 570.271 376.896 365.378 347.442 193.376 60.2279 28.7468 69.8549 11.5176 17.936 31.4811 133.148 37.874 95.2736 11.3377 6.86753 58.5172 39.0766 6.45803 32.6186 19.4406 12.8507
internal_count=2277 2083 1436 1374 1281 647 233 134 194 62 93 99 414 140 274 47 34 147 108 27 81 39 21
is_linear=0
shrinkage=0.01


Tree=11
num_leaves=22
num_cat=0
split_feature=54 28 58 39 26 41 28 21 43 31 67 41 57 66 56 69 31 34 44 57 38
split_gain=46.2583 33.6537 39.5358 39.8468 34.4742 30.5026 45.8363 31.8137 28.3798 26.9033 28.7313 26.7548 25.2056 24.9489 20.5293 12.5985 11.0361 22.7514 10.2777 7.89906 5.4035
threshold=4.3018939495086679 -359.12499999999994 -364639.99999999994 -1.3160623908042905 0.082300014793872847 0.41503828763961798 -954.24999999999989 -1982.4999999999998 291.30999755859381 9.1370396614074725 2.6785081624984746 -0.53925466537475575 1.857400178909302 1.7066204547882082 4.0896794795989999 86.61075592041017 2.8055434226989751 -0.86807811260223378 599.45498657226574 1.3465155959129336 -1.5743581056594846
decision_type=2 2 2 2 2 2 2 2 2 2 2 2 2 2 2 2 2 2 2 2 2
left_child=1 5 12 11 -5 9 7 -7 14 10 -1 -4 -3 -8 -2 -16 18 -18 -10 -20 -11
right_child=8 2 3 4 -6 6 13 -9 16 20 -12 -13 -14 -15 15 -17 17 -19 19 -21 -22
leaf_value=0.023383835572353698 -0.012369383648112053 -0.012551247825313456 0.012096853390306585 0.01495896140903372 0.0042180884379060422 0.015797202394479477 0.022513358624161678 -0.0057322264672928537 0.01294344499273725 -0.012442196660737832 0.010793237741790978 -0.012443476574124351 0.026134903161160239 -0.012254526392045492 0.0053375787261113828 0.030765803390300012 0.02462028821471619 -0.012326036050901086 0.031031346289738242 0.019998672875869875 0.0099772910292481847
leaf_weight=108.00894537568092 3.3214573264122 9.4376317858695966 8.0975940376520175 316.85165983438492 33.288931578397751 11.243902102112772 29.649597838521007 17.542698338627815 4.6193330287933341 2.7340604960918427 22.167074680328369 9.821095407009123 2.0388530343770972 2.1799488365650168 4.3913561105728132 3.6759810298681259 6.4248551279306412 2.2104024291038495 37.50196373462677 8.5550040751695615 1.7327299118041981
leaf_count=305 20 57 32 1130 151 39 86 95 16 16 86 61 5 13 19 8 17 13 75 26 7
internal_value=0.0153135 0.01437 0.0126253 0.0131961 0.0139406 0.0177562 0.0118262 0.00264232 0.0229702 0.0204184 0.0212475 -0.0012977 -0.00559133 0.0201008 0.00838099 0.0170482 0.0257547 0.0150472 0.0275595 0.0290038 -0.00352149
internal_weight=645.495 574.795 379.536 368.059 350.141 195.259 60.6161 28.7866 70.7004 134.643 130.176 17.9187 11.4765 31.8295 11.3888 8.06734 59.3116 8.63526 50.6763 46.057 4.46679
internal_count=2277 2083 1436 1374 1281 647 233 134 194 414 391 93 62 99 47 27 147 30 117 101 23
is_linear=0
shrinkage=0.01


Tree=12
num_leaves=21
num_cat=0
split_feature=15 14 25 40 71 28 59 33 64 57 10 56 52 29 72 6 33 24 25 39
split_gain=45.2194 40.1233 24.5109 24.599 24.4936 21.6664 26.2128 23.5017 21.3399 20.7828 17.2888 24.6065 23.5491 17.277 15.3598 21.1048 13.9307 13.6185 7.49438 5.91403
threshold=2.2150000333786015 2.3249999284744267 1331.5000000000002 2.5763770341873173 119975.71093750001 467.90625000000006 1.3717099428176882 -0.88060238957405079 10.803615093231203 2.0674839019775395 -0.0011035000206902621 1.8224115371704104 0.029875262640416626 2.1538648605346684 -2632169.8749999995 -2067956159.9999998 -0.089165661484003053 7.5000000000000009 1609.0000000000002 0.87370556592941295
decision_type=2 2 2 2 2 2 2 2 2 2 2 2 2 2 2 2 2 2 2 2
left_child=5 13 3 4 -3 10 7 19 -5 -8 11 12 -1 -2 15 -12 -9 -16 -15 -7
right_child=1 2 -4 8 -6 6 9 16 -10 -11 14 -13 -14 18 17 -17 -18 -19 -20 -21
leaf_value=-0.012641894109595438 0.02058346143576233 0.013795927308536612 -0.012511136307949968 -0.0079527810407563782 0.036500006214771528 -0.012698827909387009 -0.012672355683994361 0.025853457230809004 0.028824486187903533 0.022771599429871354 0.022965908995094941 0.025192758013100759 0.026926139072200119 -0.012367697999158279 0.016106833499938834 -0.012597362154564596 0.013958321910425859 0.022296618115060257 0.0098673249598299657 0.0098058532964660911
leaf_weight=5.9790761768817884 2.379003018140792 338.19835974276066 3.5762279629707328 8.7315988540649396 4.8757240921258918 3.3604529798030844 6.3429964780807477 14.541894093155859 1.9229020178318013 2.228125274181366 3.338410809636116 5.2503696531057358 2.0036709904670715 9.8388994485139829 48.476352706551552 3.3036465644836417 33.004671812057495 149.89403612911701 1.7413978576660145 1.7444274723529813
leaf_count=35 7 1236 21 49 8 19 37 37 5 6 9 13 5 62 158 19 117 420 7 7
internal_value=0.0150377 0.0127414 0.0133918 0.0136565 0.0141215 0.0180846 0.0127802 0.0154237 -0.00122144 -0.00334177 0.019568 0.00836051 -0.00258504 -0.00383497 0.0202865 0.00512679 0.0176174 0.020789 -0.00893773 -0.00481269
internal_weight=650.732 371.264 357.305 353.729 343.074 279.468 61.2226 52.6514 10.6545 8.57112 218.246 13.2331 7.98275 13.9593 205.012 6.64206 47.5466 198.37 11.5803 5.10488
internal_count=2277 1395 1319 1298 1244 882 223 180 54 43 659 53 40 76 606 28 154 578 69 26
is_linear=0
shrinkage=0.01


Tree=13
num_leaves=21
num_cat=0
split_feature=15 14 11 56 39 36 5 28 53 20 67 11 18 60 71 29 37 3 37 17
split_gain=43.3388 38.84 23.1322 24.3996 23.1318 27.2714 25.8188 24.5732 24.7387 23.6637 19.7178 22.5854 29.5296 22.8977 17.0203 16.8719 15.9933 23.4372 9.43274 5.89854
threshold=2.2150000333786015 2.3249999284744267 75.455001831054702 0.076827276498079314 -1.2180095911025999 -1.1751225590705869 11135.879882812502 2033.8750000000002 -0.16971824318170545 16724.014648437504 3.9674335718154912 58.840000152587898 250.00000000000003 0.0060015462804585704 39657.750000000007 2.1538648605346684 2.1576449871063237 -27425.999999999996 1.6135891675949099 358.50000000000006
decision_type=2 2 2 2 2 2 2 2 2 2 2 2 2 2 2 2 2 2 2 2
left_child=2 15 10 -4 5 -3 -7 8 -6 -9 11 13 -13 -1 18 -2 17 -5 -12 -17
right_child=1 4 3 16 7 6 -8 9 -10 -11 14 12 -14 -15 -16 19 -18 -19 -20 -21
leaf_value=0.020832424544437737 0.020159652682129967 0.0195412751439905 -0.012451251465578161 0.023357426968045325 0.01076799423762408 -0.012370743971849046 0.0265380933506758 -0.0040244948098579645 0.016534355365394184 0.022129678484584647 0.031929465738178918 -0.012706260449675724 0.014433633458068189 0.0072440525549068435 0.0064294571596683475 -0.01236586237705813 0.02542596756576769 -0.012489710074571888 0.018571438275616373 0.0057016742790368278
leaf_weight=141.7518535554409 2.4045950323343268 6.1871474087238338 4.8031948804855373 3.3067440092563638 119.59341710805893 10.605459764599798 2.0208171606063834 13.813559696078302 203.06492425501347 4.602285459637641 21.468023285269741 4.2108494639396659 70.659843727946281 13.845651045441626 4.1191723793745032 9.3606599867343885 6.2827318608760834 4.0396254658699009 7.5860025882720938 2.1556891500949851
leaf_count=404 7 19 29 9 462 67 5 70 682 14 40 24 243 54 17 59 16 24 22 10
internal_value=0.0147697 0.0125276 0.0177374 0.00682075 0.0131622 0.00230346 -0.00606424 0.0137582 0.0144002 0.00245737 0.0184969 0.0174458 0.0128939 0.0196297 0.0257687 -0.00380619 0.013686 0.00350966 0.0284761 -0.00889706
internal_weight=655.882 373.809 282.074 18.4323 359.888 18.8134 12.6263 341.074 322.658 18.4158 263.641 230.468 74.8707 155.598 33.1732 13.9209 13.6291 7.34637 29.054 11.5163
internal_count=2277 1395 882 78 1319 91 72 1228 1144 84 804 725 267 458 79 76 49 33 62 69
is_linear=0
shrinkage=0.01


Tree=14
num_leaves=22
num_cat=0
split_feature=54 28 58 39 41 28 21 30 59 43 41 31 67 52 56 69 71 41 53 6 38
split_gain=42.5007 31.334 37.5872 37.4278 28.5487 43.2567 30.3108 27.3111 26.8278 26.3106 25.9297 25.3319 26.9781 22.5806 19.6738 11.769 10.7923 12.4074 19.7155 5.34348 5.26
threshold=4.3018939495086679 -359.12499999999994 -364639.99999999994 -1.3160623908042905 0.41503828763961798 -954.24999999999989 -1982.4999999999998 7.903783082962037 1.779335141181946 291.30999755859381 -0.53925466537475575 9.1370396614074725 2.6785081624984746 -0.0081968964077532274 4.0896794795989999 86.61075592041017 36334.363281250007 1.2437162995338442 -1.77902215719223 -1007319487.9999999 -1.5743581056594846
decision_type=2 2 2 2 2 2 2 2 2 2 2 2 2 2 2 2 2 2 2 2 2
left_child=1 4 8 10 11 6 -6 -5 -3 14 -4 12 -1 -7 -2 -16 17 18 -11 -19 -13
right_child=9 2 3 7 5 13 -8 -9 -10 16 -12 20 -14 -15 15 -17 -18 19 -20 -21 -22
leaf_value=0.022200686802149493 -0.012425071702424849 -0.012589441115417366 0.011542324569845835 0.013994329954273388 0.014941782445244781 0.022910906580478788 -0.0058698204279227194 0.0035035732559649969 0.028189240535120171 0.0059200789420915251 -0.012472226507920053 -0.012494525430382831 0.010139990465866042 0.00089096047860443689 0.0049044316195252921 0.029171326977568125 0.010204862760503294 0.037012036187452482 0.025535208717989432 0.025369241319696437 0.0094517814452042964
leaf_weight=111.08649422228336 3.356549695134162 9.6684602946042997 8.2450437992811221 331.08610957860947 11.526334956288339 26.940879717469215 17.744962483644485 27.106898635625839 1.9264450818300236 6.2983693480491594 9.8636269718408567 2.758854553103447 22.664450883865356 5.7454857826232901 4.4722045809030515 3.7960445880889893 5.1576013565063468 11.214855730533602 31.178283974528316 7.2971073836088172 1.7645955830812443
leaf_count=305 20 58 32 1160 39 73 95 121 4 25 61 16 86 26 19 8 19 15 71 17 7
internal_value=0.0145104 0.0136138 0.0119466 0.0124938 0.0168387 0.0111596 0.00229113 0.0132032 -0.00572799 0.0217426 -0.00148296 0.0193761 0.0201644 0.0190709 0.00782499 0.0161666 0.0243722 0.0256595 0.0222654 0.0324767 -0.00371221
internal_weight=660.9 588.129 387.897 376.302 200.232 61.9577 29.2713 358.193 11.5949 72.771 18.1087 138.274 133.751 32.6864 11.6248 8.26825 61.1462 55.9886 37.4767 18.512 4.52345
internal_count=2277 2083 1436 1374 647 233 134 1281 62 194 93 414 391 99 47 27 147 128 96 32 23
is_linear=0
shrinkage=0.01


Tree=15
num_leaves=22
num_cat=0
split_feature=54 28 58 39 41 28 21 30 59 41 43 56 48 38 52 56 1 71 41 24 6
split_gain=40.7441 30.073 36.472 36.211 27.299 41.6907 29.5335 26.3357 26.1861 25.4583 25.1197 24.1937 26.018 24.3485 21.6432 19.177 11.5193 10.274 11.6973 20.7791 4.99704
threshold=4.3018939495086679 -359.12499999999994 -364639.99999999994 -1.3160623908042905 0.41503828763961798 -954.24999999999989 -1982.4999999999998 7.903783082962037 1.779335141181946 -0.53925466537475575 291.30999755859381 0.84757912158966076 1.9040054678916933 -2.936182856559753 -0.0081968964077532274 4.0896794795989999 379454.00000000006 36334.363281250007 1.2437162995338442 2.5000000000000004 -1007319487.9999999
decision_type=2 2 2 2 2 2 2 2 2 2 2 2 2 2 2 2 2 2 2 2 2
left_child=1 4 8 9 11 6 -6 -5 -3 -4 15 12 -1 -13 -7 -2 -17 18 19 -12 -20
right_child=10 2 3 7 5 14 -8 -9 -10 -11 17 13 -14 -15 -16 16 -18 -19 20 -21 -22
leaf_value=0.016586899797482103 -0.012389352425128366 -0.012555041712084778 0.011355165157619541 0.013752622720243047 0.014677606807695563 0.022417581892430479 -0.0058305190639976511 0.003461879218528145 0.027528346251743895 -0.012439681844206915 -0.012583291696280646 -0.0013198584138597886 -0.012834528367676339 0.02563722287072321 0.00088163207940815435 0.0047565825724336453 0.028665539799450857 0.010049874709420757 0.036012667474446793 0.023394981454177285 0.024807712094954248
leaf_weight=78.863213524222374 3.3326842784881583 9.5983527749776822 8.2968684285879153 333.52360787987709 11.615997344255449 27.25679212808609 17.686224713921547 27.158772423863411 1.9528325051069249 9.7909023910760862 1.6427987217903126 3.4965082406997672 3.086176633834838 54.195439666509628 5.7482040822505942 4.5001237988471967 3.8348850905895233 5.1846322268247595 11.409808322787287 36.235075652599335 7.387195259332656
leaf_count=249 20 58 32 1160 39 73 95 121 4 61 9 16 17 132 26 19 8 19 15 87 17
internal_value=0.014259 0.0133829 0.0117532 0.0122878 0.0165278 0.0109855 0.00226519 0.0129805 -0.00569201 -0.00146969 0.021303 0.0189936 0.0154667 0.0239861 0.0186971 0.00771742 0.0158769 0.0238493 0.0250941 0.0218082 0.0316623
internal_weight=665.797 592.27 390.321 378.77 201.949 62.3072 29.3022 360.682 11.5512 18.0878 73.5272 139.641 81.9494 57.6919 33.005 11.6677 8.33501 61.8595 56.6749 37.8779 18.797
internal_count=2277 2083 1436 1374 647 233 134 1281 62 93 194 414 266 148 99 47 27 147 128 96 32
is_linear=0
shrinkage=0.01


Tree=16
num_leaves=20
num_cat=0
split_feature=15 14 25 40 71 11 56 66 67 38 65 27 67 39 43 37 3 41 20
split_gain=39.9193 37.099 23.2725 23.0947 22.6632 21.6053 23.4099 20.4555 18.1792 30.7576 23.2036 21.5321 17.5809 16.1592 19.0196 15.1541 22.5348 7.80305 7.56312
threshold=2.2150000333786015 2.3249999284744267 1331.5000000000002 2.5763770341873173 119975.71093750001 75.455001831054702 0.076827276498079314 1.8861186504364016 3.9674335718154912 2.2518734931945805 1.8929793834686282 374464.00000000006 3.606122732162476 0.77681398391723644 8144.0351562500009 2.1576449871063237 -27425.999999999996 -0.8759247064590453 4533.5849609375009
decision_type=2 2 2 2 2 2 2 2 2 2 2 2 2 2 2 2 2 2 2
left_child=5 13 3 4 -3 8 -7 -5 9 12 -11 18 -1 -2 -15 16 -8 -13 -10
right_child=1 2 -4 7 -6 6 15 -9 11 10 -12 17 -14 14 -16 -17 -18 -19 -20
leaf_value=0.017968003971431296 -0.012446186394848355 0.012878151538544385 -0.012587015879815871 0.015494869465977017 0.034292571967972106 -0.012485998922178434 0.022294017119729521 -0.012614979095894138 0.019376312402020576 -0.0052894290395502277 0.021523563154856019 0.014318623941207493 0.0003218842341636965 0.025725838941000698 -0.012143403270657271 0.024232068762037651 -0.012542859683251726 -0.012317420574661017 0.030920463824847682
leaf_weight=214.91950190067291 8.7158896178007108 347.92191310226917 3.6229600161314002 4.2430139780044538 5.0724660009145728 4.8354393094778088 3.3900102823972711 6.6136719733476639 8.5917540192604083 10.656645402312277 4.6137440055608741 2.9216731935739517 5.9169301390647879 3.1069045662879935 2.2735012322664261 6.4531037956476212 4.08000476658344 1.7328531891107548 20.902716144919395
leaf_count=633 54 1236 21 15 8 29 9 39 23 54 12 10 26 8 14 16 24 10 36
internal_value=0.0140151 0.0118827 0.0124941 0.0127466 0.0131887 0.0168269 0.00636503 -0.00153697 0.0175493 0.0165498 0.00274627 0.0244308 0.0174997 -0.00398402 0.00953826 0.0129837 0.00313279 0.00418733 0.0275916
internal_weight=670.585 381.57 367.474 363.851 352.994 289.014 18.7586 10.8567 270.256 236.107 15.2704 34.149 220.836 14.0963 5.38041 13.9231 7.47002 4.65453 29.4945
internal_count=2277 1395 1319 1298 1244 882 78 54 804 725 66 79 659 76 22 49 33 20 59
is_linear=0
shrinkage=0.01


Tree=17
num_leaves=20
num_cat=0
split_feature=15 14 25 40 39 11 56 64 67 38 65 27 67 29 58 37 3 23 29
split_gain=38.3911 35.972 22.664 22.3477 22.0117 20.7415 22.8763 20.1645 17.3743 29.593 22.5339 20.5657 16.9228 16.018 14.7463 14.5512 21.9501 8.57158 6.55701
threshold=2.2150000333786015 2.3249999284744267 1331.5000000000002 2.5763770341873173 -1.127819776535034 75.455001831054702 0.076827276498079314 10.803615093231203 3.9674335718154912 2.2518734931945805 1.8929793834686282 374464.00000000006 3.606122732162476 2.1538648605346684 270540.50000000006 2.1576449871063237 -27425.999999999996 7.5000000000000009 1.0637522339820864
decision_type=2 2 2 2 2 2 2 2 2 2 2 2 2 2 2 2 2 2 2
left_child=5 13 3 4 -3 8 -7 -5 9 12 -11 18 -1 -2 -13 16 -8 -15 -10
right_child=1 2 -4 7 -6 6 15 -9 11 10 -12 14 -14 17 -16 -17 -18 -19 -20
leaf_value=0.017631222644543351 0.01900283612368403 0.003726571002774506 -0.012549313973201043 -0.0080864645140193963 0.013642959057240037 -0.012451129032294101 0.021827123559753085 0.027071736951656222 0.014960296026226979 -0.0052515694691374834 0.021087101000165916 -0.01252323527570832 0.00031861238999625487 -0.012389201967957489 0.022978132599373344 0.023703647271220804 -0.012506418377186164 0.012575496659930215 0.028922124598632758
leaf_weight=216.82480506598949 2.4758229404687873 24.311115711927414 3.5976329594850531 8.8488174974918348 331.10351733863354 4.800665736198428 3.4277063906192788 1.9961919486522663 4.2430559098720577 10.626289188861845 4.6619011759757987 2.4478280246257773 5.9179047495126715 10.026120647788046 2.216785654425621 6.5305956304073334 4.0511190146207783 1.5553520470857609 25.625345751643181
leaf_count=633 7 110 21 49 1134 29 9 5 13 54 12 14 26 63 6 16 24 6 46
internal_value=0.0137777 0.0116916 0.012289 0.0125357 0.0129675 0.0165229 0.00628265 -0.00152284 0.017226 0.0162511 0.0027146 0.0239162 0.0171757 -0.00395586 0.00413386 0.0127736 0.00309567 -0.00895018 0.0269722
internal_weight=675.289 383.915 369.857 366.26 355.415 291.374 18.8101 10.845 272.564 238.031 15.2882 34.533 222.743 14.0573 4.66461 14.0094 7.47883 11.5815 29.8684
internal_count=2277 1395 1319 1298 1244 882 78 54 804 725 66 79 659 76 20 49 33 69 59
is_linear=0
shrinkage=0.01


Tree=18
num_leaves=21
num_cat=0
split_feature=54 30 46 28 57 53 10 43 49 51 24 31 50 71 41 24 38 67 40 6
split_gain=37.4466 28.5207 35.8825 29.3387 28.8151 28.066 26.3985 23.2546 22.2069 21.655 21.3127 20.5512 14.0019 9.46426 10.8791 19.5972 7.41528 6.45205 5.4906 4.62298
threshold=4.3018939495086679 7.0410349369049081 -0.36126814782619471 527.31250000000011 0.54489997029304515 1.7788622975349428 -0.0011035000206902621 291.30999755859381 1.4960030913352969 0.018641923554241661 1.5000000000000002 5.0040845870971689 0.0012554385466501119 36334.363281250007 1.2437162995338442 2.5000000000000004 0.50757881999015819 4.8378646373748788 0.52563524246215831 -1007319487.9999999
decision_type=2 2 2 2 2 2 2 2 2 2 2 2 2 2 2 2 2 2 2 2
left_child=1 4 3 11 17 6 -6 12 10 -10 -4 -3 18 14 15 -9 -14 -1 -2 -16
right_child=7 2 8 -5 5 -7 -8 13 9 -11 -12 -13 16 -15 19 -17 -18 -19 -20 -21
leaf_value=-0.012732345624430447 -0.012679739472308767 0.020125684038677739 0.025446304022611926 -0.012728819319250007 0.0040492661386551873 -0.012797014667723317 0.014461604729284845 -0.012640193160745425 -0.0019624686444602935 0.032264367161848759 -0.0079270920073823588 -0.0032928653033385351 0.024951005365456035 0.0094849766404159937 0.034145370646352903 0.022165662716540659 0.0027204191688956882 0.009218782565295805 0.0087252759869507635 0.02351280720785812
leaf_weight=5.0292341113090506 3.3553047478198987 26.775954276323322 2.0699176043272045 3.7144625484943381 25.880189880728722 3.913267269730567 499.93296200037003 1.6538466215133656 3.7537460476160041 3.5465393513441086 23.775165215134621 4.2740358561277381 4.2042920291423798 5.2829799205064765 11.78475044667721 37.247631683945656 2.5010781735181808 1.7717847079038618 1.8110464215278623 7.5992274433374396
leaf_count=29 19 79 5 21 109 22 1642 9 18 7 123 21 10 19 15 87 11 7 7 17
internal_value=0.0135473 0.0127137 0.00657922 0.0136786 0.0134883 0.0137515 0.013951 0.0202128 -0.000836797 0.0145282 -0.00521554 0.0168699 0.00724097 0.0226197 0.023793 0.0206602 0.0168082 -0.00686665 -0.00498273 0.0300286
internal_weight=679.877 604.437 67.9098 34.7645 536.527 529.726 525.813 75.4402 33.1454 7.30029 25.8451 31.05 11.8717 63.5684 58.2855 38.9015 6.70537 6.80102 5.16635 19.384
internal_count=2277 2083 274 121 1809 1773 1751 194 153 25 128 100 47 147 128 96 21 36 26 32
is_linear=0
shrinkage=0.01


Tree=19
num_leaves=20
num_cat=0
split_feature=15 15 25 40 71 11 56 66 39 43 54 53 11 58 62 40 49 37 3
split_gain=36.3422 34.6674 21.8702 21.5192 21.2896 19.6677 22.2344 19.6392 15.7082 18.0705 15.6775 44.5405 26.6834 18.6172 29.4582 16.8394 14.3955 13.8026 21.2561
threshold=2.2150000333786015 2.3249999284744267 1331.5000000000002 2.5763770341873173 119975.71093750001 75.455001831054702 0.076827276498079314 1.8861186504364016 0.77681398391723644 8144.0351562500009 -0.44238355755805964 0.25823257863521581 28.530000686645511 90048.000000000015 1.073228716850281 0.73953980207443248 0.49720187485218054 2.1576449871063237 -27425.999999999996
decision_type=2 2 2 2 2 2 2 2 2 2 2 2 2 2 2 2 2 2 2
left_child=5 8 3 4 -3 10 -7 -5 -2 -10 11 12 -1 16 -15 -13 -12 18 -8
right_child=1 2 -4 7 -6 6 17 -9 9 -11 13 15 -14 14 -16 -17 -18 -19 -20
leaf_value=0.00060843141250091319 -0.012429301042944697 0.012243463415480162 -0.012541453852192628 0.014807159316444942 0.032703877520001111 -0.012452912735452466 0.021162683052171245 -0.012592536253841472 0.024651394887612935 -0.012126734450372927 0.017567993004911041 -0.013070328284030597 0.020495029356308953 -0.013085309499310582 0.014724941033327861 0.015051105173015443 0.0240852363606191 0.022894527058929449 -0.012498156528034099
leaf_weight=8.5850666463375074 8.6760675311088544 354.8786856085062 3.5903252661228171 4.3287885189056379 5.2211820036172858 4.8017664402723339 3.4820845127105722 6.5827998518943787 3.181864157319068 2.2623758614063263 123.62733991444111 8.4048911482095701 33.416936263442039 4.1042087674140921 47.305915609002113 2.8249628096818915 48.445281237363815 6.6515195220708847 4.0423621535301182
leaf_count=36 54 1236 21 15 8 29 9 39 8 14 346 46 89 22 144 9 112 16 24
internal_value=0.0133224 0.0113038 0.0118843 0.0121233 0.0125429 0.0159727 0.00604159 -0.00163103 -0.00402507 0.00918441 0.0166502 0.011718 0.0164541 0.0178205 0.0124853 -0.0059071 0.0194087 0.0123767 0.00294615
internal_weight=684.414 388.722 374.602 371.011 360.1 295.692 18.9777 10.9116 14.1203 5.44424 276.715 53.2319 42.002 223.483 51.4101 11.2299 172.073 14.176 7.52445
internal_count=2277 1395 1319 1298 1244 882 78 54 76 22 804 180 125 624 166 55 458 49 33
is_linear=0
shrinkage=0.01


Tree=20
num_leaves=23
num_cat=0
split_feature=15 14 28 7 53 40 57 11 56 49 67 38 65 27 47 29 58 37 3 14 20 17
split_gain=35.0149 33.6432 20.7179 33.684 25.1692 36.038 20.1407 18.9056 21.7441 16.8638 16.2903 27.9821 21.3783 19.1827 16.2005 15.3834 14.0933 13.278 20.7248 7.54403 6.77124 5.5988
threshold=2.2150000333786015 2.3249999284744267 2033.8750000000002 2.7567603588104252 -0.16971824318170545 0.73953980207443248 0.73790225386619579 75.455001831054702 0.076827276498079314 -0.37109488248825068 3.9674335718154912 2.2518734931945805 1.8929793834686282 374464.00000000006 0.78983631730079662 2.1538648605346684 270540.50000000006 2.1576449871063237 -27425.999999999996 8.5415000915527362 4533.5849609375009 358.50000000000006
decision_type=2 2 2 2 2 2 2 2 2 2 2 2 2 2 2 2 2 2 2 2 2 2
left_child=7 15 4 19 5 -3 -6 10 -9 -5 11 14 -13 20 -1 -2 -15 18 -10 -4 -12 -17
right_child=1 2 3 9 6 -7 -8 8 17 -11 13 12 -14 16 -16 21 -18 -19 -20 -21 -22 -23
leaf_value=0.017157709345311616 0.018238061360319646 0.011159317836554107 -0.012932319728425694 0.029441494377449452 0.0030103401035556079 -0.0025571521019325649 0.015087433352026126 -0.012418506932518279 0.020740315560782416 -9.1625404518970788e-05 0.017988075566539127 -0.00540067513289393 0.019980208211521102 -0.012557367474203981 0.0078293384040649967 -0.012362372725396207 0.021872461524558354 0.022422315534060704 -0.012462348068287301 0.0091632293886573235 0.028728901791383238 0.0050347220670826903
leaf_weight=207.01873530447483 2.524135246872901 109.6588064879179 9.6229084730148333 4.7250037640333176 15.006071299314497 23.071961715817451 209.81455738842487 4.7670929729938534 3.5172858089208612 3.1590039283037177 8.8895166665315646 10.743838384747503 4.7863745987415305 2.4610352516174308 20.910351619124413 9.3400189578533155 2.2756387442350388 6.7233167439699173 4.0135817378759358 1.7862707674503315 21.790314823389053 2.2151544839143744
leaf_count=583 7 391 54 10 65 109 669 29 9 14 23 54 12 14 76 59 6 16 24 7 36 10
internal_value=0.0131042 0.0111273 0.011695 0.00154164 0.0122401 0.00876751 0.0142858 0.0156952 0.00596611 0.0174812 0.0163552 0.0154206 0.00235726 0.0227517 0.0163063 -0.00399713 0.00377263 0.0121847 0.00291214 -0.0093853 0.0256493 -0.00894077
internal_weight=688.821 390.924 376.845 19.2932 357.551 132.731 224.821 297.897 19.0213 7.88401 278.876 243.459 15.5302 35.4165 227.929 14.0793 4.73667 14.2542 7.53087 11.4092 30.6798 11.5552
internal_count=2277 1395 1319 85 1234 500 734 882 78 24 804 725 66 79 659 76 20 49 33 61 59 69
is_linear=0
shrinkage=0.01


Tree=21
num_leaves=23
num_cat=0
split_feature=54 28 39 26 47 72 41 28 22 41 31 67 37 43 52 56 69 31 34 44 67 38
split_gain=34.8175 27.4986 32.8658 25.8756 32.1904 27.2356 25.4448 38.6379 25.8469 23.8743 22.974 24.2932 22.2391 21.8104 20.2439 17.9536 10.5613 9.03666 20.0495 9.03435 7.11197 4.97707
threshold=4.3018939495086679 -359.12499999999994 -1.3160623908042905 0.082300014793872847 0.24955035746097567 -2632169.8749999995 0.41503828763961798 -954.24999999999989 3366.640014648438 -0.53925466537475575 9.1370396614074725 2.6785081624984746 0.82000273466110241 291.30999755859381 -0.0081968964077532274 4.0896794795989999 86.61075592041017 2.8055434226989751 -0.86807811260223378 599.45498657226574 1.7187103629112246 -1.5743581056594846
decision_type=2 2 2 2 2 2 2 2 2 2 2 2 2 2 2 2 2 2 2 2 2 2
left_child=1 6 9 5 -5 -4 10 8 -8 12 11 -1 -3 15 -9 -2 -17 19 -19 -15 -21 -12
right_child=13 2 3 4 -6 -7 7 14 -10 -11 21 -13 -14 17 -16 16 -18 18 -20 20 -22 -23
leaf_value=0.019968465283303431 -0.012508078179067897 0.021194870264919664 -0.012875721190815911 -0.0077700624237219962 0.011471847042443573 0.012329372559891145 -0.0075840629503273038 0.020548654850471981 0.01086285118235081 -0.012547049808283034 -0.012678878915538858 0.0087891908712476822 -0.012503779601601123 0.010003701481156466 0.00012660463801011148 0.0039677081248928985 0.026407322441415082 0.020763149530112698 -0.012718860849086404 0.029014576075242049 0.021137038636610445 0.0082403071686606346
leaf_weight=117.20054697990417 3.4079259037971488 5.8417776226997393 4.3019282817840567 15.47879573702812 19.751235768198967 346.9124232083559 15.304188922047617 28.492624834179878 15.044022932648657 10.325345978140829 2.8439024388790131 23.720547989010811 2.906499907374382 5.0542065352201453 5.9696838855743399 4.6499010622501356 4.0154014825820923 7.0229922980070114 2.3602227419614774 20.718672648072243 29.945831194519997 1.8406713306903828
leaf_count=305 20 16 24 80 72 1164 81 73 53 63 16 86 17 16 26 19 8 17 13 34 67 7
internal_value=0.0128925 0.0120947 0.0105644 0.0111973 0.00298927 0.0120178 0.0150393 0.00979153 0.00152737 -0.00220614 0.0173682 0.0180938 0.00988463 0.0192462 0.0170401 0.0067802 0.0144814 0.0215427 0.0122346 0.0230923 0.0243782 -0.00424581
internal_weight=693.109 615.934 405.518 386.444 35.23 351.214 210.416 64.8105 30.3482 19.0736 145.606 140.921 8.74828 77.1752 34.4623 12.0732 8.6653 65.1019 9.38322 55.7187 50.6645 4.68457
internal_count=2277 2083 1436 1340 152 1188 647 233 134 96 414 391 33 194 99 47 27 147 30 117 101 23
is_linear=0
shrinkage=0.01


Tree=22
num_leaves=21
num_cat=0
split_feature=54 28 58 39 41 28 21 59 72 41 31 67 43 43 56 58 67 35 41 38
split_gain=33.5751 26.5075 34.0741 32.4338 24.4384 37.3662 27.2005 24.2178 24.0578 23.704 22.1858 23.2978 20.9407 18.8216 17.5344 9.85824 8.69166 15.3086 13.2176 4.90248
threshold=4.3018939495086679 -359.12499999999994 -364639.99999999994 -1.3160623908042905 0.41503828763961798 -954.24999999999989 -1982.4999999999998 1.779335141181946 -2632169.8749999995 -0.53925466537475575 9.1370396614074725 2.6785081624984746 291.30999755859381 17193.365234375004 4.0896794795989999 16608.000000000004 5.0845947265625009 -2.0126076936721797 1.2437162995338442 -1.5743581056594846
decision_type=2 2 2 2 2 2 2 2 2 2 2 2 2 2 2 2 2 2 2 2
left_child=1 4 7 9 10 6 -6 -3 -5 -4 11 -1 14 -7 -2 -16 17 -14 -19 -12
right_child=12 2 3 8 5 13 -8 -9 -10 -11 19 -13 16 -15 15 -17 -18 18 -20 -21
leaf_value=0.01958536244824818 -0.012471232635376334 -0.012722063969024899 0.010105193926930787 -0.012862430857999027 0.013121022684523236 0.0042280799344899143 -0.0061847072061881935 0.024824591712026667 0.011806197291262815 -0.012518245878512215 -0.01263838015014003 0.0086637295475856385 -0.012982088882800637 0.021126338121530967 0.022053128701034694 0 0.02987859735256328 0.016741375542374808 0.027300229591182092 0.0081236876409148083
leaf_weight=118.29256336390972 3.3839348256587973 9.908028379082678 8.6442002952098864 3.9569395929574958 12.155959993600847 9.084023565053938 18.210388600826263 2.0653323978185645 373.09270687401295 9.9407589584588987 2.8245822489261627 23.822890877723694 1.3744228333234776 25.652450993657112 5.6654506176710111 3.0567853003740311 10.060204342007635 35.667231500148773 18.59074330329895 1.8483852148056019
leaf_count=305 20 58 32 22 39 35 95 4 1259 61 16 86 7 64 14 13 14 94 32 7
internal_value=0.0126864 0.0119044 0.0104047 0.0109086 0.0147847 0.0096497 0.00151064 -0.00616197 0.0115447 -0.00194187 0.0170553 0.0177616 0.0189004 0.016736 0.00669347 0.0142434 0.0211347 0.0195355 0.0203777 -0.00421198
internal_weight=697.298 619.499 407.608 395.635 211.891 65.1028 30.3663 11.9734 377.05 18.585 146.788 142.115 77.7988 34.7365 12.1062 8.72224 65.6926 55.6324 54.258 4.67297
internal_count=2277 2083 1436 1374 647 233 134 62 1281 93 414 391 194 99 47 27 147 133 126 23
is_linear=0
shrinkage=0.01


Tree=23
num_leaves=20
num_cat=0
split_feature=15 14 28 7 53 61 59 10 56 72 34 6 28 3 27 39 12 61 46
split_gain=33.0231 32.3204 19.7067 32.2641 23.7958 44.5696 21.6411 18.2398 31.5066 17.5862 16.6987 16.4813 15.5013 28.826 15.309 15.1417 16.8882 13.7179 7.50903
threshold=2.2150000333786015 2.3249999284744267 2033.8750000000002 2.7567603588104252 -0.16971824318170545 72.196708679199233 1.003052890300751 -0.0011035000206902621 1.6007536053657534 -2632169.8749999995 1.3242776989936831 -2067956159.9999998 467.90625000000006 -112293.99999999999 482080.00000000006 0.77681398391723644 6203383.5000000009 170.82778930664065 1.9074789285659792
decision_type=2 2 2 2 2 2 2 2 2 2 2 2 2 2 2 2 2 2 2
left_child=7 15 4 18 5 -3 -6 8 14 11 -5 -9 17 -14 -1 -2 -17 -11 -4
right_child=1 2 3 10 6 -7 -8 9 -10 12 -12 -13 13 -15 -16 16 -18 -19 -20
leaf_value=-0.012989609006912236 -0.012445658313606696 0.01839349162277043 -0.01296292147935201 -0.00058628337376888449 0.010332327642714141 0.0050118825784586079 0.01652880011493265 0.015303201139626911 0.020214107456988952 0.019571091367385166 0.028476868940500999 -0.012884366466078885 -0.01302483869862664 0.013455364451762857 0.01348283693036364 0.023216875512280261 -0.01211808396289627 0.014439497072987993 0.0090292350099445626
leaf_weight=7.9098602682352084 8.6928744763135892 33.112855151295662 9.6721931248903292 3.2404378652572614 107.54512971639633 101.74826407432556 121.60581332445145 4.1547159254550934 8.2544933855533582 120.45773968100548 4.8176858276128769 4.1306786090135557 4.4023941904306403 55.371675834059715 2.9871736466884613 3.2864427715539923 2.2585803270339966 95.946897849440575 1.794076770544051
leaf_count=44 54 95 54 14 375 405 359 12 19 304 10 23 24 172 10 8 14 274 7
internal_value=0.0124858 0.0105815 0.0111314 0.00128619 0.0116568 0.00830492 0.013625 0.0149774 0.00545057 0.0156153 0.0166655 0.00112961 0.0160462 0.0114884 -0.00564102 -0.00416194 0.00864402 0.0173005 -0.00943469
internal_weight=701.39 397.774 383.536 19.5244 364.012 134.861 229.151 303.616 19.1515 284.464 8.05812 8.28539 276.179 59.7741 10.897 14.2379 5.54502 216.405 11.4663
internal_count=2277 1395 1319 85 1234 500 734 882 73 809 24 35 774 196 54 76 22 578 61
is_linear=0
shrinkage=0.01


Tree=24
num_leaves=20
num_cat=0
split_feature=54 30 46 57 53 38 10 43 48 40 11 56 69 71 41 24 2 52 6
split_gain=32.0453 25.9622 33.3334 26.153 25.9486 24.3198 23.8475 20.0567 19.2689 22.6329 18.9504 16.99 9.94238 8.5489 9.54241 18.0188 6.3293 5.9371 4.12068
threshold=4.3018939495086679 7.0410349369049081 -0.36126814782619471 0.54489997029304515 1.7788622975349428 1.1983008384704592 -0.0011035000206902621 291.30999755859381 -0.7603655457496642 1.5894574522972109 42.364999771118171 4.0896794795989999 86.61075592041017 36334.363281250007 1.2437162995338442 2.5000000000000004 469987.00000000006 0.041340181604027755 -1007319487.9999999
decision_type=2 2 2 2 2 2 2 2 2 2 2 2 2 2 2 2 2 2 2
left_child=1 3 5 16 6 10 -5 11 -4 -10 -3 -2 -13 14 15 -9 -1 -7 -16
right_child=7 2 8 4 -6 17 -8 13 9 -11 -12 12 -14 -15 18 -17 -18 -19 -20
leaf_value=-0.012823818837767276 -0.012473559185073811 0.010993829457327773 0.02081647436498613 0.0033947333166636901 -0.012892616163111461 -0.012957099095947968 0.013155942909567604 -0.012844728742993208 -0.0082281538208047143 0.013287866996284828 0.028659647497786076 0.0036144465515124875 0.025167189927581882 0.0082489262922492961 0.031037777908920875 0.020091209379515695 0.0087666182291375756 0.0085650561696827329 0.021243018236904138
leaf_weight=5.0789684206247321 3.3846538662910453 21.55781397223473 3.5136651694774619 26.590486079454422 3.957549273967742 4.0253829360008231 519.09118667244911 1.6973305344581593 24.390267804265026 6.0881934314966193 8.6542576849460584 4.7185565233230573 4.1196733862161636 5.5023601204156867 12.437414065003397 39.018988862633705 1.7968648970127103 1.8238333761692045 7.9849072694778434
leaf_count=29 20 74 9 109 22 22 1642 9 123 21 18 19 8 19 15 87 7 7 17
internal_value=0.0122897 0.0115292 0.00576488 0.012253 0.0124962 0.0124647 0.0126821 0.0183188 -0.00131341 -0.00389743 0.0160873 0.00642376 0.0137738 0.0204856 0.0215705 0.0186937 -0.00703614 -0.00607535 0.0272571
internal_weight=705.432 626.568 70.0534 556.515 549.639 36.0613 545.682 78.8639 33.9921 30.4785 30.2121 12.2229 8.83823 66.641 61.1386 40.7163 6.87583 5.84922 20.4223
internal_count=2277 2083 274 1809 1773 121 1751 194 153 144 92 47 27 147 128 96 36 29 32
is_linear=0
shrinkage=0.01


Tree=25
num_leaves=20
num_cat=0
split_feature=15 15 40 71 43 66 11 56 67 38 65 27 67 29 37 3 34 23 20
split_gain=31.4083 31.2282 19.3939 19.9679 23.2278 18.7564 17.1915 20.684 15.3334 25.9415 20.0047 17.6892 15.2534 14.5911 12.4305 19.8305 10.0141 7.98527 6.17757
threshold=2.2150000333786015 2.3249999284744267 2.5763770341873173 119975.71093750001 249808.32031250003 1.8861186504364016 75.455001831054702 0.076827276498079314 3.9674335718154912 2.2518734931945805 1.8929793834686282 374464.00000000006 3.606122732162476 2.1538648605346684 2.1576449871063237 -27425.999999999996 0.92816129326820385 7.5000000000000009 4533.5849609375009
decision_type=2 2 2 2 2 2 2 2 2 2 2 2 2 2 2 2 2 2 2
left_child=6 13 3 4 -3 -4 8 -8 9 12 -11 18 -1 -2 15 -9 -13 -15 -10
right_child=1 2 5 -5 -6 -7 7 14 11 10 -12 16 -14 17 -16 -17 -18 -19 -20
leaf_value=0.015490760147547163 0.017073876207301955 0.011293222168070964 0.013663033706718199 0.030259961288267002 -0.0045328666334713821 -0.012715655528635669 -0.012494650721759003 0.019561913132286297 0.016737110420989673 -0.0056671222761522791 0.018528929424873917 -0.012630553322791905 -0.00026333957842776583 -0.012411021207421989 0.021022666666620862 -0.012556393312334897 0.016198651921006241 0.011216415400145159 0.026843234500927737
leaf_weight=229.2381806820631 2.5998306274414054 361.62551909685135 4.4755766689777357 5.45986284315586 9.4263830631971341 6.7385236769914627 4.8352337926626232 3.6163996160030374 9.1626495867967623 10.952343493700026 4.9532042741775504 2.150819554924964 6.186930611729621 10.06216388940811 6.9406352639198303 4.0819532871246311 2.6987804025411606 1.6233636438846577 22.57418604195118
leaf_count=633 7 1212 15 8 45 39 29 9 23 54 12 12 26 63 16 24 8 6 36
internal_value=0.0120983 0.0102499 0.0107856 0.011172 0.0108885 -0.00209868 0.0145125 0.00533963 0.0151294 0.0142368 0.00180499 0.0212339 0.0150725 -0.00422 0.0112986 0.00240169 0.00320657 -0.0090431 0.023957
internal_weight=709.403 402.011 387.726 376.512 371.052 11.2141 307.391 19.4742 287.917 251.331 15.9055 36.5864 235.425 14.2854 14.639 7.69835 4.8496 11.6855 31.7368
internal_count=2277 1395 1319 1265 1257 54 882 78 804 725 66 79 659 76 49 33 20 69 59
is_linear=0
shrinkage=0.01


Tree=26
num_leaves=21
num_cat=0
split_feature=54 36 51 70 41 15 15 39 10 52 28 43 56 39 1 71 41 24 56 6
split_gain=30.4475 25.1912 41.9324 28.4859 20.9375 19.6423 26.9259 23.0215 22.4115 21.5702 19.7627 19.1218 16.5163 15.7009 9.65851 8.09573 9.07048 17.3052 7.72641 3.91064
threshold=4.3018939495086679 2.0923870801925664 0.0054458831436932096 30687.208007812504 -0.53925466537475575 2.2150000333786015 2.3249999284744267 -1.127819776535034 -0.0011035000206902621 0.031940007582306869 -156.37499999999997 291.30999755859381 4.0896794795989999 0.77681398391723644 379454.00000000006 36334.363281250007 1.2437162995338442 2.5000000000000004 4.0896794795989999 -1007319487.9999999
decision_type=2 2 2 2 2 2 2 2 2 2 2 2 2 2 2 2 2 2 2 2
left_child=1 5 -3 18 -5 8 13 -8 9 -1 -10 12 -2 -7 -14 16 17 -13 -4 -18
right_child=11 2 3 4 -6 6 7 -9 10 -11 -12 15 14 -15 -16 -17 19 -19 -20 -21
leaf_value=-0.0054857763258435097 -0.012477339876400068 0.030196392286832793 -0.013208717550235678 0.019587595589605728 -0.012815162529914222 -0.012423657780388795 0.00095586371561017381 0.011363461371457028 0.01798029942227912 0.024209446589293211 0.011982631071755328 -0.012839166996757872 0.0033833788733574049 0.0096663813621387998 0.024501937301153989 0.0079817936149993302 0.030045051749169441 0.019453215061415376 0.0082095739993705095 0.020565991210567493
leaf_weight=10.504631102085112 3.3863437324762335 4.5982939600944546 14.419795975089079 7.2900829613208771 2.7063513696193677 8.1699626594781858 22.963081628084183 325.72571703791618 98.932659536600113 3.1833340078592292 127.72974853217602 1.6943130344152439 4.7652987390756589 5.2666299045085898 4.1747647672891617 5.5504432171583167 12.650705799460413 39.573759749531746 1.8471564054489125 8.1027574390172941
leaf_count=51 20 8 78 19 15 51 104 1076 247 7 400 9 19 20 8 19 15 87 7 17
internal_value=0.0119126 0.0111745 0.00232204 -0.00252023 0.0107151 0.0116263 0.0101449 0.0106809 0.013854 0.00134722 0.0146049 0.017751 0.00617861 -0.00369078 0.013357 0.0198473 0.020893 0.0181032 -0.0107151 0.0263923
internal_weight=713.236 633.337 30.8617 26.2634 9.99643 602.476 362.125 348.689 240.35 13.688 226.662 79.8984 12.3264 13.4366 8.94006 67.572 62.0215 41.2681 16.267 20.7535
internal_count=2277 2083 127 119 34 1956 1251 1180 705 58 647 194 47 71 27 147 128 96 85 32
is_linear=0
shrinkage=0.01


Tree=27
num_leaves=20
num_cat=0
split_feature=54 30 68 11 40 57 53 10 69 43 56 56 69 26 57 0 41 2 54
split_gain=29.4752 24.6113 39.6001 27.0246 27.7903 25.0735 24.8969 22.2938 21.7907 18.421 16.1498 13.7109 9.32282 7.85691 18.0166 12.1991 8.60401 6.17575 3.34533
threshold=4.3018939495086679 7.0410349369049081 72.598583221435561 38.23500061035157 1.0000000180025095e-35 0.54489997029304515 1.7788622975349428 -0.0011035000206902621 87.50000381469728 291.30999755859381 4.0896794795989999 -0.61082485318183888 86.61075592041017 0.041428625583648689 1.3165391683578493 102468.50000000001 1.2437162995338442 469987.00000000006 4.8174009323120126
decision_type=2 2 2 2 2 2 2 2 2 2 2 2 2 2 2 2 2 2 2
left_child=1 5 3 4 -3 17 7 -7 -5 10 -2 -4 -12 14 16 -16 -11 -1 -15
right_child=9 2 11 8 -6 6 -8 -9 -10 13 12 -13 -14 18 15 -17 -18 -19 -20
leaf_value=-0.012850634645377699 -0.012440923666745055 0.0088653510852005311 0.0088066355101307902 0.032080922324048335 -0.013241282867650167 0.0031760764664586273 -0.012916477805491279 0.012571483886012244 0.0091465085694804899 0.016933414673342081 0.0033338933940846973 -0.01315332433810323 0.024024503231426589 0.032584603500607982 0.013377818125902908 -0.013410998089936926 0.025946983350917479 0.0083516781799499572 0.021109457263467017
leaf_weight=5.0975444018840781 3.362413451075553 30.797851637005806 3.6084779202938106 7.9906412065029171 6.944833129644393 26.82735139131546 3.9622500687837592 527.88487705588341 8.9378296881914121 32.243026778101921 4.7729804962873441 12.676900029182432 4.2169699370861053 6.0626619160175306 4.3737217336893073 2.7586755603551865 16.88948255777359 1.8211377561092374 5.7505160272121429
leaf_count=29 20 109 13 14 37 109 22 1642 32 75 19 69 8 8 12 14 25 7 13
internal_value=0.0117316 0.0110066 0.00542878 0.00951457 0.00477113 0.0117046 0.0119396 0.0121189 0.0200312 0.0174568 0.00610342 -0.00822608 0.0131506 0.0195022 0.0178927 0.00287621 0.0200522 -0.00712522 0.0270833
internal_weight=716.98 636.55 70.9565 54.6712 37.7427 565.593 558.674 554.712 16.9285 80.4304 12.3524 16.2854 8.98995 68.0781 56.2649 7.1324 49.1325 6.91868 11.8132
internal_count=2277 2083 274 192 146 1809 1773 1751 46 194 47 82 27 147 126 26 100 36 21
is_linear=0
shrinkage=0.01


Tree=28
num_leaves=23
num_cat=0
split_feature=15 14 25 40 53 66 54 41 28 11 41 53 5 63 67 37 56 10 29 35 23 50
split_gain=28.9751 29.4076 20.2264 19.1717 19.0523 18.2192 16.2315 35.9446 29.3336 27.8519 22.7231 22.5041 19.2831 18.0079 15.4431 25.0311 25.7081 22.9742 14.1413 8.37623 7.81542 2.94303
threshold=2.2150000333786015 2.3249999284744267 1331.5000000000002 2.5763770341873173 -0.16971824318170545 1.8861186504364016 0.39139769971370703 0.071162033826112761 -156.37499999999997 75.455001831054702 1.8071042299270632 0.25823257863521581 20356.009765625004 1.9379788637161257 -3.6728738546371456 -1.9937008619308469 3.1755390167236333 -0.00042750500142574305 2.1538648605346684 -1.8775413036346433 7.5000000000000009 -0.010388504248112438
decision_type=2 2 2 2 2 2 2 2 2 2 2 2 2 2 2 2 2 2 2 2 2 2
left_child=6 18 3 4 -3 -5 7 9 10 11 -9 -1 -10 -11 19 16 -16 -17 -2 -8 -20 -21
right_child=1 2 -4 5 -6 -7 14 8 12 13 -12 -13 -14 -15 15 17 -18 -19 20 21 -22 -23
leaf_value=0.018524213918643988 0.016537118789925243 0.0079252376579094022 -0.012767498302747321 0.013132806764659961 0.012613639168994136 -0.012728764568208357 0.010995835365310711 0.0013662174056154352 -0.010811317659242422 -0.012741743716382712 0.02616459509371925 0.0064287310273911978 0.012330385785651937 0.019775682056167788 -0.013585240091516872 0.0098459137735005531 0.01449267963405872 0.018619960921783491 -0.012394253449049722 0.033163028413090989 0.010873780932700054 0.023623900074808364
leaf_weight=70.981008127331734 2.6354461908340445 137.88169315457344 3.7252624630928031 4.5461395233869535 240.72820937633514 6.7544507831335068 4.7977396398782757 7.9659222513437253 15.437029242515566 5.8641039729118329 7.0408738255500793 19.992765858769417 4.6616953611373892 2.3878269493579865 6.1000849902629835 44.087843745946884 6.9902025759220123 96.430241912603378 10.019043803215025 5.1125550866127059 1.6409639567136753 14.91704465448856
leaf_count=172 7 493 21 15 751 39 14 31 78 34 13 70 15 6 31 138 18 228 63 6 6 28
internal_value=0.011554 0.00978993 0.0103023 0.0105253 0.0109089 -0.00223636 0.0138516 0.0112006 0.00246943 0.0142795 0.0130677 0.0158771 -0.00539408 -0.00321113 0.0158418 0.0146414 0.00133195 0.0158742 -0.00424977 0.0232285 -0.00903388 0.0261087
internal_weight=720.698 407.931 393.636 389.91 378.61 11.3006 312.767 134.331 35.1055 99.2257 15.0068 90.9738 20.0987 8.25193 178.436 153.608 13.0903 140.518 14.2955 24.8273 11.66 20.0296
internal_count=2277 1395 1319 1298 1244 54 882 419 137 282 44 242 93 40 463 415 49 366 76 48 69 34
is_linear=0
shrinkage=0.01


Tree=29
num_leaves=20
num_cat=0
split_feature=15 14 25 40 53 66 11 56 39 12 54 53 55 58 62 60 40 28 58
split_gain=28.0653 28.5967 19.755 18.6179 18.4082 17.8833 15.7357 19.748 14.3784 15.7396 13.4155 39.6704 30.9974 16.8607 26.4138 16.0946 15.7442 11.669 15.1459
threshold=2.2150000333786015 2.3249999284744267 1331.5000000000002 2.5763770341873173 -0.16971824318170545 1.8861186504364016 75.455001831054702 0.076827276498079314 0.77681398391723644 6203383.5000000009 -0.44238355755805964 0.25823257863521581 -0.1825897470116615 90048.000000000015 1.073228716850281 -0.0053368208464235059 0.73953980207443248 -638.18749999999989 187503.00000000003
decision_type=2 2 2 2 2 2 2 2 2 2 2 2 2 2 2 2 2 2 2
left_child=6 8 3 4 -3 -5 10 -8 -2 -10 11 12 -1 15 -15 -12 -13 -9 -19
right_child=1 2 -4 5 -6 -7 7 17 9 -11 13 16 -14 14 -16 -17 -18 18 -20
leaf_value=-0.0014763062986512202 -0.012407665550017528 0.0078164065718069383 -0.012727274805496758 0.012918073394237856 0.01241503604706317 -0.012691364437742303 -0.012515631666321475 0.022148165912596784 0.021781532878439078 -0.012123926089772681 0.023644541268433922 -0.01335360551145694 0.018511441543026384 -0.013423019019830649 0.012374570783404509 0.015426459263383992 0.013152572731384924 -0.0060851701183907625 0.020118972606879781
leaf_weight=9.8626214265823346 8.599879786372183 138.40083320438862 3.6997932195663443 4.5753429234027845 242.1262318789959 6.7068504989147186 4.8493566960096386 5.5709402710199365 3.3936488181352606 2.2555413693189621 28.863921865820885 8.7438680082559568 34.873907566070557 4.2712584584951392 50.442581340670586 154.72836750745773 2.9793974608182898 5.8161581456661189 3.5250570327043533
leaf_count=40 54 493 21 15 751 39 29 12 8 14 55 46 85 22 144 403 9 29 8
internal_value=0.0113815 0.00964854 0.0101507 0.0103693 0.0107451 -0.00221716 0.013636 0.00491974 -0.00422004 0.00806715 0.014217 0.0097845 0.0140826 0.015263 0.0103424 0.0167239 -0.00653192 0.0106567 0.00369633
internal_weight=724.286 409.758 395.509 391.809 380.527 11.2822 314.527 19.7615 14.2491 5.64919 294.766 56.4598 44.7365 238.306 54.7138 183.592 11.7233 14.9122 9.34122
internal_count=2277 1395 1319 1298 1244 54 882 78 76 22 804 180 125 624 166 458 55 49 37
is_linear=0
shrinkage=0.01


Tree=30
num_leaves=21
num_cat=0
split_feature=54 28 58 39 26 34 22 31 57 21 46 57 31 44 45 50 35 58 31 3
split_gain=27.7419 23.8604 31.7215 29.6379 25.6315 21.0588 31.2221 30.2371 22.8674 26.4839 20.444 20.1965 19.9236 13.3118 22.7467 19.1598 17.286 9.5081 8.92139 8.3502
threshold=4.3018939495086679 -359.12499999999994 -364639.99999999994 -1.3160623908042905 0.082300014793872847 -0.86807811260223378 8810.9897460937518 6.6544561386108407 1.4603435397148135 -3089.4999999999995 1.6267527937889101 1.857400178909302 5.6885704994201669 599.45498657226574 -0.49575972557067866 0.0012554385466501119 -2.0126076936721797 60736.000000000007 3.0273464918136601 18868.000000000004
decision_type=2 2 2 2 2 2 2 2 2 2 2 2 2 2 2 2 2 2 2 2
left_child=1 5 11 10 -5 6 12 -8 9 -7 -4 -3 -1 14 -2 -16 -15 -10 19 -18
right_child=13 2 3 4 -6 8 7 -9 17 -11 -12 -13 -14 16 15 -17 18 -19 -20 -21
leaf_value=0.014447056915675516 0.024148349397357629 -0.012882780171242263 -0.0076801586811533701 0.011003417646852634 0.0021680971943459819 0.022975617164504213 -0.010334052174569513 0.019164804687013863 0.031632044625574458 0.0085992923739629176 0.018169920247535994 0.019542366240324405 0.0040442565114410071 -0.013272856518319177 -0.013349577220447738 0.012668096349084402 0.024178038006117206 0.017311060289379173 0.0073631626732376309 0.016215363149578513
leaf_weight=105.67366105318069 6.3143930584192303 10.004453897476195 15.38363364338875 356.61439576745033 36.480970427393913 20.803219854831696 12.051317229866983 4.8744068890810004 13.265855699777605 34.303657844662666 3.8071692287921897 2.3580459654331198 22.637685775756836 1.5959957838058461 5.3264217972755414 6.0344000309705734 33.245355740189552 7.7530049681663504 5.5967295765876761 23.676302775740623
leaf_count=297 12 57 82 1130 151 44 58 12 18 114 11 5 84 8 28 18 54 20 18 56
internal_value=0.0112129 0.010514 0.00911882 0.00959309 0.010186 0.013186 0.0109346 -0.00177965 0.0174684 0.0140446 -0.00249978 -0.00661706 0.0126195 0.0167206 0.00892895 0.000381916 0.0188531 0.0263972 0.0196892 0.0208836
internal_weight=727.801 646.011 424.649 412.286 393.095 221.363 145.237 16.9257 76.1257 55.1069 19.1908 12.3625 128.311 81.7896 17.6752 11.3608 64.1144 21.0189 62.5184 56.9217
internal_count=2277 2083 1436 1374 1281 647 451 70 196 158 93 62 381 194 58 46 136 38 128 110
is_linear=0
shrinkage=0.01


Tree=31
num_leaves=22
num_cat=0
split_feature=54 28 58 39 26 41 28 21 59 50 56 48 38 52 43 56 58 31 3 26 59
split_gain=26.8981 23.0741 30.9174 28.8582 25.5464 22.0383 34.2507 25.2444 21.8962 20.8797 20.2233 22.6503 20.5673 18.4074 17.1812 15.4133 8.81121 7.73957 17.0815 7.95185 14.4194
threshold=4.3018939495086679 -359.12499999999994 -364639.99999999994 -1.2180095911025999 0.082300014793872847 0.41503828763961798 -954.24999999999989 -1982.4999999999998 1.779335141181946 0.0066556087695062169 0.84757912158966076 1.9040054678916933 -2.936182856559753 -0.0081968964077532274 291.30999755859381 4.0896794795989999 16608.000000000004 2.8055434226989751 -31132.499999999996 0.041428625583648689 1.3717099428176882
decision_type=2 2 2 2 2 2 2 2 2 2 2 2 2 2 2 2 2 2 2 2 2
left_child=1 5 8 9 -5 10 7 -7 -3 -4 11 -1 -12 -8 15 -2 -17 19 -19 20 -16
right_child=14 2 3 4 -6 6 13 -9 -10 -11 12 -13 -14 -15 17 16 -18 18 -20 -21 -22
leaf_value=0.012988904192616 -0.012486200028132355 -0.012849916885546686 -0.0052876950011558491 0.010966216981816965 0.0021441052527411538 0.011496083576934348 0.018058417407909682 -0.0066987022862842697 0.021900428172174184 0.017034076085903963 -0.0029350160475410565 -0.013444688851749959 0.020828441676439474 -0.00060482689822479851 0.019993853546247754 0.019503146867362126 -0.00079469798586116801 0.017363815706252554 -0.01326928643491661 0.029014502445648706 0.0018488788708132917
leaf_weight=87.002615407109261 3.3924981355667105 10.117330193519591 20.661228731274608 351.61988963186741 36.520095154643059 12.740781143307688 30.225609183311462 18.971084773540497 2.1928925663232794 5.2519595324993125 3.7986697852611533 3.3300010710954657 60.257861986756325 6.2797570973634711 46.344484925270081 6.0028829872608167 3.1789606213569641 7.6405840665102005 2.3526472151279432 8.3896631300449354 4.9722123295068732
leaf_count=249 20 58 103 1105 151 39 73 95 4 15 16 17 132 26 87 14 13 18 12 12 18
internal_value=0.0110483 0.0103612 0.00899109 0.00945641 0.0101387 0.0129809 0.00821517 0.000579828 -0.0065784 -0.000725036 0.0150802 0.0120034 0.0194036 0.0148205 0.0164555 0.00558195 0.0123667 0.0184029 0.010052 0.0197838 0.0182552
internal_weight=731.244 648.97 426.363 414.053 388.14 222.606 68.2172 31.7119 12.3102 25.9132 154.389 90.3326 64.0565 36.5054 82.2739 12.5743 9.18184 69.6996 9.99323 59.7064 51.3167
internal_count=2277 2083 1436 1374 1256 647 233 134 62 118 414 266 148 99 194 47 27 147 30 117 105
is_linear=0
shrinkage=0.01


Tree=32
num_leaves=17
num_cat=0
split_feature=15 14 25 61 53 56 10 56 52 72 6 39 43 56 61 3
split_gain=26.5259 27.556 19.0418 18.6687 33.715 25.6078 15.3802 27.7886 21.6165 15.7753 15.0946 13.9974 15.514 13.8089 14.7725 12.0048
threshold=2.2150000333786015 2.3249999284744267 1331.5000000000002 76.815879821777358 -0.16971824318170545 1.6506541371345522 -0.0011035000206902621 1.6007536053657534 0.031940007582306869 -2632169.8749999995 -2067956159.9999998 0.77681398391723644 8144.0351562500009 -0.89858266711235035 122.27339553833009 -290049.99999999994
decision_type=2 2 2 2 2 2 2 2 2 2 2 2 2 2 2 2
left_child=6 11 3 5 -5 -3 7 8 -1 10 -8 -2 -13 14 -11 -15
right_child=1 2 -4 4 -6 -7 9 -9 -10 13 -12 12 -14 15 -16 -17
leaf_value=-0.013065202625995948 -0.012430279139861134 0.01001700902250211 -0.01274290049828586 0.0039547583640210052 0.011076095699062294 0.020751577864907916 0.013352351550150162 0.017884336073034565 0.021504375277681849 0.013645082040641125 -0.013112726029631242 0.021218570021289317 -0.012214181831892304 0.0031281409283302232 -0.013459317178719867 0.014775687552698931
leaf_weight=8.8562197685241717 8.6368660479783994 66.335271969437599 3.7058860957622519 101.5281498581171 195.48072232306004 33.957556560635567 4.366650179028511 8.6826043576002103 2.2572549283504477 4.3463163524866086 4.2526871263980848 3.4349298924207678 2.290276363492012 9.3716571778058988 3.7321265488862991 273.33634719252586
leaf_count=49 54 214 21 389 614 81 12 19 5 12 23 8 14 34 19 709
internal_value=0.0108879 0.00921388 0.00970209 0.00991397 0.00864514 0.0136615 0.0130631 0.00445114 -0.0059538 0.0136292 0.000178752 -0.00434813 0.00766967 0.0140245 0.000999446 0.0143931
internal_weight=734.572 415.37 401.008 397.302 297.009 100.293 319.202 19.7961 11.1135 299.406 8.61934 14.3621 5.72521 290.786 8.07844 282.708
internal_count=2277 1395 1319 1298 1003 295 882 73 54 809 35 76 22 774 31 743
is_linear=0
shrinkage=0.01


Tree=33
num_leaves=20
num_cat=0
split_feature=15 14 25 28 7 53 11 56 39 2 54 53 55 58 62 71 49 37 3
split_gain=25.7225 26.824 18.6115 18.0736 29.2629 21.1177 15.0092 18.8377 13.7966 15.3819 12.2812 38.013 29.4449 16.0609 25.2061 14.1816 12.6064 11.093 18.3906
threshold=2.2150000333786015 2.3249999284744267 1331.5000000000002 2033.8750000000002 2.7567603588104252 -0.16971824318170545 75.455001831054702 0.076827276498079314 0.77681398391723644 334009.50000000006 -0.44238355755805964 0.25823257863521581 -0.1825897470116615 90048.000000000015 1.073228716850281 41832.359375000007 0.49720187485218054 2.1576449871063237 -27425.999999999996
decision_type=2 2 2 2 2 2 2 2 2 2 2 2 2 2 2 2 2 2 2
left_child=6 8 3 5 -5 -3 10 -8 -2 -10 11 12 -1 16 -15 -13 -12 18 -9
right_child=1 2 -4 4 -6 -7 7 17 9 -11 13 15 -14 14 -16 -17 -18 -19 -20
leaf_value=-0.0017252772934686158 -0.012398161663635908 0.0071606136682371294 -0.012703045849170008 -0.0097236660066405169 0.014658459402270643 0.012075874424072635 -0.01256235581129745 0.017753803254231069 0.021030179453844968 -0.012223007677760312 0.01417456403954599 -0.013418953703885078 0.017630225940907535 -0.013491348463167949 0.011613002527717383 0.011078368957438117 0.020006521891372281 0.018876750220212429 -0.012693282435512741
leaf_weight=9.9690632820129377 8.5729678571224195 139.9618946313858 3.680465266108512 11.680083408951761 8.502604275941847 238.91428746283054 4.8875336498022106 3.7700356245040902 3.447008565068244 2.2935617566108704 134.58323429524899 8.6280348002910596 35.600236117839813 4.3003691434860221 51.480437308549881 3.2121164649724951 52.941691622138023 7.282159224152565 4.1708642989397022
leaf_count=40 54 494 21 60 24 720 29 9 8 14 346 45 85 22 144 10 112 16 24
internal_value=0.0107304 0.00908467 0.00956356 0.00977143 0.000498539 0.0102628 0.0128667 0.00442827 -0.00431983 0.00757015 0.0134277 0.00921881 0.0133739 0.0144167 0.00965968 -0.00668861 0.0158264 0.00994899 0.0016359
internal_weight=737.879 417.053 402.739 399.059 20.1827 378.876 320.826 20.1106 14.3135 5.74057 300.715 57.4095 45.5693 243.306 55.7808 11.8402 187.525 15.2231 7.9409
internal_count=2277 1395 1319 1298 84 1214 882 78 76 22 804 180 125 624 166 55 458 49 33
is_linear=0
shrinkage=0.01


Tree=34
num_leaves=21
num_cat=0
split_feature=54 66 27 48 1 2 61 64 61 49 11 43 54 56 1 67 70 46 12 37
split_gain=25.3786 21.9245 31.9638 33.3652 29.0869 27.4729 22.5362 21.0304 21.7263 21.4237 17.9417 16.5487 15.1105 14.8397 8.5876 7.54888 10.2172 14.6384 9.41186 6.36367
threshold=4.3018939495086679 1.6205830574035647 -177343.99999999997 1.9040054678916933 40905.000000000007 1038307.5000000001 72.196708679199233 4.6516916751861581 190.20009613037112 0.94671350717544567 70.814998626708999 291.30999755859381 -0.50593465566635121 4.0896794795989999 379454.00000000006 5.0845947265625009 10782.570800781252 -0.31371802091598505 5146169.7500000009 -1.7732833027839658
decision_type=2 2 2 2 2 2 2 2 2 2 2 2 2 2 2 2 2 2 2 2
left_child=1 2 3 6 -3 10 -1 8 -4 -9 -6 13 -7 -2 -15 16 17 -13 -18 -5
right_child=11 4 7 19 5 12 -8 9 -10 -11 -12 15 -14 14 -16 -17 18 -19 -20 -21
leaf_value=0.015544870721701687 -0.012517603100143172 -0.013518349629096973 0.018734042167463671 -0.013512530477019752 0.0069820079294164797 0.0080930302516122703 0.007697655377448878 0.01099991085459986 0.0066111850797950667 -0.013310355793247302 0.012170996306727447 0.016637416772035171 -0.010014457559044366 0.0024931581603375545 0.021971355880410232 0.025525084373479459 0.024332745719899924 -0.014167804750606049 0.014927145739942665 0.006361190003966683
leaf_weight=50.578907936811447 3.4113700538873664 6.1646432280540457 103.60540722310543 7.5664157569408417 159.14570197463036 7.4088885635137585 136.66364692151546 34.177154585719109 17.559264793992043 4.0195120722055426 116.66232948005199 3.8100652247667313 12.061337634921072 4.9399236589670164 4.3930150270462036 10.848567575216292 15.564620479941366 2.5673169344663611 37.96025949716568 1.9712667912244777
leaf_count=134 20 32 246 39 543 26 455 106 58 21 355 8 61 19 8 14 26 12 87 7
internal_value=0.0105769 0.0099134 0.0115993 0.00889078 0.00791822 0.00836914 0.00982273 0.0149376 0.0169854 0.00841551 0.00918049 0.0157905 -0.00307276 0.00518932 0.0117687 0.0176859 0.0162495 0.00407948 0.0176809 -0.00930014
internal_weight=741.08 657.584 356.142 196.78 301.443 295.278 187.243 159.361 121.165 38.1967 275.808 83.4951 19.4702 12.7443 9.33294 70.7508 59.9023 6.37738 53.5249 9.53768
internal_count=2277 2083 1066 635 1017 985 589 431 304 127 898 194 87 47 27 147 133 20 113 46
is_linear=0
shrinkage=0.01


Tree=35
num_leaves=21
num_cat=0
split_feature=15 14 25 61 2 56 28 59 54 33 57 29 61 55 54 24 70 40 25 12
split_gain=24.75 25.9908 18.0451 17.7531 32.5931 24.4429 14.7087 20.7371 19.3455 16.7344 16.3862 13.145 12.6788 32.8895 31.7742 19.1589 18.201 13.1822 6.35103 5.52993
threshold=2.2150000333786015 2.3249999284744267 1331.5000000000002 76.815879821777358 1257909.5000000002 1.6506541371345522 467.90625000000006 1.3717099428176882 -1.0462648868560789 -0.88060238957405079 2.0674839019775395 2.1538648605346684 176.16315460205081 1.4126413464546206 1.4981940388679507 1.5000000000000002 6881.8474121093759 -1.978571832180023 1609.0000000000002 10089851.000000002
decision_type=2 2 2 2 2 2 2 2 2 2 2 2 2 2 2 2 2 2 2 2
left_child=6 11 3 5 -5 -3 12 8 19 -10 -9 -2 13 15 16 -1 -14 -16 -13 -8
right_child=1 2 -4 4 -6 -7 7 10 9 -11 -12 18 14 -15 17 -17 -18 -19 -20 -21
leaf_value=0.0025032171527709641 0.015306538873451377 0.0095729202524270866 -0.01268377972314701 0.0088705897103655649 -0.0094276472230324405 0.019975507491033585 -0.013278143767573787 -0.01331249999235504 -0.0052345413570713487 0.014179396510414683 0.015991143368677765 -0.012345519122226031 -0.01364564340319996 -0.013576142420563221 -0.013331074115889312 0.017291028136543367 0.0071985417438259315 0.017136650099167289 0.0073871698974414561 0.0071835101906469355
leaf_weight=9.5440184324979764 2.7157653719186774 67.239913627505302 3.6659022718667975 290.71158453822136 10.018797665834425 34.56597475707531 3.9955677986145011 6.9438389092683774 4.7957560867071143 49.717711448669434 2.6081432104110718 9.7325360774993879 4.5664456635713568 3.74082326889038 1.422063186764716 134.20861968398094 47.311017647385597 52.964747488498688 1.8924525529146183 1.9035821855068205
leaf_count=33 7 214 21 954 49 81 21 37 21 131 6 62 23 19 7 313 152 112 7 7
internal_value=0.0104261 0.00881808 0.00928598 0.00948855 0.00825766 0.0131147 0.012512 0.00841499 0.0105853 0.0124531 -0.00520653 -0.00436549 0.0136376 0.0155513 0.0109721 0.0163162 0.00534448 0.0163216 -0.00904718 -0.00650591
internal_weight=744.265 420.543 406.202 402.536 300.73 101.806 323.722 69.9646 60.4126 54.5135 9.55198 14.3408 253.758 147.493 106.264 143.753 51.8775 54.3868 11.625 5.89915
internal_count=2277 1395 1319 1298 1003 295 882 223 180 152 43 76 659 365 294 346 175 119 69 28
is_linear=0
shrinkage=0.01


Tree=36
num_leaves=20
num_cat=0
split_feature=54 36 51 57 30 63 53 53 57 43 56 69 67 18 43 54 11 9 50
split_gain=24.1793 22.7364 38.2152 19.3506 19.8947 33.8636 21.7132 18.7288 22.4541 15.9507 14.4314 8.34787 7.27734 10.6806 20.2696 10.0264 6.55364 6.26188 1.53033
threshold=4.3018939495086679 2.0923870801925664 0.0054458831436932096 0.54489997029304515 7.903783082962037 10.792637348175051 1.7788622975349428 0.56675052642822277 1.1981297135353091 291.30999755859381 4.0896794795989999 86.61075592041017 4.8378646373748788 2799.0000000000005 13516.740722656252 5.92757272720337 70.814998626708999 22419524.000000004 0.0073193612042814502
decision_type=2 2 2 2 2 2 2 2 2 2 2 2 2 2 2 2 2 2 2
left_child=1 3 -3 16 6 -6 -5 17 -9 10 -2 -12 13 15 -15 -11 -1 -4 -14
right_child=9 2 7 4 5 -7 -8 8 -10 12 11 -13 18 14 -16 -17 -18 -19 -20
leaf_value=-0.012981741026715421 -0.012517336697140892 0.02720980941358633 -0.013375494059755856 0.010928396563389646 -0.0056748792325949657 0.010823724836917063 -0.013156740795977933 -0.0070045655024472365 0.02004666383161029 0.024603077198508041 0.0022821092378410741 0.021391878692552296 0.019068383651064082 -0.0068274049882028065 0.015179918049804619 0.013095284786304678 0.0096301770447924789 0.004748036633890119 0.026669463733386821
leaf_weight=4.8441012799739829 3.4109604805707923 4.8691216856241217 12.844370871782305 568.80946810543537 20.548303171992302 31.328069940209389 3.7302156239747992 6.3397511988878232 5.8856401443481445 17.414602130651474 4.9768024682998639 4.4455829560756683 5.8069001883268347 5.21687023341656 20.086273729801178 14.340662762522699 1.6923486888408659 2.1490195840597144 8.6045147627592069
leaf_count=27 20 8 68 1708 94 101 20 30 13 27 19 8 10 21 45 34 6 8 10
internal_value=0.010279 0.00963359 0.00138594 0.0100515 0.0102313 0.00426933 0.0107697 -0.00319691 0.00593684 0.0153435 0.00496837 0.0114044 0.0171925 0.0155374 0.010603 0.0194377 -0.00697431 -0.0107111 0.0236761
internal_weight=747.344 663.04 32.0879 630.953 624.416 51.8764 572.54 27.2188 12.2254 84.3032 12.8333 9.42239 71.4698 57.0584 25.3031 31.7553 6.53645 14.9934 14.4114
internal_count=2277 2083 127 1956 1923 195 1728 119 43 194 47 27 147 127 66 61 33 76 20
is_linear=0
shrinkage=0.01


Tree=37
num_leaves=16
num_cat=0
split_feature=15 14 71 9 13 10 56 72 6 27 56 61 29 3 23
split_gain=23.8143 25.2305 16.9595 21.0775 20.3072 14.4269 26.0817 14.7418 14.4307 13.9282 12.9186 13.9982 12.8145 11.3307 7.33678
threshold=2.2150000333786015 2.3249999284744267 119975.71093750001 32124685.000000004 13879009.500000002 -0.0011035000206902621 1.6007536053657534 -2632169.8749999995 -2067956159.9999998 482080.00000000006 -0.89858266711235035 122.27339553833009 2.1538648605346684 -290049.99999999994 7.5000000000000009
decision_type=2 2 2 2 2 2 2 2 2 2 2 2 2 2 2
left_child=5 12 3 4 -3 6 9 8 -7 -1 11 -9 -2 -12 -14
right_child=1 2 -4 -5 -6 7 -8 10 -10 -11 13 -13 14 -15 -16
leaf_value=-0.013162409343538515 0.014884753731474075 0.0079601742785315524 0.025850900320432361 -0.013532304715478677 0.013924587242521269 0.012513768876696571 0.016724711492754112 0.012690308029785038 -0.013178474580280883 0.011496320533874522 0.0025981335093427818 -0.013515330946279028 -0.012373962380069834 0.013805911704908403 0.0098926896321597999
leaf_weight=8.0903675556182879 2.7446001172065726 329.61083343625069 5.9615738391876212 4.1580713093280783 69.782936692237854 4.4587608575820923 8.8985240012407285 4.45438604056835 4.2888439744710904 3.15576048195362 9.5492803156375867 3.7516820281744003 9.9386168569326383 279.84934809803963 1.6882001012563694
leaf_count=44 7 1091 9 21 198 12 19 12 23 10 34 19 63 709 6
internal_value=0.0101348 0.00856335 0.0090212 0.0087701 0.00900479 0.0121719 0.00390258 0.0127124 0 -0.00615404 0.0130885 0.000587651 -0.00441338 0.0134395 -0.00905486
internal_weight=750.382 423.885 409.513 403.552 399.394 326.497 20.1447 306.352 8.7476 11.2461 297.605 8.20607 14.3714 289.399 11.6268
internal_count=2277 1395 1319 1310 1289 882 73 809 35 54 774 31 76 743 69
is_linear=0
shrinkage=0.01


Tree=38
num_leaves=23
num_cat=0
split_feature=29 62 36 59 35 2 60 39 57 9 11 41 39 27 2 37 66 2 59 8 72 8
split_gain=23.295 33.6251 30.1836 29.6235 25.1069 23.6216 30.8253 20.741 20.0052 21.444 18.2831 18.3849 17.3805 23.0971 23.7869 19.9254 9.42437 21.5657 8.51077 6.40561 6.3072 5.74035
threshold=2.6411490440368657 3.0320051908493046 2.208875417709351 1.3411433696746828 -2.3190871477127071 1038307.5000000001 0.0062468040268868217 -1.4490005373954771 0.93944630026817333 17984732.000000004 69.954998016357436 0.41503828763961798 2.2286723852157597 -177343.99999999997 261379.00000000003 0.82000273466110241 1.7639768123626711 849002.50000000012 1.6027408838272097 3.4315500259399419 -922025.21874999988 3.4315500259399419
decision_type=2 2 2 2 2 2 2 2 2 2 2 2 2 2 2 2 2 2 2 2 2 2
left_child=5 3 4 8 21 12 10 -6 9 -2 11 -7 13 14 -1 -15 18 -18 -14 -10 -4 -3
right_child=1 2 20 -5 7 6 -8 -9 19 -11 -12 -13 16 15 -16 -17 17 -19 -20 -21 -22 -23
leaf_value=-0.0031530938864881182 -0.013507029245449293 -0.013410445479980767 -0.013241555807779165 0.019525896771579409 -0.0070097674169473023 0.01753927618508893 -0.013499009131928091 0.010590323339665404 -0.013800047336892354 0.013632234342252024 -0.013199889240778424 0.00085407157535880127 0.030104503868732296 0.01558294772477734 0.010014845367246613 0.01004657844344729 -0.00018424819299401162 0.028408401221562754 0.015380605525031987 0.0040150484813710934 0.0068203893793449275 0.0060545710200146496
leaf_weight=18.005779415369034 4.3309818208217647 5.6032924354076377 7.0749011039733887 5.9597045779228202 6.7888467460870734 17.675861835479743 7.8217450678348532 283.42514209449291 16.011206150054935 8.767016798257826 3.3863920569419852 10.750149071216581 10.881348505616193 149.35235276818275 56.251677379012108 117.82455764710903 5.9049077779054624 4.6696315109729767 6.7135532200336447 2.2141260653734198 1.9408134967088679 1.9957434535026548
leaf_count=70 22 29 38 13 35 41 41 866 80 25 18 41 14 363 163 351 23 6 16 8 7 7
internal_value=0.00999373 0.00806653 0.00915648 -0.000876583 0.00970379 0.0116118 0.00423669 0.0101752 -0.00479037 0.00458202 0.00862881 0.0112644 0.0123999 0.0117699 0.00680845 0.0131452 0.0200006 0.0123475 0.0245433 -0.0115809 -0.0088119 -0.00816673
internal_weight=753.35 344.112 306.829 37.283 297.813 409.238 39.6341 290.214 31.3233 13.098 31.8124 28.426 369.604 341.434 74.2575 267.177 28.1694 10.5745 17.5949 18.2253 9.01571 7.59904
internal_count=2277 1130 982 148 937 1147 141 901 135 47 100 82 1006 947 233 714 59 29 30 88 45 36
is_linear=0
shrinkage=0.01


Tree=39
num_leaves=19
num_cat=0
split_feature=54 36 51 70 41 57 30 63 53 43 56 58 25 71 41 24 2 6
split_gain=23.1218 21.4938 36.5437 25.9153 18.6897 18.6477 18.9616 32.793 20.9833 15.3396 13.9943 8.12858 7.35035 7.29488 7.96746 15.2574 6.26181 3.54585
threshold=4.3018939495086679 2.0923870801925664 0.0054458831436932096 30687.208007812504 -0.53925466537475575 0.54489997029304515 7.903783082962037 10.792637348175051 1.7788622975349428 291.30999755859381 4.0896794795989999 16608.000000000004 981.00000000000011 36334.363281250007 1.2437162995338442 2.5000000000000004 469987.00000000006 -1007319487.9999999
decision_type=2 2 2 2 2 2 2 2 2 2 2 2 2 2 2 2 2 2
left_child=1 5 -3 12 -5 16 8 -8 -7 10 -2 -12 -4 14 15 -11 -1 -16
right_child=9 2 3 4 -6 6 7 -9 -10 13 11 -13 -14 -15 17 -17 -18 -19
leaf_value=-0.012981611184501401 -0.012546118367353703 0.026213948600576589 -0.013429056679978076 0.017011914714988838 -0.013041663856646036 0.010480965928993819 -0.0057612136172839603 0.010408290937457326 -0.013177695663338056 -0.013321794622238274 0.017633939753623866 -0.0015363442519907677 0.0070289330373426084 0.0057259850166214146 0.025861598876245357 0.016227550749466108 0.0089178924987262705 0.017173951177847244
leaf_weight=4.832339718937873 3.4263458997011176 4.9626862108707419 14.847817465662962 7.746202826499939 2.7864348143339139 576.00297816097736 20.660092085599899 31.724137514829636 3.7359789907932273 1.7851157337427128 6.2578515559434873 3.2800596952438354 1.9241693764924992 5.9575232714414588 13.54174815118313 42.381875619292259 1.7337463349103925 8.6918663382530195
leaf_count=27 20 8 78 19 15 1708 94 101 20 9 14 13 7 19 15 87 6 17
internal_value=0.00985521 0.00922771 0.00122918 -0.00327524 0.00896622 0.00963024 0.00980506 0.00401203 0.0103268 0.014778 0.0046531 0.0109365 -0.0110224 0.0165782 0.0175369 0.0150106 -0.00704685 0.0225103
internal_weight=756.279 670.957 32.2673 27.3046 10.5326 638.689 632.123 52.3842 579.739 85.3224 12.9643 9.53791 16.772 72.3581 66.4006 44.167 6.56609 22.2336
internal_count=2277 2083 127 119 34 1956 1923 195 1728 194 47 27 85 147 128 96 33 32
is_linear=0
shrinkage=0.01


Tree=40
num_leaves=22
num_cat=0
split_feature=15 14 25 40 64 71 28 59 33 57 29 61 57 70 53 69 24 62 11 25 59
split_gain=22.3169 24.463 17.273 16.917 16.8886 16.7005 13.8359 19.8645 17.8006 15.5566 12.4921 12.1765 27.9155 33.4006 19.6944 30.0511 17.252 17.2318 12.011 6.14113 5.27485
threshold=2.2150000333786015 2.3249999284744267 1331.5000000000002 2.5763770341873173 10.803615093231203 119975.71093750001 467.90625000000006 1.3717099428176882 -0.88060238957405079 2.0674839019775395 2.1538648605346684 176.16315460205081 0.75664475560188305 11396.712402343752 1.0309981703758242 72.26099014282228 2.5000000000000004 1.4140216708183291 58.840000152587898 1609.0000000000002 1.1642287969589236
decision_type=2 2 2 2 2 2 2 2 2 2 2 2 2 2 2 2 2 2 2 2 2
left_child=6 10 3 5 -5 -3 11 8 20 -9 -2 14 17 -14 16 -16 -1 -13 -10 -12 -8
right_child=1 2 -4 4 -6 -7 7 9 18 -11 19 12 13 -15 15 -17 -18 -19 -20 -21 -22
leaf_value=0.0052509983094721577 0.014393106592207265 0.0089436744576672101 -0.012745302399399958 -0.0088309928198215953 0.021603695379883908 0.025995323502925403 -0.013697605988310069 -0.013396695749746902 0.016878436394177933 0.014852819616732587 -0.012363058025776752 0.018770512240560974 -0.013959760167682337 0.0083670929559572591 0.027009125863997611 -0.0058607135600522685 0.016977723602549361 0.0051023316146637529 0.0074383986881608778 0.006887472843027832 0.006172786532396086
leaf_weight=14.259599044919012 2.7784531861543647 392.78089883923531 3.6999893188476554 9.4898488819599134 2.2471173405647269 5.8941848427057257 3.8124453425407401 7.0162945836782438 24.387363076210022 2.6727102845907211 9.7692310065031034 39.175684407353401 7.7294644862413397 49.146154433488846 3.8376352339982978 10.028059750795363 122.67056658864021 12.349804818630217 31.459809124469757 1.9244792312383641 1.9758379012346265
leaf_count=45 7 1236 21 49 5 8 19 37 55 6 62 74 38 142 5 44 271 40 99 7 7
internal_value=0.00972009 0.0082065 0.00865396 0.00884932 -0.00291888 0.00919828 0.0116797 0.0077436 0.00984184 -0.00550086 -0.00452815 0.012759 0.0101721 0.00531526 0.014612 0.00316462 0.0157638 0.0155139 0.0115786 -0.00910941 -0.00674206
internal_weight=759.106 428.584 414.112 410.412 11.737 398.675 330.521 71.3245 61.6355 9.689 14.4722 259.197 108.401 56.8756 150.796 13.8657 136.93 51.5255 55.8472 11.6937 5.78828
internal_count=2277 1395 1319 1298 54 1244 882 223 180 43 76 659 294 180 365 49 316 114 154 69 26
is_linear=0
shrinkage=0.01


Tree=41
num_leaves=23
num_cat=0
split_feature=29 29 35 2 60 50 46 39 68 67 28 11 41 39 27 2 37 60 39 55 40 66
split_gain=21.9197 32.1423 23.7476 22.6985 29.7866 21.4644 23.9222 22.7769 20.3513 31.8898 19.1449 17.6168 17.6819 16.5872 22.3746 23.0093 19.0161 15.9551 8.94747 12.8108 5.67303 4.31134
threshold=2.6411490440368657 3.0422816276550297 -2.3190871477127071 1038307.5000000001 0.0062468040268868217 -0.005196639569476246 0.21194259822368625 -1.4490005373954771 33.333324432373054 2.1437386274337773 81.687500000000014 69.954998016357436 0.41503828763961798 2.2286723852157597 -177343.99999999997 261379.00000000003 0.82000273466110241 0.0071200565434992322 2.9411003589630131 -0.80295380949974049 0.45789420604705816 1.7639768123626711
decision_type=2 2 2 2 2 2 2 2 2 2 2 2 2 2 2 2 2 2 2 2 2 2
left_child=3 8 20 13 11 6 -4 -7 -2 10 -10 12 -5 14 15 -1 -16 -11 21 -20 -3 -15
right_child=1 2 5 4 -6 7 -8 -9 9 17 -12 -13 -14 18 16 -17 -18 -19 19 -21 -22 -23
leaf_value=-0.0033258924643655998 -0.013680265787633192 -0.013426907951125862 0.015795928933528089 0.016882437805566284 -0.013505830891724609 -0.012744691792304055 0.0011106980494845196 0.0080728149320593735 0.020935391120700968 -0.013757004020225685 -0.0041275542120436989 -0.013207418899374284 0.0006100785824265059 0.026556291608890829 0.015011337468104622 0.0095737821091896481 0.0096346565479186793 0.012057768473946795 0.021965432698537703 -0.0029937047548843632 0.0057482555477421891 0.016595654631180574
leaf_weight=18.129933208227158 9.4800956398248655 5.8034017831087104 71.656935825943947 17.930851876735691 7.8206201195716849 5.3526305705308905 13.300162121653555 212.14810046553612 10.298581242561342 10.379373431205748 4.242167815566062 3.3892934918403617 10.848302006721495 12.749606490135198 151.32193909585476 56.916224911808968 119.12871527671814 3.0725252032279959 4.3326700031757355 3.7968408316373807 2.0176036804914474 7.7127412408590308
leaf_count=70 48 30 183 41 41 31 50 681 21 52 18 18 41 19 363 163 351 9 7 16 7 17
internal_value=0.00958831 0.00772797 0.00878484 0.0111483 0.00394975 0.00923129 0.0135087 0.0075559 -0.000996363 0.00326349 0.0135547 0.00822455 0.0107833 0.0119151 0.0113023 0.00644411 0.0126467 -0.00778636 0.0192846 0.0101854 -0.00835238 0.0228508
internal_weight=761.829 347.752 310.279 414.078 39.9891 302.458 84.9571 217.501 37.4727 27.9926 14.5407 32.1684 28.7792 374.089 345.497 75.0462 270.451 13.4519 28.5919 8.12951 7.82101 20.4623
internal_count=2277 1130 982 1147 141 945 233 712 148 100 39 100 82 1006 947 233 714 61 59 23 37 36
is_linear=0
shrinkage=0.01


Tree=42
num_leaves=24
num_cat=0
split_feature=54 28 58 39 30 59 41 28 21 31 67 52 53 43 3 69 53 31 34 68 67 12 38
split_gain=22.2538 20.8229 28.1728 26.4537 20.3097 20.2164 19.8704 31.4854 23.5253 18.7069 20.0543 17.3751 16.1697 14.7938 10.3476 7.78007 11.0307 7.12736 16.7691 6.68772 15.5661 6.9447 4.40064
threshold=4.3018939495086679 -359.12499999999994 -364639.99999999994 -1.2180095911025999 7.0410349369049081 1.779335141181946 0.41503828763961798 -954.24999999999989 -1982.4999999999998 9.1370396614074725 2.6785081624984746 -0.0081968964077532274 -0.09900371357798575 291.30999755859381 8942.5000000000018 86.61075592041017 -2.2806576490402217 2.8055434226989751 -0.86807811260223378 74.999996185302749 4.2383491992950448 8617365.5000000019 -1.5743581056594846
decision_type=2 2 2 2 2 2 2 2 2 2 2 2 2 2 2 2 2 2 2 2 2 2 2
left_child=1 6 5 12 -5 -3 9 8 -8 10 -1 -9 -4 14 15 16 -2 19 -19 21 -21 -15 -11
right_child=13 2 3 4 -6 -7 7 11 -10 22 -12 -13 -14 17 -16 -17 -18 18 -20 20 -22 -23 -24
leaf_value=0.015444947525914035 0.01522020801253317 -0.013034856005580821 -0.013077952856310153 0.0094165764863893674 0.0021395534441783644 0.019655560122717654 0.0099803908202507237 0.016110128672952039 -0.0072277218631507248 -0.01320929078792117 0.005787117316915869 -0.001624384428985354 0.003617194960253861 0.024139965882432654 -0.012865911782051515 0.018232484231376647 -0.013021202528632798 0.015547507340513711 -0.013522650936887443 0.0070635121152643763 0.020766121625962031 0.013020138803958666 0.0056005887923838669
leaf_weight=130.42419032752514 2.7150400280952445 10.416546136140822 8.4140897095203417 362.47445088624954 43.299607113003731 2.2917384952306739 13.291802093386648 31.618700176477432 19.73594805598259 3.0558050572872162 26.17089818418026 6.5726298838853827 18.565349295735359 20.399100184440616 2.7147209346294394 4.8434939086437225 2.8110794425010672 7.8935813009738922 2.6158886700868589 16.26577228307724 17.548919707536697 8.4093807786703092 2.008240893483161
leaf_count=305 7 58 47 1089 167 4 39 73 95 16 86 26 71 28 15 10 15 17 13 45 26 18 7
internal_value=0.00945833 0.00884621 0.00757258 0.00800462 0.00864252 -0.00706097 0.0112782 0.00684811 -0.000272152 0.0132237 0.0138373 0.0130319 -0.00155246 0.0142628 0.0043641 0.00897129 0.000673138 0.0160201 0.00821657 0.0173137 0.0142044 0.0209287 -0.00555242
internal_weight=764.557 678.34 445.462 432.753 405.774 12.7083 232.878 71.2191 33.0278 161.659 156.595 38.1913 26.9794 86.217 13.0843 10.3696 5.52612 73.1326 10.5095 62.6232 33.8147 28.8085 5.06405
internal_count=2277 2083 1436 1374 1256 62 647 233 134 414 391 99 118 194 47 32 22 147 30 117 71 46 23
is_linear=0
shrinkage=0.01


Tree=43
num_leaves=22
num_cat=0
split_feature=29 62 36 59 2 60 39 36 7 57 9 11 41 39 27 2 37 31 61 55 61
split_gain=21.0731 31.6238 28.3312 28.0499 21.8411 29.0386 19.5841 23.8479 20.8477 19.3592 20.4118 17.1539 16.9657 15.976 21.6977 22.2883 18.2028 11.365 6.838 6.14578 5.95821
threshold=2.6411490440368657 3.0320051908493046 2.208875417709351 1.3411433696746828 1038307.5000000001 0.0062468040268868217 -1.127819776535034 -0.65028238296508778 3.0356838703155522 0.93944630026817333 17984732.000000004 69.954998016357436 0.41503828763961798 2.2286723852157597 -177343.99999999997 261379.00000000003 0.82000273466110241 -2.6377724409103389 69.554519653320327 1.299599349498749 170.82778930664065
decision_type=2 2 2 2 2 2 2 2 2 2 2 2 2 2 2 2 2 2 2 2 2
left_child=4 3 6 9 13 11 7 -3 -8 10 -2 12 -6 14 15 -1 -16 -15 -19 -4 -11
right_child=1 2 19 -5 5 -7 8 -9 -10 20 -12 -13 -14 17 16 -17 -18 18 -20 -21 -22
leaf_value=-0.0033789527758773465 -0.013511442232760467 0.009474596859988603 -0.01323394026352631 0.018480945982511664 0.016436175717634668 -0.01348185780777243 0.0082161774336815506 -0.013067072039617803 0.014615459547787433 -0.013800838634577081 0.012892301621015373 -0.013189796176239742 0.00053545209772529645 0.0060599656828156344 0.014624010870702966 0.0092963936982318768 0.0093830466088445433 0.012359900001897958 0.025221461177659409 0.006489536343063723 0.0030915620837203674
leaf_weight=18.166010051965714 4.327849522233012 10.312650963664057 7.0690916329622251 6.0963484942913047 18.104851648211483 7.787573814392089 217.08920569717884 8.6031876206397992 67.318677470088005 15.991605862975122 8.9358483850955945 3.379951909184455 10.872802659869192 5.8092809468507793 152.66526971757412 57.330826237797737 119.93215274810791 5.9166123867034939 17.150736972689629 1.9592643231153486 2.2941568344831458
leaf_count=70 22 33 38 13 41 41 681 48 175 80 25 18 41 18 363 163 351 15 26 7 8
internal_value=0.00933238 0.0075137 0.00855762 -0.00112126 0.010856 0.0038068 0.00907884 -0.000724803 0.00973439 -0.00494071 0.00420156 0.0079986 0.0105045 0.0116041 0.0110042 0.00623321 0.0123219 0.0188007 0.0219659 -0.00884294 -0.0116268
internal_weight=767.114 349.998 312.352 37.6458 417.116 40.1452 303.324 18.9158 284.408 31.5495 13.2637 32.3576 28.9777 376.971 348.094 75.4968 272.597 28.8766 23.0673 9.02836 18.2858
internal_count=2277 1130 982 148 1147 141 937 81 856 135 47 100 82 1006 947 233 714 59 41 45 88
is_linear=0
shrinkage=0.01


Tree=44
num_leaves=22
num_cat=0
split_feature=54 28 58 39 26 41 59 41 28 21 56 1 58 43 43 56 1 67 18 28 68
split_gain=21.5487 20.0532 27.2556 25.4872 21.7554 20.6909 19.8489 19.1339 30.4991 22.8989 18.5449 32.8892 18.7869 15.8307 14.3392 13.3372 7.72728 6.92843 9.61542 14.2465 10.004
threshold=4.3018939495086679 -359.12499999999994 -364639.99999999994 -1.3160623908042905 0.082300014793872847 -0.53925466537475575 1.779335141181946 0.41503828763961798 -954.24999999999989 -1982.4999999999998 -0.7110605239868163 367140.00000000006 16608.000000000004 17193.365234375004 291.30999755859381 4.0896794795989999 379454.00000000006 5.0845947265625009 2799.0000000000005 -392.18749999999994 79.166675567626967
decision_type=2 2 2 2 2 2 2 2 2 2 2 2 2 2 2 2 2 2 2 2 2
left_child=1 7 6 5 -5 -4 -3 10 9 -9 11 -1 -12 -10 15 -2 -17 18 20 -20 -16
right_child=14 2 3 4 -6 -7 -8 8 13 -11 12 -13 -14 -15 17 16 -18 -19 19 -21 -22
leaf_value=-0.014017837951562657 -0.012578799274321633 -0.013010540965446515 0.0075080026568865076 0.0090415252531817255 0.0010935261840667946 -0.012864239852011855 0.019304372819997109 0.0097047855689387473 0.0017465858886042899 -0.0072329151125194151 0.016540128643386477 0.016091684890684198 0.0090034240541044773 0.016498260563214469 0.02049384596813025 0.0015902330751363172 0.01969955164704441 0.023002407188422617 -0.0061115805647125755 0.013034799671822233 0.0069977625230977581
leaf_weight=6.7663685232400876 3.444646641612052 10.370915636420248 9.3908358514308947 377.44951379299164 38.215686619281769 10.556328684091566 2.3070025742053977 13.392929643392561 9.9763041585683805 19.740166381001472 97.131327137351036 7.7999825924634933 51.288821011781693 28.526125222444534 28.029140025377274 5.1163764744997007 4.5864564478397369 11.277847543358801 4.6161803603172293 22.591781750321392 7.1353090554475775
leaf_count=33 20 58 32 1130 151 61 4 39 35 95 218 17 146 64 46 19 8 14 18 50 19
internal_value=0.00920772 0.00860737 0.0073609 0.00778265 0.0083132 -0.00322315 -0.00705131 0.0109847 0.00664827 -0.000356243 0.0128845 0.00203654 0.0139424 0.0127019 0.0139197 0.00419532 0.0102534 0.015642 0.0142952 0.00974962 0.0177838
internal_weight=769.71 682.912 448.29 435.612 415.665 19.9472 12.6779 234.622 71.6355 33.1331 162.986 14.5664 148.42 38.5024 86.7977 13.1475 9.70283 73.6503 62.3724 27.208 35.1644
internal_count=2277 2083 1436 1374 1281 93 62 647 233 134 414 50 364 99 194 47 27 147 133 68 65
is_linear=0
shrinkage=0.01


Tree=45
num_leaves=20
num_cat=0
split_feature=54 36 51 70 41 57 30 62 53 43 50 58 31 3 44 31 11 67 40
split_gain=21.0178 19.8587 34.4228 24.7234 17.947 17.5164 17.3799 32.7843 20.0271 13.913 11.019 8.25375 6.88059 15.0684 7.32165 6.81718 6.17742 5.70301 4.70495
threshold=4.3018939495086679 2.0923870801925664 0.0054458831436932096 30687.208007812504 -0.53925466537475575 0.54489997029304515 7.903783082962037 10.858288764953615 1.7788622975349428 291.30999755859381 0.0012554385466501119 16608.000000000004 2.8055434226989751 -31132.499999999996 599.45498657226574 -1.4625189900398252 70.814998626708999 1.7187103629112246 0.52563524246215831
decision_type=2 2 2 2 2 2 2 2 2 2 2 2 2 2 2 2 2 2 2
left_child=1 5 -3 15 -5 16 8 -8 -7 10 18 -12 14 -14 -11 -4 -1 -16 -2
right_child=9 2 3 4 -6 6 7 -9 -10 12 11 -13 13 -15 17 -17 -18 -19 -20
leaf_value=-0.013065374364593842 -0.013222173656738143 0.024746093692568402 -0.013448808926315626 0.016068253078826401 -0.013152099231908639 0.0096842436713463712 -0.0060884443387525071 0.0099238949148772702 -0.013280485808603599 0.0056253633744487745 0.020598159589627768 -0.00044167071957006913 0.014395614261312605 -0.013693249512502557 0.021630324136146305 0.0058739250987016461 0.0085971927594890325 0.015039695822081596 0.0056778770012153104
leaf_weight=4.8840169608592978 3.6207532882690412 5.1020234525203696 14.8688030987978 7.9147184044122696 2.8259542435407621 588.63501676917076 21.172322511672974 32.107897594571114 3.7854953557252875 5.7094447016715995 4.5416206568479538 3.0083071887493134 8.1594107151031476 2.4597208350896826 23.673133417963982 2.0043763518333462 1.7444118112325666 33.947387784719467 1.9824342131614683
leaf_count=27 19 8 78 19 15 1708 95 100 20 16 9 12 18 12 34 7 6 67 7
internal_value=0.00908675 0.00849462 0.000857977 -0.00351945 0.00828705 0.00887608 0.0090428 0.00354219 0.00953581 0.0137323 0.00415127 0.0120823 0.0154229 0.00779519 0.0166862 -0.0110942 -0.00721354 0.0177648 -0.00635678
internal_weight=772.147 685.045 32.7159 27.6139 10.7407 652.329 645.701 53.2802 592.421 87.1022 13.1531 7.54993 73.9491 10.6191 63.33 16.8732 6.62843 57.6205 5.60319
internal_count=2277 2083 127 119 34 1956 1923 195 1728 194 47 21 147 30 117 85 33 101 26
is_linear=0
shrinkage=0.01


Tree=46
num_leaves=19
num_cat=0
split_feature=15 15 25 40 66 71 10 1 58 72 6 39 43 40 28 3 8 70
split_gain=20.1013 23.7421 16.4837 15.9068 16.4046 15.6593 13.1648 18.2778 16.0881 13.6058 13.6955 12.7615 13.664 11.5534 17.1467 16.516 7.09305 3.74967
threshold=2.2150000333786015 2.3249999284744267 1331.5000000000002 2.5763770341873173 1.8861186504364016 119975.71093750001 -0.0011035000206902621 666408.50000000012 -2911.9999999999995 -2632169.8749999995 -2067956159.9999998 0.77681398391723644 8144.0351562500009 1.3889967203140261 718.00000000000011 12144.500000000002 1.2337500452995303 36336.578125000007
decision_type=2 2 2 2 2 2 2 2 2 2 2 2 2 2 2 2 2 2
left_child=6 11 3 5 -5 -3 7 8 17 10 -8 -2 -13 14 -11 -15 -10 -1
right_child=1 2 -4 4 -6 -7 9 -9 16 13 -12 12 -14 15 -16 -17 -18 -19
leaf_value=-0.013471181846655467 -0.012552356725961814 0.0082586399427454892 -0.012821651080509852 0.010878612111608477 -0.01297999580215767 0.024574316831115311 0.011267799101553131 -0.013362586337106163 0.0049444410465174643 0.011924734054495956 -0.013406656983041448 0.018523951903651283 -0.012325067550489522 0.0077476844657904153 0.0046165166810302957 0.021085908129149102 0.022093498741472116 0.0036979748337097607
leaf_weight=2.9460224360227611 8.8160149008035642 400.69517728686333 3.7378742843866339 4.8456082642078382 7.0428557246923447 6.035951852798461 4.5873047560453415 5.0908937305212012 4.1378386020660383 227.63489991426468 4.4043324589729291 3.6407508701086035 2.3343806862831116 14.34853635728359 37.928362041711807 27.849448204040527 6.4239690899848938 2.1114227026700974
leaf_count=15 54 1236 21 15 39 8 12 27 14 560 23 8 14 42 124 48 10 7
internal_value=0.00896709 0.00754413 0.00798115 0.00816929 -0.00317137 0.00850323 0.0108074 0.00301694 0.00841966 0.0113136 -0.000707162 -0.00486724 0.00630441 0.0116681 0.0108847 0.0165742 0.0154696 -0.00610554
internal_weight=774.612 437.149 422.357 418.62 11.8885 406.731 337.463 20.7101 15.6193 316.753 8.99164 14.7911 5.97513 307.761 265.563 42.198 10.5618 5.05745
internal_count=2277 1395 1319 1298 54 1244 882 73 46 809 35 76 22 774 684 90 24 22
is_linear=0
shrinkage=0.01


Tree=47
num_leaves=22
num_cat=0
split_feature=54 28 58 57 58 11 48 57 67 60 7 30 43 56 28 58 71 41 24 51 71
split_gain=20.3174 19.3039 26.8383 22.0849 20.9195 22.428 27.702 22.4084 20.073 19.9573 18.2749 14.9758 13.4565 12.9723 11.0388 7.47063 6.7482 7.5096 14.391 6.74707 3.10508
threshold=4.3018939495086679 -126.37499999999999 -364639.99999999994 0.64407888054847728 16608.000000000004 37.215000152587898 1.9040054678916933 1.0852289199829104 -3.6728738546371456 1.0000000180025095e-35 2.3459181785583501 1.265216648578644 291.30999755859381 4.0896794795989999 -22.687499999999996 16608.000000000004 36334.363281250007 1.2437162995338442 2.5000000000000004 0.027189435437321666 21447.747070312504
decision_type=2 2 2 2 2 2 2 2 2 2 2 2 2 2 2 2 2 2 2 2 2
left_child=1 4 19 14 5 6 -1 8 -6 -5 -7 -9 13 -2 -4 -15 17 18 -14 -3 -19
right_child=12 2 3 9 7 10 -8 11 -10 -11 -12 -13 16 15 -16 -17 -18 20 -20 -21 -22
leaf_value=0.01026580725755585 -0.012569991055672119 -0.01309619967054282 0.0077850996123843856 0.0098408117852598898 0.012658628513976405 0.01951290454454787 -0.013802929783783471 -0.0031582239027043374 -0.0014619650286861077 0.0050229822372786746 0.0095348266533313037 0.01218689280483424 -0.013592439088735432 0.01624118159398125 -0.013291384060124438 -0.0019576445009251088 0.0047650901630272649 0.016611433359893818 0.014717433647986571 0.008199125185835078 0.024464454061738083
leaf_weight=108.93311189115047 3.4409524947404853 8.3664860427379573 3.5943489968776703 186.67926026880741 13.321739748120306 54.197222411632538 4.9667124822735778 6.9777251332998267 40.872740656137466 161.66080048680305 28.500628516077995 61.787937790155411 1.8359336853027333 6.4420923292636854 7.7490769475698453 3.3301850557327271 6.1207571625709525 11.006814286112787 43.614786848425865 1.7488719820976264 11.850149318575857
leaf_count=303 20 46 11 540 35 107 25 26 156 544 81 161 9 14 42 13 19 19 87 6 13
internal_value=0.00885 0.00826963 0.00670595 0.0071593 0.010076 0.0121061 0.00920749 0.0068221 0.00199062 0.00760778 0.0160862 0.0106153 0.0134036 0.00400017 -0.0065248 0.00993708 0.0150595 0.0159673 0.0135519 -0.00931553 0.0207266
internal_weight=776.998 689.357 369.799 359.683 319.558 196.598 113.9 122.96 54.1945 348.34 82.6979 68.7657 87.6417 13.2132 11.3434 9.77228 74.4284 68.3077 45.4507 10.1154 22.857
internal_count=2277 2083 1189 1137 894 516 328 378 191 1084 188 187 194 47 53 27 147 128 96 52 32
is_linear=0
shrinkage=0.01


Tree=48
num_leaves=22
num_cat=0
split_feature=54 36 51 70 71 30 62 46 17 10 59 41 41 41 35 28 44 27 54 28 9
split_gain=19.8471 19.0022 33.2153 24.1241 17.5318 15.6628 31.7799 26.3506 18.1568 17.6068 23.4144 15.4835 10.3983 17.5642 25.7635 25.8915 6.89482 5.5891 4.05785 5.50653 0.925498
threshold=4.3018939495086679 2.0923870801925664 0.0054458831436932096 30687.208007812504 30459.053710937504 7.903783082962037 10.858288764953615 -0.2847332209348678 2.5000000000000004 -0.0011035000206902621 1.1642287969589236 2.8820556402206425 1.2437162995338442 -1.0854911804199217 -1.3250863552093504 657.18750000000011 7754.4250488281259 424032.00000000006 5.92757272720337 -126.37499999999999 17984732.000000004
decision_type=2 2 2 2 2 2 2 2 2 2 2 2 2 2 2 2 2 2 2 2 2
left_child=1 5 -3 17 -5 9 8 -8 -7 10 -1 -11 13 16 -15 -16 -2 -4 -14 -20 -18
right_child=12 2 3 4 -6 6 7 -9 -10 11 -12 -13 18 14 15 -17 20 -19 19 -21 -22
leaf_value=-0.0079677571291000299 0.0093299409084830441 0.023993565233730325 -0.013452371254371483 0.01975296452350573 -0.0056666699216751963 -0.011238285972071301 0.016054008208211509 -0.0028882371320779342 0.010639793583005907 0.0096059266369211485 0.010756141842939182 -0.0014900307033173447 0.023222400365113523 -0.013784609164507378 0.013176295299786412 -0.013982609311145519 0.02576356763452263 0.0027138816680845729 0.0064919199161535468 0.019379182727425389 0.019561035841361474
leaf_weight=13.849539339542391 6.3994141370058086 5.1738062500953665 14.484896749258047 5.8578930646181089 4.9685666859149933 16.353282913565639 21.383737221360207 11.06194047629833 4.8953445702791205 565.42220921814442 12.876956537365912 12.702935114502905 11.259652748703957 5.1678821146488181 30.839080393314362 3.9262481778860083 5.8516238629817954 2.3925588577985755 5.350740298628808 10.081529378890989 9.0326351821422559
leaf_count=64 16 8 76 12 22 80 54 46 15 1610 38 49 14 26 68 20 7 9 14 15 14
internal_value=0.00873511 0.00816231 0.000709614 -0.00360265 0.00799481 0.00853286 0.00332713 0.00956507 -0.00615086 0.00899333 0.00101609 0.00936039 0.013229 0.0109179 0.00696684 0.0100803 0.0182841 -0.0111014 0.0184919 0.0149757 0.0220667
internal_weight=779.332 691.424 32.8777 27.7039 10.8265 658.546 53.6943 32.4457 21.2486 604.852 26.7265 578.125 87.9088 61.2169 39.9332 34.7653 21.2837 16.8775 26.6919 15.4323 14.8843
internal_count=2277 2083 127 119 34 1956 195 100 95 1761 102 1659 194 151 114 88 37 85 43 29 21
is_linear=0
shrinkage=0.01


Tree=49
num_leaves=22
num_cat=0
split_feature=29 62 59 36 2 60 57 9 39 36 7 11 41 39 27 3 37 31 61 8 72
split_gain=19.1991 30.3536 26.5407 26.0657 20.4009 27.7541 18.7716 19.5539 18.3722 22.8502 19.5336 16.3875 16.1554 15.0566 20.8226 21.724 17.255 10.759 6.28567 6.12441 5.98975
threshold=2.6411490440368657 3.0320051908493046 1.3411433696746828 2.208875417709351 1038307.5000000001 0.0062468040268868217 0.93944630026817333 17984732.000000004 -1.127819776535034 -0.65028238296508778 3.0356838703155522 69.954998016357436 0.41503828763961798 2.2286723852157597 -177343.99999999997 -188279.49999999997 0.82000273466110241 -2.6377724409103389 69.554519653320327 3.4315500259399419 -922025.21874999988
decision_type=2 2 2 2 2 2 2 2 2 2 2 2 2 2 2 2 2 2 2 2 2
left_child=4 2 6 8 13 11 7 -2 9 -3 -10 12 -6 14 15 -1 -16 -15 -19 -8 -5
right_child=1 3 -4 20 5 -7 19 -9 10 -11 -12 -13 -14 17 16 -17 -18 18 -20 -21 -22
leaf_value=0.015459993622748205 -0.013591225197327667 0.0088164219138679462 0.017314873100596196 -0.013201628195679101 0.015489115078944571 -0.013563006305166367 -0.01393069977493217 0.012099037848580737 0.0075721352679098512 -0.013120467391290941 0.013699819867363914 -0.013277508723495113 0.00010566280292147884 0.0053987106524642408 0.013694096710079567 0.0026880443291080226 0.0086414053510856636 0.011576710068679764 0.023796220695931847 0.0032569631725670911 0.0062028710000005816
leaf_weight=17.260410472750664 4.3636533021926907 10.507637873291971 6.2488412857055655 7.0105381309986115 18.462451532483104 7.8411079049110404 16.212006911635402 9.1193392276763898 221.23276704549789 8.6484380364418012 68.840537339448929 3.4120620638132086 11.040794283151625 5.9196075350046184 155.79507291316986 59.629686459898949 122.20946736633778 6.0235195904970196 17.588501408696175 2.2727720141410819 1.9794793874025325
leaf_count=39 22 33 13 38 41 41 80 25 681 48 175 18 41 18 363 194 351 15 26 8 7
internal_value=0.00862232 0.00690162 -0.00149716 0.00791342 0.0100624 0.00329963 -0.00520569 0.00371044 0.00840307 -0.00103527 0.00902981 0.00734704 0.00976617 0.0107768 0.0101993 0.00556812 0.0114766 0.0176838 0.0207213 -0.0117633 -0.00881779
internal_weight=781.619 356.436 38.2166 318.219 425.183 40.7564 31.9678 13.483 309.229 19.1561 290.073 32.9153 29.5032 384.426 354.895 76.8901 278.005 29.5316 23.612 18.4848 8.99002
internal_count=2277 1130 148 982 1147 141 135 47 937 81 856 100 82 1006 947 233 714 59 41 88 45
is_linear=0
shrinkage=0.01


Tree=50
num_leaves=17
num_cat=0
split_feature=54 57 30 68 11 53 42 43 3 33 64 71 41 24 2 6
split_gain=19.2956 18.3376 19.2708 33.7938 23.8167 20.5623 17.4401 12.7819 9.64676 10.9064 8.53528 6.49067 7.1645 13.848 6.26457 3.26477
threshold=4.3018939495086679 0.54489997029304515 7.0410349369049081 72.598583221435561 38.23500061035157 1.7788622975349428 -0.0011035000206902621 291.30999755859381 8942.5000000000018 -0.63339048624038685 10.803615093231203 36334.363281250007 1.2437162995338442 2.5000000000000004 563257.50000000012 -1007319487.9999999
decision_type=2 2 2 2 2 2 2 2 2 2 2 2 2 2 2 2
left_child=1 14 5 4 -4 6 -3 8 9 -2 -5 12 13 -9 -1 -14
right_child=7 2 3 10 -6 -7 -8 11 -10 -11 -12 -13 15 -15 -16 -17
leaf_value=-0.013162680108136147 -0.0042205383059428381 0.0012408827914566069 0.0026601153482939226 -0.013518619653502362 0.01638139882845438 -0.013327079709590448 0.0092403337011754839 -0.013581940808521762 -0.012888743004295858 0.01640078259548133 0.001750736731980194 0.00447466009959923 0.023200519083482099 0.014202966360770711 0.0082685998240063958 0.015035501819549064
leaf_weight=5.4765772745013228 4.1747704148292533 28.906176090240479 40.833805769681931 12.124673873186113 18.483217388391495 4.1695833653211585 578.65413537621498 1.8331882655620564 2.7138843834400168 6.396926835179328 5.0875891894102088 6.1659148037433615 14.043099075555803 44.014633774757385 1.7558608949184416 9.0350809842348081
leaf_count=30 18 109 146 63 46 22 1642 9 15 14 19 19 15 87 6 17
internal_value=0.00851149 0.00794847 0.00811563 0.00336344 0.00695253 0.00870851 0.00886139 0.0129309 0.00378728 0.00816282 -0.00894722 0.0145353 0.0154208 0.0130702 -0.00782142 0.0200473
internal_weight=783.869 695.492 688.259 76.5293 59.317 611.73 607.56 88.3775 13.2856 10.5717 17.2123 75.0919 68.926 45.8478 7.23244 23.0782
internal_count=2277 2083 2047 274 192 1773 1751 194 47 32 82 147 128 96 36 32
is_linear=0
shrinkage=0.01


Tree=51
num_leaves=23
num_cat=0
split_feature=15 14 24 66 11 72 39 59 39 2 11 56 40 10 35 37 3 33 37 3 3 49
split_gain=18.611 22.9643 15.6908 55.7801 24.2751 34.1241 23.2347 19.8553 12.3389 13.29 12.2856 16.9616 11.9023 18.9353 29.6559 15.8119 10.8145 24.4865 9.63955 16.5003 8.56522 6.60426
threshold=2.2150000333786015 2.3249999284744267 5.5000000000000009 2.6932797431945805 25.130000114440922 -849378.96874999988 -1.127819776535034 1.1642287969589236 0.77681398391723644 334009.50000000006 75.455001831054702 0.076827276498079314 1.2935948371887209 -0.00015603000065311787 1.9079442620277407 -2.1543154716491695 12144.500000000002 1.0000000180025095e-35 2.1576449871063237 -27425.999999999996 105278.50000000001 -0.40028737485408777
decision_type=2 2 2 2 2 2 2 2 2 2 2 2 2 2 2 2 2 2 2 2 2 2
left_child=10 8 3 6 5 -4 -3 -6 -2 -10 12 -12 13 14 -1 -15 17 -14 19 -13 -18 -5
right_child=1 2 4 21 7 -7 -8 -9 9 -11 11 18 16 15 -16 -17 20 -19 -20 -21 -22 -23
leaf_value=0.0079990167490606428 -0.01260890577015652 -0.0069251525901097193 -0.0062547370744999789 -0.013904217674843174 0.0052265856071149397 0.015471503324397043 0.012579442583275948 0.011523338740651463 0.017766381755587479 -0.012420308909415067 -0.01292420807837783 0.015078363335841035 0.01486532616762111 0.0043931065150302935 -0.014290117657921871 0.013509132882943697 0.022445180898756287 -0.013881329460960067 0.015872677408365215 -0.01303862962046467 0.010679730060517098 0.0056602193633474027
leaf_weight=113.13087165355682 8.9147957116365415 6.3216439038515082 30.829460859298706 10.100002080202101 157.03372922539711 9.4353538304567319 138.58272668719292 74.315603032708168 3.6969778090715399 2.3736686408519745 5.1814244985580471 3.9936798661947286 14.706185996532442 22.687776073813438 6.2712250649929038 130.14122523367405 21.271824032068256 3.6763942241668692 7.7566193342208853 4.3683871775865537 9.2784564793109876 2.0006358101963988
leaf_count=310 54 31 132 50 516 23 361 199 8 14 29 9 32 68 30 291 32 18 16 24 23 7
internal_value=0.00840268 0.00704335 0.00746973 0.0099959 0.00600581 -0.00113874 0.0117216 0.00725359 -0.00508531 0.00579843 0.0101605 0.00274237 0.0106494 0.00982285 0.00681997 0.0121624 0.0152274 0.00906179 0.00784051 0.000270313 0.0189046 -0.0105869
internal_weight=786.069 443.605 428.619 157.005 271.614 40.2648 144.904 231.349 14.9854 6.07065 342.464 21.3001 321.164 272.231 119.402 152.829 48.9329 18.3826 16.1187 8.36207 30.5503 12.1006
internal_count=2277 1395 1319 449 870 155 392 715 76 22 882 78 804 699 340 359 105 50 49 33 55 57
is_linear=0
shrinkage=0.01


Tree=52
num_leaves=21
num_cat=0
split_feature=54 28 58 57 26 59 41 28 21 56 1 58 69 71 43 56 69 67 35 34
split_gain=18.6819 18.3219 25.4813 22.6672 20.2497 18.8018 18.07 28.9578 21.7907 17.5302 31.1659 17.0297 16.4685 15.3549 12.392 12.3221 7.17686 6.69383 11.7691 10.0697
threshold=4.3018939495086679 -359.12499999999994 -364639.99999999994 0.64407888054847728 0.082300014793872847 1.779335141181946 0.41503828763961798 -954.24999999999989 -1982.4999999999998 -0.7110605239868163 367140.00000000006 16608.000000000004 19.999964714050297 87486.773437500015 291.30999755859381 4.0896794795989999 86.61075592041017 5.0845947265625009 -2.0126076936721797 -1.0280284881591795
decision_type=2 2 2 2 2 2 2 2 2 2 2 2 2 2 2 2 2 2 2 2
left_child=1 6 5 13 -5 -3 9 8 -8 10 -1 -11 -9 -4 15 -2 -17 18 -16 -20
right_child=14 2 3 4 -6 -7 7 12 -10 11 -12 -13 -14 -15 17 16 -18 -19 19 -21
leaf_value=-0.014196271608938844 -0.012562389226545501 -0.013083379241724202 -0.010077524345391322 0.008065953006523097 0.00051264520479440143 0.018034888946749976 0.0087630372787984873 0.01459659319900425 -0.0075557078747965998 0.015257490504665849 0.014833073165127839 0.0081658064059859491 -0.0023969955336939422 0.017193852581817767 -0.014212629751347627 0.0010593715353494897 0.018325756695568303 0.021362546399117343 0.021147608276595564 0.011383581923233008
leaf_weight=6.8610020130872718 3.4309216886758795 10.479839101433752 11.943717628717421 392.20003579556942 39.337587058544159 2.3604365438222876 13.734068676829336 32.695872694253922 20.20112644135952 99.842952758073807 8.0073460042476636 52.415918067097664 6.7893992960453025 2.475011706352233 1.5261286348104466 5.1995083987712842 4.7043479681015015 11.513011902570723 13.974224492907522 48.472216948866844
leaf_count=33 20 58 61 1154 154 4 39 73 95 218 17 146 26 5 7 19 8 14 19 107
internal_value=0.00829637 0.007744 0.00656562 0.00696666 0.00737973 -0.00728501 0.00998736 0.00582525 -0.000921806 0.0118098 0.00137022 0.0128227 0.0116493 -0.00532697 0.0126343 0.00364598 0.0093619 0.0142089 0.0129058 0.0135846
internal_weight=788.165 699.344 458.797 445.956 431.538 12.8403 240.548 73.4205 33.9352 167.127 14.8683 152.259 39.4853 14.4187 88.8204 13.3348 9.90386 75.4856 63.9726 62.4464
internal_count=2277 2083 1436 1374 1308 62 647 233 134 414 50 364 99 66 194 47 27 147 133 126
is_linear=0
shrinkage=0.01


Tree=53
num_leaves=19
num_cat=0
split_feature=28 35 59 52 40 56 42 29 66 61 67 33 59 37 57 66 67 7
split_gain=18.004 26.337 19.9658 17.0333 18.6388 16.9099 22.1625 24.3181 30.8856 23.3337 23.4449 18.8339 18.5513 14.8711 20.0122 17.9653 11.7335 3.61594
threshold=718.00000000000011 -1.610756993293762 1.450089752674103 0.051259016618132598 1.1927489042282107 1.6506541371345522 -0.0011035000206902621 2.6411490440368657 2.8861234188079838 110.35834121704103 2.2277631759643559 -1.4548804163932798 1.003052890300751 2.0439738035202031 0.96303537487983715 3.7475254535675053 2.034328937530518 2.7567603588104252
decision_type=2 2 2 2 2 2 2 2 2 2 2 2 2 2 2 2 2 2
left_child=5 -2 3 4 -3 6 9 12 -9 10 -1 17 -8 15 -15 -13 -4 -7
right_child=1 2 16 -5 -6 11 7 8 -10 -11 -12 13 -14 14 -16 -17 -18 -19
leaf_value=0.017794788223179071 -0.013835212363628249 0.0032451110394872201 0.0085821422719100458 0.020155599402908956 0.013729008924336969 -0.014080867726950276 0.0075587112663923761 0.0068696073752034393 -0.0083259297589379638 -0.013543099384782976 -0.013420058958823755 0.01146761449269857 0.013251538222145164 -0.014251053878692604 0.011543910154491074 0.021857640185947096 -0.013646494881223133 0.0022797646213416197
leaf_weight=7.4476819783449191 7.2557598650455466 68.258534923195839 3.3589751422405225 9.2849976271390897 22.753095433115959 3.1207464933395377 110.87046638131142 208.44615712016821 14.234839871525763 9.7718248665332776 3.5200500190258026 159.26027220487595 121.15487772226334 4.9823186099529249 7.5645027309656143 18.874651238322258 7.7871786057949066 2.2199653387069702
leaf_count=16 36 233 9 19 58 15 315 645 64 51 18 397 286 24 19 25 40 7
internal_value=0.00819249 0.00458475 0.005793 0.0072089 0.00587709 0.00882876 0.00780299 0.00826457 0.00589374 -0.00226862 0.00768533 0.0113116 0.0105356 0.0118323 0.00122108 0.0125741 -0.00685802 -0.00709303
internal_weight=790.167 118.699 111.443 100.297 91.0116 671.468 475.446 454.706 222.681 20.7396 10.9677 196.022 232.025 190.682 12.5468 178.135 11.1462 5.34071
internal_count=2277 395 359 310 291 1882 1395 1310 709 85 34 487 601 465 43 422 49 22
is_linear=0
shrinkage=0.01


Tree=54
num_leaves=21
num_cat=0
split_feature=54 36 51 70 41 57 30 68 42 41 31 45 41 41 25 5 11 54 22 51
split_gain=18.0252 17.5112 31.4172 23.1039 16.9374 15.9926 15.3015 26.8988 15.9734 9.82914 16.8189 9.53086 9.24623 20.37 6.96803 6.53587 5.85307 3.84552 4.70535 15.4729
threshold=4.3018939495086679 2.0923870801925664 0.0054458831436932096 30687.208007812504 -0.53925466537475575 0.54489997029304515 7.0410349369049081 72.598583221435561 -0.0011035000206902621 1.2437162995338442 2.6220597028732304 -0.31710015237331385 -1.0854911804199217 -0.37757751345634455 981.00000000000011 1164.3649902343752 70.814998626708999 5.92757272720337 221.41999816894534 0.0054458831436932096
decision_type=2 2 2 2 2 2 2 2 2 2 2 2 2 2 2 2 2 2 2 2
left_child=1 5 -3 14 -5 16 8 -8 -7 10 12 -12 15 -14 -4 -2 -1 -11 -19 -20
right_child=9 2 3 4 -6 6 7 -9 -10 17 11 -13 13 -15 -16 -17 -18 18 19 -21
leaf_value=-0.013120286779165435 0.011569425435112883 0.022806004180781003 -0.013493756654674591 0.014892533517696632 -0.013270778544395128 0.00097543588846690733 0.0067689201512325164 -0.008267100592523155 0.0089546137769057205 0.021978409992148389 -0.01384186971858101 0.0086543401600899881 -0.0084483524824294949 0.012260093737757626 0.0061452572507525493 0.023221890359994061 0.0077788362280375766 0.023667885316633854 -0.0053586695051821391 0.018854876536217015
leaf_weight=4.9076975360512725 10.120782285928728 5.2860441505908957 14.935421884059911 8.120001554489134 2.8626216202974311 26.556643486022949 59.441316768527031 14.823259338736532 562.28080579638481 11.455260396003723 4.2214397192001343 3.3512582629919043 5.634560987353324 28.658975824713707 1.9806504696607579 10.160654395818709 1.7791882455348966 3.9468238949775705 3.9106327444314939 7.7805846780538559
leaf_count=27 22 8 78 19 15 100 189 69 1565 14 21 9 22 65 7 12 6 4 14 11
internal_value=0.00808947 0.00754836 0.000425749 -0.00377886 0.00746071 0.00789976 0.00805565 0.00375425 0.00859645 0.0123407 0.0101109 -0.00375424 0.0120531 0.00882846 -0.0111352 0.0174564 -0.00741008 0.0174186 0.0140145 0.0106701
internal_weight=792.215 702.974 33.1847 27.8987 10.9826 669.789 663.102 74.2646 588.837 89.241 62.1477 7.5727 54.575 34.2935 16.9161 20.2814 6.68689 27.0933 15.638 11.6912
internal_count=2277 2083 127 119 34 1956 1923 258 1665 194 151 30 121 87 85 34 33 43 29 25
is_linear=0
shrinkage=0.01


Tree=55
num_leaves=20
num_cat=0
split_feature=15 15 25 53 40 56 39 2 11 56 67 38 40 27 67 33 37 3 20
split_gain=17.4807 22.3039 15.5257 15.5699 26.5569 18.6041 11.9783 12.8514 11.7396 16.4654 12.5861 19.9748 15.761 13.7708 11.9461 9.65273 9.22268 15.9659 5.29779
threshold=2.2150000333786015 2.3249999284744267 1331.5000000000002 -0.16971824318170545 0.52563524246215831 -1.075711131095886 0.77681398391723644 334009.50000000006 75.455001831054702 0.076827276498079314 3.9674335718154912 2.2518734931945805 -1.172073185443878 374464.00000000006 3.606122732162476 1.1953294277191164 2.1576449871063237 -27425.999999999996 4533.5849609375009
decision_type=2 2 2 2 2 2 2 2 2 2 2 2 2 2 2 2 2 2 2
left_child=8 6 3 4 -3 -5 -2 -8 10 -10 11 14 -13 18 -1 -15 17 -11 -12
right_child=1 2 -4 5 -6 -7 7 -9 9 16 13 12 -14 15 -16 -17 -18 -19 -20
leaf_value=0.010433303877944148 -0.012637526431995123 0.006888565205658506 -0.012945665980244592 0.019445071271961673 -0.0031727548729889778 0.0080740535560428206 0.017072442925855965 -0.012463570439768595 -0.012957773417119487 0.014506611746333305 0.011375320947776182 0.012652034708157281 -0.0074505499208667959 -0.013536288742933502 -0.0027858345743911783 0.013167299812207441 0.01524855238571019 -0.013063002225892958 0.020169163164333814
leaf_weight=258.96334694325924 8.960070386528967 122.77380155026913 3.7957482859492293 15.389567613601683 33.211713165044785 257.94877637922764 3.7518886476755133 2.3915503025054932 5.2012313455343273 4.0407912582159078 10.288064882159231 5.7853440344333675 11.928901046514509 2.5659883618354788 6.8998906165361396 2.8595494031906128 7.8503078669309607 4.3732927739620191 25.215414583683014
leaf_count=633 54 378 21 31 135 754 8 14 29 9 23 14 52 13 26 7 16 24 36
internal_value=0.00798852 0.00667788 0.00709543 0.00727494 0.00473994 0.00871793 -0.00522968 0.00541173 0.00968362 0.00245971 0.0101584 0.0094011 -0.00082874 0.0153808 0.0100865 0.000353621 0.0074516 5.82187e-05 0.0176491
internal_weight=794.195 448.223 433.12 429.324 155.986 273.338 15.1035 6.14344 345.972 21.4656 324.506 283.577 17.7142 40.929 265.863 5.42554 16.2644 8.41408 35.5035
internal_count=2277 1395 1319 1298 513 785 76 22 882 78 804 725 66 79 659 20 49 33 59
is_linear=0
shrinkage=0.01


Tree=56
num_leaves=17
num_cat=0
split_feature=54 57 30 68 31 53 10 56 43 56 1 31 34 44 2 67
split_gain=17.4945 17.0644 17.525 31.6481 28.3279 19.6465 15.8277 12.0597 11.7838 11.9438 6.88485 6.31029 14.8537 6.88315 6.01939 5.36268
threshold=4.3018939495086679 0.54489997029304515 7.0410349369049081 72.598583221435561 5.0040845870971689 1.7788622975349428 -0.0011035000206902621 -0.61082485318183888 291.30999755859381 4.0896794795989999 379454.00000000006 2.8055434226989751 -0.86807811260223378 599.45498657226574 563257.50000000012 1.7187103629112246
decision_type=2 2 2 2 2 2 2 2 2 2 2 2 2 2 2 2
left_child=1 14 5 4 -4 6 -3 -5 9 -2 -11 13 -13 -10 -1 -15
right_child=8 2 3 7 -6 -7 -8 -9 11 10 -12 12 -14 15 -16 -17
leaf_value=-0.013141966111401846 -0.012592136468529684 0.00099134681668308937 0.0093866289812863848 0.0063179517848478087 -0.0094826525375815932 -0.013409428543663957 0.0085802475277584125 -0.013511809681347643 0.0042390545404856058 0.00084107602817247472 0.017673736830104207 0.013117393131527655 -0.013818526297170484 0.019501776270972354 0.0077909217166283297 0.013214853686440538
leaf_weight=5.4501969814300528 3.4473737776279441 29.143398433923721 50.884038463234901 3.9121304452419308 9.3799458891153318 4.1917501688003531 588.47843886911869 13.268215656280516 5.8854021877050391 5.2502107918262464 4.7456684559583664 8.2638859897851926 2.6900881081819525 24.409726545214653 1.772447809576988 34.924161165952682
leaf_count=30 20 109 148 13 44 22 1642 69 16 19 8 17 13 34 6 67
internal_value=0.0078896 0.00735799 0.00751668 0.00301019 0.00643308 0.00807633 0.00822377 -0.00893818 0.0120693 0.00333846 0.00893263 0.013597 0.00641115 0.0147886 -0.00786655 0.0158181
internal_weight=796.097 706.481 699.258 77.4443 60.264 621.814 617.622 17.1803 89.6165 13.4433 9.99588 76.1733 10.954 65.2193 7.22264 59.3339
internal_count=2277 2083 2047 274 192 1773 1751 82 194 47 27 147 30 117 36 101
is_linear=0
shrinkage=0.01


Tree=57
num_leaves=20
num_cat=0
split_feature=54 59 30 10 55 50 34 59 38 26 27 68 43 56 58 67 70 22 30
split_gain=17.137 16.7593 30.0584 25.5864 25.145 23.5798 23.5647 38.8651 21.8776 21.3438 18.7278 18.2277 11.4735 11.7294 6.85237 6.2696 9.04204 12.8779 8.64937
threshold=4.3018939495086679 1.1464865207672121 1.0094195604324343 -0.0011035000206902621 0.64445883035659801 -0.0071258812677115193 0.55005893111228954 1.450089752674103 -2.936182856559753 0.027857137843966488 -235215.99999999997 74.999862670898452 291.30999755859381 4.0896794795989999 16608.000000000004 5.0845947265625009 10782.570800781252 4836.2150878906259 4.1905767917633066
decision_type=2 2 2 2 2 2 2 2 2 2 2 2 2 2 2 2 2 2 2
left_child=1 3 -3 4 -1 8 9 -8 -5 -4 -7 -6 13 -2 -15 16 17 -14 -18
right_child=12 2 6 5 11 10 7 -9 -10 -11 -12 -13 15 14 -16 -17 18 -19 -20
leaf_value=-0.013765701801472317 -0.012554175476307128 -0.014553580771731998 0.015436790473790696 -0.0047301078858169188 0.022403560260647354 0.0004586386521208187 0.0090650636514100474 -0.0089548097019454369 0.012123113934851182 0.0083608447850533688 0.0064746123551621551 -0.012812478964537827 0.012521232392340088 0.014761302763551719 -0.0024936796194989543 0.020317482724594514 0.011719757565677738 -0.015386953069617371 0.022370293163641707
leaf_weight=12.224635601043703 3.4233403950929633 5.0975011885166159 85.265610575675964 8.2803489714860898 4.3493355363607398 64.116701558232307 51.01583144068718 15.586947396397589 96.591439932584763 87.165641874074936 276.31901755928993 2.1813322454690933 4.1081978082656851 6.6289768517017347 3.38752081990242 11.634743332862852 48.469336465001106 2.7581640332937241 9.3845687657594663
leaf_count=62 20 24 178 33 8 226 146 71 237 247 839 12 8 14 13 14 101 12 12
internal_value=0.00779209 0.00726665 0.00939536 0.00614464 -0.00526722 0.00662753 0.00991026 0.00483289 0.0107829 0.0118656 0.00534452 0.0104878 0.011925 0.00330567 0.00882593 0.013429 0.0121752 0.00116509 0.0134647
internal_weight=797.989 708.194 244.132 464.063 18.7553 445.308 239.034 66.6028 104.872 172.431 340.436 6.53067 89.7948 13.4398 10.0165 76.355 64.7203 6.86636 57.8539
internal_count=2277 2083 666 1417 82 1335 642 217 270 425 1065 20 194 47 27 147 133 20 113
is_linear=0
shrinkage=0.01


Tree=58
num_leaves=23
num_cat=0
split_feature=29 62 59 36 35 57 9 18 42 67 67 59 40 56 37 34 58 61 30 55 61 9
split_gain=16.8857 29.0753 24.7976 23.9719 22.1397 18.1287 18.5739 16.8758 15.2881 28.2939 25.0927 24.2299 12.7532 15.7393 15.1362 14.0014 18.1172 12.8373 12.3315 5.82789 5.59025 5.20518
threshold=2.6411490440368657 3.0320051908493046 1.3411433696746828 2.208875417709351 -2.3190871477127071 0.93944630026817333 17984732.000000004 8.5000000000000018 0.00027699999918695545 -1.1080383658409116 -1.949435770511627 1.1813405156135561 1.2935948371887209 -0.89858266711235035 0.82000273466110241 1.2633897066116335 -254143.99999999997 244.18205261230472 1.3792896866798403 1.299599349498749 170.82778930664065 19445974.000000004
decision_type=2 2 2 2 2 2 2 2 2 2 2 2 2 2 2 2 2 2 2 2 2 2
left_child=8 2 5 4 21 6 -2 -6 12 10 11 -10 13 18 -15 16 -14 -17 -1 -5 -7 -3
right_child=1 3 -4 19 7 20 -8 -9 9 -11 -12 -13 15 14 -16 17 -18 -19 -20 -21 -22 -23
leaf_value=0.011125350251228698 -0.013721082664131606 -0.013790146226037987 0.015862054886190656 -0.013239165786847109 0.014788763799940019 -0.014076088681252799 0.011104745831537383 0.0071539722145100961 -0.0099660747109272425 -0.014116483966887741 0.02309134734657917 0.015370137693854017 -0.0048494957132883768 0.010546180521494249 0.0058891045257325348 -0.013532796272134008 0.01626128489778899 0.016143644814568064 -0.014232050358241113 0.0058066147222671652 0.0019436154485688937 0.0041636227446157628
leaf_weight=2.9940380156040174 4.4246317893266669 5.8339580893516532 6.4362139403820029 7.0481281131505948 32.685690671205521 16.432993575930599 9.3524866104125959 276.00253986567259 9.0140096098184603 7.8722405135631552 7.3361447900533685 6.4882843941450128 4.2859814912080756 222.87691450119019 103.38848093152046 3.494172900915145 59.638708919286728 2.4936552047729492 5.2183392941951752 1.9986997395753858 2.3875499814748755 2.1283276975154877
leaf_count=7 22 29 13 38 75 80 25 826 40 39 11 13 18 543 309 18 119 5 25 7 8 7
internal_value=0.00769627 0.00610084 -0.002035 0.00707897 0.00753925 -0.00559934 0.00305915 0.00796563 0.00903138 0.00218701 0.00785049 0.000573562 0.00954869 0.00872826 0.00907349 0.0134595 0.0148302 -0.00100692 -0.00486558 -0.00892088 -0.0119907 -0.00886549
internal_weight=799.832 364.731 39.0339 325.697 316.651 32.5977 13.7771 308.688 435.101 30.7107 22.8384 15.5023 404.39 334.478 326.265 69.9125 63.9247 5.98783 8.21238 9.04683 18.8205 7.96229
internal_count=2277 1130 148 982 937 135 47 901 1147 103 64 53 1044 884 852 160 137 23 32 45 88 36
is_linear=0
shrinkage=0.01


Tree=59
num_leaves=21
num_cat=0
split_feature=28 34 2 36 40 53 56 58 49 61 63 57 1 50 28 2 27 31 61 7
split_gain=16.5072 22.0528 21.4221 21.4315 21.4616 17.906 15.8156 23.8879 22.8744 22.6337 23.4924 21.5397 14.413 19.4954 15.5228 15.167 17.5888 13.6732 6.14003 5.33158
threshold=718.00000000000011 0.69587054848670971 1134139.0000000002 2.0923870801925664 1.1927489042282107 0.50633713603019725 1.6506541371345522 -364639.99999999994 -0.86154139041900624 190.20009613037112 2.5596957206726079 1.545713543891907 786095.50000000012 0.013672042172402145 -359.12499999999994 416094.50000000006 157280.00000000003 -8.2014799118041974 64.48053359985353 2.9297606945037846
decision_type=2 2 2 2 2 2 2 2 2 2 2 2 2 2 2 2 2 2 2 2
left_child=6 17 3 4 -3 -5 7 8 -1 10 -9 -11 15 14 -14 16 -8 -2 -17 -4
right_child=1 2 19 5 -6 -7 12 9 -10 11 -12 -13 13 -15 -16 18 -18 -19 -20 -21
leaf_value=0.014488950050295659 0.0093215978277467765 0.0067096226341427046 -0.013433552654469138 -0.010193497690090937 0.019486812142307762 0.0064635021641664195 0.011051508025751316 0.011374585558022546 -0.013640828682476458 0.0014176658230536953 0.0064168515028193811 0.025752061708756643 0.0044917889590571011 0.017212751448592301 -0.01413647089340901 0.027428730044507996 -0.0016993309483910152 -0.014148455400949641 0.015170186943558837 0.0045312117241820037
leaf_weight=4.0231126993894568 3.2854025959968558 54.366577416658401 6.8361950218677503 11.328395798802378 17.548552349209785 14.970669910311697 105.02107390761375 170.98898862302303 10.094766050577162 73.343496948480606 220.34520532935858 3.8371212482452384 16.399137020111088 8.4714338630437833 6.145032241940501 4.7448088824748984 11.911824420094488 9.6755510270595533 46.2310661226511 2.0805338174104691
leaf_count=9 9 162 36 55 34 45 246 418 52 243 669 4 50 15 30 6 42 47 98 7
internal_value=0.00760192 0.00416644 0.00566246 0.0070156 0.00984139 -0.000673523 0.0082058 0.00722129 -0.00555397 0.00760839 0.00858563 0.00264043 0.0105894 0.00427556 -0.000541497 0.0117497 0.00974404 -0.008122 0.0163308 -0.0091297
internal_weight=801.649 120.092 107.131 98.2142 71.9151 26.2991 681.557 482.633 14.1179 468.515 391.334 77.1806 198.924 31.0156 22.5442 167.909 116.933 12.961 50.9759 8.91673
internal_count=2277 395 339 296 196 100 1882 1395 61 1334 1087 247 487 95 80 392 288 56 104 43
is_linear=0
shrinkage=0.01


Tree=60
num_leaves=22
num_cat=0
split_feature=54 28 58 39 27 59 50 59 69 59 14 56 67 4 43 56 69 31 35 44 67
split_gain=16.6089 16.6528 23.8803 22.608 17.8982 17.8629 17.5388 16.2898 32.9272 36.9788 21.7593 17.8918 15.7269 14.9382 11.1169 11.3625 6.71425 6.18277 13.4621 6.69665 5.16765
threshold=4.3018939495086679 -359.12499999999994 -364639.99999999994 -1.2180095911025999 -1137247.9999999998 1.779335141181946 0.0066556087695062169 1.0999508500099184 8.108103275299074 1.0246542096138003 7.7049999237060556 -0.78146365284919728 -4.0111029148101798 46945.058593750007 291.30999755859381 4.0896794795989999 86.61075592041017 2.8055434226989751 -1.7976458072662351 599.45498657226574 1.7187103629112246
decision_type=2 2 2 2 2 2 2 2 2 2 2 2 2 2 2 2 2 2 2 2 2
left_child=1 7 5 6 -5 -3 -4 8 9 -1 -10 13 -13 -9 15 -2 -17 19 -19 -16 -21
right_child=14 2 3 4 -6 -7 -8 11 10 -11 -12 12 -14 -15 17 16 -18 18 -20 20 -22
leaf_value=0.014656419062028339 -0.0125463858329781 -0.013133035639667216 -0.0064835810106883308 -0.014470205365947692 0.0070327327580154819 0.016946345746514737 0.01304765651786894 -0.014718462315274978 0.0041699964383128873 -0.014768069908241954 -0.014053639510688954 -0.002073993912928433 0.014067203863325895 0.015655608661586901 0.0038535483273714729 0.00053236231462579946 0.017072575960712235 0.015734375486849413 -0.0064177905697038115 0.018829029083874203 0.012681879527374207
leaf_weight=55.012078583240509 3.4150114357471457 10.548331141471861 22.213494412600998 3.8765718191862097 422.76657627522945 2.4038436114788047 5.7774162739515296 4.3908558040857306 69.598677888512611 4.5969697237014762 7.214926376938819 6.3277806937694541 95.886665284633636 2.5460882037878036 5.9294487386941901 5.2897049337625486 4.79823337495327 6.2228530049324036 4.8284866660833341 24.614699020981789 35.175316423177719
leaf_count=117 20 58 103 18 1238 4 15 20 217 21 35 23 209 5 16 19 8 11 19 34 67
internal_value=0.00750912 0.00699403 0.00588057 0.00626321 0.00683501 -0.00747328 -0.00241654 0.00911004 0.00678936 0.0123705 0.00244527 0.0120014 0.0130582 -0.00342602 0.0115673 0.00310215 0.00849869 0.0130432 0.00596529 0.0142182 0.0152293
internal_weight=803.434 713.16 467.586 454.634 426.643 12.9522 27.9909 245.574 136.423 59.609 76.8136 109.151 102.214 6.93694 90.2738 13.5029 10.0879 76.7708 11.0513 65.7195 59.79
internal_count=2277 2083 1436 1374 1256 62 118 647 390 138 252 257 232 25 194 47 27 147 30 117 101
is_linear=0
shrinkage=0.01


Tree=61
num_leaves=16
num_cat=0
split_feature=54 57 30 46 28 53 49 42 44 45 50 35 31 3 2
split_gain=16.2781 16.3182 16.6806 26.6894 21.368 18.9547 18.399 14.8416 8.95855 17.2525 16.0728 13.5128 6.77301 6.56746 5.8696
threshold=4.3018939495086679 0.54489997029304515 7.0410349369049081 -0.36126814782619471 527.31250000000011 1.7788622975349428 1.4960030913352969 -0.0011035000206902621 599.45498657226574 -0.49575972557067866 0.0012554385466501119 -2.0126076936721797 3.0273464918136601 14972.500000000002 563257.50000000012
decision_type=2 2 2 2 2 2 2 2 2 2 2 2 2 2 2
left_child=1 14 5 4 -4 7 -5 -3 9 -2 -11 -10 13 -13 -1
right_child=8 2 3 6 -6 -7 -8 -9 11 10 -12 12 -14 -15 -16
leaf_value=-0.013165523152589636 0.01774611945793364 0.00076947765960919384 0.010731887517458689 -0.0071440813222643377 -0.013362368036565065 -0.013454647007676485 0.0096230412327953825 0.0080912021709849506 -0.014280572848027979 -0.014166344073997528 0.0087595724602561199 0.017640787828937729 0.0035594848465657571 0.010993274126622876 0.0074143434782995669
leaf_weight=5.4631097912788382 7.0903625786304501 29.35331629216671 36.650836378335953 29.171168282628059 4.0562841445207587 4.2103203088045111 8.3974865674972516 595.59166184067726 1.7246554344892491 5.6880601495504362 6.5810961723327637 35.667567998170853 6.1642281115055075 27.506133943796158 1.789581313729286
leaf_count=30 12 109 100 128 21 22 25 1642 8 28 18 52 18 58 6
internal_value=0.00741849 0.00690917 0.00706292 0.00268971 0.00830644 0.00760542 -0.00336961 0.00774891 0.011433 0.00531496 -0.00178753 0.0130856 0.0137807 0.0147623 -0.00794962
internal_weight=805.106 714.684 707.431 78.2758 40.7071 629.155 37.5687 624.945 90.4221 19.3595 12.2692 71.0626 69.3379 63.1737 7.25269
internal_count=2277 2083 2047 274 121 1773 153 1751 194 58 46 136 128 110 36
is_linear=0
shrinkage=0.01


Tree=62
num_leaves=22
num_cat=0
split_feature=29 62 59 35 28 20 39 2 60 57 9 11 39 27 2 67 34 31 8 61 8
split_gain=16.044 27.9554 23.9315 20.1291 19.0686 18.6374 18.2426 18.1233 25.5303 17.7807 18.0941 14.9733 13.5817 19.9484 20.177 15.4939 12.338 9.63793 5.81742 5.69041 5.07134
threshold=2.6411490440368657 3.0320051908493046 1.3411433696746828 -2.3190871477127071 2033.8750000000002 16724.014648437504 -1.127819776535034 1038307.5000000001 0.0062468040268868217 0.93944630026817333 17984732.000000004 69.954998016357436 2.2286723852157597 -177343.99999999997 261379.00000000003 1.7187103629112246 -1.2051162123680113 -2.6377724409103389 3.4315500259399419 69.554519653320327 3.4315500259399419
decision_type=2 2 2 2 2 2 2 2 2 2 2 2 2 2 2 2 2 2 2 2 2
left_child=7 2 9 20 6 -6 -5 12 11 10 -2 16 13 14 -1 -15 -9 -14 -11 -19 -3
right_child=1 3 -4 4 5 -7 -8 8 -10 18 -12 -13 17 15 -16 -17 -18 19 -20 -21 -22
leaf_value=-0.0046587115334011022 -0.013728316509358223 -0.01378406425058889 0.015293849787570724 -0.0016043516381065623 -0.010235366314187611 0.014474169801797663 0.0083191826476154054 -0.00322987848341523 -0.013748187650540616 -0.014122096844174425 0.010740480114801165 -0.013444170786309573 0.0042562890851368575 0.012751062966768435 0.0071235072340462002 0.0080038285570632438 0.011862984210290122 0.0099780787955735771 0.0023600847901298853 0.021393763718620847 0.0038675989061807826
leaf_weight=19.035508990287781 4.4260561913251868 5.82742916047573 6.5057858079671851 19.631816893815994 11.460238933563231 4.1385592371225348 285.53080767393112 6.9126408696174613 7.9563106298446646 16.506033793091778 9.4323081225156766 3.4661375135183325 6.0963754802942303 118.91735297441483 60.378506734967232 168.03401950001717 23.51803453266621 6.2358096390962627 2.3442747145891181 18.295329168438911 2.1490862369537354
leaf_count=70 22 29 13 82 55 10 799 26 41 80 25 18 18 261 163 453 56 15 8 26 7
internal_value=0.00732881 0.00578051 -0.00218091 0.00673325 0.0071252 -0.00361551 0.0076775 0.00862472 0.00233394 -0.00568723 0.00285353 0.00613827 0.0092854 0.00874445 0.00428672 0.00997465 0.00840162 0.0157236 -0.0120193 0.0185327 -0.00890287
internal_weight=806.798 367.952 39.2145 328.738 320.761 15.5988 305.163 438.846 41.8531 32.7087 13.8584 33.8968 396.993 366.365 79.414 286.951 30.4307 30.6275 18.8503 24.5311 7.97652
internal_count=2277 1130 148 982 946 65 881 1147 141 135 47 100 1006 947 233 714 82 59 88 41 36
is_linear=0
shrinkage=0.01


Tree=63
num_leaves=22
num_cat=0
split_feature=54 28 58 39 41 26 59 41 28 31 31 67 69 43 56 58 67 70 22 12 38
split_gain=15.9198 16.0698 23.1905 21.8088 18.7797 17.7611 17.4546 17.0296 27.2143 20.6987 16.4495 17.7492 15.5232 10.6877 11.034 6.51149 6.16861 8.66434 12.4852 7.47607 4.08633
threshold=4.3018939495086679 -359.12499999999994 -364639.99999999994 -1.3160623908042905 -0.53925466537475575 0.082300014793872847 1.779335141181946 0.41503828763961798 -954.24999999999989 10.353993415832521 9.1370396614074725 2.6785081624984746 19.999964714050297 291.30999755859381 4.0896794795989999 16608.000000000004 5.0845947265625009 10782.570800781252 4836.2150878906259 5146169.7500000009 -1.5743581056594846
decision_type=2 2 2 2 2 2 2 2 2 2 2 2 2 2 2 2 2 2 2 2 2
left_child=1 7 6 4 -4 -5 -3 10 9 -9 11 -1 -10 14 -2 -16 17 18 -15 -19 -12
right_child=13 2 3 5 -6 -7 -8 8 12 -11 20 -13 -14 16 15 -17 -18 19 -20 -21 -22
leaf_value=0.012575778560841687 -0.012536497780848494 -0.013129621779981546 0.0059633755601447838 0.0071362443785311534 -0.013079346380399186 9.9662816728762402e-05 0.016525581586266838 -0.0041265740768194666 0.013215511730582255 0.02228645862795282 -0.013738393744494537 0.0037598564459251074 -0.0030749696033302082 0.011807946512946579 0.013947739029372123 -0.0027878894099380809 0.019452839595278212 0.018279493778103114 -0.015569119586159317 0.010303079219017934 0.0038728777900985641
leaf_weight=138.64138615131378 3.4073050022125235 10.533368021249769 9.8252977281808871 397.14072445034981 10.852606996893881 39.750293657183647 2.4195518344640723 31.628908142447472 33.639617905020714 3.2683172076940528 3.2332378178834915 27.75150853395462 6.9660266041755667 4.1486494094133368 6.722225219011305 3.4180239886045456 11.715238839387892 17.212708279490471 2.777770072221756 41.291056215763092 2.1031765341758719
leaf_count=305 20 58 32 1130 61 151 4 128 73 6 16 86 26 8 14 13 14 26 12 87 7
internal_value=0.00724062 0.0067383 0.00564774 0.00602248 -0.00398266 0.00649831 -0.00751295 0.00880976 0.00482716 -0.00162419 0.0105549 0.0111114 0.0103962 0.011205 0.00291677 0.00820796 0.0126475 0.0114138 0.000684278 0.012667 -0.00661008
internal_weight=808.447 717.754 470.522 457.569 20.6779 436.891 12.9529 247.232 75.5029 34.8972 171.729 166.393 40.6056 90.693 13.5476 10.1402 77.1454 65.4302 6.92642 58.5038 5.33641
internal_count=2277 2083 1436 1374 93 1281 62 647 233 134 414 391 99 194 47 27 147 133 20 113 23
is_linear=0
shrinkage=0.01


Tree=64
num_leaves=20
num_cat=0
split_feature=15 14 25 53 61 56 39 2 11 56 67 38 40 47 37 71 37 4 41
split_gain=15.7513 21.4724 14.7592 14.8522 35.021 17.5549 11.3006 12.1148 10.8609 15.6995 12.1632 18.5297 15.0152 11.3093 10.289 9.93383 8.63243 14.4369 6.13259
threshold=2.2150000333786015 2.3249999284744267 1331.5000000000002 -0.16971824318170545 72.196708679199233 -1.075711131095886 0.77681398391723644 334009.50000000006 75.455001831054702 0.076827276498079314 3.9674335718154912 2.2518734931945805 -1.172073185443878 0.78983631730079662 1.8817058801651003 21447.747070312504 2.1576449871063237 3738.1550292968755 -2.1169102191925044
decision_type=2 2 2 2 2 2 2 2 2 2 2 2 2 2 2 2 2 2 2
left_child=8 6 3 4 -3 -5 -2 -8 10 -10 11 13 -13 -1 18 -16 17 -11 -12
right_child=1 2 -4 5 -6 -7 7 -9 9 16 14 12 -14 -15 15 -17 -18 -19 -20
leaf_value=0.0097654415035994431 -0.012753876715652646 0.012165691427364192 -0.013071286956955952 0.018183385840017913 0.0013300146901863994 0.0072767908154321879 0.015720696086835899 -0.012607536893813272 -0.013082084830621975 -0.013478930370258822 0.024426527118221415 0.01169327359348191 -0.0077470506878850546 0.0025977785665256066 0.011795317208507093 -0.014046986969361424 0.014158490906462125 0.012520521670999886 0.014113742379142698
leaf_weight=246.46948374807835 9.1512880474328977 39.897748589515686 3.8525380939245215 15.783168897032736 119.26529124379158 263.27180524170399 3.8561552166938773 2.4498486816883087 5.2841817736625698 4.2120817154645938 7.8195103406906119 5.9024343043565777 12.088254004716871 24.60050730407238 4.2029465287923804 2.2835728079080582 8.0019082576036435 4.3295646905899048 27.233677387237549
leaf_count=583 54 97 21 31 416 754 8 14 29 22 8 14 52 76 9 11 16 11 51
internal_value=0.00715479 0.00592409 0.00633025 0.0065031 0.0040525 0.00789724 -0.00562709 0.00455675 0.00874968 0.00186006 0.00920153 0.00846591 -0.00131343 0.00911864 0.0142965 0.00254339 0.00669318 -0.000183331 0.0164428
internal_weight=809.956 457.528 442.071 438.218 159.163 279.055 15.4573 6.306 352.428 21.8277 330.6 289.061 17.9907 271.07 41.5397 6.48652 16.5436 8.54165 35.0532
internal_count=2277 1395 1319 1298 513 785 76 22 882 78 804 725 66 659 79 20 49 33 59
is_linear=0
shrinkage=0.01


Tree=65
num_leaves=23
num_cat=0
split_feature=54 28 59 69 62 59 34 53 39 60 45 56 3 53 53 43 56 69 67 70 46 29
split_gain=15.4879 15.6561 18.9966 30.278 25.3788 23.1863 20.7276 27.6945 18.5072 18.1177 20.4752 16.5803 16.209 15.8623 13.9882 10.4017 10.8015 6.34893 6.0071 8.46482 12.1249 6.64792
threshold=4.3018939495086679 -126.37499999999999 1.0999508500099184 3.5195523500442509 7.0162858963012704 1.0246542096138003 -0.86807811260223378 0.37861399352550512 -1.2180095911025999 -0.0024166376097127791 -0.42684589326381678 -0.97519543766975392 -290049.99999999994 0.082955114543437972 0.60743463039398204 291.30999755859381 4.0896794795989999 86.61075592041017 5.0845947265625009 10782.570800781252 -0.31371802091598505 3.7654073238372807
decision_type=2 2 2 2 2 2 2 2 2 2 2 2 2 2 2 2 2 2 2 2 2 2
left_child=1 2 3 5 -5 -1 7 -4 13 10 -10 -8 -11 -3 -15 16 -2 -18 19 20 -17 -21
right_child=15 8 6 4 -6 -7 11 -9 9 12 -12 -13 -14 14 -16 18 17 -19 -20 21 -22 -23
leaf_value=0.014179551220400826 -0.012520845173829254 -0.013339304263633363 0.010102880678111574 0.0052157279970176185 -0.0074958535462429175 -0.0075320627438485565 -0.014121488375145682 -0.0059708785602930426 0.016285223022020127 -0.013551516499933526 0.006180248275215211 0.015353424305200796 0.0047908250102136184 0.0096732686881099549 -0.013301274351022872 0.011501478398163997 0.000288217597098222 0.016297226850108027 0.019105619818327268 0.01062691887976943 -0.015482749831413652 0.019030571704000288
leaf_weight=52.721433848142624 3.3967991322278968 9.5639469176530856 53.335611090064049 117.03029982000589 18.082873076200485 5.3620551079511634 1.9243959635496128 13.331914335489271 30.783374413847923 4.8784453421831122 59.102411657571793 72.887493044137955 268.05313102900982 9.8744948208332044 3.5975690186023703 4.1643777787685394 5.3267869353294355 4.8530679047107697 11.7387198805809 46.325249806046486 2.7696660161018363 12.372897267341612
leaf_count=111 20 52 130 348 78 21 9 51 64 25 174 146 827 28 19 8 19 8 14 95 12 18
internal_value=0.00706991 0.00657562 0.00816362 0.0061131 0.00350707 0.012158 0.0109566 0.00687351 0.00519564 0.00574853 0.00965205 0.0145819 0.00445931 -0.00346892 0.00346394 0.0109749 0.002806 0.00801847 0.0123955 0.0111801 0.000578949 0.0124153
internal_weight=811.477 720.529 334.676 193.197 135.113 58.0835 141.479 66.6675 385.853 362.817 89.8858 74.8119 272.932 23.036 13.4721 90.9476 13.5767 10.1799 77.3709 65.6322 6.93404 58.6981
internal_count=2277 2083 894 558 426 132 336 181 1189 1090 238 155 852 99 47 194 47 27 147 133 20 113
is_linear=0
shrinkage=0.01


Tree=66
num_leaves=21
num_cat=0
split_feature=15 14 25 61 28 17 54 21 19 41 28 1 24 58 62 67 37 39 43 33
split_gain=15.3075 20.9811 14.428 13.6979 21.268 17.4544 11.2714 32.4141 22.1657 19.8275 25.6322 17.6862 16.1369 24.309 16.1272 13.7221 20.61 11.0847 11.8325 3.64535
threshold=2.2150000333786015 2.3249999284744267 1331.5000000000002 72.196708679199233 -2417.0624999999995 1.0000000180025095e-35 0.39139769971370703 -8641.9999999999982 7595.4899902343759 0.071162033826112761 -156.37499999999997 890371.50000000012 2.5000000000000004 -108831.99999999999 1.8441735506057741 -3.6728738546371456 -1.9937008619308469 0.77681398391723644 8144.0351562500009 -0.90567392110824574
decision_type=2 2 2 2 2 2 2 2 2 2 2 2 2 2 2 2 2 2 2 2
left_child=6 17 3 5 -5 -3 7 8 14 11 -11 -9 13 -8 -1 19 -17 -2 -19 -14
right_child=1 2 -4 4 -6 -7 12 9 -10 10 -12 -13 15 -15 -16 16 -18 18 -20 -21
leaf_value=-0.012433513675714538 -0.012735064859733254 0.0073157265391250448 -0.013045991118518454 -0.0098227046961768816 0.0058325214291133033 0.017562657653061531 0.012256569086564641 0.012098837112479657 0.015384460557055935 0.011709102480349802 -0.0071079204820390079 -0.0039691192055493346 0.01279506935502768 -0.014996757510337393 0.0074501975257787291 -0.0037843771816132321 0.010684843975775619 0.015381280655100887 -0.012596159899567499 0.020625467034525249
leaf_weight=17.014041393995292 9.1166074275970441 69.975702092051506 3.8373451381921759 8.8590282648801786 339.05252501368523 22.124356538057327 6.9300578832626343 88.182022929191589 5.1115122288465491 13.23681363463402 15.937702015042303 7.3285509347915641 10.930770307779314 6.1962787359952909 5.298353746533393 10.424764484167097 150.93674898147583 3.879721224308013 2.4460858106613159 16.130124166607857
leaf_count=76 54 196 21 39 1020 43 14 195 10 30 65 28 22 28 15 38 340 8 14 21
internal_value=0.00698646 0.00577563 0.00617538 0.00634528 0.00543101 0.00978811 0.00855612 0.00648276 -0.00333405 0.00864995 0.0013953 0.0108555 0.0101159 -0.000532163 -0.00766706 0.010863 0.00974386 -0.00564917 0.00440478 0.0174995
internal_weight=812.949 459.291 443.849 440.012 347.912 92.1001 353.658 152.109 27.4239 124.685 29.1745 95.5106 201.549 13.1263 22.3124 188.422 161.362 15.4424 6.32581 27.0609
internal_count=2277 1395 1319 1298 1059 239 882 419 101 318 95 223 463 42 91 421 378 76 22 43
is_linear=0
shrinkage=0.01


Tree=67
num_leaves=20
num_cat=0
split_feature=28 35 2 54 35 67 41 39 11 33 65 40 12 10 28 58 71 43 36
split_gain=15.1154 24.4235 19.771 16.5839 18.7042 18.6094 23.6941 28.0703 22.4897 19.022 16.2133 21.5778 12.2495 12.1747 8.96896 7.35773 13.8507 5.41706 3.47266
threshold=718.00000000000011 -1.610756993293762 1134139.0000000002 4.3018939495086679 -2.0126076936721797 3.606122732162476 -2.8614600896835323 0.96269115805625927 71.445003509521499 -1.4794612526893614 2.2262928485870366 1.1927489042282107 7200951.0000000009 -0.0011035000206902621 -721.42578124999989 16608.000000000004 7978.2929687500009 107173.62890625001 -0.11729183793067931
decision_type=2 2 2 2 2 2 2 2 2 2 2 2 2 2 2 2 2 2 2
left_child=3 -2 10 5 -5 8 14 -8 9 -1 11 -3 -12 -10 -7 18 -17 -4 -6
right_child=1 2 17 4 15 6 7 -9 13 -11 12 -13 -14 -15 -16 16 -18 -19 -20
leaf_value=-0.0091284001828120138 -0.013999896553514413 0.0010763304184138113 -0.013735864045710498 -0.014024512729546357 0.011523568515535574 0.021486484759728204 0.0034790425174613198 -0.011929890043933272 -0.013099218901911782 0.0072953465915520542 0.018550355268968692 0.01298060365885202 0.0021437230498847918 0.016942894132374913 0.0058674241961362474 -0.0036125080983690308 0.012352320488203124 0.0040981333624326077 0.017732221017152498
leaf_weight=7.1000834554433814 7.3472638875246039 63.171521887183189 6.8836374431848508 2.6718740016221991 15.333183601498602 7.4524398893117905 48.256468638777733 15.654174223542212 1.3718163520097721 494.70262060314417 15.40959317982197 20.159436851739883 6.6635206043720236 31.308960393071175 7.702978387475012 6.6844477504491797 27.109865009784698 2.1597491651773453 27.260869905352592
leaf_count=30 36 217 35 13 31 10 156 72 7 1364 29 50 20 62 23 24 52 8 38
internal_value=0.00690413 0.00363932 0.00478046 0.0074768 0.0118054 0.0069174 0.00237089 -0.000279551 0.00758809 0.00706097 0.00600369 0.00396821 0.0136428 0.0156512 0.0136138 0.012722 0.00916492 -0.00936616 0.0155207
internal_weight=814.405 121.795 114.447 692.61 79.0602 613.55 79.0661 63.9106 534.483 501.803 105.404 83.331 22.0731 32.6808 15.1554 76.3884 33.7943 9.04339 42.5941
internal_count=2277 395 359 1882 158 1724 261 228 1463 1394 316 267 49 69 33 145 76 43 69
is_linear=0
shrinkage=0.01


Tree=68
num_leaves=22
num_cat=0
split_feature=29 62 59 36 35 24 57 2 60 6 11 41 58 22 10 72 21 60 72 8 8
split_gain=15.1329 26.835 22.972 22.1523 20.2334 17.3441 17.3408 16.7915 24.4333 16.5031 14.2775 14.8537 13.2946 25.7934 17.76 11.7769 11.4527 9.19969 5.71298 5.65242 4.89154
threshold=2.6411490440368657 3.0320051908493046 1.3411433696746828 2.208875417709351 -2.3190871477127071 46.500000000000007 0.93944630026817333 1038307.5000000001 0.0062468040268868217 -1716541247.9999998 69.954998016357436 0.41503828763961798 82432.000000000015 98.720001220703139 -0.00042750500142574305 -2632169.8749999995 -223.49999999999997 -0.0094621288590133173 -922025.21874999988 3.4315500259399419 3.4315500259399419
decision_type=2 2 2 2 2 2 2 2 2 2 2 2 2 2 2 2 2 2 2 2 2
left_child=7 2 6 4 20 -6 9 12 10 -2 11 -9 15 -14 -15 16 -1 -17 -5 -8 -3
right_child=1 3 -4 18 5 -7 19 8 -10 -11 -12 -13 13 14 -16 17 -18 -19 -20 -21 -22
leaf_value=-0.01396577999730775 0.009758720497752716 -0.013786602802658593 0.014558497558799816 -0.013336328049405464 0.0074396794546419381 -0.0086071589717415849 -0.014184104225584724 0.01329888658267258 -0.01374687817345243 -0.013801542825671236 -0.013437543937494245 -0.00099339850040954035 -0.014970658649800263 0.00067555812562934703 0.0098797305573226253 0.016766878262262325 0.01276239454515548 0.0095800777802097312 0.0053783946527927303 0.0019462321325696662 0.0034574090085939101
leaf_weight=4.0376674383878708 9.7351846098899824 5.8178359419107428 6.5913613885641089 7.0964581072330475 308.88203271478415 6.8281461447477332 16.589068233966831 19.211189717054371 7.9253701716661444 4.2612053155899039 3.4561160057783118 11.500579908490179 5.754904404282569 31.863527208566666 62.67398639023304 19.491345196962357 2.6331558525562277 274.93749937415123 2.0310406684875471 2.3770780712366095 2.1771629154682159
leaf_count=20 26 29 13 38 872 29 80 41 41 21 18 41 26 103 151 34 5 667 7 8 7
internal_value=0.00682274 0.00532858 -0.00244028 0.00625484 0.00668983 0.00708945 -0.00586978 0.00807511 0.00203529 0.00251434 0.00572529 0.00791432 0.008706 0.00552956 0.00678808 0.00976071 -0.00326553 0.0100592 -0.00906239 -0.0121097 -0.00896571
internal_weight=815.872 372.387 39.5539 332.833 323.705 315.71 32.9625 443.485 42.0933 13.9964 34.1679 30.7118 401.392 100.292 94.5375 301.1 6.67082 294.429 9.1275 18.9661 7.995
internal_count=2277 1130 148 982 937 901 135 1147 141 47 100 82 1006 280 254 726 25 701 45 88 36
is_linear=0
shrinkage=0.01


Tree=69
num_leaves=22
num_cat=0
split_feature=29 29 36 35 24 68 67 2 60 28 31 11 41 39 27 3 37 31 72 61 47
split_gain=14.7816 25.7949 21.6673 20.5665 20.0347 18.0626 26.6818 16.3649 24.0261 15.8084 15.4906 14.0091 14.4886 13.0367 18.9124 20.0954 14.9773 9.1432 5.64749 5.48778 4.77305
threshold=2.6411490440368657 3.0422816276550297 2.208875417709351 -2.3190871477127071 46.500000000000007 33.333324432373054 2.1437386274337773 1038307.5000000001 0.0062468040268868217 81.687500000000014 -10.290257453918455 69.954998016357436 0.41503828763961798 2.2286723852157597 -177343.99999999997 -188279.49999999997 0.82000273466110241 -2.6377724409103389 -922025.21874999988 69.554519653320327 0.65683811902999889
decision_type=2 2 2 2 2 2 2 2 2 2 2 2 2 2 2 2 2 2 2 2 2
left_child=7 5 3 20 -5 -2 9 13 11 -7 -8 12 -9 14 15 -1 -16 -15 -4 -19 -3
right_child=1 2 18 4 -6 6 10 8 -10 -11 -12 -13 -14 17 16 -17 -18 19 -20 -21 -22
leaf_value=0.01304096304622818 -0.014100011037877461 -0.013842254195564726 -0.01328999220830962 0.0073998058998034416 -0.0091179636494076594 0.016918854817301283 0.011155751946185297 0.01312375442068448 -0.013694722276394495 -0.0052288355928237287 -0.014099637119686271 -0.013387018733199554 -0.00098378661413723819 0.0037509438892995013 0.011278485625791557 0.0010450715977044194 0.0066773023697384703 0.0092353398254750134 0.0053125135861544926 0.020359890378824446 0.0028387834802615416
leaf_weight=18.089841946959496 9.8519126027822477 5.8608731627464277 7.0502199232578278 308.81263392418623 7.468056619167327 11.14615420997143 3.0794976800680152 19.272569268941883 7.8762444704771033 4.4488217532634726 10.917021125555037 3.4345764666795722 11.496835723519323 6.1639433354139355 163.21117967367172 62.254471972584724 127.62240596115589 6.3249764293432262 2.0356426239013654 18.570568054914474 2.2966235280036926
leaf_count=39 48 29 38 868 32 21 8 41 41 18 53 18 41 18 363 194 351 15 7 26 8
internal_value=0.00674272 0.00526696 0.00617218 0.00660049 0.00700662 -0.00236202 0.00151213 0.00797925 0.00201464 0.0105366 -0.00847153 0.00566131 0.00782004 0.00860076 0.00807407 0.00375844 0.00926285 0.0148627 -0.00901213 0.0175737 -0.00902337
internal_weight=817.285 372.967 333.524 324.438 316.281 39.4434 29.5915 444.318 42.0802 15.595 13.9965 34.204 30.7694 402.237 371.178 80.3443 290.834 31.0595 9.08586 24.8955 8.1575
internal_count=2277 1130 982 937 900 148 100 1147 141 39 61 100 82 1006 947 233 714 59 45 41 37
is_linear=0
shrinkage=0.01


Tree=70
num_leaves=18
num_cat=0
split_feature=54 57 30 46 38 49 10 58 40 43 56 1 67 70 22 30 2
split_gain=14.6413 15.4599 15.503 25.4792 17.6478 17.565 14.3457 22.8498 11.9428 9.97827 10.43 6.17889 5.96257 8.23066 11.8591 7.92019 5.74549
threshold=4.3018939495086679 0.54489997029304515 7.0410349369049081 -0.36126814782619471 1.1983008384704592 1.4960030913352969 -0.0011035000206902621 -44697.499999999993 2.9266208410263066 291.30999755859381 4.0896794795989999 379454.00000000006 5.0845947265625009 10782.570800781252 4836.2150878906259 4.1905767917633066 563257.50000000012
decision_type=2 2 2 2 2 2 2 2 2 2 2 2 2 2 2 2 2
left_child=1 16 6 4 -4 -5 7 -3 -8 10 -2 -12 13 14 -11 -15 -1
right_child=9 2 3 5 -6 -7 8 -9 -10 12 11 -13 -14 15 -16 -17 -18
leaf_value=-0.01329534312399135 -0.01255578023027318 -0.013833316224678371 0.010392878760747012 -0.0073997223161663484 -0.0075511583450052471 0.0088181584393380013 0.0073516990085183403 0.0055366302463062079 -0.0046237190745841063 0.010986831483856638 1.2139983986731561e-05 0.015741447712303406 0.018511913110999919 0.010188413483781559 -0.015640413517586473 0.020241940148521414 0.006928952133723576
leaf_weight=5.5429872572422019 3.4127594828605643 8.4453810006380099 35.053273096680641 29.568286627531052 6.4304824322462073 8.5791660994291288 601.56371900439262 21.829436838626862 8.3415138870477659 4.1859939694404593 5.3889690935611707 4.8703339248895645 11.767095193266867 49.44118420779705 2.7835396081209183 9.6446173638105375 1.8098243921995161
leaf_count=30 20 43 92 128 29 25 1626 69 35 8 19 8 14 101 12 12 6
internal_value=0.00666401 0.00618626 0.00633441 0.00215496 0.00758723 -0.00372619 0.00685273 0.000100212 0.00718627 0.01045 0.00247817 0.00757669 0.0118377 0.0106336 0.00020878 0.0118464 -0.00818132
internal_weight=818.659 727.164 719.811 79.6312 41.4838 38.1475 640.18 30.2748 609.905 91.4945 13.6721 10.2593 77.8224 66.0553 6.96953 59.0858 7.35281
internal_count=2277 2083 2047 274 121 153 1773 112 1661 194 47 27 147 133 20 113 36
is_linear=0
shrinkage=0.01


Tree=71
num_leaves=25
num_cat=0
split_feature=54 28 39 72 46 26 34 59 54 52 43 35 46 43 50 26 36 59 26 26 49 13 54 14
split_gain=14.3715 14.9428 20.3604 17.8832 16.8892 16.3061 16.1393 20.6754 22.4298 20.3962 24.6695 19.5633 13.1181 9.73632 9.38803 6.06725 5.89803 5.77978 11.0636 14.3622 6.8733 4.47515 2.43339 0.84151
threshold=4.3018939495086679 -359.12499999999994 -1.3160623908042905 -2632169.8749999995 1.6267527937889101 0.082300014793872847 -0.86807811260223378 1.0999508500099184 1.2478037476539614 0.013564087450504305 85162.667968750015 -1.5210546255111692 0.51471158862113964 291.30999755859381 0.0012554385466501119 0.0064285674598068008 -0.90569972991943348 0.52811193466186535 0.041428625583648689 0.012142849620431663 -0.51427727937698353 10985116.500000002 4.8174009323120126 1.325000047683716
decision_type=2 2 2 2 2 2 2 2 2 2 2 2 2 2 2 2 2 2 2 2 2 2 2 2
left_child=1 6 4 -4 15 -5 9 8 -8 12 -11 -9 -1 14 21 -3 -16 20 19 -19 -15 -2 -20 -22
right_child=13 2 3 5 -6 -7 7 11 -10 10 -12 -13 -14 17 16 -17 -18 18 22 -21 23 -23 -24 -25
leaf_value=0.0084641500793526808 -0.013427377887216665 -0.00040504329820344707 -0.013761050279969399 0.0063195206024074116 0.01327771254236448 -0.00030470735179287427 -0.00052012328923987125 0.0033036668319088129 0.01618797000363403 -0.01462538058827856 0.015344365703105718 0.018666049109934864 -1.2834595264572322e-05 0.0066537659638490326 0.019813445686083533 -0.01316590947453411 0.002016375886876449 0.0095048238610095578 0.021785218066173315 -0.0078188932564522817 0.016009763834146425 0.0049965667981777765 0.012837537251217612 0.021232742147552958
leaf_weight=130.1243921816349 3.8531610518693906 5.7961280047893586 4.7310237586498252 410.8390478938818 4.26324339210987 40.540534123778343 21.910747393965721 10.555152669548987 12.588054895400999 9.2354709208011609 3.8834268897771826 41.657953277230263 20.960373073816299 6.4180971831083324 3.3050669431686401 11.333780512213705 4.5945339947938919 33.955164551734924 7.1763142198324186 5.5069942325353614 8.0445599555969256 1.9071497023105619 6.7422750294208527 10.077446699142454
leaf_count=331 20 22 24 1164 11 152 74 31 24 43 8 67 69 14 5 63 16 69 8 22 11 6 13 10
internal_value=0.00658652 0.00611374 0.00506988 0.00551807 -0.00443885 0.00572235 0.00809626 0.0115998 0.0055474 0.00624005 -0.00567758 0.0155796 0.0072815 0.010336 0.00245539 -0.00890648 0.00958897 0.0117047 0.00980824 0.00706194 0.0157892 -0.00715389 0.0175227 0.0189694
internal_weight=820 728.419 477.504 456.111 21.3932 451.38 250.916 86.7119 34.4988 164.204 13.1189 52.2131 151.085 91.5808 13.6599 17.1299 7.8996 77.9209 53.3807 39.4622 24.5401 5.76031 13.9186 18.122
internal_count=2277 2083 1436 1340 96 1316 647 196 98 451 51 98 400 194 47 85 21 147 112 91 35 26 21 21
is_linear=0
shrinkage=0.01


Tree=72
num_leaves=24
num_cat=0
split_feature=15 14 53 61 72 51 28 58 54 41 28 11 41 53 5 11 50 64 49 10 29 57 25
split_gain=14.203 20.4219 13.9729 31.8375 30.0745 16.366 15.775 13.1597 10.6999 27.4835 22.3599 19.203 17.5541 16.765 15.8705 13.2779 12.0544 16.3202 34.8008 15.511 10.4872 7.07719 4.97652
threshold=2.2150000333786015 2.3249999284744267 -0.16971824318170545 72.196708679199233 -664579.71874999988 -0.04163797385990619 2033.8750000000002 97480.000000000015 0.39139769971370703 0.071162033826112761 -156.37499999999997 75.455001831054702 1.8071042299270632 0.25823257863521581 20356.009765625004 83.915000915527358 -0.012258646078407763 1.0776363015174868 -0.40028737485408777 -0.00015603000065311787 2.1538648605346684 1.1076602935791018 1609.0000000000002
decision_type=2 2 2 2 2 2 2 2 2 2 2 2 2 2 2 2 2 2 2 2 2 2 2
left_child=8 20 3 7 -5 -4 -7 -3 9 11 12 13 -11 -1 -12 -13 21 18 -18 -19 -2 -10 -22
right_child=1 2 5 4 -6 6 -8 -9 16 10 14 15 -14 -15 -16 -17 17 19 -20 -21 22 -23 -24
leaf_value=0.011844242344258123 0.010777441414180924 0.0062373509385120242 -0.014866821529522616 -0.00050404427475441338 0.019469460512325176 0.0079314075466342757 -0.0020611828833637471 0.0178472354702972 0.021612400475384201 -0.0020383114736759016 -0.012335337157454386 -0.013496855556103115 0.018074069307489039 0.0020884970023533973 0.0072546643070702356 0.012570324948828241 0.011826527922799819 0.0068866330683598487 -0.011610946022134241 0.013180498337541622 -0.012741809820811864 0.0083962992068808816 0.0037411206569331014
leaf_weight=81.822865083813667 3.0023359805345526 24.290699601173401 3.3287883549928656 113.57188957929611 8.0698658078908903 265.97985817492008 16.62988492846489 16.785722777247429 12.516739249229433 9.074116602540018 17.313315287232403 6.2903380542993528 8.1826954036951047 22.780399993062019 5.3643587827682486 2.8012536913156509 14.124310418963434 82.105222001671791 11.472654432058333 76.710189744830132 10.497411414980887 6.4309952557086936 2.1124004870653144
leaf_count=172 7 69 15 406 14 719 66 30 15 31 78 33 13 70 15 7 30 204 50 149 62 15 7
internal_value=0.00651064 0.00535098 0.00574334 0.00339212 0.000812802 0.00707785 0.00733987 0.011006 0.00801599 0.00600647 -0.00110807 0.00851419 0.00744047 0.00972921 -0.00765726 -0.00535518 0.00952917 0.0087377 0.0012827 0.00993296 -0.00586055 0.0171795 -0.00990128
internal_weight=821.258 464.269 448.657 162.718 121.642 285.939 282.61 41.0764 356.989 153.629 39.9345 113.695 17.2568 104.603 22.6777 9.09159 203.36 184.412 25.597 158.815 15.6121 18.9477 12.6098
internal_count=2277 1395 1319 519 420 800 785 99 882 419 137 282 44 242 93 40 463 433 80 353 76 30 69
is_linear=0
shrinkage=0.01


Tree=73
num_leaves=23
num_cat=0
split_feature=54 28 58 39 26 59 50 41 28 22 52 58 39 54 43 50 67 70 35 36 40 50
split_gain=14.0287 14.4417 21.7573 20.2332 16.939 16.541 16.2978 15.8072 25.5466 19.2052 14.9483 14.1489 25.3102 13.043 9.51693 9.11724 5.84232 9.35195 9.04178 5.69547 4.69713 1.23024
threshold=4.3018939495086679 -359.12499999999994 -364639.99999999994 -1.2180095911025999 0.082300014793872847 1.779335141181946 0.0066556087695062169 0.41503828763961798 -954.24999999999989 3366.640014648438 -0.0081968964077532274 16608.000000000004 0.77681398391723644 0.39139769971370703 291.30999755859381 0.0012554385466501119 4.8378646373748788 10782.570800781252 -2.0126076936721797 -0.90569972991943348 0.96846732497215282 0.0073193612042814502
decision_type=2 2 2 2 2 2 2 2 2 2 2 2 2 2 2 2 2 2 2 2 2 2
left_child=1 7 5 6 -5 -3 -4 11 9 -9 -10 13 -13 -1 15 20 17 -16 -19 -17 -2 -18
right_child=14 2 3 4 -6 -7 -8 8 10 -11 -12 12 -14 -15 16 19 21 18 -20 -21 -22 -23
leaf_value=0.0088228019656612314 -0.013472145326870544 -0.013208861573759846 -0.0067656903694046878 0.0064635673792319184 -0.00030593197178857264 0.015457444867393351 0.011850614706972169 -0.0094752801540742299 0.012198587126845961 0.0052228960153289207 -0.0036431492924350402 -0.00084173976795509653 0.011941664682055222 0.015784247842211312 -0.0021989692018259555 0.019361295396484061 0.013125798826618237 -0.014249758564774111 0.011915255846499138 0.0019126463692264982 0.0055482955266604522 0.019616521768670975
leaf_weight=66.747517645359039 3.8869168162345868 10.616033270955084 22.487335264682773 396.99842265248299 40.449185431003571 2.455038756132125 5.9196876138448706 17.721502065658569 34.273996949195862 17.759779840707779 7.09909963607788 30.068970292806625 31.645012930035591 46.469500616192818 5.5126790255308142 3.3267773538827896 6.2300419509410849 1.3181807845830906 55.701856896281242 4.6067299842834473 1.8608488738536832 9.2903015017509443
leaf_count=163 20 58 103 1105 151 4 15 81 73 53 26 99 68 84 17 5 10 6 104 16 6 10
internal_value=0.0064362 0.00597011 0.0049452 0.0053035 0.00583533 -0.00774819 -0.00285107 0.00791564 0.00411262 -0.00209008 0.00945618 0.00958075 0.00569699 0.0116889 0.0101379 0.00235221 0.0114898 0.0100875 0.0112928 0.00935548 -0.00714026 0.0170755
internal_weight=822.445 730.711 478.926 465.855 437.448 13.0711 28.407 251.785 76.8544 35.4813 41.3731 174.931 61.714 113.217 91.7343 13.6813 78.0531 62.5327 57.02 7.93351 5.74777 15.5203
internal_count=2277 2083 1436 1374 1256 62 118 647 233 134 99 414 167 247 194 47 147 127 110 21 26 20
is_linear=0
shrinkage=0.01


Tree=74
num_leaves=21
num_cat=0
split_feature=28 35 59 43 64 56 58 61 63 57 66 67 3 31 67 59 12 7 14 20
split_gain=13.8748 23.432 17.9199 15.7328 21.4684 13.8109 21.2158 21.4259 20.6127 19.6529 14.479 19.654 13.8397 12.1217 11.3431 11.1774 9.56065 8.91911 5.81593 1.49328
threshold=718.00000000000011 -1.610756993293762 1.450089752674103 8144.0351562500009 3.1737208366394047 1.6506541371345522 -364639.99999999994 190.20009613037112 2.5596957206726079 1.545713543891907 3.7475254535675053 2.1437386274337773 148577.50000000003 5.3401870727539071 1.888489902019501 1.6027408838272097 3717448.1250000005 1.0000000180025095e-35 5.3192501068115243 10440.005371093752
decision_type=2 2 2 2 2 2 2 2 2 2 2 2 2 2 2 2 2 2 2 2
left_child=5 -2 3 4 -3 6 15 8 -8 -9 11 13 -13 -7 -4 18 -5 -12 -1 -19
right_child=1 2 14 16 -6 10 7 9 -10 -11 17 12 -14 -15 -16 -17 -18 19 -20 -21
leaf_value=-0.013702830128409168 -0.014029363419828409 0.0059286661135734631 0.0079976993448078616 0.015534009134143583 -0.0086463469247730108 0.011648204880846285 0.0098671434028024061 0.00043003236981128094 0.0052918884398415727 0.023311373106117798 -0.013618910155999813 0.0045353186999138777 -0.014610972071033488 0.0033514781348471068 -0.013888396825119879 0.011671289846964196 0.0064948534386154435 0.021421002765988253 0.0048459433120780684 0.015243418291149873
leaf_weight=9.4732487648725492 7.3519308120012274 32.281558185815811 3.2797571867704383 16.939981937408447 14.684600844979284 109.2107562571764 176.10605140030384 75.218765825033188 226.98164733499289 3.9575862288475028 0.86568176746368664 48.948367968201637 4.0713218152523032 21.42133666574955 8.1245925575494748 2.8236196339130393 40.291683107614517 10.302532017230989 1.9680831432342518 9.2842302918434125
leaf_count=49 36 94 8 36 66 235 418 243 669 4 4 137 19 66 41 6 114 12 6 14
internal_value=0.00636296 0.0032492 0.00435672 0.00566473 0.0013503 0.00690796 0.00600189 0.0063584 0.00729326 0.00158637 0.00910729 0.00820799 0.00304624 0.0102953 -0.00750653 -0.00598094 0.00918782 0.0171336 -0.0104248 0.0185438
internal_weight=823.587 122.954 115.602 104.198 46.9662 700.633 496.529 482.264 403.088 79.1764 204.104 183.652 53.0197 130.632 11.4043 14.265 57.2317 20.4524 11.4413 19.5868
internal_count=2277 395 359 310 160 1882 1395 1334 1087 247 487 457 156 301 49 61 150 30 55 26
is_linear=0
shrinkage=0.01


Tree=75
num_leaves=22
num_cat=0
split_feature=29 62 59 36 35 57 9 24 2 60 58 22 10 34 30 72 21 72 72 8 40
split_gain=13.6202 25.4375 21.8278 20.6081 18.9926 16.8109 16.9401 16.38 15.5927 23.1716 12.6474 24.8312 17.0134 12.1013 13.9698 10.9531 10.9286 9.10498 6.30625 5.46875 4.78862
threshold=2.6411490440368657 3.0320051908493046 1.3411433696746828 2.208875417709351 -2.3190871477127071 0.93944630026817333 17984732.000000004 46.500000000000007 1038307.5000000001 0.0062468040268868217 82432.000000000015 98.720001220703139 -0.00042750500142574305 0.82659780979156505 2.2786921262741093 -2632169.8749999995 -223.49999999999997 -2535168.6249999995 -910848.71874999988 3.4315500259399419 0.45789420604705816
decision_type=2 2 2 2 2 2 2 2 2 2 2 2 2 2 2 2 2 2 2 2 2
left_child=8 2 5 4 20 6 -2 -6 10 13 15 -12 -13 14 -10 16 -1 -17 -5 -7 -3
right_child=1 3 -4 18 7 19 -8 -9 9 -11 11 12 -14 -15 -16 17 -18 -19 -20 -21 -22
leaf_value=-0.013965928751729416 -0.013820606798335942 -0.013775781802685044 0.013787866147464897 -0.01330532596005766 0.0069075462442178218 -0.014205614538640356 0.009716167651082519 -0.0086677698837252654 0.010184257751922195 -0.013744557809631313 -0.015073035053500375 0.00026084042058759701 0.0092233685402694811 -0.013519773537710394 -0.0073523004447414997 0.013966175824016594 0.01211197709215951 0.0086989853977503129 0.0070659798383951034 0.0015667959490981503 0.0032488911728831326
leaf_weight=4.0230112969875336 4.4606984108686438 5.8018400073051444 6.6743313521146765 7.2305257022380829 312.81521099060774 16.601375460624698 9.6424632370471937 6.844505012035369 25.938814178109173 7.8985583037137976 5.7855107933282843 32.149980142712593 63.422162160277367 3.0961254686117163 5.4390026628971091 38.46108466386795 2.6471744626760474 259.40589144825935 1.8542605042457561 2.4045958518981925 2.1897136121988297
leaf_count=20 22 29 13 39 872 80 25 29 61 41 26 103 151 16 23 75 5 626 6 8 7
internal_value=0.00629017 0.00488034 -0.00266448 0.00577469 0.00618843 -0.00601124 0.0022008 0.00657092 0.00747211 0.00166989 0.00807536 0.00499367 0.00621888 0.0052306 0.00711262 0.00909774 -0.00346656 0.00938245 -0.00903734 -0.0121575 -0.00898583
internal_weight=824.787 376.52 39.7835 336.736 327.651 33.1091 14.1032 319.66 448.267 42.3725 405.895 101.358 95.5721 34.4739 31.3778 304.537 6.67019 297.867 9.08479 19.006 7.99155
internal_count=2277 1130 148 982 937 135 47 901 1147 141 1006 280 254 100 84 726 25 701 45 88 36
is_linear=0
shrinkage=0.01


Tree=76
num_leaves=18
num_cat=0
split_feature=56 58 38 49 1 61 10 45 29 61 63 24 34 28 56 56 22
split_gain=13.3981 25.4018 24.3577 21.3407 18.4943 19.7811 17.5279 18.2195 17.5025 13.3899 32.2966 17.0616 17.0497 12.7396 12.5232 7.46411 5.6713
threshold=1.6506541371345522 -364639.99999999994 3.0136001110076909 -1.0121446251869199 1519164.0000000002 57.592523574829109 -0.0011824999819509683 -0.39931352436542505 2.6411490440368657 72.196708679199233 6.9879679679870614 12.500000000000002 -1.4370583891868589 211.56933593750003 5.0433580875396737 4.0896794795989999 20846.544921875004
decision_type=2 2 2 2 2 2 2 2 2 2 2 2 2 2 2 2 2
left_child=1 3 6 -1 9 -6 7 -3 -8 11 12 15 -11 -13 -12 -2 -4
right_child=4 2 16 -5 5 -7 8 -9 -10 10 14 13 -14 -15 -16 -17 -18
leaf_value=0.012585123680791562 0.02014901023083426 0.0081646010703168344 -0.01370070815705412 -0.013602440866035816 0.010425944304166698 -0.014066581728550961 0.0081606498709389068 -0.01077656769294482 0.004524885260749332 0.018821844217355745 -0.014289480737755284 -0.01506075826119929 0.0078855113465154808 0.014566373636945277 0.0082516141384632417 0.0087133077148822766 0.0045957895329752701
leaf_weight=4.1446173638105419 23.492516338825229 8.6045160144567507 7.8226055949926359 12.169472545385359 5.8711708635091764 7.4662426859140396 270.99888783693314 12.294570520520208 262.61546374857426 15.765387639403341 8.782763719558714 3.1337886750698081 166.66015887260437 2.6933040916919708 3.3656103014945975 8.0067387819290143 2.067720502614975
leaf_count=9 37 24 40 64 13 37 673 58 792 23 42 14 409 6 9 20 7
internal_value=0.00621836 0.00538565 0.0057422 -0.00688816 0.00818611 -0.00320992 0.00602076 -0.00293031 0.0063732 0.00884585 0.00778216 0.0143639 0.00883612 -0.00119537 -0.00796233 0.0172739 -0.00977444
internal_weight=825.956 580.718 564.404 16.3141 245.238 13.3374 554.513 20.8991 533.614 231.9 194.574 37.3263 182.426 5.82709 12.1484 31.4993 9.89033
internal_count=2277 1667 1594 73 610 50 1547 82 1465 560 483 77 432 20 51 57 47
is_linear=0
shrinkage=0.01


Tree=77
num_leaves=17
num_cat=0
split_feature=54 57 30 62 31 53 17 41 41 41 70 5 71 1 54 28
split_gain=13.4615 14.7378 14.3255 29.5008 26.5178 17.5036 16.6741 13.1981 8.94179 14.5451 13.8928 10.6864 7.58532 5.55558 3.4271 4.59031
threshold=4.3018939495086679 0.54489997029304515 7.903783082962037 10.858288764953615 3.2327225208282475 1.7788622975349428 2.5000000000000004 2.8820556402206425 1.2437162995338442 0.64479124546051036 28924.002929687504 6794.8999023437509 7978.2929687500009 543807.50000000012 5.92757272720337 -126.37499999999999
decision_type=2 2 2 2 2 2 2 2 2 2 2 2 2 2 2 2
left_child=1 13 5 6 -5 7 -4 -3 9 10 12 -12 -2 -1 -10 -16
right_child=8 2 3 4 -6 -7 -8 -9 14 -11 11 -13 -14 -15 15 -17
leaf_value=-0.013340499835329674 0.0055056759278292846 0.0065891858631614763 -0.011898031715172161 0.012532333231933186 -0.006576723065487634 -0.0137263268224029 0.0082206417029172807 -0.0033050487442335607 0.018768922570512596 -0.0084511438298195251 -0.015486176832864533 0.0099255147611827209 0.013609975975486941 0.0064961520731848903 0.0037927676595446505 0.015321925300069117
leaf_weight=5.5571574345231047 18.16632953286171 650.81259445846081 18.67219299077988 24.845568284392357 10.185321286320685 4.3247601836919776 5.224954053759574 13.630903646349905 11.807454615831375 5.0796738117933264 3.8049309551715842 2.8857233971357346 34.316571891307831 1.8169209808111189 5.5616056621074685 10.40195809304714
leaf_count=30 50 1768 89 61 42 22 15 50 14 19 17 6 59 6 14 15
internal_value=0.00614766 0.005693 0.00583635 0.00108907 0.00694778 0.00625315 -0.00745737 0.0063847 0.00976851 0.00768607 0.00908825 -0.00437648 0.0108238 -0.00831728 0.0145506 0.0113679
internal_weight=827.095 735.07 727.696 58.928 35.0309 668.768 23.8971 664.443 92.0242 64.2532 59.1736 6.69065 52.4829 7.37408 27.771 15.9636
internal_count=2277 2083 2047 207 103 1840 104 1818 194 151 132 23 109 36 43 29
is_linear=0
shrinkage=0.01


Tree=78
num_leaves=25
num_cat=0
split_feature=54 61 28 21 21 40 34 58 63 64 52 43 54 56 33 14 11 56 7 11 45 48 45 1
split_gain=13.2883 21.399 24.3465 19.1951 24.1232 19.0052 17.9524 17.7789 16.6882 23.7006 20.96 16.3246 17.0886 15.8546 14.7136 17.0299 14.2051 13.8867 12.9178 12.561 12.4762 11.7451 10.9554 4.01587
threshold=0.29366892576217657 190.20009613037112 467.90625000000006 -1243.4999999999998 -6747.9999999999991 -1.8717767000198362 1.4507862329483034 -89630.999999999985 6.9879679679870614 10.803615093231203 0.027157472446560863 74175.929687500015 -0.13497691601514814 0.15083384513854983 -1.4548804163932798 1.7150000333786013 22.215000152587894 -0.7110605239868163 1.7285684347152712 72.524997711181655 -0.42076173424720759 -0.59263187646865834 -0.45103651285171503 567008.00000000012
decision_type=2 2 2 2 2 2 2 2 2 2 2 2 2 2 2 2 2 2 2 2 2 2 2 2
left_child=1 2 11 4 6 20 -3 -7 14 21 13 16 -13 -11 15 -2 -1 23 -5 -6 -4 -10 -19 -16
right_child=8 3 5 18 19 7 -8 -9 9 10 -12 12 -14 -15 17 -17 -18 22 -20 -21 -22 -23 -24 -25
leaf_value=0.0041191082379459995 0.011758868357699702 -0.014985139792012707 0.023122605805449593 0.006237331712826491 0.0043477156984150665 0.0052059400313119166 0.014039813721174256 -0.0065691063209950794 0.0064883887850605984 0.012604735885098852 0.02290335943490995 0.004448540838516318 -0.010595062506866251 -0.014384783228599752 -0.014613029791178556 -0.014504813962258077 0.0095448679685688487 0.011645316501612194 -0.01465921544947359 0.020985420281832298 0.0033399669579403934 -0.014181280686968315 0.0075198193309697356 0.0025541795103679564
leaf_weight=67.80168528854847 4.1098573654890043 9.3197426646947843 5.1731403023004523 3.7422706931829479 15.95210698246956 20.027686238288879 2.7293711006641379 35.387433156371117 3.5987454056739798 4.2793900966644269 6.2608023732900611 46.079806342720985 9.0058017373085004 4.4174250662326813 3.2499427348375312 6.1129567921161652 174.10557463765144 85.251248300075531 13.135348349809645 6.4718414694070807 8.6915165930986387 10.922115206718447 280.22782422602177 2.1976794451475143
leaf_count=201 8 43 7 11 45 63 6 147 10 10 9 133 38 21 15 29 428 188 62 9 27 53 707 7
internal_value=0.00607763 0.0048147 0.00566276 -0.00121479 0.00304098 0.000309542 -0.0083274 -0.00229542 0.00735964 7.63528e-05 0.00894463 0.00690814 0.00197095 -0.000989227 0.00792031 -0.00384826 0.00802827 0.00824735 -0.00996658 0.00919417 0.0107933 -0.00898979 0.00848486 -0.00750387
internal_weight=828.251 417.623 366.273 51.3507 34.4731 69.2798 12.0491 55.4151 410.628 29.4785 14.9576 296.993 55.0856 8.69682 381.15 10.2228 241.907 370.927 16.8776 22.4239 13.8647 14.5209 365.479 5.44762
internal_count=2277 1220 1044 176 103 244 49 210 1057 103 40 800 171 31 954 37 629 917 73 54 34 63 895 22
is_linear=0
shrinkage=0.01


Tree=79
num_leaves=22
num_cat=0
split_feature=54 28 58 39 27 50 34 22 31 31 51 39 56 39 43 56 69 67 71 67 50
split_gain=13.0751 13.632 20.4696 19.4083 16.5976 15.7175 15.2488 23.8288 25.0148 15.8429 15.6392 15.8916 12.3069 11.7665 9.18625 9.87455 5.94795 5.75684 8.46338 9.4628 1.18162
threshold=4.3018939495086679 -359.12499999999994 -364639.99999999994 -1.2180095911025999 -1137247.9999999998 0.0066556087695062169 -0.86807811260223378 8810.9897460937518 6.6544561386108407 5.6885704994201669 -0.036444121971726411 0.36931705474853521 3.1755390167236333 2.6733747720718388 291.30999755859381 4.0896794795989999 86.61075592041017 4.8378646373748788 5351.9555664062509 2.034328937530518 0.0073193612042814502
decision_type=2 2 2 2 2 2 2 2 2 2 2 2 2 2 2 2 2 2 2 2 2
left_child=1 6 13 5 -5 -4 7 9 -9 -1 12 -12 -8 -3 15 -2 -17 18 -16 -20 -19
right_child=14 2 3 4 -6 -7 10 8 -10 -11 11 -13 -14 -15 17 16 -18 20 19 -21 -22
leaf_value=0.0085296840627812742 -0.012605728062994937 -0.013213849347405151 -0.0068855623034410982 -0.014867144258860441 0.005617949502612885 0.01130395924215194 -0.015374472731352569 -0.012219722129971704 0.01288310555897485 -6.5934361405549038e-05 0.0065603600879950595 0.015660818054255711 0.012059000508315706 0.0088025779599376092 -0.0052195987821273037 -0.00013752869677636175 0.01485462480121943 0.012574155413836273 0.01326296277813338 0.0046904466833932309 0.018936550462986181
leaf_weight=121.2864044457674 3.4429805278778067 9.8377324640750867 22.623816788196567 3.9649114459753028 437.57763010263443 5.9835225641727439 3.8911886364221564 13.519957795739176 5.5888479948043814 25.767883062362671 32.437137871980667 48.760396152734756 2.7903855890035629 3.1660615801811209 3.5840769559144965 5.4296818077564222 4.9320412427186966 6.2329595834016791 39.530607581138611 19.7277562469244 9.288463890552519
leaf_count=297 20 54 103 18 1238 15 17 58 12 84 87 86 6 8 12 19 8 10 67 48 10
internal_value=0.00600876 0.00556156 0.00457013 0.00491376 0.00543174 -0.00304608 0.00744317 0.00564883 -0.00482544 0.0070167 0.0108245 0.0120376 -0.00376793 -0.00777656 0.00957483 0.00196423 0.00690203 0.0109028 0.00951773 0.010426 0.016446
internal_weight=829.364 737.196 483.154 470.15 441.543 28.6073 254.042 166.163 19.1088 147.054 87.8791 81.1975 6.68157 13.0038 92.1686 13.8047 10.3617 78.3639 62.8424 59.2584 15.5214
internal_count=2277 2083 1436 1374 1256 118 647 451 70 381 196 173 23 62 194 47 27 147 127 115 20
is_linear=0
shrinkage=0.01


Tree=80
num_leaves=21
num_cat=0
split_feature=28 35 2 52 54 50 2 45 11 59 10 15 41 47 15 58 55 7 46 50
split_gain=12.9875 22.5756 17.8534 17.4537 14.5885 18.6872 20.0446 17.3996 16.9618 16.512 25.4275 20.7201 13.954 11.9314 9.01922 9.06249 8.74957 5.71901 5.57768 1.03178
threshold=718.00000000000011 -1.610756993293762 1134139.0000000002 0.045435911044478423 1.897873103618622 0.0056232954375445851 1632795.5000000002 -0.62686693668365467 73.104999542236342 1.0999508500099184 -0.0011035000206902621 1.0049999952316286 -0.17590499669313428 -1.3672739863395689 3.3149999380111699 55516.000000000007 -0.55074307322502125 3.0356838703155522 0.70563215017318737 0.0078126576263457554
decision_type=2 2 2 2 2 2 2 2 2 2 2 2 2 2 2 2 2 2 2 2
left_child=4 -2 3 12 7 6 8 13 -6 10 -9 -11 -3 -1 15 -7 -15 -4 -5 -16
right_child=1 2 17 18 5 14 -8 9 -10 11 -12 -13 -14 16 19 -17 -18 -19 -20 -21
leaf_value=-0.015246856249106334 -0.014035664752125383 0.0070870089275709173 -0.013615536437262965 0.010557175291686484 0.0085408771235192648 0.015309777786481231 -0.014125133163200881 -0.010646663765040894 -0.014613188212108212 -0.014813009747616011 0.0044246121538544835 0.0080211836384634985 -0.00057889725157404771 0.022488072586865058 0.023338326386940247 0.0037727884998532651 0.010620680214193696 0.0055128242449723345 0.025296585547175614 0.017554387568594027
leaf_weight=1.4011092782020593 7.3441488146781913 54.902665704488754 7.1171367615461332 6.250030502676962 95.138412773609161 18.867306634783748 4.3366165310144416 11.570859104394911 3.2416871190071097 4.0264346301555625 314.49352181702852 194.92147848010063 41.442584916949272 9.234850615262987 8.0178090482950228 11.065648734569548 21.010440275073051 1.918415233492851 4.8288564085960388 9.2542857527732831
leaf_count=6 36 149 37 17 224 28 21 54 15 19 915 491 145 11 9 28 47 6 5 14
internal_value=0.00594133 0.00293879 0.00401781 0.00515937 0.006466 0.0092456 0.00683374 0.00571559 0.00776777 0.00527831 0.00388672 0.00755402 0.00377917 0.0129385 0.0144726 0.0110782 0.0142772 -0.00944356 0.0170718 0.0202972
internal_weight=830.384 123.804 116.46 107.424 706.58 149.922 102.717 556.659 98.3801 525.012 326.064 198.948 96.3453 31.6464 47.2051 29.933 30.2453 9.03555 11.0789 17.2721
internal_count=2277 395 359 316 1882 339 260 1543 239 1479 969 510 294 64 79 56 58 43 22 23
is_linear=0
shrinkage=0.01


Tree=81
num_leaves=17
num_cat=0
split_feature=15 14 25 40 66 71 39 2 56 61 11 70 71 67 38 27
split_gain=12.9657 19.8344 13.5571 13.3222 14.3507 13.7299 10.3727 10.8344 10.0693 12.3623 9.02371 13.8032 12.6186 11.0835 13.717 10.8293
threshold=2.2150000333786015 2.3249999284744267 1331.5000000000002 2.5763770341873173 1.8861186504364016 119975.71093750001 0.77681398391723644 334009.50000000006 -0.89858266711235035 114.68973922729494 75.455001831054702 40349.744140625007 17422.499023437504 3.9674335718154912 2.2518734931945805 424032.00000000006
decision_type=2 2 2 2 2 2 2 2 2 2 2 2 2 2 2 2
left_child=8 6 3 5 -5 -3 -2 -8 9 -1 13 12 -12 14 -10 -15
right_child=1 2 -4 4 -6 -7 7 -9 10 -11 11 -13 -14 15 -16 -17
leaf_value=0.0080914984274302708 -0.01291774904315292 0.0053985546924756479 -0.013254004078437949 0.0079525071080104107 -0.013531158801395011 0.020201520866925993 0.013759913546997602 -0.012729400933432033 0.0078372343915021399 -0.014706755255722997 -0.0040244195560031198 -0.013292535959278358 0.013378516134990007 0.014804023616268525 -0.0013246530009142308 -0.00013851669026629398
leaf_weight=4.914786756038664 9.3969678431749326 431.63213911652565 3.932621866464614 5.2146702855825406 7.5763841867446899 6.4108033478260031 3.9920556694269171 2.4915054887533188 270.54852338135242 4.5680313855409622 7.3692170679569307 4.9694215059280387 9.3897645175456983 36.378782570362091 17.195395931601524 5.4435769617557517
leaf_count=12 54 1236 21 15 39 8 8 14 637 21 29 27 19 58 60 19
internal_value=0.00587452 0.00477503 0.00515985 0.00532269 -0.0046945 0.00561748 -0.00618195 0.00342635 0.00730608 -0.00278535 0.00758133 0.00128441 0.00566647 0.00799345 0.00728625 0.0128352
internal_weight=831.425 470.647 454.767 450.834 12.7911 438.043 15.8805 6.48356 360.778 9.48282 351.295 21.7284 16.759 329.566 287.744 41.8224
internal_count=2277 1395 1319 1298 54 1244 76 22 882 33 849 75 48 774 697 77
is_linear=0
shrinkage=0.01


Tree=82
num_leaves=17
num_cat=0
split_feature=15 14 53 61 0 51 56 17 39 43 56 61 65 72 10 39
split_gain=12.6951 19.4288 13.6107 29.4807 28.5676 15.7078 15.1575 12.0009 10.2478 10.7045 9.84504 12.1601 9.18337 14.6518 12.7539 9.9335
threshold=2.2150000333786015 2.3249999284744267 -0.16971824318170545 72.196708679199233 12492.000000000002 -0.04163797385990619 -1.075711131095886 1.0000000180025095e-35 0.77681398391723644 8144.0351562500009 -0.89858266711235035 114.68973922729494 -2.5134012699127193 -2632169.8749999995 -0.00090899999486282457 -0.7670612335205077
decision_type=2 2 2 2 2 2 2 2 2 2 2 2 2 2 2 2
left_child=10 8 3 7 -5 -4 -7 -3 -2 -10 11 -1 -12 15 -15 -14
right_child=1 2 5 4 -6 6 -8 -9 9 -11 12 -13 13 14 -16 -17
leaf_value=0.0079961412384110149 -0.012878770314093423 0.0064062713889276261 -0.015020820291452328 0.020573524705394135 -0.00080446785805721253 0.015996057658613838 0.0060877401394513484 0.018078975880955583 0.013644527066126179 -0.012709297847164678 0.015838011881971561 -0.014634838219582655 0.0077113965274920428 0.001512379056982533 0.0081596012465488515 -0.014326027942176798
leaf_weight=4.9236184954643232 9.3314828574657422 28.832758530974388 3.3524681329727164 6.602718010544776 116.78624488413334 16.527282953262329 270.30996282398701 12.989901944994925 3.9965271949768058 2.4824188053607941 12.911833152174948 4.5446913838386536 3.2935279905796051 32.378607466816902 297.89970831573009 5.2354036271572095
leaf_count=12 54 77 15 10 410 32 753 22 8 14 19 21 9 104 692 25
internal_value=0.00580888 0.00472153 0.00510107 0.00279911 0.000331394 0.00640819 0.00666213 0.0100557 -0.00614766 0.00339267 0.00722468 -0.00276088 0.00749634 0.00717549 0.00751097 -0.00569882
internal_weight=832.399 471.212 455.401 165.212 123.389 290.19 286.837 41.8227 15.8104 6.47895 361.187 9.46831 351.719 338.807 330.278 8.52893
internal_count=2277 1395 1319 519 420 800 785 99 76 22 882 33 849 830 796 34
is_linear=0
shrinkage=0.01


Tree=83
num_leaves=24
num_cat=0
split_feature=54 59 38 21 38 45 53 53 28 6 63 64 52 56 33 50 56 14 70 35 69 43 26
split_gain=12.6107 19.6731 22.9339 22.8865 21.3872 26.1828 18.016 19.1169 17.758 30.4764 16.0905 23.0718 20.1049 15.4172 14.176 17.2694 23.7915 16.4256 13.1424 12.8065 12.1633 10.7856 10.0282
threshold=0.29366892576217657 1.1172108054161074 0.83852612972259533 -16793.499999999996 1.0000000180025095e-35 -0.49575972557067866 -0.12685070186853406 0.091117430478334441 24.937500000000004 -1017739359.9999999 6.9879679679870614 10.803615093231203 0.027157472446560863 0.15083384513854983 -1.4548804163932798 -0.012258646078407763 -0.64211902022361744 1.7150000333786013 33428.554687500007 -2.0126076936721797 98.346565246582045 158316.29687500003 0.009285707492381336
decision_type=2 2 2 2 2 2 2 2 2 2 2 2 2 2 2 2 2 2 2 2 2 2 2
left_child=1 2 4 -3 5 -1 22 -8 21 -10 14 20 13 -13 17 19 -17 -2 -6 -16 -12 -5 -4
right_child=10 3 6 8 18 -7 7 -9 9 -11 11 12 -14 -15 15 16 -18 -19 -20 -21 -22 -23 -24
leaf_value=0.011877105702119141 0.011259452239266733 -0.014833903828762412 -0.0017808118686452681 0.011526122529804603 0.014380662388717418 0.00090450702094510799 0.0091842204628717981 -0.0026125584757565189 0.0093130436137667909 -0.0050120743404706005 -0.014186688251635467 0.012146688510957973 0.022129952345067094 -0.014402302363195769 0.0036568591122947774 -0.014604593170074736 0.0075025261640084898 -0.014503371162753673 -0.0048664336040758665 0.018316207399717843 0.0071755469451281126 0.00034749729811142156 -0.014580441352134422
leaf_weight=27.297930166125298 4.1283381134271604 4.5540455281734458 11.756414145231249 89.934120371937752 29.461377948522568 108.20671252906322 21.071661546826363 39.287263259291649 37.195574522018433 24.625616952776909 11.135826095938684 4.3185141235589963 6.3385854810476294 4.4179594367742538 8.057130813598631 4.9095752984285346 335.15604822337627 6.1028536409139633 3.9492092430591574 25.057935386896133 3.4353653341531745 9.7521974146366102 13.234258398413656
leaf_count=59 8 21 40 194 61 347 53 146 94 97 54 10 9 21 23 23 834 29 15 37 9 30 63
internal_value=0.00574396 0.00451778 0.00276302 0.00719856 0.0048992 0.00312236 -0.00145297 0.0014892 0.00782601 0.00359066 0.0069893 -7.52343e-05 0.00856378 -0.00116444 0.00753815 0.00785744 0.00718042 -0.0040102 0.0120757 0.0147797 -0.00908161 0.0104426 -0.0085991
internal_weight=833.385 420.326 254.265 166.062 168.915 135.505 85.3496 60.3589 161.508 61.8212 413.058 29.6463 15.0751 8.73647 383.412 373.181 340.066 10.2312 33.4106 33.1151 14.5712 99.6863 24.9907
internal_count=2277 1220 784 436 482 406 302 199 415 191 1057 103 40 31 954 917 857 37 76 60 63 224 103
is_linear=0
shrinkage=0.01


Tree=84
num_leaves=23
num_cat=0
split_feature=28 34 2 36 54 54 50 2 45 11 59 10 15 13 46 55 43 15 58 24 43 50
split_gain=12.4066 19.9971 17.7501 18.4488 16.4153 14.0496 18.1521 19.3863 16.6484 16.4796 15.6688 24.5847 20.1968 14.0456 12.4307 11.5408 10.6645 8.80569 8.86259 7.58597 6.15409 0.979644
threshold=718.00000000000011 0.69587054848670971 1134139.0000000002 2.0923870801925664 -0.060106487944722169 1.897873103618622 0.0056232954375445851 1632795.5000000002 -0.62686693668365467 73.104999542236342 1.0999508500099184 -0.0011035000206902621 1.0049999952316286 6497451.0000000009 1.781312942504883 0.31969968974590307 537.66000366210949 3.3149999380111699 55516.000000000007 3.5000000000000004 158316.29687500003 0.0078126576263457554
decision_type=2 2 2 2 2 2 2 2 2 2 2 2 2 2 2 2 2 2 2 2 2 2
left_child=5 14 3 13 -5 8 7 9 15 -7 11 -10 -12 -3 -2 19 -17 18 -8 -1 -4 -19
right_child=1 2 20 4 -6 6 17 -9 10 -11 12 -13 -14 -15 -16 16 -18 21 -20 -21 -22 -23
leaf_value=0.021119219776526678 -0.014524136386181939 0.0029716365092610757 -0.013590054726002092 -0.013706356577077541 0.0033176433145459001 0.0082149710787227694 0.014884174478549322 -0.014103093357624082 -0.010629239353247763 -0.014611481040522968 -0.014836789553067321 0.0042032347194356614 0.0076989595415241328 0.011736737621520497 0.0074037715702951444 0.010349821388891609 -0.015319418949795801 0.022752550665854136 0.0034893534025406919 0.0098297961528120131 0.0066296958386331921 0.017112365949118562
leaf_weight=12.831746801733976 9.8922155201435071 33.027336165308952 7.1028511673212034 8.0506646633148211 18.970416083931923 95.555313855409622 18.898049220442775 4.3240217715501776 11.548475876450537 3.2404282242059699 4.029455140233039 316.0044985935092 196.08265317976475 41.993945151567459 3.4328909367322913 4.5222461819648734 2.5124767124652863 8.0737528651952761 11.093800008296965 11.989688664674757 1.8367680758237837 9.3006992489099485
leaf_count=17 47 102 37 41 59 224 28 21 54 15 19 915 491 94 9 10 11 9 28 26 6 14
internal_value=0.00568012 0.00275124 0.00414714 0.00533709 -0.00171748 0.0061915 0.00891446 0.00654244 0.00545735 0.00745616 0.00503035 0.00367724 0.00724018 0.00789132 -0.0087999 0.0124989 0.00103981 0.0140574 0.0107026 0.0157063 -0.00932377 0.0197909
internal_weight=834.314 124.307 110.982 102.042 27.0211 710.007 150.486 103.12 559.521 98.7957 527.665 327.553 200.112 75.0213 13.3251 31.8562 7.03472 47.3663 29.9918 24.8214 8.93962 17.3745
internal_count=2277 395 339 296 100 1882 339 260 1543 239 1479 969 510 196 56 64 21 79 56 43 43 23
is_linear=0
shrinkage=0.01


Tree=85
num_leaves=22
num_cat=0
split_feature=29 62 59 36 35 57 9 24 2 60 11 41 58 22 10 14 3 60 5 8 8
split_gain=12.5139 24.2647 20.6877 18.9886 17.8305 16.3506 16.2661 15.6124 14.2095 21.9535 12.8282 13.4556 11.9878 23.9546 16.0836 9.48436 18.8115 11.1935 6.03207 5.28672 4.61237
threshold=2.6411490440368657 3.0320051908493046 1.3411433696746828 2.208875417709351 -2.3190871477127071 0.93944630026817333 17984732.000000004 46.500000000000007 1038307.5000000001 0.0062468040268868217 69.954998016357436 0.41503828763961798 82432.000000000015 98.720001220703139 -0.00042750500142574305 2.5007499456405644 -9843.4999999999982 -0.0094621288590133173 29753.120117187504 3.4315500259399419 3.4315500259399419
decision_type=2 2 2 2 2 2 2 2 2 2 2 2 2 2 2 2 2 2 2 2 2
left_child=8 2 5 4 20 6 -2 -6 12 10 11 -10 15 -14 -15 17 -17 -1 -5 -7 -3
right_child=1 3 -4 18 7 19 -8 -9 9 -11 -12 -13 13 14 -16 16 -18 -19 -20 -21 -22
leaf_value=0.01502369094651386 -0.013906017014833166 -0.013828110454150409 0.012848563626746258 -0.013289574857516764 0.0062266682801344411 -0.0143284756969514 0.0090515831152707081 -0.0089026080611408348 0.01177614458208053 -0.013794039532315795 -0.013508252408578817 -0.0017075447075708215 -0.015272126928516162 -0.00017740327999058193 0.0084293840592150667 0.0033301014719732853 0.02064574828880688 0.0071958027127202659 0.0064767052994556895 0.0010491657928346336 0.0027635611908137202
leaf_weight=19.933221593499184 4.4948928654193869 5.8243637531995756 6.7664804160594931 7.2042883634567243 317.56192419677973 16.77363915741444 9.7791821509599668 6.9166454821825019 19.606481477618221 7.8986047506332389 3.4613410979509345 11.698837041854857 5.8494004607200614 32.458493962883949 64.235039606690407 10.346764504909517 16.556140974164009 261.29773762822151 1.8899284303188322 2.4414294362068167 2.2227336019277573
leaf_count=34 22 29 13 39 872 80 25 29 41 41 18 41 26 103 151 29 25 638 6 8 7
internal_value=0.00561723 0.00427639 -0.00305122 0.00514279 0.00553455 -0.00629363 0.0017522 0.00590109 0.00674449 0.00122353 0.00466412 0.00670533 0.00731563 0.00433351 0.00552988 0.00830479 0.0140234 0.00775419 -0.00907186 -0.0123226 -0.00912096
internal_weight=835.218 381.876 40.2556 341.62 332.526 33.4891 14.2741 324.479 453.342 42.6653 34.7667 31.3053 410.677 102.543 96.6935 308.134 26.9029 281.231 9.09422 19.2151 8.0471
internal_count=2277 1130 148 982 937 135 47 901 1147 141 100 82 1006 280 254 726 54 672 45 88 36
is_linear=0
shrinkage=0.01


Tree=86
num_leaves=22
num_cat=0
split_feature=29 29 36 24 68 67 2 60 61 60 11 37 39 27 3 37 34 31 72 61 61
split_gain=12.2389 23.2855 18.5905 17.243 16.9108 24.5708 13.8698 21.6043 13.7521 13.6282 12.5998 13.4421 11.8174 17.8298 18.9107 13.7769 10.6353 8.63493 6.15175 5.33074 5.27435
threshold=2.6411490440368657 3.0422816276550297 2.208875417709351 46.500000000000007 33.333324432373054 2.1437386274337773 1038307.5000000001 0.0062468040268868217 190.20009613037112 0.0071200565434992322 69.954998016357436 -2.1543154716491695 2.2286723852157597 -177343.99999999997 -188279.49999999997 0.82000273466110241 -0.29751498997211451 -2.6377724409103389 -910848.71874999988 170.82778930664065 69.554519653320327
decision_type=2 2 2 2 2 2 2 2 2 2 2 2 2 2 2 2 2 2 2 2 2
left_child=6 4 3 8 -2 16 12 10 -3 -7 11 -8 13 14 -1 -15 -6 -14 -4 -5 -19
right_child=1 2 18 19 5 9 7 -9 -10 -11 -12 -13 17 15 -16 -17 -18 20 -20 -21 -22
leaf_value=0.011489677899105937 -0.014261290781711811 0.0063211152541284982 -0.013272016397901026 -0.014736227472919307 0.015461777513638744 -0.014264083648838745 -0.00087945816327974634 -0.013741420193127716 -0.0024490478676408361 0.008641440677573645 -0.013456830347148728 0.012293056780419 0.0024685560152845521 0.009787918522704657 0 0.0054250672834049666 -0.0013547918903075258 0.0076690215456924529 0.0068029227981125763 0.0035450117160391141 0.01841959619998906
leaf_weight=18.512134894728661 9.9629917293786985 306.66413683444262 7.1854309141635895 5.4166712611913672 10.158521398901938 10.86202812194824 13.397074237465857 7.8498066514730445 18.815976694226265 3.3560655564069739 3.439929485321044 17.943707853555683 6.3202033042907741 166.8739404976368 63.630490303039551 130.4212834239006 5.807056829333308 6.4858669042587307 1.8661763817071895 2.1485148966312408 19.000558689236641
leaf_count=39 48 838 39 25 19 52 45 41 67 9 18 37 18 363 194 351 20 15 6 7 26
internal_value=0.00555499 0.00422946 0.00507606 0.00546224 -0.00295963 0.000737677 0.00666912 0.0012114 0.00581104 -0.00878709 0.00461492 0.00663037 0.00723244 0.00673622 0.00259409 0.00787733 0.00928256 0.0131207 -0.00902267 -0.00941217 0.015723
internal_weight=836.119 382.244 342.097 333.045 40.1467 30.1837 453.875 42.6305 325.48 14.2181 34.7807 31.3408 411.244 379.438 82.1426 297.295 15.9656 31.8066 9.05161 7.56519 25.4864
internal_count=2277 1130 982 937 148 100 1147 141 905 61 100 82 1006 947 233 714 39 59 45 32 41
is_linear=0
shrinkage=0.01


Tree=87
num_leaves=22
num_cat=0
split_feature=54 66 1 27 20 43 72 11 11 2 18 45 54 43 50 67 70 22 30 34 40
split_gain=12.1618 12.7194 23.8491 22.334 30.7577 20.9757 17.6093 34.6889 17.0077 16.43 18.8585 12.7344 12.1356 8.9979 8.49699 5.6734 7.64651 11.1342 7.41366 5.30153 3.89198
threshold=4.3018939495086679 1.6205830574035647 40905.000000000007 -177343.99999999997 5440.1198730468759 92432.710937500015 -897144.56249999988 28.530000686645511 32.844999313354499 1038307.5000000001 548.50000000000011 -0.44164073467254633 -0.50593465566635121 291.30999755859381 0.0012554385466501119 5.0845947265625009 10782.570800781252 4836.2150878906259 4.1905767917633066 -0.73784729838371266 0.52563524246215831
decision_type=2 2 2 2 2 2 2 2 2 2 2 2 2 2 2 2 2 2 2 2 2
left_child=1 3 -3 4 8 -6 7 -5 -1 10 -4 -8 -11 14 20 16 17 -15 -18 -16 -2
right_child=13 2 9 6 5 -7 11 -9 -10 12 -12 -13 -14 15 19 -17 18 -19 -20 -21 -22
leaf_value=0.008409784627401445 -0.013712990058112856 -0.014852467606403732 0.000587379389467092 -0.0054909608746546044 -0.0070979188476088155 0.0049534730008364801 0.017820399126976531 0.0090003342720761555 0.0012491879391877301 0.0049025767665163943 0.0061040633938143863 0.0092890536144731271 -0.010755428191163534 0.0094977049376598326 0.017682432758777757 0.016762069372650148 0.0086507679939255514 -0.016120561519370632 0.018292913287392118 0.001023490734671235 0.0029789502163228621
leaf_weight=116.89438480138779 3.7889322787523261 6.8182563185691825 85.978021398186684 20.321895122528076 34.395225793123245 24.81320384144783 28.963309943675995 86.594702750444412 46.796950280666351 8.0510791838169116 225.78250451385975 46.463572070002556 12.598805159330366 4.2277114391326895 3.3970955163240433 11.722929984331129 49.993009299039841 2.8276826739311218 9.8009231239557248 4.681667745113371 2.0767391920089722
leaf_count=291 19 32 282 75 133 68 44 208 143 26 616 104 61 8 5 14 101 12 12 16 7
internal_value=0.00549367 0.00506563 0.00362997 0.00626495 0.00413321 -0.0020305 0.00886533 0.00623659 0.00636878 0.00401208 0.00458587 0.0125783 -0.00460218 0.00892731 0.00144068 0.0102433 0.00908513 -0.000627928 0.010248 0.00815231 -0.00763273
internal_weight=836.989 744.472 339.229 405.243 222.9 59.2084 182.343 106.917 163.691 332.41 311.761 75.4269 20.6499 92.5167 13.9444 78.5723 66.8493 7.05539 59.7939 8.07876 5.86567
internal_count=2277 2083 1017 1066 635 201 431 283 434 985 898 148 87 194 47 147 133 20 113 21 26
is_linear=0
shrinkage=0.01


Tree=88
num_leaves=17
num_cat=0
split_feature=56 58 38 49 1 61 42 45 29 61 63 53 66 24 56 20
split_gain=12.0531 23.598 22.2453 20.214 16.833 18.2271 15.9762 16.9588 15.8174 12.3455 29.5589 19.4613 12.0513 11.8534 11.8526 6.32711
threshold=1.6506541371345522 -364639.99999999994 3.0136001110076909 -1.0121446251869199 1519164.0000000002 57.592523574829109 -0.0011824999819509683 -0.39931352436542505 2.6411490440368657 72.196708679199233 6.9879679679870614 -1.6625156998634336 3.7475254535675053 10.500000000000002 5.0433580875396737 24850.450195312504
decision_type=2 2 2 2 2 2 2 2 2 2 2 2 2 2 2 2
left_child=1 3 6 -1 9 -6 7 -3 -8 11 12 -2 -11 -13 -12 -4
right_child=4 2 15 -5 5 -7 8 -9 -10 10 14 13 -14 -15 -16 -17
leaf_value=0.011689678124514685 -0.014076475313565991 0.0073018442684485065 -0.013748393291948607 -0.013670428313825455 0.0094125371992635105 -0.01405801810153052 0.0072725003192350285 -0.010860005174925991 0.0038435975704923689 0.0068938383770407261 -0.0143208892150508 0.01812969995423663 0.014553986509204949 0.0041006592745389727 0.0075020353870004089 0.0063355035754493472
leaf_weight=4.1889798790216473 2.419986978173255 8.7683881819248217 8.0173586308956128 12.237521603703497 5.9188974648714048 7.4361390024423599 275.0087508559227 12.313343927264212 267.03395353257656 160.85690462589264 8.7909960299730283 27.695364952087402 23.898134276270866 7.9471822828054419 3.4050805717706671 1.8748993724584568
leaf_count=9 12 24 41 64 13 37 673 58 792 394 42 43 38 22 9 6
internal_value=0.00543343 0.00465016 0.00498995 -0.00714238 0.00728832 -0.00358109 0.00525226 -0.00325863 0.00558512 0.00791025 0.00689199 0.0131529 0.00789009 0.0150297 -0.00814605 -0.00984076
internal_weight=837.812 589.443 573.017 16.4265 248.369 13.355 563.124 21.0817 542.043 235.014 196.951 38.0625 184.755 35.6425 12.1961 9.89226
internal_count=2277 1667 1594 73 610 50 1547 82 1465 560 483 77 432 65 51 47
is_linear=0
shrinkage=0.01


Tree=89
num_leaves=22
num_cat=0
split_feature=54 21 50 6 55 18 14 64 64 52 56 24 53 18 4 33 50 56 14 35 69
split_gain=11.9265 18.1445 18.4908 25.1884 19.4465 18.2826 16.8789 15.1505 22.2653 19.2874 14.8512 14.6826 13.9019 15.5546 15.3235 13.5208 17.3829 22.8808 15.7752 12.6673 11.6987
threshold=0.29366892576217657 -8641.9999999999982 0.0039920886047184476 -23363110.999999996 1.172126352787018 8015.5000000000009 3.4250000715255742 7.0188982486724862 10.803615093231203 0.027157472446560863 0.15083384513854983 6.5000000000000009 -0.13869924098253247 43070.000000000007 869.85000610351574 -1.4548804163932798 -0.012258646078407763 -0.64211902022361744 1.7150000333786013 -2.0126076936721797 98.346565246582045
decision_type=2 2 2 2 2 2 2 2 2 2 2 2 2 2 2 2 2 2 2 2 2
left_child=1 6 5 4 -4 11 12 15 20 10 -10 -3 14 -14 -1 18 19 -18 -2 -17 -9
right_child=7 2 3 -5 -6 -7 -8 8 9 -11 -12 -13 13 -15 -16 16 17 -19 -20 -21 -22
leaf_value=0.010501905072050056 0.010734105608692993 0.008110592523648907 -0.0014250407684714109 0.020251686535355709 0.017071645562130856 0.019446187405005193 0.01824775906673164 -0.014245150337404793 0.011577632517742017 0.021347145388130522 -0.014412158044240094 0.0034749534910832672 -0.013015992283597889 0.012277625542777738 -0.015117769754560731 0.0033336206894090331 -0.014621012599073143 0.0070606012000766806 -0.014492770796406571 0.017889713602644745 0.0066535383412547498
leaf_weight=8.9271279424428922 4.1461898535490018 128.48859703540802 87.136326834559441 6.426489144563674 6.0792132169008246 9.9900492429733259 3.519471824169158 11.017207205295565 4.3659819364547712 6.4115087985992423 4.4119434803724289 148.33137063682079 18.343246400356296 2.7626446038484564 3.1401685923337928 8.0893418937921506 4.9089549779891959 337.50705681741238 6.0827366411685944 25.037211149930954 3.4656871855258933
leaf_count=20 8 320 303 8 11 14 6 53 10 9 21 437 81 6 14 23 23 836 29 36 9
internal_value=0.00537409 0.00418593 0.00482489 0.00110151 -0.000208019 0.00611496 -0.00251644 0.00658188 -0.000271403 0.00815235 -0.00137138 0.00563024 -0.00474954 -0.00965782 0.00375225 0.0071116 0.00742154 0.00674685 -0.00416955 0.0143654 -0.00917515
internal_weight=838.589 423.145 386.452 99.642 93.2155 286.81 36.6927 415.444 29.6723 15.1894 8.77793 276.82 33.1732 21.1059 12.0673 385.771 375.543 342.416 10.2289 33.1266 14.4829
internal_count=2277 1220 1093 322 314 771 127 1057 102 40 31 757 121 87 34 955 918 859 37 59 62
is_linear=0
shrinkage=0.01


Tree=90
num_leaves=21
num_cat=0
split_feature=54 59 29 42 55 50 69 28 41 69 3 41 41 35 28 56 5 42 54 28
split_gain=11.7471 12.6746 23.6295 20.4987 22.7358 19.4865 18.4428 16.9019 28.3112 15.7677 15.3994 8.86073 14.0564 19.7205 20.2985 7.86119 5.75762 8.56019 3.26726 4.39857
threshold=4.3018939495086679 1.1464865207672121 0.99073079228401195 -0.0011035000206902621 0.64445883035659801 -0.0071258812677115193 8.108103275299074 306.96875000000006 -1.9972829222679136 95.23804092407228 -9843.4999999999982 1.2437162995338442 -1.0854911804199217 -1.3250863552093504 657.18750000000011 1.8224115371704104 1164.3649902343752 -0.00034749999758787448 5.92757272720337 -126.37499999999999
decision_type=2 2 2 2 2 2 2 2 2 2 2 2 2 2 2 2 2 2 2 2
left_child=1 3 -3 4 -1 6 -5 9 -9 -4 -7 12 16 -14 -15 -6 17 -2 -13 -20
right_child=11 2 7 5 15 10 -8 8 -10 -11 -12 18 13 14 -16 -17 -18 -19 19 -21
leaf_value=-0.014110350502131962 -0.0014734783322999129 -0.015152097049849815 0.0071575563612181793 0.010667040643855734 -0.0020503436565383459 0.00053433554299924999 0.0016562091235386544 -0.014044814641707433 0.0053047562162840253 0.014363964915465675 0.0048261812810176628 0.017549656446631767 -0.014572345061119886 0.0084793738506049893 -0.015077758847172643 0.019154977917140999 0.01847390168545222 0.015489081947623775 0.0029601623225882757 0.014219486206214878
leaf_weight=12.580402910709383 5.1200412213802338 4.8290634006261817 148.29726481437683 78.23435389995575 3.396890625357627 134.00517430901527 32.401211559772491 8.6874939799308759 57.481731787323952 38.706817001104355 224.76219177246094 11.845231339335442 5.4110114872455588 32.772025659680367 4.0906346291303626 3.4441956728696823 10.586226463317869 6.7870116680860537 5.5904901772737512 10.369691535830496
leaf_count=62 16 22 367 170 14 428 100 43 164 70 637 14 26 68 20 6 12 9 14 15
internal_value=0.00531522 0.00489565 0.0066944 0.00394423 -0.00610176 0.00436201 0.00803713 0.00711505 0.0027492 0.00865451 0.0032259 0.00868928 0.00663157 0.00320193 0.00583812 0.00847946 0.0130327 0.00811119 0.0134463 0.0103383
internal_weight=839.399 746.827 258.002 488.824 19.4215 469.403 110.636 253.173 66.1692 187.004 358.767 92.5724 64.767 42.2737 36.8627 6.84109 22.4933 11.9071 27.8054 15.9602
internal_count=2277 2083 666 1417 82 1335 270 644 207 437 1065 194 151 114 88 20 37 25 43 29
is_linear=0
shrinkage=0.01


Tree=91
num_leaves=23
num_cat=0
split_feature=54 21 50 6 31 41 55 14 24 63 64 52 56 53 18 4 56 2 5 50 10 18
split_gain=11.5621 17.6881 18.0562 24.5524 19.3153 18.9212 18.9081 16.4643 16.0706 14.9194 21.8756 18.6738 14.5406 13.6003 15.295 15.0256 12.9223 13.0061 18.4933 12.917 9.45127 3.96145
threshold=0.29366892576217657 -8641.9999999999982 0.0039920886047184476 -23363110.999999996 5.6885704994201669 1.1777245998382571 1.172126352787018 3.4250000715255742 5.5000000000000009 6.9879679679870614 10.803615093231203 0.027157472446560863 0.15083384513854983 -0.13869924098253247 43070.000000000007 869.85000610351574 -0.7110605239868163 1632795.5000000002 25912.169921875004 -0.012258646078407763 0.00081349999527446936 2022.0000000000002
decision_type=2 2 2 2 2 2 2 2 2 2 2 2 2 2 2 2 2 2 2 2 2 2
left_child=1 7 4 6 8 -6 -4 13 -3 16 20 12 -12 15 -15 -1 21 19 -19 -18 -11 -2
right_child=9 2 3 -5 5 -7 -8 -9 -10 10 11 -13 -14 14 -16 -17 17 18 -20 -21 -22 -23
leaf_value=0.010312371555639344 -0.014640944071468718 0.010136902016167211 -0.0014556844048580354 0.019911280023346335 -0.0052283664921456332 0.0088069909228871944 0.016734047528446438 0.017911454466342444 0.0049135276657027707 -0.014170505249920948 0.011370170634238433 0.020927568693316096 -0.014355767799459717 -0.012956997380198315 0.012096807004210263 -0.0150720626194157 0.014156937737731004 -0.010304102279742789 0.010921669198731889 0.0070442467463364715 0.0036313410742134702 0.0021586472166034497
leaf_weight=8.9532270729541761 3.4642438143491736 100.85664769262075 87.199790388345718 6.4502602219581595 27.197822213172913 14.842795386910437 6.1137352585792533 3.5391906648874274 144.6252832710743 10.497353434562685 4.38160891830921 6.4509374052286139 4.3890779167413712 18.280103504657749 2.7706596702337256 3.13209244608879 27.984955787658691 9.7773378789424914 7.0568892806768408 335.90053056180477 4.0537869036197653 2.2034258842468262
leaf_count=20 16 230 303 8 100 38 11 6 403 51 10 9 21 81 6 14 49 45 15 822 12 7
internal_value=0.00525755 0.0040888 0.00471827 0.00104051 0.00599088 -0.000249278 -0.000253209 -0.002531 0.00706363 0.00644582 -0.000343221 0.00800266 -0.00138974 -0.00474459 -0.00961196 0.00365087 0.00697153 0.00719604 -0.00134688 0.007594 -0.00914238 -0.00793331
internal_weight=840.122 423.962 387.286 99.7638 287.523 42.0406 93.3135 36.6753 245.482 416.16 29.7728 15.2216 8.77069 33.1361 21.0508 12.0853 386.387 380.72 16.8342 363.885 14.5511 5.66767
internal_count=2277 1220 1093 322 771 138 314 127 633 1057 103 40 31 121 87 34 954 931 60 871 63 23
is_linear=0
shrinkage=0.01


Tree=92
num_leaves=17
num_cat=0
split_feature=54 57 30 64 46 53 17 41 41 41 70 44 5 2 2 57
split_gain=11.4719 13.9317 12.9784 26.1491 21.136 16.6054 15.6159 12.3525 8.6824 13.8827 13.3722 11.0727 10.1141 5.26619 3.2267 1.9955
threshold=4.3018939495086679 0.54489997029304515 7.903783082962037 10.803615093231203 -0.2847332209348678 1.7788622975349428 2.5000000000000004 2.8820556402206425 1.2437162995338442 0.64479124546051036 28924.002929687504 872.70001220703136 6794.8999023437509 563257.50000000012 469987.00000000006 0.54489997029304515
decision_type=2 2 2 2 2 2 2 2 2 2 2 2 2 2 2 2
left_child=1 13 5 6 -5 7 -4 -3 9 10 11 -2 -12 -1 15 -10
right_child=8 2 3 4 -6 -7 -8 -9 14 -11 12 -13 -14 -15 -16 -17
leaf_value=-0.01353389307075201 0.0021804132006881184 0.0056409608184182737 -0.011949741277279238 0.011326010546998456 -0.0048584567150494161 -0.013962986736813926 0.0073478889840915508 -0.0038573177365022089 0.010061848632867482 -0.0091744588223580531 -0.015950126309958124 0.012442458240294312 0.0086049920554471439 0.0055705355444803876 0.0066941782259534715 0.017220315498451384
leaf_weight=5.6742270588874808 14.892782077193258 662.55563461780548 18.670289948582653 23.873124599456787 12.087000936269758 4.4088258147239676 5.3399204015731803 13.854968234896658 6.3838120549917283 5.1440268605947486 3.8675138503313056 37.955818578600883 2.9074373841285706 1.8494235873222349 6.3478576987981787 15.067193940281866
leaf_count=30 46 1768 89 56 47 22 15 50 11 19 17 63 6 6 14 18
internal_value=0.00520028 0.00478643 0.0049248 0.000446806 0.00585824 0.00531778 -0.00761626 0.00544493 0.00853508 0.00649821 0.00786715 0.00956953 -0.00526481 -0.00870483 0.0132447 0.0151366
internal_weight=840.88 748.313 740.79 59.9703 35.9601 680.819 24.0102 676.411 92.5664 64.7676 59.6236 52.8486 6.77495 7.52365 27.7989 21.451
internal_count=2277 2083 2047 207 103 1840 104 1818 194 151 132 109 23 36 43 29
is_linear=0
shrinkage=0.01


Tree=93
num_leaves=17
num_cat=0
split_feature=15 15 53 61 0 51 56 36 29 56 61 65 37 34 68 23
split_gain=11.3331 18.7696 13.1746 27.3104 26.3682 15.2394 14.3062 11.3094 9.6074 9.22282 11.5001 8.64294 12.0939 19.1521 10.8835 5.27455
threshold=2.2150000333786015 2.3249999284744267 -0.16971824318170545 72.196708679199233 12492.000000000002 -0.04163797385990619 -1.075711131095886 -0.65028238296508778 2.1538648605346684 -0.89858266711235035 114.68973922729494 -2.5134012699127193 -2.1543154716491695 -0.68141314387321461 15.693591594696047 7.5000000000000009
decision_type=2 2 2 2 2 2 2 2 2 2 2 2 2 2 2 2
left_child=9 8 3 7 -5 -4 -7 -3 -2 10 -1 -11 13 -13 -14 -10
right_child=1 2 5 4 -6 6 -8 -9 15 11 -12 12 14 -15 -16 -17
leaf_value=0.0072200723369293483 0.0092506790900730631 0.0050639759854267897 -0.015237577318428975 0.019116244601737695 -0.0012088088013980111 0.015011465361886855 0.00546528316246748 0.015776923973488437 -0.012975084450725732 0.014811202792295154 -0.014708660735088499 0.0067346265143882764 -0.0051243315469821403 -0.0078331499903991804 0.0073869116128659094 0.0045400135221144011
leaf_weight=4.9736230075359327 3.0732146799564388 26.237991616129875 3.385551616549491 6.746960997581481 118.1073190420866 16.802937880158424 273.63795579969883 16.194666311144829 11.043222710490225 12.96571373939514 4.5571772009134293 23.334500953555107 7.0246218889951697 14.688727751374243 296.92408138513565 1.9427106082439412
leaf_count=12 7 70 15 10 410 32 753 29 63 19 21 54 24 56 696 6
internal_value=0.0051436 0.00412366 0.00449507 0.00224511 -0.00010246 0.00577265 0.006021 0.0091762 -0.00647839 0.00647618 -0.00316029 0.00673776 0.00642873 0.00108066 0.00709447 -0.0102778
internal_weight=841.641 477.173 461.113 167.287 124.854 293.826 290.441 42.4327 16.0591 364.468 9.5308 354.938 341.972 38.0232 303.949 12.9859
internal_count=2277 1395 1319 519 420 800 785 99 76 882 33 849 830 110 720 69
is_linear=0
shrinkage=0.01


Tree=94
num_leaves=19
num_cat=0
split_feature=28 34 36 40 66 53 31 38 15 14 66 26 70 40 50 24 52 71
split_gain=11.2829 20.707 18.7843 20.0974 22.5486 15.4482 12.9647 12.5598 12.3188 20.9357 21.922 10.9384 24.0204 16.3613 9.15036 5.72872 5.28723 4.61215
threshold=817.25000000000011 0.69587054848670971 2.0923870801925664 1.3889967203140261 3.1698030233383183 0.56675052642822277 -3.1723346710205074 2.6015568971633916 2.2150000333786015 2.3249999284744267 2.7446966171264653 0.011428564786911012 3539.548217773438 -1.978571832180023 0.0070891627110540876 46.500000000000007 0.045435911044478423 15357.559082031252
decision_type=2 2 2 2 2 2 2 2 2 2 2 2 2 2 2 2 2 2
left_child=7 16 3 4 -3 15 -7 8 11 14 -11 12 -1 -13 -10 -4 -2 -5
right_child=1 2 5 17 -6 6 -8 -9 9 10 -12 13 -14 -15 -16 -17 -18 -19
leaf_value=-0.015062692008827514 -0.014614047231059602 -0.00058108047760028472 -0.013700973697546057 0.010370181259438969 0.013347544857754547 -0.0054023192053717995 0.012285218866679616 0.017994450153689397 -0.01313110335567288 0.0054926029886545212 -0.0020985002901779716 0.017187478494512843 0.0060409311407618165 0.0075283481722937294 0.0049275447457682873 0.0044895803703664415 0.002702670773994741 0.02146049212202927
leaf_weight=5.5260491669178 8.5615374743938428 39.882620915770531 11.62142761051655 7.756689220666888 16.331758543848991 8.2677094638347643 8.222101688385008 8.0816792845725995 9.7156058698892576 353.15831775218248 42.431530267000198 21.760494545102119 188.94943583011627 95.903978109359741 3.8493147939443579 1.9426606446504582 2.1037873774766913 8.3116197884082776
leaf_count=25 40 132 60 20 34 33 17 13 54 961 148 31 454 220 12 6 7 10
internal_value=0.0050877 0.002133 0.00352236 0.00628952 0.00344776 -0.00309969 0.00335635 0.0055441 0.00540321 0.00425537 0.00467584 0.00690459 0.00543613 0.00932318 -0.00793288 -0.011022 -0.0111045 0.0161691
internal_weight=842.378 113.002 102.337 72.2827 56.2144 30.0539 16.4898 729.376 721.295 409.155 395.59 312.14 194.475 117.664 13.5649 13.5641 10.6653 16.0683
internal_count=2277 359 312 196 166 116 50 1918 1905 1175 1109 730 479 251 66 66 47 30
is_linear=0
shrinkage=0.01


Tree=95
num_leaves=23
num_cat=0
split_feature=54 28 58 58 39 67 11 1 39 58 60 7 64 41 41 35 41 51 5 10 54 28
split_gain=11.2365 11.9875 19.4307 16.9751 18.2029 20.8072 17.9036 22.467 16.4874 15.5731 14.9571 14.4096 12.5962 8.48938 13.6308 19.0408 16.9956 5.62057 5.59478 8.31923 3.22265 4.31898
threshold=4.3018939495086679 -126.37499999999999 -364639.99999999994 16608.000000000004 0.44321881234645849 -3.6728738546371456 37.215000152587898 632844.00000000012 -1.2180095911025999 -33249.999999999993 -0.0024166376097127791 2.3459181785583501 4.2825119495391855 1.2437162995338442 -1.0854911804199217 -1.3250863552093504 -0.37757751345634455 0.027189435437321666 1164.3649902343752 -0.00034749999758787448 5.92757272720337 -126.37499999999999
decision_type=2 2 2 2 2 2 2 2 2 2 2 2 2 2 2 2 2 2 2 2 2 2
left_child=1 3 17 6 5 -5 7 -1 9 -4 -10 -8 -6 14 18 -16 -17 -3 19 -2 -15 -22
right_child=13 2 8 4 12 -7 11 -9 10 -11 -12 -13 -14 20 15 16 -18 -19 -20 -21 21 -23
leaf_value=0.0071598566157212553 -0.0016668394200882511 -0.013401782680449524 0.0053288415063757364 0.0093488414889448777 0.0091790841725211039 -0.0039650162219467475 0.014025647495244977 -0.0042120174775067114 0.0078056366747648659 -0.011170275032077332 0.0031458166609234194 0.0055610469249912017 -0.00040836231462591701 0.017064726928811561 -0.014560490071392311 -0.010414475448801723 0.0084196487177257556 0.0056878381908861885 0.017986443692913315 0.015055410120315341 0.0026083746050493324 0.013757666557130104
leaf_weight=103.46086484193802 5.1261854469776154 8.6195624321699107 9.6995788365602511 15.530276104807852 52.236587643623352 47.943086534738541 59.353163570165634 20.76208621263504 92.577121675014496 13.758764043450354 275.30636174976826 31.133924886584282 18.310677647590637 11.837635949254036 5.3905058205127707 5.6137302815914145 31.298384174704552 1.7972256243228919 10.585944786667822 6.7802411317825335 5.5992777794599542 10.348202064633368
leaf_count=254 16 46 29 36 115 169 107 74 231 67 810 81 58 14 26 21 67 6 12 9 14 15
internal_value=0.00503268 0.0046242 0.00344085 0.00598462 0.00317937 -0.000691708 0.00773098 0.00525116 0.0038015 -0.00430558 0.00432117 0.0111243 0.00667647 0.00833317 0.00632004 0.00294471 0.00552819 -0.0100122 0.0126238 0.00777184 0.0129918 0.00990577
internal_weight=843.069 750.489 401.759 348.731 134.021 63.4734 214.71 124.223 391.342 23.4583 367.883 90.4871 70.5473 92.5801 64.795 42.3026 36.9121 10.4168 22.4924 11.9064 27.7851 15.9475
internal_count=2277 2083 1189 894 378 205 516 328 1137 96 1041 188 173 194 151 114 88 52 37 25 43 29
is_linear=0
shrinkage=0.01


Tree=96
num_leaves=17
num_cat=0
split_feature=56 58 38 49 2 61 10 54 4 30 49 41 49 33 51 33
split_gain=11.1359 22.4802 21.0759 19.3856 15.9855 17.2942 14.9463 17.7798 13.3461 12.6022 12.4685 18.3909 11.2885 10.9088 5.69532 5.35101
threshold=1.6506541371345522 -364639.99999999994 3.0136001110076909 -1.0121446251869199 1632795.5000000002 57.592523574829109 -0.0011824999819509683 2.1021850109100346 9430.7700195312518 2.7778875827789311 -0.78156125545501698 1.0000000180025095e-35 -0.21621558815240857 0.99197080731391918 0.0251966891810298 1.3769975304603579
decision_type=2 2 2 2 2 2 2 2 2 2 2 2 2 2 2 2
left_child=1 3 6 -1 8 -6 7 -3 10 -8 11 -2 -12 14 -10 -4
right_child=4 2 15 -5 5 -7 9 -9 13 -11 12 -13 -14 -15 -16 -17
leaf_value=0.011092547442745045 0.0047330010712706401 -0.0075810147257703141 -0.013722352168125949 -0.013683720153549959 0.0088046619530220433 -0.014028037875491048 0.0065925747018912807 0.016868622674203127 0.011821127681480819 0.0035401648732313806 0.010152911890429788 -0.016031885760777957 0.0047660269974418527 -0.0013704799254873094 0.021724535896016001 0.0039452812450126501
leaf_weight=4.2136673033237484 14.844094276428224 17.571016833186153 7.7963095605373365 12.233663380146025 5.9342199862003309 7.4466850906610489 284.58926890790462 3.5636995285749427 40.626653403043747 261.79507815092802 67.21113446354866 5.9739495962858191 95.120222315192223 5.5134265273809424 7.1478981971740714 2.0939755886793137
leaf_count=9 39 76 40 64 13 37 698 6 78 767 142 26 249 18 8 7
internal_value=0.00497879 0.00422913 0.00455857 -0.00727545 0.00675685 -0.00382736 0.00481197 -0.00341104 0.00736009 0.00513187 0.00606727 -0.00117766 0.00700256 0.0117847 0.0133238 -0.00988064
internal_weight=843.675 593.857 577.409 16.4473 249.818 13.3809 567.519 21.1347 236.437 546.384 183.149 20.818 162.331 53.288 47.7746 9.89029
internal_count=2277 1667 1594 73 610 50 1547 82 560 1465 456 65 391 104 86 47
is_linear=0
shrinkage=0.01


Tree=97
num_leaves=18
num_cat=0
split_feature=56 58 38 1 61 42 45 29 61 14 53 34 24 56 59 61 7
split_gain=10.9006 22.0425 20.677 15.7014 17.1037 14.6257 16.1366 14.6572 11.6211 27.3169 18.1921 16.0639 11.323 10.2569 8.60521 5.84964 5.61019
threshold=1.6506541371345522 -364639.99999999994 3.0136001110076909 1519164.0000000002 57.592523574829109 -0.0011824999819509683 -0.39931352436542505 2.6411490440368657 72.196708679199233 6.9949998855590829 -1.6625156998634336 -1.4370583891868589 10.500000000000002 5.0433580875396737 1.6027408838272097 220.09100341796878 3.3853952884674077
decision_type=2 2 2 2 2 2 2 2 2 2 2 2 2 2 2 2 2
left_child=1 14 5 8 -5 6 -3 -7 10 11 -2 -10 -12 -11 16 -4 -1
right_child=3 2 15 4 -6 7 -8 -9 9 13 12 -13 -14 -15 -16 -17 -18
leaf_value=-0.013627032259099156 -0.014065369977984079 0.0068543762349081369 -0.013660690540866421 0.0087079292409691506 -0.014026939898406659 0.006693372332914743 -0.010836841411289573 0.0034078044259782704 0.016840099125803223 -0.014226989389683798 0.017137339012331936 0.00633268974315538 0.003507305144398655 0.0056540105937358176 0.0071429102986787143 0.0054519163809941644 0.0043892935580322505
leaf_weight=11.173330619931223 2.4085130840539923 8.8312388360500353 7.9221226871013624 5.9401095956563932 7.3951478451490402 277.25515268743038 12.26335623860359 269.7209657356143 16.068921238183975 8.5189408063888532 28.028722882270813 169.98134687542915 8.0383576750755292 3.6463125199079505 3.2527067959308615 1.9228364825248716 1.9512812048196782
leaf_count=59 12 24 41 13 37 673 58 792 23 41 43 409 22 10 8 6 6
internal_value=0.00492524 0.00418374 0.00450901 0.00668373 -0.00382484 0.0047592 -0.00338302 0.00507504 0.00728001 0.00629345 0.0123365 0.00724558 0.0141273 -0.00818582 -0.00723322 -0.0098262 -0.0108723
internal_weight=844.319 594.293 577.916 250.026 13.3353 568.071 21.0946 546.976 236.691 198.216 38.4756 186.05 36.0671 12.1653 16.3773 9.84496 13.1246
internal_count=2277 1667 1594 610 50 1547 82 1465 560 483 77 432 65 51 73 47 65
is_linear=0
shrinkage=0.01


Tree=98
num_leaves=17
num_cat=0
split_feature=54 57 30 62 31 53 19 41 41 41 70 44 44 2 2 71
split_gain=10.9144 13.5809 12.3199 26.048 24.2567 16.1731 15.3094 11.9461 8.32163 13.4316 12.9809 10.6786 9.72069 5.07497 3.16568 1.93014
threshold=4.3018939495086679 0.54489997029304515 7.903783082962037 10.858288764953615 3.2327225208282475 1.7788622975349428 33.71000003814698 2.8820556402206425 1.2437162995338442 0.64479124546051036 28924.002929687504 872.70001220703136 33533.060546875007 563257.50000000012 469987.00000000006 12180.184570312502
decision_type=2 2 2 2 2 2 2 2 2 2 2 2 2 2 2 2
left_child=1 13 5 6 -5 7 -4 -3 9 10 11 -2 -12 -1 15 -10
right_child=8 2 3 4 -6 -7 -8 -9 14 -11 12 -13 -14 -15 -16 -17
leaf_value=-0.013566216881962594 0.0019144353620548476 0.0053059396183204989 -0.012033235067952716 0.010903169771351768 -0.0071451866415327935 -0.014016385137359224 0.0069919958173485864 -0.0040186238121832155 0.010246099293665004 -0.0092819993333656259 -0.016497721600141742 0.011981929558625584 0.0074215239183258851 0.0051166213276078515 0.0062636940616815351 0.016973169880573968
leaf_weight=5.6893947571516028 14.934456422924994 666.23523555696011 18.804151818156246 25.629795461893082 10.427110493183134 4.4205722510814658 5.3856992572545996 13.906136855483053 7.6343582272529664 5.144904911518096 3.6897773146629325 37.942860662937164 3.0832710266113281 1.8622017800807951 6.3530519157648078 13.761184990406035
leaf_count=30 46 1768 89 61 42 22 15 50 13 19 16 63 7 6 14 16
internal_value=0.00487261 0.00447103 0.0046072 0.00025436 0.00565612 0.00498883 -0.00775606 0.00511382 0.00812654 0.00613431 0.00748075 0.00915742 -0.0054614 -0.00882666 0.0127425 0.0146196
internal_weight=844.904 752.36 744.809 60.2468 36.0569 684.562 24.1899 680.141 92.5439 64.7953 59.6504 52.8773 6.77305 7.5516 27.7486 21.3955
internal_count=2277 2083 2047 207 103 1840 104 1818 194 151 132 109 23 36 43 29
is_linear=0
shrinkage=0.01


Tree=99
num_leaves=24
num_cat=0
split_feature=54 61 28 21 21 40 34 58 43 49 54 63 64 52 56 56 33 50 14 7 55 45 69
split_gain=10.8154 19.6403 20.6637 17.9952 22.1116 17.1146 16.9854 16.4772 15.2575 16.6811 15.9107 13.8075 20.6523 17.5942 15.6915 13.9812 13.273 15.3162 14.898 12.155 11.6356 11.561 11.1823
threshold=0.29366892576217657 190.20009613037112 467.90625000000006 -1243.4999999999998 -6747.9999999999991 -1.8717767000198362 1.4507862329483034 -89630.999999999985 74175.929687500015 -0.78156125545501698 -0.13497691601514814 6.9879679679870614 10.803615093231203 0.027157472446560863 -0.89858266711235035 0.15083384513854983 -1.4548804163932798 -0.012258646078407763 1.7150000333786013 1.7285684347152712 -0.029260637238621708 -0.42076173424720759 98.346565246582045
decision_type=2 2 2 2 2 2 2 2 2 2 2 2 2 2 2 2 2 2 2 2 2 2 2
left_child=1 2 8 4 6 21 -3 -7 9 -1 -10 14 22 15 -2 -14 18 -18 -16 -5 -6 -4 -13
right_child=11 3 5 19 20 7 -8 -9 10 -11 -12 12 13 -15 16 -17 17 -19 -20 -21 -22 -23 -24
leaf_value=0.011279272937007105 -0.014619002615775947 -0.01525129733529236 0.021086462557545507 0.0050512480703214183 0.015051852604562287 0.0042815759925559187 0.012644634012502636 -0.0069528848218364282 0.0032701846638195815 0.0052133030744003495 -0.01111214457963154 -0.014111200908255326 0.010799184551086291 0.019936543356754832 0.0099344544462954508 -0.014367204691235074 0.013459186423712396 0.0063328891755201353 -0.014557887883941268 -0.014951436068472266 0.00070787015417942279 0.0023163592324850764 0.0062861005367439516
leaf_weight=60.424919486045837 3.4668618291616431 9.4229764491319639 5.3284195512533179 3.8455067574977901 11.365635648369789 20.417186811566353 2.8024510592222205 35.857885867357254 47.169883906841278 187.49655727297068 9.1778408885002118 11.017603740096094 4.420017942786215 6.5352407693862906 4.1560950577259046 4.3888470530509949 33.411864742636681 341.45230443775654 6.0780844539403915 13.353650063276289 11.561781570315361 8.9119054377078992 3.4781242907047263
leaf_count=126 16 43 7 11 20 63 6 147 133 503 38 54 10 9 8 21 59 842 29 62 34 27 9
internal_value=0.00482023 0.00369471 0.00449697 -0.00202953 0.00204767 -0.000367258 -0.00877488 -0.00285913 0.00562756 0.00669577 0.000909863 0.00596684 -0.000557662 0.0074926 0.00647047 -0.00162596 0.00666292 0.00697073 -0.00451385 -0.010421 0.00786212 0.00940995 -0.00914806
internal_weight=845.542 427.137 374.785 52.352 35.1528 70.5154 12.2254 56.2751 304.269 247.921 56.3477 418.405 29.8398 15.3441 388.565 8.80886 385.098 374.864 10.2342 17.1992 22.9274 14.2403 14.4957
internal_count=2277 1220 1044 176 103 244 49 210 800 629 171 1057 103 40 954 31 938 901 37 73 54 34 63
is_linear=0
shrinkage=0.01


Tree=100
num_leaves=17
num_cat=0
split_feature=56 58 38 49 1 61 10 45 29 61 63 34 33 56 49 20
split_gain=10.5061 21.5717 20.1427 18.8363 15.3555 16.734 14.2024 15.7186 14.2517 11.2618 26.3207 15.5997 12.523 11.0837 9.11674 5.9483
threshold=1.6506541371345522 -364639.99999999994 3.0136001110076909 -1.0121446251869199 1519164.0000000002 57.592523574829109 -0.0011824999819509683 -0.39931352436542505 2.6411490440368657 72.196708679199233 6.9879679679870614 -1.4370583891868589 -1.3941018581390379 5.0433580875396737 0.15109855681657794 24850.450195312504
decision_type=2 2 2 2 2 2 2 2 2 2 2 2 2 2 2 2
left_child=1 3 6 -1 9 -6 7 -3 -8 12 11 -11 -2 -12 -14 -4
right_child=4 2 15 -5 5 -7 8 -9 -10 10 13 -13 14 -15 -16 -17
leaf_value=0.010802911493108793 -0.014284092443039692 0.0066498532340062933 -0.013666132011490431 -0.013624294251485723 0.0084746428695384231 -0.01401061807371611 0.0065130545050553698 -0.010802107401968993 0.0032775082342301858 0.016485246601057369 -0.014196572392362383 0.0061426689411104808 0.016510540222853403 0.0069032651997202208 0.0054438717272176362 0.0056965561764336006
leaf_weight=4.2218920439481762 1.6899482458829869 8.8662247955799121 7.9106056392192823 12.137931883335112 5.9492881149053556 7.3814911395311356 277.93186788260937 12.220654740929602 270.4697628095746 16.10664501786232 8.6732790172100049 170.31506092846394 26.060143530368805 3.4199701249599448 10.850293710827826 1.902995243668556
leaf_count=9 8 24 41 64 13 37 673 58 792 23 42 409 41 9 28 6
internal_value=0.00476884 0.00404185 0.00436272 -0.00725937 0.00649394 -0.00390083 0.0046087 -0.0034168 0.00491912 0.00708256 0.00611132 0.00704162 0.0120516 -0.00814685 0.0132844 -0.00980954
internal_weight=846.108 595.662 579.302 16.3598 250.446 13.3308 569.489 21.0869 548.402 237.115 198.515 186.422 38.6004 12.0932 36.9104 9.8136
internal_count=2277 1667 1594 73 610 50 1547 82 1465 560 483 432 77 51 69 47
is_linear=0
shrinkage=0.01


Tree=101
num_leaves=13
num_cat=0
split_feature=28 35 59 52 43 38 59 15 16 21 69 35
split_gain=10.4819 20.5687 16.1363 14.396 15.7049 11.519 12.2346 26.963 21.847 16.422 13.5677 8.7962
threshold=718.00000000000011 -1.610756993293762 1.450089752674103 0.051259016618132598 8144.0351562500009 2.6015568971633916 1.1464865207672121 1.0049999952316286 0.84499999880790722 56.000000000000007 95.23804092407228 1.6837863922119143
decision_type=2 2 2 2 2 2 2 2 2 2 2 2
left_child=5 -2 3 4 -3 6 8 -8 -1 -10 -9 -4
right_child=1 2 11 -5 -6 -7 7 10 9 -11 -12 -13
leaf_value=0.016617348032909304 -0.014136178951185668 -0.0014137502190244391 -0.014407832008026918 0.015713302093429408 0.0066757162505200942 0.018245696250565008 -0.015605804137170847 0.0060947600687409897 0.0041898436431301849 -0.0046844220348697821 0.01187658063861226 0.0038925304782751486
leaf_weight=13.684108749032019 7.3761569857597342 42.900605663657188 7.6441173851490003 10.017163112759588 53.986852720379829 6.7473202496767035 5.1569553762674323 174.69088588654995 445.13790322840214 21.771987184882164 53.62863227725029 3.88886459171772
leaf_count=19 36 150 37 19 141 10 23 436 1211 79 104 12
internal_value=0.00471823 0.00204178 0.00305777 0.00427627 0.00308348 0.005184 0.00505918 0.00694351 0.00414167 0.0037739 0.0074572 -0.00815033
internal_weight=846.632 125.814 118.438 106.905 96.8875 720.818 714.07 233.476 480.594 466.91 228.32 11.533
internal_count=2277 395 359 310 291 1882 1872 563 1309 1290 540 49
is_linear=0
shrinkage=0.01


Tree=102
num_leaves=19
num_cat=0
split_feature=54 57 30 62 31 53 17 41 41 41 55 5 2 5 10 1 2 57
split_gain=10.5733 13.2297 11.7489 25.0613 23.4318 15.7978 14.9647 11.5627 8.1904 13.2507 18.0936 14.9245 8.33888 5.42166 8.06009 4.96591 3.13221 1.90747
threshold=4.3018939495086679 0.54489997029304515 7.903783082962037 10.858288764953615 3.2327225208282475 1.7788622975349428 2.5000000000000004 2.8820556402206425 1.2437162995338442 -1.0854911804199217 -0.094515658915042863 5016.4250488281259 117216.50000000001 1164.3649902343752 -0.00034749999758787448 543807.50000000012 469987.00000000006 0.54489997029304515
decision_type=2 2 2 2 2 2 2 2 2 2 2 2 2 2 2 2 2 2
left_child=1 15 5 6 -5 7 -4 -3 9 13 12 -12 -11 14 -2 -1 17 -10
right_child=8 2 3 4 -6 -7 -8 -9 16 10 11 -13 -14 -15 -16 -17 -18 -19
leaf_value=-0.013558388912613352 -0.0019425238956195621 0.0050904882866240628 -0.011980054821169366 0.010567250995562194 -0.0071573153698324347 -0.014016691805361454 0.0068059477670301795 -0.0040772609189770794 0.0093477524883940621 0.0027346571313766146 0.0094068967725660455 -0.0095277561312271802 -0.015214564591992011 0.017399532710349556 0.014526840277616734 0.0049017049114049869 0.006015628262804956 0.016360760277361344
leaf_weight=5.6779575347900382 5.1297187954187393 668.56163528561592 18.701020479202274 25.77791853249073 10.426660820841787 4.4155033677816382 5.4105319380760184 13.924730733036993 6.345634847879416 4.0182330906391126 26.585819080471996 4.8850860595703116 6.8695661574602127 10.568145230412481 6.7632270604372042 1.8667379319667814 6.3565923124551764 15.007653057575224
leaf_count=30 16 1768 89 61 42 22 15 50 11 12 52 18 32 12 9 6 14 18
internal_value=0.00466739 0.00427335 0.00440728 0.000158488 0.00543508 0.00477891 -0.00772308 0.00490197 0.00787071 0.00589606 0.00257367 0.00643598 -0.00849841 0.0121172 0.00733912 -0.00885838 0.0124538 0.0143235
internal_weight=847.292 754.763 747.218 60.3161 36.2046 686.902 24.1116 682.486 92.5297 64.8198 42.3587 31.4709 10.8878 22.4611 11.8929 7.5447 27.7099 21.3533
internal_count=2277 2083 2047 207 103 1840 104 1818 194 151 114 70 44 37 25 36 43 29
is_linear=0
shrinkage=0.01


Tree=103
num_leaves=23
num_cat=0
split_feature=54 61 21 21 35 34 59 57 43 6 64 64 52 56 56 49 7 11 3 50 61 48
split_gain=10.4279 19.2088 17.55 21.6234 16.6455 15.8906 17.5042 22.7063 13.9258 13.6922 13.0237 19.8709 16.8972 15.2571 13.6176 12.4482 11.9382 11.4356 11.1556 16.0738 15.4081 10.7819
threshold=0.29366892576217657 190.20009613037112 -1243.4999999999998 -6747.9999999999991 2.2228094339370732 0.60846820473670971 1.450089752674103 1.1981297135353091 249808.32031250003 -1079736895.9999998 7.0188982486724862 10.803615093231203 0.027157472446560863 -0.89858266711235035 0.15083384513854983 -0.86154139041900624 1.7285684347152712 72.524997711181655 -290049.99999999994 -0.012258646078407763 158.61565399169925 -0.59263187646865834
decision_type=2 2 2 2 2 2 2 2 2 2 2 2 2 2 2 2 2 2 2 2 2 2
left_child=1 5 3 4 -3 8 7 -7 15 -10 13 21 14 -2 -13 -1 -4 -5 20 -20 -15 -12
right_child=10 2 16 17 -6 6 -8 -9 9 -11 11 12 -14 18 -16 -17 -18 -19 19 -21 -22 -23
leaf_value=0.010405130482312364 -0.014596042153478038 -0.01536191445814164 0.0048504734919293238 0.0030369933513722208 0.01194301293563798 -0.0016409429247719975 -0.014253322794130609 0.0089939752389998698 -0.015322677643063181 0.0065146049908626751 0.0056105083407112571 0.010498639910591434 0.019383159053230119 -0.0080422285750979174 -0.01433433395958136 0.0049143996045893116 -0.014938342397581544 0.018683891322808018 0.013969098923919537 0.006148990197743163 0.015724301189361318 -0.014189500196183522
leaf_weight=51.599757969379425 3.457329958677291 9.3474225103855115 3.8631092756986645 16.356431528925899 2.8922873586416236 58.291599377989769 7.1493658125400534 30.540175542235374 6.2186859101057053 5.2583629041910154 3.6172414124011985 4.4400404840707761 6.578577756881713 11.003879889845846 4.3705451488494873 216.97468341141939 13.330623000860212 6.6600220352411261 28.725800573825836 342.8339296579361 3.613600254058837 10.702620953321459
leaf_count=109 16 42 11 45 7 203 35 76 28 14 10 10 9 46 21 579 62 9 48 839 6 52
internal_value=0.00461779 0.00351462 -0.00214189 0.00187365 -0.00882796 0.00430626 0.000782676 0.00200406 0.00551031 -0.00523051 0.00574261 -0.000608944 0.007244 0.00622947 -0.00170641 0.00597303 -0.010434 0.00760801 0.00641851 0.00675627 -0.00209847 -0.00911812
internal_weight=847.826 428.483 52.4499 35.2562 12.2397 376.033 95.9811 88.8318 280.051 11.477 419.344 29.709 15.3892 389.635 8.81059 268.574 17.1937 23.0165 386.177 371.56 14.6175 14.3199
internal_count=2277 1220 176 103 49 1044 314 279 730 42 1057 102 40 955 31 688 73 54 939 887 52 62
is_linear=0
shrinkage=0.01


Tree=104
num_leaves=21
num_cat=0
split_feature=54 59 30 10 50 66 11 34 59 29 54 52 43 50 58 67 70 35 40 50
split_gain=10.3213 11.6112 25.2759 18.9193 17.8633 20.5922 17.922 16.1272 32.2134 15.603 14.6681 9.9559 8.05995 7.89129 5.76971 5.64012 8.50041 7.66294 3.58705 1.14201
threshold=4.3018939495086679 1.1464865207672121 1.0094195604324343 -0.0011035000206902621 -0.0071258812677115193 -2.9579961299896236 35.629999160766609 0.55005893111228954 1.450089752674103 2.6411490440368657 2.2315177917480473 0.031940007582306869 291.30999755859381 0.0012554385466501119 16608.000000000004 4.8378646373748788 10782.570800781252 -2.0126076936721797 0.52563524246215831 0.0073193612042814502
decision_type=2 2 2 2 2 2 2 2 2 2 2 2 2 2 2 2 2 2 2 2
left_child=1 3 -3 10 6 -6 -5 9 -9 -4 11 -1 13 18 -15 16 -14 -18 -2 -17
right_child=12 2 7 4 5 -7 -8 8 -10 -11 -12 -13 15 14 -16 19 17 -19 -20 -21
leaf_value=-0.014073729438192855 -0.013846295429627205 -0.015560611542537205 0.010608453869113557 0.0044357852399452965 -0.011628077928563928 0.0029925523011477238 0.013079786381113918 0.0059571226927881754 -0.01008202515261665 0.0047555741675885258 0.016653964159355116 0.0032992923487320442 -0.0039994537157982124 0.013934466025812997 -0.0030687988535073557 0.010716461550573833 -0.014697655315352645 0.0093567318945800716 0.0020399724629961338 0.016961282990378159
leaf_weight=12.811640262603765 3.8111205101013175 5.352981522679328 99.191054195165634 76.698738619685173 9.8775290548801404 353.35054135322571 35.307864040136337 54.495455652475357 16.227966725826263 85.812808930873871 2.3995917588472357 4.3270734101533881 5.6045043468475333 4.9539452195167524 3.2047073096036911 6.1416021436452857 1.3244592398405064 56.1995500177145 2.1075802892446518 9.1263191103935224
leaf_count=64 19 24 196 207 41 1024 63 146 71 229 4 14 17 9 12 10 6 104 7 10
internal_value=0.00456889 0.0041802 0.00589122 0.00327531 0.00367314 0.00259221 0.00716956 0.00634417 0.00226269 0.00789904 -0.00635002 -0.00962915 0.00773515 0.00069086 0.00713304 0.00898731 0.00763463 0.00878551 -0.00802042 0.0145148
internal_weight=848.327 755.853 261.08 494.773 475.235 363.228 112.007 255.727 70.7234 185.004 19.5383 17.1387 92.4738 14.0774 8.15865 78.3964 63.1285 57.524 5.9187 15.2679
internal_count=2277 2083 666 1417 1335 1065 270 642 217 425 82 78 194 47 21 147 127 110 26 20
is_linear=0
shrinkage=0.01


Tree=105
num_leaves=17
num_cat=0
split_feature=54 57 28 58 58 59 11 4 43 56 67 35 68 58 52 11
split_gain=10.1503 12.8652 10.8432 18.051 17.3026 18.641 17.4072 13.5037 7.89603 8.82793 5.56095 8.51257 8.04108 5.20243 5.09734 4.7768
threshold=4.3018939495086679 0.54489997029304515 -126.37499999999999 -364639.99999999994 16608.000000000004 1.1172108054161074 36.204999923706062 107710.51171875001 291.30999755859381 4.0896794795989999 5.0845947265625009 -2.0126076936721797 74.999996185302749 16608.000000000004 0.029875262640416626 73.104999542236342
decision_type=2 2 2 2 2 2 2 2 2 2 2 2 2 2 2 2
left_child=1 15 4 14 6 -6 -3 -5 9 -2 11 -10 -13 -11 -4 -1
right_child=8 2 3 7 5 -7 -8 -9 10 13 -12 12 -14 -15 -16 -17
leaf_value=-0.013493654781923034 -0.012832840529609112 0.0048347527810753575 -0.013339492823597317 0.0032075655904437524 -0.00089293110833099632 0.0065387220048674409 0.010636516775468587 0.016021699660170557 -0.015068526199808002 0.010424176039371812 0.015411099686515595 0.011029105998114358 0.0036855139337517184 -0.0043203385638865026 0.0046176901213508701 0.004547088868646648
leaf_weight=5.6336788460612288 3.5636526942253104 120.76496608555317 8.3356220275163633 382.98128055036068 68.536923065781593 66.115485116839409 91.787413343787193 8.4486429840326291 1.5633030831813801 6.9649420380592328 11.507581874728201 41.137896299362183 24.155822277069092 3.5311684757471085 1.8569280207157124 1.8859793394803999
leaf_count=30 20 314 45 1106 219 157 186 14 7 14 14 70 56 13 6 6
internal_value=0.00452084 0.00413569 0.00426729 0.0031427 0.00556524 0.00274865 0.00734486 0.0034867 0.00766188 0.000683948 0.00890107 0.00776559 0.00832761 0.00536846 -0.00996986 -0.00883593
internal_weight=848.771 756.347 748.827 401.622 347.205 134.652 212.552 391.43 92.4244 14.0598 78.3646 66.857 65.2937 10.4961 10.1926 7.51966
internal_count=2277 2083 2047 1171 876 376 500 1120 194 47 147 133 126 27 51 36
is_linear=0
shrinkage=0.01


Tree=106
num_leaves=26
num_cat=0
split_feature=54 61 28 21 21 40 35 58 43 54 47 40 69 50 28 5 36 58 25 40 45 40 5 36 52
split_gain=10.0698 18.5742 19.4114 17.2359 21.1484 16.5152 16.3595 15.8807 14.8272 15.3865 12.8272 14.2221 13.3436 21.08 25.1556 20.4012 14.7141 21.0156 12.2935 11.45 11.2146 11.1661 9.86437 7.65677 12.0776
threshold=0.29366892576217657 190.20009613037112 467.90625000000006 -1243.4999999999998 -6747.9999999999991 -1.8717767000198362 2.2228094339370732 -89630.999999999985 74175.929687500015 -0.13497691601514814 0.86615434288978588 1.8358138799667361 3.5195523500442509 0.0034269909374415879 2033.8750000000002 10279.909667968752 -1.0471716523170469 2760.0000000000005 143.50000000000003 -1.172073185443878 -0.42076173424720759 -1.0572786331176756 4517.4699707031259 -0.97306710481643666 -0.0093183903954923136
decision_type=2 2 2 2 2 2 2 2 2 2 2 2 2 2 2 2 2 2 2 2 2 2 2 2 2
left_child=1 2 8 4 6 20 -3 -7 18 -10 12 23 16 15 -15 -14 19 -18 -1 -2 -4 -6 -5 -12 -25
right_child=10 3 5 22 21 7 -8 -9 9 -11 11 -13 13 14 -16 -17 17 -19 -20 -21 -22 -23 -24 24 -26
leaf_value=0.0072071152863046406 0.0020172237502356838 -0.015309749963469987 0.02048089693289587 -0.014856422889685545 -0.0069986130048397691 0.0039958433185779728 0.01172348747812451 -0.0070091369224068905 0.0029314989900080398 -0.011194396116458808 -0.015224798595869339 0.012580390276170453 0.0011415186657056794 0.0090274160042420077 -0.0057677666099412439 0.0098197132078757417 0.0087560735667037461 -0.015894070747043958 0.00079557077612043517 0.015350323891012093 0.0020567742105444499 0.010796287144438078 0.0023499042463169867 0.012589372769773321 -0.0095979924995645803
leaf_weight=214.34106993675232 7.9304967224597922 9.3126106411218625 5.3686550855636588 12.773574799299242 4.269331872463229 20.533724844455719 2.9051930457353583 35.906083896756172 47.450012505054474 9.1981599777936918 6.1970412880182311 5.1524000316858283 143.07439844310284 144.04381285607815 12.403610318899153 33.529099747538567 13.619277447462084 4.6212274581193915 35.169629812240601 38.927265346050262 8.9574743509292585 18.793149307370186 4.3796602040529242 3.9517345875501668 6.4393993914127314
leaf_count=521 21 42 7 60 15 63 7 147 133 38 28 9 423 313 49 72 29 20 108 59 27 39 13 8 26
internal_value=0.00447314 0.00339035 0.00416701 -0.00217372 0.00179993 -0.000540412 -0.00879984 -0.00298763 0.00525836 0.000620176 0.00557797 -0.00186678 0.00598699 0.00517149 0.00784802 0.00279478 0.0101438 0.00245614 0.00630739 0.0131151 0.00903094 0.00745873 -0.0104049 -0.00641446 -0.00106393
internal_weight=849.248 429.358 376.925 52.4335 35.2803 70.7659 12.2178 56.4398 306.159 56.6482 419.89 21.7406 398.149 333.051 156.447 176.603 65.0983 18.2405 249.511 46.8578 14.3261 23.0625 17.1532 16.5882 10.3911
internal_count=2277 1220 1044 176 103 244 49 210 800 171 1057 71 986 857 362 495 129 49 629 80 34 54 73 62 34
is_linear=0
shrinkage=0.01


Tree=107
num_leaves=17
num_cat=0
split_feature=54 57 30 63 46 53 19 41 41 41 70 56 24 2 2 71
split_gain=9.92886 12.6019 11.3472 23.2192 20.4338 15.3854 14.5072 11.2086 7.91758 12.9287 12.5547 8.61247 6.75116 4.84525 3.10364 1.87416
threshold=4.3018939495086679 0.54489997029304515 7.903783082962037 10.792637348175051 -0.2847332209348678 1.7788622975349428 33.71000003814698 2.8820556402206425 1.2437162995338442 0.64479124546051036 28924.002929687504 1.8224115371704104 93.000000000000014 563257.50000000012 469987.00000000006 12180.184570312502
decision_type=2 2 2 2 2 2 2 2 2 2 2 2 2 2 2 2
left_child=1 13 5 6 -5 7 -4 -3 9 10 12 -12 -2 -1 15 -10
right_child=8 2 3 4 -6 -7 -8 -9 14 -11 11 -13 -14 -15 -16 -17
leaf_value=-0.013496757052049358 0.0069993493576272318 0.0048462918066584405 -0.011913066121594975 0.010373808594219771 -0.0053757989888252615 -0.014017816719238185 0.006578956440187975 -0.0041720959042728083 0.0095986967649826383 -0.0095125772883797831 0.0061080656988272653 -0.016330140272717036 0.016992856137270144 0.0047419683467782008 0.0056510620463873073 0.016242305147785924
leaf_weight=5.6253119483590117 44.584984734654427 670.99479545652866 18.414210006594661 24.247896656394005 12.383504390716551 4.4118436127901068 5.4368746131658545 13.950882241129873 7.581121087074286 5.15837238729 3.1412272006273261 3.6453842222690582 8.2073664516210538 1.8694793432950971 6.3567064404487601 13.663444042205809
leaf_count=30 100 1768 88 56 48 22 15 50 13 19 7 16 9 6 14 16
internal_value=0.00442622 0.0040459 0.00417577 6.13513e-06 0.00502224 0.00454015 -0.00765587 0.00466115 0.00753463 0.00559368 0.00691838 -0.00579712 0.00857193 -0.00881392 0.0120508 0.0139186
internal_weight=849.673 757.335 749.84 60.4825 36.6314 689.358 23.8511 684.946 92.3386 64.7373 59.579 6.78661 52.7924 7.49479 27.6013 21.2446
internal_count=2277 2083 2047 207 104 1840 103 1818 194 151 132 23 109 36 43 29
is_linear=0
shrinkage=0.01


Tree=108
num_leaves=17
num_cat=0
split_feature=56 58 38 49 2 61 10 54 29 4 49 61 49 33 20 53
split_gain=9.87083 20.7995 19.3338 17.9613 14.8265 16.0594 13.4672 16.4169 13.5473 12.5279 11.9699 12.306 10.7306 10.3207 5.69113 5.06352
threshold=1.6506541371345522 -364639.99999999994 3.0136001110076909 -1.0121446251869199 1632795.5000000002 57.592523574829109 -0.0011824999819509683 2.1021850109100346 2.6411490440368657 9430.7700195312518 -0.78156125545501698 112.10620880126955 -0.21621558815240857 0.99197080731391918 24850.450195312504 0.4050480872392655
decision_type=2 2 2 2 2 2 2 2 2 2 2 2 2 2 2 2
left_child=1 3 6 -1 9 -6 7 -3 -8 10 11 -2 -12 15 -4 -11
right_child=4 2 14 -5 5 -7 8 -9 -10 13 12 -13 -14 -15 -16 -17
leaf_value=0.01015904283254771 0.0060400273003025961 -0.0076154846164451185 -0.013678275610351521 -0.013637765113056284 0.0079732567331981894 -0.014012027155175577 0.0060826783354065274 0.015772939860440024 0.002937738170638019 0.0096225418814173073 0.0093532942177710719 -0.0092679266467515335 0.0041184691642434448 -0.0018358007993185173 0.0051425186024083511 0.016392428396390806
leaf_weight=4.2452118098735836 10.295005366206171 17.518914565443996 7.9017650932073575 12.142201423645018 5.9587835818529111 7.4219561815261841 279.28924380242825 3.6023979336023322 272.34729914367199 28.476704865694046 67.641771122813225 10.658384844660757 95.620872765779495 5.5638300925493231 1.9291161149740217 19.541106924414635
leaf_count=9 25 76 41 64 13 37 673 6 792 57 142 40 249 18 6 29
internal_value=0.00437946 0.00367742 0.00399107 -0.0074121 0.00604961 -0.00414669 0.00423096 -0.00357907 0.00453181 0.00662755 0.00537893 -0.00169896 0.00629345 0.0109017 -0.00988335 0.0123984
internal_weight=850.155 598.976 582.589 16.3874 251.178 13.3807 572.758 21.1213 551.637 237.798 184.216 20.9534 163.263 53.5816 9.83088 48.0178
internal_count=2277 1667 1594 73 610 50 1547 82 1465 560 456 65 391 104 47 86
is_linear=0
shrinkage=0.01


Tree=109
num_leaves=24
num_cat=0
split_feature=54 61 28 21 21 34 40 55 43 49 7 63 26 47 56 33 14 7 55 45 45 41 72
split_gain=9.73861 18.2173 18.8331 16.8688 20.6848 16.2496 16.048 15.8065 14.4958 15.6465 15.3429 12.5678 19.3238 17.2836 14.7939 12.6035 14.0554 11.5707 11.2234 10.9234 9.50879 9.39855 5.33592
threshold=0.29366892576217657 190.20009613037112 467.90625000000006 -1243.4999999999998 -6747.9999999999991 1.4507862329483034 -1.8717767000198362 0.28294937312603002 74175.929687500015 -0.78156125545501698 1.6071060895919802 6.9879679679870614 0.11163924634456636 0.43975067138671881 -0.89858266711235035 -1.4548804163932798 1.7150000333786013 1.7285684347152712 -0.029260637238621708 -0.42076173424720759 -0.45103651285171503 0.41503828763961798 -958467.18749999988
decision_type=2 2 2 2 2 2 2 2 2 2 2 2 2 2 2 2 2 2 2 2 2 2 2
left_child=1 2 8 4 5 -3 19 -8 9 -1 -10 14 22 21 -2 16 -16 -5 -6 -4 -17 -14 -13
right_child=11 3 6 17 18 -7 7 -9 10 -11 -12 12 13 -15 15 20 -18 -19 -20 -21 -22 -23 -24
leaf_value=0.01056243045455091 -0.014617215715182916 -0.015188814080545451 0.020085367241629407 0.0045928706574480801 0.014286066845108946 0.011995966657467329 -0.0081465932292672134 0.0024221542909750307 -0.0095243931364903996 0.0047160548115579492 0.0032292033678517663 -0.014282521743521397 0.0043902806503845473 -0.014288771218990382 0.0092185912878428068 0.0092782243144939307 -0.014587030761480655 -0.014862131906089197 0.00026229522958164212 0.0019379385981375293 0.0054971427617190351 0.02132795498895132 0.0026067989050053836
leaf_weight=61.02339106798172 3.4553485661745063 9.3836833834648115 5.3942822366952887 3.8819089680910137 11.479731991887093 2.831046685576438 29.1246447712183 27.320765376091003 11.938282579183577 189.11517627537251 44.797224774956703 9.3421214520931262 9.6569076776504534 3.5051549524068824 4.1469227820634824 87.906763404607773 6.0655342787504196 13.242610499262808 11.643600538372993 8.9818247407674772 288.98983344435692 5.124359816312789 2.2196443378925315
leaf_count=126 16 43 7 11 20 6 120 90 46 503 125 45 28 17 8 189 29 62 34 27 712 6 7
internal_value=0.00433355 0.00326985 0.00403777 -0.00223961 0.00168341 -0.00880624 -0.000597829 -0.00301338 0.00511085 0.00614632 0.000527967 0.00541954 -0.000805362 0.00555627 0.00589782 0.00608353 -0.00482248 -0.0103935 0.00726774 0.00881688 0.00638169 0.0103299 -0.0109536
internal_weight=850.571 430.158 377.696 52.4626 35.3381 12.2147 70.8215 56.4454 306.874 250.139 56.7355 420.413 29.8482 18.2864 390.564 387.109 10.2125 17.1245 23.1233 14.3761 376.897 14.7813 11.5618
internal_count=2277 1220 1044 176 103 49 244 210 800 629 171 1057 103 51 954 938 37 73 54 34 901 34 52
is_linear=0
shrinkage=0.01


Tree=110
num_leaves=22
num_cat=0
split_feature=15 14 53 61 72 51 56 58 19 10 24 63 54 62 24 29 23 19 19 23 19
split_gain=9.69141 17.7522 12.6692 25.0242 24.4718 14.7061 13.5699 11.8356 9.02243 16.8649 11.36 34.7508 21.5671 12.3947 20.7277 9.01489 8.48671 5.90632 4.96543 4.9453 3.17942
threshold=2.2150000333786015 2.3249999284744267 -0.16971824318170545 72.196708679199233 -664579.71874999988 -0.04163797385990619 -1.075711131095886 97480.000000000015 4906.4450683593759 -0.0004635000077541917 27.500000000000004 1.0809445977211001 -1.0772692561149595 1.2066337466239931 7.5000000000000009 2.1538648605346684 1.5000000000000002 15627.134765625002 1698.8699951171877 7.5000000000000009 9089.5346679687518
decision_type=2 2 2 2 2 2 2 2 2 2 2 2 2 2 2 2 2 2 2 2 2
left_child=8 15 3 7 -5 -4 -7 -3 10 -10 13 18 -13 16 -15 -2 -1 20 -12 -17 -11
right_child=1 2 5 4 -6 6 -8 -9 9 17 11 12 -14 14 -16 19 -18 -19 -20 -21 -22
leaf_value=0.011002163292667249 0.0082601208682696221 0.0037055061082845609 -0.015560771127856747 -0.0018999303907021009 0.015608421919519196 0.013882039254347911 0.0046608993024387707 0.01444861262965293 -0.0078901679334874037 0.012050053458055923 -0.015629794713097431 -0.015279492678971825 0.0054319318321790445 -0.00065077066922246591 0.0075154257118341403 -0.013100738533301445 0.0010700977322884713 0.0050983895341642754 0 0.0036700451924332788 0.020229751634037469
leaf_weight=65.807244569063187 3.1116737872362163 25.475857570767403 3.4288128465414038 118.06239950656891 8.5567800551652891 17.071274012327194 277.32335794717073 17.560894370079041 4.1995343863964107 10.639749109745031 10.766283705830572 5.2559201568365088 105.72351621091366 47.937838196754456 87.2878807336092 11.237763389945028 10.157720431685446 6.7123674452304831 2.3808758109807959 1.9797891527414311 10.298385888338087
leaf_count=122 7 69 15 406 14 32 753 30 16 19 48 24 255 140 196 63 27 16 8 6 11
internal_value=0.0042882 0.00335325 0.00371264 0.00152296 -0.000708838 0.00495665 0.00519901 0.0081124 0.00551744 0.010632 0.00502865 0.00261421 0.00444204 0.006443 0.00461309 -0.00687444 0.00968725 0.0134813 -0.012739 -0.0105131 0.016121
internal_weight=850.976 483.809 467.479 169.656 126.619 297.823 294.395 43.0368 367.167 31.85 335.317 124.127 110.979 211.191 135.226 16.3292 75.965 27.6505 13.1472 13.2176 20.9381
internal_count=2277 1395 1319 519 420 800 785 99 882 62 820 335 279 485 336 76 149 46 56 69 30
is_linear=0
shrinkage=0.01


Tree=111
num_leaves=18
num_cat=0
split_feature=54 57 30 62 31 53 17 1 44 45 50 31 36 1 18 22 54
split_gain=9.55703 12.3426 10.8887 23.4372 22.4023 15.0522 14.3736 10.6024 7.01811 13.2361 13.5011 8.90185 10.677 4.72974 4.71844 20.4288 3.41493
threshold=4.3018939495086679 0.54489997029304515 7.903783082962037 10.858288764953615 3.2327225208282475 1.7788622975349428 2.5000000000000004 132395.50000000003 599.45498657226574 -0.49575972557067866 0.0012554385466501119 3.0273464918136601 -1.8520282506942747 543807.50000000012 4706.5000000000009 16840.605468750004 5.92757272720337
decision_type=2 2 2 2 2 2 2 2 2 2 2 2 2 2 2 2 2
left_child=1 13 5 6 -5 7 -4 -3 9 -2 -11 14 -13 -1 16 -16 -10
right_child=8 2 3 4 -6 -7 -8 -9 11 10 -12 12 -14 -15 15 -17 -18
leaf_value=-0.013496239222892127 0.012743582382303853 0.0067551332072161539 -0.01193382942449661 0.0099724140752405384 -0.0073051569753827574 -0.014012565017882251 0.0064249105906799718 0.0037912013400973237 0.01533192994660869 -0.015172234701478909 0.0053635413236596784 0.0088929875343835875 -0.015494759272537384 0.0045124732452744114 -0.010324085593325689 0.011194038590740396 0.0091775796191484876
leaf_weight=5.6164808645844451 7.346820384263995 158.11645795404911 18.602857694029812 26.019377127289772 10.480439782142637 4.4064681082963935 5.4558522552251807 528.54638385772705 18.743255808949471 5.9277370125055295 6.8693822622299194 4.1003385782241821 3.1753193885087958 1.8707261681556699 5.5700085908174541 20.578416153788567 19.928616151213646
leaf_count=30 12 374 89 61 42 22 15 1444 24 28 18 8 14 6 21 33 36
internal_value=0.00424347 0.00387133 0.00399951 -5.01205e-05 0.00498399 0.00435583 -0.00772901 0.00447516 0.00729524 0.00201212 -0.00407067 0.0087575 -0.00161313 -0.00886309 0.00993697 0.00657211 0.0121863
internal_weight=851.355 759.115 751.628 60.5585 36.4998 691.069 24.0587 686.663 92.2399 20.1439 12.7971 72.096 7.27566 7.48721 64.8203 26.1484 38.6719
internal_count=2277 2083 2047 207 103 1840 104 1818 194 58 46 136 22 36 114 54 60
is_linear=0
shrinkage=0.01


Tree=112
num_leaves=22
num_cat=0
split_feature=28 35 59 43 54 54 50 2 11 48 56 20 29 66 59 50 35 14 58 61 50
split_gain=9.54186 19.7472 15.1519 12.5964 22.0405 11.2198 16.4175 16.0589 15.4851 14.9119 15.9197 25.6934 12.6504 24.7789 22.2696 10.0728 8.49135 8.08972 8.53997 4.85794 0.955688
threshold=718.00000000000011 -1.610756993293762 1.450089752674103 8144.0351562500009 2.1021850109100346 1.897873103618622 0.0056232954375445851 1632795.5000000002 73.104999542236342 -0.66883382201194752 0.076827276498079314 920.69998168945324 2.6411490440368657 2.8861234188079838 1.003052890300751 0.0026340330950915818 1.6837863922119143 3.3149999380111699 55516.000000000007 88.404224395751967 0.0078126576263457554
decision_type=2 2 2 2 2 2 2 2 2 2 2 2 2 2 2 2 2 2 2 2 2
left_child=5 -2 3 4 -3 9 7 8 -7 10 11 -1 14 -14 -11 -5 -4 18 -8 -12 -19
right_child=1 2 16 15 -6 6 17 -9 -10 12 19 -13 13 -15 -16 -17 -18 20 -20 -21 -22
leaf_value=0.0118599522400973 -0.014183787677491341 0.0030564253238326263 -0.014404928296998689 0.011473898121701957 -0.015025555458703621 0.0063927441137077868 0.01284101829570948 -0.014072013139273856 -0.015317966191457835 0.0019662780758945377 0.0074585495735147471 -0.015903714199503059 0.0027117376528695688 -0.01006612873554235 0.007616681971239516 0.0031344441307226373 0.0035794668691123211 0.020231110626538425 0.0016712987261385112 0.016283977436316113 0.014783459842831486
leaf_weight=8.2551727592945081 7.3936526626348487 40.220537945628166 7.6134950816631299 26.692337527871132 8.0982471108436567 96.720608338713646 18.762685865163807 4.2789427340030661 3.3750377297401419 131.58361564576626 9.5531346499919909 5.5860967189073554 231.04131440073252 16.216954708099365 149.85524421930313 32.629126638174057 3.8890129625797272 8.2287312150001544 11.126173317432402 21.196600437164307 9.4094749540090543
leaf_count=16 36 121 37 56 39 224 28 21 15 373 21 25 669 68 339 94 12 9 28 32 14
internal_value=0.0041992 0.00165303 0.00264421 0.00381632 5.18245e-06 0.0046421 0.00706711 0.00483258 0.00565071 0.00399781 0.00956435 0.000582769 0.00352643 0.00186963 0.00497845 0.00690373 -0.00823744 0.0119534 0.00871653 0.0135747 0.0173816
internal_weight=851.726 126.536 119.143 107.64 48.3188 725.19 151.902 104.375 100.096 573.288 44.591 13.8413 528.697 247.258 281.439 59.3215 11.5025 47.5271 29.8889 30.7497 17.6382
internal_count=2277 395 359 310 160 1882 339 260 239 1543 94 41 1449 737 712 150 49 79 56 53 23
is_linear=0
shrinkage=0.01


Tree=113
num_leaves=25
num_cat=0
split_feature=54 59 49 38 18 68 45 54 70 7 70 3 47 40 69 50 28 5 50 38 7 42 33 7
split_gain=9.35873 16.7765 23.0908 19.5087 17.2027 17.0448 16.8067 16.6295 24.0055 15.4911 17.4671 15.1039 12.3253 13.7719 12.9922 20.2385 24.0102 19.6562 9.21386 12.025 8.03841 8.73062 6.43286 5.66188
threshold=0.29366892576217657 1.1172108054161074 -0.78156125545501698 0.83852612972259533 18990.000000000004 76.190841674804702 2.8460384607315068 -0.89105430245399464 30687.208007812504 2.5485479831695561 25782.616210937504 118710.50000000001 0.86615434288978588 1.8358138799667361 3.5195523500442509 0.0034269909374415879 2033.8750000000002 10279.909667968752 -0.012258646078407763 -2.1968432664871211 1.9708573222160342 -2.6194999918516256e-05 -1.292524456977844 3.527196049690247
decision_type=2 2 2 2 2 2 2 2 2 2 2 2 2 2 2 2 2 2 2 2 2 2 2 2
left_child=1 2 7 5 9 -4 -5 23 -9 11 -11 -3 14 20 18 17 -17 -16 22 -20 -14 -22 -2 -1
right_child=12 4 3 6 -6 -7 -8 8 -10 10 -12 -13 13 -15 15 16 -18 -19 19 -21 21 -23 -24 -25
leaf_value=0.010867919724233017 0.0061860214798608428 0.0088691389572925182 0.00076836114592519181 -0.0054612550184230235 -0.015041748887672736 0.01143058317807062 0.016589650134488123 0.007449571737701376 -0.011393470292812504 -0.0058771786805635363 0.0069805572989766898 -0.0038271235085409693 -0.015375170184000702 0.012116654720293199 0.00087114539296449887 0.0085849715089475632 -0.0058638512186926263 0.0093780088433873202 0.015781973577971536 0.0037268094066670848 -0.0092426104019895268 0.0093602934634291323 0.018367481630510316 0.023157721468635178
leaf_weight=18.881057098507885 6.3285974562168148 114.1216157078743 112.99637021124363 67.34366649389267 3.9332247078418723 17.338292762637138 3.6236786395311347 26.505810558795929 9.0492780804634076 20.268966048955917 22.027227833867073 10.092870429158209 6.3769634813070359 5.1640401631593695 143.47398814558983 144.47362315654755 12.411492154002188 33.609707072377205 11.406817018985747 31.44024184346199 5.7138933986425435 4.4988043010234779 16.020592600107193 4.9576873183250418
leaf_count=40 14 254 342 252 18 38 6 64 37 74 54 36 29 9 423 313 49 72 16 80 23 10 19 5
internal_value=0.00415563 0.00311433 0.00151404 -9.76471e-05 0.00555613 0.00219442 -0.00432122 0.00699333 0.00262562 0.00604869 0.000795296 0.00782947 0.00521983 -0.00207676 0.00561999 0.00481692 0.00743552 0.00249136 0.00971836 0.00695949 -0.00655517 -0.000949912 0.0149628 0.0134657
internal_weight=852.059 431.14 260.696 201.302 170.444 130.335 70.9673 59.3938 35.5551 166.511 42.2962 124.214 420.919 21.7537 399.165 333.969 156.885 177.084 65.1962 42.8471 16.5897 10.2127 22.3492 23.8387
internal_count=2277 1220 784 638 436 380 258 146 101 418 128 290 1057 71 986 857 362 495 129 96 62 33 33 45
is_linear=0
shrinkage=0.01


Tree=114
num_leaves=17
num_cat=0
split_feature=56 58 38 49 1 27 10 66 29 34 33 50 20 3 18 70
split_gain=9.33019 20.2644 18.6075 17.334 14.3656 13.991 13.059 14.7565 12.839 10.5625 16.2527 12.667 5.6141 5.39319 8.67245 4.16124
threshold=1.6506541371345522 -364639.99999999994 3.0136001110076909 -1.0121446251869199 1519164.0000000002 -1583359.9999999998 -0.0011824999819509683 1.7639768123626711 2.6411490440368657 -1.4370583891868589 -1.3941018581390379 -0.0096525889821350557 24850.450195312504 -250801.99999999997 2184.5000000000005 29658.415039062504
decision_type=2 2 2 2 2 2 2 2 2 2 2 2 2 2 2 2
left_child=1 3 6 -1 9 -6 7 -3 -8 13 15 -12 -4 -2 -15 -11
right_child=4 2 12 -5 5 -7 8 -9 -10 10 11 -13 -14 14 -16 -17
leaf_value=0.0097215914117679339 0.02044740459236272 0.0061192727034332936 -0.013669061579617833 -0.013638151910115998 0.0063540727500677576 -0.014097496044525539 0.0057782121548961155 -0.010783904710291937 0.002721761194101537 -0.015394251425339603 0.013551003266077588 0.0053486800812476178 0.0050027889376522026 -0.00094063746998276194 0.016601995009672767 0.00089835104365976876
leaf_weight=4.2523419708013561 7.231570407748225 8.7936221957206744 7.8775337189435941 12.135455995798109 6.3235344439744949 7.0082811713218671 280.0434278100729 12.362828090786932 273.43227172642946 4.366304174065589 21.10099384188652 191.94517362117767 1.9347952753305433 4.7701258063316327 6.5414077490568161 2.2715844810009003
leaf_count=9 8 23 41 64 15 35 673 59 792 20 34 468 6 15 8 7
internal_value=0.00411252 0.0034314 0.00374006 -0.00751569 0.00573535 -0.00432192 0.00397447 -0.00371088 0.00427005 0.00630238 0.00568279 0.00616577 -0.00988543 0.0135889 0.00911578 -0.00966803
internal_weight=852.391 600.832 584.444 16.3878 251.559 13.3318 574.632 21.1565 553.476 238.227 219.684 213.046 9.81233 18.5431 11.3115 6.63789
internal_count=2277 1667 1594 73 610 50 1547 82 1465 560 529 502 47 31 23 27
is_linear=0
shrinkage=0.01


Tree=115
num_leaves=18
num_cat=0
split_feature=54 57 66 1 27 20 18 52 41 41 35 28 5 10 1 2 71
split_gain=9.24073 12.0484 10.1289 22.5123 20.7032 23.0403 14.9011 10.7887 7.74779 12.631 17.0226 18.1934 5.20317 7.56442 4.6177 3.06295 1.82783
threshold=4.3018939495086679 0.54489997029304515 1.6205830574035647 40905.000000000007 -58575.999999999993 5440.1198730468759 548.50000000000011 -0.025586224161088463 1.2437162995338442 -1.0854911804199217 -1.3250863552093504 657.18750000000011 1164.3649902343752 -0.00034749999758787448 543807.50000000012 469987.00000000006 12180.184570312502
decision_type=2 2 2 2 2 2 2 2 2 2 2 2 2 2 2 2 2
left_child=1 14 4 -4 5 -3 -5 -6 9 12 -11 -12 13 -2 -1 16 -10
right_child=8 2 3 6 7 -7 -8 -9 15 10 11 -13 -14 -15 -16 -17 -18
leaf_value=-0.013481890089227618 -0.0024173383220599492 0.0051881148022620725 -0.015371179782511624 -0.00046117318016800031 -0.0037293979100580009 -0.0010784315926505497 0.0042346860573798063 0.0097853655471842587 0.0091439785308531658 -0.014672146044355528 0.0068707912444081615 -0.015334400085992335 0.016448090161660708 0.013583440438874012 0.0042993831974181655 0.005199803132916795 0.01572576949293731
leaf_weight=5.5991602987051001 5.1230663806200027 236.29582419991493 6.8496509045362464 93.352821364998817 6.2029024064540854 77.725082561373711 241.28211405873299 91.504236027598381 7.5243373960256639 5.3719112426042548 32.80224147439003 4.1349903345108023 10.485374525189398 6.6987526714801806 1.8735909163951872 6.3342870473861685 13.551144510507582
leaf_count=30 16 598 31 301 20 243 662 192 13 26 68 20 12 9 6 14 16
internal_value=0.00406987 0.00370503 0.00383131 0.00255184 0.00489007 0.00363386 0.0029217 0.00891715 0.0070748 0.00515697 0.00191808 0.00435793 0.0112552 0.0065648 -0.0088899 0.0115594 0.0134234
internal_weight=852.711 760.685 753.213 341.485 411.728 314.021 334.635 97.7071 92.0261 64.6163 42.3091 36.9372 22.3072 11.8218 7.47275 27.4098 21.0755
internal_count=2277 2083 2047 994 1053 841 963 212 194 151 114 88 37 25 36 43 29
is_linear=0
shrinkage=0.01


Tree=116
num_leaves=17
num_cat=0
split_feature=56 58 38 49 2 27 10 45 29 4 49 41 49 33 44 20
split_gain=9.1245 19.8636 18.2317 17.0606 14.0247 12.9802 12.805 14.4731 12.5116 12.1022 11.5374 17.3212 10.31 10.0121 7.41348 5.53587
threshold=1.6506541371345522 -364639.99999999994 3.0136001110076909 -1.0121446251869199 1632795.5000000002 -1583359.9999999998 -0.0011824999819509683 -0.39931352436542505 2.6411490440368657 9430.7700195312518 -0.78156125545501698 1.0000000180025095e-35 -0.21621558815240857 0.99197080731391918 6978.0700683593759 24850.450195312504
decision_type=2 2 2 2 2 2 2 2 2 2 2 2 2 2 2 2
left_child=1 3 6 -1 9 -6 7 -3 -8 10 11 -2 -12 14 -11 -4
right_child=4 2 15 -5 5 -7 8 -9 -10 13 12 -13 -14 -15 -16 -17
leaf_value=0.0095718390125690625 0.0037211947324868118 0.0058540552718268427 -0.013629172838908885 -0.01360304089753676 0.0056625629228680228 -0.014022350758376502 0.0056709811789946154 -0.010849233085173101 0.002655555133468236 0.0026505337453704837 0.0088580884761908039 -0.016346806531704436 0.0037341055381971276 -0.0021250162381757187 0.013575145518542565 0.0048960915376037428
leaf_weight=4.2585623264312771 14.992861062288286 8.9555272608995455 7.8389074951410276 12.079118713736532 6.5178833603858948 6.7972483932971937 280.35576450824738 12.178513318300245 273.79926379770041 7.6171195060014716 67.824130669236183 6.0116586834192267 95.826411113142967 5.5916603356599799 40.462252095341682 1.9403831809759138
leaf_count=9 39 24 41 64 16 34 673 58 792 20 142 26 249 18 66 6
internal_value=0.00402758 0.00335446 0.0036593 -0.00750109 0.00563231 -0.0043113 0.0038907 -0.00372392 0.00418291 0.00619205 0.00496676 -0.00197482 0.00586382 0.010389 0.0118652 -0.00985118
internal_weight=853.047 601.406 585.068 16.3377 251.641 13.3151 575.289 21.134 554.155 238.326 184.655 21.0045 163.651 53.671 48.0794 9.77929
internal_count=2277 1667 1594 73 610 50 1547 82 1465 560 456 65 391 104 86 47
is_linear=0
shrinkage=0.01


Tree=117
num_leaves=18
num_cat=0
split_feature=54 57 30 63 31 53 17 41 41 41 35 28 5 10 1 28 31
split_gain=9.06232 11.8324 10.3153 21.9047 22.1484 14.6718 13.8639 10.7526 7.60842 12.4118 16.71 17.8435 5.09514 7.40866 4.53375 3.04765 2.7902
threshold=4.3018939495086679 0.54489997029304515 7.903783082962037 10.792637348175051 3.2327225208282475 1.7788622975349428 2.5000000000000004 2.8820556402206425 1.2437162995338442 -1.0854911804199217 -1.3250863552093504 657.18750000000011 1164.3649902343752 -0.00034749999758787448 543807.50000000012 -508.62499999999994 -2.3967406749725337
decision_type=2 2 2 2 2 2 2 2 2 2 2 2 2 2 2 2 2
left_child=1 14 5 6 -5 7 -4 -3 9 12 -11 -12 13 -2 -1 -10 -17
right_child=8 2 3 4 -6 -7 -8 -9 15 10 11 -13 -14 -15 -16 16 -18
leaf_value=-0.013448569345537058 -0.0024209929004119024 0.0043945602438549038 -0.0118754619576616 0.0095902024925263226 -0.0074565081665468871 -0.014036084923030542 0.0061391808094955367 -0.0044152106941234576 0.0057855412927306565 -0.014621500663746513 0.00675158600725411 -0.015275924402388379 0.01626045559793525 0.013425960819709978 0.0041657552772808113 0.0077808441774107322 0.016190211173907544
leaf_weight=5.5719878375530234 5.1176893562078476 674.88130706548691 18.321753621101383 26.191220328211784 10.686878472566603 4.4086702167987815 5.4905932992696753 14.031464755535124 7.5725149065256145 5.3505608290433875 32.800695165991783 4.1194576025009146 10.462744027376173 6.6833008378744143 1.8762209415435789 6.3967800289392533 13.374874472618098
leaf_count=30 16 1768 88 61 43 22 15 50 16 26 68 20 12 9 6 12 15
internal_value=0.00398595 0.00362524 0.00375007 -0.000187496 0.00462313 0.00409619 -0.00767969 0.00421368 0.00696451 0.0050634 0.00185223 0.00426673 0.0111153 0.00646894 -0.00887722 0.0114147 0.0135201
internal_weight=853.339 761.46 754.012 60.6904 36.8781 693.321 23.8123 688.913 91.8786 64.5344 42.2707 36.9202 22.2637 11.801 7.44821 27.3442 19.7717
internal_count=2277 2083 2047 207 104 1840 103 1818 194 151 114 88 37 25 36 43 27
is_linear=0
shrinkage=0.01


Tree=118
num_leaves=21
num_cat=0
split_feature=54 59 72 56 37 42 55 50 66 11 42 41 41 70 5 43 56 59 28 31
split_gain=8.93062 10.6477 17.9673 19.8 18.7058 17.4327 20.5984 16.6032 19.705 16.7562 12.1024 7.46927 12.2681 12.0813 9.24877 7.11669 6.65933 3.2063 3.00284 2.74768
threshold=4.3018939495086679 1.1464865207672121 -284499.56249999994 4.0896794795989999 -2.4165176153182979 -0.0011035000206902621 0.64445883035659801 -0.0071258812677115193 -2.9579961299896236 35.629999160766609 0.001241120044142008 1.2437162995338442 0.64479124546051036 28924.002929687504 6794.8999023437509 291.30999755859381 1.8224115371704104 1.5359761714935305 -508.62499999999994 -2.3967406749725337
decision_type=2 2 2 2 2 2 2 2 2 2 2 2 2 2 2 2 2 2 2 2
left_child=1 5 3 10 -5 6 -1 9 -9 -7 -3 12 13 15 -15 -2 -8 -4 -13 -20
right_child=11 2 17 4 -6 7 16 8 -10 -11 -12 18 -14 14 -16 -17 -18 -19 19 -21
leaf_value=-0.014190450892503648 0.00085356314615984291 0.0058231928031174177 -0.016367554235427368 0.010074160038918594 -0.015706421774268321 0.0038300670451082612 -0.0025608245241406087 -0.011818788230961752 0.002455487351317205 0.012157765543079822 0.017617698323323078 0.0057282849927790995 -0.0096947895233125414 -0.016312233983272823 0.0071732886006548695 0.0098840681361519276 0.016748861949551625 -0.0015060109313472336 0.0077104403053992474 0.016063799727538016
leaf_weight=12.572561621665956 11.392104640603064 234.99093118309975 4.1608530580997458 4.2785491198301306 8.0541509687900525 77.323326334357262 3.4230252504348746 9.9192274957895261 356.4226116463542 35.538047224283218 9.1315247565507871 7.5717267841100719 5.1596001237630835 3.889511674642562 2.8781914263963699 41.135134115815163 3.5690037906169891 2.4713304042816162 6.3906678855419221 13.345471560955042
leaf_count=62 38 582 18 9 36 207 14 41 1024 63 13 16 19 17 6 71 6 8 12 15
internal_value=0.00394478 0.00358707 0.00521899 0.00564182 -0.00668135 0.00272426 -0.00651173 0.00310343 0.00206626 0.00646117 0.00626847 0.00690382 0.0050188 0.00631598 -0.00617647 0.00794457 0.00715257 -0.0109805 0.0113164 0.0134096
internal_weight=853.618 761.855 263.087 256.455 12.3327 498.768 19.5646 479.203 366.342 112.861 244.122 91.7624 64.4545 59.2949 6.7677 52.5272 6.99203 6.63218 27.3079 19.7361
internal_count=2277 2083 666 640 45 1417 82 1335 1065 270 595 194 151 132 23 109 20 26 43 27
is_linear=0
shrinkage=0.01


Tree=119
num_leaves=18
num_cat=0
split_feature=56 58 38 1 61 10 54 29 61 63 53 34 56 52 29 67 61
split_gain=8.90757 19.479 17.849 13.7779 14.9869 12.3001 15.3015 12.1909 10.5338 23.507 16.3302 14.5009 10.348 8.21228 8.14374 5.35661 5.30137
threshold=1.6506541371345522 -364639.99999999994 3.0136001110076909 1519164.0000000002 57.592523574829109 -0.0011824999819509683 2.1021850109100346 2.6411490440368657 72.196708679199233 6.9879679679870614 -1.6625156998634336 -1.4370583891868589 5.0433580875396737 -0.040477082133293145 2.7509341239929204 3.9674335718154912 220.09100341796878
decision_type=2 2 2 2 2 2 2 2 2 2 2 2 2 2 2 2 2
left_child=1 13 5 8 -5 6 -3 -7 10 11 -2 -10 -11 -1 -12 -15 -4
right_child=3 2 16 4 -6 7 -8 -9 9 12 14 -13 -14 15 -16 -17 -18
leaf_value=0.0064108505955707542 -0.014205117225418578 -0.0076265037995446741 -0.013576661214449981 0.0073093460088297446 -0.013991634728146369 0.0055227708160239062 0.014913804863467229 0.0025488717633108792 0.015065513532776773 -0.014234301707465103 0.0038903435016788409 0.0051160883334192388 0.0061168612716652826 -0.013710972981049712 0.015142166951022492 0.004465806870499741 0.0044450098246721506
leaf_weight=3.2867267876863506 2.4091230481863013 17.444832742214206 7.7927625328302366 5.9450643956661207 7.3345371410250664 280.76295052468777 3.6187383681535712 274.34665055572987 16.164506867527962 8.6590466946363431 8.6968421489000303 171.13433627784252 3.4320170730352393 11.214988395571707 27.89143979549408 1.8036320209503163 1.9682777822017667
leaf_count=8 12 76 41 13 37 673 6 792 23 42 21 409 9 59 44 6 6
internal_value=0.00390403 0.00323973 0.00354091 0.00548973 -0.00438022 0.00376934 -0.00370659 0.00405481 0.00604374 0.00510458 0.0108199 0.0059801 -0.00837497 -0.00752164 0.012495 -0.0111159 -0.00984021
internal_weight=853.906 602.24 585.934 251.667 13.2796 576.173 21.0636 555.11 238.387 199.39 38.9974 187.299 12.0911 16.3053 36.5883 13.0186 9.76104
internal_count=2277 1667 1594 610 50 1547 82 1465 560 483 77 432 51 73 65 65 47
is_linear=0
shrinkage=0.01


Tree=120
num_leaves=16
num_cat=0
split_feature=28 34 2 52 40 38 58 39 56 2 10 31 56 52 7
split_gain=8.7419 19.0344 13.2364 13.243 17.7378 11.8461 10.3431 19.2821 25.5425 17.8684 17.4717 12.1001 11.8327 5.04987 4.98759
threshold=817.25000000000011 0.69587054848670971 1134139.0000000002 0.051259016618132598 1.2935948371887209 2.6015568971633916 16608.000000000004 0.56548690795898449 -0.84179982542991627 1257909.5000000002 0.00046963999920990323 3.2327225208282475 0.75591072440147411 0.045435911044478423 3.0356838703155522
decision_type=2 2 2 2 2 2 2 2 2 2 2 2 2 2 2
left_child=5 13 3 4 -3 6 9 10 -9 12 -8 -11 -1 -2 -4
right_child=1 2 14 -5 -6 -7 7 8 -10 11 -12 -13 -14 -15 -16
leaf_value=0.0040782365442955781 -0.014793625440785101 -9.7726486401842827e-05 -0.013506517902961567 0.016915214241701122 0.010023287489240078 0.016253493509962604 0.0015823139841668196 -0.015538129980535808 0.0065744494224029976 -0.011087084941722567 -0.0088916669260553569 0.0029728684222053467 0.0075216554414716929 0.0020452637065243983 0.0044256783985226209
leaf_weight=225.29242487996817 8.620155066251753 64.301247105002403 6.5749906450510007 7.0258518010377875 23.602551847696304 8.2035425007343274 153.7013933211565 5.4311993420124045 122.56467445194721 10.774836584925653 17.755980640649796 14.003363907337187 182.2268453836441 2.118190884590148 1.9311578497290609
leaf_count=596 40 206 35 11 54 13 439 24 286 49 70 40 401 7 6
internal_value=0.00386401 0.00127599 0.00259945 0.00367783 0.00260843 0.00426199 0.00412619 0.00269066 0.00562834 0.00511826 0.000491805 -0.00310076 0.00562045 -0.0113789 -0.00931779
internal_weight=854.128 114.174 103.436 94.9297 87.9038 739.954 731.751 299.453 127.996 432.297 171.457 24.7782 407.519 10.7383 8.50615
internal_count=2277 359 312 271 260 1918 1905 819 310 1086 509 89 997 47 41
is_linear=0
shrinkage=0.01


Tree=121
num_leaves=22
num_cat=0
split_feature=54 59 30 10 55 14 56 37 30 10 41 41 55 41 1 56 5 10 6 36 7
split_gain=8.70638 10.3303 23.8868 16.917 20.1337 16.3076 15.25 18.5647 13.2853 11.834 7.34374 12.1088 16.2763 14.4895 6.86185 6.4364 4.98703 7.2267 3.01005 6.77583 1.54529
threshold=4.3018939495086679 1.1464865207672121 1.0094195604324343 -0.0011035000206902621 0.64445883035659801 0.84499999880790722 4.0896794795989999 -1.9937008619308469 7.903783082962037 0.001241120044142008 1.2437162995338442 -1.0854911804199217 -0.094515658915042863 -0.37757751345634455 76245.000000000015 1.8224115371704104 1164.3649902343752 -0.00034749999758787448 -1007319487.9999999 0.39846782386302954 1.6797711253166201
decision_type=2 2 2 2 2 2 2 2 2 2 2 2 2 2 2 2 2 2 2 2 2
left_child=1 3 -3 4 -1 -5 9 -8 -7 -4 11 16 14 -14 -13 -6 17 -2 20 -20 -12
right_child=10 2 6 5 15 8 7 -9 -10 -11 18 12 13 -15 -16 -17 -18 -19 19 -21 -22
leaf_value=-0.014131929383700944 -0.002515384094582854 -0.015747258956505975 0.0056437543149724934 0.014633986703026035 -0.0025831972729571605 0.0031717577463675484 0.0080921625348624668 -0.015589575753427818 -0.0033092506478764774 0.017288826563375329 0.0098189744253483775 0.00093067487810379621 -0.010328292002099644 0.0083297634518994905 -0.015167108353210952 0.016385410813712909 0.015970812279420557 0.013157221287107071 -0.0021226977705769931 0.014238856245343014 0.01640590839056923
leaf_weight=12.488038539886476 5.1096565723419189 5.370743677020072 235.60720625519753 11.780466243624685 3.4182715862989417 434.18275248259306 5.9815742075443268 7.3250580281019193 33.964651301503181 9.1590573787689191 7.1929575353860917 4.2218205183744413 4.8964296132326153 26.432486638426781 6.6314548999071121 3.5841802060604095 10.418024912476538 6.6566701978445071 4.6199967265129072 5.3619333207607269 10.05065608024597
leaf_count=62 16 24 583 17 14 1191 13 33 127 13 12 13 18 52 31 6 12 9 13 7 11
internal_value=0.00382391 0.00347144 0.00507772 0.00262213 -0.00649455 0.00299445 0.00551498 -0.00486905 0.00269942 0.00608359 0.0067487 0.00487938 0.00170579 0.00538176 -0.00881309 0.00698301 0.0108687 0.00626623 0.0111314 0.00656596 0.0137162
internal_weight=854.454 762.862 263.444 499.418 19.4905 479.928 258.073 13.3066 468.147 244.766 91.5921 64.3665 42.1822 31.3289 10.8533 7.00245 22.1844 11.7663 27.2255 9.98193 17.2436
internal_count=2277 2083 666 1417 82 1335 642 46 1318 596 194 151 114 70 44 20 37 25 43 20 23
is_linear=0
shrinkage=0.01


Tree=122
num_leaves=27
num_cat=0
split_feature=54 61 28 21 21 34 43 7 49 44 9 0 47 69 36 35 54 36 58 11 44 7 11 70 30 27
split_gain=8.66186 17.501 17.586 16.2938 19.8957 15.8219 14.093 14.9043 14.6026 12.9224 24.1064 14.6208 11.9313 12.3971 19.7076 20.1342 18.6923 14.0989 19.9998 11.106 11.2827 11.0844 10.9183 6.25888 5.60061 3.54916
threshold=0.29366892576217657 190.20009613037112 467.90625000000006 -1243.4999999999998 -6747.9999999999991 1.4507862329483034 74175.929687500015 1.6071060895919802 -0.78156125545501698 25355.411132812504 12415199.000000002 99918.000000000015 0.86615434288978588 3.5195523500442509 -1.7912219166755674 -2.0126076936721797 0.54828003048896801 -1.0471716523170469 2760.0000000000005 33.504999160766609 9884.8100585937518 1.7285684347152712 72.524997711181655 22836.087890625004 1.3792896866798403 111536.00000000001
decision_type=2 2 2 2 2 2 2 2 2 2 2 2 2 2 2 2 2 2 2 2 2 2 2 2 2 2
left_child=1 2 6 4 5 -3 8 -8 -1 10 -4 -11 13 17 16 -16 -15 23 -19 -14 24 -5 -6 -2 -21 -22
right_child=12 3 9 21 22 -7 7 -9 -10 11 -12 -13 19 14 15 -17 -18 18 -20 20 25 -23 -24 -25 -26 -27
leaf_value=0.0098347358310915262 0.015776636012823905 -0.01531713281194126 0.0013488951449533036 0.003971432375945317 0.0022648467728306463 0.01139446495457782 -0.0098229909173403237 0.0027176592738352968 0.0042087675263623014 -0.0038810399392229743 -0.01490903091555097 0.0095237284384275134 -0.015124368077408726 0.012526630409805548 -0.0082970469055478023 0.0056000032365121208 -0.0085178250234084745 0.0078503391999581798 -0.016109352543450216 -0.0040190892525294652 -0.015574937329278489 -0.01496446473164637 0.01746618259250405 0.008326345646788174 0.012154396480721035 0
leaf_weight=61.505051076412201 23.716038644313812 9.4227317720651609 23.588323876261711 3.9277814179658916 16.550888270139698 2.8566306531429282 11.993948295712469 45.139492183923721 190.40568272769451 14.354811102151869 14.770853683352469 18.568368598818779 5.2086055874824551 5.322980776429179 10.745667800307272 298.54328968375921 19.961074009537697 13.698926478624346 4.6611644923686972 2.8340636044740695 3.6327968388795844 13.296221867203711 6.7264618277549735 23.139602139592171 7.8362462669610977 2.2547343224287033
leaf_count=126 33 43 76 11 45 6 46 125 503 54 69 45 24 10 43 728 76 29 20 9 16 62 9 47 15 7
internal_value=0.00378476 0.00278606 0.00353602 -0.00259907 0.00124284 -0.0090216 0.0045693 6.75141e-05 0.00558634 -0.000929717 -0.00488543 0.00364875 0.00480846 0.0052018 0.00441859 0.00511394 -0.00404784 0.00920454 0.00171311 -0.0023701 0.00158161 -0.0105882 0.00670054 0.0121187 0.00776496 -0.00945496
internal_weight=854.662 433.107 380.327 52.7807 35.5567 12.2794 309.044 57.1334 251.911 71.2824 38.3592 32.9232 421.555 399.789 334.573 309.289 25.2841 65.2157 18.3601 21.7664 16.5578 17.224 23.2774 46.8556 10.6703 5.88753
internal_count=2277 1220 1044 176 103 49 800 171 629 244 145 99 1057 986 857 771 86 129 49 71 47 73 54 80 24 23
is_linear=0
shrinkage=0.01


Tree=123
num_leaves=21
num_cat=0
split_feature=15 14 53 61 0 51 56 58 19 10 48 56 30 21 59 43 11 55 28 1
split_gain=8.65772 17.163 12.376 23.357 23.6669 14.2905 12.8634 11.3799 8.88125 16.3403 11.5778 9.79307 9.54688 9.20861 7.95533 11.5552 5.64995 6.65734 3.647 1.73194
threshold=2.2150000333786015 2.3249999284744267 -0.16971824318170545 72.196708679199233 12492.000000000002 -0.04163797385990619 -1.075711131095886 97480.000000000015 4906.4450683593759 -0.0004635000077541917 1.9040054678916933 -0.89858266711235035 1.3792896866798403 -6747.9999999999991 1.1642287969589236 8144.0351562500009 38.23500061035157 -0.11558997631072997 -126.37499999999999 217028.00000000003
decision_type=2 2 2 2 2 2 2 2 2 2 2 2 2 2 2 2 2 2 2 2
left_child=8 14 3 7 -5 -4 -7 -3 10 -10 11 12 -1 -13 -2 -16 17 -11 -12 -18
right_child=1 2 5 4 -6 6 -8 -9 9 16 18 13 -14 -15 15 -17 19 -19 -20 -21
leaf_value=0.006803615996474212 -0.013176133874521498 0.003107317949296729 -0.015730777938625772 0.016899359844172554 -0.0021230916436468959 0.013095635354968427 0.004159696935100635 0.013607553822350144 -0.0083152588788577338 0.012971369032006486 -0.016970769896650736 0.0022032821005326898 -0.015365875435202186 0.0059921093466249369 0.01238346376779342 -0.013293190878983615 0.010371749955300949 -0.0050223859800865066 -0.00014509894880804323 0.017729762145478715
leaf_weight=3.2259446531534186 9.4066416472196597 25.639121294021606 3.447737216949462 6.9087592959403983 120.60596413910389 17.227803215384483 279.17583877593279 17.655767068266869 4.1766493469476726 5.1380938142538071 3.1359288543462753 89.914446502923965 4.7232454717159271 232.45816627144814 3.9043770581483832 3.1723033413290977 5.1742636412382152 3.3288914859294909 2.3930920660495749 14.0521192997694
leaf_count=8 52 69 15 10 410 32 753 30 16 9 13 242 21 529 7 17 9 11 7 17
internal_value=0.00374603 0.00286673 0.00321947 0.00106327 -0.00108461 0.0044444 0.00468245 0.00741244 0.00490816 0.00997822 0.00442407 0.00466634 -0.00624324 0.00493845 -0.0071444 0.000731936 0.0127733 0.00577881 -0.00986908 0.0158016
internal_weight=854.865 487.144 470.661 170.81 127.515 299.851 296.404 43.2949 367.721 31.87 335.851 330.322 7.94919 322.373 16.4833 7.07668 27.6934 8.46699 5.52902 19.2264
internal_count=2277 1395 1319 519 420 800 785 99 882 62 820 800 29 771 76 24 46 20 20 26
is_linear=0
shrinkage=0.01


Tree=124
num_leaves=17
num_cat=0
split_feature=28 35 66 40 58 40 71 36 38 41 11 12 35 15 36 33
split_gain=8.51826 17.3953 13.9846 17.1633 24.8236 13.7894 20.1253 13.2615 11.5405 10.2038 14.9633 16.1044 13.3272 11.6769 9.41583 3.40384
threshold=817.25000000000011 -1.610756993293762 3.1698030233383183 1.4713487029075625 -44697.499999999993 -1.0000000180025095e-35 25122.358398437504 1.8138847947120669 2.6015568971633916 -3.194671511650085 76.384998321533217 4820323.2500000009 1.0986397862434389 2.2150000333786015 1.9815481901168825 -0.63339048624038685
decision_type=2 2 2 2 2 2 2 2 2 2 2 2 2 2 2 2
left_child=8 -2 3 4 -3 6 -4 -5 9 12 13 -12 15 -11 -7 -1
right_child=1 2 5 7 -6 14 -8 -9 -10 10 11 -13 -14 -15 -16 -17
leaf_value=0.019704597353053636 -0.014163188317650089 -0.014610343743204222 -0.014991417116923936 0.016782720131507948 0.00081364823875632671 0.016615964159633977 0.012029901998000567 -0.0018640349475496888 0.015917580261593126 0.0055302649653405514 -0.014910590368387837 0.0018275658442363572 -0.0027749570538658686 0.0028866769160806379 0.0015735326824263813 0.010298647661715244
leaf_weight=8.433401763439182 6.9461974501609793 13.439111232757567 5.4718701690435392 9.2529098987579328 46.228382140398026 15.14438107609749 5.5389785617589951 6.3374532461166373 8.2280495762824994 297.63791711628437 8.5771458894014376 17.185448035597801 5.4412176907062522 386.98568955808878 5.948270618915557 8.3189583718776703
leaf_count=10 34 65 26 14 143 23 12 25 13 679 40 51 17 1092 17 16
internal_value=0.00370747 0.00115443 0.00215478 -0.00018949 -0.00264359 0.00768142 -0.00130759 0.00913871 0.00410006 0.00396597 0.00375519 -0.00370626 0.0106676 0.00403743 0.0124213 0.0150934
internal_weight=855.115 114.308 107.361 75.2579 59.6675 32.1035 11.0108 15.5904 740.808 732.58 710.386 25.7626 22.1936 684.624 21.0927 16.7524
internal_count=2277 359 325 247 208 78 38 39 1918 1905 1862 91 43 1771 40 26
is_linear=0
shrinkage=0.01


Tree=125
num_leaves=17
num_cat=0
split_feature=54 57 30 62 31 53 17 41 41 41 22 18 2 6 37 7
split_gain=8.47649 11.4695 9.7552 21.8722 20.8673 14.2124 13.6212 10.4272 7.25993 11.8896 8.14999 23.9164 4.42258 2.94739 4.24505 1.52211
threshold=4.3018939495086679 0.54489997029304515 7.903783082962037 10.858288764953615 3.2327225208282475 1.7788622975349428 2.5000000000000004 2.8820556402206425 1.2437162995338442 0.64479124546051036 26756.709960937504 3368.0000000000005 563257.50000000012 -1007319487.9999999 -1.9937008619308469 1.6797711253166201
decision_type=2 2 2 2 2 2 2 2 2 2 2 2 2 2 2 2
left_child=1 12 5 6 -5 7 -4 -3 9 10 11 -2 -1 15 -15 -10
right_child=8 2 3 4 -6 -7 -8 -9 13 -11 -12 -13 -14 14 -16 -17
leaf_value=-0.013480692288493766 0.0077535513023543855 0.0040741382139967558 -0.011931525275205961 0.0092311409577219821 -0.0074048474436322568 -0.014072357479793136 0.0058535827325792858 -0.0045902244170697047 0.0096170590489135822 -0.0097961642086907517 0.013345123241641416 -0.0097443268137105878 0.0038933234480160129 -0.00070175564962658547 0.012239087001668578 0.016169361804510691
leaf_weight=5.5861500948667517 37.178661003708839 677.19540088623762 18.541154488921169 26.28313684463501 10.509752735495566 4.4063251018524161 5.5253067314624777 14.072404935956 7.1625332534313264 5.1516823917627326 12.077288329601286 9.8463931381702405 1.8775011152029035 4.4131228625774384 5.5471591651439649 9.9951683431863767
leaf_count=30 79 1768 89 61 42 22 15 50 12 19 17 36 6 12 8 11
internal_value=0.00366933 0.00332241 0.00344506 -0.000379255 0.00445195 0.00378106 -0.00780677 0.00389631 0.00655912 0.0047005 0.00598103 0.00406847 -0.00897623 0.0109261 0.00640496 0.0134924
internal_weight=855.369 763.997 756.533 60.8594 36.7929 695.674 24.0665 691.268 91.372 64.254 59.1023 47.0251 7.46365 27.118 9.96028 17.1577
internal_count=2277 2083 2047 207 103 1840 104 1818 194 151 132 115 36 43 20 23
is_linear=0
shrinkage=0.01


Tree=126
num_leaves=17
num_cat=0
split_feature=56 58 38 49 1 61 61 63 53 34 24 56 45 59 61 20
split_gain=8.41841 18.9195 17.1586 16.328 13.1891 14.3578 10.12 22.4109 15.7286 14.0906 10.2081 10.0787 9.88268 14.7761 9.97689 5.28393
threshold=1.6506541371345522 -364639.99999999994 3.0136001110076909 -1.0121446251869199 1519164.0000000002 57.592523574829109 72.196708679199233 6.9879679679870614 -1.6625156998634336 -1.4370583891868589 10.500000000000002 5.0433580875396737 -0.62686693668365467 0.64713069796562206 86.053115844726577 24850.450195312504
decision_type=2 2 2 2 2 2 2 2 2 2 2 2 2 2 2 2
left_child=1 3 12 -1 6 -6 8 9 -2 -8 -10 -9 14 -14 -3 -4
right_child=4 2 15 -5 5 -7 7 11 10 -11 -12 -13 13 -15 -16 -17
leaf_value=0.0090670376266515137 -0.014203699951263469 -0.0027360009550729033 -0.013585305687278828 -0.013600249319449949 0.0069367338856966155 -0.013950187301840267 0.014607514943640279 -0.01419870653705233 0.014863886912108706 0.004795542723049705 0.0020519023339870004 0.005895722063290392 -0.0041484708376275294 0.0035679659161588829 0.012009856911144404 0.0044553299713129694
leaf_weight=4.2612705975770977 2.4033730924129477 5.5568507313728359 7.7764619141817075 12.050769925117491 5.9298927932977659 7.2912960574030876 16.143883258104324 8.6179933100938779 28.481988400220871 171.24639263749123 8.1972401887178403 3.4315238147974005 25.934465318918228 522.54869705438614 23.76414829492569 1.9555683284997938
leaf_count=9 12 17 41 64 13 37 23 42 43 409 22 9 94 1393 43 6
internal_value=0.00363166 0.00298727 0.0032834 -0.00761746 0.00517337 -0.00450647 0.00571412 0.00479297 0.0103892 0.00564619 0.0120279 -0.00839312 0.00350646 0.00320128 0.00918115 -0.00985744
internal_weight=855.592 603.848 587.536 16.312 251.744 13.2212 238.522 199.44 39.0826 187.39 36.6792 12.0495 577.804 548.483 29.321 9.73203
internal_count=2277 1667 1594 73 610 50 560 483 77 432 65 51 1547 1487 60 47
is_linear=0
shrinkage=0.01


Tree=127
num_leaves=25
num_cat=0
split_feature=54 61 28 40 55 37 10 51 41 40 47 40 69 50 28 5 36 58 40 1 45 56 14 45
split_gain=8.35364 17.1268 16.8965 15.081 15.2891 14.3991 21.6343 14.611 11.8132 11.866 11.7092 12.912 12.0463 19.31 22.2395 18.8241 13.7564 19.5261 11.0609 11.0301 10.4914 8.70351 4.02744 3.43636
threshold=0.29366892576217657 190.20009613037112 467.90625000000006 -1.8717767000198362 0.28294937312603002 -0.37779623270034784 -7.2500002715969445e-05 0.0042139196302741775 2.8820556402206425 1.1109634041786196 0.86615434288978588 1.8358138799667361 3.5195523500442509 0.0034269909374415879 2033.8750000000002 10279.909667968752 -1.0471716523170469 2760.0000000000005 -1.172073185443878 93616.500000000015 -0.42076173424720759 0.54317495226860057 5.0250000953674325 -0.31552940607070917
decision_type=2 2 2 2 2 2 2 2 2 2 2 2 2 2 2 2 2 2 2 2 2 2 2 2
left_child=1 2 8 20 -5 19 7 -7 9 -1 12 21 16 15 -15 -14 18 -18 -2 -3 -4 -12 -23 -10
right_child=10 5 3 4 -6 6 -8 -9 23 -11 11 -13 13 14 -16 -17 17 -19 -20 -21 -22 22 -24 -25
leaf_value=0.0037072689498040667 0.00094102068511666846 0.004237175244857532 0.019041641091495538 -0.0083913007739257733 0.0019651068650005472 0.015195979533569782 -0.015735049183170199 -9.0042216493621332e-05 -0.015534874449865184 0.0088604837861362418 0.0024178936885845708 0.011224872253885141 0.00037158983630308475 0.0078757239849166372 -0.0060490426034231224 0.0086915171890527936 0.007595118378080478 -0.016088156853358088 0.014018839388568552 -0.015495052704602988 0.0013500058569790125 -0.015766925488018137 -0.00036212024231923749 0
leaf_weight=248.81746711581945 7.9581174552440634 3.6248112320899954 5.4461704641580573 29.296838685870171 27.526869684457779 8.6612179875373823 6.6200791895389584 22.03035880625248 3.6574875712394714 54.984575062990189 6.1851111501455369 5.1642871499061576 144.04603520035744 144.83489993214607 12.373606473207472 33.608495786786079 13.718791842460634 4.6549474745988837 38.857494205236435 11.875698581337927 9.0723896473646146 8.1034960895776731 2.3165770322084418 2.3300532251596442
leaf_count=656 21 9 7 120 90 15 29 69 16 121 18 9 423 313 49 72 29 20 59 54 27 36 8 7
internal_value=0.00359461 0.00261515 0.00335584 -0.00102034 -0.00335679 -0.00271132 0.000628885 0.00419112 0.00436687 0.00464323 0.00459985 -0.0025119 0.00498934 0.00421804 0.00677337 0.00195117 0.008936 0.00154059 0.0118171 -0.0108161 0.00805533 -0.00684432 -0.0124381 -0.0094882
internal_weight=855.766 433.944 381.132 71.3423 56.8237 52.8122 37.3117 30.6916 309.79 303.802 421.822 21.7695 400.052 334.863 157.209 177.655 65.1894 18.3737 46.8156 15.5005 14.5186 16.6052 10.4201 5.98754
internal_count=2277 1220 1044 244 210 176 113 84 800 777 1057 71 986 857 362 495 129 49 80 63 34 62 44 23
is_linear=0
shrinkage=0.01


Tree=128
num_leaves=19
num_cat=0
split_feature=54 57 30 62 31 53 17 41 41 41 35 41 5 10 1 2 44 71
split_gain=8.29843 11.1846 9.50801 21.32 20.2849 13.9322 13.3494 10.0474 7.12007 11.8295 15.7172 15.2869 4.86023 7.07104 4.33358 2.94986 1.9626 0.762611
threshold=4.3018939495086679 0.54489997029304515 7.903783082962037 10.858288764953615 3.2327225208282475 1.7788622975349428 2.5000000000000004 2.8820556402206425 1.2437162995338442 -1.0854911804199217 -1.3250863552093504 -0.37757751345634455 1164.3649902343752 -0.00034749999758787448 543807.50000000012 469987.00000000006 2623.8149414062505 12180.184570312502
decision_type=2 2 2 2 2 2 2 2 2 2 2 2 2 2 2 2 2 2
left_child=1 14 5 6 -5 7 -4 -3 9 12 -11 -12 13 -2 -1 16 -10 -18
right_child=8 2 3 4 -6 -7 -8 -9 15 10 11 -13 -14 -15 -16 -17 17 -19
leaf_value=-0.013439465171820581 -0.0027140770110540115 0.0039555834001754791 -0.011890119187920942 0.0090189683615418941 -0.0073843788293930521 -0.014040114596009399 0.0057001637140318938 -0.0045558995116899382 0.0059346579574557747 -0.014602125402093536 -0.011352857043176014 0.0065405563996122395 0.015577130893642835 0.012820553810631153 0.0037757817421460748 0.0045075717087966014 0.010653652175009073 0.015925899058783666
leaf_weight=5.5525376573204985 5.1023319512605667 678.0288036391139 18.466432660818104 26.3582643866539 10.495857134461401 4.3912364542484275 5.543976515531539 14.049692824482916 4.0600121319294038 5.3086796253919593 5.6047429889440528 31.181518360972404 10.342181116342543 6.6136837452650088 1.8743690401315687 6.2924668937921515 5.73613113164902 10.922353699803351
leaf_count=30 16 1768 89 61 42 22 15 50 8 26 21 67 12 9 6 14 9 12
internal_value=0.00355802 0.00321544 0.00333616 -0.00043946 0.00432025 0.00366755 -0.00778689 0.00378135 0.00642093 0.00458031 0.00144427 0.00378714 0.0105196 0.00596986 -0.00896011 0.0107555 0.0126049 0.0141705
internal_weight=855.925 764.761 757.334 60.8645 36.8541 696.47 24.0104 692.078 91.1641 64.1531 42.0949 36.7863 22.0582 11.716 7.42691 27.011 20.7185 16.6585
internal_count=2277 2083 2047 207 103 1840 104 1818 194 151 114 88 37 25 36 43 29 21
is_linear=0
shrinkage=0.01


Tree=129
num_leaves=18
num_cat=0
split_feature=15 14 71 43 30 25 19 10 48 71 40 60 29 19 25 28 49
split_gain=8.20787 16.735 12.04 15.3221 12.3851 12.1498 8.67677 16.033 11.266 9.73087 23.3719 9.15575 8.42409 5.58555 3.99768 3.56588 3.03897
threshold=2.2150000333786015 2.3249999284744267 119975.71093750001 249808.32031250003 2.3238660097122197 1331.5000000000002 4906.4450683593759 -0.0004635000077541917 1.9040054678916933 47519.429687500007 -0.34218786656856531 -0.0049566179513931266 2.1538648605346684 15627.134765625002 1609.0000000000002 -126.37499999999999 0.57434546947479259
decision_type=2 2 2 2 2 2 2 2 2 2 2 2 2 2 2 2 2
left_child=6 12 3 5 -5 -3 8 -8 9 11 -11 -1 -2 16 -14 -10 -9
right_child=1 2 -4 4 -6 -7 7 13 15 10 -12 -13 14 -15 -16 -17 -18
leaf_value=0.0084061943963301515 0.007358795615234023 0.0032700693819659034 0.016372224691945374 0.0081705398862312057 -0.014988803201577909 -0.013855375041202229 -0.0084820082022912351 0.0085726157384976159 -0.016960008113250359 -0.0083187654711668595 0.0067778310811547398 0.004102957891106658 -0.013164465186150111 0.0042699164803222034 0.0011109729140408983 -0.0003164616345634365 0.017437874124036669
leaf_weight=64.285096600651741 3.1305622458457973 449.50055222213268 6.6836484521627417 3.1331932544708243 8.3323757648468 4.1596221327781668 4.1662109196186092 5.9130976945161882 3.1322879493236542 18.893514603376389 22.424221113324165 224.79522088170052 11.13027600198984 6.6981316953897467 2.2277456670999518 2.3982607126235953 15.079672917723654
leaf_count=128 7 1244 9 7 38 21 16 12 13 69 52 551 62 16 7 7 18
internal_value=0.00352179 0.0026672 0.00301477 0.00282068 -0.00857284 0.00311084 0.0046537 0.00966537 0.00417545 0.00441448 -0.000101243 0.00506336 -0.00721784 0.0124318 -0.0107089 -0.00992353 0.0149884
internal_weight=856.084 488.298 471.809 465.126 11.4656 453.66 367.786 31.8571 335.929 330.398 41.3177 289.08 16.4886 27.6909 13.358 5.53055 20.9928
internal_count=2277 1395 1319 1310 45 1265 882 62 820 800 121 679 76 46 69 20 30
is_linear=0
shrinkage=0.01


Tree=130
num_leaves=18
num_cat=0
split_feature=56 58 38 49 2 27 4 10 54 29 49 41 49 58 27 20 8
split_gain=8.21386 18.5284 16.725 15.9958 12.8917 11.9733 11.6955 11.6267 14.5587 11.4473 11.1381 16.5692 9.8497 6.69943 5.23065 5.16612 4.64937
threshold=1.6506541371345522 -364639.99999999994 3.0136001110076909 -1.0121446251869199 1632795.5000000002 -1583359.9999999998 9430.7700195312518 -0.0011824999819509683 2.1021850109100346 2.6411490440368657 -0.78156125545501698 1.0000000180025095e-35 -0.21621558815240857 132032.00000000003 -126271.99999999999 24850.450195312504 2.0753500461578374
decision_type=2 2 2 2 2 2 2 2 2 2 2 2 2 2 2 2 2
left_child=1 3 7 -1 6 -6 10 8 -3 -9 11 -2 -12 14 -8 -4 -15
right_child=4 2 15 -5 5 -7 13 9 -10 -11 12 -13 -14 16 -16 -17 -18
leaf_value=0.0088500859706073486 0.0030843457350077002 -0.0077229719793901344 -0.013558009122748229 -0.013586140872863771 0.0050219553286298506 -0.013950557935533764 0.013872480336996259 0.0050605002573551787 0.014217436342820106 0.002185495734447838 0.0081478382794613752 -0.016514032024496448 0.0031434437916677744 -0.0067165793649923569 0.0069462479331742193 0.0042544386521406984 0.0099953357188132114
leaf_weight=4.2626778334379223 15.043799281120302 17.478154644370083 7.7401900142431241 12.025452122092245 6.4800050109624863 6.7276367545127851 27.381659045815468 281.49177575111389 3.6333816945552817 276.04990515112877 67.875853523612022 6.0225870907306662 95.908241540193558 3.9077531546354285 19.421564474701881 1.9629009366035459 2.8932962417602539
leaf_count=9 39 76 41 64 16 34 43 673 6 792 142 26 249 14 41 6 6
internal_value=0.00348568 0.00284998 0.00314245 -0.00765308 0.00500904 -0.00456645 0.0055436 0.00336206 -0.00389957 0.00363882 0.00434117 -0.00247109 0.00522348 0.00967145 0.0110197 -0.00985155 0.000245952
internal_weight=856.307 604.644 588.356 16.2881 251.662 13.2076 238.455 578.653 21.1115 557.542 184.85 21.0664 163.784 53.6043 46.8032 9.70309 6.80105
internal_count=2277 1667 1594 73 610 50 560 1547 82 1465 456 65 391 104 84 47 20
is_linear=0
shrinkage=0.01


Tree=131
num_leaves=17
num_cat=0
split_feature=56 58 38 49 33 50 22 10 66 29 45 66 14 7 20 7
split_gain=8.05249 18.1935 16.4282 15.7752 13.1758 11.9998 14.423 11.3915 13.7912 11.2117 10.5659 8.43328 8.08726 8.74058 5.10958 2.21719
threshold=1.6506541371345522 -364639.99999999994 3.0136001110076909 -1.0121446251869199 -1.4548804163932798 -0.010388504248112438 12.365000247955324 -0.0011824999819509683 1.7639768123626711 2.6411490440368657 -0.38586206734180445 4.1582024097442636 5.3192501068115243 1.9267826676368716 24850.450195312504 2.7567603588104252
decision_type=2 2 2 2 2 2 2 2 2 2 2 2 2 2 2 2
left_child=1 3 7 -1 15 12 10 8 -3 -9 -7 -8 13 -6 -4 -2
right_child=4 2 14 -5 5 6 11 9 -10 -11 -12 -13 -14 -15 -16 -17
leaf_value=0.0087573082172574829 -0.014790942894512868 0.005615390417071691 -0.013508850643739776 -0.013537656455610293 0.01201885627724965 0.0077230164289190774 0.0043701414560077118 0.0050072794133829215 -0.010746227243017461 0.0021626240570261461 -0.015084032113593016 0.011147020927668557 0.018959642220881753 -0.0025768051783398396 0.0042068346156432877 -0.0015711307610430489
leaf_weight=4.2647489756345776 3.5702509731054297 8.7932775467634219 7.6909199059009534 11.948222890496252 13.354120627045637 2.9391603618860245 187.27270643413067 281.6380836814642 12.271524414420126 276.17903172969818 6.2733802050352079 20.629398718476295 9.6146737188100797 5.7752926200628272 1.9652499258518217 2.2506501972675323
leaf_count=9 17 23 41 64 21 6 463 673 59 792 29 36 12 19 6 7
internal_value=0.00345035 0.00282097 0.00311006 -0.00761139 0.0049587 0.0053134 0.00450193 0.00332713 -0.00386877 0.00360066 -0.00769914 0.0050474 0.0114079 0.00756006 -0.00979975 -0.0098513
internal_weight=856.431 604.751 588.538 16.213 251.68 245.859 217.115 578.882 21.0648 557.817 9.21254 207.902 28.7441 19.1294 9.65617 5.8209
internal_count=2277 1667 1594 73 610 586 534 1547 82 1465 35 499 52 40 47 24
is_linear=0
shrinkage=0.01


Tree=132
num_leaves=19
num_cat=0
split_feature=54 59 30 10 56 50 69 56 37 27 10 29 5 52 31 28 28 60
split_gain=8.07109 9.90251 23.0817 15.9783 15.7385 15.6741 15.8423 14.7508 17.7967 14.6581 11.3139 6.60181 6.48561 12.5443 8.52156 19.5542 7.13847 4.57362
threshold=4.3018939495086679 1.1464865207672121 1.0094195604324343 -0.0011035000206902621 1.1663358807563784 -0.0071258812677115193 8.108103275299074 4.0896794795989999 -1.9937008619308469 -235215.99999999997 0.001241120044142008 2.4480051994323735 38603.980468750007 -0.026891820132732388 -3.9223475456237789 657.18750000000011 -721.42578124999989 0.001371158112306148
decision_type=2 2 2 2 2 2 2 2 2 2 2 2 2 2 2 2 2 2
left_child=1 3 -3 4 -1 6 -5 10 -9 -7 -4 -6 13 17 15 -15 -16 -2
right_child=12 2 7 5 11 9 -8 8 -10 -11 -12 -13 -14 14 16 -17 -18 -19
leaf_value=-0.013859401287117408 -0.01499858395954947 -0.01583196907429657 0.0052042414101267408 0.0082792026337898377 -0.0047366202306537951 -0.0025364903237381632 4.3612742951388536e-05 0.0075558255886359555 -0.015642282956876107 0.0025656230708971588 0.016558010110268601 0.013721966205032224 0.015430274743600463 0.0058251409853954453 0.00033375732268638305 -0.0160577324471762 0.0110635736381554 0.0029922473302846655
leaf_weight=11.836870342493059 3.8505036979913703 5.3674298822879782 236.38497270643711 79.981468170881271 3.7776809930801383 69.164071828126907 33.33853405714035 5.9692257195711136 7.3187577351927739 299.41825807839632 9.2094806432723981 3.8673160076141357 7.1947936862707129 27.200736507773403 7.6353382021188727 4.7901529669761649 38.138037234544754 2.1030445545911789
leaf_count=60 18 24 583 170 15 226 100 13 33 839 13 7 9 56 20 22 62 7
internal_value=0.00341538 0.00307831 0.0046484 0.00224881 -0.00661529 0.00260924 0.00586513 0.00507688 -0.00514598 0.0016055 0.00563407 0.00447008 0.00624313 0.00544163 0.00651997 0.00251725 0.00929561 -0.0084755
internal_weight=856.547 765.634 264.25 501.384 19.4819 481.902 113.32 258.882 13.288 368.582 245.594 7.645 90.9126 83.7178 77.7643 31.9909 45.7734 5.95355
internal_count=2277 2083 666 1417 82 1335 270 642 46 1065 596 22 194 185 160 78 82 25
is_linear=0
shrinkage=0.01


Tree=133
num_leaves=25
num_cat=0
split_feature=54 21 59 50 57 41 47 45 59 14 53 18 4 47 40 50 28 50 28 40 70 7 10 18
split_gain=7.98448 15.7356 16.3171 15.9998 20.5853 19.0199 15.5282 22.7018 16.1162 14.8047 12.0328 14.155 13.4272 11.3075 12.478 9.79113 14.6187 14.0932 21.4913 19.3493 8.97333 7.51378 8.28383 5.91582
threshold=0.29366892576217657 -8641.9999999999982 1.1172108054161074 0.0039920886047184476 0.88974118232727062 -1.2718201279640196 -0.25258727371692652 -0.51773720979690541 1.1464865207672121 3.4250000715255742 -0.13869924098253247 43070.000000000007 869.85000610351574 0.86615434288978588 1.8358138799667361 -0.012258646078407763 -2417.0624999999995 0.0034269909374415879 2033.8750000000002 2.1309784650802617 38699.798828125007 1.9708573222160342 -2.6194999918516256e-05 408.00000000000006
decision_type=2 2 2 2 2 2 2 2 2 2 2 2 2 2 2 2 2 2 2 2 2 2 2 2
left_child=1 9 3 5 -5 -3 7 -4 -8 10 12 -12 -1 15 21 16 20 19 -19 -17 -2 -15 -23 -18
right_child=13 2 6 4 -6 -7 8 -9 -10 -11 11 -13 -14 14 -16 17 23 18 -20 -21 -22 22 -24 -25
leaf_value=0.0082068275478431978 -0.01606962915461457 0.010219736915902259 -0.01599599780731923 0.0038355839578765117 -0.008371768370845481 0.0013820431487244903 -0.010876319978283764 0.01245196722663509 0.0045149785998480638 0.015252344854655776 -0.013562325295008122 0.010376702281887815 -0.015569120032046311 -0.015455886615390456 0.010873253811296047 0.0030504953184721131 0.0073769696287264768 0.0075810623179974621 -0.0061146817919664753 -0.014995133836696784 0.0082677647354081497 -0.009596306396175848 0.0084916313334360335 0.016335553958548629
leaf_weight=9.1195785701274854 3.196891948580741 29.068649560213089 2.9787632822990409 23.566732332110405 33.123085394501686 152.83592621982098 7.2305391281843177 41.468437299132347 107.11179079115391 3.6643892973661414 18.638414740562443 2.7991555333137503 3.1988967806100836 6.3512039035558763 5.1600607186555854 199.56576764583588 13.731141090393068 144.90434701740742 12.359601400792597 6.107798144221305 2.8243233561515808 5.6906175017356908 4.5312419086694664 17.428736433386803
leaf_count=20 14 60 13 66 131 445 28 79 271 6 81 6 14 29 9 523 30 313 49 28 6 23 10 23
internal_value=0.00338082 0.0024247 0.00300987 0.00135122 -0.00327937 0.00279982 0.00549584 0.0105229 0.00353295 -0.00376278 -0.00585659 -0.0103899 0.00195144 0.00436393 -0.00263138 0.0047464 0.00965491 0.00424079 0.00649834 0.00250974 -0.0044878 -0.00689642 -0.00148029 0.0124199
internal_weight=856.656 434.804 397.384 238.594 56.6898 181.905 158.79 44.4472 114.342 37.4204 33.756 21.4376 12.3185 421.852 21.7331 400.119 37.1811 362.938 157.264 205.674 6.02122 16.5731 10.2219 31.1599
internal_count=2277 1220 1093 702 197 505 391 92 299 127 121 87 34 1057 71 986 73 913 362 551 20 62 33 53
is_linear=0
shrinkage=0.01


Tree=134
num_leaves=18
num_cat=0
split_feature=54 57 66 1 27 20 10 52 41 41 35 28 5 10 1 28 31
split_gain=7.92267 10.9206 9.22923 21.6114 19.4791 21.7638 14.5462 10.2391 7.03207 11.5944 15.1721 16.5001 4.7389 6.87896 4.23715 2.92179 2.65169
threshold=4.3018939495086679 0.54489997029304515 1.6205830574035647 40905.000000000007 -58575.999999999993 5440.1198730468759 -0.00077549999696202565 -0.025586224161088463 1.2437162995338442 -1.0854911804199217 -1.3250863552093504 657.18750000000011 1164.3649902343752 -0.00034749999758787448 543807.50000000012 -508.62499999999994 -2.3967406749725337
decision_type=2 2 2 2 2 2 2 2 2 2 2 2 2 2 2 2 2
left_child=1 14 4 -4 5 -3 -5 -6 9 12 -11 -12 13 -2 -1 -10 -17
right_child=8 2 3 6 7 -7 -8 -9 15 10 11 -13 -14 -15 -16 16 -18
leaf_value=-0.013451247126458826 -0.0028441222198510485 0.0044309787390858493 -0.015581546367088148 0.0059455935583862208 -0.0042486347037776363 -0.0016414174275498281 0.0010959069242805367 0.0088752348109198149 0.0049491905326594608 -0.014578742121546232 0.0059244179126466392 -0.015282819324330614 0.015235447530444285 0.012512409237013146 0.0035539067632180846 0.0069173819989385311 0.015197581739832738
leaf_weight=5.5499969348311415 5.0914693921804428 237.84475667774677 6.9023254513740531 81.958957567811012 6.248422995209693 78.222392529249191 255.29229924082756 92.118432343006134 7.4884117394685772 5.2900070995092383 32.601835981011391 4.1140143722295752 10.268562182784079 6.5679927468299883 1.8765978515148161 6.2633436918258729 13.0620247721672
leaf_count=30 16 598 31 221 20 243 742 192 16 26 68 20 12 9 6 12 15
internal_value=0.00334661 0.00301307 0.00313219 0.00191636 0.00413942 0.00292498 0.00227745 0.00803142 0.00615109 0.00432163 0.00121772 0.00352091 0.0102219 0.00572073 -0.00901963 0.0104759 0.0125657
internal_weight=856.762 766.014 758.588 344.154 414.434 316.067 337.251 98.3669 90.7477 63.9339 42.0059 36.7159 21.928 11.6595 7.42659 26.8138 19.3254
internal_count=2277 2083 2047 994 1053 841 963 212 194 151 114 88 37 25 36 43 27
is_linear=0
shrinkage=0.01


Tree=135
num_leaves=21
num_cat=0
split_feature=30 64 31 10 48 46 58 39 3 60 21 31 67 22 53 30 33 46 33 61
split_gain=7.87282 19.84 21.0415 13.7829 17.0448 12.2367 18.1563 11.8077 8.29125 12.5729 16.3604 10.9003 10.7427 24.8575 18.5922 18.2073 10.1186 11.0808 4.6385 4.42825
threshold=7.903783082962037 10.803615093231203 3.2327225208282475 0.00094850000459700834 1.581702768802643 -0.2847332209348678 -50623.999999999993 1.0497414469718935 -290049.99999999994 -0.0027739398647099729 -16.499999999999996 3.2327225208282475 2.1437386274337773 2764.2800292968755 -0.16971824318170545 1.0652546882629397 -1.4794612526893614 -0.67238405346870411 -0.95098540186882008 110.35834121704103
decision_type=2 2 2 2 2 2 2 2 2 2 2 2 2 2 2 2 2 2 2 2
left_child=8 3 5 4 -2 18 -7 -4 9 11 -11 -1 16 14 -14 -15 -10 -18 -3 -13
right_child=1 2 7 -5 -6 6 -8 -9 12 10 -12 19 13 15 -16 -17 17 -19 -20 -21
leaf_value=-0.0078259173386082802 -0.013986401242254743 0.01897219940100156 -0.014550601462079241 0.0085395698012929004 0.012473448344380127 0.012787048446869511 -0.01451388546420678 0.0081173895451079874 -0.0094358803012037969 -0.01479784209572437 0.0072037070327050316 0.0036051486069912176 -0.011112933182593326 -0.0085180401406610984 0.00023729719807966896 0.0050613346303539312 0.0076316301197768147 0.0040086802710417851 0.0088243352116408966 0.016477471266587128
leaf_weight=4.7231249213218716 18.049757644534118 8.6833000332117098 7.4373535364866239 4.6458143144845954 2.7743426710367194 5.0823926329612732 4.6758092790842074 3.2638731747865677 4.9120870977640143 10.678794950246809 4.875456139445304 5.5210165679454786 17.370188608765602 10.356050342321394 84.40342453122139 192.18055186420679 113.96782024204731 337.0749903023243 10.560263305902479 5.6616338491439819
leaf_count=19 91 11 35 11 6 9 22 8 18 51 13 15 72 41 251 485 246 842 23 8
internal_value=0.00331264 -1.29328e-05 0.00439084 -0.00691688 -0.0104132 0.00882888 -0.000192183 -0.00754342 0.00358766 -0.00141993 -0.0078372 0.00479264 0.00379619 0.0023347 -0.00169008 0.00436206 0.00476941 0.00492633 0.0134553 0.0102117
internal_weight=856.898 65.1729 39.703 25.4699 20.8241 29.0018 9.7582 10.7012 791.725 31.46 15.5543 15.9058 760.265 304.31 101.774 202.537 455.955 451.043 19.2436 11.1827
internal_count=2277 216 108 108 97 65 31 43 2061 106 64 42 1955 849 323 526 1106 1088 34 23
is_linear=0
shrinkage=0.01


Tree=136
num_leaves=17
num_cat=0
split_feature=56 58 38 49 33 50 22 13 40 10 63 45 15 69 20 21
split_gain=7.83398 17.6206 15.9436 15.397 12.7431 11.5145 13.9853 11.0833 22.41 19.2976 10.2876 10.2004 7.79064 11.5016 5.00543 2.51418
threshold=1.6506541371345522 -364639.99999999994 3.0136001110076909 -1.0121446251869199 -1.4548804163932798 -0.010388504248112438 12.365000247955324 13879009.500000002 0.52563524246215831 -0.0011824999819509683 6.9879679679870614 -0.38586206734180445 5.3197500705719003 3.5195523500442509 24850.450195312504 -16.499999999999996
decision_type=2 2 2 2 2 2 2 2 2 2 2 2 2 2 2 2
left_child=1 3 7 -1 15 12 11 9 -9 -3 -8 -7 13 -6 -4 -2
right_child=4 2 14 -5 5 6 10 8 -10 -11 -12 -13 -14 -15 -16 -17
leaf_value=0.0085292529219793533 -0.014940150300626967 -0.0089077763157504788 -0.013487080370925081 -0.013502848815405739 0.015821695790892355 0.0074140705196714977 0.0054811043676120897 0.0023801286326680499 0.010797674627185004 0.0027802896287320079 -0.0030620040839227625 -0.015010508132375588 0.018491531495515048 0.00013181878688054474 0.0040292924343886781 -0.00082115878321435492
leaf_weight=4.266807064414027 3.6275917589664459 14.566117033362387 7.6542069613933545 11.895716823637484 8.6607706397771889 2.9388814717531204 192.7588873654604 80.982128903269768 52.329770669341087 431.83364469558001 15.052653983235357 6.2365579754114133 9.6283937990665418 10.427946656942366 1.9706610441207884 2.1728784739971152
leaf_count=9 17 66 41 64 11 6 446 220 100 1161 53 29 12 29 6 7
internal_value=0.00327912 0.00265918 0.00294291 -0.00762464 0.00476763 0.00511616 0.00432107 0.00315615 0.00569182 0.00239667 0.00485748 -0.00771896 0.0110891 0.00730288 -0.00979676 -0.00982352
internal_weight=857.004 605.499 589.337 16.1625 251.505 245.704 216.987 579.712 133.312 446.4 207.812 9.17544 28.7171 19.0887 9.62487 5.80047
internal_count=2277 1667 1594 73 610 586 534 1547 320 1227 499 35 52 40 47 24
is_linear=0
shrinkage=0.01


Tree=137
num_leaves=17
num_cat=0
split_feature=54 57 30 43 39 44 53 41 41 41 22 18 1 22 65 55
split_gain=7.75816 10.6752 8.93913 20.3133 16.0509 15.7305 13.4577 9.74068 6.89091 11.4337 7.81923 23.0338 4.2078 2.9209 6.42413 2.71437
threshold=4.3018939495086679 0.54489997029304515 7.903783082962037 1.0000000180025095e-35 1.9365942478179934 40946.541015625007 1.7788622975349428 2.8820556402206425 1.2437162995338442 0.64479124546051036 26756.709960937504 3368.0000000000005 543807.50000000012 221.41999816894534 -1.2185355424880979 0.10830573737621309
decision_type=2 2 2 2 2 2 2 2 2 2 2 2 2 2 2 2
left_child=1 12 6 4 -4 -5 7 -3 9 10 11 -2 -1 -10 -15 -16
right_child=8 2 3 5 -6 -7 -8 -9 13 -11 -12 -13 -14 14 15 -17
leaf_value=-0.01342890944272253 0.0072427813246765359 0.0036377636015045979 -0.012311027467130562 0.0061407935548426218 0.0080620503066219634 -0.014651112053192517 -0.014063971652161 -0.0047320793091917175 0.016740330597100575 -0.010023259502227169 0.012744268447679504 -0.0099555644889450599 0.0035145469034102701 -0.00040133767300712408 0.016172813563868751 0.0073466801235125539
leaf_weight=5.5287480279803267 36.90884168446064 679.79218219965696 18.32577453553677 33.692431688308716 4.8393886238336554 4.0567093938589087 4.3848645240068427 14.091673672199247 5.8476491570472744 5.1375613808631888 11.908471509814261 9.8306271433830243 1.8793539553880689 5.7137086242437425 7.6638920903205818 7.4918511956930161
leaf_count=30 79 1768 86 90 12 19 22 50 6 19 17 36 6 15 8 14
internal_value=0.00324598 0.00291655 0.0030341 -0.000625974 -0.00801176 0.0038799 0.00335483 0.00346634 0.00602533 0.00421291 0.00547705 0.00360409 -0.00899555 0.0103149 0.00846662 0.0118758
internal_weight=857.094 766.591 759.183 60.9143 23.1652 37.7491 698.269 693.884 90.5026 63.7855 58.6479 46.7395 7.4081 26.7171 20.8695 15.1557
internal_count=2277 2083 2047 207 98 109 1840 1818 194 151 132 115 36 43 37 22
is_linear=0
shrinkage=0.01


Tree=138
num_leaves=26
num_cat=0
split_feature=54 61 21 21 34 34 59 57 43 8 47 69 36 35 35 36 58 49 55 49 11 49 70 41 50
split_gain=7.71739 16.6863 15.5693 18.8647 15.1726 12.9918 16.2055 20.1906 12.6071 13.7188 10.9863 11.4045 18.5437 17.127 17.1237 13.3534 18.8202 10.6543 10.6329 10.5261 10.466 10.7494 5.9786 4.82639 2.84408
threshold=0.29366892576217657 190.20009613037112 -1243.4999999999998 -6747.9999999999991 1.4507862329483034 0.60846820473670971 1.450089752674103 1.1981297135353091 249808.32031250003 1.2924000024795534 0.86615434288978588 3.5195523500442509 -1.7276441454887388 -2.0126076936721797 -1.7194636464118955 -1.0471716523170469 2760.0000000000005 -0.97137844562530506 -0.029260637238621708 -0.86154139041900624 33.504999160766609 -0.78156125545501698 22836.087890625004 -1.0342189669609068 0.0037898636655882005
decision_type=2 2 2 2 2 2 2 2 2 2 2 2 2 2 2 2 2 2 2 2 2 2 2 2 2
left_child=1 5 3 4 -3 8 7 -7 19 -10 11 15 14 -14 -13 22 -17 -4 -5 -1 -12 24 -2 -23 -22
right_child=10 2 17 18 -6 6 -8 -9 9 -11 20 12 13 -15 -16 16 -18 -19 -20 -21 21 23 -24 -25 -26
leaf_value=0.0085525747438119845 0.014831872324955902 -0.015384884182408399 0.003371112423345445 0.012856324926685019 0.010675638991632963 -0.0024170984207833712 -0.014533029153611817 0.0075302356390349228 0.0060808864399902471 -0.015698437770364983 -0.015131922674724206 0.00092383115677285486 -0.0081823644781722823 0.0049823448791659229 -0.01605516025133237 0.00707336446671771 -0.016160189377049002 -0.015080227699371371 -0.00054819633859402297 0.0035527271036145803 -0.015311437461881008 0.015002513114423022 0.0075377495204503745 0.0012160912955678171 -0.00037511162652443863
leaf_weight=52.581862702965736 23.598583444952965 9.4419912397861463 3.9844655841589001 11.625632464885712 2.8799010664224616 59.018913060426712 7.2482995688915244 31.139887318015099 5.1008932590484601 6.5434400886297226 5.1832168400287655 21.39193889498711 10.168371498584746 295.2990054115653 8.1732961386442167 13.72708034515381 4.6658782213926306 13.301228106021879 11.774755120277405 220.80003421008587 3.5840030163526579 4.4993232041597402 23.0461685359478 6.2350373119115758 2.1968316733837128
leaf_count=109 33 43 11 20 6 203 35 76 13 29 24 62 40 719 36 29 20 62 34 579 16 6 47 18 7
internal_value=0.00321307 0.0022742 -0.00297436 0.000769516 -0.0092128 0.0030043 -0.00013863 0.00100751 0.0040819 -0.00607195 0.00418 0.0045568 0.00380745 0.00454085 -0.00373618 0.00840163 0.00112517 -0.0107692 0.00606862 0.00451805 -0.00272134 0.00111311 0.0112494 0.00708785 -0.00980832
internal_weight=857.21 435.441 53.008 35.7223 12.3219 382.433 97.4071 90.1588 285.026 11.6443 421.769 400.07 335.033 305.467 29.5652 65.0377 18.393 17.2857 23.4004 273.382 21.6984 16.5152 46.6448 10.7344 5.78083
internal_count=2277 1220 176 103 49 1044 314 279 730 42 1057 986 857 759 98 129 49 73 54 688 71 47 80 24 23
is_linear=0
shrinkage=0.01


Tree=139
num_leaves=26
num_cat=0
split_feature=15 14 53 61 0 56 14 5 58 39 43 40 10 38 18 54 11 3 27 10 31 3 24 44 49
split_gain=7.59364 16.2331 11.9762 21.714 22.6402 12.0368 13.6482 11.8445 11.0919 8.44637 8.7864 8.23332 12.4405 16.6613 13.0391 12.0397 18.5678 10.2384 16.8462 10.1261 8.17723 7.5644 9.091 5.31698 2.94484
threshold=2.2150000333786015 2.3249999284744267 -0.16971824318170545 72.196708679199233 12492.000000000002 -1.075711131095886 4.5022499561309823 5811.9348144531259 97480.000000000015 0.77681398391723644 8144.0351562500009 1.2935948371887209 -0.00015603000065311787 2.2518734931945805 62.500000000000007 -0.44238355755805964 28.530000686645511 12144.500000000002 173744.00000000003 0.00046963999920990323 2.1066219806671147 105278.50000000001 40.500000000000007 12126.464843750002 0.86805641651153576
decision_type=2 2 2 2 2 2 2 2 2 2 2 2 2 2 2 2 2 2 2 2 2 2 2 2 2
left_child=11 9 3 8 -5 6 -4 -7 -3 -2 -11 12 13 14 -1 16 -14 18 20 -17 -13 23 -23 -19 -15
right_child=1 2 5 4 -6 7 -8 -9 -10 10 -12 17 15 24 -16 19 -18 21 -20 -21 -22 22 -24 -25 -26
leaf_value=-0.01548219934993071 -0.013270763744108039 0.0024661384791326959 0.00070661738797998114 0.016079041352548468 -0.0024856472455591404 0.0022929403836642361 0.01896116297259768 0.0071930684038527329 0.012812608081841639 0.010361825068675987 -0.013125265297047056 0.001291594694171406 -0.012674141819234373 -0.015381192694343073 0.0028617565943035669 0.0073050298499024524 0.0047161622569940175 0.0085858669252578818 -0.015221976227621241 -0.0039449480562543174 0.015850134439914537 0.010800151475085404 -0.007661660347179816 0.018605124386029716 -0.0012951064962604816
leaf_weight=3.9826741665601721 9.8338110223412531 25.745605051517487 6.7952113896608379 6.9353964179754248 121.36713044345379 219.87265755981207 10.776074618101118 64.068416133522987 17.693112656474113 4.1195341497659674 2.5849351137876511 10.372963190078741 8.673045679926874 6.5158792883157712 126.66077952086926 134.18681029975414 20.992130190134048 9.5172442495822924 4.3440530449151984 8.3896725177764875 6.3077429085969916 7.8864996731281263 3.9693086594343185 13.518537551164625 2.12922403216362
leaf_count=18 54 69 20 10 410 616 13 151 30 8 14 29 33 30 322 276 51 18 20 26 8 15 14 15 7
internal_value=0.00318081 0.00236103 0.0027029 0.000588244 -0.00147434 0.00390409 0.0119586 0.00340213 0.0067034 -0.00736136 0.00115713 0.00427081 0.00363064 0.00139877 0.00229489 0.0054297 -0.000334437 0.00781959 0.00224741 0.00663603 0.0068568 0.0111486 0.00453481 0.0145091 -0.0120276
internal_weight=857.238 489.792 473.254 171.741 128.303 301.512 17.5713 283.941 43.4387 16.5383 6.70447 367.447 311.53 139.289 130.643 172.242 29.6652 55.9163 21.0248 142.576 16.6807 34.8916 11.8558 23.0358 8.6451
internal_count=2277 1395 1319 519 420 800 33 767 99 76 22 882 763 377 340 386 84 119 57 302 37 62 29 33 37
is_linear=0
shrinkage=0.01


Tree=140
num_leaves=20
num_cat=0
split_feature=28 35 66 47 58 36 11 41 35 30 21 26 55 45 56 61 8 26 26
split_gain=7.60124 16.5745 13.4428 14.8238 18.9311 11.6418 11.4346 9.19916 12.6629 10.5046 18.0951 18.3715 9.93482 9.722 10.1429 9.77191 7.99205 6.72632 3.51873
threshold=817.25000000000011 -1.610756993293762 3.1698030233383183 -1.0686173439025877 -44697.499999999993 1.9815481901168825 78.27500152587892 -3.194671511650085 1.0986397862434389 7.903783082962037 -293.49999999999994 0.0891677960753441 0.79644984006881725 -0.62686693668365467 1.6506541371345522 86.053115844726577 1.1158499717712405 0.062499990686774261 0.037517778575420387
decision_type=2 2 2 2 2 2 2 2 2 2 2 2 2 2 2 2 2 2 2
left_child=7 -2 3 17 -5 6 -4 8 18 13 12 -12 -11 15 -15 -9 -7 -3 -1
right_child=1 2 5 4 -6 16 -8 9 -10 10 11 -13 -14 14 -16 -17 -18 -19 -20
leaf_value=0.0087242998277593294 -0.014219654735472874 -0.015016022455007648 0.015425355022462804 -0.0081872470968336643 0.0043709140944397521 0.0082334879180327863 -0.0010793844233902259 0 -0.0032249296212948793 -0.014205908678841783 -0.014509988367052593 0.0054999360789869658 0.0043967179757153996 0.0025676277017363308 0.0053560320169399964 0.012259997807037334 -0.0095364502416323861 0.0046865593215626132 0.01831503936759437
leaf_weight=7.3420465886592927 6.9430360943078986 9.0277607515454275 16.433807611465458 15.934659779071806 48.402917996048927 4.5120060294866544 5.4893756583333007 8.9025176614522916 5.4472230821847907 12.25103075802326 5.2886615991592398 33.870581224560738 3.6524736881256095 446.19136411696672 186.09477160871029 24.228491097688675 5.7107767760753632 2.0557127594947806 9.4569448232650739
leaf_count=15 34 42 24 66 132 11 19 25 17 60 25 89 10 1199 426 41 24 7 11
internal_value=0.00314904 0.000739767 0.00171464 -0.000581043 0.00124506 0.00713188 0.0112471 0.00351915 0.00987546 0.00332149 -0.00086139 0.00277195 -0.00987066 0.00366913 0.00338989 0.00896795 -0.00159555 -0.0112715 0.0141829
internal_weight=857.236 114.51 107.567 75.4211 64.3376 32.146 21.9232 742.726 22.2462 720.48 55.0627 39.1592 15.9035 665.417 632.286 33.131 10.2228 11.0835 16.799
internal_count=2277 359 325 247 198 78 43 1918 43 1875 184 114 70 1691 1625 66 35 49 26
is_linear=0
shrinkage=0.01


Tree=141
num_leaves=19
num_cat=0
split_feature=54 57 28 27 60 60 10 10 41 41 55 12 2 5 10 2 28 31
split_gain=7.46784 10.4068 8.94132 14.045 14.6363 12.5208 20.9379 18.7311 6.78122 11.2858 14.958 13.661 7.14397 4.63317 6.71653 4.14706 2.92244 2.63894
threshold=4.3018939495086679 0.54489997029304515 -126.37499999999999 -1137247.9999999998 -0.0024166376097127791 0.0039623454213142404 -0.00051450001774355758 -0.00051450001774355758 1.2437162995338442 -1.0854911804199217 -0.094515658915042863 8795739.0000000019 117216.50000000001 1164.3649902343752 -0.00034749999758787448 563257.50000000012 -508.62499999999994 -2.3967406749725337
decision_type=2 2 2 2 2 2 2 2 2 2 2 2 2 2 2 2 2 2
left_child=1 15 5 -4 -5 6 -3 -7 9 13 12 -12 -11 14 -2 -1 -10 -18
right_child=8 2 3 4 -6 7 -8 -9 16 10 11 -13 -14 -15 -16 -17 17 -19
leaf_value=-0.013403920222386652 -0.0030236448561174033 -0.0030219165826592038 -0.01521106942331228 0.0055019451288268921 0.0010298987731499453 0.013893710951091489 0.0043286245312429573 0.0036645481263407362 0.0045859061510503145 0.0012223082251885517 0.0075162143982105793 -0.010250898331681444 -0.015374976985914151 0.014878509766598441 0.012192019071138141 0.0034247116946687778 0.0065653245642356842 0.01485752240069003
leaf_weight=5.5048863515257827 5.0803809463977814 46.460486814379692 4.7278347313404074 96.464341163635254 306.88858795166016 29.713619545102119 229.47617504000664 45.971419349312782 7.4517103284597423 4.0236752927303296 25.91233587265015 5.1537695974111548 6.7929558902978897 10.176706224679945 6.5113016217947024 1.8781886696815489 6.206526502966887 12.919924899935717
leaf_count=30 16 152 22 239 910 49 560 115 16 12 51 19 32 12 9 6 12 15
internal_value=0.00311726 0.00279467 0.00291049 0.00189886 0.0021019 0.0040817 0.00308736 0.00769369 0.00584872 0.00405095 0.000988678 0.00453652 -0.00910851 0.00989687 0.00543706 -0.00898742 0.0101165 0.012219
internal_weight=857.315 767.086 759.702 408.081 403.353 351.622 275.937 75.685 90.2293 63.6511 41.8827 31.0661 10.8166 21.7684 11.5917 7.38308 26.5782 19.1265
internal_count=2277 2083 2047 1171 1149 876 712 164 194 151 114 70 44 37 25 36 43 27
is_linear=0
shrinkage=0.01


Tree=142
num_leaves=23
num_cat=0
split_feature=29 62 59 57 70 36 70 6 42 24 68 59 4 2 24 44 1 61 70 48 69 5
split_gain=7.49413 20.7512 17.6483 14.4492 14.3767 19.8296 14.6676 13.7296 11.858 22.7392 14.0095 11.9464 11.1288 12.8177 11.0042 18.4695 20.8659 11.7878 14.1302 12.6956 4.9171 4.84883
threshold=2.6411490440368657 3.0320051908493046 1.3411433696746828 0.93944630026817333 37522.197265625007 2.208875417709351 31660.548828125004 -1716541247.9999998 0.00027699999918695545 4.5000000000000009 33.333324432373054 1.1813405156135561 234.24499511718753 539931.50000000012 2.5000000000000004 599.45498657226574 632844.00000000012 103.41172027587892 61916.361328125007 -0.52332329750061024 12.499971866607668 28686.480468750004
decision_type=2 2 2 2 2 2 2 2 2 2 2 2 2 2 2 2 2 2 2 2 2 2
left_child=8 2 3 7 5 6 -3 -2 14 10 -10 -11 20 -14 15 -1 -17 19 -19 -16 -6 -5
right_child=1 4 -4 21 12 -7 -8 -9 9 11 -12 -13 13 -15 17 16 -18 18 -20 -21 -22 -23
leaf_value=-0.017084923491781163 0.0063462755399001517 0.0030889826598834926 0.0099482881044865874 -0.015004501290609077 0.019150799675321534 -0.013319050155714758 -0.0064871044914173613 -0.014545140784778301 0.012910750000243451 -0.015701275117318097 -0.007966925412907366 0.0015839345492032525 0.0094620853168121827 -0.0094305675292272653 0.00012116374485496073 0.0061405191054172692 -0.015681260839388568 0.0044438482104426514 -0.0047614033649191895 0.0096516315706408565 0.0093652164411400386 -0.00011220168819480485
leaf_weight=5.8884114623069754 10.298732921481131 290.62017766386271 6.9027866870164862 17.284399852156643 8.510316342115404 8.0522760748863202 16.863952577114105 4.529082164168357 11.201037108898161 11.405875876545908 4.4450392127037039 6.0038895756006232 8.9453559815883619 5.9704594016075125 17.262805551290512 24.852099373936657 5.3056848496198645 279.3821886330843 17.630010664463043 78.539306208491325 14.816897854208944 2.6582934260368338
leaf_count=25 26 793 13 79 10 44 61 21 18 52 17 16 19 23 48 54 24 675 59 159 32 9
internal_value=0.00308596 0.0020702 -0.004595 -0.00751095 0.00285815 0.00215213 0.00256053 0 0.0039534 -0.00179625 0.0069155 -0.0096829 0.00865726 0.00183275 0.0043989 -0.000865503 0.00226824 0.00488453 0.00389408 0.00794475 0.0129781 -0.0130696
internal_weight=857.369 395.453 41.6733 34.7705 353.779 315.536 307.484 14.8278 461.916 33.0558 15.6461 17.4098 38.243 14.9158 428.861 36.0462 30.1578 392.814 297.012 95.8021 23.3272 19.9427
internal_count=2277 1130 148 135 982 898 854 47 1147 103 35 68 84 42 1044 103 78 941 734 207 42 88
is_linear=0
shrinkage=0.01


Tree=143
num_leaves=23
num_cat=0
split_feature=66 37 22 1 7 35 21 53 60 8 48 63 22 33 45 34 56 41 53 57 36 46
split_gain=7.40416 22.1881 23.8568 20.3603 20.0105 22.3892 15.6012 20.1198 31.4501 18.345 15.9456 19.0495 16.0703 13.5695 13.4742 9.38664 9.07973 10.0847 7.78771 7.14947 3.50704 3.31549
threshold=1.6205830574035647 -0.37779623270034784 5925.3649902343759 40905.000000000007 1.6071060895919802 -1.4789130091667173 -1243.4999999999998 -0.16971824318170545 0.0084567880257964152 2.0425000190734868 -1.0000000180025095e-35 1.0809445977211001 10233.284667968752 -1.4794612526893614 -0.47418582439422602 -1.3761414885520933 -0.61082485318183888 0.071162033826112761 -0.84063914418220509 0.77446407079696666 1.8138847947120669 -0.38453368842601771
decision_type=2 2 2 2 2 2 2 2 2 2 2 2 2 2 2 2 2 2 2 2 2 2
left_child=1 2 13 20 19 -6 10 8 -8 -9 12 -12 -5 21 -15 -3 17 -17 -18 -4 -2 -1
right_child=3 15 4 6 5 -7 7 9 -10 -11 11 -13 -14 14 -16 16 18 -19 -20 -21 -22 -23
leaf_value=-0.01584240332904472 -0.015811202058842282 -0.0067815248319143444 -0.0016425362055816214 0.0051408252537596235 -0.0053398304446201118 0.0065921090580804446 -0.015296887366998555 -0.00073593860583651138 0.0086414315837473801 0.0075869179021370112 -0.0098695373670443891 0.0080102349448712903 -0.0019264018709295647 0.008517184396349655 0.0033949594651451571 0.0087489837822388693 3.519805463071343e-05 -0.015292052026117432 0.012176055074456356 -0.016104734469298637 -0.00077322634820300724 -0.00019171830959847276
leaf_weight=3.9656770378351212 7.2429678589105588 3.5222711265087119 5.1061740517616299 65.595489203929901 31.230071127414703 31.639548361301422 18.167419344186786 95.32204083353281 7.806098759174346 36.585264131426811 6.2906752228736869 99.155982121825218 62.894844211637974 66.635610431432724 230.69437821209431 4.3925214558839789 6.0117383748292914 2.8878549039363861 56.41750955581665 11.434280410408972 2.1546415388584137 2.2542834281921378
leaf_count=18 33 12 16 161 108 71 83 298 18 84 25 215 203 140 592 9 16 13 97 51 7 7
internal_value=0.00305492 0.00392883 0.00296053 0.00205878 -0.00191065 0.00064909 0.00240979 -1.28633e-05 -0.00806395 0.00156487 0.00404909 0.00693409 0.0016737 0.00423814 0.00454628 0.00897883 0.00978951 -0.000649847 0.0110229 -0.0117006 -0.0124698 -0.0103309
internal_weight=857.407 456.192 382.96 401.215 79.4101 62.8696 391.818 157.881 25.9735 131.907 233.937 105.447 128.49 303.55 297.33 73.2319 69.7096 7.28038 62.4292 16.5405 9.39761 6.21996
internal_count=2277 1150 1003 1127 246 179 1087 483 101 382 604 240 364 757 732 147 135 22 113 67 40 25
is_linear=0
shrinkage=0.01


Tree=144
num_leaves=23
num_cat=0
split_feature=54 61 21 21 35 34 59 57 43 6 40 33 50 50 40 5 14 7 35 26 66 52
split_gain=7.36142 16.2756 15.0859 18.264 14.9482 12.4154 15.8409 19.5436 12.144 12.1803 10.6415 10.5536 13.4104 14.8839 16.117 12.7396 12.4095 10.4573 10.1664 14.0846 10.0995 3.05988
threshold=0.29366892576217657 190.20009613037112 -1243.4999999999998 -6747.9999999999991 2.2228094339370732 0.60846820473670971 1.450089752674103 1.1981297135353091 249808.32031250003 -1079736895.9999998 -1.0572786331176756 -1.4548804163932798 -0.012258646078407763 0.0034269909374415879 2.3102281093597417 4184.9299316406259 1.7150000333786013 1.7285684347152712 -2.0126076936721797 0.020714308135211471 3.4144873619079594 -0.025586224161088463
decision_type=2 2 2 2 2 2 2 2 2 2 2 2 2 2 2 2 2 2 2 2 2 2
left_child=1 5 3 4 -3 8 7 -7 20 -10 -5 16 18 14 -14 -15 -2 -4 19 -13 -1 -20
right_child=11 2 17 10 -6 6 -8 -9 9 -11 -12 12 13 15 -16 -17 -18 -19 21 -21 -22 -23
leaf_value=0.0045868929968546357 0.0076180480690720585 -0.01547656759698229 0.0032947560974430174 -0.0081881370015083905 0.010136839235114386 -0.0024860705255922246 -0.0145003646455101 0.0072924120783480154 -0.015617568051658488 0.0048121968951144994 0.0090519706745065247 0.01138655568466577 0.0023854763032147173 0.007439583168814711 -0.014965221488525433 0.00063008294621651434 -0.014622119408229124 -0.01502927785318639 0.0097927548403286373 -0.015050028915493873 -0.0089634111664171762 0.016965933619887484
leaf_weight=268.23869907110929 4.0573926568031293 9.3465588986873609 3.9593476206064251 4.3479312807321575 2.9638466387987128 59.013413943350315 7.2241792529821387 31.225362226366997 6.2544753104448318 5.3686424344778043 19.081909269094467 4.9488614797592145 208.87109015882015 127.06689183413982 5.4809266477823249 35.472868427634239 6.4108464121818542 13.282463833689688 13.250131085515021 3.3950516432523727 5.5667291879653922 12.621822446584703
leaf_count=666 8 42 11 15 7 203 35 76 28 14 39 8 554 276 25 100 31 62 24 16 22 15
internal_value=0.00302415 0.002108 -0.00307768 0.000602089 -0.00922867 0.00282817 -0.000243749 0.0008865 0.00388062 -0.00609516 0.00581 0.00396899 0.00422289 0.00367455 0.00193716 0.00595962 -0.00590651 -0.0107634 0.0102336 0.000509936 0.00430775 0.0133309
internal_weight=857.449 435.874 52.9821 35.7402 12.3104 382.892 97.463 90.2388 285.429 11.6231 23.4298 421.576 411.108 376.892 214.352 162.54 10.4682 17.2418 34.2159 8.34391 273.805 25.872
internal_count=2277 1220 176 103 49 1044 314 279 730 42 54 1057 1018 955 579 376 39 73 63 24 688 39
is_linear=0
shrinkage=0.01


Tree=145
num_leaves=21
num_cat=0
split_feature=54 57 28 58 59 11 58 60 41 41 55 41 2 5 10 52 1 6 13 7
split_gain=7.29458 10.1338 8.62995 15.5601 15.7597 15.1908 14.6633 12.0896 6.67901 11.0635 14.562 13.458 7.01143 4.6154 6.57249 4.54276 4.10127 2.93684 2.76527 1.47992
threshold=4.3018939495086679 0.54489997029304515 -126.37499999999999 16608.000000000004 1.1172108054161074 36.204999923706062 -364639.99999999994 -0.0024166376097127791 1.2437162995338442 -1.0854911804199217 -0.094515658915042863 -0.37757751345634455 117216.50000000001 1164.3649902343752 -0.00034749999758787448 0.029875262640416626 543807.50000000012 -1007319487.9999999 7284164.2500000009 1.6797711253166201
decision_type=2 2 2 2 2 2 2 2 2 2 2 2 2 2 2 2 2 2 2 2
left_child=1 16 3 5 -5 -3 15 -8 9 13 12 -12 -11 14 -2 -4 -1 19 -19 -10
right_child=8 2 6 4 -6 -7 7 -9 17 10 11 -13 -14 -15 -16 -17 -18 18 -20 -21
leaf_value=-0.013381130247339276 -0.0030973550728495875 0.0032901147012498935 -0.013316797954874789 -0.0020277401937182212 0.0047597046276390918 0.0086753477228715715 0.005165374554427061 0.0011044521089761592 0.008683869626472631 0.00112028295936535 -0.010794784497889716 0.0072513926603533672 -0.015329945516014886 0.014698622596710667 0.011972125464821072 0.0036665375901739502 0.0033706187145769663 0.0096071215194910176 -0.0011144333171743601 0.01521680527180376
leaf_weight=5.4793988093733779 5.0824353694915771 122.32541589438915 8.2201226651668531 69.674478977918625 66.987776219844818 92.799449369311333 97.363064289093018 300.95944532006979 6.9665991663932862 4.0257618427276594 4.8709140568971661 26.124915018677711 6.7616594582796097 10.125580981373785 6.4756442606449145 1.8416079133748997 1.875152915716171 6.0580165535211545 3.7349638193845749 9.6968382298946363
leaf_count=30 16 314 45 219 157 186 242 878 12 12 18 52 32 12 9 6 6 10 10 11
internal_value=0.0029939 0.00267573 0.00278975 0.00394015 0.00129195 0.00561782 0.00179634 0.00209959 0.00569844 0.00391279 0.000878717 0.00438322 -0.00909818 0.00971318 0.0052591 -0.0101089 -0.00897405 0.00994427 0.00541589 0.0125455
internal_weight=857.449 767.526 760.171 351.787 136.662 215.125 408.384 398.323 89.9233 63.4669 41.7833 30.9958 10.7874 21.6837 11.5581 10.0617 7.35455 26.4564 9.79298 16.6634
internal_count=2277 2083 2047 876 376 500 1171 1120 194 151 114 70 44 37 25 51 36 43 20 23
is_linear=0
shrinkage=0.01


Tree=146
num_leaves=27
num_cat=0
split_feature=29 62 68 67 35 36 24 40 54 37 37 71 61 36 56 28 44 22 39 52 2 33 56 72 38 47
split_gain=7.27503 20.1895 17.1991 26.2563 13.9125 13.9778 13.6687 11.8842 15.665 19.6596 18.0506 16.3486 15.5814 14.2117 11.9022 10.2251 10.1393 17.657 11.496 11.4016 10.8665 8.63305 6.49507 5.30128 5.22195 4.16448
threshold=2.6411490440368657 3.0320051908493046 33.333324432373054 2.1437386274337773 -2.3190871477127071 2.208875417709351 46.500000000000007 1.2935948371887209 0.39139769971370703 0.97292500734329235 -2.1119625568389888 47519.429687500007 103.41172027587892 -1.4752553701400755 0.1856179162859917 81.687500000000014 10455.265136718752 10233.284667968752 -0.47768431901931757 0.011802840512245895 366341.00000000006 1.3769975304603579 0.076827276498079314 -910848.71874999988 2.6015568971633916 0.65683811902999889
decision_type=2 2 2 2 2 2 2 2 2 2 2 2 2 2 2 2 2 2 2 2 2 2 2 2 2 2
left_child=7 2 -2 15 25 6 -6 8 9 11 13 -1 -11 -10 -12 -4 17 19 20 -9 -18 -19 -20 -7 -5 -3
right_child=1 4 3 24 5 23 -8 16 10 12 14 -13 -14 -15 -16 -17 18 21 22 -21 -22 -23 -24 -25 -26 -27
leaf_value=0.0042902432927323254 -0.01483167932237083 -0.01452091425397011 0.012785587490468195 -0.014879737709061772 0.0036815142572193668 -0.01327052958405236 -0.010169946549819975 0.011829570390948379 0.0028705002830561482 0.0048501731624563541 0.011993262646282126 -0.0060063048780481156 -0.0081480856037876095 -0.01327988540140535 0.0049218505514143562 -0.0032317707826690373 0.010199648633713927 -0.015950679004038276 0.017486486438765474 -0.0023335734008724457 -0.015047501172502338 0.0047427562474170026 0.0086271696233490049 0.0051080298994369538 0.0015865141388986615 0.00069405036761501003
leaf_weight=114.54759189486504 11.811351761221884 5.9221268445253354 11.569575443863874 10.025602191686628 329.54083216935396 7.0691746175289154 7.244814231991767 18.628364235162739 13.904552906751634 12.525992617011068 28.468959793448448 17.746186926960945 34.187105745077133 8.8888258934020978 154.65440271794796 5.9481821954250327 3.8366834968328467 5.7940472513437253 17.503201633691788 8.0248109847307187 3.058576375246048 2.9957772344350815 16.946590475738049 1.9275229275226573 2.2517440021038047 2.4081984758377075
leaf_count=278 55 28 20 46 872 39 29 33 35 33 51 62 131 36 351 20 7 26 22 26 14 7 35 6 7 8
internal_value=0.00296408 0.0019639 -0.00461677 -0.000533821 0.00273992 0.00304979 0.00338058 0.00381914 0.00309811 0.000927572 0.00498013 0.00290148 -0.00464123 -0.00338386 0.00602666 0.00728978 0.00742053 0.00345423 0.0107964 0.00752777 -0.000854371 -0.00878411 0.0131574 -0.00922181 -0.0117783 -0.0100024
internal_weight=857.431 395.719 41.6065 29.7951 354.113 345.782 336.786 461.712 384.924 179.007 205.917 132.294 46.7131 22.7934 183.123 17.5178 76.7881 35.443 41.3451 26.6532 6.89526 8.78982 34.4498 8.9967 12.2773 8.33033
internal_count=2277 1130 148 93 982 946 901 1147 977 504 473 340 164 71 402 40 170 92 78 59 21 33 57 45 53 36
is_linear=0
shrinkage=0.01


Tree=147
num_leaves=23
num_cat=0
split_feature=30 43 39 44 61 18 24 3 65 38 66 1 52 45 69 27 44 36 50 53 59 36
split_gain=7.19776 19.0623 20.8671 16.2062 16.9486 9.31523 18.1554 7.63163 11.1608 20.189 10.033 20.6955 17.1965 18.3828 15.0964 9.97472 10.5968 6.44724 5.37021 4.99339 4.6839 3.42749
threshold=7.903783082962037 1.0000000180025095e-35 1.9365942478179934 13863.114746093752 72.196708679199233 280.50000000000006 15.500000000000002 -290049.99999999994 -1.515454053878784 -2.6365644931793208 1.6205830574035647 40905.000000000007 0.019497352652251724 -0.48742960393428797 78.17029190063478 -596511.99999999988 49805.031250000007 -1.422640800476074 0.0074953758157789716 1.2873666882514956 1.1642287969589236 1.8138847947120669
decision_type=2 2 2 2 2 2 2 2 2 2 2 2 2 2 2 2 2 2 2 2 2 2
left_child=7 2 19 5 -5 17 -7 8 9 -1 12 21 13 -9 -13 -10 -17 -3 -14 -2 -11 -12
right_child=1 3 -4 4 -6 6 -8 10 15 20 11 14 18 -15 -16 16 -18 -19 -20 -21 -22 -23
leaf_value=-0.01439668470831966 -0.014167043057632263 0.0033958536262636623 0.0092147205221700113 0.0076147925450531194 -0.014367262601945778 -0.014266597031018948 0.016385268626297026 0.0084551451320361744 -0.015172502535729632 0.0038429267815186436 -0.015758490565546967 -0.0051514482853493651 0.014799666739555399 0.0028136939298530495 0.0031356299967086861 -0.013874323779732793 0.011382950333674582 0.016422305358680191 0.0044163499746135669 0.0018240831539332954 0.016739110685899179 -0.00086402737691513914
leaf_weight=4.276475444436076 16.731520920991905 5.69777883589268 5.8457821756601325 6.2289696186780912 7.9277477711439133 4.3173270821571341 3.4946569800376892 72.365822061896324 8.3120734393596667 5.45495752990246 7.2182728424668294 23.434436112642288 20.347896128892902 292.36177837848663 336.00218203663826 2.7912286520004228 4.0826954990625381 12.836033433675768 6.9970165193080893 2.0875533968210211 6.4091574102640152 2.1502414494752884
leaf_count=21 83 15 13 14 38 21 6 147 39 15 33 81 31 748 891 14 9 20 17 6 8 7
internal_value=0.00293463 -0.000245757 -0.00719084 0.00395891 -0.0046245 0.00860909 -0.00042661 0.00319752 -0.00161807 0.00413117 0.0033971 0.00220781 0.00451326 0.00393576 0.00259255 -0.00779456 0.000981493 0.0124716 0.0121794 -0.01234 0.0108939 -0.0124467
internal_weight=857.372 65.1674 24.6649 40.5025 14.1567 26.3458 7.81198 792.204 31.3266 16.1406 760.878 368.805 392.073 364.728 359.437 15.186 6.87392 18.5338 27.3449 18.8191 11.8641 9.36851
internal_count=2277 216 102 114 52 62 27 2061 106 44 1955 1012 943 895 972 62 23 35 48 89 23 40
is_linear=0
shrinkage=0.01


Tree=148
num_leaves=19
num_cat=0
split_feature=56 38 33 10 45 40 50 1 63 3 59 68 55 14 69 56 27 7
split_gain=7.25282 14.2159 11.9985 11.4239 13.5797 11.9434 11.1211 11.0163 11.3041 10.959 11.8295 10.9989 9.06977 7.47284 11.0788 4.93048 4.5333 1.99537
threshold=1.6506541371345522 3.0136001110076909 -1.4548804163932798 -0.0011824999819509683 -0.39931352436542505 -1.0000000180025095e-35 -0.010388504248112438 1519164.0000000002 6.9879679679870614 -290049.99999999994 1.0999508500099184 15.693591594696047 -1.6070240736007688 5.3192501068115243 3.5195523500442509 -0.78146365284919728 482080.00000000006 2.7567603588104252
decision_type=2 2 2 2 2 2 2 2 2 2 2 2 2 2 2 2 2 2
left_child=1 3 17 4 5 -1 13 8 -8 10 -5 -11 -9 14 -4 -3 -6 -2
right_child=2 15 6 9 16 -7 7 12 -10 11 -12 -13 -14 -15 -16 -17 -18 -19
leaf_value=0.016688987341862638 -0.014647723991378522 0.0036445612491670123 0.015233435548363721 -0.014360028612477389 -0.013775494549197964 -0.0062742376918652077 0.0050240997580677758 0.0081362235738370141 -0.0037426584784058942 -0.0032539869535472168 0.0020011480670110169 0.0033407322232402339 -0.014130479863375837 0.017800864368525467 -2.5762073680418424e-05 -0.01354022278165869 0.0013414578569048003 -0.0019558314849949373
leaf_weight=4.3983105272054672 3.5120270401239386 2.0376060456037521 8.5876428931951576 7.6207762360572842 10.803657680749891 4.591262564063074 192.3603970259428 2.5894103944301605 15.79299536347389 26.4032993465662 10.312792822718619 530.43881410360336 5.903480798006056 9.6255007684230787 10.377925157546995 7.5162173658609372 2.2857869267463675 2.2211000025272369
leaf_count=6 17 7 11 38 56 18 442 5 57 85 31 1378 30 12 29 40 8 7
internal_value=0.00290527 0.00231005 0.0043395 0.0025051 -0.00453656 0.00484969 0.00467658 0.00389565 0.00435414 0.00277733 -0.00489569 0.00302624 -0.00722381 0.010559 0.0068309 -0.00977044 -0.0110593 -0.00990512
internal_weight=857.379 606.409 250.97 596.855 22.079 8.98957 245.237 216.646 208.153 574.776 17.9336 556.842 8.49289 28.5911 18.9656 9.55382 13.0894 5.73313
internal_count=2277 1667 610 1620 88 24 586 534 499 1532 69 1463 35 52 40 47 64 24
is_linear=0
shrinkage=0.01


Tree=149
num_leaves=18
num_cat=0
split_feature=26 66 37 22 7 1 2 45 65 48 41 40 1 34 12 36 18
split_gain=7.12149 8.9556 20.7637 23.6184 18.9714 17.8326 14.0738 13.5912 13.166 8.89683 18.6063 7.68127 6.59785 5.65474 3.36362 3.31684 2.31907
threshold=0.0028571443399414424 1.6205830574035647 -0.37779623270034784 5925.3649902343759 1.6071060895919802 40905.000000000007 1134139.0000000002 -0.47418582439422602 1.037168622016907 -1.0000000180025095e-35 -1.0000000180025095e-35 -1.0000000180025095e-35 124144.50000000001 -1.3336408138275144 8795739.0000000019 1.8138847947120669 11677.500000000002
decision_type=2 2 2 2 2 2 2 2 2 2 2 2 2 2 2 2 2
left_child=12 2 3 7 -5 15 8 -2 -7 13 -11 -8 -1 -4 -14 -3 -16
right_child=1 5 9 4 -6 6 11 -9 -10 10 -12 -13 14 -15 16 -17 -18
leaf_value=-0.00037620966498478947 0.0079555027302424045 -0.015622561951887078 -0.00044841652839077892 -0.011702011921654659 0.00036017468630259114 -0.0075167699592585263 -0.014148889698487327 0.0028399290811238985 0.0027450043728855494 0.011785732270426985 -0.0079985203641350158 -0.0010638320482383701 0.014031027323770847 0.011621717394068391 0.010856600120625335 -0.00089709857739146779 0.00066877176590265084
leaf_weight=7.2153235077857998 67.392221942543983 6.9465128108859044 4.0418141186237326 16.489448681473732 61.636001169681549 12.935455337166784 7.7465163916349438 232.3712051063776 337.4581243917346 10.324215397238733 8.763112545013426 11.096167489886282 12.303206235170366 49.13037733733654 4.6625898331403715 2.1504867374897003 4.7210127413272858
leaf_count=18 143 32 11 67 177 46 39 606 919 18 31 41 16 86 8 7 12
internal_value=0.00287616 0.00270408 0.0036589 0.00271587 -0.00217292 0.00156537 0.00190849 0.00399334 0.00236332 0.00857677 0.00265027 -0.00649637 0.00777414 0.0106854 0.0105319 -0.0122515 0.00583754
internal_weight=857.384 828.482 450.148 377.889 78.1254 378.333 369.236 299.763 350.394 72.2595 19.0873 18.8427 28.9021 53.1722 21.6868 9.097 9.3836
internal_count=2277 2223 1139 993 244 1084 1045 749 965 146 49 80 54 97 36 39 20
is_linear=0
shrinkage=0.01


Tree=150
num_leaves=14
num_cat=0
split_feature=15 14 71 43 35 25 39 2 3 48 45 40 40
split_gain=7.11284 15.6302 11.5726 14.2263 11.5585 11.4018 8.10647 8.46173 7.96043 10.6055 10.5252 8.80874 7.72565
threshold=2.2150000333786015 2.3249999284744267 119975.71093750001 249808.32031250003 -1.1830064654350279 1331.5000000000002 0.77681398391723644 334009.50000000006 394881.50000000006 -0.91094794869422901 -0.65724569559097279 1.2935948371887209 2.0082008838653569
decision_type=2 2 2 2 2 2 2 2 2 2 2 2 2
left_child=8 6 3 5 -5 -3 -2 -8 9 -1 -11 -12 -10
right_child=1 2 -4 4 -6 -7 7 -9 12 10 11 -13 -14
leaf_value=-0.01772907922077779 -0.01327779678802107 0.0026335764097543536 0.015508962720013128 -0.015003253444512232 0.0072898297761069333 -0.013948205753148346 0.0098901647317224534 -0.013153967940294439 -0.016000438793223177 0.013692141103193421 0.0032507524234789741 0.007726536465916185 0.0051782492092684873
leaf_weight=2.192514866590499 9.8282260224223155 451.89057541638613 6.65529541671276 8.3151179999113065 3.1608551293611518 4.1668104827404013 4.1199882328510276 2.5891883820295334 3.9087286740541449 11.501629829406737 293.89345295727253 52.251637607812881 2.9843347072601318
leaf_count=9 54 1244 9 38 7 21 8 14 18 16 722 110 7
internal_value=0.00284712 0.00205546 0.00239034 0.00220146 -0.00877588 0.00247988 -0.00748654 0.000847982 0.00390372 0.00410936 0.00424604 0.00392927 -0.0066861
internal_weight=857.458 490.726 474.189 467.533 11.476 456.057 16.5374 6.70918 366.732 359.839 357.647 346.145 6.89306
internal_count=2277 1395 1319 1310 45 1265 76 22 882 857 848 832 25
is_linear=0
shrinkage=0.01


Tree=151
num_leaves=19
num_cat=0
split_feature=28 34 36 40 66 53 38 58 57 45 2 47 20 57 69 24 68 38
split_gain=7.06958 17.5642 13.934 17.6636 19.4513 12.4256 11.0496 9.71982 16.1323 17.5295 15.3673 12.5036 10.4488 9.47206 7.64678 4.72434 4.47186 3.74807
threshold=817.25000000000011 0.69587054848670971 2.0923870801925664 1.3889967203140261 3.1698030233383183 0.56675052642822277 2.6015568971633916 16608.000000000004 1.0354834794998171 -0.61121988296508778 1257909.5000000002 0.78983631730079662 6858.1450195312509 1.1629582643508913 6.0968825817108163 46.500000000000007 84.615390777587905 2.4663876295089726
decision_type=2 2 2 2 2 2 2 2 2 2 2 2 2 2 2 2 2 2
left_child=6 16 3 4 -3 15 7 10 9 -9 12 -10 -1 -7 -12 -4 -2 -5
right_child=1 2 5 17 -6 13 -8 8 11 -11 14 -13 -14 -15 -16 -17 -18 -19
leaf_value=0.0053824809124401376 -0.014911291347313723 -0.0022523253883174098 -0.013672169966420509 0.00860502082095237 0.010529880441212088 -0.0061628638040785513 0.014718823337471296 0.014026785905878685 0.0045319733277351245 -0.0018221485647240063 0.0054381224373101075 -0.0054630547919958103 0.001657573464388869 0.0089803589430329633 -0.0070446489396849901 0.0026392515973373723 0.00070509038961376076 0.018517129511340366
leaf_weight=308.31342724710703 8.5790188908576948 40.660482302308083 11.360152319073679 8.8245621323585528 16.798038929700851 7.8006217926740673 8.2450351566076261 7.3803008198738089 154.36500610411167 125.74174065887928 6.6555901914835003 13.53221622109413 100.77628603577614 8.708922401070593 18.021259546279907 1.9873013049364079 2.1791256815195075 7.6023652404546729
leaf_count=725 40 132 60 20 34 31 13 12 372 389 17 46 272 19 72 6 7 10
internal_value=0.0028184 0.000495059 0.00176468 0.00410108 0.00146716 -0.00398358 0.00317508 0.00304419 0.00165788 -0.00093597 0.00400394 0.00372044 0.00446732 0.00176474 -0.0036374 -0.0111686 -0.0116551 0.0132532
internal_weight=857.531 114.501 103.742 73.8854 57.4585 29.857 743.031 734.786 301.019 133.122 433.767 167.897 409.09 16.5095 24.6768 13.3475 10.7581 16.4269
internal_count=2277 359 312 196 166 116 1918 1905 819 401 1086 418 997 50 89 66 47 30
is_linear=0
shrinkage=0.01


Tree=152
num_leaves=16
num_cat=0
split_feature=56 58 49 33 50 22 42 29 40 26 63 48 14 69 7
split_gain=7.09132 16.4652 14.4261 11.7703 10.8341 13.4323 10.6772 10.6651 17.6038 17.5361 9.39799 8.96001 7.28755 10.8578 1.94351
threshold=1.6506541371345522 -364639.99999999994 -1.0121446251869199 -1.4548804163932798 -0.010388504248112438 12.365000247955324 -0.0016944999806582926 2.6411490440368657 1.1927489042282107 0.023571431636810306 6.9879679679870614 -0.3429789245128631 5.3192501068115243 3.5195523500442509 2.7567603588104252
decision_type=2 2 2 2 2 2 2 2 2 2 2 2 2 2 2
left_child=1 2 -1 14 12 11 -3 8 -8 -9 -7 -6 13 -5 -2
right_child=3 6 -4 4 5 10 7 9 -10 -11 -12 -13 -14 -15 -16
leaf_value=0.0079131094113402117 -0.014617318097223688 -0.013683546249999739 -0.013484444813163273 0.015001413476989373 0.0055813072064940282 0.0048954770032292975 0.0027926997117171189 -0.0049212805419914995 0.0092103121986171627 0.0022052015271214762 -0.0032775821600456653 -0.01514578872309138 0.017501574306812966 -0.00012169887644196799 -0.0020574006795512222
leaf_weight=4.2335326969623592 3.4993665367364875 4.0417769700288764 11.814347445964811 8.5595413297414833 3.091133639216423 192.3441044613719 244.99267643690109 40.00695712864399 52.054981514811516 249.63318283110857 15.029595553874968 6.0681011676788312 9.6255471855401975 10.369130089879034 2.2157354205846786
leaf_count=9 17 21 64 11 7 446 626 142 104 701 53 28 12 29 7
internal_value=0.00279009 0.002202 -0.00777732 0.00420888 0.0045425 0.00377172 0.00247479 0.00258782 0.0039207 0.00121739 0.0042983 -0.00804146 0.0103524 0.00666414 -0.00992283
internal_weight=857.58 606.777 16.0479 250.802 245.087 216.533 590.73 586.688 297.048 289.64 207.374 9.15923 28.5542 18.9287 5.7151
internal_count=2277 1667 73 610 586 534 1594 1573 730 843 499 35 52 40 24
is_linear=0
shrinkage=0.01


Tree=153
num_leaves=16
num_cat=0
split_feature=54 59 29 14 10 55 56 37 40 71 5 59 28 31 52
split_gain=7.06478 8.66919 19.3731 14.7669 13.5258 18.2549 13.1535 17.8577 11.7273 11.5909 6.37356 11.6575 7.06872 16.3935 6.65718
threshold=4.3018939495086679 1.1464865207672121 0.99073079228401195 0.84499999880790722 -0.0011035000206902621 0.79644984006881725 4.0896794795989999 -1.9937008619308469 -1.978571832180023 20693.164062500004 38603.980468750007 1.450089752674103 718.00000000000011 -2.6377724409103389 -0.026891820132732388
decision_type=2 2 2 2 2 2 2 2 2 2 2 2 2 2 2
left_child=1 3 -3 -1 5 -5 8 -8 -4 -6 11 12 14 -14 -2
right_child=10 2 6 4 9 -7 7 -9 -10 -11 -12 -13 13 -15 -16
leaf_value=0.012733028898250221 -0.005573826052785549 -0.01575803854684266 0.0097247983547208566 -0.011866522624966173 0.0028961300016092178 0.011811150403371124 0.0077091192427198385 -0.015817843495822489 0.0038322916833328446 -0.00038391711562733204 0.014655896966603941 -0.01029781269714585 -0.016192235280419853 0.010229288588100823 0.0075030893213959074
leaf_weight=11.816257596015928 4.0557018667459479 4.8907977789640418 40.780310049653053 15.211053498089315 306.58847124129534 4.1037462651729575 5.69282166659832 7.3408864364027959 206.39086014032364 165.33310619741678 7.0046124905347815 4.8712999373674384 4.5456830710172653 4.8269853740930539 64.107980638742447
leaf_count=18 16 22 80 72 827 9 12 33 519 491 9 18 21 9 121
internal_value=0.00276222 0.00245018 0.00391644 0.00167551 0.0014075 -0.00678404 0.00429008 -0.00546509 0.00480853 0.00174488 0.0054318 0.00463562 0.00558672 -0.00247828 0.00671035
internal_weight=857.561 768.148 265.096 503.053 491.236 19.3148 260.205 13.0337 247.171 471.922 89.4123 82.4077 77.5364 9.37267 68.1637
internal_count=2277 2083 666 1417 1399 81 644 45 599 1318 194 185 167 30 137
is_linear=0
shrinkage=0.01


Tree=154
num_leaves=19
num_cat=0
split_feature=56 38 33 10 45 61 50 22 3 59 68 63 48 14 47 56 27 21
split_gain=6.9392 13.7251 11.5741 10.8966 13.2261 12.6891 10.6046 13.1385 10.488 11.58 10.7202 9.18988 8.80642 7.13793 7.19274 4.81765 4.44993 2.29069
threshold=1.6506541371345522 3.0136001110076909 -1.4548804163932798 -0.0011824999819509683 -0.39931352436542505 105.601619720459 -0.010388504248112438 12.365000247955324 -290049.99999999994 1.0999508500099184 15.693591594696047 6.9879679679870614 -0.3429789245128631 5.3192501068115243 0.39736624062061315 -0.78146365284919728 482080.00000000006 -16.499999999999996
decision_type=2 2 2 2 2 2 2 2 2 2 2 2 2 2 2 2 2 2
left_child=1 3 17 4 5 -1 13 12 9 -5 -10 -9 -8 14 -4 -3 -6 -2
right_child=2 15 6 8 16 -7 7 11 10 -11 -12 -13 -14 -15 -16 -17 -18 -19
leaf_value=0.016181642104480524 -0.014808067515634123 0.0034832599719580738 -0.003412746999317397 -0.014315595756754189 -0.013725984950191063 -0.0075207350635146568 0.005494020450112643 0.0048172496930435765 -0.0033458067283589567 0.0019054735292714441 0.0031623620428623146 -0.0032683100915226471 -0.015073400242708278 0.017295017336947577 0.010341580626418557 -0.01349816333008092 0.0012665665280375952 -0.0011436317111348921
leaf_weight=4.6754015684127825 3.5766123533248901 2.0407769232988358 5.1176203787326875 7.571361497044566 10.721262179315088 4.3065021634101868 3.0901690274477005 192.27104280889034 26.427551746368408 10.298609629273413 531.12170271575451 15.015183582901953 6.0351758748292905 9.6241233050823194 13.788321569561957 7.4658741950988752 2.2817213237285605 2.1221296638250342
leaf_count=7 17 7 16 38 56 17 7 446 85 31 1378 53 28 12 24 40 8 7
internal_value=0.00273463 0.00215311 0.00413875 0.00234416 -0.00454868 0.00470586 0.00446934 0.0037066 0.00260925 -0.0049113 0.00285208 0.00422673 -0.00799895 0.01022 0.00656555 -0.0097476 -0.0110182 -0.00989511
internal_weight=857.551 606.911 250.64 597.404 21.9849 8.9819 244.942 216.412 575.419 17.87 557.549 207.286 9.12534 28.5301 18.9059 9.50665 13.003 5.69874
internal_count=2277 1667 610 1620 88 24 586 534 1532 69 1463 499 35 52 40 47 64 24
is_linear=0
shrinkage=0.01


Tree=155
num_leaves=17
num_cat=0
split_feature=54 57 13 40 35 13 1 22 20 41 41 24 18 1 2 71
split_gain=6.91658 9.8414 8.62905 17.5314 21.1475 13.597 13.1711 24.3662 12.797 6.53108 10.9085 7.6784 14.7288 3.98832 2.92887 1.80432
threshold=4.3018939495086679 0.54489997029304515 13879009.500000002 0.52563524246215831 -1.7194636464118955 15033893.500000002 169195.00000000003 10971.314941406252 28170.099609375004 1.2437162995338442 0.64479124546051036 93.000000000000014 4059.5000000000005 543807.50000000012 469987.00000000006 12180.184570312502
decision_type=2 2 2 2 2 2 2 2 2 2 2 2 2 2 2 2
left_child=1 13 6 5 -5 -4 7 -3 -8 10 11 12 -2 -1 15 -11
right_child=9 2 3 4 -6 -7 8 -9 -10 14 -12 -13 -14 -15 -16 -17
leaf_value=-0.013409054468389803 0.0063903910210671364 0.0048041232570788768 0.010690172232576458 -0.0090872719772985694 0.010160098796107346 0.00058461096785774366 0.0002262825870573357 -0.011923786652708695 0.0063814109785117522 0.0071467515157576282 -0.010352441707025536 0.014017097549648805 -0.0063444080190381523 0.0030945590596437962 0.0033221500149013868 0.013793398742128296
leaf_weight=5.4922532737255088 38.197114005684853 186.88612858951092 15.476596578955649 6.2269853651523581 62.52944328635931 97.321047633886337 345.89893227815628 9.1016467511653882 37.487161472439766 7.1816697716713014 5.1154675036668769 7.9242327958345404 11.843646720051764 1.8738636076450346 6.1724564880132666 12.809387445449827
leaf_count=30 83 448 31 26 123 276 1016 37 90 13 19 10 39 6 14 16
internal_value=0.00270727 0.00239883 0.00251121 0.00441776 0.0084024 0.00198003 0.00191205 0.00402218 0.000830734 0.00535148 0.00358385 0.00483099 0.00335634 -0.00907495 0.00957503 0.0114557
internal_weight=857.538 768.294 760.928 181.554 68.7564 112.798 579.374 195.988 383.386 89.244 63.0805 57.965 50.0408 7.36612 26.1635 19.9911
internal_count=2277 2083 2047 456 149 307 1591 485 1106 194 151 132 122 36 43 29
is_linear=0
shrinkage=0.01


Tree=156
num_leaves=17
num_cat=0
split_feature=26 66 37 20 24 33 1 65 5 47 34 44 1 12 36 18
split_gain=6.85312 8.70493 20.0908 26.6786 23.6516 18.9204 17.5133 11.6459 13.1802 10.4541 8.92465 8.47481 6.51697 3.33952 3.2628 2.29262
threshold=0.0028571443399414424 1.6205830574035647 -0.37779623270034784 5440.1198730468759 22.500000000000004 -1.4794612526893614 40905.000000000007 1.037168622016907 2043.0750122070315 -0.20312622189521787 -1.3761414885520933 90811.546875000015 124144.50000000001 8795739.0000000019 1.8138847947120669 11677.500000000002
decision_type=2 2 2 2 2 2 2 2 2 2 2 2 2 2 2 2
left_child=12 2 3 5 -5 -2 14 8 -8 -9 -4 -12 -1 -14 -3 -15
right_child=1 6 10 4 -6 -7 7 9 -10 -11 11 -13 13 15 -16 -17
leaf_value=-0.00061740012298116653 -0.015292725947788036 -0.015649412851418982 -0.0070884643163559372 -0.0095999298433780255 0.0012520340727640044 0.0044018438001103676 -0.012571452527014892 0.0041482292756582799 0.012800344160813581 0.00065298547097540063 0.010136292886089891 -0.0026227398548220367 0.013762039598165922 0.010579612628741521 -0.0010127844331133296 0.00043211615783456261
leaf_weight=7.1802608072757748 4.9430773109197608 6.9470052644610387 3.5161871314048758 28.993584528565407 64.979685172438622 279.0525209158659 10.431668311357496 144.30862861871719 2.5109886676073065 212.29812147468328 63.181799098849297 5.5408114641904822 12.186969622969629 4.6315729767084104 2.1424087733030319 4.7036905288696289
leaf_count=18 23 32 12 114 177 679 42 377 4 622 116 18 16 8 7 12
internal_value=0.00268023 0.00251206 0.0034534 0.00252606 -0.00208548 0.00405553 0.00139016 0.00172982 -0.00757184 0.00207022 0.00829157 0.00909304 0.00750169 0.0102569 -0.0123095 0.00557379
internal_weight=857.549 828.846 450.208 377.969 93.9733 283.996 378.639 369.549 12.9427 356.607 72.2388 68.7226 28.7025 21.5222 9.08941 9.33526
internal_count=2277 2223 1139 993 291 702 1084 1045 46 999 146 134 54 36 39 20
is_linear=0
shrinkage=0.01


Tree=157
num_leaves=18
num_cat=0
split_feature=28 34 36 40 66 53 38 31 41 67 53 35 27 56 52 71 26
split_gain=6.82957 17.1822 13.4615 17.1557 19.0306 12.1076 10.7776 10.3755 9.23812 12.5044 25.5326 12.0917 11.765 5.42261 4.69391 3.69704 3.39404
threshold=817.25000000000011 0.69587054848670971 2.0923870801925664 1.3889967203140261 3.1698030233383183 0.56675052642822277 2.6015568971633916 -3.1723346710205074 -3.194671511650085 3.606122732162476 1.9254634976387026 1.0986397862434389 97741.500000000015 1.6007536053657534 0.045435911044478423 15357.559082031252 0.037517778575420387
decision_type=2 2 2 2 2 2 2 2 2 2 2 2 2 2 2 2 2
left_child=6 14 3 4 -3 13 8 -7 11 12 -11 16 -10 -4 -2 -5 -1
right_child=1 2 5 15 -6 7 -8 -9 9 10 -12 -13 -14 -15 -16 -17 -18
leaf_value=0.0081059295180727856 -0.014930410121383639 -0.0023578147562044564 -0.013721936354559818 0.0078318653479987916 0.01027627211915636 -0.0061739577052799966 0.014404589754066627 0.0096630808333653048 0.0024955285133083996 -0.0033076628531382188 0.01046624461249631 -0.0035633488805493618 0.0059631683815428828 0.0044421997625523424 0.0013063221590439986 0.017641631527212091 0.017518623708922099
leaf_weight=7.3596687465906205 8.6389550268650037 40.681342095136642 11.460223183035852 8.0048414841294306 16.831717401742935 8.2986942827701586 8.2435900568962079 8.1959019154310209 499.73204445838928 73.962698519229889 16.438908278942108 5.4460382014513007 122.48086154460907 1.8269148170948017 2.1036236956715575 8.4466066807508451 9.4310594350099546
leaf_count=15 40 132 60 20 34 33 13 17 1306 247 26 17 283 6 7 10 11
internal_value=0.00265331 0.000369807 0.00162487 0.00391746 0.00132228 -0.00403533 0.00300378 0.00163459 0.00287453 0.00267449 -0.000791911 0.0092401 0.00317973 -0.0111492 -0.0116578 0.0129292 0.0134524
internal_weight=857.584 114.489 103.746 73.9645 57.5131 29.7817 743.095 16.4946 734.851 712.615 90.4016 22.2368 622.213 13.2871 10.7426 16.4514 16.7907
internal_count=2277 359 312 196 166 116 1918 50 1905 1862 273 43 1589 66 47 30 26
is_linear=0
shrinkage=0.01


Tree=158
num_leaves=22
num_cat=0
split_feature=30 64 31 10 45 59 46 24 66 37 66 27 45 1 2 11 49 70 33 36 18
split_gain=6.82043 18.0894 19.4242 12.946 16.076 12.9039 11.2037 15.6443 7.26347 11.2718 10.7703 18.3275 26.7251 16.8733 13.0792 10.4318 4.92739 9.92939 4.22773 3.21934 1.80082
threshold=7.903783082962037 10.803615093231203 3.2327225208282475 0.00094850000459700834 2.7155172824859624 1.1813405156135561 -0.2847332209348678 23.500000000000004 4.1582024097442636 2.0439738035202031 1.6205830574035647 -177343.99999999997 1.9361035227775576 40905.000000000007 1632795.5000000002 33.98500061035157 0.052312690764665611 38699.798828125007 -0.95098540186882008 1.8138847947120669 4344.0000000000009
decision_type=2 2 2 2 2 2 2 2 2 2 2 2 2 2 2 2 2 2 2 2 2
left_child=8 3 6 4 -2 -4 18 -8 10 16 11 12 -1 19 -15 -13 17 -10 -3 -12 -18
right_child=1 2 5 -5 -6 -7 7 -9 9 -11 13 15 -14 14 -16 -17 20 -19 -20 -21 -22
leaf_value=0.0024981701449304844 -0.013979970737365222 0.017642669903084652 -0.014488163566553774 0.0078588958360068101 0.011591261871495721 0.0099870976861276446 -0.0095996689952694697 0.017430849635057692 -0.002227748361782972 -0.0072031757878475216 -0.015636067476161593 0.003356692434143313 -0.015421401764867464 0.0019892932838742636 -0.013762867002395193 0.0080299326213055106 0.017657901976793258 0.017552589273775045 0.0079743196954344849 -0.0010282855115798025 0.010210374788071793
leaf_weight=215.10802222788334 17.95081980526448 8.7373494803905505 7.8074466586112958 4.6653024703264228 2.8056546896696082 2.9256289601325989 6.5492143481969851 3.1768459379673004 6.8485528081655556 4.2647795155644408 6.7336392104625684 85.72451063990593 8.6454975008964521 327.86550118774176 5.3427937328815451 110.71617612242699 7.4418023377656919 3.9679015129804611 10.589966028928755 2.1380216628313065 7.5564284920692444
leaf_count=564 91 11 37 11 6 6 27 4 22 17 31 211 39 893 28 222 9 5 23 7 13
internal_value=0.00262689 -0.000468667 0.00372503 -0.00707137 -0.0104753 -0.00772351 0.00798884 -0.000667811 0.0028829 0.00772057 0.0026907 0.00376456 0.00180132 0.00136869 0.00173372 0.00599567 0.0102248 0.00493601 0.0123969 -0.0122284 0.0139724
internal_weight=857.562 65.2082 39.7865 25.4218 20.7565 10.7331 29.0534 9.72606 792.354 30.0795 762.274 420.194 223.754 342.08 333.208 196.441 25.8147 10.8165 19.3273 8.87166 14.9982
internal_count=2277 216 108 108 97 43 65 31 2061 66 1995 1036 603 959 921 433 49 27 34 38 22
is_linear=0
shrinkage=0.01


Tree=159
num_leaves=26
num_cat=0
split_feature=29 62 59 57 70 36 60 33 70 6 40 54 37 37 70 0 36 51 58 57 7 53 54 5 33
split_gain=6.74321 19.1766 16.8146 13.968 13.6982 18.1962 16.1343 16.7647 13.8989 13.145 11.0968 14.747 18.7859 17.4291 15.9341 15.5285 13.7608 12.2082 9.87397 9.83685 9.64502 13.6179 9.97388 4.72515 2.74306
threshold=2.6411490440368657 3.0320051908493046 1.3411433696746828 0.93944630026817333 37522.197265625007 2.208875417709351 0.0029154793592169885 -0.88060238957405079 31660.548828125004 -1716541247.9999998 1.2935948371887209 0.39139769971370703 0.97292500734329235 -2.1119625568389888 74894.320312500015 5354.5000000000009 -1.4752553701400755 0.0080388453789055365 -254143.99999999997 1.663668751716614 2.007399439811707 0.082955114543437972 1.0351591706275942 28686.480468750004 -0.81526321172714222
decision_type=2 2 2 2 2 2 2 2 2 2 2 2 2 2 2 2 2 2 2 2 2 2 2 2 2
left_child=10 2 3 9 5 8 7 -6 -3 -2 11 12 14 16 -1 -14 -13 -15 19 -12 22 -22 -20 -5 -8
right_child=1 4 -4 23 6 -7 24 -9 -10 -11 18 13 15 17 -16 -17 -18 -19 20 -21 21 -23 -24 -25 -26
leaf_value=0.0036959447324187052 0.0059530822467686274 0.0026068780537860216 0.0094450457851589526 -0.015014391324292196 -0.010664904448353366 -0.013242277052671924 0.019279765479736543 0.0084596769417269978 -0.0067063547091438238 -0.014515194685424775 -0.014355307193404285 0.0024954952067267008 0.011376653295030275 0.0077444370099100041 -0.0080272778624285099 -0.0068726762702619936 -0.013419932539436172 0.0024618172659415312 0.014801491230359764 0.010872184968210531 -0.0056463371754268132 0.0083254396080634559 0.0033666250336886702 -0.00029478647598681296 0.011044012313966813
leaf_weight=119.54420898854733 10.312479734420775 291.68079088628292 6.8761159032583228 17.235325336456302 6.9410627186298397 7.9206017181277266 8.4125665277242678 13.405694276094435 16.901778683066368 4.507337123155593 4.085934951901435 13.828511923551561 5.2153736501932135 107.87572963535786 12.793558672070501 41.547242060303688 8.8687321096658689 74.731193780899048 26.576395392417908 2.4470493942499161 10.045734226703642 22.397930130362511 11.046436026692389 2.6562212854623786 9.602090194821356
leaf_count=293 26 793 13 79 27 44 10 28 61 21 21 35 9 212 47 155 36 190 38 4 34 47 26 9 19
internal_value=0.00260095 0.00163982 -0.00477667 -0.00762271 0.0023946 0.00170659 0.00804506 0.0018864 0.00209353 -0.000204715 0.00342532 0.00272844 0.000624924 0.00455861 0.00255506 -0.00481597 -0.00367925 0.00558802 0.00690945 -0.00475282 0.00801111 0.00396845 0.0114707 -0.0130991 0.0149455
internal_weight=857.456 396.452 41.5875 34.7114 354.865 316.503 38.3614 20.3468 308.583 14.8198 461.004 384.405 179.1 205.304 132.338 46.7626 22.6972 182.607 76.5995 6.53298 70.0665 32.4437 37.6228 19.8915 18.0147
internal_count=2277 1130 148 135 982 898 84 55 854 47 1147 977 504 473 340 164 71 402 170 25 145 81 64 88 29
is_linear=0
shrinkage=0.01


Tree=160
num_leaves=18
num_cat=0
split_feature=5 13 2 61 68 44 18 2 35 29 55 24 55 29 71 38 61
split_gain=6.64008 13.6139 8.94382 16.7423 8.748 11.5734 8.35603 17.0621 14.4135 13.0518 18.3976 14.0341 4.99118 9.47386 13.9158 4.51111 4.05699
threshold=77737.011718750015 9827119.0000000019 1632795.5000000002 76.815879821777358 29.999981880187992 40946.541015625007 8.5000000000000018 62467.000000000007 -2.0126076936721797 2.6411490440368657 0.75916165113449108 2.5000000000000004 0.88594126701354992 2.7509341239929204 56283.080078125007 1.1243411898612978 105.601619720459
decision_type=2 2 2 2 2 2 2 2 2 2 2 2 2 2 2 2 2
left_child=2 -2 6 4 5 -4 7 16 -9 11 -11 -8 13 14 -3 -6 -1
right_child=1 12 3 -5 15 -7 9 8 -10 10 -12 -13 -14 -15 -16 -17 -18
leaf_value=-0.017343988469817061 -0.0077549812896469152 -0.015687751816211976 -0.0063179472134080863 -0.014004718254537845 -0.015211472325885879 0.014608898976999246 -0.0032575936008222522 -0.0051849795519005575 0.010906992198342671 -0.00027971856686342651 0.0055529470927492752 0.0040253595088586471 0.017179258388607791 0.016873733916259018 0.012853591622819642 0.0031450078801492595 0
leaf_weight=3.1742045581340781 4.6094769239425686 3.2898627147078532 3.9306686073541695 9.4129801765084249 3.2992057353258124 7.7534952461719513 28.239644773304462 6.4116474241018286 38.662210747599602 270.86049614101648 67.488656163215637 388.41491696238518 8.3733462244272214 5.3764756172895432 3.5448168963193893 2.122779592871666 2.3204958587884903
leaf_count=13 18 15 15 49 15 11 85 21 72 826 165 935 10 7 6 7 7
internal_value=0.00257546 0.00765166 0.00242056 -0.00327686 0.00256789 0.00748331 0.00260936 0.00655572 0.00859576 0.00234371 0.000880736 0.00352934 0.0111502 0.00693418 -0.000738428 -0.00784023 -0.00999705
internal_weight=857.285 25.194 832.091 26.5191 17.1061 11.6842 805.572 50.5686 45.0739 755.004 338.349 416.655 20.5845 12.2112 6.83468 5.42199 5.4947
internal_count=2277 56 2221 97 48 26 2124 113 93 2011 991 1020 38 28 21 22 20
is_linear=0
shrinkage=0.01


Tree=161
num_leaves=19
num_cat=0
split_feature=30 43 39 11 42 54 28 34 38 36 40 53 58 57 2 67 53 68
split_gain=6.61019 18.1663 19.9206 14.064 12.0789 12.2296 6.67365 15.9537 12.3443 10.6912 13.1269 12.8642 8.45804 15.7398 13.2973 6.30667 4.82169 4.3462
threshold=7.903783082962037 1.0000000180025095e-35 1.9365942478179934 73.104999542236342 -0.00059551000595092763 -1.0462648868560789 817.25000000000011 0.69587054848670971 2.6015568971633916 2.0923870801925664 1.3889967203140261 0.56675052642822277 16608.000000000004 1.0354834794998171 1134139.0000000002 1.0381037592887881 1.2873666882514956 84.615390777587905
decision_type=2 2 2 2 2 2 2 2 2 2 2 2 2 2 2 2 2 2
left_child=6 2 16 4 15 -6 8 17 12 10 -9 -11 14 -14 -1 -3 -2 -8
right_child=1 3 -4 -5 5 -7 7 9 -10 11 -12 -13 13 -15 -16 -17 -18 -19
leaf_value=0.0044546958755569402 -0.01414896474807637 0.001307614068563041 0.008714528307736483 -0.01401205665228499 0.011821891801766016 -0.0046712669888477713 -0.014916750835635451 0.0016441483337778088 0.015689465289073216 -0.011047019241365306 0.01255012454446644 0.0025749140117376978 -0.00098883048079929903 0.0037969386360332371 -0.0027204256333990002 0.015975252884133574 0.0015595816138313907 0.00061633248196292121
leaf_weight=370.98560839891434 16.650340899825103 4.1271073520183554 5.8497543185949317 4.0493173152208319 6.5812253654003134 14.148087069392206 7.9253125190734846 55.995058119297028 7.8192051798105231 12.491914063692095 13.845385089516638 15.388569362461565 123.04220847785473 154.91514305770397 27.58413377404213 11.60575422644615 2.0859580039978018 2.1736603528261185
leaf_count=885 83 12 13 20 12 52 37 158 11 61 25 44 362 376 95 18 6 7
internal_value=0.00254973 -0.00050046 -0.00729495 0.00359837 0.00558153 0.000516806 0.00280165 0.000478308 0.00316624 0.0017238 0.0038205 -0.00349256 0.00302002 0.00167484 0.00395561 0.0121911 -0.0123467 -0.0114745
internal_weight=857.264 65.0975 24.5861 40.5115 36.4622 20.7293 792.166 107.82 684.346 97.7209 69.8404 27.8805 676.527 277.957 398.57 15.7329 18.7363 10.099
internal_count=2277 216 102 114 94 64 2061 332 1729 288 183 105 1718 738 980 30 89 44
is_linear=0
shrinkage=0.01


Tree=162
num_leaves=20
num_cat=0
split_feature=5 13 37 66 61 57 39 37 33 48 54 29 69 70 55 30 50 63 10
split_gain=6.55255 13.3442 7.89328 21.3804 19.2974 17.839 15.1212 10.4506 10.2555 9.87965 11.8426 11.6154 8.87418 8.22249 4.87007 10.6216 12.9348 4.86095 3.80283
threshold=77737.011718750015 9827119.0000000019 1.9593003988265993 1.7639768123626711 110.35834121704103 1.4603435397148135 -0.23527293652296064 1.7934074997901919 0.71703025698661815 -0.66883382201194752 1.5180464386940005 2.6411490440368657 93.62381744384767 15416.962890625002 0.88594126701354992 2.8518328666687016 -0.0096525889821350557 1.3799332380294802 -0.00072449998697265972
decision_type=2 2 2 2 2 2 2 2 2 2 2 2 2 2 2 2 2 2 2
left_child=2 -2 7 6 17 -6 -4 9 12 10 -1 -11 -9 -10 15 16 -3 -5 -8
right_child=1 14 3 4 5 -7 18 8 13 11 -12 -13 -14 -15 -16 -17 -18 -19 -20
leaf_value=0.0086626413182104411 -0.0077012341216105883 0.011864904414623987 -0.0081062374531532672 0.0002784063529691271 -0.0024575254031161289 0.015062558724934106 0.01955266321905464 -0.014928073235562993 0.00063812377665051299 0.0033824643935235002 -0.0055577855175795556 0.00072308517158624689 0.0089906447839527403 0.013875483779484521 0.016995312100439319 0.017710823597306503 -0.01532268690129829 -0.015272623208684269 0.009083401845289045
leaf_weight=43.319205820560455 4.5982722043991116 3.6399542242288616 4.1580605655908611 2.2230642139911643 45.950247101485729 6.6511176079511634 6.083884835243226 3.2161177098751059 6.2636579573154476 346.97776716947556 6.6826082170009604 314.01639700680971 2.9522158205509186 20.840021356940269 8.3637896627187711 5.1944698691368103 3.3589903041720381 13.195319153368471 9.5109186321496928
leaf_count=87 18 6 15 7 150 9 6 15 18 855 23 918 6 32 10 6 16 62 18
internal_value=0.00252446 0.00757092 0.00237068 -0.000455812 -0.00312629 -0.000223208 0.00868944 0.00270536 0.0081959 0.00244702 0.00674212 0.00212059 -0.00331826 0.0108532 0.0110357 0.00686578 -0.00104031 -0.0129656 0.0132318
internal_weight=857.196 25.1555 832.041 87.7726 68.0197 52.6014 19.7529 744.268 33.272 710.996 50.0018 660.994 6.16833 27.1037 20.5572 12.1934 6.99894 15.4184 15.5948
internal_count=2277 56 2221 267 228 159 39 1954 71 1883 110 1773 21 50 38 28 22 69 24
is_linear=0
shrinkage=0.01


Tree=163
num_leaves=23
num_cat=0
split_feature=54 13 40 35 8 55 54 18 72 43 38 10 41 4 69 41 41 24 18 6 8 41
split_gain=6.52474 8.14592 17.6637 29.3579 17.223 20.2339 13.4981 12.5401 11.4805 23.2916 25.3353 20.0299 20.8473 16.4341 14.457 6.49901 10.6873 7.4642 14.4793 2.95528 2.67672 1.43984
threshold=4.3018939495086679 13879009.500000002 0.52563524246215831 -1.7561847567558286 1.5314500331878664 -0.15208046138286588 0.23331468552351001 11677.500000000002 -922025.21874999988 23766.849609375004 -1.8984381556510923 0.00038450000283773994 1.2437162995338442 17015.214843750004 18.362652778625492 1.2437162995338442 0.64479124546051036 93.000000000000014 4059.5000000000005 -1007319487.9999999 0.95139998197555553 1.8071042299270632
decision_type=2 2 2 2 2 2 2 2 2 2 2 2 2 2 2 2 2 2 2 2 2 2
left_child=1 8 4 -4 5 -3 -6 -5 11 14 -11 13 -13 -1 -10 16 17 18 -2 21 -21 -17
right_child=15 2 3 7 6 -7 -8 -9 9 10 -12 12 -14 -15 -16 19 -18 -19 -20 20 -22 -23
leaf_value=0.00037830208234926078 0.0061212741463050604 0.0072563789024013073 -0.01484230762747514 0.01119425342789734 -0.00058939807629383245 -0.015795827586957221 0.0068352109674869269 -0.0039211510731024905 0.0085329770381051794 0.0051474843658807301 -0.0092900693317099145 -0.010541074839158089 0.0049006819910004593 0.0062645478041448857 0.002472298605902814 0.015090118981565787 -0.010486398183565853 0.013683550874679803 -0.0065246083811922005 0.0089183916244729763 -0.001727341526180394 0.0086706077140394355
leaf_weight=276.90748120844364 38.01596063375473 5.7734753787517574 5.1890964806079856 59.357268609106541 47.509167939424515 10.93305893242359 50.035370677709579 5.9437373876571646 75.648279562592506 22.756932377815247 25.976569972932339 29.409969806671143 12.340437129139898 57.352487921714783 83.322860635817051 8.1605640053749138 5.1126199364662162 7.8046706169843665 11.817755118012427 5.9602431356906873 3.6850636899471283 8.1285859197378141
leaf_count=810 83 12 25 109 141 50 112 20 149 52 98 118 32 134 221 9 19 10 39 10 10 14
internal_value=0.00249942 0.00220073 0.00403448 0.00797468 0.00159472 -0.00776955 0.0032088 0.00980313 0.00161864 0.00350652 -0.00252769 0.000573138 -0.0059529 0.00139126 0.00536263 0.00507633 0.00331122 0.00455244 0.00310232 0.00930862 0.00474743 0.0119481
internal_weight=857.142 768.456 184.741 70.4901 114.251 16.7065 97.5445 65.301 583.715 207.705 48.7335 376.01 41.7504 334.26 158.971 88.6855 62.751 57.6384 49.8337 25.9345 9.64531 16.2891
internal_count=2277 2083 469 154 315 62 253 129 1614 520 150 1094 150 944 370 194 151 132 122 43 20 23
is_linear=0
shrinkage=0.01


Tree=164
num_leaves=15
num_cat=0
split_feature=26 59 30 14 68 12 71 34 59 26 49 31 34 21
split_gain=6.44951 7.54325 22.7533 17.3116 13.9128 12.4743 11.8048 9.81141 23.7008 13.2284 6.56735 4.37362 9.58035 2.01595
threshold=0.0028571443399414424 1.1464865207672121 1.0094195604324343 0.84499999880790722 10.526365280151369 17409680.000000004 16945.109375000004 0.55005893111228954 1.450089752674103 0.027857137843966488 -0.67598259449005116 -4.7082662582397452 0.46043546497821813 -1982.4999999999998
decision_type=2 2 2 2 2 2 2 2 2 2 2 2 2 2
left_child=10 3 -3 13 5 -5 -6 9 -9 -4 -1 12 -12 -2
right_child=1 2 7 4 6 -7 -8 8 -10 -11 11 -13 -14 -15
leaf_value=-0.006926842267045024 0.0076519456310841141 -0.01623086916353601 0.0078658713167421516 -0.016339938884987186 0.0028651593295758939 0.0085964477344958774 -0.00018716879853747229 0.0041189882302637114 -0.0085640968695620441 0.0027239230093857483 0.011609669051451863 0.012775088541108155 -0.0064640271811084752 0.015992629790520966
leaf_weight=2.8883626759052303 5.4172778576612464 5.6401906907558432 97.06144879758358 7.9222763329744321 295.12115699052811 2.6284975707530975 221.00635892152786 61.189738258719444 19.383707322180271 104.94855077564716 7.2938516587019002 13.43398433923721 4.830858126282692 8.2074718773365003
leaf_count=9 10 25 192 35 789 5 652 158 78 269 11 19 15 10
internal_value=0.00247494 0.00231241 0.00362162 0.00161217 0.00132215 -0.0100328 0.00155621 0.0040214 0.00105538 0.00519947 0.00717352 0.00880611 0.00432608 0.0127497
internal_weight=856.974 828.527 288.224 540.303 526.678 10.5508 516.128 282.583 80.5734 202.01 28.4471 25.5587 12.1247 13.6247
internal_count=2277 2223 722 1501 1481 40 1441 697 236 461 54 45 26 20
is_linear=0
shrinkage=0.01


Tree=165
num_leaves=19
num_cat=0
split_feature=56 38 33 10 54 57 3 61 24 63 8 33 56 36 56 33 0 31
split_gain=6.39329 12.7971 11.1658 10.5297 11.7253 9.84825 10.2077 9.65523 19.3987 16.4488 14.2268 11.5063 9.10211 7.86792 4.69989 3.66852 2.99222 1.69577
threshold=1.6506541371345522 3.0136001110076909 -1.4548804163932798 -0.0011824999819509683 2.1021850109100346 0.54489997029304515 -290049.99999999994 72.196708679199233 13.500000000000002 6.9879679679870614 2.5380624532699589 -1.2635043859481809 5.0433580875396737 1.212354898452759 -0.78146365284919728 -1.1139193773269651 27321.000000000004 4.5941741466522226
decision_type=2 2 2 2 2 2 2 2 2 2 2 2 2 2 2 2 2 2
left_child=1 3 17 4 13 16 -7 8 15 11 -10 -9 -11 -1 -3 -4 -5 -2
right_child=2 14 7 5 -6 6 -8 9 10 12 -12 -13 -14 -15 -16 -17 -18 -19
leaf_value=-0.013953627789197023 -0.014906193916238665 0.0034091932757495066 0.0043115502665161537 0.00013814931200236834 0.011082146030819053 -0.0049576192520209691 0.0027185498790058414 0.01161493488496709 -0.015895029138398103 -0.014180899824225228 0.013111465691833683 0.0030865092465665158 0.0051163125786047991 -0.00055318921049609944 -0.01342009990075717 0.012784549170669202 -0.014349769499917717 -0.0032015931639296957
leaf_weight=10.130333513021474 3.2186428606510153 2.0296079218387604 6.5919496268033972 1.8812867403030384 3.8310449123382559 17.795722559094429 551.52364999055862 17.569348081946373 5.0685143470764151 8.1214252561330778 2.5041419416666031 170.33161398768425 3.4046766310930243 8.0042484775185567 7.3562999814748746 30.63511249423027 4.5387821793556213 2.4258352667093277
leaf_count=52 15 7 16 6 7 69 1433 30 23 40 4 416 9 29 40 48 24 9
internal_value=0.00245025 0.00189283 0.00380055 0.00207615 -0.00470401 0.00233656 0.00247685 0.00412483 0.00833368 0.00317433 -0.00617105 0.00388927 -0.00839397 -0.00809408 -0.00967439 0.0113111 -0.00994858 -0.0100531
internal_weight=856.962 607.091 249.871 597.705 21.9656 575.739 569.319 244.227 44.7997 199.427 7.57266 187.901 11.5261 18.1346 9.38591 37.2271 6.42007 5.64448
internal_count=2277 1667 610 1620 88 1532 1502 586 91 495 27 446 49 81 47 64 30 24
is_linear=0
shrinkage=0.01


Tree=166
num_leaves=16
num_cat=0
split_feature=5 13 2 61 20 39 29 29 20 59 40 37 7 56 6
split_gain=6.41963 12.9977 8.52413 16.4232 8.44074 8.46289 7.32925 20.5768 17.4236 12.6096 11.8951 15.6536 7.83417 4.05424 0.50005
threshold=77737.011718750015 9827119.0000000019 1632795.5000000002 76.815879821777358 8561.6650390625018 1.8521193861961367 2.6411490440368657 3.0422816276550297 4818.1149902343759 1.3411433696746828 1.2935948371887209 0.82000273466110241 2.007399439811707 1.0499517917633059 -1932469503.9999998
decision_type=2 2 2 2 2 2 2 2 2 2 2 2 2 2 2
left_child=2 -2 6 4 5 -4 10 9 -9 -8 11 -1 -12 -3 -15
right_child=1 13 3 -5 -6 -7 7 8 -10 -11 12 -13 -14 14 -16
leaf_value=0.0039553918931528329 -0.0076604070678883852 0.0044553766423307542 -0.0034130633746203838 -0.013966484046449568 -0.014079657921700881 0.012000562379444343 -0.0080437553863268191 0.003702812251039861 -0.0012350941635148735 0.0078349667730993784 0.010111845821905472 -0.00063749055704346734 0.0034321631287201173 0.010961973270147125 0.015905890305377292
leaf_weight=251.34134851396084 4.5881172120571163 6.9869842082262066 6.0248404294252458 9.3522517755627614 2.5752164274454108 8.4402371644973737 31.942426055669785 237.59498146921396 101.82124347984791 5.8675824105739585 39.069539129734039 104.79834657907486 32.949835494160652 5.1817621067166355 8.3349515795707649
leaf_count=588 18 18 21 49 13 14 125 616 322 12 71 307 83 10 10
internal_value=0.00242599 0.00742712 0.00227392 -0.00330214 0.00249211 0.00551151 0.00245789 0.00143693 0.00221855 -0.00555315 0.00335506 0.00260107 0.00706969 0.010852 0.0140846
internal_weight=856.87 25.0918 831.778 26.3925 17.0403 14.4651 805.385 377.226 339.416 37.81 428.159 356.14 72.0194 20.5037 13.5167
internal_count=2277 56 2221 97 48 35 2124 1075 938 137 1049 895 154 38 20
is_linear=0
shrinkage=0.01


Tree=167
num_leaves=20
num_cat=0
split_feature=54 57 13 18 35 9 72 43 10 41 41 55 41 2 44 2 28 31 18
split_gain=6.35907 9.60657 8.01756 13.8266 15.3798 15.1244 12.3749 23.2084 19.9533 6.42018 10.6245 13.6765 13.0266 6.55972 4.67284 3.75635 2.95842 2.60272 0.552755
threshold=4.3018939495086679 0.54489997029304515 13879009.500000002 15803.000000000002 -1.8775413036346433 38632654.000000007 -922025.21874999988 23766.849609375004 0.00038450000283773994 1.2437162995338442 -1.0854911804199217 -0.094515658915042863 -0.37757751345634455 117216.50000000001 7754.4250488281259 563257.50000000012 -508.62499999999994 -2.3967406749725337 2184.5000000000005
decision_type=2 2 2 2 2 2 2 2 2 2 2 2 2 2 2 2 2 2 2
left_child=1 15 6 4 -4 -5 8 -8 -3 10 14 13 -13 -12 -2 -1 -11 -18 -16
right_child=9 2 3 5 -6 -7 7 -9 -10 16 11 12 -14 -15 18 -17 17 -19 -20
leaf_value=-0.013426451494702266 0.0016382757736937328 0.0013764996134552621 -0.0037732189995178301 0.0050347064365347536 0.0059151880376915782 -0.015773735638681279 0.0054833844328024831 -0.002444824974001867 -0.0059582569758918789 0.0035778566152053978 0.00042671158731776292 -0.011323179084009909 0.0065055467245319822 -0.015467135129850198 0.014474624518921217 0.0026235830497252258 0.005644238904294223 0.013988211227258638 0.0098311240926823914
leaf_weight=5.4969798922538748 6.4052949249744442 332.89360083639622 18.273243844509125 6.8001057058572751 149.37606856971979 7.0750488936901093 156.82233895361423 48.096220090985298 41.712761491537094 7.3046129941940334 4.0243963301181775 4.8397364467382458 25.792163372039795 6.7529078423976898 6.8731616884469968 1.8530906736850736 6.0268002301454606 12.467932835221285 7.9152958244085312
leaf_count=30 16 936 62 16 346 32 358 147 150 16 12 18 52 32 8 6 12 15 13
internal_value=0.00240192 0.00210744 0.00221838 0.00405607 0.00485322 -0.00550361 0.00164104 0.00361768 0.000557098 0.00495023 0.00319564 0.000223623 0.00365602 -0.00943936 0.0089553 -0.00924388 0.00916906 0.0113233 0.0120569
internal_weight=856.802 768.399 761.049 181.524 167.649 13.8752 579.525 204.919 374.606 88.4023 62.603 41.4092 30.6319 10.7773 21.1938 7.35007 25.7993 18.4947 14.7885
internal_count=2277 2083 2047 456 408 48 1591 505 1086 194 151 114 70 44 37 36 43 27 21
is_linear=0
shrinkage=0.01


Tree=168
num_leaves=19
num_cat=0
split_feature=26 66 37 20 24 33 21 53 60 65 29 38 34 53 56 49 31 34
split_gain=6.32083 7.97679 18.7289 25.5479 22.8396 18.1538 13.3641 21.0372 29.4408 19.9277 11.5429 14.3331 13.2326 10.316 7.78327 6.4629 4.2883 9.43059
threshold=0.0028571443399414424 1.6205830574035647 -0.37779623270034784 5440.1198730468759 22.500000000000004 -1.4794612526893614 -1243.4999999999998 -0.16971824318170545 0.0084567880257964152 1.0994247198104861 1.3154467940330508 1.7701746225357058 0.18502019345760348 -1.0352827906608579 -0.61082485318183888 -0.67598259449005116 -4.7082662582397452 0.46043546497821813
decision_type=2 2 2 2 2 2 2 2 2 2 2 2 2 2 2 2 2 2
left_child=15 2 3 5 -5 -2 10 8 -8 -9 12 -12 -3 -4 -15 -1 17 -17
right_child=1 6 13 4 -6 -7 7 9 -10 -11 11 -13 -14 14 -16 16 -18 -19
leaf_value=-0.0069521849304119542 -0.015276295363297349 -0.01059138060987619 -0.0050045554109273858 -0.0096898316537035595 0.00098529303938432364 0.004058340694950615 -0.015387471649368828 -0.012420825861758687 0.0071465896436807529 0.0017592649471179975 0.0059585007636669216 2.6117286249144231e-05 0.0019851378652286323 -0.00089479139729762506 0.010087660713209901 0.011477433027248535 0.012611370960232021 -0.0064800709444355498
leaf_weight=2.8853682726621654 4.9215826690196982 12.651002153754233 5.7005816698074332 28.912947982549667 64.896238431334496 279.04416404664516 20.05729498714209 10.761908710002897 8.0861841291189176 124.29908994585276 114.35789254307747 63.78154619038105 24.450126342475414 7.0541790425777426 59.386147722601891 7.2582727968692815 13.352375090122219 4.8241457045078278
leaf_count=9 23 50 18 114 177 679 92 44 19 353 260 200 66 21 107 11 19 15
internal_value=0.00237828 0.0022177 0.00311898 0.00222369 -0.00229423 0.00371972 0.00114356 -0.00101002 -0.00887745 0.000621965 0.00278113 0.00384007 -0.00227634 0.00779345 0.00890657 0.00704013 0.00866676 0.00422478
internal_weight=856.681 828.361 449.916 377.775 93.8092 283.966 378.445 163.204 28.1435 135.061 215.241 178.139 37.1011 72.1409 66.4403 28.3202 25.4348 12.0824
internal_count=2277 2223 1139 993 291 702 1084 508 111 397 576 460 116 146 128 54 45 26
is_linear=0
shrinkage=0.01


Tree=169
num_leaves=16
num_cat=0
split_feature=5 2 61 62 18 2 35 63 20 24 71 2 47 9 61
split_gain=6.27679 8.25117 16.1559 8.3569 8.00215 16.6377 13.8623 10.431 16.7567 11.0567 7.92809 7.61054 6.2589 8.22352 4.02248
threshold=77737.011718750015 1632795.5000000002 76.815879821777358 4.9289844036102304 8.5000000000000018 62467.000000000007 -2.0126076936721797 2.5596957206726079 6338.9899902343759 2.5000000000000004 24465.399414062504 734278.00000000012 0.39736624062061315 26514580.000000004 105.601619720459
decision_type=2 2 2 2 2 2 2 2 2 2 2 2 2 2 2
left_child=1 4 3 10 5 14 -7 9 -9 -6 -3 -2 -13 -14 -1
right_child=11 2 -4 -5 7 6 -8 8 -10 -11 -12 12 13 -15 -16
leaf_value=-0.017410894960162897 -0.0030763409058124844 0.012945523639309999 -0.013910040605442622 -0.014703213614120039 -0.0029101411553409595 -0.0052587013390404738 0.010529367711213751 0.0022368706399060528 -0.0026106077857561034 0.0036676391923708054 -0.0016939370148602274 0.014522598964757844 -0.0073181095333699807 0.013974076288983483 0
leaf_weight=3.1749579161405554 5.3946628719568279 7.0934815555810982 9.2936085239052755 2.4071404188871375 27.242635495960712 6.4054360985755912 38.656081452965736 251.22829362004995 99.433062627911568 376.71773228049278 7.5149976909160614 12.433680757880213 3.8031994253396979 3.4246289730072021 2.3229823261499405
leaf_count=13 17 12 49 11 81 21 72 692 327 911 25 19 15 5 7
internal_value=0.00235485 0.00220453 -0.00329041 0.00245105 0.00238532 0.00624695 0.00826292 0.00212526 0.000859474 0.00322157 0.00534613 0.00730348 0.0102023 0.00263202 -0.0100942
internal_weight=856.547 831.49 26.3092 17.0156 805.181 50.5595 45.0615 754.622 350.661 403.96 14.6085 25.0562 19.6615 7.22783 5.49794
internal_count=2277 2221 97 48 2124 113 93 2011 1019 992 37 56 39 20 20
is_linear=0
shrinkage=0.01


Tree=170
num_leaves=28
num_cat=0
split_feature=54 61 21 21 34 11 68 38 46 50 69 5 66 5 55 46 34 38 11 60 57 55 49 58 21 7 37
split_gain=6.26288 15.603 14.4085 17.1326 14.5098 11.3268 11.9532 10.6479 10.4614 10.0955 18.6882 17.0826 16.0439 12.7371 12.6881 12.4936 11.6368 11.4709 10.9502 10.6274 19.4209 9.99494 9.96254 9.63777 9.11548 8.79827 8.04296
threshold=0.29366892576217657 190.20009613037112 -1243.4999999999998 -6747.9999999999991 1.4507862329483034 78.27500152587892 91.913684844970717 1.4292905926704409 -0.685309737920761 0.0034269909374415879 3.5195523500442509 10279.909667968752 -2.853582382202148 4184.9299316406259 0.70126026868820202 -0.74166530370712269 -1.2051162123680113 -1.8070749044418333 79.52500152587892 1.0000000180025095e-35 1.4248403310775759 -0.029260637238621708 -0.97137844562530506 2760.0000000000005 -35930.499999999993 2.0828639268875127 0.82000273466110241
decision_type=2 2 2 2 2 2 2 2 2 2 2 2 2 2 2 2 2 2 2 2 2 2 2 2 2 2 2
left_child=1 5 3 4 -3 6 8 26 -1 10 15 12 -12 19 25 16 -2 -13 -16 24 -21 -5 -4 -17 -11 -15 -7
right_child=9 2 22 21 -6 7 -8 -9 -10 13 11 17 -14 14 18 23 -18 -19 -20 20 -22 -23 -24 -25 -26 -27 -28
leaf_value=0.0057767765456995957 0.0048240831981731618 -0.015516817278868984 0.0025186338700530519 0.011627001813694438 0.0099195476584938713 0.012154927135612465 -0.014653499333180569 -0.014823664949403539 0.0017889521335748882 -0.016694736942975078 -0.012798657441023206 -0.0084428484400089435 -0.00018106512180605976 -0.0059918439135722354 -0.016321238523808602 0.010604977944982649 -0.017733934144786852 0.0089763951338154221 0.0069780254381799599 -0.0028608372560522855 0.013291660059820019 -0.0013565882010247079 -0.015230421441024621 0.0013019128268168326 0.0088112937517666537 0.0071539348749184838 -0.0073857073540474607
leaf_weight=86.859969839453697 5.6405443400144577 9.4657102078199369 4.0255015194416073 11.678144112229347 2.8884951919317237 3.8939332515001279 3.9755197614431372 7.410653017461299 277.05856313556433 1.3964057266712178 10.854783207178114 4.2732768207788459 143.42585889995098 6.916232347488406 7.150513142347334 43.196945920586586 3.799674063920973 29.701338991522789 2.7401154190301895 24.874186456203461 10.592166543006895 11.797849029302597 13.33426623046398 15.348682746291159 90.960774973034859 18.711663857102394 4.5497344434261322
leaf_count=200 12 43 11 20 6 7 19 36 764 6 45 16 414 24 32 74 16 59 6 83 17 34 62 40 174 39 18
internal_value=0.00233131 0.00148909 -0.00357955 1.54018e-05 -0.00948868 0.00219424 0.0025528 -0.00606305 0.00274351 0.00320599 0.00196123 0.00033272 -0.00107529 0.00515258 -0.000117223 0.00645594 -0.00414956 0.00675599 -0.00976527 0.00662473 0.00193497 0.00505951 -0.011057 0.00818311 0.00841482 0.00356725 0.00150734
internal_weight=856.522 436.938 53.19 35.8302 12.3542 383.748 367.894 15.8543 363.919 419.583 256.241 188.255 154.281 163.342 35.5185 67.9858 9.44022 33.9746 9.89063 127.824 35.4664 23.476 17.3598 58.5456 92.3572 25.6279 8.44367
internal_count=2277 1220 176 103 49 1044 983 61 964 1057 676 534 459 381 101 142 28 75 38 280 100 54 73 114 180 63 25
is_linear=0
shrinkage=0.01


Tree=171
num_leaves=26
num_cat=0
split_feature=54 28 58 59 12 11 48 39 58 58 49 29 60 18 41 41 35 28 44 34 51 28 52 41 18
split_gain=6.15667 8.09097 13.9025 14.4889 17.5442 13.3881 18.4312 13.3639 13.5217 12.1105 12.0837 12.0386 12.0116 9.29035 6.34615 10.4047 12.8499 14.5567 4.60653 4.49956 4.33082 2.93615 1.54972 1.95101 0.551493
threshold=4.3018939495086679 -126.37499999999999 16608.000000000004 1.1172108054161074 11887615.000000002 36.204999923706062 1.9040054678916933 -1.2180095911025999 -364639.99999999994 -33249.999999999993 0.20102787762880328 1.3806777000427248 -0.0024166376097127791 13.500000000000002 1.2437162995338442 -1.0854911804199217 -1.3250863552093504 657.18750000000011 7754.4250488281259 1.4507862329483034 0.027189435437321666 -508.62499999999994 -0.012304082978516815 1.6683118939399721 2184.5000000000005
decision_type=2 2 2 2 2 2 2 2 2 2 2 2 2 2 2 2 2 2 2 2 2 2 2 2 2
left_child=1 2 5 4 -4 6 -1 9 20 10 -3 -5 -10 -7 15 18 -17 -18 -2 -11 -9 -16 -23 -24 -20
right_child=14 7 3 11 -6 13 -8 8 12 19 -12 -13 -14 -15 21 16 17 -19 24 -21 -22 22 23 -25 -26
leaf_value=0.0033378650984487702 0.0015201009030963589 -0.0084219992733736947 -0.0046929110221272932 -0.0079719138059251987 0.0091049586845617664 0.01783933748442261 -0.015563516758641125 -0.01336540688135953 0.0048909695019300056 -0.01435210034812906 0.012868327815744133 0.005467342629691169 0.00078115987309659483 0.0065445143279244042 0.0034517419700414117 -0.014539258274272332 0.0045774180872811552 -0.015368363311933884 0.014304103292138905 0.0015297212657998849 0.0035657010452670689 0.015345083866337175 0.013232757523180528 0.0047658761694530398 0.0096593079999182773
leaf_weight=117.85889250040054 6.38526323437691 5.4050334244966525 59.348242074251175 7.4506861567497245 10.871745198965071 8.0864408463239652 5.3798193931579581 7.8695813417434675 95.396258190274239 12.24456664174795 5.226120263338089 59.496898680925369 282.74028392881155 87.18658110499382 7.2767393887043026 5.19942283630371 31.96892948448658 4.1172269582748404 6.8259886950254423 1.9575494080781926 1.7617503777146337 6.4655847549438539 5.6122050732374138 6.2949406057596207 7.8674775511026382
leaf_count=295 16 22 201 25 20 9 25 43 231 61 10 132 810 187 16 26 68 20 8 6 6 7 7 13 13
internal_value=0.00230858 0.00201934 0.00312608 0.000622337 -0.00254243 0.0046932 0.00250464 0.00106286 0.00152036 -0.00604071 0.00194995 0.00395673 0.00182063 0.00751368 0.004822 0.00307555 0.000132355 0.00227401 0.00879276 -0.0120926 -0.0101646 0.00902936 0.011184 0.00884056 0.0118851
internal_weight=856.294 768.28 355.679 137.168 70.22 218.512 123.239 412.601 387.768 24.8333 10.6312 66.9476 378.137 95.273 88.0138 62.3643 41.2856 36.0862 21.0787 14.2021 9.63133 25.6495 18.3727 11.9071 14.6935
internal_count=2277 2083 894 378 221 516 320 1189 1090 99 32 157 1041 196 194 151 114 88 37 67 49 43 27 20 21
is_linear=0
shrinkage=0.01


Tree=172
num_leaves=28
num_cat=0
split_feature=54 61 21 21 34 28 40 22 61 59 1 40 50 69 5 66 28 46 36 5 53 41 7 36 3 3 42
split_gain=6.12943 15.2387 14.1739 16.7968 14.2843 13.8002 14.1588 13.4792 10.671 18.1437 16.5056 10.0247 9.88663 18.2795 16.6469 15.7459 14.7698 13.1439 11.7161 11.509 13.4646 10.1905 9.78304 9.45113 8.79938 8.38211 5.46705
threshold=0.29366892576217657 190.20009613037112 -1243.4999999999998 -6747.9999999999991 1.4507862329483034 467.90625000000006 -2.2749358415603633 7060.9050292968759 88.404224395751967 1.0999508500099184 411186.00000000006 -1.0572786331176756 0.0034269909374415879 3.5195523500442509 10279.909667968752 -2.853582382202148 2033.8750000000002 -0.85665759444236744 -1.3572963476181028 4184.9299316406259 0.4050480872392655 -0.98420009016990651 1.7285684347152712 -1.0471716523170469 64807.500000000007 25810.000000000004 -1.0000000180025095e-35
decision_type=2 2 2 2 2 2 2 2 2 2 2 2 2 2 2 2 2 2 2 2 2 2 2 2 2 2 2
left_child=1 5 3 4 -3 8 24 -8 9 -1 -10 -5 13 17 15 -15 19 -2 -16 25 -21 26 -4 -19 -7 -14 -18
right_child=12 2 22 11 -6 6 7 -9 10 -11 -12 -13 16 14 18 -17 21 23 -20 20 -22 -23 -24 -25 -26 -27 -28
leaf_value=-0.0056032236316346639 -0.010180130523137234 -0.015441555035309851 0.0025154517503186021 -0.0085760661206899479 0.0097941839020913163 -0.00033904353139629402 -0.00054093519068843399 -0.010787517930454198 0.0061271602706617122 0.0034034550188806862 0 0.0081396476638038884 0.0099427417910700252 -0.012715550201734899 -0.0054375136541878304 -0.00019608299790967423 -0.0054042846737616555 0.010053243718152572 0.0095002300445483374 0.006378418664470086 -0.0071380740345423146 -0.014463354596287243 -0.015131398226628056 0.0015411043675964955 0.017703493750495482 0.0046013720183531552 0.011670137744270032
leaf_weight=33.723696388304234 4.43475617468357 9.4188018739223462 3.9929971098899868 4.3625601381063488 2.8930465877056113 5.1489285230636579 42.709708832204342 18.498257175087929 149.87345166504383 66.335005238652229 62.040437579154968 19.11386838555336 61.963835299015045 10.818990126252173 6.396939903497695 143.36462607979774 3.7603413313627243 44.610713690519333 27.532466679811478 16.751684486866001 13.145039319992064 6.118678040802477 13.294334977865217 18.851770088076591 5.4535158574581146 57.768654987215996 3.6610317081212997
leaf_count=114 16 43 11 15 6 16 140 81 345 163 178 39 114 45 22 414 14 78 53 37 45 31 62 48 7 134 6
internal_value=0.00228627 0.00145313 -0.00356203 1.69421e-06 -0.00943042 0.00214932 -0.00179435 -0.00365399 0.00306028 0.000357858 0.00433156 0.00499082 0.00315216 0.0019198 0.00030886 -0.00108105 0.00507958 0.00636828 0.00665444 0.00598763 0.000402017 -0.00488136 -0.0109975 0.00754044 0.00884707 0.00737398 0.00288394
internal_weight=856.038 436.859 53.0756 35.7883 12.3118 383.783 71.8104 61.208 311.973 100.059 211.914 23.4764 419.18 256.01 188.113 154.184 163.169 67.8972 33.9294 149.629 29.8967 13.5401 17.2873 63.4625 10.6024 119.732 7.42137
internal_count=2277 1220 176 103 49 1044 244 221 800 277 523 54 1057 676 534 459 381 142 75 330 82 51 73 126 23 248 20
is_linear=0
shrinkage=0.01


Tree=173
num_leaves=17
num_cat=0
split_feature=26 66 37 22 43 1 45 2 65 13 48 40 1 1 2 36
split_gain=6.07429 7.68374 18.1638 20.5574 19.0645 16.5673 13.0928 12.3091 12.3304 11.3439 17.7506 7.29022 7.23124 6.20097 3.47052 3.08529
threshold=0.0028571443399414424 1.6205830574035647 -0.67640027403831471 5925.3649902343759 78769.343750000015 40905.000000000007 -0.47418582439422602 1134139.0000000002 1.037168622016907 11989752.500000002 -0.10818858817219733 -1.0000000180025095e-35 518853.50000000006 124144.50000000001 207937.00000000003 1.8138847947120669
decision_type=2 2 2 2 2 2 2 2 2 2 2 2 2 2 2 2
left_child=13 2 3 6 -5 15 -2 8 -7 10 -4 -9 -11 -1 -15 -3
right_child=1 5 9 4 -6 7 -8 11 -10 12 -12 -13 -14 14 -16 -17
leaf_value=-0.001112281507001181 0.0072162603343725934 -0.015576004493815125 0.0075368821162326762 -0.0066707833994322707 0.0035605514038307817 -0.0077688625432955219 0.0020771360763530569 -0.014055146927246727 0.0021745000191139784 0.0076252793306182788 -0.0059274218026842008 -0.0012224151290442509 0.01687692917978607 0.012781407887238734 0.0041773242844919583 -0.0012365437348058981
leaf_weight=7.0917333215475109 64.195410549640656 6.9071414694190008 37.532547518610954 45.945560619235039 30.034739390015602 12.910240441560743 222.45263670384884 7.6240188032388714 337.58684258162975 21.534565508365631 13.166046574711798 11.016882315278052 14.637870773673056 13.097093582153322 7.9475350677967063 2.1160569041967392
leaf_count=18 136 32 77 163 76 46 584 39 919 43 43 41 17 18 18 7
internal_value=0.00226399 0.00210691 0.00299188 0.00200415 -0.00261321 0.00105235 0.00323154 0.00138203 0.00180539 0.00710348 0.00402058 -0.00652457 0.0113968 0.00684917 0.00957958 -0.012324
internal_weight=855.797 827.661 449.499 362.628 75.9803 378.161 286.648 369.138 350.497 86.871 50.6986 18.6409 36.1724 28.1364 21.0446 9.0232
internal_count=2277 2223 1139 959 239 1084 720 1045 965 180 120 80 60 54 36 39
is_linear=0
shrinkage=0.01


Tree=174
num_leaves=22
num_cat=0
split_feature=30 43 39 44 61 18 24 66 37 66 52 33 21 44 43 36 43 55 3 10 44
split_gain=6.04026 17.4643 19.1317 14.9 15.8237 8.24455 16.93 6.90806 10.5674 9.6533 17.0001 14.2609 12.7057 20.7892 16.2895 6.26088 5.12615 9.8057 4.20137 3.80732 2.04251
threshold=7.903783082962037 1.0000000180025095e-35 1.9365942478179934 13863.114746093752 72.196708679199233 280.50000000000006 15.500000000000002 4.1582024097442636 2.0439738035202031 1.6205830574035647 0.019497352652251724 -1.4794612526893614 -1243.4999999999998 25355.411132812504 22260.535156250004 -1.422640800476074 13516.740722656252 2.8879973888397221 29313.500000000004 0.001241120044142008 4122.3000488281259
decision_type=2 2 2 2 2 2 2 2 2 2 2 2 2 2 2 2 2 2 2 2 2
left_child=7 2 19 5 -5 15 -7 9 16 10 11 -1 14 -14 -11 -3 17 -9 -12 -2 -18
right_child=1 3 -4 4 -6 6 -8 8 -10 12 18 -13 13 -15 -16 -17 20 -19 -20 -21 -22
leaf_value=-0.011160799233792738 -0.01416148126501472 0.0024861421080683002 0.0083250129231356197 0.0069046635305649827 -0.014368958382615277 -0.014200329401579267 0.015404581379994998 -0.0046020689408343531 -0.007294674561662059 0.004458763115808468 0.013558187080266184 0.0030409696413441494 -0.0049524240814938485 0.0030217149667858796 -0.0015451037421447104 0.015283925025404908 0.018967006003200639 0.015036196116133891 0.0048087365195192359 -0.00076693775260826215 0.010634288949451379
leaf_weight=7.1744424253702155 16.016944259405143 5.7195496261119869 5.8476037532091132 6.2133958488702756 7.8823542445898056 4.2820412069559088 3.5131590813398361 5.6635783761739784 4.2200817763805381 144.05891905725002 19.081701651215557 384.78305134177208 73.037674963474274 59.046828478574753 65.542593620717525 12.88913778960705 4.889472782611846 4.5444921255111694 8.2786788046359998 2.630177602171897 10.398234128952025
leaf_count=30 80 15 13 14 38 21 6 20 17 351 29 958 252 152 204 20 5 5 19 9 19
internal_value=0.00224156 -0.000676839 -0.00735503 0.00333753 -0.00492062 0.00778403 -0.000729635 0.00248271 0.00722847 0.00229608 0.00331387 0.00277847 0.00104413 -0.00138011 0.00257658 0.0114041 0.00967157 0.00404265 0.0109473 -0.0123258 0.0133648
internal_weight=855.714 64.9944 24.4947 40.4996 14.0958 26.4039 7.7952 790.72 29.7159 761.004 419.318 391.957 341.686 132.085 209.602 18.6087 25.4958 10.2081 27.3604 18.6471 15.2877
internal_count=2277 216 102 114 52 62 27 2061 66 1995 1036 988 959 404 555 35 49 25 48 89 24
is_linear=0
shrinkage=0.01


Tree=175
num_leaves=20
num_cat=0
split_feature=5 13 37 66 61 57 59 37 59 48 31 29 57 43 10 36 55 30 71
split_gain=6.04698 12.4347 7.28334 20.0671 18.5465 17.1081 16.0373 10.1769 12.335 9.36029 10.744 10.4677 9.33504 6.01353 5.59757 5.3967 4.67595 10.1621 12.3204
threshold=77737.011718750015 9827119.0000000019 1.9593003988265993 1.7639768123626711 110.35834121704103 1.4603435397148135 0.85805132985115062 1.7934074997901919 1.2403109073638918 -0.66883382201194752 6.6544561386108407 2.6411490440368657 1.0571294426918032 19001.535156250004 -0.00041049999708775425 -0.82322460412979115 0.88594126701354992 2.8518328666687016 56283.080078125007
decision_type=2 2 2 2 2 2 2 2 2 2 2 2 2 2 2 2 2 2 2
left_child=2 -2 7 6 15 -6 -4 9 12 10 -1 -11 -9 -10 -8 -5 17 18 -3
right_child=1 16 3 4 5 -7 14 8 13 11 -12 -13 -14 -15 -16 -17 -18 -19 -20
leaf_value=0.0077647091519074361 -0.0076943496401029104 -0.015619662961046641 -0.015336073384870082 0.0024493175273599416 -0.0025810169668904941 0.014619473946848078 0.016832794986108065 0.0043102736668439584 0.0043739319832909315 0.0030213690939757771 -0.0085647711996923344 0.00049522356018890355 0.016285347379126271 -0.014969365310696701 0.0051106425964026585 -0.015164923564394774 0.016313622093383124 0.017008793837815731 0.010989568697172054
leaf_weight=45.61840409040451 4.5734576433897045 3.2797591239213961 2.4867684990167644 1.8889480084180839 45.878766149282455 6.6129192411899558 9.5698877274990117 12.359168455004694 3.3504101932048789 345.89123712480068 4.3625448346137992 314.06506349891424 14.44308118522167 2.9978507310152054 7.6240520626306507 13.419606871902939 8.2844125628471357 5.156632274389267 3.6877596229314804
leaf_count=94 18 15 11 5 150 9 11 30 8 855 16 918 19 14 17 64 10 6 7
internal_value=0.00221959 0.0070837 0.00207208 -0.000648171 -0.00323918 -0.000395043 0.00822707 0.00239367 0.00782071 0.00213885 0.0063194 0.00182072 0.0108007 -0.00460306 0.0116932 -0.0129262 0.0104444 0.00635148 -0.00139244
internal_weight=855.551 24.982 830.569 87.4809 67.8002 52.4917 19.6807 743.088 33.1505 709.937 49.9809 659.956 26.8022 6.34826 17.1939 15.3086 20.4086 12.1242 6.96752
internal_count=2277 56 2221 267 228 159 39 1954 71 1883 110 1773 49 22 28 69 38 28 22
is_linear=0
shrinkage=0.01


Tree=176
num_leaves=19
num_cat=0
split_feature=54 59 30 14 55 55 10 55 31 27 41 41 70 44 44 6 1 41
split_gain=5.94709 7.8552 20.7191 13.7103 13.0836 16.4234 12.6244 17.3023 12.2873 10.5595 6.22299 10.2502 10.7286 8.25079 8.21064 2.93787 2.7247 1.42779
threshold=4.3018939495086679 1.1464865207672121 1.0094195604324343 0.84499999880790722 1.4126413464546206 0.88594126701354992 -0.0011035000206902621 0.79644984006881725 -4.4545493125915518 918688.00000000012 1.2437162995338442 0.64479124546051036 28924.002929687504 872.70001220703136 33533.060546875007 -1007319487.9999999 279837.00000000006 1.8071042299270632
decision_type=2 2 2 2 2 2 2 2 2 2 2 2 2 2 2 2 2 2
left_child=1 3 -3 -1 5 -4 7 -5 -6 -8 11 12 13 -2 -14 17 -17 -12
right_child=10 2 4 6 8 -7 9 -9 -10 -11 15 -13 14 -15 -16 16 -18 -19
leaf_value=0.011892280640533055 -0.00045788370413097967 -0.016093488610427524 0.0032188803672608731 -0.011975175605287464 0.0053342724534609833 0.011021619205676137 0.0013845646125338724 0.011090298150164995 -0.015716601165223422 -0.015103233381069262 0.014697292550912835 -0.010615450864329716 -0.017591151174126952 0.0083707521558294452 0.004535988936533902 0.0088490677840970828 -0.001823556384379953 0.0082467642929034256
leaf_weight=11.680294856429098 14.77324818074703 5.371749058365821 217.06583143770695 15.145770266652109 4.7247933894395828 30.983319088816643 468.3727148398757 4.0987156778573981 6.5334332063794118 3.9075028449296942 7.938360810279848 5.0778775364160529 3.7299608439207068 35.562478482723236 2.9438163489103317 5.5552961379289609 3.9711128771305084 7.9969259202480316
leaf_count=18 46 24 546 72 11 55 1300 9 30 18 9 19 16 63 7 9 11 14
internal_value=0.00219774 0.001914 0.00331067 0.00117738 0.0037165 0.00419754 0.000920725 -0.0070107 -0.00679326 0.00124603 0.00467502 0.00294351 0.00416876 0.00575973 -0.00768099 0.00885797 0.00429518 0.0115229
internal_weight=855.433 767.884 264.679 503.205 259.307 248.049 491.525 19.2445 11.2582 472.28 87.5491 62.0874 57.0095 50.3357 6.67378 25.4617 9.52641 15.9353
internal_count=2277 2083 666 1417 642 601 1399 81 41 1318 194 151 132 109 23 43 20 23
is_linear=0
shrinkage=0.01


Tree=177
num_leaves=15
num_cat=0
split_feature=28 34 35 35 2 38 58 47 68 57 2 13 4 68
split_gain=5.86437 16.0759 10.4317 12.1044 15.6357 10.0842 9.14176 14.7391 20.7706 14.8451 13.3577 13.689 11.3155 4.3105
threshold=817.25000000000011 0.69587054848670971 -1.610756993293762 -1.3680833578109739 1134139.0000000002 2.6015568971633916 16608.000000000004 0.78983631730079662 29.999981880187992 1.0354834794998171 970579.50000000012 11706833.500000002 1583.1700439453127 84.615390777587905
decision_type=2 2 2 2 2 2 2 2 2 2 2 2 2 2
left_child=5 13 -3 -4 -5 6 10 9 -9 -8 12 -12 -1 -2
right_child=1 2 3 4 -6 -7 7 8 -10 -11 11 -13 -14 -15
leaf_value=0.0026623620476493772 -0.014843496670761404 -0.013863984107428095 0.013384554128334263 0.0020756374769359386 -0.013494065907881318 0.01354086802345322 -0.00090654082973261091 0.0050385621232693738 -0.013638363140991167 0.0037615853924466724 -0.0082933558121499711 0.0032850789586281728 0.0062752336130044821 0.00052651931115352724
leaf_weight=260.2548146173358 8.4945950955152494 4.3464369177818289 8.4705888628959638 83.521868385374546 6.9813078790903083 8.2206681668758375 121.56884844601154 9.689006835222246 15.205457381904123 154.15088857710361 19.154745265841484 21.724072828888893 131.32812537252903 2.1658388972282401
leaf_count=665 40 22 14 238 38 13 360 23 64 372 75 61 285 7
internal_value=0.00217618 5.54645e-05 0.00127053 0.00194526 0.00086356 0.00250091 0.00237574 0.00103151 -0.00632907 0.00169971 0.00330784 -0.00211581 0.00387659 -0.011627
internal_weight=855.277 113.981 103.32 98.9738 90.5032 741.297 733.076 300.614 24.8945 275.72 432.462 40.8788 391.583 10.6604
internal_count=2277 359 312 290 276 1918 1905 819 87 732 1086 136 950 47
is_linear=0
shrinkage=0.01


Tree=178
num_leaves=17
num_cat=0
split_feature=56 58 49 38 33 50 22 13 40 10 48 63 14 7 56 21
split_gain=5.95264 14.8003 13.4707 12.7066 10.6003 10.1882 12.4788 9.42939 19.1758 16.2437 9.37654 8.22932 6.89753 12.716 4.5538 1.97122
threshold=1.6506541371345522 -364639.99999999994 -1.0121446251869199 3.0136001110076909 -1.4548804163932798 -0.010388504248112438 12.365000247955324 13879009.500000002 0.52563524246215831 -0.0011824999819509683 -0.4094856977462768 6.9879679679870614 5.3192501068115243 2.007399439811707 -0.78146365284919728 -16.499999999999996
decision_type=2 2 2 2 2 2 2 2 2 2 2 2 2 2 2 2
left_child=1 2 -1 7 15 12 10 9 -9 -3 -7 -8 13 -6 -5 -2
right_child=4 3 -4 14 5 6 11 8 -10 -11 -12 -13 -14 -15 -16 -17
leaf_value=0.0073065411438718707 -0.014707529617526265 -0.0090552111609266874 -0.013446974263981429 0.0031898984732540311 0.010680556805073769 0.0065376730592176411 0.0040998607543446001 0.0013442286263867123 0.0091282018242636841 0.001713453280677936 -0.015246776705125515 -0.0035861153400530278 0.016414915417329156 -0.0081748444000298535 -0.013397703257589749 -0.0017573748552696434
leaf_weight=4.2022175043821326 3.5238504409790039 14.450075492262838 11.685503482818602 2.0234966576099396 13.911787867546087 2.8075148910284042 190.74861032515764 81.222380451858044 52.243571817874908 433.54966410249472 6.2801365703344327 14.888553604483603 9.5488393008708936 4.7550251334905616 7.2974213585257512 2.0476819872856131
leaf_count=9 17 66 64 7 22 6 446 220 100 1161 29 53 12 18 40 7
internal_value=0.00215465 0.00161758 -0.00789484 0.00187509 0.00346175 0.00377751 0.00302831 0.00206219 0.00439866 0.00136388 -0.00840671 0.00353852 0.0094436 0.00582392 -0.00968938 -0.0101275
internal_weight=855.186 606.674 15.8877 590.787 248.512 242.94 214.725 581.466 133.466 448 9.08765 205.637 28.2157 18.6668 9.32092 5.57153
internal_count=2277 1667 73 1594 610 586 534 1547 320 1227 35 499 52 40 47 24
is_linear=0
shrinkage=0.01


Tree=179
num_leaves=19
num_cat=0
split_feature=5 13 44 43 61 71 40 55 14 29 20 24 62 44 55 30 50 1
split_gain=5.95209 12.1601 7.10081 20.0808 22.1084 14.1595 18.7921 13.2377 14.4312 8.82839 15.3217 11.1821 7.75324 5.3945 4.54417 9.89601 12.1952 4.29802
threshold=77737.011718750015 9827119.0000000019 108370.66406250001 107173.62890625001 61.01323318481446 71738.468750000015 0.15110459178686145 -0.062848556786775575 1.4617500305175783 2.6411490440368657 6338.9899902343759 2.5000000000000004 1.2066337466239931 226053.55468750003 0.88594126701354992 2.8518328666687016 -0.0096525889821350557 831823.00000000012
decision_type=2 2 2 2 2 2 2 2 2 2 2 2 2 2 2 2 2 2
left_child=2 -2 5 4 -4 9 -7 8 -5 11 -11 -1 -6 -9 15 16 -3 -8
right_child=1 14 3 7 12 6 17 13 -10 10 -12 -13 -14 -15 -16 -17 -18 -19
leaf_value=-0.0019533103879129455 -0.0076664265507475305 0.011208694210226966 0.010934807851534856 0.0092910587168103641 -0.0010133221013662211 -0.016165424096377421 0.0098250339035876617 0.012926723435754428 -0.016189723651978721 0.0025314151309180698 -0.0021197683625258359 0.0040272257257645003 -0.016029714508648311 0.0021445012934650106 0.016092417692296596 0.016785324935456414 -0.015280244581253429 -0.0046945567053024925
leaf_weight=34.06290003657341 4.5606362670660046 3.6013737767934826 4.8834620565176037 3.7030815929174441 4.589479103684428 9.5382743477821368 5.2811609730124456 12.081463471055033 5.4488682001829147 275.13826157152653 95.150960087776184 353.37819465994835 15.685740664601324 7.9352154657244673 8.2578950822353345 5.1413769721984863 3.3435480371117583 3.2144127041101456
leaf_count=98 18 6 8 7 14 42 10 19 24 744 310 840 70 23 10 6 16 12
internal_value=0.00213357 0.00696659 0.00198736 -0.00149663 -0.00805642 0.00223263 -0.00650959 0.00412706 -0.00577037 0.00244202 0.00133353 0.00349885 -0.0126799 0.00870228 0.0102961 0.00625304 -0.00140009 0.00421365
internal_weight=854.996 24.9048 830.091 54.3273 25.1587 775.764 18.0338 29.1686 9.15195 757.73 370.289 387.441 20.2752 20.0167 20.3442 12.0863 6.94492 8.49557
internal_count=2277 56 2221 165 92 2056 64 73 31 1992 1054 938 84 42 38 28 22 22
is_linear=0
shrinkage=0.01


Tree=180
num_leaves=22
num_cat=0
split_feature=18 25 36 65 55 46 29 62 68 67 25 36 24 59 59 10 24 19 2 14 14
split_gain=5.83268 15.8605 11.1933 13.4408 9.96741 11.0818 8.98095 16.9337 17.9295 20.9918 15.8576 14.8075 13.9845 13.5751 12.0835 10.5793 24.1137 10.1531 5.8828 5.72596 4.21962
threshold=8.5000000000000018 36.500000000000007 -1.675755441188812 -1.4168654680252073 -0.081925097852945314 -0.65099748969078053 2.6411490440368657 3.2989213466644292 32.377943038940437 2.1437386274337773 981.00000000000011 2.208875417709351 1.5000000000000002 0.93732270598411571 0.84506702423095714 0.00027699999918695545 4.5000000000000009 3096.9799804687505 1257909.5000000002 4.305000066757203 4.053999900817872
decision_type=2 2 2 2 2 2 2 2 2 2 2 2 2 2 2 2 2 2 2 2 2
left_child=1 2 3 19 20 -6 12 8 18 -10 11 -9 13 14 -2 17 -17 -14 -8 -1 -4
right_child=6 -3 4 -5 5 -7 7 10 9 -11 -12 -13 15 -15 -16 16 -18 -19 -20 -21 -22
leaf_value=-0.0027587609631162359 -0.0095033578376617807 -0.016304067988764655 0.0062429114063835894 -0.016269653733992685 -0.0041638030283782093 0.011865521180009456 -0.01557670359395453 0.0023714398235053875 0.005739527121039225 -0.0080620937739890337 -0.014582747487323069 -0.013096007378103633 0.00305599596412843 -0.017148295578645813 0.013006400838171129 0.008822235178939191 -0.010075354301241584 0.0082300492050828636 0.0011869031655298064 0.01294468356102591 0.017629499091670026
leaf_weight=4.2171007990837079 4.894322872161867 3.1451555341482154 4.6545233428478232 4.0403681844472876 8.2151110023260099 8.9379094839096123 13.890200242400171 283.7660114467144 23.225959837436676 20.939839273691177 5.8480344712734214 6.3095776364207259 359.24484497308731 6.7111861631274214 4.6302926540374756 11.022727325558664 17.327953085303307 42.739759266376495 2.3363049626350394 4.9449570029973984 13.832695201039312
leaf_count=13 18 14 10 18 26 15 62 767 55 82 29 36 887 29 7 22 68 86 8 8 17
internal_value=0.00211252 0.00536916 0.00678525 -0.00101182 0.00970162 0.00413028 0.0019004 0.000712626 -0.0041082 -0.00078144 0.00169984 0.00203155 0.00284588 -0.00624388 0.00133454 0.00319114 -0.00269271 0.0036086 -0.0131014 0.00560758 0.0148168
internal_weight=854.875 51.9878 48.8427 13.2024 35.6402 17.153 802.887 356.316 60.3923 44.1658 295.924 290.076 446.571 16.2358 9.52462 430.335 28.3507 401.985 16.2265 9.16206 18.4872
internal_count=2277 121 107 39 68 41 2156 1039 207 137 832 803 1117 54 25 1063 90 973 70 21 27
is_linear=0
shrinkage=0.01


Tree=181
num_leaves=21
num_cat=0
split_feature=30 43 39 44 26 18 24 48 25 54 53 48 55 71 53 58 72 69 36 53
split_gain=5.77604 16.9125 18.7207 14.4946 10.9901 7.89198 16.5856 6.23524 12.1148 9.62875 9.53825 14.0085 15.7527 12.6784 12.6146 15.3966 11.8014 7.86023 6.22794 4.71034
threshold=7.903783082962037 1.0000000180025095e-35 1.9365942478179934 13863.114746093752 0.15928581357002261 280.50000000000006 15.500000000000002 -0.66883382201194752 319.00000000000006 1.5180464386940005 -0.12685070186853406 -0.54818105697631825 -1.3616831898689268 7576.7783203125009 0.091117430478334441 97480.000000000015 -823206.53124999988 93.218318939208999 -1.422640800476074 1.2873666882514956
decision_type=2 2 2 2 2 2 2 2 2 2 2 2 2 2 2 2 2 2 2 2
left_child=7 2 19 5 -5 18 -7 8 9 17 11 13 -13 -9 15 -12 -16 -1 -3 -2
right_child=1 3 -4 4 -6 6 -8 10 -10 -11 14 12 -14 -15 16 -17 -18 -19 -20 -21
leaf_value=0.011140674592319566 -0.014086738652974164 0.0022178855269022438 0.0081465177381435123 -0.014185057341715584 0.0034294894877001853 -0.014161368832121365 0.015165355101478846 0.0016484246807121372 -0.008911952288337471 -0.0045775240534685112 0.0073669695444520287 0.0075428320932680376 0.00031045038418539854 -0.012002099474065777 0.002613359900013833 -0.0032063110108728728 -0.0036453393709045528 -0.00063709044796669498 0.014971952801371789 0.0014679214842653369
leaf_weight=33.041127771139145 16.477878168225295 5.7252135574817684 5.8478994518518439 6.765367850661276 7.2935489118099213 4.2611835896968833 3.5161375850439072 11.730930075049402 5.0204675793647757 5.7685336619615546 97.1812644302845 35.286188587546349 207.97555208951235 15.829522699117659 322.36302030831575 15.903823509812353 33.107591457664967 6.6479760706424704 12.894938021898271 2.0776512771844855
leaf_count=56 83 15 13 33 19 21 6 31 18 19 206 73 590 64 830 49 106 19 20 6
internal_value=0.00209175 -0.000765407 -0.00735264 0.00318332 -0.00497577 0.00756662 -0.000774138 0.00232763 0.00573947 0.00737961 0.00209335 0.000594759 0.00136365 -0.00615556 0.00295739 0.00587114 0.00202763 0.00914269 0.0111041 -0.0122912
internal_weight=854.716 64.8598 24.4034 40.4564 14.0589 26.3975 7.77732 789.856 50.4781 45.4576 739.378 270.822 243.262 27.5605 468.556 113.085 355.471 39.6891 18.6202 18.5555
internal_count=2277 216 102 114 52 62 27 2061 112 94 1949 758 663 95 1191 255 936 75 35 89
is_linear=0
shrinkage=0.01


Tree=182
num_leaves=17
num_cat=0
split_feature=56 58 49 38 33 50 22 13 40 10 48 64 14 7 56 21
split_gain=5.74648 14.4901 13.1945 12.3442 10.3033 9.97799 12.2494 9.17904 18.6348 15.8662 9.16756 7.93747 6.72377 12.3368 4.49278 1.95512
threshold=1.6506541371345522 -364639.99999999994 -1.0121446251869199 3.0136001110076909 -1.4548804163932798 -0.010388504248112438 12.365000247955324 13879009.500000002 0.52563524246215831 -0.0011824999819509683 -0.4094856977462768 7.0188982486724862 5.3192501068115243 2.007399439811707 -0.78146365284919728 -16.499999999999996
decision_type=2 2 2 2 2 2 2 2 2 2 2 2 2 2 2 2
left_child=1 2 -1 7 15 12 10 9 -9 -3 -7 -8 13 -6 -5 -2
right_child=4 3 -4 14 5 6 11 8 -10 -11 -12 -13 -14 -15 -16 -17
leaf_value=0.0071482252847744369 -0.014638790638522269 -0.0090204989061646139 -0.013410395210720434 0.0031390397976139416 0.01049893547251002 0.0063712380308004928 0.0039830726954350236 0.0012760923027904411 0.0089507116763941838 0.0016378246508291672 -0.015200210382253325 -0.0035759945149676721 0.016175646248701374 -0.0081006514514175947 -0.01335078151448958 -0.001732826850963214
leaf_weight=4.1988915503025046 3.507417768239975 14.407426185905932 11.619489267468451 2.0230220556259155 13.854950457811361 2.7985150516033173 190.57616183161736 81.209821984171867 52.222244337201118 433.50160130113363 6.2572874054312688 14.843805432319639 9.5245935022830945 4.7422622144222251 7.2353982850909215 2.0492393970489493
leaf_count=9 17 66 64 7 22 6 446 220 100 1161 29 53 12 18 40 7
internal_value=0.00207118 0.00154356 -0.00789002 0.00179791 0.00335651 0.00366792 0.00292674 0.00198179 0.00428726 0.00129276 -0.00842356 0.00343198 0.00928508 0.0057023 -0.00963964 -0.0100592
internal_weight=854.572 606.418 15.8184 590.6 248.154 242.598 214.476 581.341 133.432 447.909 9.0558 205.42 28.1218 18.5972 9.25842 5.55666
internal_count=2277 1667 73 1594 610 586 534 1547 320 1227 35 499 52 40 47 24
is_linear=0
shrinkage=0.01


Tree=183
num_leaves=18
num_cat=0
split_feature=26 66 37 20 24 1 2 65 45 53 56 40 49 2 36 21 40
split_gain=5.71665 7.13956 17.2184 24.0402 21.8327 16.1041 11.5487 12.0321 10.9197 9.99923 7.43741 7.05026 6.20412 6.2796 3.03458 2.89779 3.40198
threshold=0.0028571443399414424 1.6205830574035647 -0.37779623270034784 5440.1198730468759 22.500000000000004 40905.000000000007 1134139.0000000002 1.037168622016907 -0.47418582439422602 -1.0352827906608579 -0.61082485318183888 -1.0000000180025095e-35 -0.67598259449005116 91157.000000000015 1.8138847947120669 -6747.9999999999991 -1.0572786331176756
decision_type=2 2 2 2 2 2 2 2 2 2 2 2 2 2 2 2 2
left_child=12 2 3 8 -5 14 7 -7 -2 -4 -11 -8 -1 -14 -3 16 -15
right_child=1 5 9 4 -6 6 11 -9 -10 10 -12 -13 13 15 -16 -17 -18
leaf_value=-0.0072131734566247422 0.0069183388229055003 -0.015562214533715608 -0.0053813193266209888 -0.0097485840755710245 0.00070962678532090605 -0.0078475581940457059 -0.013950723814116023 0.0019808569289344624 0.0022586676926484102 -0.0012462776607263645 0.0095031187157138697 -0.0012690483615432058 -0.0063194348734812522 0.013069591717923511 -0.001309263373775015 0.013695561629843705 0.0017737493447924641
leaf_weight=2.8722253292799023 65.935543164610863 6.8831088915467245 5.6801651120185843 28.762970298528671 64.747470617294312 12.897387355566023 7.5263117700815227 337.28912515938282 217.55679669976234 7.0415039956569663 59.113349676132202 10.971854470670221 2.6053000241518047 4.5211195349693352 2.1094656586647034 10.741803109645838 7.1086443215608597
leaf_count=9 140 32 18 114 177 46 39 919 562 21 107 41 8 6 7 14 17
internal_value=0.00205095 0.00189909 0.00275271 0.00189415 -0.00249653 0.000881994 0.00120696 0.00161602 0.00334596 0.00724464 0.00834384 -0.00648288 0.00652198 0.0081415 -0.01233 0.00987026 0.00625104
internal_weight=854.364 826.515 448.838 377.003 93.5104 377.677 368.685 350.187 283.492 71.835 66.1549 18.4982 27.8491 24.9769 8.99257 22.3716 11.6298
internal_count=2277 2223 1139 993 291 1084 1045 965 702 146 128 80 54 45 39 37 23
is_linear=0
shrinkage=0.01


Tree=184
num_leaves=16
num_cat=0
split_feature=5 2 61 62 18 2 35 29 29 24 2 46 0 61 4
split_gain=5.8833 7.55418 15.2597 8.01991 7.47438 15.7925 13.1744 10.4629 17.3852 13.0929 7.32236 7.0925 5.73042 3.92367 1.1848
threshold=77737.011718750015 1632795.5000000002 76.815879821777358 4.9289844036102304 8.5000000000000018 62467.000000000007 -2.0126076936721797 2.6411490440368657 3.0422816276550297 2.5000000000000004 734278.00000000012 -0.70234656333923329 112767.00000000001 105.601619720459 29351.245117187504
decision_type=2 2 2 2 2 2 2 2 2 2 2 2 2 2 2
left_child=1 4 3 11 5 13 -7 9 -9 -6 -2 -3 -12 -1 -14
right_child=10 2 -4 -5 7 6 -8 8 -10 -11 12 -13 14 -15 -16
leaf_value=-0.017367974884426138 -0.0033374493739957377 0.012482641228725465 -0.013813722223442782 -0.014686068771538739 -0.003699857433482401 -0.0054343740493273587 0.0099780445591624821 -0.0060807419437080073 0.0012813838158868235 0.0033528409861295809 0.00094852584602604293 -0.0014200201053929282 0.010140716149470642 0 0.01662858556088052
leaf_weight=3.171544909477233 5.3848895281553295 6.8047020435333261 9.153305344283579 2.3910405188798896 28.11323182284832 6.3893976360559455 38.534812778234482 35.856671720743179 302.51140278577805 386.45514238625765 5.5645616650581387 7.7217116057872817 7.5628110840916616 2.3157306164503098 6.3050940483808517
leaf_count=13 17 10 49 11 85 21 72 132 859 935 16 27 15 7 8
internal_value=0.00203071 0.00188549 -0.0033977 0.00217886 0.00205818 0.00579497 0.00776374 0.00180667 0.000498268 0.00287216 0.00684374 0.00502365 0.00971648 -0.0101411 0.0131626
internal_weight=854.236 829.419 26.0708 16.9175 803.348 50.4115 44.9242 752.936 338.368 414.568 24.8174 14.5264 19.4325 5.48728 13.8679
internal_count=2277 2221 97 48 2124 113 93 2011 991 1020 56 37 39 20 23
is_linear=0
shrinkage=0.01


Tree=185
num_leaves=17
num_cat=0
split_feature=5 2 34 36 18 2 35 29 64 24 2 36 47 9 67 60
split_gain=5.77126 7.41205 9.52557 14.1184 7.32654 15.487 12.9121 10.2541 17.2503 12.8328 7.18277 5.95927 5.90642 7.6391 4.72623 3.21808
threshold=77737.011718750015 1632795.5000000002 -1.1605570912361143 -0.97306710481643666 8.5000000000000018 62467.000000000007 -2.0126076936721797 2.6411490440368657 3.0442101955413823 2.5000000000000004 734278.00000000012 -1.6092649102210996 0.39736624062061315 26514580.000000004 5.0845947265625009 0.0018815568764694037
decision_type=2 2 2 2 2 2 2 2 2 2 2 2 2 2 2 2
left_child=1 4 -3 11 5 15 -7 9 -9 -6 -2 -4 -12 -14 -5 -1
right_child=10 2 3 14 7 6 -8 8 -10 -11 12 -13 13 -15 -16 -17
leaf_value=-0.016971897846053338 -0.0033053433077180534 -0.014311222133875395 -0.0014203230597741243 -0.01367163050292906 -0.0036636904565745354 -0.0053836278178871922 0.0098779776226946333 -0.0061094828502345471 0.0012675272011550788 0.0033191896606397228 0.01383940501290796 0.013346512435320397 -0.0074607227222004691 0.013209576832933601 0.0032662916868917259 -0.0010879339094529866
leaf_weight=3.030431628227233 5.3828336149454143 6.0961557775735882 4.3993695825338364 6.6666554063558543 28.10688328742981 6.3851493597030631 38.535923987627029 35.379296034574509 302.99091950058937 386.4693813547492 12.296234145760538 6.7553737163543737 3.7430348545312873 3.3839821964502335 2.0715744644403458 2.4491507261991501
leaf_count=13 17 30 14 36 85 21 72 130 861 935 19 10 15 5 7 7
internal_value=0.00201058 0.00186675 -0.00337483 0 0.00203757 0.00573772 0.00768641 0.00178856 0.000493247 0.00284336 0.00677881 0.00743291 0.00962495 0.00221344 -0.00954171 -0.0100549
internal_weight=854.142 829.336 25.9891 19.893 803.347 50.4007 44.9211 752.946 338.37 414.576 24.8061 11.1547 19.4233 7.12702 8.73823 5.47958
internal_count=2277 2221 97 67 2124 113 93 2011 991 1020 56 24 39 20 43 20
is_linear=0
shrinkage=0.01


Tree=186
num_leaves=15
num_cat=0
split_feature=52 11 38 34 18 28 40 40 49 38 58 24 68 16
split_gain=5.72035 13.5624 10.2175 8.73825 8.66019 8.33356 17.2415 18.6847 15.6791 10.8551 11.6595 6.11502 14.2618 2.55203
threshold=0.051259016618132598 82.049999237060561 0.73979005217552196 -0.35430364310741419 1214.0000000000002 718.00000000000011 1.1927489042282107 2.3102281093597417 -0.42740254104137415 2.6015568971633916 16608.000000000004 7.5000000000000009 69.867019653320327 5.1710000038146982
decision_type=2 2 2 2 2 2 2 2 2 2 2 2 2 2
left_child=1 5 4 -3 -2 9 8 -8 -7 10 -1 12 -4 -13
right_child=2 3 11 -5 -6 6 7 -9 -10 -11 -12 13 -14 -15
leaf_value=0.0033400360916075876 -0.016093417512648214 0.004620340368878869 0.012977951168955022 -0.014783354868103669 0.0071550141400499182 0.0021311498900584741 0.0099936439675552702 -0.013776018390544723 -0.0064752215515115688 0.015259012047974412 0.00069793513024704211 0.0097210227032513905 -0.014204617235988266 0.018811788774409473
leaf_weight=413.57236973941326 3.2716687917709377 3.1868320107460022 5.1022888720035571 7.9168265387415868 3.0733114928007126 37.340471535921097 22.640585899353031 3.841063641011714 48.484177835285664 6.523233398795127 282.01250559091568 8.0272840708494169 3.0859492421150208 5.9521470665931693
leaf_count=1028 14 8 9 39 7 104 46 20 184 9 771 17 15 6
internal_value=0.00199068 0.00183688 0.00640851 -0.00912429 -0.00467499 0.00198755 -0.000534434 0.00650818 -0.00271912 0.00239238 0.00227028 0.00962602 0.00261137 0.0136632
internal_weight=854.031 825.518 28.5126 11.1037 6.34498 814.414 112.306 26.4816 85.8246 702.108 695.585 22.1677 8.18824 13.9794
internal_count=2277 2209 68 47 21 2162 354 66 288 1808 1799 47 24 23
is_linear=0
shrinkage=0.01


Tree=187
num_leaves=17
num_cat=0
split_feature=5 13 2 70 71 14 18 2 35 29 55 24 55 30 50 60
split_gain=5.6641 11.6178 7.27094 9.42801 12.509 8.9001 7.14838 15.1803 12.6637 10.0586 17.04 12.5794 4.45198 9.55837 11.824 3.16912
threshold=77737.011718750015 9827119.0000000019 1632795.5000000002 30687.208007812504 22161.049804687504 2.5007499456405644 8.5000000000000018 62467.000000000007 -2.0126076936721797 2.6411490440368657 0.75916165113449108 2.5000000000000004 0.88594126701354992 2.8518328666687016 -0.0096525889821350557 0.0018815568764694037
decision_type=2 2 2 2 2 2 2 2 2 2 2 2 2 2 2 2
left_child=2 -2 6 -4 -5 -6 7 15 -9 11 -11 -8 13 14 -3 -1
right_child=1 12 3 4 5 -7 9 8 -10 10 -12 -13 -14 -15 -16 -17
leaf_value=-0.016872073656309713 -0.0076341083650419929 0.010886552628346802 -0.013706341870958802 0.012045607204325544 -0.014105907137177819 0.0022177433999365035 -0.0036470979029503948 -0.005363584734887311 0.0097517945040150288 -0.00064557682517494717 0.0049764857910238169 0.0032675396830435378 0.015717230131816137 0.016349173690973266 -0.01524191627123761 -0.0010965957426252925
leaf_weight=3.0228319615125647 4.5401346087455776 3.5794247239828136 6.5845871642231968 6.0654135942459133 6.1619063168764097 7.1057659685611725 28.097726993262768 6.3834654688835135 38.533417746424675 271.13182209432125 67.244735106825829 386.40240915119648 8.2082505822181684 5.1055233329534531 3.3375529721379271 2.4493056833744049
leaf_count=13 18 6 35 11 32 19 85 21 72 826 165 935 10 6 16 7
internal_value=0.00197098 0.00669815 0.00182856 -0.00337027 9.83328e-05 -0.00528808 0.00199755 0.00565291 0.00758137 0.00175157 0.000468726 0.0027964 0.00996399 0.00595284 -0.00157628 -0.00999378
internal_weight=853.954 24.7709 829.183 25.9177 19.3331 13.2677 803.266 50.389 44.9169 752.877 338.377 414.5 20.2308 12.0225 6.91698 5.47214
internal_count=2277 56 2221 97 62 51 2124 113 93 2011 991 1020 38 28 22 20
is_linear=0
shrinkage=0.01


Tree=188
num_leaves=29
num_cat=0
split_feature=54 21 53 53 58 49 22 14 14 53 4 4 39 50 69 5 66 5 41 36 36 47 20 1 34 27 38 58
split_gain=5.59434 13.6416 14.4949 18.436 18.7227 18.0633 24.8601 19.6107 13.5555 10.7901 11.7068 11.0186 10.1556 9.69937 17.42 15.8176 15.0549 12.1156 15.1885 11.9801 11.3178 11.2734 19.9518 10.4809 10.3362 9.49182 8.05129 7.71242
threshold=0.29366892576217657 -8641.9999999999982 -0.12685070186853406 0.091117430478334441 270540.50000000006 -0.40028737485408777 278.70500183105474 2.2147500514984135 3.4250000715255742 -0.13869924098253247 869.85000610351574 56700.500000000007 -0.81131845712661732 0.0034269909374415879 3.5195523500442509 10279.909667968752 -2.853582382202148 4184.9299316406259 -1.3608862757682798 -1.1107019782066343 -1.3572963476181028 0.67593964934349071 2784.4150390625005 666408.50000000012 0.82659780979156505 482080.00000000006 2.2518734931945805 16608.000000000004
decision_type=2 2 2 2 2 2 2 2 2 2 2 2 2 2 2 2 2 2 2 2 2 2 2 2 2 2 2 2
left_child=1 8 5 12 -5 6 -3 -7 9 10 -1 -11 -4 14 21 16 -16 23 24 -20 -17 27 -23 26 -19 -25 -15 -2
right_child=13 2 3 4 -6 7 -8 -9 -10 11 -12 -13 -14 17 15 20 -18 18 19 -21 -22 22 -24 25 -26 -27 -28 -29
leaf_value=0.0066268900683705625 0.0097491469888275357 0.00054665671402478696 -0.0028444929281078979 0.00019925361546225813 0.011727910697968219 0.0084592916831229079 -0.012213033532134706 -0.0014050583551897921 0.01344924229548322 -0.013946660911499221 -0.015633521138791458 0.0059296770822009079 0.0083117569475592117 0.0083842442685659289 -0.012772238225694191 -0.0057199822792185573 -0.00050175452920823039 -0.0018366720402756018 0.0078325285983427712 -0.011751378498850216 0.0090053583284340957 -0.017067312693800046 0.011321128043004367 -0.0044340725278348295 0.013276134548855654 0.0083689291589154509 -0.001838408919371144 0.0012255417968623113
leaf_weight=9.0934978872537595 43.042025566101074 35.628007560968399 9.0457064956426603 152.69862414896488 15.541531488299368 31.613230124115944 26.538377538323402 55.258682027459145 3.7075331211090079 18.20324328541756 3.1857539862394324 3.2167364954948416 72.802019223570824 93.966890811920166 10.771114274859427 6.3634570389986029 143.08793348819017 8.6058850884437579 4.0158429443836239 13.330940157175062 27.346596166491508 5.3407301455736143 4.581404522061348 15.632383838295938 9.314491078257559 9.1889043748378736 8.2211693376302701 14.46257860958576
leaf_count=20 75 99 31 443 28 59 107 178 6 79 14 8 148 180 45 22 414 25 8 54 53 23 7 56 14 18 26 37
internal_value=0.00195158 0.00115626 0.00169927 0.0031712 0.00127018 -0.000763924 -0.00488428 0.00217313 -0.00461092 -0.00662755 0.000770166 -0.0109151 0.00706656 0.00278122 0.0015591 -2.66153e-06 -0.00136727 0.00469547 -0.000463561 -0.00715999 0.00619599 0.00591846 -0.00385857 0.00613588 0.00596272 0.000265343 0.00755203 0.00762282
internal_weight=853.805 436.533 399.126 250.088 168.24 149.038 62.1664 86.8719 37.4068 33.6992 12.2793 21.42 81.8477 417.272 254.996 187.569 153.859 162.277 35.2672 17.3468 33.7101 67.4267 9.92213 127.009 17.9204 24.8213 102.188 57.5046
internal_count=2277 1220 1093 650 471 443 206 237 127 121 34 87 179 1057 676 534 459 381 101 62 75 142 30 280 39 74 206 112
is_linear=0
shrinkage=0.01


Tree=189
num_leaves=18
num_cat=0
split_feature=54 57 28 27 60 60 42 42 41 41 70 44 44 2 0 28 7
split_gain=5.56643 9.50293 7.49606 12.3142 12.6767 11.0445 18.642 17.0309 6.11093 9.97753 10.4392 8.00081 7.97701 3.338 2.99592 1.46804 1.79511
threshold=4.3018939495086679 0.54489997029304515 -126.37499999999999 -1137247.9999999998 -0.0024166376097127791 0.0039623454213142404 -0.00051450001774355758 -0.00051450001774355758 1.2437162995338442 0.64479124546051036 28924.002929687504 33533.060546875007 872.70001220703136 563257.50000000012 96122.500000000015 -1079.4999999999998 1.6797711253166201
decision_type=2 2 2 2 2 2 2 2 2 2 2 2 2 2 2 2 2
left_child=1 13 5 -4 -5 6 -3 -7 9 10 12 -12 -2 -1 -10 -16 -17
right_child=8 2 3 4 -6 7 -8 -9 14 -11 11 -13 -14 -15 15 16 -18
leaf_value=-0.0135240182650656 -0.00069044778176150119 -0.0038581738638822265 -0.015295719464897963 0.0041893353977329149 3.7409722016167259e-05 0.012161310944960334 0.0030844029003110197 0.0023956975338246169 0.0028585131099944112 -0.010773889762084181 -0.017627501571077255 0.0042359756161113003 0.0080168421501890068 0.0016515607733891403 0.0035705240588799511 0.0070097403568752216 0.014662646485128411
leaf_weight=5.5298634693026534 14.730302289128302 46.433974601328373 4.6641943901777259 96.878143936395645 307.30143279582262 29.595071375370026 228.70613384246826 45.871007740497589 7.1590704470872906 5.062445953488349 3.7288061380386344 2.9294677525758743 35.124930083751678 1.812550753355026 2.8140669614076677 5.4085852354764894 9.7075865864753705
leaf_count=30 46 152 22 239 910 49 560 115 16 19 16 7 63 6 6 10 11
internal_value=0.00193286 0.00165924 0.00176982 0.000846311 0.00103506 0.00284387 0.00190911 0.00623867 0.00434224 0.00262372 0.00384156 -0.00785795 0.00542412 -0.00964157 0.00852011 0.0107249 0.0119906
internal_weight=853.458 766.792 759.45 408.844 404.18 350.606 275.14 75.4661 86.6653 61.576 56.5135 6.65827 49.8552 7.34241 25.0893 17.9302 15.1162
internal_count=2277 2083 2047 1171 1149 876 712 164 194 151 132 23 109 36 43 27 21
is_linear=0
shrinkage=0.01


Tree=190
num_leaves=19
num_cat=0
split_feature=65 24 31 66 33 1 52 45 39 40 9 64 33 43 57 18 36 1
split_gain=5.55943 13.0197 11.6054 9.25604 15.9097 15.1033 14.746 15.8897 12.0043 14.3837 11.6032 7.10389 6.76535 4.99225 5.01947 3.24822 2.95293 2.72952
threshold=2.4288747310638432 9.5000000000000018 -2.1764037609100337 1.6205830574035647 -1.4794612526893614 40905.000000000007 0.019497352652251724 -0.47418582439422602 -1.127819776535034 2.9266208410263066 17702155.000000004 4.6516916751861581 -0.42461101710796351 28352.424804687504 0.85935696959495556 5712.0000000000009 1.8138847947120669 354739.50000000006
decision_type=2 2 2 2 2 2 2 2 2 2 2 2 2 2 2 2 2 2
left_child=3 2 -2 4 15 16 7 -6 10 -10 -7 -8 -3 17 -15 -1 -5 -14
right_child=1 12 -4 5 6 8 11 -9 9 -11 -12 -13 13 14 -16 -17 -18 -19
leaf_value=-0.015374186600016344 -0.015231465850005432 -0.0024184334635949157 0.0068565477069262607 -0.015509561960710691 0.0062745318525542094 -0.014703667070360478 0.012285835820054575 0.0014348505873445912 0.0017004336670034307 -0.010937108575576757 -4.1231547420317266e-05 0 0.01535365378994032 0.010521702797562055 -0.0051215126312402796 -0.0004494731991932527 -0.0014054283459336986 0.0080227062938825443
leaf_weight=5.7037268728017798 5.151432603597641 5.0983178615570059 4.3482882007956487 6.8511599823832494 85.642909020185471 9.3885274827480334 23.287971392273906 331.19324319064617 313.32609857618809 9.255098491907118 13.019452817738054 5.9822139441967002 13.070453435182577 4.2725089192390424 3.8543501496315002 2.1476958692073822 2.1005592495203018 9.6021666675806028
leaf_count=27 24 16 10 32 185 46 37 877 853 42 39 17 16 7 15 7 7 20
internal_value=0.00191396 0.00532956 -0.0050159 0.00172079 0.00266644 0.000505093 0.00291658 0.00243161 0.000840559 0.00133475 -0.00622915 0.00978889 0.00809517 0.00986798 0.0029795 -0.011419 -0.0123117 0.012293
internal_weight=853.296 45.3975 9.49972 807.899 453.958 353.941 446.106 416.836 344.989 322.581 22.408 29.2702 35.8978 30.7995 8.12686 7.85142 8.95172 22.6726
internal_count=2277 108 34 2169 1150 1019 1116 1062 980 895 85 54 74 58 22 34 39 36
is_linear=0
shrinkage=0.01


Tree=191
num_leaves=15
num_cat=0
split_feature=52 11 46 38 28 40 40 65 38 59 28 24 68 14
split_gain=5.56224 13.1817 10.7319 9.93329 8.04633 16.9357 18.2293 12.9029 10.5624 10.1095 6.95238 5.89339 13.9062 2.4585
threshold=0.051259016618132598 82.049999237060561 -0.82279786467552174 0.73979005217552196 718.00000000000011 1.1927489042282107 2.3102281093597417 1.3134337663650515 2.6015568971633916 1.1464865207672121 -22.687499999999996 7.5000000000000009 69.867019653320327 5.1707501411437997
decision_type=2 2 2 2 2 2 2 2 2 2 2 2 2 2
left_child=1 4 -3 10 8 7 -7 -6 9 -1 -2 12 -5 -13
right_child=3 2 -4 11 5 6 -8 -9 -10 -11 -12 13 -14 -15
leaf_value=0.0013500777718634847 -0.015393453577455678 0.0078587115214757818 -0.014790418465884669 0.012746193767780157 -0.0081833486011789729 0.0098339890981421589 -0.013724446551389696 5.2732393917622534e-07 0.014993354903689915 0.0039543386410783475 0.0054213690024503373 0.0095254208558794313 -0.014139230204672859 0.018468325550410204
leaf_weight=476.74967197328806 3.1217465549707413 2.7328264564275733 8.3084267973899824 5.1103479862213153 28.975437246263027 22.618270263075832 3.8109552934765807 56.758497998118401 6.5108362734317771 218.21982251107693 3.2102816998958614 8.0093808621168119 3.0669265240430832 5.9331701397895804
leaf_count=1286 14 6 41 9 112 46 20 176 9 513 7 17 15 6
internal_value=0.00189513 0.00174347 -0.00909395 0.00625589 0.00189176 -0.000588086 0.00639915 -0.00275371 0.00228971 0.00216925 -0.0046826 0.00943235 0.00254039 0.0134027
internal_weight=853.137 824.685 11.0413 28.4519 813.643 112.163 26.4292 85.7339 701.48 694.969 6.33203 22.1198 8.17727 13.9426
internal_count=2277 2209 47 68 2162 354 66 288 1808 1799 21 47 24 23
is_linear=0
shrinkage=0.01


Tree=192
num_leaves=21
num_cat=0
split_feature=30 43 42 44 64 65 45 66 37 66 27 45 45 67 70 11 3 43 60 42
split_gain=5.47174 16.4862 14.9295 14.0429 9.40334 13.7297 13.1222 6.58411 10.0423 8.87617 15.7643 24.2206 11.3534 12.254 10.7295 9.3353 4.98256 8.63299 4.32257 1.95808
threshold=7.903783082962037 1.0000000180025095e-35 0.00094850000459700834 40946.541015625007 10.803615093231203 -1.1606945395469663 0.67044577002525341 4.1582024097442636 2.0439738035202031 1.6205830574035647 -177343.99999999997 1.9361035227775576 -0.47179967164993281 2.8805750608444218 101157.25781250001 33.98500061035157 12144.500000000002 25441.669921875004 0.014337968546897175 -0.00028350000502541656
decision_type=2 2 2 2 2 2 2 2 2 2 2 2 2 2 2 2 2 2 2 2
left_child=7 2 18 4 6 -6 -3 9 16 10 11 -1 13 -11 -14 -12 17 -9 -2 -18
right_child=1 3 -4 -5 5 -7 -8 8 -10 12 15 -13 14 -15 -16 -17 19 -19 -20 -21
leaf_value=0.0017414133111929616 -0.014147203854814154 -0.01354525757328833 0.0049027430932394875 -0.01466276665141701 -0.0049781045429831998 0.01144038614328987 0.014253536304026298 -0.0074012863798649997 -0.0074335513133887299 -0.01131225372496902 0.0024843306269794218 -0.015397742296066382 0.0010955821286158355 -0.00013053015966715765 0.012544227926503712 0.0069123008966708336 0.0090538959397129335 0.011581547487875304 0.0011826110378210279 0.016662494585089942
leaf_weight=214.04180127382278 15.470685280859476 5.354241043329238 6.92060662806034 4.0271822661161414 6.5301174074411419 22.016904398798943 2.4605491757392883 4.1160908788442665 4.1836832612752906 15.126117512583731 85.676552668213844 8.5676834881305677 289.07151100039482 28.364694483578205 8.447570860385893 109.77274939417839 7.964606299996376 5.6218424439430237 1.9526731818914402 7.3498480916023237
leaf_count=564 78 28 18 19 23 40 4 16 17 60 211 39 802 83 14 222 15 10 6 8
internal_value=0.00187643 -0.000907669 -0.00741982 0.00299269 0.00497558 0.00764963 -0.00466462 0.00210632 0.00677667 0.00192512 0.00290257 0.00107728 0.0007239 -0.00404253 0.00142401 0.00497639 0.00918965 0.00345507 -0.0123718 0.0127708
internal_weight=853.038 64.733 24.344 40.389 36.3618 28.547 7.81479 788.305 29.2361 759.069 418.059 222.609 341.01 43.4908 297.519 195.449 25.0524 9.73793 17.4234 15.3145
internal_count=2277 216 102 114 95 63 32 2061 66 1995 1036 603 959 143 816 433 49 26 84 23
is_linear=0
shrinkage=0.01


Tree=193
num_leaves=20
num_cat=0
split_feature=5 13 37 66 61 57 57 37 57 43 41 36 68 57 36 55 30 71 28
split_gain=5.44728 11.2924 6.78173 18.7638 17.5143 16.3107 14.308 9.79331 9.45005 9.94845 8.94925 10.7346 10.671 5.78254 5.15324 4.35958 9.21944 11.4913 3.48949
threshold=77737.011718750015 9827119.0000000019 1.9593003988265993 1.7639768123626711 110.35834121704103 1.2345677614212038 0.95209440588951122 1.7934074997901919 1.2532741427421572 1916.1099243164065 -2.6085512638092037 0.93676424026489269 72.598583221435561 1.3944898843765261 -0.82322460412979115 0.88594126701354992 2.8518328666687016 56283.080078125007 -22.687499999999996
decision_type=2 2 2 2 2 2 2 2 2 2 2 2 2 2 2 2 2 2 2
left_child=2 -2 7 6 14 -6 -4 10 9 -9 11 -1 -12 -10 -5 16 17 -3 -8
right_child=1 15 3 4 5 -7 18 8 13 -11 12 -13 -14 -15 -16 -17 -18 -19 -20
leaf_value=0.011650601629982847 -0.007632305520518805 -0.015447365427702595 -0.0086641688897055591 0.0020955318228643156 -0.0040199448393725048 0.0086432883576709578 0.016779391467149393 -0.0022332538061768325 0.0049594050263340158 0.012874217041026771 0.0022156300551931401 0.00023672638204220235 -0.00076363047461766576 -0.014807695708529292 -0.015108707519666569 0.015446519968910282 0.015992925005988506 0.010389889029917726 0.006930971228813209
leaf_weight=19.468718245625496 4.5331885218620327 3.2478097081184405 4.1438870131969479 1.8893369734287269 38.559808902442455 13.800425603985785 8.0757196098566055 5.3155308663845089 3.1532793641090384 21.765435352921486 518.06197936087847 14.601925715804098 155.97193887084723 2.7150851041078568 13.257757522165772 8.1616733074188215 5.0839561522006989 3.639354482293129 7.3490940481424305
leaf_count=31 18 15 15 5 132 27 9 17 7 34 1343 42 467 13 64 10 6 7 15
internal_value=0.0018582 0.00650371 0.00171863 -0.00091342 -0.00342297 -0.000663237 0.00769283 0.00202925 0.00736817 0.00987195 0.00177941 0.00678822 0.00152474 -0.00401573 -0.0128968 0.00973631 0.00575967 -0.0016491 0.012152
internal_weight=852.796 24.666 828.13 87.076 67.5073 52.3602 19.5687 741.054 32.9493 27.081 708.105 34.0706 674.034 5.86836 15.1471 20.1328 11.9711 6.88716 15.4248
internal_count=2277 56 2221 267 228 159 39 1954 71 51 1883 73 1810 20 69 38 28 22 24
is_linear=0
shrinkage=0.01


Tree=194
num_leaves=14
num_cat=0
split_feature=52 11 46 38 28 34 43 38 59 28 2 7 34
split_gain=5.45542 12.8079 10.5417 9.62992 7.75966 12.7631 12.232 10.291 9.87046 6.82544 4.12952 3.66393 3.15839
threshold=0.051259016618132598 82.049999237060561 -0.82279786467552174 0.73979005217552196 718.00000000000011 0.50501877069473278 8144.0351562500009 2.6015568971633916 1.1464865207672121 -22.687499999999996 1038307.5000000001 2.007399439811707 1.0769362449645998
decision_type=2 2 2 2 2 2 2 2 2 2 2 2 2
left_child=1 4 -3 9 7 -6 -7 8 -1 -2 11 12 -5
right_child=3 2 -4 10 5 6 -8 -9 -10 -11 -12 -13 -14
leaf_value=0.0012980986660965038 -0.015280487973673261 0.0077751800261018243 -0.01470632981269113 0.0020251458217211697 -0.015205159735884337 -0.0036919314435432827 0.0031495130130967577 0.014781593672946796 0.0038718207885181312 0.0053737542426045759 0.00078621477308629922 0.017154139600544654 0.013439980212116677
leaf_weight=476.6091034039855 3.1037788540124893 2.7280463427305213 8.2453528493642789 5.3619814068079048 5.6822560876607886 46.172721385955811 60.176426030695438 6.4945473670959464 218.13592329621315 3.2097293436527279 4.7335720658302298 7.1563486754894248 4.8217152655124664
leaf_count=1286 14 6 41 14 26 165 163 9 513 7 17 8 8
internal_value=0.00184001 0.00168989 -0.00902618 0.00616358 0.00183571 -0.000601079 0.000169817 0.00222644 0.00210763 -0.00462167 0.00929368 0.0115584 0.00752797
internal_weight=852.632 824.244 10.9734 28.3871 813.271 112.031 106.349 701.24 694.745 6.31351 22.0736 17.34 10.1837
internal_count=2277 2209 47 68 2162 354 328 1808 1799 21 47 30 22
is_linear=0
shrinkage=0.01


Tree=195
num_leaves=20
num_cat=0
split_feature=65 24 68 66 33 1 52 45 45 65 64 33 59 43 33 18 36 1 66
split_gain=5.42378 12.4429 8.93402 8.73687 15.5287 14.7531 14.2131 15.5895 11.8229 10.4055 6.90553 6.69743 4.82723 4.82696 4.70163 3.20936 2.93846 2.73091 2.28919
threshold=2.4288747310638432 9.5000000000000018 72.598583221435561 1.6205830574035647 -1.4794612526893614 40905.000000000007 0.019497352652251724 -0.47418582439422602 2.8266490697860722 1.0183390974998476 4.6516916751861581 -0.42461101710796351 0.87073615193367015 28352.424804687504 0.81423556804656994 5712.0000000000009 1.8138847947120669 354739.50000000006 4.6714148521423349
decision_type=2 2 2 2 2 2 2 2 2 2 2 2 2 2 2 2 2 2 2
left_child=3 2 -2 4 15 16 7 -6 9 -7 -8 -3 -10 17 -15 -1 -5 -13 -4
right_child=1 11 18 5 6 8 10 -9 12 -11 -12 13 -14 14 -16 -17 -18 -19 -20
leaf_value=-0.015331623443499059 0.011123529373691274 -0.0025616678382757402 -0.014945997163436409 -0.015442543070381275 0.0061281777905778994 -0.011638034948308626 0.012011669338607485 0.0013338549120448474 0.019145275511405057 0.00066315598666578024 0 0.015157070779018511 0.0058948503584557825 0.012682500984776045 -0.0029327473933946262 -0.00047225640603833089 -0.0013523371406865157 0.0078092841940675707 -0.0022058651889405693
leaf_weight=5.6820539236068717 2.4864107370376569 5.0803162902593604 4.6287595331668854 6.8211334124207479 85.608637616038322 7.0201902240514746 23.258074998855594 331.19382458925247 4.0453717708587638 323.83717045933008 5.9723885506391516 12.961468055844312 9.7738504856824857 3.0751793980598432 4.999206081032753 2.1429833918809891 2.0951905772089958 9.5688624829053861 2.3147668316960335
leaf_count=27 4 16 22 32 185 27 37 877 4 926 17 16 23 5 17 7 7 20 8
internal_value=0.0018218 0.00520624 -0.00494487 0.00163146 0.00255008 0.000449527 0.00279688 0.00232098 0.000780786 0.000399125 0.00954863 0.00791675 0.00984608 0.00968881 0.00289057 -0.01139 -0.0122437 0.0120808 -0.0108428
internal_weight=852.566 45.115 9.42994 807.451 453.858 353.593 446.033 416.802 344.677 330.857 29.2305 35.685 13.8192 30.6047 8.07439 7.82504 8.91632 22.5303 6.94353
internal_count=2277 108 34 2169 1150 1019 1116 1062 980 953 54 74 27 58 22 34 39 36 30
is_linear=0
shrinkage=0.01


Tree=196
num_leaves=23
num_cat=0
split_feature=54 61 21 21 34 28 40 60 43 7 49 55 49 47 40 3 56 17 45 33 4 14
split_gain=5.4007 14.7369 13.5022 16.0952 13.6021 12.35 13.507 16.0346 12.0764 13.8676 11.523 9.67184 9.46756 9.15145 10.7132 8.10098 7.63128 7.62436 11.8425 8.59906 3.78829 3.37256
threshold=0.29366892576217657 190.20009613037112 -1243.4999999999998 -6747.9999999999991 1.4507862329483034 467.90625000000006 -2.2749358415603633 0.0088798161596059817 74175.929687500015 1.6071060895919802 -0.78156125545501698 -0.029260637238621708 -0.97137844562530506 0.86615434288978588 1.8358138799667361 64807.500000000007 0.54317495226860057 6541.5000000000009 1.9361035227775576 -1.4548804163932798 22270.389648437504 5.0250000953674325
decision_type=2 2 2 2 2 2 2 2 2 2 2 2 2 2 2 2 2 2 2 2 2 2
left_child=1 5 3 4 -3 8 15 -8 10 -10 -1 -5 -4 17 16 -7 -15 18 19 -2 -20 -18
right_child=13 2 12 11 -6 6 7 -9 9 -11 -12 -13 -14 14 -16 -17 21 -19 20 -21 -22 -23
leaf_value=0.0072695871449911078 -0.0074469542809357456 -0.01551150108007408 0.0020419865329338901 0.010930096222393382 0.0090848392005659223 -0.00043255346349123684 -0.0073314691182267879 0.0036848835235663686 -0.011135682782715364 0.00094261052317399705 0.0022926823973451454 -0.0018539371631585231 -0.015241624329717061 0.00097846323571414888 0.0089648668165047494 0.016883396962325273 -0.015949709824005606 0.01126508292307379 -0.015649976352982004 0.0031884321905147855 0 -0.0014380585890279487
leaf_weight=61.875859335064888 7.707314044237136 9.4287218376994115 4.0339691787958172 11.665000721812248 2.8973727971315375 5.1516236811876279 41.809986516833305 19.181106626987457 11.976622641086577 45.578627362847328 192.14868327230215 11.788091093301773 13.286338999867437 6.1739071011543336 5.0280063152313224 5.4386860430240631 8.0735234022140485 10.846851661801336 4.5014743506908408 369.36285562813282 2.2979181855916977 2.1921073049306861
leaf_count=126 31 43 11 20 6 16 165 56 46 125 503 34 62 18 9 7 36 17 20 911 7 8
internal_value=0.00180383 0.00102263 -0.00390878 -0.000371341 -0.00964875 0.00170865 -0.0020292 -0.00385054 0.00257059 -0.00155338 0.0035089 0.00446189 -0.0111585 0.00262031 -0.00371754 0.00836568 -0.00765726 0.00296754 0.00273047 0.00296839 -0.0103166 -0.0129483
internal_weight=852.445 436.261 53.0995 35.7792 12.3261 383.161 71.5814 60.9911 311.58 57.5553 254.025 23.4531 17.3203 416.184 21.4675 10.5903 16.4395 394.716 383.87 377.07 6.79939 10.2656
internal_count=2277 1220 176 103 49 1044 244 221 800 171 629 54 73 1057 71 23 62 986 969 942 27 44
is_linear=0
shrinkage=0.01


Tree=197
num_leaves=15
num_cat=0
split_feature=52 11 46 38 18 36 52 70 69 5 11 2 7 61
split_gain=5.3594 12.5094 10.3614 9.40686 8.32996 7.59435 14.4763 12.279 8.97687 10.0643 9.53506 4.03414 3.61553 5.2717
threshold=0.051259016618132598 82.049999237060561 -0.82279786467552174 0.73979005217552196 1214.0000000000002 2.208875417709351 0.0059529012069106111 46711.125000000007 99.961925506591811 8047.1999511718759 58.840000152587898 1038307.5000000001 2.007399439811707 83.639728546142592
decision_type=2 2 2 2 2 2 2 2 2 2 2 2 2 2
left_child=1 5 -3 4 -2 8 -7 -8 9 -1 -10 12 13 -5
right_child=3 2 -4 11 -6 6 7 -9 10 -11 -12 -13 -14 -15
leaf_value=0.00071722803231255626 -0.015876083824369846 0.0076732013573351399 -0.014636425423248268 -9.4821557499446407e-05 0.0070085195229431987 0.012663935875496544 -0.010756370991881949 0.0073551006113121943 0.0081573103816689439 0.0039456973529170851 0.002665318255943668 0.00076124648724814302 0.016975948166618987 0.014128092819322266
leaf_weight=481.62526051700115 3.237757176160815 2.7256749123334876 8.1972248554229719 4.7398485690355354 3.0581938326358795 4.5696969330310848 17.341847196221355 4.7058222666382781 41.056154310703278 121.18164263665676 142.46255103498697 4.7368508577346793 7.1395934075117102 5.4370801001787186
leaf_count=1328 14 6 41 14 7 7 81 12 76 298 360 17 8 8
internal_value=0.00178627 0.0016375 -0.00897778 0.00607436 -0.00460129 0.00178136 -0.00345839 -0.00684533 0.00196 0.0013679 0.00389942 0.00916746 0.0114092 0.00740559
internal_weight=852.215 823.866 10.9229 28.3493 6.29595 812.943 26.6174 22.0477 786.326 602.807 183.519 22.0534 17.3165 10.1769
internal_count=2277 2209 47 68 21 2162 100 93 2062 1626 436 47 30 22
is_linear=0
shrinkage=0.01


Tree=198
num_leaves=20
num_cat=0
split_feature=65 24 31 11 53 26 4 46 59 29 16 71 69 58 49 67 1 51 62
split_gain=5.30242 12.1203 11.1414 8.80165 12.028 9.18025 9.09395 8.06392 7.62358 18.4296 16.1976 14.6573 12.5123 5.72077 4.786 4.24204 3.55248 9.71911 1.46065
threshold=2.4288747310638432 9.5000000000000018 -2.1764037609100337 76.384998321533217 0.34048853814601904 0.049285693094134338 184.94499969482425 -0.74166530370712269 1.1464865207672121 1.0192955732345583 0.84499999880790722 16945.109375000004 95.23804092407228 -82011.499999999985 -0.37109488248825068 3.5035954713821416 325281.00000000006 0.029047260060906414 1.318698048591614
decision_type=2 2 2 2 2 2 2 2 2 2 2 2 2 2 2 2 2 2 2
left_child=3 2 -2 8 7 6 -6 -5 10 15 -1 -12 -11 14 -3 -10 18 -18 -15
right_child=1 13 -4 4 5 -7 -8 -9 9 12 11 -13 -14 16 -16 -17 17 -19 -20
leaf_value=0.012059245645520241 -0.015030373891603506 0.0087046013693706289 0.0067270675329399853 0.0018809280628866154 -0.0024020514744635085 -0.014800628732226113 0.011386572478503738 -0.014980681110924345 -0.017080322122879094 0.0024965953191328568 0.0022973484408581584 -0.0011480406116833747 0.0079450637008966901 0.0087667962965953528 -0.0075057117416632577 -0.00034671119056768179 -0.0042419374237326699 0.01288793842592856 0.015911850499037542
leaf_weight=13.174445793032644 5.0721312165260315 3.3653667867183685 4.3185777142643911 3.7626440525054923 10.201313033699995 3.0136391520500174 8.8582916259765607 10.395124852657316 5.2595595866441718 192.10994768887758 287.89648945629597 215.77584891021252 54.405717611312866 5.3572556674480465 3.9691619724035254 2.3016550838947296 5.4028613567352286 8.2878664880990964 9.177455857396124
leaf_count=19 24 6 10 10 33 14 17 49 22 488 765 638 107 9 16 7 18 14 11
internal_value=0.0017687 0.00512138 -0.00491812 0.00158075 -0.00322627 0.00134814 0.00395399 -0.0104288 0.00180796 0.00322833 0.00110778 0.00081934 0.00370312 0.00780074 0 -0.0121188 0.00984542 0.00605482 0.0133471
internal_weight=852.105 44.9507 9.39071 807.155 36.231 22.0732 19.0596 14.1578 770.924 254.077 516.847 503.672 246.516 35.56 7.33453 7.56121 28.2254 13.6907 14.5347
internal_count=2277 108 34 2169 123 64 50 59 2046 624 1422 1403 595 74 22 29 52 32 20
is_linear=0
shrinkage=0.01


Tree=199
num_leaves=28
num_cat=0
split_feature=13 40 13 36 10 44 35 20 11 40 53 71 24 11 1 60 41 67 33 2 2 11 54 54 36 41 61
split_gain=5.27431 17.891 13.8202 13.2468 15.9082 12.9198 12.5713 12.4806 13.1798 9.8459 26.9759 14.2159 14.2196 13.674 11.3555 13.273 18.8134 12.8625 16.8978 15.2896 11.3475 14.0678 9.41116 16.9781 9.18032 5.34769 3.64452
threshold=13879009.500000002 0.45789420604705816 15033893.500000002 0.93676424026489269 -0.00053650001063942898 53073.539062500007 -1.8775413036346433 32237.370117187504 28.530000686645511 0.45789420604705816 -0.40893051028251642 28513.688476562504 62.500000000000007 22.215000152587894 459498.50000000006 -0.016380372457206246 0.48500463366508489 -3.6728738546371456 -1.2635043859481809 453492.50000000006 704026.00000000012 38.23500061035157 0.35497412085533148 -0.3373651504516601 -1.5503983497619627 2.5977046489715581 133.3459167480469
decision_type=2 2 2 2 2 2 2 2 2 2 2 2 2 2 2 2 2 2 2 2 2 2 2 2 2 2 2
left_child=9 2 22 5 -5 -4 26 8 -8 14 20 13 -13 -12 17 24 -17 18 -1 -19 25 -22 23 -2 -16 -11 -3
right_child=1 6 3 4 -6 -7 7 -9 -10 10 11 12 -14 -15 15 16 -18 19 -20 -21 21 -23 -24 -25 -26 -27 -28
leaf_value=-0.0096784958928941792 0.012573149295229989 -0.014995969762708615 -0.0023680546997804021 0.00026719456941324366 -0.016180744583831248 0.0058817327428123791 -0.015298893918243756 -0.008225821882013238 0.0094443939775876694 -0.015918463276112262 -0.01450336207960169 -0.016300346116346481 0.011046278623422981 0.0026972911951845331 -0.0029828958157562153 0.0013780644486030495 -0.0072545686173051569 0.0014805022265295573 0.0094954725127736322 0.0094688030624215085 -0.015779714775177183 0.01123896516669964 0.018990421864288072 -0.016017783824538112 0.014480777720983827 0 0.0011261453340749795
leaf_weight=5.059020683169364 6.2015481665730467 3.1200898587703696 42.91509373486042 12.551930695772173 10.872374251484869 33.921463444828987 2.1888686269521704 4.5668648332357398 72.018349774181843 17.130359962582595 4.7979051768779746 8.2711186408996564 2.4238750785589209 116.51506161689758 4.3773510307073584 68.110507853329182 39.990978494286537 293.95300449430943 45.727066472172737 26.165679171681404 3.2588720023632041 4.7133410647511482 6.1921801865100852 3.1064250469207755 9.0723393708467466 2.3795473873615256 2.3511125594377518
leaf_count=19 11 15 128 37 49 75 10 17 135 76 24 37 4 304 14 191 146 776 84 52 15 9 7 14 13 7 8
internal_value=0.00175133 0.00317542 0.000614451 -0.000734859 -0.00732441 0.00126101 0.00668257 0.00770705 0.00870107 0.00131291 -0.000842102 0.00102753 -0.0100091 0.00200877 0.00201288 -0.000632978 -0.00180623 0.00288266 0.00756578 0.00213657 -0.0098591 6.88649e-05 0.00940681 0.00292383 0.00872268 -0.0139672 -0.00788512
internal_weight=851.952 200.006 115.761 100.261 23.4243 76.8366 84.2453 78.7741 74.2072 651.946 159.49 132.008 10.695 121.313 492.456 121.551 108.101 370.905 50.7861 320.119 27.4821 7.97221 15.5002 9.30797 13.4497 19.5099 5.4712
internal_count=2277 506 321 289 86 203 185 162 145 1771 476 369 41 328 1295 364 337 931 103 828 107 24 32 25 27 83 23
is_linear=0
shrinkage=0.01


Tree=200
num_leaves=21
num_cat=0
split_feature=30 43 39 44 46 24 36 66 66 27 45 1 69 11 27 14 34 53 51 36
split_gain=5.31835 16.0464 17.6615 13.6615 9.34903 15.9719 6.65098 6.3548 8.3291 15.1848 23.4553 14.687 11.4422 9.06384 5.66701 9.75722 8.24353 4.5873 3.51543 2.90995
threshold=7.903783082962037 1.0000000180025095e-35 1.9365942478179934 40946.541015625007 -0.2847332209348678 15.500000000000002 -0.43795168399810785 4.1582024097442636 1.6205830574035647 -177343.99999999997 1.9361035227775576 40905.000000000007 78.17029190063478 33.98500061035157 195264.00000000003 3.029000043869019 0.39435625076293951 1.2873666882514956 0.010282930918037893 1.8138847947120669
decision_type=2 2 2 2 2 2 2 2 2 2 2 2 2 2 2 2 2 2 2 2
left_child=7 2 17 4 6 -6 -3 8 9 10 -1 19 -13 -11 18 16 -16 -2 -9 -10
right_child=1 3 -4 -5 5 -7 -8 14 11 13 -12 12 -14 -15 15 -17 -18 -19 -20 -21
leaf_value=0.0015919274318131279 -0.014051710245783642 0.0013268072708308319 0.0075946207158160061 -0.014628409328208344 -0.010468000884128392 0.012154930917483297 0.012663671473158252 0.013752261401682085 -0.015456272728240072 0.0023135181820449565 -0.015317513187088792 -0.005794640528675208 0.0014713229479304743 0.0066788919044177813 0.0049600857560922994 0.015192484290330509 -0.015001693079718104 0.0013201482781235697 0.0041424191278400272 -0.0013735841237504278
leaf_weight=213.94997157156467 16.363777190446861 8.2789367586374265 5.8439194709062567 4.0063087940216056 8.2411679774522764 5.0037389397621146 14.799129202961923 10.806659802794462 6.6196183413267118 85.652996584773064 8.5231423974037153 23.268674582242966 308.53815504163504 109.51786516606808 4.1393753439187986 3.4794516563415518 4.0398331955075264 2.069623425602912 6.4204112589359275 2.0919977873563766
leaf_count=564 83 23 13 19 37 9 26 14 31 211 39 81 840 222 10 5 20 6 17 7
internal_value=0.0017344 -0.00101357 -0.00744829 0.0028352 0.00478891 -0.00184588 0.00864006 0.00196125 0.00178404 0.00273117 0.000939617 0.00061946 0.000958768 0.00476822 0.00657767 0.00109694 -0.00477707 -0.0122716 0.0102288 -0.0121893
internal_weight=851.655 64.6066 24.2773 40.3293 36.323 13.2449 23.0781 787.048 758.162 417.644 222.473 340.518 331.807 195.171 28.8857 11.6587 8.17921 18.4334 17.2271 8.71162
internal_count=2277 216 102 114 95 46 49 2061 1995 1036 603 959 921 433 66 35 30 89 31 38
is_linear=0
shrinkage=0.01


Tree=201
num_leaves=20
num_cat=0
split_feature=56 38 33 10 45 61 57 3 61 24 14 1 8 56 20 27 53 0 21
split_gain=5.23081 10.9725 9.58108 9.32148 11.6836 11.4756 9.1406 8.98791 8.96316 17.4772 14.2594 14.1117 13.5271 7.48003 4.23822 3.88131 3.47833 2.62313 1.80518
threshold=1.6506541371345522 3.0136001110076909 -1.4548804163932798 -0.0011824999819509683 -0.39931352436542505 105.601619720459 0.54489997029304515 -290049.99999999994 72.196708679199233 13.500000000000002 6.9949998855590829 1519164.0000000002 2.5380624532699589 5.0433580875396737 24850.450195312504 482080.00000000006 -1.4186998009681699 27321.000000000004 -16.499999999999996
decision_type=2 2 2 2 2 2 2 2 2 2 2 2 2 2 2 2 2 2 2
left_child=1 3 18 4 5 -1 17 -8 9 16 11 -10 -11 -12 -3 -6 -4 -5 -2
right_child=2 14 8 6 15 -7 7 -9 10 12 13 -13 -14 -15 -16 -17 -18 -19 -20
leaf_value=0.014569007501021372 -0.01452177073871078 -0.01320114895406276 0.0031767100879825194 0 -0.013697001763563197 -0.0080457759442581194 -0.0052617207254680434 0.001988960935174902 0.0034605744374747649 -0.015987134634728589 -0.014044703843974132 -0.013687653075165953 0.012316192091728611 0.0031600327432090257 0.0030749921044884911 0.00035288526535918194 0.011615459461818342 -0.014373413149865864 -0.0019492518353767063
leaf_weight=4.6723519563674945 3.4630184471607208 7.2056829780340177 6.233394891023635 1.8339137211441983 10.588748186826704 4.263455405831337 17.572898656129837 550.35629208385944 180.31449809670448 5.0325971841812125 7.7877058833837491 4.9085285589098921 2.5046518892049789 3.6157214045524597 1.9370254576206205 2.2456884533166876 30.327256679534912 4.5179127156734467 2.0021061003208152
leaf_count=7 17 41 16 6 56 17 69 1433 420 23 39 26 4 10 6 8 48 24 7
internal_value=0.00171764 0.00121489 0.00294944 0.00138312 -0.00502856 0.00366713 0.00162792 0.00176285 0.00324983 0.00733499 0.00232855 0.00300074 -0.00644917 -0.00850185 -0.00964342 -0.0111607 0.010204 -0.0102786 -0.0100989
internal_weight=851.383 605.194 246.189 596.051 21.7702 8.93581 574.281 567.929 240.724 44.0979 196.626 185.223 7.53725 11.4034 9.14271 12.8344 36.5607 6.35183 5.46512
internal_count=2277 1667 610 1620 88 24 1532 1502 586 91 495 446 27 49 47 64 64 30 24
is_linear=0
shrinkage=0.01


Tree=202
num_leaves=18
num_cat=0
split_feature=5 13 44 7 71 71 40 10 69 3 44 18 66 55 62 71 1
split_gain=5.21905 10.8255 6.74919 19.8573 13.44 13.3916 17.9941 12.3958 11.9074 9.1726 8.33249 14.3605 9.03119 4.21889 7.82047 11.8443 4.02409
threshold=77737.011718750015 9827119.0000000019 108370.66406250001 2.1941950321197514 25122.358398437504 71738.468750000015 0.15110459178686145 -0.00048899999819695939 95.23804092407228 -100600.99999999999 61132.066406250007 142.00000000000003 1.6205830574035647 0.88594126701354992 2.6421176195144658 56283.080078125007 831823.00000000012
decision_type=2 2 2 2 2 2 2 2 2 2 2 2 2 2 2 2 2
left_child=2 -2 5 4 -4 10 -7 8 -5 -6 12 -12 -1 14 15 -3 -8
right_child=1 13 3 7 9 6 16 -9 -10 -11 11 -13 -14 -15 -16 -17 -18
leaf_value=0.002683666747336705 -0.0076114412961638955 -0.01539136156570944 -0.016374923983826544 -0.010143898845600336 -0.008352256175153781 -0.016169319860832167 0.0092769084109985325 -0.016306297201124038 0.013934241118813062 0.0072183999498425444 -0.0078267453354492564 0.006749747552290482 0.00036138662011084906 0.015090099328744402 0.01467051101595329 0.01125278565538089 -0.0048399589943816188
leaf_weight=381.85714630782604 4.5091291218996075 3.2343507483601588 3.260454684495925 5.1147269904613513 4.3716378360986736 9.5120982378721255 5.2412484735250455 11.790797725319861 3.4279281497001648 26.002538532018661 7.4797776341438285 65.140748612582684 300.22565967589617 8.084422439336775 5.2491483688354492 3.4267335534095764 3.1828298568725586
leaf_count=957 18 15 14 22 18 42 10 52 5 54 26 141 868 10 7 6 12
internal_value=0.00170096 0.00626273 0.00156452 -0.00184531 0.00284808 0.00180398 -0.00672308 -0.00965807 -0.000364956 0.00494445 0.00200796 0.00523463 0.00166296 0.00944161 0.00552356 -0.0015344 0.00382449
internal_weight=851.111 24.5038 826.608 53.9681 33.6346 772.64 17.9362 20.3335 8.54266 30.3742 754.703 72.6205 682.083 19.9947 11.9102 6.66108 8.42408
internal_count=2277 56 2221 165 86 2056 64 79 27 72 1992 167 1825 38 28 21 22
is_linear=0
shrinkage=0.01


Tree=203
num_leaves=20
num_cat=0
split_feature=18 25 35 6 50 33 29 62 25 38 36 7 42 67 67 18 29 50 61
split_gain=5.18525 14.7103 11.1559 12.5043 11.2849 8.85042 7.85279 15.9502 14.9947 14.9177 13.587 12.0848 10.6513 18.0031 16.3447 10.3651 14.5879 10.6047 5.3891
threshold=8.5000000000000018 36.500000000000007 -2.0126076936721797 -1681011007.9999998 -0.0047052460722625247 -0.27160249650478357 2.6411490440368657 3.2989213466644292 981.00000000000011 2.4663876295089726 2.208875417709351 2.5485479831695561 0.00027699999918695545 -1.1080383658409116 -1.949435770511627 197.00000000000003 2.5544152259826665 -0.012258646078407763 91.019599914550795
decision_type=2 2 2 2 2 2 2 2 2 2 2 2 2 2 2 2 2 2 2
left_child=1 2 4 -4 -1 -5 12 9 10 11 -9 -8 15 14 -14 16 -2 -17 -11
right_child=6 -3 3 5 -6 -7 7 8 -10 18 -12 -13 13 -15 -16 17 -18 -19 -20
leaf_value=-0.016651573735051779 -0.0039586419482591263 -0.016239882934455236 -0.0078754729973751492 0.012500700136912653 0.0097201701370164661 0.00067460304481120571 -0.0021533607122464151 0.0019763612331350146 -0.014581165469001843 0.015377590040504419 -0.01300078549687388 -0.01203323574214883 -0.0040105431767780975 -0.015780311061688056 0.014650462995139056 0.0094471871555443752 0.015021270228717609 0.0028607956081842388 0
leaf_weight=3.9604154527187347 37.508608885109425 3.1085613667964926 4.3515333831310263 29.285346284508702 2.7006555497646323 8.3044480383396166 28.977113157510757 283.46353869140148 5.7925304993987075 4.3841795623302442 6.1739616990089408 22.02059717476368 16.285120218992237 8.3898821175098401 6.5789880603551891 26.49494431912899 4.526363641023635 343.8512762337923 4.8140038251876831
leaf_count=18 115 14 16 45 5 23 93 767 29 6 36 93 52 39 9 47 6 849 15
internal_value=0.0016842 0.00476186 0.00612568 0.00804503 -0.00580932 0.00991465 0.00148383 0.000373396 0.00133195 -0.00431439 0.00165365 -0.00643906 0.00237172 -0.00324189 0.00131529 0.00279959 -0.00189108 0.00333469 0.00735672
internal_weight=850.972 51.711 48.6024 41.9413 6.66107 37.5898 799.261 355.626 295.43 60.1959 289.638 50.9977 443.635 31.254 22.8641 412.381 42.035 370.346 9.19818
internal_count=2277 121 107 84 23 68 2156 1039 832 207 803 186 1117 100 61 1017 121 896 21
is_linear=0
shrinkage=0.01


Tree=204
num_leaves=19
num_cat=0
split_feature=54 72 13 40 35 7 72 43 10 51 41 41 70 44 5 72 36 7
split_gain=5.17331 7.33073 9.86343 14.6201 27.4698 12.3704 10.0512 20.9929 17.756 9.69585 6.07539 9.79077 10.1625 7.65505 7.63977 3.00395 4.94588 1.88273
threshold=4.3018939495086679 -2632169.8749999995 13879009.500000002 0.52563524246215831 -1.7561847567558286 3.1485526561737065 -922025.21874999988 23766.849609375004 0.00038450000283773994 -0.0098401666618883592 1.2437162995338442 0.64479124546051036 28924.002929687504 872.70001220703136 6794.8999023437509 -1295009.1874999998 0.39846782386302954 1.6797711253166201
decision_type=2 2 2 2 2 2 2 2 2 2 2 2 2 2 2 2 2 2
left_child=1 9 6 5 -5 -4 8 -8 -3 -1 11 12 13 -2 -14 17 -17 -12
right_child=10 2 3 4 -6 -7 7 -9 -10 -11 15 -13 14 -15 -16 16 -18 -19
leaf_value=0.0079299334199458924 -0.00091502478635019054 0.00067332840277671243 -0.00017174984749677308 -0.014874834115211151 0.0091265400634370081 0.0089733697438833075 0.0044185033632665668 -0.0031027041656566806 -0.0062548509402464937 -0.015121248852187583 0.0068910730934318024 -0.011013362502742135 -0.017071556199232202 0.0076509855061640689 0.004517206128930841 -0.0023912644183071066 0.011369886044054452 0.014590495148313667
leaf_weight=2.5995141863822937 14.654310353100298 333.51300985366106 90.620434738695621 5.1376890540122977 61.782380357384682 17.631669417023659 158.09899412840605 48.3331343755126 41.6018405854702 5.7988686263561231 6.4475143253803271 5.0405123084783545 3.9088846445083609 34.593882471323013 2.7209978103637695 5.5003160834312421 4.8226938992738724 7.9129790067672729
leaf_count=5 46 944 257 25 119 36 370 150 150 27 12 19 17 63 6 15 7 9
internal_value=0.00166782 0.00140497 0.00150919 0.00359126 0.00726893 0.00130853 0.000880321 0.00265268 -9.23705e-05 -0.00786725 0.00400552 0.00228692 0.00350457 0.00508178 -0.00806039 0.00820651 0.00394079 0.0112033
internal_weight=850.72 765.118 756.719 175.172 66.9201 108.252 581.547 206.432 375.115 8.39838 85.6021 60.9186 55.8781 49.2482 6.62988 24.6835 10.323 14.3605
internal_count=2277 2083 2051 437 144 293 1614 520 1094 32 194 151 132 109 23 43 22 21
is_linear=0
shrinkage=0.01


Tree=205
num_leaves=15
num_cat=0
split_feature=52 11 38 47 18 28 40 40 49 38 11 24 68 14
split_gain=5.12587 11.9901 9.13093 8.3378 8.11974 7.3576 16.386 17.4026 14.8507 9.90984 8.83564 5.52414 13.2782 2.27601
threshold=0.051259016618132598 82.049999237060561 0.73979005217552196 0.82425671815872203 1214.0000000000002 718.00000000000011 1.1927489042282107 2.3102281093597417 -0.42740254104137415 2.6015568971633916 76.384998321533217 7.5000000000000009 69.867019653320327 5.1707501411437997
decision_type=2 2 2 2 2 2 2 2 2 2 2 2 2 2
left_child=1 5 4 -3 -2 9 8 -8 -7 10 -1 12 -4 -13
right_child=2 3 11 -5 -6 6 7 -9 -10 -11 -12 13 -14 -15
leaf_value=0.0020977736667122881 -0.01583006984286105 -0.014570169636500065 0.012208764056019727 0.0045798554458387633 0.0067809334394696146 0.0018699185130811936 0.0095160437184006099 -0.013627135368878893 -0.0065242951560202109 0.014388193602567538 -0.0049327501301316776 0.0090270000333058948 -0.014102991452113902 0.017687940061906583
leaf_weight=674.96898946911097 3.2273645699024227 7.6890550404787046 5.1054387837648409 3.130242332816124 3.0557014346122742 37.148402191698551 22.518894858658317 3.7655049189925185 48.280568651854992 6.4509602487087241 18.280367568135262 7.9405110478401166 3.055028036236763 5.8668031096458435
leaf_count=1738 14 39 9 8 7 104 46 20 184 9 61 17 15 6
internal_value=0.0016516 0.00150606 0.00585214 -0.00893725 -0.00467429 0.00164654 -0.000730033 0.0061625 -0.0028624 0.00202741 0.00191094 0.00890835 0.00223591 0.0127795
internal_weight=850.484 822.233 28.2508 10.8193 6.28307 811.414 111.713 26.2844 85.429 699.7 693.249 21.9678 8.16047 13.8073
internal_count=2277 2209 68 47 21 2162 354 66 288 1808 1799 47 24 23
is_linear=0
shrinkage=0.01


Tree=206
num_leaves=18
num_cat=0
split_feature=5 13 2 61 68 44 18 2 35 29 64 40 53 55 30 71 61
split_gain=5.15744 10.5643 6.59941 14.2087 7.38774 10.5412 6.71877 14.6456 11.9477 9.26588 16.4193 10.5982 4.3206 4.13417 8.70421 10.9527 3.80989
threshold=77737.011718750015 9827119.0000000019 1632795.5000000002 76.815879821777358 29.999981880187992 40946.541015625007 8.5000000000000018 62467.000000000007 -2.0126076936721797 2.6411490440368657 3.0442101955413823 1.2935948371887209 0.37861399352550512 0.88594126701354992 2.8518328666687016 56283.080078125007 105.601619720459
decision_type=2 2 2 2 2 2 2 2 2 2 2 2 2 2 2 2 2
left_child=2 -2 6 4 5 -4 7 16 -9 11 -11 -8 -6 14 15 -3 -1
right_child=1 13 3 -5 12 -7 9 8 -10 10 -12 -13 -14 -15 -16 -17 -18
leaf_value=-0.017284784023822507 -0.0075442291251079955 -0.015316358992414359 -0.0067701085675136779 -0.013666805034230543 -0.015004262952051255 0.013398128581030436 0.0017030297163164584 -0.0054868343861833192 0.0092263956228857118 -0.0062589412626006483 0.000947019434096964 0.0059983929739373101 0.0031797983153002301 0.014930235691815643 0.015445452310115064 0.010005169462173702 0
leaf_weight=3.1660698354244223 4.4959495067596462 3.219250716269018 3.8694701343774849 8.9436361864209157 3.2456653118133536 7.5597393363714218 342.78019028156996 6.3569136261939994 38.362105578184128 35.3009944409132 302.60875480622053 69.386702038347721 2.0572432577610016 8.0519396513700467 5.0290220230817795 3.6131897866725922 2.299579069018364
leaf_count=13 18 15 15 49 15 11 870 21 72 130 861 150 7 10 6 7 7
internal_value=0.00163536 0.00617869 0.00149988 -0.00347793 0.00190845 0.00648248 0.00166083 0.00521072 0.00711251 0.00142199 0.000191263 0.00242856 -0.00776125 0.0093272 0.00543937 -0.00177925 -0.0101665
internal_weight=850.346 24.4094 825.937 25.6758 16.7321 11.4292 800.261 50.1847 44.719 750.077 337.91 412.167 5.30291 19.9134 11.8615 6.83244 5.46565
internal_count=2277 56 2221 97 48 26 2124 113 93 2011 991 1020 22 38 28 22 20
is_linear=0
shrinkage=0.01


Tree=207
num_leaves=21
num_cat=0
split_feature=30 43 10 11 10 54 66 66 52 45 1 69 18 43 67 4 50 2 36 52
split_gain=5.09824 15.5712 14.383 11.8469 10.8605 10.9361 6.24933 7.92825 14.6001 14.9475 14.339 11.1219 6.74894 6.38007 5.67504 5.06918 4.89584 4.24693 2.88164 1.35601
threshold=7.903783082962037 1.0000000180025095e-35 0.00094850000459700834 73.104999542236342 -0.00059551000595092763 -1.0462648868560789 4.1582024097442636 1.6205830574035647 0.019497352652251724 -0.48742960393428797 40905.000000000007 78.17029190063478 785.50000000000011 13516.740722656252 1.0381037592887881 372.98999023437506 0.0074953758157789716 1134139.0000000002 1.8138847947120669 0.014564037322998049
decision_type=2 2 2 2 2 2 2 2 2 2 2 2 2 2 2 2 2 2 2 2
left_child=6 2 17 4 14 -6 7 8 9 -1 18 -12 -8 15 -3 -14 -10 -2 -9 -15
right_child=1 3 -4 -5 5 -7 12 10 16 -11 11 -13 13 19 -16 -17 -18 -19 -20 -21
leaf_value=0.0061212747628100576 -0.014135487625955671 0.00039916426070586898 0.0046577387143094534 -0.013766063167697662 0.010451092399935549 -0.0051749355259782083 -0.0066111476167302289 -0.015413901200949825 0.012192067574859257 0.0011372536592192505 -0.0058006239307927645 0.0013699316327004947 -0.0043285305004944815 0.015230556968844273 0.01438672739513408 0.01081016621454209 0.0022617900311206122 0.00087661537171158336 -0.0013683341898878757 0.0089186240533719215
leaf_weight=74.63139446079731 15.246303170919424 4.0707124024629584 6.9066382795572272 3.907771795988082 6.5467247515916815 14.162367448210718 3.4084164202213314 6.5905353575944883 20.209660425782207 315.17386436462402 23.224564522504807 308.20348488539457 5.6180604994297045 7.8146873712539699 11.562454372644423 3.6117559373378754 6.9310678839683524 2.0086213499307624 2.0840146169066429 8.2248455733060819
leaf_count=158 77 12 18 20 12 52 13 31 31 830 81 840 20 9 18 6 17 7 7 18
internal_value=0.00161939 -0.00107553 -0.00743262 0.00271571 0.00451546 -0.000186822 0.00184158 0.00166622 0.00259109 0.00209405 0.000529438 0.000864443 0.00643595 0.00823536 0.0108085 0.00148711 0.00969297 -0.01233 -0.0121548 0.0120562
internal_weight=850.138 64.4116 24.1616 40.25 36.3423 20.7091 785.726 757.049 416.946 389.805 340.103 331.428 28.6778 25.2693 15.6332 9.22982 27.1407 17.2549 8.67455 16.0395
internal_count=2277 216 102 114 94 64 2061 1995 1036 988 959 921 66 53 30 26 48 84 38 27
is_linear=0
shrinkage=0.01


Tree=208
num_leaves=26
num_cat=0
split_feature=54 61 21 21 35 28 40 60 61 2 1 40 47 40 69 36 35 35 36 38 40 5 3 36 52
split_gain=5.08778 14.4841 13.1013 15.5754 13.4626 11.6459 13.1953 15.5215 10.3519 16.8053 15.7265 9.5906 8.71936 10.2877 9.14439 15.3967 15.6134 13.7857 12.4818 16.3999 10.005 7.82735 7.71901 6.01844 10.1238
threshold=0.29366892576217657 190.20009613037112 -1243.4999999999998 -6747.9999999999991 2.2228094339370732 467.90625000000006 -2.2749358415603633 0.0088798161596059817 88.404224395751967 62467.000000000007 411186.00000000006 -1.0572786331176756 0.86615434288978588 1.8358138799667361 3.5195523500442509 -1.7276441454887388 -1.7194636464118955 -2.0126076936721797 -1.0471716523170469 -0.48091723024845118 -1.172073185443878 4517.4699707031259 64807.500000000007 -0.97306710481643666 -0.0093183903954923136
decision_type=2 2 2 2 2 2 2 2 2 2 2 2 2 2 2 2 2 2 2 2 2 2 2 2 2
left_child=1 5 3 4 -3 8 22 -8 9 -1 -10 -5 14 23 18 16 -16 -17 20 -20 -2 -4 -7 -14 -25
right_child=12 2 21 11 -6 6 7 -9 10 -11 -12 -13 13 -15 15 17 -18 -19 19 -21 -22 -23 -24 24 -26
leaf_value=-0.016908195737431318 -0.0011210959027387042 -0.015629535635141415 -0.015184101786478365 -0.0090768436136978246 0.0086500404066314502 -0.00041388889926126247 -0.007350578412307655 0.0035027108937034398 0.0053659449876976052 0.00071866594562435319 -0.00061488622818582021 0.0072912192997518646 -0.01552544860598472 0.0086636209410018185 -0.00023955847601540378 -0.0087285090040364315 -0.016574155007093649 0.0031417158428792701 -0.017409664558194388 0.0046474291356214522 0.011225068160584021 0 0.01650349470669828 0.0099563670101509415 -0.010590735708241606
leaf_weight=5.7376855760812751 7.7969337701797476 9.334815561771391 12.7972584143281 4.3606247901916531 2.9657848030328742 5.1438984125852567 41.624195471405983 19.138083331286907 149.8188104480505 93.777899488806725 61.821618944406509 19.045631155371666 6.1510523408651396 4.9929159432649604 20.970669299364094 10.082948088645933 8.1865634471178037 290.68516815453768 4.4615730643272427 13.738852322101591 37.160867884755135 4.4975924193859091 5.4219962954521179 3.7980481088161504 6.4050575941801036
leaf_count=25 21 42 60 15 7 16 165 56 345 252 178 39 28 9 62 40 36 719 19 30 59 13 7 8 26
internal_value=0.00160365 0.000845326 -0.00404866 -0.000558983 -0.00969422 0.00152611 -0.002111 -0.0039157 0.00236308 -0.000287582 0.00361418 0.0041991 0.00239808 -0.00380664 0.00273759 0.00206572 -0.00486017 0.00274045 0.00623146 -0.000704607 0.00906166 -0.0111956 0.00817279 -0.00767495 -0.00284418
internal_weight=849.917 435.486 53.0017 35.7069 12.3006 382.484 71.3282 60.7623 311.156 99.5156 211.64 23.4063 414.431 21.3471 393.084 329.925 29.1572 300.768 63.1582 18.2004 44.9578 17.2949 10.5659 16.3542 10.2031
internal_count=2277 1220 176 103 49 1044 244 221 800 277 523 54 1057 71 986 857 98 759 129 49 80 73 23 62 34
is_linear=0
shrinkage=0.01


Tree=209
num_leaves=18
num_cat=0
split_feature=5 13 2 61 68 18 2 35 29 72 24 39 53 55 30 71 61
split_gain=5.05344 10.3295 6.4498 13.9736 7.25986 6.59068 14.2841 11.6824 9.03211 16.303 12.1266 5.03206 4.24333 4.06188 8.54189 10.7365 3.70428
threshold=77737.011718750015 9827119.0000000019 1632795.5000000002 76.815879821777358 29.999981880187992 8.5000000000000018 62467.000000000007 -2.0126076936721797 2.6411490440368657 -849378.96874999988 2.5000000000000004 1.9365942478179934 0.37861399352550512 0.88594126701354992 2.8518328666687016 56283.080078125007 105.601619720459
decision_type=2 2 2 2 2 2 2 2 2 2 2 2 2 2 2 2 2
left_child=2 -2 5 4 11 6 16 -8 10 -10 -7 -4 -6 14 15 -3 -1
right_child=1 13 3 -5 12 8 7 -9 9 -11 -12 -13 -14 -15 -16 -17 -18
leaf_value=-0.017109158645432436 -0.0074886054223139847 -0.015244576599851956 -0.0011243235029614058 -0.013619959647581253 -0.014937398389246523 -0.003975755390564828 -0.0054563394213583416 0.0091015538956514767 -0.00056816780205822676 0.00675381551620826 0.0028352337561623787 0.012138683100225485 0.0030847523190402682 0.01478203954542978 0.01528665133244205 0.0098639043910960789 0
leaf_weight=3.1552874147891989 4.4857708066701916 3.2054846584796923 4.8534247130155617 8.8867598697543126 3.2313381582498542 27.933147117495537 6.3483760654926291 38.316556498408318 303.96329445391893 33.782588832080364 383.88889359682798 6.5475613921880722 2.0606891065835953 8.0165710449218732 5.0112089365720749 3.6063686013221741 2.2985292673110962
leaf_count=13 18 15 16 49 15 85 21 72 918 73 935 10 7 10 6 7 7
internal_value=0.00158816 0.00609323 0.00145416 -0.00347644 0.00186371 0.00161312 0.00513129 0.00701 0.00137655 0.000161243 0.00237083 0.00640488 -0.0077307 0.00921451 0.00535489 -0.0018047 -0.0100714
internal_weight=849.592 24.3254 825.266 25.5798 16.693 799.687 50.1187 44.6649 749.568 337.746 411.822 11.401 5.29203 19.8396 11.8231 6.81185 5.45382
internal_count=2277 56 2221 97 48 2124 113 93 2011 991 1020 26 22 38 28 22 20
is_linear=0
shrinkage=0.01


Tree=210
num_leaves=19
num_cat=0
split_feature=5 13 44 43 61 71 40 55 14 44 18 66 14 50 55 30 50 37
split_gain=4.97382 10.1535 6.45876 19.0866 20.1794 13.0382 17.5343 12.3293 13.4483 8.13822 13.9996 8.57349 6.99698 5.34235 3.99266 8.39466 10.6906 3.41641
threshold=77737.011718750015 9827119.0000000019 108370.66406250001 107173.62890625001 61.01323318481446 71738.468750000015 0.15110459178686145 -0.062848556786775575 1.4617500305175783 61132.066406250007 142.00000000000003 1.6205830574035647 1.2537500262260439 0.0034269909374415879 0.88594126701354992 2.8518328666687016 -0.0096525889821350557 -1.0000000180025095e-35
decision_type=2 2 2 2 2 2 2 2 2 2 2 2 2 2 2 2 2 2
left_child=2 -2 5 4 -4 9 -7 8 -5 11 -11 -1 -6 -9 15 16 -3 -8
right_child=1 14 3 7 12 6 17 13 -10 10 -12 -13 -14 -15 -16 -17 -18 -19
leaf_value=0.0025296215541716276 -0.0074272387167066689 0.010146620992710707 0.010006267692539303 0.0086741931189477858 -0.001867217639570017 -0.016099159095332726 -0.001752664810302251 0.012145885801246316 -0.01607875553415887 -0.0078367136510456292 0.0065644582216068661 0.00026525324225609714 -0.016023473149064636 0.0013111497111243332 0.014677487116053954 0.015175092214805581 -0.014914488370840787 0.010964500057331674
leaf_weight=381.1768547296524 4.4776465445756939 3.5178267061710393 4.7871163636446026 3.6401603966951388 4.7313847094774273 9.4762052148580569 4.7476354241371155 12.224418953061106 5.404373362660408 7.4712844043970099 65.028257496654987 299.78585217148066 15.382877662777899 7.6027251109480849 7.9930566996335974 4.9976360350847244 3.2757061570882779 3.659034311771391
leaf_count=957 18 6 8 7 15 42 15 21 24 26 141 868 69 21 10 6 16 7
internal_value=0.00157263 0.00604816 0.00143982 -0.00190236 -0.00832968 0.00167411 -0.00675286 0.00360646 -0.00600585 0.00187545 0.00506658 0.00153423 -0.0127433 0.00804174 0.00914851 0.00531569 -0.00179015 0.00366358
internal_weight=849.38 24.2619 825.118 53.7731 24.9014 771.345 17.8829 28.8717 9.04453 753.462 72.4995 680.963 20.1143 19.8271 19.7842 11.7912 6.79353 8.40667
internal_count=2277 56 2221 165 92 2056 64 73 31 1992 167 1825 84 42 38 28 22 22
is_linear=0
shrinkage=0.01


Tree=211
num_leaves=20
num_cat=0
split_feature=65 24 31 11 53 61 71 46 39 36 44 61 71 41 11 33 43 37 1
split_gain=5.01557 11.5287 10.6863 8.35796 11.5216 10.5239 11.3727 7.77328 7.46529 21.7297 10.8286 8.04257 15.8068 13.344 7.31102 6.50955 4.70674 6.76859 2.69268
threshold=2.4288747310638432 9.5000000000000018 -2.1764037609100337 76.384998321533217 0.34048853814601904 176.16315460205081 44049.130859375007 -0.74166530370712269 -1.2180095911025999 -1.1751225590705869 69952.964843750015 170.82778930664065 2708.678344726563 -1.2718201279640196 36.204999923706062 -0.42461101710796351 28352.424804687504 1.0869663357734682 354739.50000000006
decision_type=2 2 2 2 2 2 2 2 2 2 2 2 2 2 2 2 2 2 2
left_child=3 2 -2 8 7 6 -6 -5 9 14 -11 13 -13 -10 -1 -3 18 -18 -17
right_child=1 15 -4 4 5 -7 -8 -9 11 10 -12 12 -14 -15 -16 16 17 -19 -20
leaf_value=0.00035404084449212235 -0.014964226301822934 -0.0029164011783524937 0.0064310994982291585 0.0016892043298097829 -0.0089383561032242327 0.012223391011471288 0.0093068404664798151 -0.014890050749734304 0.0057195987233249704 -0.0094210872989906637 0.0072882315542616375 -0.015945502890217428 0.00045461430045296578 0.0016865854718478735 0.013629554231435423 0.014718492228605544 0.011146847243308871 -0.0072829347489515228 0.0073763594326318295
leaf_weight=8.5809778571128863 5.0170334577560425 5.0251209735870352 4.2895312681794149 3.7534528523683539 10.795474007725717 6.2070950493216506 4.9575296342372885 10.315483406186102 99.721506208181381 27.421887136995796 4.4487233459949485 6.1290490478277198 141.89039078354836 472.20786026865244 8.3303863257169706 12.662516877055173 4.26566557586193 3.687634214758873 9.4921593070030195
leaf_count=25 24 16 10 10 44 11 9 49 229 117 10 27 373 1253 12 16 7 15 20
internal_value=0.00155725 0.00483662 -0.00499536 0.00137492 -0.00332345 0.00116197 -0.00313304 -0.0103958 0.00159642 -0.00217997 -0.00705731 0.00185369 -0.00021771 0.00239153 0.00695257 0.00746952 0.00923618 0.00247594 0.0116179
internal_weight=849.199 44.4397 9.30656 804.76 36.029 21.9601 15.753 14.0689 768.731 48.782 31.8706 719.949 148.019 571.929 16.9114 35.1331 30.108 7.9533 22.1547
internal_count=2277 108 34 2169 123 64 53 59 2046 164 127 1882 400 1482 37 74 58 22 36
is_linear=0
shrinkage=0.01


Tree=212
num_leaves=16
num_cat=0
split_feature=52 11 46 38 18 28 40 40 43 58 39 1 35 71 68
split_gain=4.98517 11.4019 9.93093 8.80649 7.90652 7.09153 15.9251 16.9655 13.453 10.5613 13.8701 10.6463 3.95493 3.41198 3.66108
threshold=0.051259016618132598 82.049999237060561 -0.82279786467552174 0.73979005217552196 1214.0000000000002 718.00000000000011 1.1927489042282107 2.3102281093597417 13516.740722656252 16608.000000000004 -0.10890034213662146 786095.50000000012 1.5588663816452029 12507.654785156252 80.000007629394545
decision_type=2 2 2 2 2 2 2 2 2 2 2 2 2 2 2
left_child=1 5 -3 4 -2 9 8 -8 -7 11 -11 -1 13 -5 -15
right_child=3 2 -4 12 -6 6 7 -9 -10 10 -12 -13 -14 14 -16
leaf_value=0.0034417288875298142 -0.015713427081484585 0.007511390142776333 -0.014461528153712667 0.015352482895877453 0.0066306272114355037 -0.0069906707202426668 0.0093143771946900683 -0.013592297217175512 0.00094068851576217729 -0.0024320858875795334 0.0021317670844392821 -0.0020639017501520936 0 0 0.012713364808993419
leaf_weight=375.96614234894514 3.2096393704414394 2.7003417611122122 8.0195009335875493 8.677335545420652 3.0529404282569885 41.456864424049854 22.466814897954468 3.7455143034458152 43.77874980121851 106.34618845582008 177.84437558054924 38.506475269794464 4.3321646600961676 4.4600665569305402 4.4177714288234711
leaf_count=907 14 6 41 12 7 159 46 20 129 326 449 126 14 14 7
internal_value=0.00154212 0.0013986 -0.00883324 0.00569161 -0.00466126 0.00153523 -0.000801046 0.00600306 -0.00290523 0.00190933 0.000420421 0.00292782 0.00869955 0.0108114 0.00626031
internal_weight=848.981 820.831 10.7198 28.1499 6.26258 810.111 111.448 26.2123 85.2356 698.663 284.191 414.473 21.8873 17.5552 8.87784
internal_count=2277 2209 47 68 21 2162 354 66 288 1808 775 1033 47 33 21
is_linear=0
shrinkage=0.01


Tree=213
num_leaves=21
num_cat=0
split_feature=65 24 31 11 72 13 68 37 41 48 42 33 24 42 33 43 37 18 1 28
split_gain=4.94986 11.2861 10.5096 8.15498 11.3409 11.7102 11.7092 16.4028 7.29153 11.4301 16.2643 10.8841 10.5534 8.88215 6.40764 4.60122 6.63424 2.94702 2.66608 2.61905
threshold=2.4288747310638432 9.5000000000000018 -2.1764037609100337 76.384998321533217 -2171841.7499999995 17214831.000000004 99.999996185302749 2.565693855285645 -1.3608862757682798 1.0561498403549197 -0.00053650001063942898 -1.4794612526893614 5.5000000000000009 -0.0003295000060461461 -0.42461101710796351 28352.424804687504 1.0869663357734682 5712.0000000000009 354739.50000000006 467.90625000000006
decision_type=2 2 2 2 2 2 2 2 2 2 2 2 2 2 2 2 2 2 2 2
left_child=3 2 -2 8 5 -5 7 -6 9 10 -1 17 -13 -11 -3 18 -17 -10 -16 -7
right_child=1 14 -4 4 6 19 -8 -9 11 13 -12 12 -14 -15 15 16 -18 -19 -20 -21
leaf_value=0.0063442456459443675 -0.014887501526864974 -0.0029150767952120312 0.0063652771409395091 0.012818343443790051 -0.015265081841889882 -0.014509887295797504 0.0085114468773118089 0.005889326220077604 -0.01512314425999628 0.00097232260580384282 -0.0011464369207049472 0.0030694990442367703 0.00032350398271605084 0.015573813812352373 0.014609039205570525 0.011051361551131882 -0.0072177398642885209 -0.00054636987006897921 0.0072933426910793452 0.00015824668769191092
leaf_weight=56.109515711665154 4.9861576706171036 5.0149492025375357 4.2851718217134458 7.1121655702590925 15.580038726329809 2.4943031966686249 3.8942721784114829 4.7143514901399604 5.1599337607622138 6.364257916808131 59.586073815822601 212.14733528345823 414.18104398995638 12.950727522373198 12.60327079892159 4.2570974975824347 3.675912082195282 2.0955664217472076 9.4816718399524671 2.1202847957611084
leaf_count=125 24 16 10 11 73 12 8 11 25 18 171 529 1154 17 16 7 15 7 20 8
internal_value=0.001527 0.00478996 -0.00495669 0.00134607 -0.0033025 0.00471654 -0.0072315 -0.0103017 0.00156459 0.00367779 0.00247772 0.00111271 0.00125521 0.0108144 0.00739792 0.00915418 0.00245997 -0.0110508 0.0115135 -0.00755355
internal_weight=848.814 44.3042 9.27133 804.51 35.9154 11.7268 24.1887 20.2944 768.594 135.011 115.696 633.584 626.328 19.315 35.0329 30.018 7.93301 7.2555 22.0849 4.61459
internal_count=2277 108 34 2169 123 31 92 84 2046 331 296 1715 1683 35 74 58 22 32 36 20
is_linear=0
shrinkage=0.01


Tree=214
num_leaves=21
num_cat=0
split_feature=30 43 39 44 46 49 36 66 37 66 27 45 1 10 31 3 43 53 36 10
split_gain=4.94808 15.2605 16.9674 13.0607 8.94002 16.9519 6.41831 6.10656 8.91279 7.5695 14.3016 22.5185 13.9881 10.6319 8.69583 4.70369 7.71982 4.49365 2.85854 1.78698
threshold=7.903783082962037 1.0000000180025095e-35 1.9365942478179934 40946.541015625007 -0.2847332209348678 1.4960030913352969 -0.43795168399810785 4.1582024097442636 2.0439738035202031 1.6205830574035647 -177343.99999999997 1.9361035227775576 40905.000000000007 -0.0011035000206902621 9.1370396614074725 12144.500000000002 25441.669921875004 1.2873666882514956 1.8138847947120669 -0.00028350000502541656
decision_type=2 2 2 2 2 2 2 2 2 2 2 2 2 2 2 2 2 2 2 2
left_child=7 2 17 4 6 -6 -3 9 15 10 11 -1 18 -14 -12 16 -9 -2 -11 -17
right_child=1 3 -4 -5 5 -7 -8 8 -10 12 14 -13 13 -15 -16 19 -18 -19 -20 -21
leaf_value=0.0013606263311230638 -0.013983577361760256 0.0011050130450045625 0.0072983640614779277 -0.01456103867173276 -0.010600888407088839 0.012927975615264993 0.012254135433001278 -0.0073212975109047266 -0.0072303437428812801 -0.015358681232293168 0.0049999305970662954 -0.015264439856209618 -0.0067178227131993963 0.0012085226832160964 -0.0035657799286743798 0.0085343687142570169 0.010837118274217288 0.0012644548825347327 -0.0013468780022311269 0.015946510490631262
leaf_weight=213.34789559990168 16.20752518624068 8.2683024853467924 5.8296025097370139 3.9653345942497245 8.4107393473386747 4.7970906496047965 14.736076943576338 4.0531058982014709 4.0888748764991751 6.5646962448954564 182.00741352140903 8.4650805294513685 17.861661605536938 313.0997292175889 12.538761049509047 7.6925411820411682 5.4413748979568481 2.0597089976072303 2.0785631239414215 7.1070426702499372
leaf_count=564 83 23 13 19 38 8 26 16 17 31 395 39 75 846 38 15 10 6 7 8
internal_value=0.00151212 -0.00114599 -0.00744862 0.00260918 0.00451698 -0.00197948 0.00829035 0.00173121 0.00629654 0.00155848 0.00246274 0.000721653 0.000446908 0.000777724 0.00444272 0.00861438 0.00298013 -0.0122096 -0.0121048 0.0121614
internal_weight=848.621 64.2744 24.0968 40.1775 36.2122 13.2078 23.0044 784.347 28.3829 755.964 416.359 221.813 339.605 330.961 194.546 24.2941 9.49448 18.2672 8.64326 14.7996
internal_count=2277 216 102 114 95 46 49 2061 66 1995 1036 603 959 921 433 49 26 89 38 23
is_linear=0
shrinkage=0.01


Tree=215
num_leaves=29
num_cat=0
split_feature=54 21 53 49 22 14 53 58 14 53 18 4 39 50 69 5 39 5 41 36 36 70 59 34 60 57 27 36
split_gain=4.91253 12.615 13.7953 17.6858 23.5207 18.4529 17.5137 17.4728 12.8212 10.1649 12.5302 11.1295 9.35908 9.17865 16.3114 14.7115 13.7773 11.7351 13.971 13.2349 10.6775 10.3309 12.7246 9.52941 9.37189 17.7297 9.66946 6.18091
threshold=0.29366892576217657 -8641.9999999999982 -0.12685070186853406 -0.40028737485408777 278.70500183105474 2.2147500514984135 0.091117430478334441 270540.50000000006 3.4250000715255742 -0.13869924098253247 43070.000000000007 869.85000610351574 -0.81131845712661732 0.0034269909374415879 3.5195523500442509 10279.909667968752 2.9411003589630131 4184.9299316406259 -1.3608862757682798 -1.422640800476074 -1.3572963476181028 22836.087890625004 0.88380569219589245 0.82659780979156505 1.0000000180025095e-35 1.4248403310775759 305312.00000000006 -1.0471716523170469
decision_type=2 2 2 2 2 2 2 2 2 2 2 2 2 2 2 2 2 2 2 2 2 2 2 2 2 2 2 2
left_child=1 8 3 4 -3 -5 12 -8 9 11 -11 -1 -4 14 21 16 -16 24 23 -20 -17 27 -23 -19 26 -26 -15 -2
right_child=13 2 6 5 -6 -7 7 -9 -10 10 -12 -13 -14 17 15 20 -18 18 19 -21 -22 22 -24 -25 25 -27 -28 -29
leaf_value=0.0061934929867442576 0.012268580052699063 7.4132335556064151e-05 -0.0030115883883173023 0.0079058690820354247 -0.012352440008831534 -0.0016859943691645569 -0.00016567906269559078 0.010983822696961677 0.01275520158777586 -0.01393655033422655 0.0087636327617672954 -0.015578685395568214 0.007714155413329522 0.0056526449530915068 -0.0011270910914080927 -0.0060031347773961243 -0.016608080685521661 -0.0022886596301235286 0.0092063314247515359 -0.012056567036738701 0.0083445646039497865 0.006866457171692957 -0.0052171014705233321 0.012338919061612821 -0.0034461347261162682 0.012140749519056431 0.013977694189518351 0.0021169541031968646
leaf_weight=8.9807253777980787 22.715354517102245 35.521099507808685 9.0192325264215452 31.38717120885849 26.459800586104393 55.263792537152767 152.13033109903336 15.469654172658919 3.6989227384328833 18.527002751827244 2.7426474690437308 3.1753539741039267 72.553076028823853 73.003702521324158 147.12697300314903 6.3366613388061515 5.9981158375740042 8.4819590300321597 3.6887349188327816 13.441033601760862 27.006328716874123 20.072035104036331 15.332612812519072 9.1616747528314573 24.584649503231049 10.359017118811606 17.569938361644745 8.49433985352516
leaf_count=20 34 99 31 59 107 178 443 28 6 81 6 14 148 155 433 22 26 25 7 55 53 40 48 14 83 17 25 20
internal_value=0.00149754 0.000752217 0.00127448 -0.00113193 -0.00521467 0.00177688 0.00271392 0.000857465 -0.00481707 -0.00679156 -0.0109624 0.000424003 0.00651598 0.00227932 0.00108808 -0.000424343 -0.00174003 0.00415392 -0.000962234 -0.00741942 0.00558787 0.00533668 0.00160521 0.00525021 0.00557927 0.00114596 0.00727862 0.00953765
internal_weight=848.302 434.929 397.804 148.632 61.9809 86.651 249.172 167.6 37.1247 33.4257 21.2697 12.1561 81.5723 413.373 253.082 186.468 153.125 160.291 34.7734 17.1298 33.343 66.6143 35.4046 17.6436 125.517 34.9437 90.5736 31.2097
internal_count=2277 1220 1093 443 206 237 650 471 127 121 87 34 179 1057 676 534 459 381 101 62 75 142 88 39 280 100 180 54
is_linear=0
shrinkage=0.01


Tree=216
num_leaves=27
num_cat=0
split_feature=13 40 7 41 11 35 20 11 30 40 53 7 45 28 66 34 2 36 66 2 11 11 11 41 41 59
split_gain=4.85682 16.6526 14.4063 12.1616 11.9118 11.5694 11.9478 12.5117 10.8297 9.86595 25.8369 19.0574 16.3504 11.5381 14.4334 21.43 20.0974 11.5175 12.3617 10.8868 13.4422 7.67993 6.2098 5.15573 3.51006 1.81264
threshold=13879009.500000002 0.45789420604705816 3.1485526561737065 -2.2501538991928096 66.430000305175795 -1.8775413036346433 32237.370117187504 28.530000686645511 6.7680635452270517 0.45789420604705816 -0.40893051028251642 1.4071404933929446 -0.5279431641101836 817.25000000000011 2.4474244117736821 1.3242776989936831 587614.00000000012 1.5655912160873415 2.8861234188079838 704026.00000000012 38.23500061035157 71.445003509521499 69.954998016357436 2.5977046489715581 1.1777245998382571 0.9153926968574525
decision_type=2 2 2 2 2 2 2 2 2 2 2 2 2 2 2 2 2 2 2 2 2 2 2 2 2 2
left_child=9 2 3 21 -5 24 7 -7 25 13 19 -12 -13 17 15 -15 -16 18 -1 23 -21 -2 -19 -11 -3 -4
right_child=1 5 8 4 -6 6 -8 -9 -10 10 11 12 -14 14 16 -17 -18 22 -20 20 -22 -23 -24 -25 -26 -27
leaf_value=0.0024361905854139573 0.00053632139954376394 -0.014713782626161128 0.018340297542521408 -0.00032798794066192196 -0.0089891256808840789 -0.015215325802290776 -0.0083740878002734262 0.0089474888783738441 -0.0031206159014447901 -0.015894872358305091 -0.014783754754860653 -0.016011468099289463 0.0024253223610709554 -0.015462853724143919 0.0065381517115086019 0.0026003569214257814 -0.0092972337037694787 0.010854689239772206 -0.0040456491388336279 -0.015714927061108799 0.010830343185958012 0.015697022305806333 0 0 0.0011921635621497848 0.010070942333508809
leaf_weight=363.9499866142869 7.3910821378231031 3.1231145709753028 5.511379688978197 62.466803014278412 21.41360230743885 2.1793417036533347 4.5521778762340537 71.431501396000385 5.2900193333625785 17.059243068099029 7.4540895223617545 5.0021366924047461 118.94205239415169 15.441321425139906 26.722242116928101 11.285288311541079 11.419154658913611 22.958206921815876 31.902678340673447 3.2306848019361487 4.6580478250980377 6.3209175616502762 6.6299956738948813 2.3860538750886908 2.3018124997615814 6.8509744107723236
leaf_count=916 19 15 7 171 87 10 17 135 16 76 37 23 309 71 63 33 50 40 103 15 9 8 19 7 8 13
internal_value=0.00148333 0.00285374 0.000379832 -0.00111478 -0.00255099 0.00625263 0.00723939 0.00821853 0.00869957 0.00106197 -0.00110104 0.000731987 0.00167318 0.00176426 -0.00215628 -0.00779826 0.00177098 0.00236438 0.00191128 -0.00994922 0 0.00759799 0.00839257 -0.013969 -0.00778051 0.0138385
internal_weight=847.874 198.833 115.245 97.5924 83.8804 83.5879 78.163 73.6108 17.6524 649.041 158.732 131.398 123.944 490.309 64.868 26.7266 38.1414 425.441 395.853 27.334 7.88873 13.712 29.5882 19.4453 5.42493 12.3624
internal_count=2277 506 321 285 258 185 162 145 36 1771 476 369 332 1295 217 104 113 1078 1019 107 24 27 59 83 23 20
is_linear=0
shrinkage=0.01


Tree=217
num_leaves=24
num_cat=0
split_feature=31 41 5 61 31 35 2 35 35 65 72 8 56 59 40 61 33 0 39 61 51 53 46
split_gain=4.92124 19.2505 14.0074 17.8717 13.1127 12.981 13.7175 13.5715 12.899 11.9931 9.73528 9.01819 11.2903 8.79262 8.62142 7.25913 7.10585 12.4182 7.08236 6.39339 4.85234 4.22662 3.10894
threshold=5.6885704994201669 1.1777245998382571 12248.149902343752 176.16315460205081 4.5941741466522226 -1.3680833578109739 100335.00000000001 -2.3190871477127071 -2.459986567497253 -1.3835438489913938 -2632169.8749999995 1.879090487957001 1.6506541371345522 0.85805132985115062 -1.978571832180023 220.09100341796878 -1.1523885726928709 102468.50000000001 0.56548690795898449 101.64220428466798 -0.019920457154512402 -0.12685070186853406 0.51471158862113964
decision_type=2 2 2 2 2 2 2 2 2 2 2 2 2 2 2 2 2 2 2 2 2 2 2
left_child=4 5 3 13 8 6 20 -8 -1 22 15 16 19 -3 -12 -10 17 -6 -11 -13 -2 -18 -7
right_child=1 2 -4 -5 11 9 7 -9 10 18 14 12 -14 -15 -16 -17 21 -19 -20 -21 -22 -23 -24
leaf_value=-0.014488629674846454 0.0097202545420895774 0.015285393484191988 -0.015581484594952975 -0.0097272375500127694 -0.010287643275676167 -0.017366705419139532 0.0041355239375639504 -0.013585500051873547 -0.015612971950417324 0.0016707263468009443 0.0049137397187850361 0.0013300940228021161 0.011478960343485641 0.003491431803824344 0.0012469457160086729 0.0046276620616314459 0.01456716224953708 0.013985967192437637 0.015571386658419095 -0.016379437789515963 -0.0055640401003136655 0.0066849085400369776 -0.0013616136628788727
leaf_weight=5.0704049617052069 5.2175319641828537 15.894107222557073 2.91690669953823 5.155584141612052 4.530243635177607 3.1778271347284344 5.1010169237852088 25.618649333715442 5.6790883466601354 11.987072661519052 71.895017877221107 3.7557937353849393 4.8029886037111282 10.918110653758047 614.49962950497866 2.4796032905578613 17.600244730710983 3.9301228672266006 5.4099363237619391 4.2220298498868942 3.3650943636894208 12.095932066440588 2.1968242824077606
leaf_count=25 9 23 13 19 17 14 14 108 26 30 165 10 8 28 1664 6 24 5 7 18 11 26 7
internal_value=0.00146905 -0.000643559 0.00528794 0.00722345 0.00174329 -0.00399309 -0.00747932 -0.0106104 0.00138484 0.00197999 0.00150216 0.00664701 -0.000549699 0.0105201 0.00163247 -0.00933884 0.00908381 0.000870061 0.00605089 -0.00791681 0.00361104 0.0113902 -0.0110109
internal_weight=847.52 96.9587 34.8847 31.9678 750.561 62.074 39.3023 30.7197 699.624 22.7717 694.553 50.9374 12.7808 26.8122 686.395 8.15869 38.1565 8.46037 17.397 7.97782 8.58263 29.6962 5.37465
internal_count=2277 283 83 70 1994 200 142 122 1886 58 1861 108 36 51 1829 32 72 22 37 28 20 50 21
is_linear=0
shrinkage=0.01


Tree=218
num_leaves=17
num_cat=0
split_feature=5 13 44 72 8 67 71 54 34 44 24 18 55 30 50 65
split_gain=4.8244 9.92023 6.20011 17.4031 16.8321 13.3455 12.6031 8.00339 8.35383 7.78944 13.8028 7.7935 3.85154 8.1238 10.3674 3.8336
threshold=77737.011718750015 9827119.0000000019 108370.66406250001 -1220578.1249999998 2.1467499732971196 3.5035954713821416 71738.468750000015 -0.98482483625411976 -1.2051162123680113 61132.066406250007 4.5000000000000009 8.5000000000000018 0.88594126701354992 2.8518328666687016 -0.0096525889821350557 2.1029968261718754
decision_type=2 2 2 2 2 2 2 2 2 2 2 2 2 2 2 2
left_child=2 -2 6 4 5 -4 9 -8 -9 11 -11 -1 13 14 -3 -5
right_child=1 12 3 15 -6 -7 7 8 -10 10 -12 -13 -14 -15 -16 -17
leaf_value=0.0052463103497841839 -0.0074526507485112806 0.0099424600429684328 0.0060870465218596402 -0.01595328792082816 -0.015827860474655866 -0.0099591820429500814 0.0039826788229336101 0.0023421187265477337 -0.015720253842455189 -0.0080554616478941254 0.0063545671663987717 0.0011153696399090751 0.014413183247357334 0.014918605341898381 -0.01481149760945028 -0.0011894035283650396
leaf_weight=49.431922256946564 4.4674470871686962 3.5015771239995992 30.769042611122131 8.979524299502371 5.2033904194831839 6.1950585991144171 4.8950824961066273 3.3790917396545419 9.5136114060878718 7.3463201820850363 64.978553593158722 630.16544262319803 7.9285503327846518 4.9615132659673691 3.2506404891610128 2.3733894526958457
leaf_count=112 18 6 66 41 23 27 12 8 44 25 142 1713 10 6 16 8
internal_value=0.00145469 0.00587595 0.00132399 -0.00195887 0.000977918 0.0033707 0.00155356 -0.00675444 -0.0109087 0.00175142 0.00487706 0.00141731 0.00895833 0.00518078 -0.00182645 -0.0129549
internal_weight=847.34 24.1097 823.23 53.5204 42.1675 36.9641 769.71 17.7878 12.8927 751.922 72.3249 679.597 19.6423 11.7137 6.75222 11.3529
internal_count=2277 56 2221 165 116 93 2056 64 52 1992 167 1825 38 28 22 49
is_linear=0
shrinkage=0.01


Tree=219
num_leaves=15
num_cat=0
split_feature=52 11 46 38 36 52 70 69 67 40 28 24 68 14
split_gain=4.80256 10.8847 9.65319 8.53893 6.8814 13.4114 11.8834 8.20158 16.0368 12.9214 6.31097 5.18329 12.6156 2.19105
threshold=0.051259016618132598 82.049999237060561 -0.82279786467552174 0.73979005217552196 2.208875417709351 0.0059529012069106111 46711.125000000007 99.961925506591811 3.8699285984039311 1.3889967203140261 -22.687499999999996 7.5000000000000009 69.867019653320327 5.1707501411437997
decision_type=2 2 2 2 2 2 2 2 2 2 2 2 2 2
left_child=1 4 -3 10 7 -6 -7 8 -1 -9 -2 12 -5 -13
right_child=3 2 -4 11 5 6 -8 9 -10 -11 -12 13 -14 -15
leaf_value=0.0014697002022092968 -0.015037254736000028 0.0073538428378328137 -0.014356749339027215 0.011717987306541196 0.012030803312914872 -0.010738373106671173 0.0071457463868776104 0.0021252637624570247 -0.0051436869282959485 0.0088093986062189721 0.0049242847045719565 0.0085695997653935548 -0.0140182525866904 0.017106427617872171
leaf_weight=560.91456542164087 3.0566399991512299 2.6951124221086502 7.9173089489340764 5.0980719923973101 4.5109497159719494 17.137441463768486 4.6739535108208647 145.77639381587505 39.176693484187126 36.320701017975807 3.1855570822954205 7.8903609067201597 3.024727463722229 5.7972792983055115
leaf_count=1489 14 6 41 9 7 81 12 367 137 69 7 17 15 6
internal_value=0.00144041 0.00129948 -0.00874894 0.00551994 0.00143261 -0.00358475 -0.00686015 0.00160273 0.00103628 0.00346396 -0.00469016 0.00848794 0.00201134 0.0122584
internal_weight=847.176 819.123 10.6124 28.0526 808.511 26.3223 21.8114 782.188 600.091 182.097 6.2422 21.8104 8.1228 13.6876
internal_count=2277 2209 47 68 2162 100 93 2062 1626 436 21 47 24 23
is_linear=0
shrinkage=0.01


Tree=220
num_leaves=24
num_cat=0
split_feature=31 31 35 35 3 2 40 28 46 66 54 2 8 51 40 60 43 67 33 8 68 22 54
split_gain=4.80079 12.8274 12.6605 10.841 19.0656 18.1128 15.0254 18.651 16.2372 10.9672 23.901 11.6091 8.88012 9.85431 8.4643 12.2567 11.7756 8.17078 6.96167 12.1872 6.67032 4.19768 3.89948
threshold=5.6885704994201669 4.5941741466522226 -2.459986567497253 -1.4307114481925962 -91093.499999999985 100335.00000000001 -0.67264062166213978 -1483.8124999999998 -0.52294626832008351 -2.206928968429565 1.4068139195442202 178761.00000000003 1.879090487957001 -0.013652230147272347 -1.978571832180023 -0.004196915077045559 219117.56250000003 -2.3872019052505489 -1.1523885726928709 1.3282499909400942 30.879539489746097 5179.3950195312509 2.460651278495789
decision_type=2 2 2 2 2 2 2 2 2 2 2 2 2 2 2 2 2 2 2 2 2 2 2
left_child=1 2 -1 4 6 -6 8 -8 -2 10 -5 -11 18 20 15 -4 -16 -13 19 -3 -14 -20 -7
right_child=3 12 14 9 5 22 7 -9 -10 11 -12 17 13 -15 16 -17 -18 -19 21 -21 -22 -23 -24
leaf_value=-0.01442881260510241 -0.0090227906237836629 -0.010218916328029289 0.0097884782173121264 -0.016795289346557069 0.0041920410321664783 -0.016443859029671885 0.0073488805885108758 -0.016155201697176602 0.01276489900582712 -0.0079965478721778591 0.008602552521072393 0.016000971531364889 -0.0031701138788656213 -0.016353536305928357 0.0012971186144849934 0.0013392183564637453 -0.0076921166433355642 0.0028039612791500167 0.013350328073328168 0.013860194099330488 0.013365858419367478 0.004225893883367692 -0.0013431873967667885
leaf_weight=5.0414764136075965 4.4466613680124309 4.5264980345964378 28.654085204005241 6.9813435226678831 6.6794699728488949 16.89894296228886 5.7765161544084531 7.994507685303688 14.242184549570082 3.9060661345720318 7.8494512587785721 11.933366507291796 5.2968306690454465 3.047497257590293 607.0242065936327 43.660787746310234 14.902963288128374 8.0702763497829419 22.738399893045433 3.9135651141405106 4.4152139127254486 6.9309600889682761 2.0649583935737601
leaf_count=25 17 17 50 31 15 74 12 37 27 14 15 15 17 13 1637 117 57 19 33 5 6 17 7
internal_value=0.00142635 0.00169723 0.00134274 -0.000661574 -0.00340222 -0.00985272 0.00166288 -0.00622335 0.00752742 0.00342305 -0.00328562 0.00762616 0.00655067 -0.00059687 0.00145871 0.00470099 0.00108011 0.0107268 0.00897 0.000827822 0.00424438 0.0112525 -0.0148523
internal_weight=846.996 750.152 699.284 96.8437 58.1032 25.6434 32.4599 13.771 18.6888 38.7405 14.8308 23.9097 50.869 12.7595 694.242 72.3149 621.927 20.0036 38.1094 8.44006 9.71204 29.6694 18.9639
internal_count=2277 1994 1886 283 189 96 93 49 44 94 46 48 108 36 1861 167 1694 34 72 22 23 50 81
is_linear=0
shrinkage=0.01


Tree=221
num_leaves=19
num_cat=0
split_feature=66 18 67 49 15 53 43 5 61 54 24 70 39 69 40 11 61 52
split_gain=4.79427 10.1628 8.04831 17.3247 20.5262 8.31006 6.09744 7.22128 5.88362 19.4192 15.4582 12.2457 9.59798 14.7807 9.34785 3.96482 2.17947 1.33674
threshold=4.1582024097442636 785.50000000000011 4.5943799018859872 0.37096250057220465 3.7150000333786015 3.0163767337799077 13516.740722656252 351.92500305175787 190.20009613037112 1.2478037476539614 25.500000000000004 29658.415039062504 -1.3160623908042905 7.6314682960510263 -1.978571832180023 83.915000915527358 162.16986083984378 0.014564037322998049
decision_type=2 2 2 2 2 2 2 2 2 2 2 2 2 2 2 2 2 2
left_child=2 -2 8 5 16 15 7 -3 12 10 -10 -11 13 -1 -14 -4 -5 -8
right_child=1 6 3 4 -6 -7 17 -9 9 11 -12 -13 14 -15 -16 -17 -18 -19
leaf_value=0.0061444206862797139 -0.0083166969429734703 -0.009342708575793229 -0.015019577558826467 0.0070744276333525157 -0.015168575684129342 0.0072893438734175356 0.014883651442878756 0.0087878063376185932 -0.010665397074969314 0.00506999078927134 -0.00010390042311718516 -0.00382872943382436 0.0054388139890261889 -0.013973819203961443 0.0016177173893781075 0 0.016517148867975017 0.0085699322256748943
leaf_weight=5.979504019021987 4.5038117915391949 3.7048441320657748 13.238387778401377 5.9899047985672933 3.933720961213111 2.2583665102720252 7.627391815185546 5.3490417450666428 25.561159297823906 59.232881903648376 30.691873595118523 20.800936058163643 72.630866378545761 9.1878056526184064 560.94234063476324 2.0864640325307837 4.9141312837600708 8.1418589875102025
leaf_count=14 19 15 63 14 18 4 9 11 100 124 90 62 165 49 1489 7 6 18
internal_value=0.00141245 0.00539554 0.00126833 -0.00360534 0.0043048 -0.0103373 0.00792372 0.00125836 0.00147088 -0.000411924 -0.00492078 0.0027447 0.00186796 -0.00597655 0.00205733 -0.0130001 0.0114217 0.0116872
internal_weight=846.775 29.3269 817.448 32.421 14.8378 17.5832 24.8231 9.05389 785.027 136.287 56.253 80.0338 648.741 15.1673 633.573 15.3249 10.904 15.7693
internal_count=2277 72 2205 112 38 74 53 26 2093 376 190 186 1717 63 1654 70 20 27
is_linear=0
shrinkage=0.01


Tree=222
num_leaves=21
num_cat=0
split_feature=65 24 31 66 52 45 22 39 50 3 18 35 8 26 58 70 1 51 2 62
split_gain=4.72367 10.727 10.1408 7.33892 13.8489 14.8705 17.6964 13.8213 13.0968 12.4573 12.5578 11.8237 11.558 6.70751 5.35437 6.12454 3.42219 8.9416 2.74269 1.43523
threshold=2.4288747310638432 9.5000000000000018 -2.1764037609100337 1.6205830574035647 0.019497352652251724 -0.47418582439422602 1227.4199829101565 -1.127819776535034 0.0070891627110540876 394881.50000000006 1480.5000000000002 2.076116800308228 4.2692999839782724 0.056532179936766631 -82011.499999999985 38699.798828125007 325281.00000000006 0.029047260060906414 469987.00000000006 1.318698048591614
decision_type=2 2 2 2 2 2 2 2 2 2 2 2 2 2 2 2 2 2 2 2
left_child=3 2 -2 4 5 6 -1 8 11 10 -9 -5 -7 18 15 -3 19 -18 -6 -16
right_child=1 14 -4 7 13 12 -8 9 -10 -11 -12 -13 -14 -15 16 -17 17 -19 -20 -21
leaf_value=0.0086802398801230796 -0.014772091455993917 -0.0084767160065509061 0.0061951004357944407 -0.015131794984544644 0.0085512494122010133 0.00085221035194050316 -0.00076831237092100154 -0.0012830083516082874 0.0051378785368948899 -0.016383800313900087 0.0026794200320930639 0.0064469607583558727 -0.016738567104079834 -0.00018952443180904769 0.0080589792943771242 0.010188198801901461 -0.0045104753897200782 0.012052691178623565 0.016098026622977046 0.015249345554318261
leaf_weight=55.520647063851357 4.9269691705703735 4.1270962730050078 4.2576969861984235 15.017153166234499 14.486828505992895 332.21101232618093 30.541585624217987 144.3978521078825 6.324539139866828 4.2172126173973075 178.71163365244865 2.9845084249973288 3.7733585089445105 6.3178782463073722 5.1645324081182507 3.0544072091579437 5.3222058564424506 8.148587152361868 8.1410090178251249 8.8768598288297635
leaf_count=104 24 16 10 73 27 890 86 440 16 19 464 7 16 18 9 6 18 14 9 11
internal_value=0.00139874 0.0046019 -0.00494354 0.00122239 0.0020669 0.00160508 0.00531554 0.000136456 -0.00713226 0.000679706 0.000905513 -0.0114987 0.000651676 0.00876597 0.00715774 -0.000398985 0.00916663 0.00543448 0.0113106 0.0126759
internal_weight=846.524 43.8784 9.18467 802.645 450.992 422.047 86.0622 351.653 24.3262 327.327 323.109 18.0017 335.984 28.9457 34.6937 7.1815 27.5122 13.4708 22.6278 14.0414
internal_count=2277 108 34 2169 1150 1096 190 1019 96 923 904 80 906 54 74 22 52 32 36 20
is_linear=0
shrinkage=0.01


Tree=223
num_leaves=22
num_cat=0
split_feature=13 18 13 35 41 2 49 11 20 20 10 31 54 37 10 55 35 71 58 4 68
split_gain=4.7361 14.9044 14.9524 13.7515 17.0608 11.422 11.4541 10.5406 8.42739 17.154 14.6922 13.8948 17.2218 15.0263 13.8385 16.5328 13.2943 11.2605 10.8286 7.5902 2.39687
threshold=13879009.500000002 15803.000000000002 22744692.000000004 -1.8775413036346433 1.5833854675292971 109517.00000000001 0.57434546947479259 30.255000114440922 24850.450195312504 11232.215332031252 0.00027699999918695545 5.6885704994201669 1.2478037476539614 0.82000273466110241 -0.00037049999809823925 -0.15208046138286588 1.5003861188888552 23652.882812500004 75392.000000000015 64301.035156250007 76.190841674804702
decision_type=2 2 2 2 2 2 2 2 2 2 2 2 2 2 2 2 2 2 2 2 2
left_child=8 3 -3 4 19 6 -5 -7 9 11 17 13 -13 -1 16 -16 -11 18 -10 -2 -19
right_child=1 2 -4 5 -6 7 -8 -9 10 14 -12 12 -14 -15 15 -17 -18 20 -20 -21 -22
leaf_value=0.0029166049976490751 -0.015861198368619912 0.0039903025629052877 -0.016052657782569153 -0.017364347094522378 0.0095190761007525534 -0.0017804317101237307 0.0084047584944318219 0.0060005379643611936 0.0056009224245602363 -0.0032579777056155564 -0.015350378065993627 -0.0075467006995301837 0.0037563474880109898 -0.0012781517154204722 -0.00061988327648046374 -0.013516573104752133 0.0098533191970171588 0.0074163638581703278 -0.0069833172311794594 0.001065234746227354 0.014130241375491825
leaf_weight=338.64543791115284 9.249475762248041 6.7669888734817496 8.1042373180389387 4.6111721470952025 5.8160129487514487 19.711986340582371 2.6963476836681366 137.72607062011957 24.074698567390442 25.864392578601837 3.4771623313426963 36.314347997307777 21.304876565933228 113.81468206644058 18.069408521056175 22.562701061367989 11.016844615340231 10.730491116642954 9.5006102323532087 3.5619930475950232 12.663902983069418
leaf_count=840 42 16 37 21 13 58 5 304 56 84 16 130 53 349 55 92 22 22 34 10 18
internal_value=0.00138516 0.00274048 -0.00686508 0.00352493 -0.00459269 0.00444884 -0.00771915 0.00501997 0.000969011 0.000601289 0.00452702 0.00126882 -0.00335001 0.00185922 -0.0037785 -0.00780593 0.000631402 0.0057578 0.00201025 -0.0110771 0.0110935
internal_weight=846.284 198.244 14.8712 183.373 18.6275 164.746 7.30752 157.438 648.04 587.593 60.4469 510.079 57.6192 452.46 77.5133 40.6321 36.8812 56.9697 33.5753 12.8115 23.3944
internal_count=2277 506 53 453 65 388 26 362 1771 1625 146 1372 183 1189 253 147 106 130 90 52 40
is_linear=0
shrinkage=0.01


Tree=224
num_leaves=21
num_cat=0
split_feature=28 48 39 50 33 58 3 44 37 58 2 38 34 7 56 22 56 41 69 41
split_gain=4.68722 11.7704 11.3459 21.5011 11.29 9.95518 10.3768 16.8451 11.2819 9.38267 14.5269 36.728 14.5527 10.9645 23.61 18.0168 7.65421 7.24531 12.6743 3.60998
threshold=-359.12499999999994 1.9040054678916933 -1.3160623908042905 0.0066556087695062169 -0.71202886104583729 -364639.99999999994 168016.00000000003 98183.679687500015 -0.67640027403831471 16608.000000000004 229125.50000000003 -2.1068863868713374 -1.2835494875907896 1.8275479078292849 -0.7110605239868163 43.125000000000007 3.6723722219467168 -0.74373972415924061 84.99994277954103 2.0290465354919438
decision_type=2 2 2 2 2 2 2 2 2 2 2 2 2 2 2 2 2 2 2 2
left_child=1 9 3 17 -3 16 8 -8 -7 13 11 -11 -12 14 -1 -15 19 18 -2 -4
right_child=2 4 5 -5 -6 6 7 -9 -10 10 12 -13 -14 15 -16 -17 -18 -19 -20 -21
leaf_value=-0.011789311075564607 0.011046363952311357 -0.01581674430484949 -0.013362553286056273 0.0079749009795593365 0.0036666462154973244 -1.7023650085514489e-05 -0.0094990162038251155 0.0051891980958880448 0.0030767368680662539 0.0045267690624826535 -0.011422738215684519 -0.017367210925151651 0.0042397189992461979 0.011308912622705267 0.0081597643562396887 -0.00075055246242035736 0.0094195379912819874 -0.014539559100468733 -0.014777301784072739 0.001647674439763315
leaf_weight=6.352426514029502 3.6279568001627966 6.7632843255996704 9.2145817428827268 8.9418269544839841 5.187056288123129 202.30776002258062 20.838880866765976 12.391624853014944 280.2933058142662 17.03664363920689 6.4636652767658225 13.852061375975607 68.829184651374817 15.354651823639868 82.612985745072365 63.551828145980835 2.1982752233743659 14.439204722642899 3.9606064110994339 1.7999527752399433
leaf_count=24 7 31 52 19 13 563 82 30 711 37 25 60 159 26 158 177 4 74 19 6
internal_value=0.00137172 0.00241513 0.00083705 -0.00503981 -0.00727628 0.00118296 0.00140414 -0.0039917 0.00177775 0.00284138 0.000504164 -0.00525923 0.00288186 0.00431375 0.00672409 0.00158346 -0.00737601 -0.0103683 -0.00229969 -0.0108189
internal_weight=846.018 286.004 560.014 30.9696 11.9503 529.044 515.832 33.2305 482.601 274.053 106.182 30.8887 75.2928 167.872 88.9654 78.9065 13.2128 22.0278 7.58856 11.0145
internal_count=2277 710 1567 119 44 1448 1386 112 1274 666 281 97 184 385 182 203 62 100 26 58
is_linear=0
shrinkage=0.01


Tree=225
num_leaves=21
num_cat=0
split_feature=52 38 28 40 40 49 4 58 21 35 52 1 40 38 31 18 41 35 71 68
split_gain=4.67197 8.27164 7.89501 15.5748 16.7373 14.086 14.5632 10.9613 12.7658 24.9619 22.7876 11.6846 10.7974 9.95776 9.45568 7.6654 6.55778 3.88933 3.29098 3.49889
threshold=0.051259016618132598 0.73979005217552196 718.00000000000011 1.1927489042282107 2.3102281093597417 -0.42740254104137415 9430.7700195312518 16608.000000000004 -2761.4999999999995 -1.3250863552093504 -0.014430370647460221 786095.50000000012 0.96846732497215282 -2.7858229875564571 -4.4545493125915518 1214.0000000000002 -1.0000000180025095e-35 1.5588663816452029 12507.654785156252 80.000007629394545
decision_type=2 2 2 2 2 2 2 2 2 2 2 2 2 2 2 2 2 2 2 2
left_child=2 15 7 5 16 14 -7 11 9 -9 -10 12 -1 -13 -4 -2 -5 18 -3 -20
right_child=1 17 3 4 -6 6 -8 8 10 -11 -12 13 -14 -15 -16 -17 -18 -19 19 -21
leaf_value=0.0039219733775564605 -0.015600563642384296 0.014895711148905245 -0.0055531709659424368 0.012642313984234928 -0.013525238310648661 -0.0097766988729027175 0.0029907989098236715 -0.0080350233941860888 0.0018844768369880519 0.0049571786573793918 -0.0052672843918387035 -0.01472092741835955 -0.00068684541509705347 -0.00041805045998187399 0.0049650770516284446 0.0064671193196109899 0.0010449686215909209 0 -0.00010293232214330125 0.01227414169065354
leaf_weight=318.46215172857046 3.1870330423116711 8.6092816591262871 13.004652194678782 15.036663547158245 3.905079521238803 37.946934327483177 11.543005555868147 17.640279665589333 92.880326017737389 90.195020839571953 85.402521505951881 5.724256604909896 60.062489032745361 33.65369875729084 24.730498932301998 3.0347979664802551 7.5057696700096139 4.3081521540880194 4.4381927102804166 4.3851970583200455
leaf_count=751 14 12 48 25 21 159 33 61 242 202 284 28 168 104 61 7 22 14 14 7
internal_value=0.00135856 0.00538842 0.00121953 -0.00122085 0.00548726 -0.00326628 -0.00677861 0.00161497 0.000103329 0.00282257 -0.00153581 0.00264753 0.00318803 -0.00252261 0.00131368 -0.00467597 0.0088252 0.00831467 0.0104177 0.0059351
internal_weight=845.656 27.9627 817.693 113.673 26.4475 87.2251 49.4899 704.021 286.118 107.835 178.283 417.903 378.525 39.378 37.7352 6.22183 22.5424 21.7408 17.4327 8.82339
internal_count=2277 68 2209 369 68 301 192 1840 789 263 526 1051 919 132 109 21 47 47 33 21
is_linear=0
shrinkage=0.01


Tree=226
num_leaves=17
num_cat=0
split_feature=66 18 67 49 14 53 59 30 14 71 56 43 5 68 59 44
split_gain=4.64581 9.85535 7.82686 16.8647 20.0469 8.18725 7.06472 18.8102 15.4109 11.9263 9.83593 5.94454 6.99161 3.34389 2.63862 1.43468
threshold=4.1582024097442636 785.50000000000011 4.5943799018859872 0.37096250057220465 3.7050000429153447 3.0163767337799077 1.1464865207672121 1.0094195604324343 0.84499999880790722 16945.109375000004 4.0896794795989999 13516.740722656252 351.92500305175787 91.913684844970717 0.96065476536750805 14827.834960937502
decision_type=2 2 2 2 2 2 2 2 2 2 2 2 2 2 2 2
left_child=2 -2 6 5 14 13 8 -8 -1 -10 -9 12 -3 -4 -5 -13
right_child=1 11 3 4 -6 -7 7 10 9 -11 -12 15 -14 -15 -16 -17
leaf_value=0.011501231234675908 -0.0082420875281353223 -0.0092817599713440717 -0.014986849341539651 0.017805789816621079 -0.015102271566889366 0.0072248115383974137 -0.016990744044241682 0.0037264527945205174 0.0017683555073987431 -0.0013398713600796031 -0.0027774183448392798 0.014947557121146812 0.0086308022729345377 -0.0016917528699176114 0.0071933256240095753 0.0084074397056431542
leaf_weight=12.932220682501791 4.4860192388296154 3.6799978539347666 12.804823540151121 4.0432186871767026 3.9153699725866309 2.2540483176708213 4.736796870827674 236.40328224003315 289.21217623353004 215.10083328932524 25.609713576734066 7.2850528359413138 5.2964828163385391 2.4234461933374396 6.8420562893152237 8.3528210744261724
leaf_count=19 19 15 61 5 18 4 20 564 773 638 79 9 11 9 15 18
internal_value=0.00134538 0.00528177 0.00120382 -0.00361305 0.00419433 -0.01028 0.00140345 0.00272666 0.000719115 0.000440644 0.00308693 0.00778715 0.00117597 -0.0129367 0.0112271 0.0115182
internal_weight=845.378 29.1004 816.278 32.283 14.8006 17.4823 783.995 266.75 517.245 504.313 262.013 24.6144 8.97648 15.2283 10.8853 15.6379
internal_count=2277 72 2205 112 38 74 2093 663 1430 1411 643 53 26 70 20 27
is_linear=0
shrinkage=0.01


Tree=227
num_leaves=27
num_cat=0
split_feature=13 40 7 41 67 35 20 21 70 40 53 7 45 2 67 22 22 47 31 10 12 21 27 41 5 47
split_gain=4.71486 16.1165 13.7657 11.5633 14.0296 10.9314 11.4732 9.78338 13.6616 9.40787 25.0751 18.3697 15.8918 10.5242 13.0849 10.3994 15.6793 16.7236 13.9504 8.50811 14.4407 8.1385 6.80396 5.0735 3.79117 3.41496
threshold=13879009.500000002 0.45789420604705816 3.1485526561737065 -2.2501538991928096 2.2277631759643559 -1.8775413036346433 32237.370117187504 -595.49999999999989 22836.087890625004 0.45789420604705816 -0.40893051028251642 1.4071404933929446 -0.5279431641101836 704026.00000000012 -0.32382306456565851 23033.019531250004 6480.1750488281259 0.24955035746097567 5.6885704994201669 -0.00028350000502541656 7200951.0000000009 -200.49999999999997 141792.00000000003 2.5977046489715581 6794.8999023437509 0.63250076770782482
decision_type=2 2 2 2 2 2 2 2 2 2 2 2 2 2 2 2 2 2 2 2 2 2 2 2 2 2
left_child=9 2 3 22 -5 25 21 -4 -9 15 13 -12 -13 23 -15 16 18 -18 -1 24 -21 -7 -2 -11 -17 -3
right_child=1 5 7 4 -6 6 -8 8 -10 10 11 12 -14 14 -16 19 17 -19 -20 20 -22 -23 -24 -25 -26 -27
leaf_value=0.0028903464829704239 -0.00051873982208503551 -0.014322938647628606 0.016856718496823971 8.3339692745189306e-05 -0.0087937700031802228 0.0094139965889672005 -0.0083263096866100662 0.013446353846455362 -0.0099562342306212664 -0.015818328548958049 -0.014689494562251002 -0.015958468613166635 0.0022725039603646909 -0.015650278485624027 0.010598039958690238 0.0074979019165660804 -0.0012651580247461144 -0.017301836228747924 -0.0029240992312989096 -0.011398841725409146 0.008455234997047853 0.00019348036872002218 0.01356302205866817 0 0.016349395813503802 0.0015135763112539137
leaf_weight=310.81750379502773 5.9874714314937574 3.1776849627494803 7.7022650390863445 57.991614952683449 25.551591441035271 61.563535824418068 4.5341757684946051 5.0075483024120313 4.9447676539421082 16.970724835991867 7.3946308419108382 4.9721451401710501 118.63103841245174 3.2196142375469208 4.6289382800459853 16.112599909305576 84.780751809477806 7.0658728033304206 47.414111420512199 5.9635232985019675 9.4726429134607297 11.598720148205755 7.6421307921409607 2.3838012963533393 7.4667880535125724 2.1995715945959091
leaf_count=777 16 16 10 156 102 112 17 8 18 76 37 23 309 15 9 34 255 30 148 25 17 33 11 7 9 7
internal_value=0.00133221 0.00268561 0.00024924 -0.0012176 -0.00261974 0.00604121 0.00700225 0.00837952 0.00171839 0.000916882 -0.00119926 0.000607783 0.00153104 -0.00993794 -4.20697e-05 0.00160341 0.00117138 -0.00250977 0.00211798 0.0065616 0.000720138 0.0079659 0.00730355 -0.0138992 0.0103433 -0.00765903
internal_weight=845.196 197.901 114.827 97.1728 83.5432 83.0737 77.6964 17.6546 9.95232 647.295 158.201 130.998 123.603 27.2031 7.84855 489.094 450.078 91.8466 358.232 39.0156 15.4362 73.1623 13.6296 19.3545 23.5794 5.37726
internal_count=2277 506 321 285 258 185 162 36 26 1771 476 369 332 107 24 1295 1210 285 925 85 42 145 27 83 43 23
is_linear=0
shrinkage=0.01


Tree=228
num_leaves=17
num_cat=0
split_feature=5 2 44 7 42 69 43 61 70 33 68 68 51 47 0 26
split_gain=4.6306 6.43561 6.04777 18.5585 11.4694 11.0514 10.1733 17.2268 7.22232 6.75627 10.4378 7.11897 5.19304 5.11083 6.62668 3.53504
threshold=77737.011718750015 734278.00000000012 108370.66406250001 2.1941950321197514 -0.00048899999819695939 95.23804092407228 107173.62890625001 61.01323318481446 137626.79687500003 -1.4794612526893614 39.999994277954109 72.598583221435561 0.0054458831436932096 0.39736624062061315 172686.00000000003 0.034285690635442741
decision_type=2 2 2 2 2 2 2 2 2 2 2 2 2 2 2 2
left_child=2 -2 8 6 5 -5 7 -4 9 10 -1 -11 -8 -3 -15 -10
right_child=1 13 3 4 -6 -7 12 -9 15 11 -12 -13 -14 14 -16 -17
leaf_value=-0.015060290604599045 -0.003941924343103061 0.012451618115479403 0.012297093697949069 -0.010129857810022061 -0.016096280864052803 0.013209346332755811 0.012636929538687447 -0.011993446217908202 -0.016616894500364781 0.0022426877796642205 0.0086775767851002949 0.00012192807338932873 0.0022277915378799483 -0.0077345470393340903 0.0119242165538952 0
leaf_weight=5.737536706030367 5.2868337035179165 11.785281121730806 4.2634128630161277 5.054839566349985 11.641958251595495 3.3817601501941681 9.1321057081222552 9.1208051890134794 3.2611417025327674 525.78267528861761 2.6782645732164383 227.91684966534376 10.680855005979536 3.6113743856549254 3.2370767742395401 2.2653878778219223
leaf_count=28 17 19 6 22 52 5 14 38 15 1337 6 663 28 15 5 7
internal_value=0.00131941 0.00566762 0.00119149 -0.00205895 -0.00965837 -0.000655947 0.00250727 -0.00418122 0.00141838 0.00150212 -0.00738707 0.0016027 0.007076 0.00844775 0.0014116 -0.00994842
internal_weight=844.838 23.9206 820.918 53.2757 20.0786 8.4366 33.1972 13.3842 767.642 762.115 8.4158 753.7 19.813 18.6337 6.84845 5.52653
internal_count=2277 56 2221 165 79 27 86 44 2056 2034 34 2000 42 39 20 22
is_linear=0
shrinkage=0.01


Tree=229
num_leaves=21
num_cat=0
split_feature=30 64 31 59 10 45 48 20 66 66 1 52 45 69 52 15 71 50 66 18
split_gain=4.62048 14.6881 15.9253 11.3583 10.7387 14.2163 9.57267 7.89047 5.76034 6.95709 13.5949 13.4686 14.3701 10.4489 5.92476 12.0035 5.93102 4.68647 2.60277 2.106
threshold=7.903783082962037 10.803615093231203 3.2327225208282475 1.1813405156135561 0.00094850000459700834 2.7155172824859624 -0.45155808329582209 5912.2199707031259 4.1582024097442636 1.6205830574035647 40905.000000000007 0.019497352652251724 -0.48742960393428797 78.17029190063478 0.014564037322998049 3.029749989509583 29494.345703125004 0.0074953758157789716 3.0611160993576054 8884.5000000000018
decision_type=2 2 2 2 2 2 2 2 2 2 2 2 2 2 2 2 2 2 2 2
left_child=8 4 6 -4 5 -2 -3 -8 9 11 18 12 -1 -12 19 16 -16 -13 -11 -10
right_child=1 2 3 -5 -6 -7 7 -9 14 10 13 17 -14 -15 15 -17 -18 -19 -20 -21
leaf_value=0.0057053851887645243 -0.013847032822069899 -0.0078509802015107964 -0.014355050824601772 0.0085946030812040879 0.0063240473142838717 0.010320759675289502 0.012259907205951326 -0.00031286312549328723 0.01532445970688345 -0.015289881579821281 -0.0058657621081404532 0.011526932162588687 0.00080278493913605285 0.0011023922879955599 -0.014203431554924829 0.011289154009427841 0.002923733901596164 0.0017799792564981414 -0.0019247484442333842 0.0067986447750890931
leaf_weight=74.095142915844917 17.40167127549649 3.9644681960344306 7.6636312305927259 2.9429841339588165 4.6162004917860022 2.7813120782375327 17.849835887551315 6.7166084945201865 6.2062237858772296 6.4857174754142743 23.11463974416256 20.026403740048412 313.5344211384654 306.65360976010561 4.5269619747996312 6.9957102537155142 3.5080828741192818 6.884955793619155 2.1102697104215622 6.6022057980298996
leaf_count=158 91 15 37 6 11 6 29 21 7 31 81 31 830 840 23 12 11 17 7 13
internal_value=0.00130645 -0.00126954 0.00252681 -0.007893 -0.00730118 -0.010467 0.00643551 0.00878173 0.00151869 0.0013518 0.000284427 0.00222063 0.00174249 0.000610937 0.00599612 0.00165886 -0.00660129 0.00907045 -0.0121251 0.0110078
internal_weight=844.681 63.9367 39.1375 10.6066 24.7992 20.183 28.5309 24.5664 780.744 752.905 338.364 414.541 387.63 329.768 27.8392 15.0308 8.03504 26.9114 8.59599 12.8084
internal_count=2277 216 108 43 108 97 65 50 2061 1995 959 1036 988 921 66 46 34 48 38 20
is_linear=0
shrinkage=0.01


Tree=230
num_leaves=29
num_cat=0
split_feature=54 61 21 21 34 1 1 61 36 38 38 67 55 49 50 50 38 56 67 5 53 68 60 59 27 24 52 44
split_gain=4.59223 13.5094 12.2744 14.7635 12.9578 9.99156 18.0022 15.4577 14.1223 13.5176 11.346 9.85306 9.32584 8.89693 8.78014 13.4835 13.6911 13.6808 13.5237 11.5946 12.7459 10.864 9.16852 14.8265 9.46749 8.37453 4.25942 2.52195
threshold=0.29366892576217657 190.20009613037112 -1243.4999999999998 -6747.9999999999991 1.4507862329483034 411186.00000000006 495426.50000000006 61.01323318481446 -1.8520282506942747 1.0329803824424746 -1.8984381556510923 -3.5557909011840816 -0.029260637238621708 -0.97137844562530506 0.0034269909374415879 -0.012258646078407763 -2.7858229875564571 -0.53139126300811756 -2.3872019052505489 4184.9299316406259 0.4050480872392655 85.714290618896499 1.0000000180025095e-35 1.3013738989830019 305312.00000000006 48.500000000000007 -0.026891820132732388 25355.411132812504
decision_type=2 2 2 2 2 2 2 2 2 2 2 2 2 2 2 2 2 2 2 2 2 2 2 2 2 2 2 2
left_child=1 5 3 4 -3 7 10 11 -8 -9 -7 -1 -5 -4 15 16 27 -17 -19 22 25 -22 24 -24 -16 -21 -18 -2
right_child=14 2 13 12 -6 6 8 9 -10 -11 -12 -13 -14 -15 19 17 26 18 -20 20 21 -23 23 -25 -26 -27 -28 -29
leaf_value=0.0057930072238030197 -0.014540129604941106 -0.015444831291381337 0.0016675083695030677 0.010241567869619959 0.0086765525586350086 0.0049122801158755572 -0.0079136559213595064 0.0048293741398221755 0.0020125198552625174 -0.00082184831581653571 -0.012156962007010544 -0.011420175506442807 -0.002370493766131986 -0.01512809753508714 0.005385908047871619 -0.015821362946307788 0.0045199682683758824 0.003544110103830917 -0.0016637600331052772 0 -0.016170935051422551 0.00023095957579857745 -0.0034021626443402008 0.010750435076413515 0.01365214547154971 0.01485296678280194 0.012186861288751181 0
leaf_weight=4.4936683475971249 2.9938004910945883 9.3571336418390256 4.0169915854930904 11.566508665680885 2.8651732057332984 4.7913826406002071 16.426283463835716 154.32882791757584 111.57040172070265 57.932602018117905 19.194107010960579 12.14348094165325 11.690786927938461 13.10906297713518 72.506980508565903 5.3705307990312567 12.938824206590654 81.149530425667763 129.16086062788963 13.114510804414751 7.8600682616233817 8.0628795772790891 24.067589789628983 10.67086812853813 17.442454412579536 5.4113578200340262 18.144221715629101 1.9900675117969511
leaf_count=9 15 43 11 20 6 11 59 356 309 175 79 46 34 62 155 24 29 196 378 37 36 21 81 19 25 7 27 7
internal_value=0.0012939 0.000572708 -0.00417313 -0.000786742 -0.00970844 0.00123081 -0.000751797 0.00255157 0.000730845 0.00328227 -0.00870549 -0.00671081 0.00385884 -0.0111302 0.00205233 0.00088495 0.00654459 -5.68382e-05 0.000340973 0.00389279 -0.00121896 -0.00780273 0.00531309 0.000916409 0.00699996 0.0043858 0.00902756 -0.00874039
internal_weight=844.371 433.486 52.6057 35.4796 12.2223 380.881 151.982 228.899 127.997 212.261 23.9855 16.6371 23.2573 17.1261 410.885 251.748 36.0669 215.681 210.31 159.137 34.4488 15.9229 124.688 34.7385 89.9494 18.5259 31.083 4.98387
internal_count=2277 1220 176 103 49 1044 458 586 368 531 90 55 54 73 1057 676 78 598 574 381 101 57 280 100 180 44 56 22
is_linear=0
shrinkage=0.01


Tree=231
num_leaves=16
num_cat=0
split_feature=54 57 53 13 35 13 41 41 70 44 44 55 54 2 3
split_gain=4.56732 9.01295 6.56217 6.86363 11.5424 9.64145 5.94676 9.43181 9.5877 7.27803 7.20177 3.08746 3.07897 5.40367 2.57234
threshold=4.3018939495086679 0.54489997029304515 1.7788622975349428 13879009.500000002 -1.8775413036346433 12634673.000000002 1.2437162995338442 0.64479124546051036 28924.002929687504 872.70001220703136 33533.060546875007 1.0758002400398257 5.92757272720337 307847.00000000006 -56710.999999999993
decision_type=2 2 2 2 2 2 2 2 2 2 2 2 2 2 2
left_child=1 14 3 5 -5 -3 7 8 9 -2 -10 -4 -8 -14 -1
right_child=6 2 11 4 -6 -7 12 -9 10 -11 -12 -13 13 -15 -16
leaf_value=0 -0.0012945326470366022 0.00088680826217996068 -0.014968475978906973 -0.0045220978629362911 0.0038242800403470792 -0.0079981352426784572 0.011921546594208229 -0.011326777823094523 -0.017527629906391798 0.0071210353229827208 0.0032913540003070741 0 0.0086912405967258539 -0.004860512450796768 -0.013595105127964077
leaf_weight=1.8304509446024892 14.51765191555023 557.93953470140696 3.6799041479825965 18.399165451526642 158.39284020662308 12.468309387564657 10.279125019907951 4.9891493469476691 3.7028114199638358 33.707643285393715 2.8900218904018402 2.1475976556539536 9.5173895657062513 4.1563901752233514 5.3551814034581176
leaf_count=7 46 1531 17 64 382 45 14 19 16 63 7 8 16 13 29
internal_value=0.00128158 0.00103553 0.00114309 0.00122671 0.00295 0.000690843 0.00350284 0.00179475 0.00300722 0.00456689 -0.00824978 -0.00940764 0.00772594 0.00449881 -0.0100968
internal_weight=843.973 760.213 753.027 747.2 176.792 570.408 83.7602 59.8073 54.8181 48.2253 6.59283 5.8275 23.9529 13.6738 7.18563
internal_count=2277 2083 2047 2022 446 1576 194 151 132 109 23 25 43 29 36
is_linear=0
shrinkage=0.01


Tree=232
num_leaves=19
num_cat=0
split_feature=36 67 35 69 40 71 24 33 45 68 60 22 13 58 35 22 30 22
split_gain=4.54796 11.2636 9.254 5.90417 11.9324 12.4027 12.0595 10.8221 9.71517 16.7811 14.2962 12.0052 11.7714 17.1019 9.94641 8.28756 5.88149 2.5395
threshold=2.208875417709351 2.2277631759643559 2.076116800308228 95.23804092407228 1.3889967203140261 27679.586914062504 1.5000000000000002 0.95049020648002636 -0.49575972557067866 71.428577423095717 -0.0016221142723225055 1227.4199829101565 13879009.500000002 16608.000000000004 -1.8775413036346433 14093.504882812502 1.9778462052345278 23033.019531250004
decision_type=2 2 2 2 2 2 2 2 2 2 2 2 2 2 2 2 2 2
left_child=3 16 17 8 6 15 -5 -8 9 11 -11 -1 13 -10 -14 -6 -2 -3
right_child=1 2 -4 4 5 -7 7 -9 12 10 -12 -13 14 -15 -16 -17 -18 -19
leaf_value=0.0084263849046211613 0.012377138427450415 -0.014125858548083341 0.0033258219288892464 -0.015002640794807807 0.012212286542117361 -0.0085768136871030697 0.0038943814547816166 -0.0013528058346929247 0.0010935166087184197 0.0074471178324029977 -0.015665528803609753 0.0005578925566539786 -0.0038895224662456032 -0.0033001924653431286 0.0042202733247167796 0.00074176822556709806 -0.0020870903165761626 -0.0010646687766628098
leaf_weight=51.00082129240036 5.7024518549442309 10.688316933810713 5.3787974417209616 4.2083308175206176 27.997102186083794 4.1281168460845938 115.13772808760405 59.326927423477173 238.90258730947971 4.0983914583921432 7.4852424710988981 31.742706030607224 17.566913306713104 140.66077257692814 104.10871632397175 8.3715667128562909 5.349894717335701 1.9251440912485112
leaf_count=96 9 58 16 20 45 14 274 172 648 8 34 84 61 443 247 23 19 6
internal_value=0.00126903 -0.0026073 -0.00751114 0.00140844 0.00281384 0.0077219 0.00169582 0.00210434 0.000889572 0.00383476 -0.00740174 0.0054199 0.000333327 -0.000532095 0.0030412 0.00959943 0.00528524 -0.0122117
internal_weight=843.781 29.0446 17.9923 814.736 219.17 40.4968 178.673 174.465 595.566 94.3272 11.5836 82.7435 501.239 379.563 121.676 36.3687 11.0523 12.6135
internal_count=2277 108 80 2169 548 82 466 446 1621 222 42 180 1399 1091 308 68 28 64
is_linear=0
shrinkage=0.01


Tree=233
num_leaves=18
num_cat=0
split_feature=5 13 44 7 71 71 40 10 69 50 44 24 66 55 30 50 37
split_gain=4.55045 9.47901 5.94521 18.1299 12.206 12.0858 16.5677 11.1856 10.8234 7.92416 7.41417 13.4628 7.50675 3.76173 7.8124 9.93552 3.20019
threshold=77737.011718750015 9827119.0000000019 108370.66406250001 2.1941950321197514 25122.358398437504 71738.468750000015 0.15110459178686145 -0.00048899999819695939 95.23804092407228 0.0034269909374415879 61132.066406250007 4.5000000000000009 1.6205830574035647 0.88594126701354992 2.8518328666687016 -0.0096525889821350557 -1.0000000180025095e-35
decision_type=2 2 2 2 2 2 2 2 2 2 2 2 2 2 2 2 2
left_child=2 -2 5 4 -4 10 -7 8 -5 -6 12 -12 -1 14 15 -3 -8
right_child=1 13 3 7 9 6 16 -9 -10 -11 11 -13 -14 -15 -16 -17 -18
leaf_value=0.0021555343737188508 -0.0074703578291331783 0.0095777592828988258 -0.016080913539091839 -0.010111234216571927 0.0080817374579838647 -0.015933680137212289 -0.0018633874500332043 -0.015999771480123097 0.01301175857804588 -0.0027775195273588272 -0.0081913316267933408 0.0060670647865468984 3.0456857589790439e-05 0.014046691871360813 0.014502318054504673 -0.014759887601679905 0.010534950728486292
leaf_weight=379.13774487376213 4.4492023438215282 3.4587427973747289 3.1984408497810355 5.0431044846773165 19.947374507784847 9.3776639103889483 4.7028338760137558 11.590725675225256 3.3735632449388504 9.9628518074750883 7.3207504451274863 64.708494104444981 297.7272415086627 7.8176994472742072 4.8869516849517822 3.2302435189485532 3.5935184434056264
leaf_count=957 18 6 14 22 40 42 15 52 5 32 25 142 868 10 6 16 7
internal_value=0.00125671 0.00557387 0.00112991 -0.00209807 0.00241941 0.00135488 -0.00680809 -0.00962369 -0.00072428 0.00443117 0.00154887 0.00460402 0.00122227 0.00861798 0.00486536 -0.00202587 0.00338635
internal_weight=843.527 23.8428 819.684 53.1161 33.1087 766.568 17.674 20.0074 8.41667 29.9102 748.894 72.0292 676.865 19.3936 11.5759 6.68899 8.29635
internal_count=2277 56 2221 165 86 2056 64 79 27 72 1992 167 1825 38 28 22 22
is_linear=0
shrinkage=0.01


Tree=234
num_leaves=26
num_cat=0
split_feature=53 53 58 58 68 45 39 24 48 3 6 37 43 40 46 64 49 58 58 65 48 72 54 33 0
split_gain=4.52582 14.6766 14.7433 15.2084 13.6355 13.3419 12.9294 12.4357 12.3557 15.5758 17.3648 16.0521 10.2446 12.8974 10.3061 9.59179 23.9119 10.0463 15.5339 15.4846 8.52851 7.45661 6.8842 5.31408 2.04201
threshold=-0.12685070186853406 0.091117430478334441 97480.000000000015 -39463.999999999993 75.000007629394545 -0.42684589326381678 -0.81131845712661732 54.500000000000007 -0.66883382201194752 -20646.999999999996 -58819213.999999993 0.71110433340072643 7319.2897949218759 0.45789420604705816 1.279135048389435 1.0776363015174868 -0.40028737485408777 152344.00000000003 477568.00000000006 2.6343086957931523 -0.81283339858055104 -1018972.2187499999 1.4982307553291323 0.27213238179683691 166174.00000000003
decision_type=2 2 2 2 2 2 2 2 2 2 2 2 2 2 2 2 2 2 2 2 2 2 2 2 2
left_child=7 2 3 4 -2 -4 -5 8 20 11 -11 -10 24 14 -14 16 23 19 -19 -17 -1 -22 -7 -3 -9
right_child=1 15 5 6 -6 22 -8 12 9 10 -12 -13 13 -15 -16 17 -18 18 -20 -21 21 -23 -24 -25 -26
leaf_value=-0.0051116081133569368 0.0031937298432950542 0.010117517000494658 0.0060874313742118567 -0.00090444280243917488 -0.016257446476781953 -0.016699905658406608 0.010880690588918685 0.0084997185577484601 0.0020257028908750494 -0.005060227286643907 0.005557727024104433 -0.015547008262651166 0.013442360015887894 -0.015963413073469733 -0.0042553540627222339 -6.9640411887721322e-05 -0.01669338104171849 0.0067541190023388143 -0.010427308229259887 0.0085486044915697775 0.001077872987670814 0.01356967979782109 0.00092324086455654504 -0.0034234730645268338 0.016805622056052256
leaf_weight=5.2309535443782833 35.373005777597427 6.6178930252790469 7.9064788967371014 10.897697046399115 4.0049279332160941 7.0104719996452314 58.214701995253563 6.3254245519638079 132.38495882600546 107.54656141996384 17.891437992453575 5.401309259235858 7.4976359754800814 3.4653001576662055 5.748997688293457 294.02095126360655 10.271277785301207 53.034833237528801 5.7995888888835898 22.42218317091465 7.7165317535400435 13.380922734737393 3.0887457728385925 5.0117428451776505 7.0514581501483917
leaf_count=16 84 11 18 33 18 31 99 12 349 366 38 25 10 16 19 832 46 116 23 43 21 19 7 17 8
internal_value=0.00124443 0.00181716 0.00478536 0.00617955 0.00119006 -0.00355956 0.00900793 0.000302996 -0.00032955 -0.00098614 -0.0035378 0.00132958 0.00642339 0.00113714 0.00568612 0.000869304 -0.00555517 0.0012469 0.00504347 0.000537862 0.00619687 0.00904812 -0.011211 0.0041961 0.0129528
internal_weight=843.316 523.674 126.496 108.49 39.3779 18.0057 69.1124 319.641 289.553 263.224 125.438 137.786 30.0888 16.7119 13.2466 397.178 21.9009 375.278 58.8344 316.443 26.3284 21.0975 10.0992 11.6296 13.3769
internal_count=2277 1378 290 234 102 56 132 899 834 778 404 374 65 45 29 1088 74 1014 139 875 56 40 38 28 20
is_linear=0
shrinkage=0.01


Tree=235
num_leaves=22
num_cat=0
split_feature=31 41 5 61 31 35 0 50 35 34 66 14 72 40 51 59 40 59 36 61 33
split_gain=4.52083 18.3599 13.3929 16.9276 12.2002 12.1377 12.1722 14.594 12.1219 11.4686 10.3711 9.27125 9.25107 8.56192 20.6806 8.45161 8.12448 7.08767 7.29172 6.9813 3.04255
threshold=5.6885704994201669 1.1777245998382571 12248.149902343752 176.16315460205081 4.5941741466522226 -1.3680833578109739 23671.500000000004 -0.0074212169274687758 -2.459986567497253 -1.0698397159576414 -2.206928968429565 2.4450000524520878 -2632169.8749999995 -0.67264062166213978 -0.016416272148489949 0.85805132985115062 -1.978571832180023 0.9899546504020692 -1.0471716523170469 220.09100341796878 -1.1139193773269651
decision_type=2 2 2 2 2 2 2 2 2 2 2 2 2 2 2 2 2 2 2 2 2
left_child=4 5 3 15 8 6 7 -2 -1 -7 -11 -8 19 14 -6 -3 -14 20 -19 -10 -15
right_child=1 2 -4 -5 13 9 11 -9 12 10 -12 -13 16 17 -16 -17 -18 18 -20 -21 -22
leaf_value=-0.014366209717309758 -0.01196826927019458 0.014787983980119265 -0.015473487165014186 -0.0096478205419981509 0.010754917774151567 -0.011927330510659679 -0.002579832142975249 0.0087153404933793584 -0.015530606305061477 -0.0053886505190272318 0.010809894359092187 -0.015796247834576577 0.0045849627492629431 0.0043596469889053404 -0.016339704362123335 0.0032098591300055053 0.001015246530656321 -0.0088514353787481782 0.0099947301126853457 0.004446852672569418 0.012294319691246367
leaf_weight=4.9887040406465522 5.8907072693109503 15.834274083375936 2.8985158950090399 5.128393441438674 6.2656783610582352 4.8039232939481762 7.9795561283826855 8.1048698425292951 5.6287657618522626 5.8088640421628996 11.967337936162945 17.099962428212166 71.451132252812386 6.5567860752344123 5.1059615910053235 10.8979335129261 611.43383266031742 4.2714093625545502 3.9498648494482023 2.4397473782300949 24.451817676424984
leaf_count=25 22 23 13 19 11 18 27 15 26 20 20 78 165 14 22 28 1664 16 7 6 38
internal_value=0.00123252 -0.000798537 0.00500041 0.00689441 0.00149616 -0.00408401 -0.00746168 0 0.00114969 0.00171681 0.00546032 -0.0116311 0.00126316 0.00624152 -0.00132286 0.0101053 0.00139021 0.00845971 8.14629e-05 -0.00936591 0.0106488
internal_weight=842.958 96.4143 34.7591 31.8606 746.544 61.6552 39.0751 13.9956 695.942 22.5801 17.7762 25.0795 690.953 50.6015 11.3716 26.7322 682.885 39.2299 8.22127 8.06851 31.0086
internal_count=2277 283 83 70 1994 200 142 37 1886 58 40 105 1861 108 33 51 1829 75 23 32 52
is_linear=0
shrinkage=0.01


Tree=236
num_leaves=14
num_cat=0
split_feature=54 57 53 30 29 40 5 59 28 31 31 55 3
split_gain=4.48112 8.84965 6.34259 6.59894 17.2073 6.91176 5.95083 10.5104 5.77389 13.4021 5.30373 3.02007 2.49479
threshold=4.3018939495086679 0.54489997029304515 1.7788622975349428 7.903783082962037 10.818419456481935 2.5763770341873173 38603.980468750007 1.450089752674103 718.00000000000011 -2.6377724409103389 2.6220597028732304 1.0758002400398257 -56710.999999999993
decision_type=2 2 2 2 2 2 2 2 2 2 2 2 2
left_child=1 12 3 5 -5 -3 7 8 10 -10 -2 -4 -1
right_child=6 2 11 4 -6 -7 -8 -9 9 -11 -12 -13 -14
leaf_value=0 0.0060277092162015072 0.0016040569139210731 -0.014854968724372006 -0.0091273997550225788 0.0020846108085882946 -0.0047386886108520768 0.012814030572830338 -0.011648190700582652 -0.016209307707330423 0.0082413411135973651 -0.0014566803189032293 0 -0.013542879990049148
leaf_weight=1.8177520781755445 52.046018451452255 670.30452392250299 3.6491222381591788 21.684775523841381 36.878903180360794 17.556885436177254 6.2975348085165015 4.7912173718214026 4.4555343016982079 4.4590524435043317 11.324915483593939 2.1458721980452538 5.3234663531184188
leaf_count=7 103 1754 17 100 104 64 9 18 21 9 34 8 29
internal_value=0.00122049 0.000977021 0.00108341 0.00116551 -0.00204986 0.00144071 0.00342596 0.00264593 0.00360721 -0.00386698 0.00467441 -0.00931887 -0.010089
internal_weight=842.736 759.361 752.22 746.425 58.5637 687.861 83.3743 77.0767 72.2855 8.91459 63.3709 5.79499 7.14122
internal_count=2277 2083 2047 2022 204 1818 194 185 167 30 137 25 36
is_linear=0
shrinkage=0.01


Tree=237
num_leaves=15
num_cat=0
split_feature=52 11 38 47 18 36 52 70 66 59 24 68 52 14
split_gain=4.47638 10.2072 7.98903 7.70603 7.45992 6.40455 12.6589 11.4252 7.45045 7.17004 4.87781 12.0453 4.63182 2.12751
threshold=0.051259016618132598 82.049999237060561 0.73979005217552196 0.82425671815872203 1214.0000000000002 2.208875417709351 0.0059529012069106111 46711.125000000007 4.1582024097442636 1.1464865207672121 7.5000000000000009 69.867019653320327 0.0092379390262067335 5.1707501411437997
decision_type=2 2 2 2 2 2 2 2 2 2 2 2 2 2
left_child=1 5 4 -3 -2 8 -7 -8 9 -1 11 -4 -10 -12
right_child=2 3 10 -5 -6 6 7 -9 12 -11 13 -13 -14 -15
leaf_value=0.00053040831419420148 -0.015546812868016053 -0.014275682987936508 0.011246354367551989 0.0043664608289692422 0.0062630736803707364 0.011588602004789329 -0.0106917746560889 0.0068950486973305344 0.012333794254314957 0.0025941551189578543 0.0081032993952873875 -0.013968231306033998 0.0015484325895400559 0.016568245242432573
leaf_weight=508.16413944214582 3.1734519153833416 7.406738266348837 5.0881866514682788 3.0629694908857346 3.0222274661064148 4.4612045437097576 16.954986497759823 4.6503825634717932 9.948461979627611 253.0302592292428 7.8337025642395002 3.0040080994367599 7.0254641622304908 5.6891529560089111
leaf_count=1402 14 39 9 8 7 7 81 12 14 627 17 15 19 6
internal_value=0.00120856 0.00107234 0.0051632 -0.00872631 -0.00474664 0.00120114 -0.00366428 -0.00686007 0.00136541 0.00121774 0.00804999 0.00176255 0.00792867 0.0117385
internal_weight=842.515 814.705 27.8107 10.4697 6.19568 804.235 26.0666 21.6054 778.168 761.194 21.6151 8.09219 16.9739 13.5229
internal_count=2277 2209 68 47 21 2162 100 93 2062 2029 47 24 33 23
is_linear=0
shrinkage=0.01


Tree=238
num_leaves=16
num_cat=0
split_feature=18 2 35 6 50 33 48 48 30 55 24 10 6 3 61
split_gain=4.47114 12.8415 13.5785 13.5054 11.0851 8.18188 7.07472 9.56528 9.49731 15.7771 10.8278 6.45311 15.765 3.87288 3.59099
threshold=8.5000000000000018 62467.000000000007 -2.0126076936721797 -1681011007.9999998 -0.0047052460722625247 -0.27160249650478357 -0.91094794869422901 -0.7213374376296996 6.7680635452270517 -0.4183355569839477 1.5000000000000002 -1.0000000180025095e-35 -1414684735.9999998 -4622.4999999999991 105.601619720459
decision_type=2 2 2 2 2 2 2 2 2 2 2 2 2 2 2
left_child=1 14 4 -4 -3 -5 -2 11 10 -10 -9 12 -8 -13 -1
right_child=6 2 3 5 -6 -7 7 8 9 -11 -12 13 -14 -15 -16
leaf_value=-0.017298172942723004 -0.01068189908183749 -0.016338068301434579 -0.008317999795379661 0.012969000393375948 0.0091912439708046866 0.001154422991458885 0.011867962530074185 -0.0049601475044886156 -0.010283713697977637 1.4481692814813939e-05 0.0015336991466595011 0.0039500318542764886 -0.016002115215832072 0.013210829760017853 -0.0003982808384166821
leaf_weight=3.1584341377019873 5.1260886490344992 4.5236138999462128 4.3343067318201056 26.374508902430531 2.6725357919931403 7.7821279317140606 4.4902636408805847 26.676073364913464 19.039489611983299 67.161078475415707 644.68969643861055 7.5622713267803237 3.6981119588017481 12.72958210110664 2.2953189611434937
leaf_count=13 19 21 16 38 5 21 7 86 79 211 1701 17 17 19 7
internal_value=0.00119683 0.00406895 0.00581431 0.00818328 -0.00671792 0.0103065 0.00100991 0.00108743 0.000872028 -0.00224852 0.00127418 0.00678198 -0.000596862 0.00980884 -0.0103689
internal_weight=842.314 51.1408 45.6871 38.4909 7.19615 34.1566 791.173 786.047 757.566 86.2006 671.366 28.4802 8.18838 20.2919 5.45375
internal_count=2277 121 101 75 26 59 2156 2137 2077 290 1787 60 24 36 20
is_linear=0
shrinkage=0.01


Tree=239
num_leaves=24
num_cat=0
split_feature=53 53 58 28 58 31 68 24 39 43 40 15 27 65 64 49 58 58 65 45 52 33 26
split_gain=4.44536 14.3958 14.453 15.3211 14.9243 13.8705 13.3695 12.6885 12.6563 11.335 11.9085 11.0115 13.8261 9.78199 9.3156 23.4551 9.79528 15.2531 15.0134 5.91518 5.22581 5.19111 4.66935
threshold=-0.12685070186853406 0.091117430478334441 97480.000000000015 -359.12499999999994 -39463.999999999993 -10.290257453918455 75.000007629394545 54.500000000000007 -0.81131845712661732 7319.2897949218759 0.45789420604705816 1.044999957084656 -90979.999999999985 -1.2185355424880979 1.0776363015174868 -0.40028737485408777 152344.00000000003 477568.00000000006 2.6343086957931523 -0.31710015237331385 0.022226686589419845 0.27213238179683691 0.051428548991680152
decision_type=2 2 2 2 2 2 2 2 2 2 2 2 2 2 2 2 2 2 2 2 2 2 2
left_child=5 2 4 19 6 22 -2 11 -6 -9 -11 13 -13 -7 15 21 18 -18 -16 -4 -5 -3 -1
right_child=1 14 3 20 8 7 -8 9 -10 10 -12 12 -14 -15 16 -17 17 -19 -20 -21 -22 -23 -24
leaf_value=-0.015308255259045866 0.0031132863424923997 0.010003611195821998 0.013086455167162444 -0.017370216006359608 -0.00093147220884336386 -0.0021400027929671115 -0.016176121287054996 0.013925457740883083 0.010733666659888414 0.0055691247664235244 -0.01587036117154458 0.0011403488956572535 -0.0036622720380959455 0.012783906125954023 -0.00011157291404470866 -0.016596054455912331 0.0066312190799811821 -0.010410242769287814 0.0084055512895756402 -0.0029687189283893706 0 -0.0033976934593990087 0.00087240235918333692
leaf_weight=7.4778936803340894 35.349390923976898 6.5915432125329989 4.8454251140356064 6.6586265265941602 10.887766614556311 6.7548457980155971 3.9921230524778357 12.860336676239969 58.136852622032166 13.21343317627907 3.2135780155658713 168.48778638988733 92.92994486540556 12.028190344572065 293.8163774907589 10.218956753611563 52.987029492855072 5.7882290184497824 22.249181292951107 4.2059158831834811 2.2672577053308487 5.0020628198981285 2.1917064636945724
leaf_count=35 84 11 8 29 33 18 18 18 99 29 15 461 299 17 832 46 116 23 43 12 7 17 7
internal_value=0.00118507 0.00175295 0.00469428 -0.00357477 0.00607529 0.000251359 0.0011305 0.000622915 0.00887915 0.006886 0.00131409 -2.81513e-05 -0.000563083 0.00736366 0.000813546 -0.00553124 0.00118543 0.00493595 0.000484819 0.00551556 -0.0129049 0.00413536 -0.0115373
internal_weight=842.154 522.997 126.343 17.9772 108.366 319.158 39.3415 309.488 69.0246 29.2873 16.427 280.201 261.418 18.783 396.653 21.8126 374.841 58.7753 316.066 9.05134 8.92588 11.5936 9.6696
internal_count=2277 1378 290 56 234 899 102 857 132 62 44 795 760 35 1088 74 1014 139 875 20 36 28 42
is_linear=0
shrinkage=0.01


Tree=240
num_leaves=21
num_cat=0
split_feature=58 2 28 48 24 11 48 31 34 20 2 50 28 39 27 27 2 28 54 24
split_gain=4.44663 13.9598 13.0446 11.9873 22.4092 10.6131 18.1044 14.9485 10.3248 16.0188 9.88784 9.63374 9.50587 9.62886 9.40953 10.2591 12.0676 8.10907 7.58191 4.88037
threshold=16608.000000000004 1134139.0000000002 -22.687499999999996 -1.0000000180025095e-35 15.500000000000002 36.204999923706062 1.9040054678916933 -5.316077232360839 -1.3336408138275144 375.40499877929693 91157.000000000015 -0.0090023158118128759 -954.24999999999989 3.6332036256790166 666368.00000000012 559712.00000000012 849002.50000000012 -392.18749999999994 4.3018939495086679 50.500000000000007
decision_type=2 2 2 2 2 2 2 2 2 2 2 2 2 2 2 2 2 2 2 2
left_child=1 2 5 4 -4 6 -1 -7 9 -2 -5 12 13 -3 15 16 -10 -14 -16 -13
right_child=8 11 3 10 -6 7 -8 -9 14 -11 -12 19 17 -15 18 -17 -18 -19 -20 -21
leaf_value=0.0025901360910233974 0.0073494162514092234 -0.014675976513056993 0.0014545156687162106 -0.0061144471815845784 -0.0073247592612819858 -0.00068737075800207894 -0.016060539251242689 0.0078313302749195464 -0.00023393663299843027 -0.016792514066036983 0.0047955120521626302 -0.014126445569280437 0.013251977094935979 0.0083101333567411027 -0.01557205682216199 0.010910699303620205 0.0050808489819424109 -0.0033328419040632852 0.004872973187000639 0.0029157664828284614
leaf_weight=121.12435990571976 4.0692418962717047 6.3710787147283536 88.067556358873844 9.3545351400971395 43.3201884329319 26.17741259932518 5.4271515011787406 93.154762893915176 270.91883058845997 8.1893164962530118 69.757461279630661 10.506628111004828 6.3886866718530655 2.492378443479538 6.2021150887012464 9.9673108309507352 50.659683600068092 5.3340796530246752 2.4719783812761307 1.8891510292887677
leaf_count=296 8 31 242 31 155 73 25 177 762 36 170 54 9 5 29 18 124 21 5 6
internal_value=0.00117363 0.00179087 0.00224638 0.000413828 -0.00143251 0.00381114 0.0017824 0.00595424 0.000313835 -0.008697 0.00349283 -0.00448177 -0.000238252 -0.00809953 0.000641447 0.000913197 0.000600215 0.00562027 -0.00963026 -0.0114485
internal_weight=841.844 489.365 456.383 210.5 131.388 245.884 126.552 119.332 352.478 12.2586 79.112 32.982 20.5862 8.86346 340.22 331.546 321.579 11.7228 8.67409 12.3958
internal_count=2277 1295 1169 598 397 571 321 250 982 44 201 126 66 36 938 904 886 30 34 60
is_linear=0
shrinkage=0.01


Tree=241
num_leaves=18
num_cat=0
split_feature=5 13 44 7 71 71 40 4 3 14 44 18 18 55 30 71 37
split_gain=4.41458 9.2176 5.79836 17.7613 11.8181 11.7111 16.1636 10.8845 8.26535 7.40663 7.14732 13.1631 7.19852 3.71863 7.60584 9.64268 3.07618
threshold=77737.011718750015 9827119.0000000019 108370.66406250001 2.1941950321197514 25122.358398437504 71738.468750000015 0.15110459178686145 107710.51171875001 -100600.99999999999 1.1549999713897707 61132.066406250007 142.00000000000003 8.5000000000000018 0.88594126701354992 2.8518328666687016 56283.080078125007 -1.0000000180025095e-35
decision_type=2 2 2 2 2 2 2 2 2 2 2 2 2 2 2 2 2
left_child=2 -2 5 4 -4 10 -7 9 -6 -5 12 -12 -1 14 15 -3 -8
right_child=1 13 3 7 8 6 16 -9 -10 -11 11 -13 -14 -15 -16 -17 -18
leaf_value=0.0048233111508206184 -0.0074322343074647744 -0.014943862921865853 -0.015931007141756874 0.001707498281628502 -0.0084678966041060854 -0.015843458494305088 -0.0018621809898972824 0.0083927515160933681 0.006479257856913204 -0.015598503682702738 -0.0080940192871806309 0.0059162342912674705 0.00083903964440355848 0.013867936100505882 0.01426115049292884 0.0091408934044743713 0.010314348383824981
leaf_weight=49.050841674208641 4.4442600458860424 3.1441225856542605 3.1819652467966071 2.8693926185369554 4.2733716592192676 9.3203983902931231 4.6947523504495621 2.8144309222698203 25.540113806724548 14.248838886618612 7.4285676032304755 64.427489638328552 626.42846374213696 7.7576674968004218 4.8427421450614929 3.4932636916637421 3.5754320099949819
leaf_count=112 18 15 14 7 18 42 15 6 54 66 26 141 1713 10 6 7 7
internal_value=0.0011623 0.00542864 0.00103754 -0.00215647 0.00232161 0.00125985 -0.0067952 -0.0096194 0.00430324 -0.0126392 0.00145079 0.00445392 0.00112984 0.0084517 0.00470459 -0.00211737 0.00328116
internal_weight=841.536 23.6821 817.854 52.9281 32.9955 764.926 17.5906 19.9327 29.8135 17.1182 747.335 71.8561 675.479 19.2378 11.4801 6.63739 8.27018
internal_count=2277 56 2221 165 86 2056 64 79 72 73 1992 167 1825 38 28 22 22
is_linear=0
shrinkage=0.01


Tree=242
num_leaves=25
num_cat=0
split_feature=54 61 37 10 72 51 28 68 65 61 2 1 50 69 28 39 7 49 47 18 58 47 14 31
split_gain=4.43796 13.0373 11.9776 17.3159 12.5487 11.3454 10.2757 11.0586 13.0455 10.2346 15.8775 14.5642 8.51729 15.2657 12.1684 11.7163 13.2252 10.8478 10.0408 18.4138 7.11614 6.77974 11.2249 9.27275
threshold=0.29366892576217657 190.20009613037112 -0.37779623270034784 -7.2500002715969445e-05 -885065.40624999988 0.0042139196302741775 467.90625000000006 85.714290618896499 2.1029968261718754 88.404224395751967 62467.000000000007 411186.00000000006 0.0034269909374415879 3.5195523500442509 2033.8750000000002 -1.6118280887603758 2.5485479831695561 -0.40028737485408777 0.67593964934349071 1615.0000000000002 16608.000000000004 -0.68166038393974293 1.1549999713897707 -3.1723346710205074
decision_type=2 2 2 2 2 2 2 2 2 2 2 2 2 2 2 2 2 2 2 2 2 2 2 2
left_child=1 6 4 5 -3 -4 9 8 -8 10 -1 -11 13 18 21 -15 -17 -16 20 -20 -2 22 -14 -23
right_child=12 2 3 -5 -6 -7 7 -9 -10 11 -12 -13 14 15 17 16 -18 -19 19 -21 -22 23 -24 -25
leaf_value=-0.016935523116724912 0.0086152610688809 -0.015959180954801325 0.011761538792609839 -0.015858874209360808 0.0071902037220811709 -0.001765764676939092 -0.0029087387637872554 -0.014286501727644181 0.0098642341570873808 0.0048108490686071068 0.00021282141338568723 -0.00096500581333919852 -0.009482134344182996 -0.016169349659371494 0.0033749775497524531 -0.0025371315086954822 0.0029835979246723978 -0.014813401755283673 -0.017055986761942709 0.01049173511980586 0.00036342197243500893 0 0.0084077288237204804 0.0065606262765655742
leaf_weight=5.7259898409247389 41.687970221042633 12.558320716023443 8.6140125989913923 6.5719797611236599 2.8126941770315161 21.842832572758198 54.346784718334675 6.9996341392397872 9.3582721799612028 149.20388875901699 93.035752907395363 61.340692058205605 3.7008333951234809 4.7837976366281501 6.5766827464103699 107.46369731426239 72.722377523779869 6.4073399007320386 5.3080952763557416 4.4297647625207901 14.29003171622753 50.503494769334793 53.641244739294052 37.396455004811287
leaf_count=25 75 57 15 29 6 69 189 36 19 345 252 178 13 22 19 329 183 32 23 7 37 138 101 78
internal_value=0.00115097 0.000441677 -0.00423047 -0.00112019 -0.0116581 0.00202729 0.00108855 -0.00234452 -0.00101669 0.00187656 -0.000771277 0.00312334 0.00189859 0.000746995 0.00371679 -0.000719177 -0.000303437 -0.00552358 0.00488904 -0.0044218 0.0065266 0.00454973 0.00723569 0.00278615
internal_weight=841.323 432.411 52.3998 37.0288 15.371 30.4568 380.011 70.7047 63.7051 309.306 98.7617 210.545 408.912 250.686 158.226 184.97 180.186 12.984 65.7159 9.73786 55.978 145.242 57.3421 87.8999
internal_count=2277 1220 176 113 63 84 1044 244 208 800 277 523 1057 676 381 534 512 51 142 30 112 330 114 216
is_linear=0
shrinkage=0.01


Tree=243
num_leaves=24
num_cat=0
split_feature=5 9 0 71 35 39 26 34 67 14 5 1 24 44 8 35 28 12 44 48 10 34 31
split_gain=4.36492 17.4712 20.1559 16.1919 13.1257 14.8033 10.4803 10.0806 17.1137 16.1637 9.78111 13.7334 12.1152 10.3906 10.1582 17.117 9.19998 6.28002 18.0855 5.30757 3.74046 3.46726 1.26443
threshold=8047.1999511718759 19445974.000000004 150932.00000000003 36334.363281250007 -1.610756993293762 -1.0000000180025095e-35 0.019285755231976513 1.4139002561569216 2.2277631759643559 2.2147500514984135 596.99499511718761 132395.50000000003 2.5000000000000004 13863.114746093752 2.7581499814987187 -1.8775413036346433 -1193.0624999999998 13136339.000000002 90811.546875000015 -0.4094856977462768 -5.1999999413965263e-05 1.0153595805168154 -1.0676535367965696
decision_type=2 2 2 2 2 2 2 2 2 2 2 2 2 2 2 2 2 2 2 2 2 2 2
left_child=7 2 3 6 5 -3 -2 10 9 20 14 13 -13 -12 16 -16 -1 19 -19 -6 -9 -5 -10
right_child=1 4 -4 21 17 -7 -8 8 22 -11 11 12 -14 -15 15 -17 -18 18 -20 -21 -22 -23 -24
leaf_value=0.0044286845170936843 -0.0022563179404157781 0.0077589092969946195 -0.015950481364748758 -0.016174320879886479 0.0032108021294795538 -0.015912800786359781 0.0053969463377187797 0.0028596159364493944 -0.014588501215357083 -0.015106309390656741 0.0080072526349097249 -0.01653989284888743 -0.0025637994854953781 -0.0051426109125643684 -0.0093994223014698796 0.0089514921394327051 0.0006267127424982586 -0.011796138383733772 0.0097176613320432651 0.012333476664119093 0.014438349287306652 -0.00083372062360348009 -0.0049885012312296121
leaf_weight=75.232242524623871 28.072843991219997 5.3220686018466949 7.4973683953285208 5.9805424809455854 8.3608135879039711 5.1913116425275785 48.675018578767776 6.6820944249629965 11.471322976052759 4.0621555149555197 20.961760282516483 6.7980686128139487 76.075458839535713 8.3273877650499326 5.8699839413166037 35.902966141700745 420.38725803047419 5.4976849406957653 13.334461212158201 31.998317316174511 5.1501263231039074 2.1416452527046204 1.9398516714572895
leaf_count=174 84 11 33 27 21 23 116 16 59 20 39 30 230 27 23 71 1153 22 26 50 7 7 8
internal_value=0.00113996 0.00261711 -0.000224627 0.0011528 0.00639712 -0.00383462 0.0025845 0.000785831 -0.00494524 0.00201979 0.00104594 -0.00163566 -0.00372232 0.00423439 0.00160749 0.00634886 0.00120585 0.00823134 0.00338402 0.0104684 0.00798392 -0.0122525 -0.0132745
internal_weight=840.933 162.072 92.3674 84.8701 69.7047 10.5134 76.7479 678.861 29.3056 15.8944 649.555 112.163 82.8735 29.2891 537.392 41.773 495.62 59.1913 18.8321 40.3591 11.8322 8.12219 13.4112
internal_count=2277 420 267 234 153 34 200 1857 110 43 1747 326 260 66 1421 94 1327 119 48 71 23 34 67
is_linear=0
shrinkage=0.01


Tree=244
num_leaves=24
num_cat=0
split_feature=31 41 5 26 71 31 40 54 18 18 72 8 56 9 26 12 59 54 33 0 54 53 39
split_gain=4.37545 17.8219 13.0183 12.3493 12.4816 11.8659 11.1283 9.90984 20.2185 9.80678 8.87103 8.55798 10.6353 8.53001 16.3607 11.2382 7.73077 6.85998 6.81011 11.8099 5.8561 4.16857 3.62496
threshold=5.6885704994201669 1.1777245998382571 12248.149902343752 0.019285755231976513 39657.750000000007 4.5941741466522226 -1.1060526967048643 -0.44238355755805964 62.500000000000007 30.500000000000004 -2632169.8749999995 1.879090487957001 1.6506541371345522 48113170.000000007 0.0053571632597595462 17914435.000000004 0.85805132985115062 4.3018939495086679 -1.1523885726928709 102468.50000000001 -0.62324166297912587 -0.12685070186853406 -1.127819776535034
decision_type=2 2 2 2 2 2 2 2 2 2 2 2 2 2 2 2 2 2 2 2 2 2 2
left_child=5 6 3 4 -3 10 22 9 -9 -8 17 18 20 15 -15 -12 -5 -1 19 -7 -13 -20 -2
right_child=1 2 -4 16 -6 11 7 8 -10 -11 13 12 -14 14 -16 -17 -18 -19 21 -21 -22 -23 -24
leaf_value=-0.015065457647219376 -0.0023468961821846834 -0.016675787480225968 -0.015392469220240798 0.015721185439599796 0.0065641341556550038 -0.010527753942518966 0.0052141693113807643 -0.016844331865384529 0.0032725963333257845 -0.016181726038526866 0.0011714322122817339 0.001064591165826106 0.010787783949817368 0.0061782019860275603 -0.016484484831410972 0.01218166512063262 0.0035748779569563308 0.0051513269395396999 0.013901875913524292 0.013369765077313488 -0.015972184958530332 0.0060515687430059452 -0.016257024406127238
leaf_weight=5.8720057681202871 2.6159726977348319 3.8603733032941836 2.885587900876998 13.160218164324762 5.6946751773357391 4.4892286658286995 2.8335456550121298 5.8731672614812842 33.396862640976906 8.0534316599369031 663.58475983142853 3.5829168856143951 4.7403565645217896 5.4604164808988553 7.4932409673929214 9.4244074225425702 9.1176434457302076 2.2611156105995178 17.396276086568832 3.8291721493005753 4.3325119167566282 12.029444992542272 8.6502767950296384
leaf_count=28 9 17 13 18 12 17 6 26 84 36 1792 9 8 11 35 15 23 5 24 5 19 26 39
internal_value=0.00112891 -0.000872336 0.00484117 0.00670672 -0.00272046 0.00138869 -0.00411808 -0.00207706 0.000238474 -0.0105212 0.00104675 0.00607787 -0.000967731 0.00117115 -0.00685418 0.0013271 0.010795 -0.00932197 0.00846679 0.000352668 -0.00813416 0.0107266 -0.0131159
internal_weight=840.638 96.1418 34.7185 31.8329 9.55505 744.496 61.4233 50.157 39.27 10.887 694.096 50.3999 12.6558 685.963 12.9537 673.009 22.2779 8.13312 37.7441 8.3184 7.91543 29.4257 11.2662
internal_count=2277 283 83 70 29 1994 200 152 110 42 1886 108 36 1853 46 1807 41 33 72 22 28 50 48
is_linear=0
shrinkage=0.01


Tree=245
num_leaves=28
num_cat=0
split_feature=53 53 58 28 58 68 39 24 48 3 6 48 43 40 46 72 59 18 39 54 28 48 72 48 52 0 69
split_gain=4.3686 14.0345 14.0931 14.9565 14.5842 13.0451 12.4457 11.896 11.8742 15.0162 16.7216 15.28 9.88471 12.3065 10.0792 8.97558 26.2844 19.0837 12.793 13.6871 8.83105 8.28903 7.18189 5.74792 5.10069 1.99131 0.00693363
threshold=-0.12685070186853406 0.091117430478334441 97480.000000000015 -359.12499999999994 -39463.999999999993 75.000007629394545 -0.81131845712661732 54.500000000000007 -0.66883382201194752 -20646.999999999996 -58819213.999999993 -0.36285336315631861 7319.2897949218759 0.45789420604705816 1.279135048389435 -823206.53124999988 1.0770056843757632 408.00000000000006 1.7437593936920168 -0.44238355755805964 2033.8750000000002 -0.81283339858055104 -1018972.2187499999 -0.32149487733840937 0.022226686589419845 166174.00000000003 33.333343505859382
decision_type=2 2 2 2 2 2 2 2 2 2 2 2 2 2 2 2 2 2 2 2 2 2 2 2 2 2 2
left_child=7 2 4 23 5 -2 -6 8 21 11 -11 -10 25 14 -14 18 17 -17 19 -3 -20 -1 -23 -4 -5 -9 -18
right_child=1 15 3 24 6 -7 -8 12 9 10 -12 -13 13 -15 -16 16 26 -19 20 -21 -22 22 -24 -25 -26 -27 -28
leaf_value=-0.0051736405757536897 0.00301801972028015 -0.0036120561686322715 0.012861912623931229 -0.017253260679813139 -0.0010072939639065488 -0.016082528228383214 0.010570010992363307 0.0082190186161626745 -0.0036215745625022252 -0.005076340831086738 0.0053578954937701486 0.0035120897235871229 0.01315452598054387 -0.015804144331910661 -0.0043948377691676197 0.0082966946842828425 -0.018845300290019219 -0.0097251947315123346 0.0059908349728232547 0.0015123258795915178 -0.0081341683238324077 0.00097329344032717952 0.013259112129478914 -0.0029777588627958817 0 0.016451086841544667 -0.015250974029468805
leaf_weight=5.2197121977806118 35.283173993229866 68.247568756341934 4.8407987803220749 6.6287545263767225 10.870802268385885 3.9715980589389792 58.008335769176483 6.2757986038923281 44.228800863027573 107.23508223891258 17.836674958467484 93.044089108705521 7.4382257759571093 3.4311713427305213 5.7313330471515656 16.03379658609629 4.1707642376422864 9.2486447766423208 66.186973467469215 220.20054143667221 4.6853709965944281 7.6932258307933852 13.303540527820584 4.195315286517145 2.2676946669816971 7.0055060088634491 7.1003911942243576
leaf_count=16 84 228 8 29 33 18 99 12 140 366 38 234 10 16 19 31 17 34 143 580 21 21 19 12 7 8 34
internal_value=0.00111798 0.0016814 0.00458876 -0.00358688 0.00595383 0.00106005 0.00872831 0.000191378 -0.000427353 -0.00107185 -0.0035803 0.00120637 0.00619973 0.000989796 0.00544119 0.000753017 -0.00396143 0.0016645 0.0012354 0.000296417 0.00504292 0.00598387 0.00880521 0.00539715 -0.0128244 0.0126365 -0.0166697
internal_weight=840.384 521.941 126.066 17.9326 108.134 39.2548 68.8791 318.443 288.561 262.345 125.072 137.273 29.882 16.6007 13.1696 395.874 36.5536 25.2824 359.32 288.448 70.8723 26.2165 20.9968 9.03611 8.89645 13.2813 11.2712
internal_count=2277 1378 290 56 234 102 132 899 834 778 404 374 65 45 29 1088 116 65 972 808 164 56 40 20 36 20 51
is_linear=0
shrinkage=0.01


Tree=246
num_leaves=29
num_cat=0
split_feature=54 61 21 21 34 1 1 61 67 38 38 66 55 49 50 50 39 7 35 5 41 38 24 71 60 34 27 34
split_gain=4.32052 12.7124 11.8452 14.1285 12.6752 9.25882 17.2476 14.8278 13.5414 12.9436 11.0611 9.72944 9.04121 8.58764 8.35578 12.8421 12.7099 12.6668 12.3257 11.2641 12.7163 12.0155 9.89436 9.03487 8.82935 13.2809 9.13135 8.61355
threshold=0.29366892576217657 190.20009613037112 -1243.4999999999998 -6747.9999999999991 1.4507862329483034 411186.00000000006 495426.50000000006 61.01323318481446 -4.2425875663757315 1.0329803824424746 -1.8984381556510923 -2.6871143579483028 -0.029260637238621708 -0.97137844562530506 0.0034269909374415879 -0.0071258812677115193 -1.6118280887603758 2.5485479831695561 -2.0126076936721797 4184.9299316406259 -1.0342189669609068 -1.7298253774642942 14.500000000000002 17990.360351562504 1.0000000180025095e-35 1.1767813563346865 305312.00000000006 0.82659780979156505
decision_type=2 2 2 2 2 2 2 2 2 2 2 2 2 2 2 2 2 2 2 2 2 2 2 2 2 2 2 2
left_child=1 5 3 4 -3 7 10 11 -8 -9 -7 -1 -5 -4 15 18 -17 -18 23 24 27 -22 -20 -2 26 -26 -16 -21
right_child=14 2 13 12 -6 6 8 9 -10 -11 -12 -13 -14 -15 19 16 17 -19 22 20 21 -23 -24 -25 25 -27 -28 -29
leaf_value=0.0056544251922983537 -0.011370334921715382 -0.015336063070585344 0.0015101006015788485 0.009978463368605018 0.0085784975297385456 0.0047919498873035087 -0.01563624491612467 0.0045509943828557784 0.0012483340535812812 -0.00098657557907610213 -0.012091912213111573 -0.011468039301472072 -0.0024734672528722405 -0.015029139881777596 0.0051244809110734743 -0.015812957648138413 -0.0024704226851269256 0.003075899784783797 0.0088335905467446761 -0.0035252023872467987 0.0062134409608485828 -0.014179437023375983 -0.00053046417032573845 0.0039357209244261972 0.0040785362904818432 -0.010803843901234065 0.013277028156620478 0.0097106225720473473
leaf_weight=4.4870371371507671 7.6963685154914838 9.2905673459172231 3.999623671174052 11.504723608493805 2.852564573287963 4.7742785364389446 4.9370722919702521 153.91946145892143 122.45479170978069 57.78395102918148 19.091577276587486 12.085961036384104 11.629739865660667 12.992090068757532 71.977186799049377 5.4279690682888022 103.64723354578018 68.271724179387093 42.529256589710712 8.7864317744970339 3.9077876359224311 10.498993724584578 15.090934067964552 7.6028463691473007 26.819477319717407 7.7118863165378562 17.289304122328758 10.943357214331625
leaf_count=9 33 43 11 20 6 11 22 356 346 175 79 46 34 62 155 25 313 168 77 27 8 46 40 20 66 34 25 20
internal_value=0.00110727 0.000406997 -0.00421273 -0.000878074 -0.0096359 0.00104586 -0.00086811 0.00231845 0.000586122 0.0030348 -0.00867246 -0.0067719 0.00367563 -0.0110772 0.00184559 0.000704072 -0.000743671 -0.000262074 0.00423883 0.00364814 -0.00141479 -0.00857853 0.00636376 -0.00369873 0.00505229 0.000725896 0.00671468 0.00376552
internal_weight=840.004 431.803 52.2693 35.2776 12.1431 379.534 151.258 228.276 127.392 211.703 23.8659 16.573 23.1345 16.9917 408.201 250.266 177.347 171.919 72.9194 157.934 34.1366 14.4068 57.6202 15.2992 123.798 34.5314 89.2665 19.7298
internal_count=2277 1220 176 103 49 1044 458 586 368 531 90 55 54 73 1057 676 506 481 170 381 101 54 117 53 280 100 180 47
is_linear=0
shrinkage=0.01


Tree=247
num_leaves=22
num_cat=0
split_feature=5 9 0 71 26 34 11 14 69 0 3 43 1 31 13 46 10 44 61 68 34
split_gain=4.36366 17.0622 19.7342 15.8127 10.2163 9.82409 24.3627 16.278 9.6757 13.0376 15.673 14.3673 11.0615 9.60115 10.7074 11.3139 9.22033 6.6823 3.97238 3.44258 3.40762
threshold=8047.1999511718759 19445974.000000004 150932.00000000003 36334.363281250007 0.019285755231976513 1.4139002561569216 60.859998703002937 2.2147500514984135 95.23804092407228 36468.500000000007 25810.000000000004 291.30999755859381 40905.000000000007 6.1695766448974618 17214831.000000004 0.063553307205438628 -0.00069850002182647575 1804.5550537109377 151.39384460449222 70.270221710205092 1.0153595805168154
decision_type=2 2 2 2 2 2 2 2 2 2 2 2 2 2 2 2 2 2 2 2 2
left_child=5 2 3 4 -2 8 7 19 9 10 -1 -11 17 14 18 -16 -14 -10 -3 -7 -5
right_child=1 13 -4 20 -6 6 -8 -9 12 11 -12 -13 16 -15 15 -17 -18 -19 -20 -21 -22
leaf_value=0.0035144350570505008 -0.0022429821966145633 0.014327238073592192 -0.015839266360586281 -0.016058056341253048 0.0053172495247158728 0.004023160400566524 -0.014702531151627746 -0.014337530249803115 -0.015657362659890945 -0.0054458713287866235 -0.016717019352540077 0.00011851490284176482 0.0076138069353831987 -0.0090525944830965096 0.0065162002353317885 -0.0069598432165418455 0.0021773120074723555 0.0042462533425602503 0.0055823618247976868 0.015153456685139182 -0.0008238401057697964
leaf_weight=128.90998957306147 28.036889500916004 20.087548092007641 7.4574745148420325 5.9471602588891965 48.638796523213387 6.10955958068371 13.627750582993029 3.7889219820499411 4.9513636529445639 55.387312263250351 3.9312234818935385 284.12408339232206 41.762275069952011 3.7859821319580069 30.296617157757282 7.7773411720991126 127.1226497516036 2.4553622826933861 7.5869136303663245 5.6326941847801208 2.1377241015434265
leaf_count=300 84 27 33 27 116 14 69 20 23 199 17 794 89 13 67 29 319 6 17 7 7
internal_value=0.00109677 0.00257508 -0.000234699 0.00112644 0.00253977 0.000742506 -0.00492994 0.00358059 0.000999045 0.000250593 0.00290819 -0.000786304 0.00299876 0.00631585 0.00721602 0.00373719 0.00352758 -0.00892421 0.011966 0.00944746 -0.0121537
internal_weight=839.556 161.752 92.218 84.7606 76.6757 677.803 29.1589 15.5312 648.644 472.353 132.841 339.511 176.292 69.5344 65.7484 38.074 168.885 7.40673 27.6745 11.7423 8.08488
internal_count=2277 420 267 234 200 1857 110 41 1747 1310 317 993 437 153 140 96 408 29 44 21 34
is_linear=0
shrinkage=0.01


Tree=248
num_leaves=15
num_cat=0
split_feature=52 11 34 0 66 59 29 14 2 34 52 60 33 18
split_gain=4.31863 9.92983 7.43641 7.36049 6.11331 6.90818 17.2481 12.3904 6.00111 7.03253 5.61216 4.04258 3.12425 2.00641
threshold=0.051259016618132598 82.049999237060561 -0.35430364310741419 20388.000000000004 4.1582024097442636 1.1464865207672121 1.0192955732345583 0.84499999880790722 1038307.5000000001 1.1767813563346865 0.014564037322998049 0.0071200565434992322 0.52725836634635936 8884.5000000000018
decision_type=2 2 2 2 2 2 2 2 2 2 2 2 2 2
left_child=1 4 -3 -2 5 7 -7 -1 12 -10 13 -12 -5 -6
right_child=3 2 -4 8 10 6 -8 -9 9 -11 11 -13 -14 -15
leaf_value=0.01046299732772658 -0.007238500816524631 0.0042158887392449544 -0.014204852647271289 0.014060525380894702 0.014920699002594058 -0.01245076344455757 0.0027460925987262482 4.8446252983823753e-05 -0.013583589281213945 0.0089495327466624936 -0.0070255894750753936 0.0085598207716994796 0.0054602848768100301 0.006472101937865197
leaf_weight=11.68879275023937 4.1125690191984203 3.0161234885454178 7.3629683107137662 9.318783134222036 6.0417499542236346 7.678704395890235 248.6808752939105 513.85722924023867 2.6777483224868766 2.8371592313051224 4.0404683947563163 2.816812589764595 8.675561770796774 6.4020249098539352
leaf_count=18 15 8 39 13 7 30 614 1458 14 7 16 6 19 13
internal_value=0.00108623 0.00095236 -0.00875551 0.00498327 0.00107937 0.000940637 0.002287 0.000281982 0.00716381 -0.00181004 0.00664764 -0.000477633 0.00996969 0.0106545
internal_weight=839.208 811.586 10.3791 27.6218 801.207 781.906 256.36 525.546 23.5093 5.51491 19.3011 6.85728 17.9943 12.4438
internal_count=2277 2209 47 68 2162 2120 644 1476 53 21 42 22 32 20
is_linear=0
shrinkage=0.01


Tree=249
num_leaves=22
num_cat=0
split_feature=5 13 0 71 37 71 40 34 11 14 5 10 1 8 35 38 50 1 3 68 38
split_gain=4.27643 12.6367 22.9664 13.3149 12.0932 18.8474 12.0646 9.62673 23.9915 16.0121 9.46232 13.4778 11.3185 9.98962 16.7013 9.01838 8.50419 21.1708 5.27333 3.39374 3.07406
threshold=8047.1999511718759 11477260.500000002 137226.50000000003 36334.363281250007 -1.9937008619308469 23652.882812500004 -0.27916145324707026 1.4139002561569216 60.859998703002937 2.2147500514984135 596.99499511718761 0.00046963999920990323 132395.50000000003 2.7581499814987187 -1.8775413036346433 -1.8984381556510923 0.0042089927010238179 737843.50000000012 -100600.99999999999 70.270221710205092 2.0099818706512456
decision_type=2 2 2 2 2 2 2 2 2 2 2 2 2 2 2 2 2 2 2 2 2
left_child=7 2 3 6 5 -3 -2 10 9 19 13 12 -12 15 -15 -1 18 -18 -6 -9 -5
right_child=1 4 -4 20 16 -7 -8 8 -10 -11 11 -13 -14 14 -16 -17 17 -19 -20 -21 -22
leaf_value=0.0036644705707215936 0.0057698289471875405 0.0092069827343043507 -0.016207425266087139 -0.015719587590234594 0.0033548234513986427 -0.015830302651876082 -0.0030515168260768122 0.0039812642602358268 -0.014635132684458502 -0.014279370049896108 0.0045287521377874833 -0.01616393435329485 -0.0028236890714849684 -0.0093408138302766112 0.0088067861102598486 0.00040930460454387718 -0.016413761066443652 0.0096092558581181483 0.010992048447199587 0.015044977780017118 -0.00088918267152347504
leaf_weight=109.60317020118237 47.666479378938675 5.7943296879529935 8.0166522264480573 5.0009280741214743 12.406601898372172 6.1985905766487122 22.813980132341385 6.108317047357561 13.549574986100195 3.7683333232998839 28.680564194917679 6.0689635276794425 77.136337384581566 5.855015665292739 35.862225964665413 385.17495307326317 4.8942531794309607 8.6502643972635251 38.013165429234505 5.6120585948228836 2.1442889869213104
leaf_count=260 111 11 35 23 32 28 71 14 69 20 64 27 235 23 71 1067 22 17 63 7 7
internal_value=0.00107565 0.00253985 -8.21824e-05 0.00157024 0.00550938 -0.00365026 0.00290024 0.00072489 -0.00490239 0.00354727 0.000978455 -0.00166259 -0.000821437 0.00153111 0.0062358 0.00113241 0.00724239 0.00013212 0.00913262 0.00936422 -0.0114089
internal_weight=839.019 161.6 85.6423 77.6257 75.9572 11.9929 70.4805 677.42 29.0383 15.4887 648.381 111.886 105.817 536.495 41.7172 494.778 63.9643 13.5445 50.4198 11.7204 7.14522
internal_count=2277 420 247 212 173 39 182 1857 110 41 1747 326 299 1421 94 1327 134 39 95 21 30
is_linear=0
shrinkage=0.01


Tree=250
num_leaves=16
num_cat=0
split_feature=54 72 0 13 11 36 37 13 65 45 5 59 43 43 28
split_gain=4.27097 6.25989 8.45628 7.92577 10.9183 14.3391 10.4238 9.00642 15.1779 6.93519 5.71958 10.2681 5.74428 10.3165 6.34915
threshold=4.3018939495086679 -2632169.8749999995 188090.50000000003 13879009.500000002 28.530000686645511 -1.2967151403427122 1.9593003988265993 12634673.000000002 -1.3835438489913938 -0.61121988296508778 38603.980468750007 1.450089752674103 17193.365234375004 9331.6801757812518 -872.87499999999989
decision_type=2 2 2 2 2 2 2 2 2 2 2 2 2 2 2
left_child=1 2 -1 7 5 -5 -6 9 -9 -3 11 12 13 -2 -14
right_child=10 3 -4 4 6 -7 -8 8 -10 -11 -12 -13 14 -15 -16
leaf_value=-0.014832494135970646 0.0028566283255765583 0.004497755428746527 0.0068902338779787053 -0.015773071783443372 0.0046548748963791461 0.0021370879381476136 -0.0034448264464876331 0.0065319131246406592 -0.016389119190154022 0.00023247858048242677 0.01253927690502841 -0.011679249543171765 -0.0029025463344869184 -0.012344482706716299 0.0088142831230258942
leaf_weight=5.5878375917673093 35.621987231075764 41.193297632038593 2.5658641308546066 6.9442421942949322 135.19117886573076 12.338419757783411 17.85973933339119 4.4639738947153091 7.9451232925057393 522.11169273406267 6.1600303798913947 4.7785882502794257 5.5131682902574566 5.0936452597379676 25.313907563686371
leaf_count=27 89 93 5 32 313 32 60 9 36 1476 9 18 16 19 43
internal_value=0.00106529 0.000827835 -0.00787399 0.000924022 0.00280625 -0.00426102 0.00370317 0.000358862 -0.00806306 0.000546164 0.00323024 0.00246578 0.00342456 0.000930364 0.00668639
internal_weight=838.683 756.201 8.1537 748.048 172.334 19.2827 153.051 575.714 12.4091 563.305 82.4813 76.3213 71.5427 40.7156 30.8271
internal_count=2277 2083 32 2051 437 64 373 1614 45 1569 194 185 167 108 59
is_linear=0
shrinkage=0.01


Tree=251
num_leaves=24
num_cat=0
split_feature=53 53 58 28 58 31 68 57 48 48 52 44 64 49 58 58 65 3 37 45 6 67 37
split_gain=4.28753 13.6938 13.7802 14.6032 14.1411 13.2416 12.7295 11.7462 9.51012 14.1656 11.2612 11.0357 8.76297 22.5299 9.54914 14.7781 14.3269 6.84805 14.726 5.5979 5.01375 4.47518 3.76421
threshold=-0.12685070186853406 0.091117430478334441 97480.000000000015 -359.12499999999994 -39463.999999999993 -10.290257453918455 75.000007629394545 0.73790225386619579 -0.66883382201194752 -0.54818105697631825 0.019497352652251724 16667.824218750004 1.0776363015174868 -0.40028737485408777 152344.00000000003 477568.00000000006 2.6343086957931523 14972.500000000002 -1.6065540909767149 -0.31710015237331385 -559776415.99999988 3.9674335718154912 1.2845557928085329
decision_type=2 2 2 2 2 2 2 2 2 2 2 2 2 2 2 2 2 2 2 2 2 2 2
left_child=5 2 4 19 6 21 -2 -6 17 11 -11 -10 13 22 16 -16 -14 18 -7 -4 -5 -1 -3
right_child=1 12 3 20 7 8 -8 -9 9 10 -12 -13 14 -15 15 -17 -18 -19 -20 -21 -22 -23 -24
leaf_value=-0.015278323211430014 0.0029497321267826304 0.0085594928772445827 0.01264648601881853 -0.017119867351246511 -0.0032093923731939347 0.0071472806638909663 -0.015969993458584797 0.010019733240811287 -0.0024727180247824279 -0.00026985023626827824 0.0051894618112995495 -0.016157014793345387 -0.00021743045377404109 -0.0163914388997402 0.0064380508290567745 -0.010384774656660021 0.0081583851361624899 0.012237298271787026 -0.017561547889146541 -0.0030033032654026982 0 0.00030401456258239828 -0.0031170865533775047
leaf_weight=7.2851136177778226 35.242514029145241 7.1073803901672381 4.833415761590004 6.6307229399681091 7.4138758927583686 10.961860820651053 3.9481584280729285 61.271256417036057 18.900365434587005 209.2879052311182 46.0371103733778 8.7178067862987501 292.90541114658117 10.114049673080443 52.765591651201248 5.7537976801395407 21.940599717199802 11.179693743586538 3.0834104418754604 4.1820630580186862 2.2343619614839536 2.3006423637270927 4.3567000180482864
leaf_count=34 84 13 8 29 25 22 18 107 58 596 112 39 832 46 116 23 43 17 13 12 7 8 15
internal_value=0.00105494 0.00161374 0.0044891 -0.00360722 0.00584034 0.000136095 0.0010182 0.00857722 0.000499239 -2.17626e-05 0.00071059 -0.00682844 0.000695645 -0.00549299 0.00105599 0.00476689 0.000363077 0.00638285 0.00165166 0.00527601 -0.0127539 -0.0114341 0.00403481
internal_weight=838.454 520.7 125.756 17.8806 107.876 317.754 39.1907 68.6851 308.168 282.943 255.325 27.6182 394.944 21.5781 373.365 58.5194 314.846 25.225 14.0453 9.01548 8.86508 9.58576 11.4641
internal_count=2277 1378 290 56 234 899 102 132 857 805 708 97 1088 74 1014 139 875 52 35 20 36 42 28
is_linear=0
shrinkage=0.01


Tree=252
num_leaves=25
num_cat=0
split_feature=58 2 28 48 24 25 59 22 22 11 48 31 2 5 14 1 50 33 28 56 40 39 24 65
split_gain=4.23696 13.3353 12.2563 11.671 21.622 10.6998 13.4884 11.4107 11.6037 10.3486 17.4467 14.4561 9.52121 9.31185 18.4304 15.9701 9.20851 9.7081 8.59425 8.55018 15.4918 10.346 4.75754 1.9428
threshold=16608.000000000004 1134139.0000000002 -22.687499999999996 -1.0000000180025095e-35 15.500000000000002 18.500000000000004 0.94966354966163646 278.70500183105474 3366.640014648438 36.204999923706062 1.9040054678916933 -5.316077232360839 91157.000000000015 596.99499511718761 5.3192501068115243 666408.50000000012 -0.0090023158118128759 -1.4293891787528989 -954.24999999999989 -0.78146365284919728 -0.91443032026290882 0.77681398391723644 50.500000000000007 1.7762216925621035
decision_type=2 2 2 2 2 2 2 2 2 2 2 2 2 2 2 2 2 2 2 2 2 2 2 2
left_child=1 2 9 4 -4 13 -7 -8 -9 10 -1 -11 -5 19 15 -15 17 -3 -19 20 -2 -21 -18 -16
right_child=5 16 3 12 -6 6 7 8 -10 11 -12 -13 -14 14 23 -17 22 18 -20 21 -22 -23 -24 -25
leaf_value=0.0024006211281925789 0.0056132339625994667 -0.014081131200082551 0.0013281887772944301 -0.0060900628702589199 -0.0073156582990408763 -0.015605455596742304 -0.016326285273675651 0.0067665437260959194 -0.0082219331018455882 -0.00080612499551442575 -0.01597822102581125 0.0075884431083700467 0.0046399492574087809 -0.0033680648627059978 -0.015753313137599149 0.004885391030162071 -0.014024404486122726 -0.005784102562112107 0.0090163824926693826 0.00091119812528935311 -0.015501399648670106 0.0058144522338475493 0.0028241600754917479 -0.00445348242662502
leaf_weight=120.80448491871357 6.507233202457428 4.1289101839065543 87.682861007750034 9.3124870136380178 43.104661181569099 8.9625517874956113 4.3029853701591518 14.571815133094789 7.9703997373580924 26.081168532371521 5.3853649944066992 92.635856166481972 69.439976438879967 60.431521341204643 9.0901280194520933 38.291428655385971 10.394238866865633 6.4574235379695919 9.8151093423366564 125.38743013143539 7.3430940583348256 66.023155175149441 1.8850075304508198 2.1445817947387686
leaf_count=296 15 22 242 31 155 42 19 30 30 73 25 177 170 184 41 94 54 24 20 340 34 145 6 8
internal_value=0.00104471 0.00164855 0.00209375 0.000313089 -0.00151299 0.000203896 -0.00497232 -0.00138509 0.00142261 0.00361319 0.00160835 0.0057358 0.00335843 0.000795069 -0.00154804 -0.000156688 -0.00451162 -0.000342787 0.00308166 0.00205514 -0.00550901 0.0026077 -0.0113565 -0.0136853
internal_weight=838.154 487.128 454.447 209.54 130.788 351.026 35.8078 26.8452 22.5422 244.907 126.19 118.717 78.7525 315.219 109.958 98.7229 32.6807 20.4014 16.2725 205.261 13.8503 191.411 12.2792 11.2347
internal_count=2277 1295 1169 598 397 982 121 79 60 571 321 250 201 861 327 278 126 66 44 534 49 485 60 49
is_linear=0
shrinkage=0.01


Tree=253
num_leaves=17
num_cat=0
split_feature=54 57 1 20 2 54 55 55 41 41 70 5 24 54 1 3
split_gain=4.20448 8.43078 5.82506 18.8583 14.2271 13.7256 12.3866 11.212 5.75739 9.04236 9.19929 6.93458 5.26944 3.00478 7.12242 2.32831
threshold=4.3018939495086679 0.54489997029304515 169195.00000000003 11232.215332031252 296327.00000000006 3.6119806766510014 -0.11558997631072997 -0.51633572578430165 1.2437162995338442 0.64479124546051036 28924.002929687504 6794.8999023437509 93.000000000000014 5.92757272720337 265838.50000000006 -56710.999999999993
decision_type=2 2 2 2 2 2 2 2 2 2 2 2 2 2 2 2
left_child=1 15 3 4 -3 7 -5 -4 9 10 12 -12 -2 -10 -15 -1
right_child=8 2 5 6 -6 -7 -8 -9 13 -11 11 -13 -14 14 -16 -17
leaf_value=0 0.0028808591625957853 0.002540679025889479 -0.0027660243655432365 0.0023356441465096178 0.016649637694305164 -0.015219098778020955 -0.017031861707797035 0.0011573595344362415 0.011589714572327436 -0.011390121627115477 -0.016957002627209759 0.0037575354813291426 0.012616950118481872 0.0091147895657668551 -0.0065951670407445838 -0.013451761053511741
leaf_weight=1.7854670286178587 40.83197346329689 193.34398597478867 87.136595509946346 5.463487207889556 7.4546359926462165 5.604777678847312 8.0423612147569639 441.44843725115061 10.030007287859917 4.9558715522289267 3.8735842108726493 2.6591035276651382 6.5552063733339301 9.1968625932931882 4.1335337162017831 5.2414874881505957
leaf_count=7 100 477 273 14 9 26 36 1212 14 19 17 6 9 15 14 29
internal_value=0.00103468 0.000799192 0.000902772 0.00229639 0.00306945 0.000341813 -0.00912313 0.000508703 0.00318605 0.00149802 0.00270114 -0.00837216 0.00424878 0.00739761 0.00416838 -0.0100915
internal_weight=837.757 755.521 748.494 214.304 200.799 534.19 13.5058 528.585 82.2361 58.8757 53.9199 6.53269 47.3872 23.3604 13.3304 7.02695
internal_count=2277 2083 2047 536 486 1511 50 1485 194 151 132 23 109 43 29 36
is_linear=0
shrinkage=0.01


Tree=254
num_leaves=13
num_cat=0
split_feature=48 48 53 31 53 58 24 58 61 56 34 39
split_gain=4.2382 8.45776 7.01363 17.3148 13.2661 16.1978 12.1687 9.03601 5.9776 6.07871 5.34621 2.97012
threshold=-0.91094794869422901 -0.7213374376296996 -0.12685070186853406 -10.290257453918455 0.091117430478334441 97480.000000000015 54.500000000000007 152344.00000000003 83.639728546142592 -1.0000000180025095e-35 -0.73784729838371266 0.29869255423545843
decision_type=2 2 2 2 2 2 2 2 2 2 2 2
left_child=10 8 3 -3 5 -4 -5 -6 -2 -10 -1 -11
right_child=1 2 4 6 7 -7 -8 -9 9 11 -12 -13
leaf_value=0.0014788281283307104 -0.0018840626321506918 -0.014965421937395447 0.0059305003409704758 -0.00059244310902904329 1.0826384164688817e-05 -0.0046249973942660933 0.006334025068030014 0.0042064488118845177 0 0.015703199026911651 -0.016709351474319879 0.0070505346149735701
leaf_weight=3.2634771913290024 6.6636256575584438 7.8601862639188758 105.65927682816982 262.5734146386385 319.35106189548969 16.749077245593071 28.072394616901875 61.273530766367912 5.8194925263524118 9.2179493904113752 3.0349490195512763 7.9899092912673941
leaf_count=8 19 38 228 762 901 54 61 149 17 11 13 16
internal_value=0.00102462 0.00108759 0.000891996 -0.000319523 0.00161291 0.00447803 7.3118e-05 0.000688871 0.00633416 0.00875576 -0.00712653 0.0117437
internal_weight=837.528 831.23 801.539 298.506 503.033 122.408 290.646 380.625 29.691 23.0274 6.29843 17.2079
internal_count=2277 2256 2193 861 1332 282 823 1050 63 44 21 27
is_linear=0
shrinkage=0.01


Tree=255
num_leaves=16
num_cat=0
split_feature=56 58 57 38 68 54 17 46 2 50 45 58 47 14 56
split_gain=4.22848 10.0422 12.3319 9.89323 8.55448 15.5851 10.2611 8.43277 7.79431 9.70244 13.5796 8.9851 4.07015 3.91573 3.83087
threshold=1.9432727694511416 -364639.99999999994 1.663668751716614 3.0136001110076909 15.693591594696047 -0.8305259346961974 1515.0000000000002 -1.0743501782417295 1632795.5000000002 -0.010388504248112438 1.0000000180025095e-35 735808.00000000012 0.43975067138671881 5.4822499752044687 -0.78146365284919728
decision_type=2 2 2 2 2 2 2 2 2 2 2 2 2 2 2
left_child=1 2 13 4 5 -3 -6 -2 9 12 -11 -10 -9 -1 -5
right_child=7 3 -4 14 6 -7 -8 8 11 10 -12 -13 -14 -15 -16
leaf_value=-0.013800200795653843 0.013885610332829154 0.0044285996855738322 0.0061076566037651442 0.0022944552277958923 0.00087514945295704858 -0.010476515576639329 0.0059184952347167696 0.0039091815706959456 -0.013440102341159877 0.0024312641091281425 -0.0082993933835734772 0.0064627476565078746 0.013214300313526568 0.001335375934879518 -0.013153229883211388
leaf_weight=11.720009528100492 6.108223244547843 11.839551225304605 5.409390151500701 1.9548893421888349 538.65537640452385 16.982786595821381 43.723133198916912 9.0311009138822573 6.6437051221728307 149.67167708277702 12.769548937678335 3.3667819648981094 10.752432167530058 1.8626899421215046 6.9166163280606252
leaf_count=65 8 28 12 7 1457 64 96 21 36 368 48 7 14 6 40
internal_value=0.00101453 0.000616508 -0.00654022 0.000837323 0.000990986 -0.00431914 0.0012555 0.00229191 0.00191832 0.00239431 0.00158157 -0.00664637 0.0090171 -0.0116509 -0.00963652
internal_weight=837.408 639.064 18.9921 620.072 611.201 28.8223 582.379 198.343 192.235 182.225 162.441 10.0105 19.7835 13.5827 8.87151
internal_count=2277 1775 83 1692 1645 92 1553 502 494 451 416 43 35 71 47
is_linear=0
shrinkage=0.01


Tree=256
num_leaves=26
num_cat=0
split_feature=54 21 53 49 22 14 53 58 14 53 18 4 39 50 69 5 66 46 28 5 55 49 36 36 3
split_gain=4.21741 10.8891 12.1005 16.4564 21.3434 16.6686 15.0999 15.7488 11.8895 9.32268 11.8081 10.275 8.16106 8.04281 14.5181 13.3679 13.658 11.6528 11.5196 10.3954 12.6807 10.3782 9.87645 8.73158 8.13627
threshold=0.29366892576217657 -8641.9999999999982 -0.12685070186853406 -0.40028737485408777 278.70500183105474 2.2147500514984135 0.091117430478334441 270540.50000000006 3.4250000715255742 -0.13869924098253247 43070.000000000007 869.85000610351574 -0.81131845712661732 0.0034269909374415879 3.5195523500442509 10279.909667968752 -2.853582382202148 -0.85665759444236744 2033.8750000000002 4184.9299316406259 0.70126026868820202 -0.40028737485408777 -1.3572963476181028 -1.0471716523170469 25810.000000000004
decision_type=2 2 2 2 2 2 2 2 2 2 2 2 2 2 2 2 2 2 2 2 2 2 2 2 2
left_child=1 8 3 4 -3 -5 12 -8 9 11 -11 -1 -4 14 17 16 -16 -2 19 24 -21 -20 -17 -19 -15
right_child=13 2 6 5 -6 -7 7 -9 -10 10 -12 -13 -14 18 15 22 -18 23 21 20 -22 -23 -24 -25 -26
leaf_value=0.0057528620550793483 -0.011156038661085969 -0.00030992109810911415 -0.0032250125979314827 0.0072305644713213857 -0.01226697493873931 -0.0019410306548401258 -0.00054894873794525119 0.010109369114526404 0.012074190327860848 -0.013756922007238326 0.0083678661916705959 -0.015361129902640989 0.0068293324657127197 0.0082406284053858549 -0.012995640489538449 -0.0062395131073946057 -0.0012374194138703367 0.0082990689822337611 0.0031949440561056825 0.0026117298835886464 -0.013041095352517646 -0.014674521510649999 0.007678978669873303 0 0.0028923728212209609
leaf_weight=8.8129118382930738 4.3004329502582541 35.184836208820343 8.9528101682662946 30.920345529913902 26.159799411892891 54.926405072212219 150.94756174832582 15.25636015832424 3.6689344793558112 18.25961293280125 2.7206712961196891 3.1195306926965705 71.791891932487488 59.640089899301529 10.658442273735998 6.2416057586669913 140.87138374149799 42.487696006894112 6.5316333919763565 22.012575060129169 6.751898080110549 6.3325957059860212 26.358425036072731 18.374565541744232 55.845913082361221
leaf_count=20 16 99 31 59 107 178 443 28 6 81 6 14 148 114 45 22 414 78 19 54 28 32 53 48 134
internal_value=0.00100477 0.000312472 0.000799054 -0.00146645 -0.00542519 0.00135075 0.00215343 0.000423394 -0.00490274 -0.00682562 -0.0108402 0.000149169 0.00570214 0.00173602 0.000614347 -0.000816647 -0.00207108 0.00467325 0.0035094 0.00432191 -0.0010277 -0.00552381 0.00498347 0.00580815 0.00566302
internal_weight=837.129 430.722 394.14 147.191 61.3446 85.8468 246.949 166.204 36.5817 32.9127 20.9803 11.9324 80.7447 406.407 249.293 184.13 151.53 65.1627 157.115 144.25 28.7645 12.8642 32.6 60.8623 115.486
internal_count=2277 1220 1093 443 206 237 650 471 127 121 87 34 179 1057 676 534 459 142 381 330 82 51 75 126 248
is_linear=0
shrinkage=0.01


Tree=257
num_leaves=16
num_cat=0
split_feature=52 11 46 38 18 66 59 14 14 52 7 35 71 35 18
split_gain=4.2198 9.73299 8.80777 7.49095 7.28797 5.96249 6.6243 15.9093 11.9836 5.41419 4.17239 3.69084 3.0262 3.54816 1.9811
threshold=0.051259016618132598 82.049999237060561 -0.82279786467552174 0.73979005217552196 1214.0000000000002 4.1582024097442636 1.1464865207672121 1.0049999952316286 0.84499999880790722 0.014564037322998049 3.2158994674682622 1.5588663816452029 12507.654785156252 1.0171421170234682 8884.5000000000018
decision_type=2 2 2 2 2 2 2 2 2 2 2 2 2 2 2
left_child=1 5 -3 4 -2 6 8 -8 -1 14 -11 12 -5 -14 -7
right_child=3 2 -4 11 -6 9 7 -9 -10 10 -12 -13 13 -15 -16
leaf_value=0.010264160865741681 -0.015473961107095785 0.0068190313902218016 -0.0141938044884466 0.01409420361559331 0.0061636755220951054 0.014754461310757363 -0.016729315790232045 0.0025046971055042245 -1.904647951517499e-05 -0.0071481456040350458 0.008717374616556391 -0.00043203242367401308 -0.0010261610152420718 0.011599736719117388 0.0063011051826422828
leaf_weight=11.584773004055021 3.1523805409669903 2.6185057312250137 7.7128338664770109 8.4357493817806297 2.9952941834926605 5.9662752151489276 4.3631573468446723 251.21854746341705 512.56779069453478 4.0221020728349677 2.8068920075893402 4.2554327920079222 4.158421188592909 4.4824906140565872 6.3025486171245575
leaf_count=18 14 6 41 12 7 7 19 625 1458 16 6 14 14 7 13
internal_value=0.000995273 0.000862892 -0.00877125 0.00485693 -0.00476892 0.000988743 0.000852058 0.00217243 0.000206324 0.00651699 -0.000480575 0.00767788 0.00975739 0.00540782 0.0104934
internal_weight=836.643 809.163 10.3313 27.4798 6.14767 798.832 779.734 255.582 524.153 19.0978 6.82899 21.3321 17.0767 8.64091 12.2688
internal_count=2277 2209 47 68 21 2162 2120 644 1476 42 22 47 33 21 20
is_linear=0
shrinkage=0.01


Tree=258
num_leaves=21
num_cat=0
split_feature=18 25 35 3 68 67 29 62 68 67 25 24 59 46 59 42 24 19 9 2
split_gain=4.18294 13.1516 9.87595 13.0261 14.219 8.71392 6.50307 14.4738 15.6036 17.6045 13.6152 11.9948 12.2698 11.9215 10.3106 8.37746 21.269 9.05047 5.75231 5.55392
threshold=8.5000000000000018 36.500000000000007 -2.0126076936721797 1821.5000000000002 26.055690765380863 -3.3238034248352046 2.6411490440368657 3.2989213466644292 32.377943038940437 2.1437386274337773 981.00000000000011 1.5000000000000002 0.93732270598411571 -0.82279786467552174 0.84506702423095714 0.00027699999918695545 4.5000000000000009 3096.9799804687505 14021472.500000002 1257909.5000000002
decision_type=2 2 2 2 2 2 2 2 2 2 2 2 2 2 2 2 2 2 2 2
left_child=1 2 5 18 -5 -1 11 8 19 -10 13 12 14 -9 -2 17 -17 -13 -4 -8
right_child=6 -3 3 4 -6 -7 7 10 9 -11 -12 15 -14 -15 -16 16 -18 -19 -20 -21
leaf_value=0.0055983035895978703 -0.0096016677985376574 -0.016168470821749541 0.012452052488792909 0.0091846218170845446 -0.016728210745742298 -0.017306444904635565 -0.015550615197805777 -0.0064189409039624012 0.0044436636720388686 -0.0082897381570005875 -0.014628414851264203 0.0018019016516842199 -0.017293971078292711 0.0015765517509453487 0.011507589505831802 0.0076373857929685198 -0.010308884212791887 0.006769443438192641 0.0029978305522392963 0.00085835030306339048
leaf_weight=3.1303279250860214 4.8107580691575986 3.0819254368543616 23.339718207716942 4.0756735652685148 4.3545049428939819 3.4312476366758338 13.739975690841677 20.012959331274033 22.879867270588875 20.59301920235157 5.6675907000899306 348.88280696421862 6.6191234290599814 266.79153766483068 4.4500100910663605 10.725093036890032 17.045390047132969 41.220877721905708 9.3080546855926496 2.292725443840026
leaf_count=8 18 14 34 8 19 15 62 69 55 82 29 887 29 734 7 22 68 86 23 8
internal_value=0.000985556 0.00377421 0.00508535 0.00691665 -0.00408171 -0.00622688 0.000804266 -0.000203128 -0.00470103 -0.00156512 0.000708583 0.00162404 -0.00689257 0.00101515 0.000433829 0.00195008 -0.00334194 0.00232937 0.00978723 -0.0131417
internal_weight=836.453 50.7215 47.6395 41.078 8.43018 6.56158 785.732 351.978 59.5056 43.4729 292.472 433.754 15.8799 286.804 9.26077 417.874 27.7705 390.104 32.6478 16.0327
internal_count=2277 121 107 84 27 23 2156 1039 207 137 832 1117 54 803 25 1063 90 973 57 70
is_linear=0
shrinkage=0.01


Tree=259
num_leaves=22
num_cat=0
split_feature=5 13 72 71 40 37 71 21 34 67 14 69 40 66 1 10 34 1 68 38 66
split_gain=4.17629 12.1834 20.9607 12.7192 12.5533 11.7245 18.2233 10.5795 9.31782 16.1365 15.0451 9.2023 14.9518 13.7734 10.8188 9.02113 6.39066 6.38323 4.50687 2.98084 1.2481
threshold=8047.1999511718759 11477260.500000002 -1930266.7499999998 36334.363281250007 -0.27916145324707026 -1.9937008619308469 23652.882812500004 -19911.999999999996 1.4139002561569216 2.2277631759643559 2.2147500514984135 95.23804092407228 -2.8455568552017207 2.8861234188079838 40905.000000000007 -0.00069850002182647575 0.97083622217178356 567008.00000000012 66.666614532470717 2.0099818706512456 4.1582024097442636
decision_type=2 2 2 2 2 2 2 2 2 2 2 2 2 2 2 2 2 2 2 2 2
left_child=8 2 -2 4 -4 6 -3 -7 11 10 18 12 -1 -14 16 -16 -13 -9 -10 -5 -11
right_child=1 5 3 19 -6 7 -8 17 9 20 -12 14 13 -15 15 -17 -18 -19 -20 -21 -22
leaf_value=-0.015878248030870387 -0.016112119062303788 0.008991487645810493 0.0056223028241486851 -0.015614378893320475 -0.003330936777833241 -0.0088669522898727048 -0.015722312619565748 0.0048704519506645224 0.00064534826651530225 -0.014439740745007415 -0.0148531038550792 -0.01579482369967045 0.0008079166739089537 -0.0061152260339578414 0.0074049670724824681 0.0020175639663622537 0.003556640825838708 0.011490507901265211 0.013296596215649917 -0.00094162387266448846 -0.0047227051886727803
leaf_weight=5.7477540373802176 7.5138686448335639 5.7459529191255552 47.498195618391037 4.9706165641546241 23.214841432869434 3.8577307462692252 6.1535215675830841 30.727968201041222 5.3541904985904711 11.239036552608011 3.9856351017951956 4.8227412402629843 434.47138354182243 30.755112394690514 41.611891910433769 126.51177275180817 2.5268211215734482 29.057560585439205 6.3763683140277863 2.1266960501670837 1.8645451813936222
leaf_count=26 33 11 111 23 73 15 28 70 14 59 20 23 1172 112 89 319 6 49 9 7 8
internal_value=0.000976057 0.00242622 -0.000151867 0.00137651 0.00266884 0.00535135 -0.00370461 0.00706027 0.000629109 -0.00492905 0.00184779 0.000878449 0.000147944 0.000348093 0.00283344 0.00335694 -0.00900562 0.00810472 0.00760742 -0.0113586 -0.0131334
internal_weight=836.134 160.867 85.3242 77.8103 70.713 75.5427 11.8995 63.6433 675.267 28.8198 15.7162 646.447 470.974 465.226 175.473 168.124 7.34956 59.7855 11.7306 7.09731 13.1036
internal_count=2277 420 247 214 184 173 39 134 1857 110 43 1747 1310 1284 437 408 29 119 23 30 67
is_linear=0
shrinkage=0.01


Tree=260
num_leaves=22
num_cat=0
split_feature=58 2 28 25 59 34 11 56 31 40 35 50 33 37 28 33 13 34 27 70 22
split_gain=4.13121 12.77 11.9312 10.4507 13.191 11.1341 9.89348 15.8586 14.1213 9.41781 9.29282 9.03071 9.43335 8.95694 8.28603 7.82219 10.1497 9.42817 7.77978 4.90832 3.14
threshold=16608.000000000004 1134139.0000000002 -22.687499999999996 18.500000000000004 0.94966354966163646 0.10179881751537324 36.204999923706062 -0.7110605239868163 -5.316077232360839 -2.3612871170043941 -1.5210546255111692 -0.0090023158118128759 -1.4293891787528989 0.71110433340072643 -954.24999999999989 -1.1139193773269651 18181064.000000004 -1.4370583891868589 666368.00000000012 10130.759765625002 5925.3649902343759
decision_type=2 2 2 2 2 2 2 2 2 2 2 2 2 2 2 2 2 2 2 2 2
left_child=1 2 6 15 -5 10 7 -1 -8 -4 -6 12 -3 -11 -14 16 -2 -17 -19 -13 -7
right_child=3 11 9 4 5 20 8 -9 -10 13 -12 19 14 -15 -16 17 -18 18 -20 -21 -22
leaf_value=-0.010230255740669745 -0.0159117963430844 -0.0139815618742781 -0.015638171508964138 -0.015539300726376964 -0.0051153675477405951 -0.016330695281462134 -0.00088983776276744717 0.0026137980420508052 0.0074164412605758146 0.0021207614445523512 0.0087189960501403759 0.0027952757973399955 -0.0057053453873157954 -0.0022109535128156757 0.0088697883705126396 -0.016234583363972724 0.006623931971891958 0.0014362458477374226 -0.0087888495820252349 -0.014091688960544618 -0.0014419938847627953
leaf_weight=10.463991120457647 6.0476696938276273 4.0786951109766951 3.6657851189374915 8.910895958542822 8.7698699235916155 5.104115977883338 26.034844756126404 115.44112069904804 92.270798742771149 130.10947352647781 10.749023407697679 1.9558278769254673 6.4154005497694042 75.256592512130737 9.7647264897823352 3.1360827088356009 2.9105889797210693 294.70546362549067 7.6100635677576056 10.220628447830675 2.1734382957220078
leaf_count=39 27 22 16 42 29 22 73 282 177 339 21 7 24 243 20 14 6 784 30 53 7
internal_value=0.000966637 0.00156376 0.00199906 0.000135457 -0.0049877 -0.00144154 0.00350044 0.00153838 0.00558007 0.000240232 0.00245196 -0.00448821 -0.000346395 0.000528531 0.00302896 0.000720471 -0.00847818 0.000993522 0.00117555 -0.0112971 -0.0120216
internal_weight=835.795 485.678 453.243 350.117 35.7073 26.7964 244.211 125.905 118.306 209.032 19.5189 32.4353 20.2588 205.366 16.1801 314.41 8.95826 305.452 302.316 12.1765 7.27755
internal_count=2277 1295 1169 982 121 79 571 321 250 598 50 126 66 582 44 861 33 828 814 60 29
is_linear=0
shrinkage=0.01


Tree=261
num_leaves=16
num_cat=0
split_feature=52 11 38 18 34 66 59 29 14 52 24 68 7 18 14
split_gain=4.20773 9.50332 7.26151 7.16479 7.15587 5.85886 6.44733 16.3926 11.7023 5.30062 4.71569 11.3066 4.06917 1.9599 1.87674
threshold=0.051259016618132598 82.049999237060561 0.73979005217552196 1214.0000000000002 -0.35430364310741419 4.1582024097442636 1.1464865207672121 1.0192955732345583 0.84499999880790722 0.014564037322998049 7.5000000000000009 69.867019653320327 3.2158994674682622 8884.5000000000018 5.1707501411437997
decision_type=2 2 2 2 2 2 2 2 2 2 2 2 2 2 2
left_child=1 5 3 -2 -3 6 8 -8 -1 13 11 -4 -11 -7 -12
right_child=2 4 10 -5 -6 9 7 -9 -10 12 14 -13 -14 -15 -16
leaf_value=0.010141417781549296 -0.015340599074572248 0.004034532250989431 0.010634759415238244 0.006143536144060685 -0.014112166706047639 0.014651047845818069 -0.01229510425523179 0.0025655569182263271 -4.5931965541370454e-05 -0.0070792961676763569 0.0078282637134559664 -0.013878637960119282 0.0085945985232432336 0.0062169359797981999 0.01590877245738451
leaf_weight=11.526180103421209 3.1319421380758312 2.9916448444128036 5.0596114993095416 2.9977145493030548 7.2732183560729009 5.920488119125368 7.6318781226873389 247.6109529286623 512.01300179213285 4.0123101323842993 7.6976742222905141 2.9831321239471436 2.8078068643808365 6.2749190181493759 5.5317448973655701
leaf_count=18 14 8 9 7 39 7 30 614 1458 16 17 15 6 13 6
internal_value=0.000957249 0.00082507 0.00481863 -0.00467062 -0.00872598 0.000949212 0.000813834 0.0021173 0.000176442 0.00644104 0.00760001 0.00141817 -0.00047981 0.0103934 0.0112826
internal_weight=835.464 808.062 27.4018 6.12966 10.2649 797.798 778.782 255.243 523.539 19.0155 21.2722 8.04274 6.82012 12.1954 13.2294
internal_count=2277 2209 68 21 47 2162 2120 644 1476 42 47 24 22 20 23
is_linear=0
shrinkage=0.01


Tree=262
num_leaves=22
num_cat=0
split_feature=18 25 36 65 55 46 29 62 51 10 25 49 24 59 46 59 10 24 61 14 49
split_gain=4.10889 12.8972 9.72431 11.4192 8.8749 10.0744 6.27022 14.1349 13.4704 17.1568 13.3046 13.1334 11.7775 12.0082 11.6432 10.0919 8.12114 20.8191 8.73394 5.08101 3.8793
threshold=8.5000000000000018 36.500000000000007 -1.675755441188812 -1.4168654680252073 -0.081925097852945314 -0.65099748969078053 2.6411490440368657 3.2989213466644292 0.017791383899748329 0.00081349999527446936 981.00000000000011 0.31612654030323034 1.5000000000000002 0.93732270598411571 -0.82279786467552174 0.84506702423095714 0.00027699999918695545 4.5000000000000009 170.82778930664065 4.305000066757203 -0.97137844562530506
decision_type=2 2 2 2 2 2 2 2 2 2 2 2 2 2 2 2 2 2 2 2 2
left_child=1 2 3 19 20 -6 12 8 9 -8 14 -10 13 15 -9 -2 18 -18 -14 -1 -4
right_child=6 -3 4 -5 5 -7 7 10 11 -11 -12 -13 16 -15 -16 -17 17 -19 -20 -21 -22
leaf_value=-0.0043321129839616127 -0.0095559529416298552 -0.016072233523849878 0.016999530209397193 -0.016394499773876942 -0.0055734307000395349 0.0099048470172172273 -0.0094221455992414428 -0.0063741297409205758 0.0076616711847196876 0.013668906097012981 -0.014546172302813114 -0.015363382287123542 0.003488583810761134 -0.017189777417359477 0.0015357932190824717 0.011362203393165179 0.0075511262289933104 -0.010225177368344629 0.00042154223700852436 0.010823555428495609 0.0073640931692828607
leaf_weight=3.9484139233827573 4.8008619099855405 3.0702226161956778 9.7791381478309649 4.0150942355394355 7.9980667233467093 8.7749167978763634 40.008400604128838 19.969019278883934 12.814086921513079 3.4656053185462943 5.6207692772150031 3.0524479001760474 234.51592568308115 6.5944993421435347 266.64257966727018 4.431444063782692 10.702871829271318 16.995926611125469 155.02548849582672 4.8549915105104446 8.1683868393301911
leaf_count=13 18 14 10 18 26 15 159 69 29 5 29 14 566 29 734 7 22 68 407 8 17
internal_value=0.000947957 0.00371481 0.00501375 -0.00237018 0.00776864 0.00246453 0.00076822 -0.000221435 -0.00467324 -0.0075584 0.000679124 0.00316902 0.00157395 -0.00687971 0.000981198 0.000376305 0.00189701 -0.00332027 0.00227056 0.0039125 0.0126699
internal_weight=835.249 50.6092 47.539 12.8185 34.7205 16.773 784.64 351.573 59.3405 43.474 292.232 15.8665 433.067 15.8268 286.612 9.23231 417.24 27.6988 389.541 8.80341 17.9475
internal_count=2277 121 107 39 68 41 2156 1039 207 164 832 43 1117 54 803 25 1063 90 973 21 27
is_linear=0
shrinkage=0.01


Tree=263
num_leaves=15
num_cat=0
split_feature=52 11 46 20 37 66 38 11 41 52 37 7 24 18
split_gain=4.11479 9.35854 8.61528 7.13921 5.8952 5.767 6.16279 9.54709 5.78877 5.23507 4.41248 3.97432 2.23239 1.9423
threshold=0.051259016618132598 82.049999237060561 -0.82279786467552174 155.06499481201175 1.7934074997901919 4.1582024097442636 3.0136001110076909 64.465000152587905 -1.3608862757682798 0.014564037322998049 -0.37779623270034784 3.2158994674682622 7.5000000000000009 8884.5000000000018
decision_type=2 2 2 2 2 2 2 2 2 2 2 2 2 2
left_child=1 5 -3 -2 10 6 8 -8 -1 13 -5 -11 -12 -7
right_child=3 2 -4 4 -6 9 7 -9 -10 11 12 -13 -14 -15
leaf_value=0.0027130776361387722 -0.015370259816866603 0.0067733038000446187 -0.014094220660467123 0.0013488427470967448 -0.0038624760140623326 0.014580840795823575 0.0047331547252871193 -0.013582228334534874 0.00048777423804124558 -0.0070215475137879292 0.0065492685557238537 0.008470873966933171 0.014900759925332087 0.0061664664769907332
leaf_weight=144.50262072682381 1.6283652186393762 2.5992911756038666 7.6225677281618101 6.5038792490959247 4.731652043759822 5.8879615068435687 4.5999047085642797 7.2072337046265602 622.11673174053431 4.0053991377353659 6.0968778282403919 2.8092767745256424 8.3734851628541929 6.2588104605674744
leaf_count=362 7 6 41 18 17 7 14 40 1704 16 15 6 11 13
internal_value=0.000938795 0.000808152 -0.00869004 0.00476215 0.00607636 0.000931166 0.000796968 -0.0063621 0.000908533 0.00638765 0.00836617 -0.000488221 0.0114511 0.0103275
internal_weight=834.944 807.61 10.2219 27.3343 25.7059 797.388 778.426 11.8071 766.619 18.9614 20.9742 6.81468 14.4704 12.1468
internal_count=2277 2209 47 68 61 2162 2120 54 2066 42 44 22 26 20
is_linear=0
shrinkage=0.01


Tree=264
num_leaves=27
num_cat=0
split_feature=5 13 0 71 35 40 46 5 30 68 26 8 35 26 38 69 3 58 60 50 2 4 58 57 10 38
split_gain=4.0859 11.9213 22.0301 12.6752 11.4566 11.3807 11.2904 8.74679 13.3767 20.4396 16.4743 9.90359 15.4848 19.7233 10.7253 14.3943 11.6328 8.5286 12.4161 7.40988 21.1296 7.17446 6.70118 5.57332 3.96987 2.91261
threshold=8047.1999511718759 11477260.500000002 137226.50000000003 36334.363281250007 -1.610756993293762 -0.27916145324707026 -0.6174415349960326 596.99499511718761 1.3606184124946596 89.302997589111342 0.011428564786911012 2.7581499814987187 -1.8775413036346433 0.024982128292322162 -1.8984381556510923 99.961925506591811 38050.500000000007 16608.000000000004 -0.0075330336112529031 0.0042089927010238179 563257.50000000012 161549.60937500003 -254143.99999999997 0.89740493893623363 0.00046963999920990323 2.0099818706512456
decision_type=2 2 2 2 2 2 2 2 2 2 2 2 2 2 2 2 2 2 2 2 2 2 2 2 2 2
left_child=7 2 3 5 6 -2 -3 11 17 10 -10 14 24 -14 16 -16 -1 23 -19 22 -21 -8 -6 -9 -13 -5
right_child=1 4 -4 25 19 -7 21 8 9 -11 -12 12 13 -15 15 -17 -18 18 -20 20 -22 -23 -24 -25 -26 -27
leaf_value=0.0044123131673197667 0.0055257447716616729 0.0087263568619837945 -0.016049808396692539 -0.015533257017716696 -0.00080308146712964451 -0.0030603358201471164 -0.016057799119716606 0.010831345196707609 -0.017477481497946808 0.0098647517256199597 -0.0039697839720139304 -0.01592061051927204 -0.014741798500343326 0.010598710912596376 -0.0012759284164176629 0.002810652497309211 -0.0083377358679215634 0.0065170969904439924 -0.012444323804467227 -0.0165142461023958 0.0100066531214977 0.0027150629085709479 0.010363614507783751 0.00098792185814627767 0.00057134770184832787 -0.0009952054133585222
leaf_weight=101.51281301677227 47.431765124201775 5.2662674933671942 7.9477579891681662 4.9415650963783255 5.9708687961101523 22.723636545240879 5.9470821321010572 13.623418524861338 10.712143942713736 9.0980031341314298 60.248959645628929 3.5387893468141547 3.3565296232700339 32.903368517756462 280.85945553332567 124.35108479857445 7.6484783291816703 6.638385608792305 7.1194450259208661 4.694026067852973 8.335261255502699 2.9692132323980331 42.16379725933075 10.370473220944403 2.2913724184036255 2.121753990650177
leaf_count=234 111 11 35 23 20 71 26 21 47 16 198 16 16 58 844 306 26 13 28 21 16 8 71 27 7 7
internal_value=0.000929628 0.00236559 -0.000186415 0.00143338 0.00526347 0.00273042 -0.00278371 0.000586309 -0.00188587 -0.00420498 -0.00602297 0.0011115 0.0057786 0.0082254 0.000727657 -1.93699e-05 0.00350981 0.00300573 -0.00322243 0.00714578 0.00037529 -0.0096941 0.00895767 0.00661857 -0.00926741 -0.0113077
internal_weight=834.786 160.513 85.1665 77.2187 75.3465 70.1554 14.1826 674.273 117.811 80.0591 70.9611 556.462 42.0901 36.2599 514.372 405.211 109.161 37.7517 13.7578 61.164 13.0293 8.9163 48.1347 23.9939 5.83016 7.06332
internal_count=2277 420 247 212 173 182 45 1857 350 261 245 1507 97 74 1410 1150 260 89 41 128 37 34 91 48 23 30
is_linear=0
shrinkage=0.01


Tree=265
num_leaves=19
num_cat=0
split_feature=31 31 35 38 36 20 24 9 39 40 40 61 4 67 65 37 47 5
split_gain=4.06321 11.6617 11.3203 9.739 22.0112 10.1411 19.3033 8.01182 13.0654 8.86585 7.98437 18.2568 7.60428 5.46617 12.606 5.3877 3.25839 2.77576
threshold=5.6885704994201669 4.5941741466522226 -2.459986567497253 1.1983008384704592 -0.65028238296508778 16724.014648437504 20.500000000000004 48113170.000000007 -0.98708397150039662 -1.978571832180023 -0.67264062166213978 72.196708679199233 4183.6398925781259 -3.5557909011840816 -1.1606945395469663 -2.5282863378524776 0.29796922206878668 3089.8449707031255
decision_type=2 2 2 2 2 2 2 2 2 2 2 2 2 2 2 2 2 2
left_child=1 2 -1 4 5 6 -2 9 -9 -4 11 -3 -7 16 -15 -6 -12 -13
right_child=3 10 7 -5 15 12 -8 8 -10 -11 13 17 -14 14 -16 -17 -18 -19
leaf_value=-0.014262513146951004 0.00063486296851122937 0.014334727532351431 0.0044672850934804895 0.011480489764371096 0.00090487234061471529 -0.00089599138346639238 -0.016912517358523057 0.0077241010436923108 -0.013997223563512209 0.00069839485528478643 0.0046079624057846855 -0.01624971795653888 0.015037201889210599 -0.0027516453139909075 0.012694689658990701 -0.015884758666298803 0.014736246136216548 -0.0021353021367139218
leaf_weight=4.9245166331529608 56.214715272188187 4.3837041109800321 69.832118630409241 5.8345460295677176 2.1400807350873938 4.8491214066743833 7.0452499538660041 4.0321744158864012 8.5454385057091695 601.60328178852797 4.6240281015634528 4.6111987233161926 7.3841922432184219 11.125386491417883 9.9259829521179253 12.027411937713621 13.024422898888586 2.2469552159309387
leaf_count=25 156 6 162 10 7 15 31 9 36 1654 10 20 10 34 15 54 16 7
internal_value=0.000920752 0.00117226 0.000832315 -0.00101475 -0.00183901 0.000294444 -0.00130358 0.000942452 -0.00695422 0.00109186 0.00584168 -0.00150237 0.00863975 0.00800088 0.00448399 -0.013278 0.0121392 -0.0117712
internal_weight=834.375 738.879 688.938 95.4953 89.6608 75.4933 63.26 684.013 12.5776 671.435 49.9417 11.2419 12.2333 38.6998 21.0514 14.1675 17.6485 6.85815
internal_count=2277 1994 1886 283 273 212 187 1861 45 1816 108 33 25 75 49 61 26 27
is_linear=0
shrinkage=0.01


Tree=266
num_leaves=15
num_cat=0
split_feature=52 11 46 20 33 36 52 70 69 40 5 35 66 27
split_gain=4.06285 9.21137 8.46117 7.0107 5.78343 5.69477 11.6349 10.4963 7.20301 11.9855 8.33998 4.23834 6.70701 3.41574
threshold=0.051259016618132598 82.049999237060561 -0.82279786467552174 155.06499481201175 1.0161466002464297 2.208875417709351 0.0059529012069106111 46711.125000000007 99.961925506591811 1.3889967203140261 8047.1999511718759 0.3314685076475144 3.7475254535675053 141792.00000000003
decision_type=2 2 2 2 2 2 2 2 2 2 2 2 2 2
left_child=1 5 -3 -2 11 8 -7 -8 10 -10 -1 12 -5 -13
right_child=3 2 -4 4 -6 6 7 -9 9 -11 -12 13 -14 -15
leaf_value=-6.4249986784026061e-05 -0.015276590471203957 0.0066730129100164579 -0.014041735849398029 -0.0067889563486637503 -0.0038383704685214493 0.01103193866692008 -0.010552730631299925 0.0064459087726095867 0.0015201348859995639 0.0080242786197759521 0.0029009035335108568 0.016524016189193289 0.011809329911073448 0.0059961748410721659
leaf_weight=474.32600331306458 1.6219406574964548 2.5915567874908447 7.5792772024869901 3.9169956147670808 4.7220875844359389 4.3709458708763149 16.586878024041656 4.5735928341746321 142.89960649609566 35.545663461089134 118.3818953409791 7.1228301674127561 3.7882824540138245 6.1238695830106735
leaf_count=1328 7 6 41 15 17 7 81 12 367 69 298 8 6 15
internal_value=0.000911807 0.000781956 -0.00866524 0.00471349 0.0060153 0.000903818 -0.00373406 -0.00683141 0.00105867 0.00282134 0.000526295 0.00828382 0.00222507 0.0117325
internal_weight=834.151 806.855 10.1708 27.296 25.6741 796.685 25.5314 21.1605 771.153 178.445 592.708 20.952 7.70528 13.2467
internal_count=2277 2209 47 68 61 2162 100 93 2062 436 1626 44 21 23
is_linear=0
shrinkage=0.01


Tree=267
num_leaves=14
num_cat=0
split_feature=48 48 53 31 53 58 31 58 33 10 72 3 53
split_gain=4.06643 8.16643 6.73497 16.8237 12.6629 15.7264 10.3587 8.7084 5.87144 5.78161 11.2939 3.4731 1.35592
threshold=-0.91094794869422901 -0.7213374376296996 -0.12685070186853406 -10.290257453918455 0.091117430478334441 97480.000000000015 5.6885704994201669 152344.00000000003 -0.98301222920417775 -1.0000000180025095e-35 -1870804.9374999998 -6771.9999999999991 -0.51672154664993275
decision_type=2 2 2 2 2 2 2 2 2 2 2 2 2
left_child=8 9 3 -3 5 -4 -5 -6 -1 10 -2 -11 -13
right_child=1 2 4 6 7 -7 -8 -9 -10 11 -12 12 -14
leaf_value=0.0017897468724214728 0.0082515245008166621 -0.01489620498347476 0.0057200333458327446 0.00074504195887844453 -8.5106830771844257e-05 -0.0046944548889513741 -0.0046642698943724133 0.0040382935392578641 -0.017365134711884368 0.0031526294757787468 -0.016074621568314903 0.015015559604599145 0.0082729483775533189
leaf_weight=3.3023050427436829 4.9513223469257355 7.8146767616271964 105.22539080679417 248.12801670283079 318.0470359697938 16.710521906614304 41.290719598531723 60.953778758645058 2.9606349170207968 7.4624008238315627 3.0962312743067759 7.202702388167384 6.8101311177015242
leaf_count=8 10 38 228 680 901 54 143 149 13 17 14 9 13
internal_value=0.00090292 0.000964726 0.000772258 -0.000417632 0.00148028 0.00428459 -2.32372e-05 0.000575411 -0.00710553 0.00613438 -0.000983502 0.00884827 0.0118101
internal_weight=833.956 827.693 798.17 297.233 500.937 121.936 289.419 379.001 6.26294 29.5228 8.04755 21.4752 14.0128
internal_count=2277 2256 2193 861 1332 282 823 1050 21 63 24 39 22
is_linear=0
shrinkage=0.01


Tree=268
num_leaves=17
num_cat=0
split_feature=54 57 53 30 46 41 41 41 70 44 44 6 55 2 2 7
split_gain=4.0829 8.29028 5.69741 6.07711 13.5614 7.81664 5.62695 8.85797 9.00408 7.21273 6.7897 3.05274 2.92194 2.26476 2.11251 1.60191
threshold=4.3018939495086679 0.54489997029304515 1.7788622975349428 7.903783082962037 -0.36126814782619471 2.8820556402206425 1.2437162995338442 0.64479124546051036 28924.002929687504 84514.855468750015 872.70001220703136 -1007319487.9999999 1.0758002400398257 237492.00000000003 469987.00000000006 1.6797711253166201
decision_type=2 2 2 2 2 2 2 2 2 2 2 2 2 2 2 2
left_child=1 14 3 5 -5 -3 7 8 10 -10 -2 15 -4 -13 -1 -8
right_child=6 2 12 4 -6 -7 11 -9 9 -11 -12 13 -14 -15 -16 -17
leaf_value=-0.013421142922518853 -0.0016022399892805716 0.0012648442648899073 -0.014689683921025362 0.0019630787908877854 -0.0077611991753915891 -0.0062758892909111162 0.0058195639240865371 -0.0114405881336039 -0.017150076148806769 0.0040786184032379508 0.0066112372995111969 0.0068972859232670769 0 -0.0032628288666386842 -0.00021363094319316303 0.013030885321122496
leaf_weight=5.1850204393267623 14.291643038392065 667.59504206478596 3.5802762955427161 32.819111302495003 25.32159611582756 13.99485559761524 5.9426789581775692 4.9270188808441153 3.8755171597003928 2.6185965985059738 32.6772630661726 4.999922960996626 2.1130639612674713 3.7593770623207092 1.7834009453654287 8.3245140910148603
leaf_count=29 46 1768 17 95 109 50 12 19 17 6 63 9 8 11 7 11
internal_value=0.000894056 0.000662164 0.000764903 0.000842839 -0.00225487 0.00110855 0.00302475 0.00135272 0.00255042 -0.00843613 0.00409076 0.00722122 -0.00918565 0.00242253 -0.0101845 0.0100973
internal_weight=833.809 752.392 745.424 739.731 58.1407 681.59 81.4165 58.39 53.463 6.49411 46.9689 23.0265 5.69334 8.7593 6.96842 14.2672
internal_count=2277 2083 2047 2022 204 1818 194 151 132 23 109 43 25 20 36 23
is_linear=0
shrinkage=0.01


Tree=269
num_leaves=25
num_cat=0
split_feature=58 2 28 48 24 25 39 47 11 48 31 37 2 5 14 1 50 33 47 28 39 70 0 65
split_gain=4.06032 12.3474 11.6318 11.2686 20.9147 10.1712 11.9682 11.2175 9.55008 16.7583 13.8882 9.51118 9.26792 9.0521 17.843 15.2689 8.78127 9.15415 8.17789 8.04512 7.98722 4.83745 3.16364 1.82723
threshold=16608.000000000004 1134139.0000000002 -22.687499999999996 -1.0000000180025095e-35 15.500000000000002 18.500000000000004 -0.23527293652296064 0.46323436498641973 36.204999923706062 1.9040054678916933 -5.316077232360839 0.45870853960514074 91157.000000000015 596.99499511718761 5.3192501068115243 666408.50000000012 -0.0090023158118128759 -1.4293891787528989 -2.4794969558715816 -954.24999999999989 0.77681398391723644 10130.759765625002 157398.00000000003 1.7762216925621035
decision_type=2 2 2 2 2 2 2 2 2 2 2 2 2 2 2 2 2 2 2 2 2 2 2 2
left_child=1 2 8 4 -4 13 -7 11 9 -1 -10 -8 -5 18 15 -15 17 -3 22 -19 -20 -18 -2 -16
right_child=5 16 3 12 -6 6 7 -9 10 -11 -12 -13 -14 14 23 -17 21 19 20 -21 -22 -23 -24 -25
leaf_value=0.0022379833308883955 -0.01605086667441465 -0.013901152958449877 0.0011711802666264234 -0.0061686444271476654 -0.0073489027523741006 -0.01557491845040446 0.0035810428705445618 -0.015834857809586961 -0.00098275275315159766 -0.015855133012912637 0.0072642954883171398 -0.016078045833157459 0.004437739769845842 -0.003454651247096663 -0.015675521587368752 0.0046405332199484835 0.0027601917994169423 -0.0056984200377376915 0.00074750174160377288 0.0086906680945101206 0.0049657621629105291 -0.01402301147693838 -0.00021317939722807332 -0.0045893889395122881
leaf_weight=120.32278937101364 3.4012994766235343 4.0400629863142958 87.2118965908885 9.2818303108215314 42.924818836152554 8.2497750818729383 19.835987851023681 4.7076738476753226 25.98801001906395 5.3369234576821318 91.911694973707199 2.801958128809928 69.054212659597397 60.108689144253731 9.042204871773718 38.023242086172104 1.9526205360889424 6.3902798295021084 129.49308615922928 9.7301753312349337 69.289798520505428 10.140777625143526 2.2116177529096603 2.1064734905958167
leaf_count=296 15 22 242 31 155 39 49 21 73 25 177 12 170 184 41 94 7 24 354 20 158 53 7 8
internal_value=0.000885347 0.00147815 0.00190623 0.000167307 -0.00163143 6.05292e-05 -0.00500209 -0.00177585 0.00339053 0.00146159 0.00543796 0.00110361 0.00316825 0.000638214 -0.00168022 -0.000307815 -0.00449027 -0.000397525 0.00188266 0.00292468 0.00222289 -0.0112305 -0.00998862 -0.0136706
internal_weight=833.558 484.286 452.032 208.473 130.137 349.272 35.5954 27.3456 243.559 125.66 117.9 22.6379 78.336 313.676 109.281 98.1319 32.2539 20.1605 204.396 16.1205 198.783 12.0934 5.61292 11.1487
internal_count=2277 1295 1169 598 397 982 121 82 571 321 250 61 201 861 327 278 126 66 534 44 512 60 22 49
is_linear=0
shrinkage=0.01


Tree=270
num_leaves=27
num_cat=0
split_feature=54 61 37 37 21 72 28 40 60 43 7 11 50 69 5 38 46 28 5 55 36 34 46 3 3 9
split_gain=4.04598 12.2406 11.5544 13.9979 15.3929 11.6683 9.31831 11.6341 13.6757 10.2008 12.1953 9.23629 7.75633 13.9565 12.5858 13.29 11.409 11.1161 10.1427 12.3017 9.51251 9.42622 8.05111 7.88706 6.49516 2.61808
threshold=0.29366892576217657 190.20009613037112 -0.37779623270034784 1.0000000180025095e-35 -1539.4999999999998 -885065.40624999988 467.90625000000006 -2.2749358415603633 0.0088798161596059817 74175.929687500015 1.6071060895919802 22.215000152587894 0.0034269909374415879 3.5195523500442509 10279.909667968752 2.3504333496093754 -0.85665759444236744 2033.8750000000002 4184.9299316406259 0.70126026868820202 -1.3572963476181028 0.82659780979156505 -0.52294626832008351 25810.000000000004 64807.500000000007 19840154.000000004
decision_type=2 2 2 2 2 2 2 2 2 2 2 2 2 2 2 2 2 2 2 2 2 2 2 2 2 2
left_child=1 6 5 -4 -5 -3 9 24 -9 11 -11 -1 13 16 15 -15 -2 18 23 -20 -16 -18 -19 -14 -8 -24
right_child=12 2 3 4 -6 -7 7 8 -10 10 -12 -13 17 14 20 -17 21 22 19 -21 -22 -23 25 -25 -26 -27
leaf_value=-0.00062243644118164783 -0.011215314612595824 -0.015839453638380484 0.013212708113842961 0.00045340740428484846 -0.015118921707141525 0.0066520181832064951 -0.00059835104350091988 -0.007434144765251195 0.0028369458009924026 -0.011333505311704196 0.00010254972807571058 0.0036449365968344318 0.0080196721950872192 -0.0030538427157510979 -0.00629150498824656 0.0074323131009839619 0.0067090674696171897 0.0048258454668763428 0.0024354703041037026 -0.013035150271720076 0.0074027145856841586 -0.0086945633522260944 -0.014915251446607349 0.0027378976188391314 0.01501961580664111 -0.001325824237650987
leaf_weight=70.029979467391968 4.2783459275960913 12.446867376565931 5.6106407642364493 22.253182426095009 8.8172801360487956 2.7617717981338492 5.1124368160963041 40.793008111417294 18.831914775073528 11.710550948977469 44.952565655112267 180.4474338516593 59.210058525204659 137.78443808108568 6.2170498371124259 13.201735123991964 56.185770764946938 4.6190657392144194 21.853155583143238 6.7036643475294104 26.12011181563139 4.2201772779226294 6.0741288959979993 55.561430752277374 5.3027082681655884 2.067560538649559
leaf_count=201 16 57 8 63 42 6 16 165 56 46 125 428 114 430 22 29 111 13 54 28 53 15 31 134 7 7
internal_value=0.000876813 0.000197874 -0.00435282 -0.00128367 -0.00393358 -0.0116894 0.000826575 -0.00245931 -0.00417336 0.00157914 -0.00224329 0.00244785 0.00159524 0.000491401 -0.000913181 -0.00213034 0.00448762 0.0033427 0.00414298 -0.00116121 0.00473898 0.00561636 -0.00556766 0.00547145 0.00725728 -0.0115871
internal_weight=833.167 429.07 51.8897 36.6811 31.0705 15.2086 377.181 70.0401 59.6249 307.141 56.6631 250.477 404.097 248.008 183.323 150.986 64.6843 156.089 143.328 28.5568 32.3372 60.4059 12.7608 114.771 10.4151 8.14169
internal_count=2277 1220 176 113 105 63 1044 244 221 800 171 629 1057 676 534 459 142 381 330 82 75 126 51 248 23 38
is_linear=0
shrinkage=0.01


Tree=271
num_leaves=16
num_cat=0
split_feature=18 25 36 3 8 48 48 30 60 14 61 49 49 9 34
split_gain=4.03705 12.5214 9.55591 10.6057 17.5592 6.52283 8.57907 8.73269 13.465 10.4686 6.04075 6.00355 6.69368 4.57756 4.10266
threshold=8.5000000000000018 36.500000000000007 -1.675755441188812 -1.0000000180025095e-35 2.3586499691009526 -0.91094794869422901 -0.7213374376296996 6.7680635452270517 -0.0075330336112529031 5.6687500476837167 83.639728546142592 -1.0121446251869199 -0.59268966317176808 14021472.500000002 -0.65005940198898304
decision_type=2 2 2 2 2 2 2 2 2 2 2 2 2 2 2
left_child=1 2 11 13 -5 -2 10 9 -9 -8 -7 -1 -13 -4 -12
right_child=5 -3 3 4 -6 6 7 8 -10 -11 14 12 -14 -15 -16
leaf_value=0.0052242439061903224 -0.010577327944529417 -0.015937687135134753 0.013143718234656898 -0.016761881975965655 0.013892642780503957 -0.0020219127748599291 0.00063286886798035586 -0.015198002252511856 -0.0011940519701160255 0.0059661275830380934 0.0017459668844022683 -0.016036731224810384 0.0036674582670279789 0.003782318672545928 0.011592069355459563
leaf_weight=5.5877205580472946 5.0924504399299613 3.052711308002471 19.49350118637085 4.1198423653841045 3.3994179368019104 6.6328386366367367 624.31342298537493 7.5580276399850836 78.062263324856758 39.185624554753304 6.213317930698401 4.4991113692522049 2.6803630292415601 7.5918182283639899 15.226462729275221
leaf_count=12 19 14 28 18 5 19 1702 35 255 85 15 21 6 17 26
internal_value=0.000868511 0.0036157 0.00489686 0.00763201 -0.00277014 0.000690154 0.000765269 0.000560415 -0.00244191 0.000949353 0.0061962 -0.00243823 -0.00854114 0.0105567 0.00878528
internal_weight=832.709 50.4245 47.3718 34.6046 7.51926 782.284 777.192 749.119 85.6203 663.499 28.0726 12.7672 7.17947 27.0853 21.4398
internal_count=2277 121 107 68 23 2156 2137 2077 290 1787 60 39 27 45 41
is_linear=0
shrinkage=0.01


Tree=272
num_leaves=18
num_cat=0
split_feature=54 57 1 22 2 54 67 55 41 41 70 44 44 72 1 3 7
split_gain=4.00508 8.12851 5.57337 20.7191 13.8065 13.0733 11.5177 10.7213 5.50965 8.70029 8.85562 7.05484 6.66346 2.961 3.15674 2.16239 1.8974
threshold=4.3018939495086679 0.54489997029304515 169195.00000000003 10971.314941406252 296327.00000000006 3.6119806766510014 3.397996306419373 -0.51633572578430165 1.2437162995338442 0.64479124546051036 28924.002929687504 84514.855468750015 872.70001220703136 -1295009.1874999998 279837.00000000006 -56710.999999999993 1.6797711253166201
decision_type=2 2 2 2 2 2 2 2 2 2 2 2 2 2 2 2 2
left_child=1 15 3 4 -3 7 -5 -4 9 10 12 -12 -2 16 -15 -1 -10
right_child=8 2 5 6 -6 -7 -8 -9 13 -11 11 -13 -14 14 -16 -17 -18
leaf_value=0 -0.001604761083506951 0.0023360461514905988 -0.0028683185265082878 -0.016994379334093212 0.016257007919318361 -0.015082106204108594 0.0048924330200802238 0.00098062173143324957 0.0057392224759765988 -0.011374319334356606 -0.017036057048506914 0.0039935076366629588 0.0065410076254296514 0.0076204098029515948 -0.00388525032273311 -0.013398653239775548 0.013759109295487236
leaf_weight=1.7505963072180746 14.266795657575129 194.07390977442265 86.583870284259319 8.4575121104717237 7.4275924861431113 5.5496335476636878 3.27165363729 439.14919492602348 5.9119870960712451 4.9155708104372016 3.8633137345314017 2.6077821999788284 32.562277585268021 5.7043270468711835 3.9721810519695282 5.1738408356904975 7.3046135902404785
leaf_count=7 46 482 273 37 9 26 8 1212 12 19 17 6 63 10 12 29 9
internal_value=0.000860001 0.00063044 0.000731997 0.00209816 0.00285415 0.000181803 -0.0108042 0.000344831 0.00297445 0.00131893 0.00250832 -0.00840683 0.00403799 0.00714065 0.00279402 -0.0101444 0.0102474
internal_weight=832.547 751.438 744.513 213.231 201.502 531.283 11.7292 525.733 81.1088 58.2157 53.3002 6.4711 46.8291 22.8931 9.67651 6.92444 13.2166
internal_count=2277 2083 2047 536 491 1511 45 1485 194 151 132 23 109 43 22 36 21
is_linear=0
shrinkage=0.01


Tree=273
num_leaves=21
num_cat=0
split_feature=65 24 31 33 66 37 20 24 33 1 45 54 69 1 1 13 43 37 1 66
split_gain=3.99399 9.36641 9.0513 6.13131 6.00112 13.5555 19.8592 20.1232 15.1883 12.3819 10.8103 11.2495 10.8095 6.56373 7.54985 5.00489 4.06123 5.67034 2.56318 2.41998
threshold=2.4288747310638432 9.5000000000000018 -2.1764037609100337 -0.42461101710796351 1.6205830574035647 -0.37779623270034784 5440.1198730468759 22.500000000000004 -1.4794612526893614 40905.000000000007 2.7155172824859624 -0.3373651504516601 78.17029190063478 518853.50000000006 325281.00000000006 12214983.500000002 28352.424804687504 1.0869663357734682 354739.50000000006 3.1698030233383183
decision_type=2 2 2 2 2 2 2 2 2 2 2 2 2 2 2 2 2 2 2 2
left_child=4 2 -2 -3 5 6 8 -8 -1 19 12 -12 -11 14 -7 -15 18 -18 -5 -6
right_child=1 3 -4 16 9 13 7 -9 -10 10 11 -13 -14 15 -16 -17 17 -19 -20 -21
leaf_value=-0.015267432720685994 -0.014551655111825023 -0.0040510202439268759 0.0055494820191439777 0.013583694374675739 -0.015107537220187721 0.0056596933507995096 -0.010345971256078935 -0.00020528734617467981 0.002342288878989426 -0.0071659573545810352 0.015506665705069343 -0.00052905750743330391 8.8647314749396651e-05 0.0029061368728025869 -0.0035731192385493418 0.014162190885652411 0.0097630241999799965 -0.0076355581468176906 0.0062326430665205811 -0.0019442708515359007
leaf_weight=4.9727789312601081 4.8032970577478409 4.7429550141096106 4.1078848764300329 11.629502609372144 6.5821669176220876 39.989274457097054 28.258774682879448 64.319199055433273 275.98035304248333 22.036725550889969 8.9440275132656115 8.3355838507413846 298.86240924149752 6.0822065472602871 11.2363014370203 12.739853262901304 4.05310995876789 3.4440889284014702 9.1693957224488241 2.0039370656013489
leaf_count=24 24 16 10 16 32 83 114 179 686 81 13 24 862 15 33 16 7 15 20 7
internal_value=0.000851646 0.00386365 -0.0051732 0.00633131 0.000690508 0.00146133 0.000701242 -0.00331146 0.00202704 -0.000292635 5.50347e-06 0.00771325 -0.000406423 0.00550023 0.00361496 0.010578 0.00810692 0.00163702 0.010391 -0.0121518
internal_weight=832.294 41.9502 8.91118 33.0391 790.344 443.579 373.531 92.578 280.953 346.765 338.179 17.2796 320.899 70.0476 51.2256 18.8221 28.2961 7.4972 20.7989 8.5861
internal_count=2277 108 34 74 2169 1150 1003 293 710 1019 980 37 943 147 116 31 58 22 36 39
is_linear=0
shrinkage=0.01


Tree=274
num_leaves=18
num_cat=0
split_feature=56 58 52 11 46 31 48 22 15 41 13 10 53 56 21 1 53
split_gain=3.97329 9.64266 11.2567 10.7695 8.20907 9.2561 11.665 9.39695 14.4116 12.5934 7.51824 12.3338 11.8147 23.1663 16.2022 7.50574 1.66816
threshold=1.9432727694511416 -364639.99999999994 -0.050194535404443734 78.27500152587892 -1.0743501782417295 5.3401870727539071 -1.0000000180025095e-35 8810.9897460937518 2.1670000553131108 0.071162033826112761 13879009.500000002 -0.0014584700111299751 0.4050480872392655 0.1856179162859917 -8641.9999999999982 440007.50000000006 -1.6625156998634336
decision_type=2 2 2 2 2 2 2 2 2 2 2 2 2 2 2 2 2
left_child=1 2 -1 -4 -2 7 16 9 -9 -6 11 -3 14 -14 -12 -13 -7
right_child=4 10 3 -5 5 6 -8 8 -10 -11 12 15 13 -15 -16 -17 -18
leaf_value=0.0090586472813235924 0.013589439384604057 -0.013523028377105119 -0.013921166325390946 0.0098049108298269537 0.0059404023136063831 -0.0068557374966639007 0.004120584766403426 0.0025743978945553191 -0.0087672025547033093 -0.00091283559219845452 -0.0059781493093436612 0.0010360515002682846 -0.016495120881770183 0.0026371752886845744 0.0056226272226997517 -0.0018099544315292708 -0.016782389340208835
leaf_weight=3.6358979046344784 6.0402276664972296 6.5846638903021804 12.954580791294573 2.1936707645654669 86.993517071008682 3.022576928138732 6.6400229334831229 32.613449797034264 17.019669324159622 38.419774234294891 13.637725427746771 339.88732000440359 8.8093979209661502 22.286241233348846 98.336611419916153 127.27942994982004 5.6090925931930533
leaf_count=7 8 36 71 5 186 12 17 78 67 110 48 906 39 54 215 394 24
internal_value=0.000843438 0.000457313 -0.00659587 -0.0104193 0.00208822 0.00171794 -0.00572924 0.00237337 -0.0012946 0.00383297 0.000673726 6.48572e-05 0.0026829 -0.00275085 0.0042008 0.000258518 -0.0134222
internal_weight=831.964 635.606 18.7841 15.1483 196.358 190.318 15.2717 175.046 49.6331 125.413 616.821 473.751 143.07 31.0956 111.974 467.167 8.63167
internal_count=2277 1775 83 76 502 494 53 441 145 296 1692 1336 356 93 263 1300 36
is_linear=0
shrinkage=0.01


Tree=275
num_leaves=14
num_cat=0
split_feature=52 11 46 57 66 59 29 16 34 34 55 11 52
split_gain=3.97389 9.0089 8.26336 6.72375 5.52683 6.10926 15.8673 11.2544 5.1289 3.55415 5.14525 5.59108 2.9661
threshold=0.051259016618132598 82.049999237060561 -0.82279786467552174 1.6009081006050112 4.1582024097442636 1.1464865207672121 1.0192955732345583 0.84499999880790722 1.1767813563346865 1.1217062473297121 0.25089764595031744 79.52500152587892 0.0092379390262067335
decision_type=2 2 2 2 2 2 2 2 2 2 2 2 2
left_child=1 4 -3 9 5 7 -7 -1 12 10 -2 -12 -6
right_child=3 2 -4 -5 8 6 -8 -9 -10 -11 11 -13 -14
leaf_value=0.0099050895106095778 0.012531053116119224 0.0065278126948491591 -0.014004103244813134 -0.0056268247741674549 0.013686451417196613 -0.012237408190876051 0.0024096214752382028 -0.00014302362214611324 -0.0019716528589811422 0.012475094661817024 -0.005520678936031813 0.010913332185727209 0.0039011084286648908
leaf_weight=11.394354760646818 4.6706978380680146 2.5756186693906784 7.5246628522872907 5.1075615659356108 7.5833780169487017 7.6053028255701056 246.61330277472734 510.02778078615665 5.2964215278625479 7.856008678674697 6.4949162751436216 3.0350111871957779 5.8282561749219894
leaf_count=18 7 6 41 19 10 30 614 1458 18 13 24 5 14
internal_value=0.00083533 0.000706834 -0.00866936 0.00460384 0.000827313 0.000696317 0.0019675 7.46345e-05 0.006205 0.00701825 0.00392902 -0.000181981 0.00950862
internal_weight=831.613 804.449 10.1003 27.1642 794.349 775.641 254.219 521.422 18.7081 22.0566 14.2006 9.52993 13.4116
internal_count=2277 2209 47 68 2162 2120 644 1476 42 49 36 29 24
is_linear=0
shrinkage=0.01


Tree=276
num_leaves=25
num_cat=0
split_feature=54 61 37 10 72 37 28 40 58 61 59 1 47 40 50 69 40 50 40 28 56 3 10 30
split_gain=3.96478 11.9673 11.3406 16.1621 11.4794 10.2288 9.11754 11.363 11.0747 9.72975 14.7654 13.3241 7.64032 9.07675 7.73459 12.671 11.9165 9.74772 14.4626 14.0097 6.64193 6.36386 3.16774 2.55761
threshold=0.29366892576217657 190.20009613037112 -0.37779623270034784 -7.2500002715969445e-05 -885065.40624999988 1.0000000180025095e-35 467.90625000000006 -2.2749358415603633 -82011.499999999985 88.404224395751967 1.0999508500099184 411186.00000000006 0.86615434288978588 1.8358138799667361 -0.012258646078407763 8.108103275299074 -1.3436284661293028 0.0034269909374415879 2.1309784650802617 2033.8750000000002 0.54317495226860057 64807.500000000007 -0.00013949999993201342 4.7120134830474862
decision_type=2 2 2 2 2 2 2 2 2 2 2 2 2 2 2 2 2 2 2 2 2 2 2 2
left_child=1 6 4 5 -3 -4 9 21 -9 10 -1 -11 14 20 15 22 -17 18 -16 -19 -14 -8 -2 -22
right_child=12 2 3 -5 -6 -7 7 8 -10 11 -12 -13 13 -15 17 16 -18 19 -20 -21 23 -23 -24 -25
leaf_value=-0.0065152458475048027 0.014315946997031353 -0.015767359313451551 0.014275120973824442 -0.015645666436513717 0.0065590321317994605 -0.0009304357212109542 -0.00063604981196705725 0.0013365601017238779 -0.0075325718877718101 0.0043579303971450342 0.0016920380608801185 -0.001191397331755056 0.00016695564015581116 0.007641029195657228 0.00044412002643981133 0.0088936391345862936 -0.015782957619910842 0.0042419812045632003 -0.015271171413431385 -0.0072227722857563896 -0.015690771660607859 0.014834863968040511 0.0069310181922972169 -0.0028915711605068083
leaf_weight=33.086333014070988 9.9530380666255969 12.390772297978399 5.3642576783895484 6.4841505438089397 2.7583514451980582 24.753160372376442 5.112520828843115 22.42226953804493 37.077752009034157 148.27819538116455 64.671493843197823 60.739647828042507 6.0024960190057817 4.778066784143447 193.2566354572773 3.5096655040979385 4.3453378826379767 137.38937114179134 6.0387340784072867 11.495095595717428 7.8122650533914548 5.2856515347957611 16.207617327570915 2.2039905339479446
leaf_count=114 13 57 7 29 6 77 16 70 151 345 163 178 18 9 523 7 21 313 28 49 36 7 32 8
internal_value=0.000827187 0.000154841 -0.00435129 -0.00130881 -0.0116362 0.00174464 0.000776587 -0.00247735 -0.00417348 0.00152125 -0.0010755 0.00274054 0.00153948 -0.00434884 0.00186251 0.00642216 -0.00462999 0.00141418 -2.70423e-05 0.00335009 -0.0079876 0.00713203 0.0097789 -0.0129743
internal_weight=831.417 428.425 51.7507 36.6016 15.1491 30.1174 376.674 69.8982 59.5 306.776 97.7578 209.018 402.992 20.7968 382.195 34.0157 7.855 348.18 199.295 148.884 16.0188 10.3982 26.1607 10.0163
internal_count=2277 1220 176 113 63 84 1044 244 221 800 277 523 1057 71 986 73 28 913 551 362 62 23 45 44
is_linear=0
shrinkage=0.01


Tree=277
num_leaves=16
num_cat=0
split_feature=18 25 35 3 8 50 48 48 30 55 14 10 6 9 3
split_gain=3.91769 12.2588 9.33281 12.3684 17.1796 9.9696 6.38891 8.2622 8.52577 14.8926 10.1516 5.97978 14.2624 5.55404 3.69791
threshold=8.5000000000000018 36.500000000000007 -2.0126076936721797 1821.5000000000002 2.3586499691009526 -0.0047052460722625247 -0.91094794869422901 -0.7213374376296996 6.7680635452270517 -0.4183355569839477 5.6687500476837167 -1.0000000180025095e-35 -1414684735.9999998 14021472.500000002 -4622.4999999999991
decision_type=2 2 2 2 2 2 2 2 2 2 2 2 2 2 2
left_child=1 2 5 13 -5 -1 -2 11 10 -10 -9 12 -8 -4 -13
right_child=6 -3 3 4 -6 -7 7 8 9 -11 -12 14 -14 -15 -16
leaf_value=-0.016570539599089103 -0.010517402125776738 -0.015867729463861301 0.012036133616273743 -0.01663518401820694 0.012241012775388489 0.0084914702137783241 0.010933440396885883 0.00058962942962087679 -0.01031287548992548 -0.00022030629774983613 0.0058456677307999897 0.0031964736078448621 -0.015840434314102373 0.0026961994982222432 0.012314804455264488
leaf_weight=3.862305760383606 5.0840040594339362 3.036721095442771 23.108012244105339 4.7904137074947339 3.5841259211301804 2.6371051967144004 4.3608783632516861 623.05948937684298 18.804616644978523 66.692852824926376 39.123446255922318 7.409040823578839 3.6477379649877566 9.2037072181701642 12.582150757312771
leaf_count=18 19 14 34 21 6 5 7 1702 79 211 85 17 17 23 19
internal_value=0.000819324 0.00353103 0.00480066 0.00659019 -0.00415737 -0.00624789 0.000643614 0.000718056 0.000516871 -0.0024518 0.00090168 0.00605458 -0.00113657 0.00940668 0.00898543
internal_weight=830.987 50.2224 47.1857 40.6863 8.37454 6.49941 780.764 775.68 747.68 85.4975 662.183 27.9998 8.00862 32.3117 19.9912
internal_count=2277 121 107 84 27 23 2156 2137 2077 290 1787 60 24 57 36
is_linear=0
shrinkage=0.01


Tree=278
num_leaves=19
num_cat=0
split_feature=65 24 31 11 53 61 71 46 41 38 46 24 33 24 33 45 12 18
split_gain=3.88917 9.16427 8.82262 6.76558 10.0799 9.53289 9.53818 6.75964 6.1571 12.2565 15.591 13.1649 9.49407 8.47385 5.98588 3.74565 3.25609 2.53562
threshold=2.4288747310638432 9.5000000000000018 -2.1764037609100337 76.384998321533217 0.34048853814601904 176.16315460205081 44049.130859375007 -0.74166530370712269 -1.3608862757682798 2.0099818706512456 -0.5090728998184203 1.5000000000000002 -1.4794612526893614 5.5000000000000009 -0.42461101710796351 -0.32162575423717493 7971581.5000000009 5712.0000000000009
decision_type=2 2 2 2 2 2 2 2 2 2 2 2 2 2 2 2 2 2
left_child=3 2 -2 8 7 6 -6 -5 9 11 -11 -1 17 -14 -3 -16 -17 -10
right_child=1 14 -4 4 5 -7 -8 -9 12 10 -12 -13 13 -15 15 16 -18 -19
leaf_value=-0.016078149922317122 -0.014485750672387304 -0.0040371881533652031 0.0054189412123987505 0.0010916461293762161 -0.0089072143815538355 0.011226319732296375 0.0081622905172675404 -0.01460803495237272 -0.0149728509051964 0.0055996599049254574 -0.012298165830776952 0.0046778874409148649 0.0022102736627543618 -0.00026931776132130112 0.00079587159016912849 0.012368120979684469 0.0036413833668412741 -0.00096391303723075553
leaf_weight=3.1235362738370887 4.7620680034160614 4.7219528704881659 4.0905452817678434 3.6192989200353614 10.523677773773672 6.0852111577987662 4.6997308284044257 10.008364431560038 4.9983750581741324 8.5817122161388415 11.096682533621786 109.36889336258173 207.94177462905645 407.09868454933167 5.9789362847805014 15.772445067763334 6.3652791157364836 1.9547761231660841
leaf_count=14 24 16 10 10 44 11 9 49 25 20 49 248 529 1154 17 25 16 7
internal_value=0.000811329 0.00379296 -0.00517539 0.000652531 -0.00364415 0.000607193 -0.00357187 -0.0103651 0.000852898 0.00281439 -0.00444214 0.00409267 0.000434482 0.000567392 0.0062411 0.00800281 0.00990409 -0.0111783
internal_weight=830.792 41.6912 8.85261 789.101 34.9363 21.3086 15.2234 13.6277 754.164 132.171 19.6784 112.492 621.994 615.04 32.8386 28.1167 22.1377 6.95315
internal_count=2277 108 34 2169 123 64 53 59 2046 331 69 262 1715 1683 74 58 41 32
is_linear=0
shrinkage=0.01


Tree=279
num_leaves=18
num_cat=0
split_feature=5 13 44 7 71 71 40 4 54 50 44 24 66 55 30 71 36
split_gain=3.92299 8.39954 5.49385 16.6212 11.0057 10.8078 15.1689 10.1074 7.45644 7.43514 6.65099 12.535 6.59306 3.52018 7.28621 8.80086 2.14321
threshold=77737.011718750015 9827119.0000000019 108370.66406250001 2.1941950321197514 25122.358398437504 71738.468750000015 0.15110459178686145 107710.51171875001 4.3018939495086679 0.0034269909374415879 61132.066406250007 4.5000000000000009 1.6205830574035647 0.88594126701354992 2.8518328666687016 56283.080078125007 -1.1107019782066343
decision_type=2 2 2 2 2 2 2 2 2 2 2 2 2 2 2 2 2
left_child=2 -2 5 4 -4 10 -7 8 -5 -6 12 -12 -1 14 15 -3 -8
right_child=1 13 3 7 9 6 16 -9 -10 -11 11 -13 -14 -15 -16 -17 -18
leaf_value=0.0016577505252544226 -0.0074672464714857388 -0.014860439901730962 -0.015818067091396569 -0.015462517246213352 0.0074392063614137248 -0.015706704605356829 0.0085296022522584076 0.007731526252834171 0.0029016115051728329 -0.0032055081504065541 -0.0084150305372248102 0.0054297059486108903 -0.00034238871171012036 0.013207376890010737 0.013690339680492755 0.0084239601353120926 -0.001628020303374699
leaf_weight=373.77371142059565 4.3757409304380444 3.1044247075915354 3.1361291855573645 14.324142888188367 19.496013775467876 9.1996572166681307 3.7670259475708008 2.7755022644996634 2.5099586993455878 9.7360294982790929 7.2362349927425376 63.676879964768887 293.53483165055513 7.4819310605525962 4.6739858090877533 3.3591879829764366 4.3489949703216535
leaf_count=957 18 15 14 67 40 42 7 6 6 32 25 142 868 10 6 7 15
internal_value=0.000803478 0.00488339 0.000686057 -0.00245349 0.00192221 0.000903369 -0.0068981 -0.00972715 -0.012665 0.00385967 0.00108771 0.00400284 0.000776433 0.0078396 0.00414389 -0.00260465 0.0029634
internal_weight=830.51 22.9953 807.515 51.9778 32.3682 755.537 17.3157 19.6096 16.8341 29.232 738.222 70.9131 667.309 18.6195 11.1376 6.46361 8.11602
internal_count=2277 56 2221 165 86 2056 64 79 73 72 1992 167 1825 38 28 22 22
is_linear=0
shrinkage=0.01


Tree=280
num_leaves=19
num_cat=0
split_feature=52 20 28 40 49 4 36 34 38 60 56 60 55 33 53 35 66 27
split_gain=3.88341 6.72141 5.98592 14.6891 12.1233 13.5026 11.5807 10.0734 8.78021 7.73703 12.8015 9.95057 6.93006 5.61407 4.99218 4.07261 6.46234 3.27242
threshold=0.051259016618132598 155.06499481201175 718.00000000000011 1.1927489042282107 -0.42740254104137415 9430.7700195312518 2.0923870801925664 0.69587054848670971 2.6015568971633916 0.014337968546897175 1.6506541371345522 0.012596097309142353 0.35592938959598547 1.0161466002464297 1.7788622975349428 0.3314685076475144 3.7475254535675053 141792.00000000003
decision_type=2 2 2 2 2 2 2 2 2 2 2 2 2 2 2 2 2 2
left_child=2 -2 8 4 7 -6 12 -4 9 11 -11 -1 -5 15 -8 16 -3 -17
right_child=1 13 3 6 5 -7 14 -9 -10 10 -12 -13 -14 -15 -16 17 -18 -19
leaf_value=0.00091895464498340689 -0.015110845027899219 -0.0067777139684202115 -0.0147412006945677 0 -0.0096767759648704564 0.0027243071808025006 -0.013579151133861036 0.0025880276955121159 0.012880691514145741 -0.016822057413321111 0.0035216319343079204 0.012330119522201106 0.012788590741811314 -0.0039366929371783821 0.0050441337655277368 0.016145624494348171 0.011592524501758033 0.0057998402580435437
leaf_weight=665.69624971598387 1.6108133047819162 3.8906773775816026 3.7243779823184004 5.9039675965905252 37.271073773503304 11.335532948374746 3.9410753250122061 33.217703178524971 6.1939259171485892 6.361240625381468 5.8939678966999054 7.7469201683998099 13.727036096155642 4.6843915805220595 2.1705915033817291 7.0787994861602765 3.7222011089324951 6.0788418501615524
leaf_count=1776 7 15 18 19 159 33 22 91 9 29 14 12 22 17 5 8 6 15
internal_value=0.000795673 0.00452772 0.000668665 -0.0014802 -0.00348007 -0.00676415 0.005127 0.000813883 0.00101576 0.000907122 -0.00695645 0.00105171 0.00889156 0.00580975 -0.00680137 0.00805602 0.00207278 0.0114419
internal_weight=830.249 27.0657 803.184 111.291 85.5487 48.6066 25.7427 36.9421 691.892 685.698 12.2552 673.443 19.631 25.4549 6.11167 20.7705 7.61288 13.1576
internal_count=2277 68 2209 369 301 192 68 109 1840 1831 43 1788 41 61 27 44 21 23
is_linear=0
shrinkage=0.01


Tree=281
num_leaves=22
num_cat=0
split_feature=58 2 34 22 7 61 13 41 47 18 43 52 43 39 34 45 68 58 2 57 35
split_gain=3.89914 11.8331 9.58309 13.2862 8.58012 13.7899 14.5652 11.2242 10.8704 12.0973 8.16026 9.18408 9.78229 7.16388 12.5015 13.3373 11.0334 10.37 10.3083 6.19704 3.81366
threshold=16608.000000000004 1134139.0000000002 -1.3336408138275144 459.75000000000006 2.7567603588104252 136.22818756103518 9597708.5000000019 -1.7109522819519041 -2.4794969558715816 2799.0000000000005 792.01501464843761 -0.035370010882616036 358971.25000000006 2.2286723852157597 -0.42139106988906855 -0.47179967164993281 23.789811134338382 -59743.999999999993 29493.000000000004 1.3465155959129336 0.66071656346321117
decision_type=2 2 2 2 2 2 2 2 2 2 2 2 2 2 2 2 2 2 2 2 2
left_child=1 13 3 -2 8 7 -7 -6 20 -10 -3 19 -13 14 18 -16 -15 -18 -1 -12 -4
right_child=2 10 4 -5 5 6 -8 -9 9 -11 11 12 -14 16 15 -17 17 -19 -20 -21 -22
leaf_value=0.013290928311839126 0.0050136954632375779 0.0060538532345328511 -0.01581640832818532 -0.016674240474987327 -0.008862363495731114 0.0028287527111180663 -0.0086228018572743776 0.0082595378317406581 -0.0020775627465304627 0.0026776329075972418 -0.0078051302455035242 -0.014297844104065982 0.0071650488931299383 -0.010770245659852844 -0.006230772834714785 0.00076482296474974858 0.011252642943849409 0.00041630595904117547 0.0026942421743648744 0.0088630139565348872 -0.00027111411817065515
leaf_weight=9.7306316047906858 4.360186889767645 5.8785078078508404 6.284270301461218 7.7258514761924744 4.1514401137828818 35.056739151477814 16.23185271024704 42.599133007228374 144.15867399424314 85.001825958490372 4.0681151151657122 14.713739745318891 2.4153269529342642 3.6580595374107352 31.980158656835556 183.87993831932545 24.435603097081184 14.135847255587576 182.36054080724716 4.8944893777370453 2.2841057181358337
leaf_count=15 10 16 28 34 16 90 56 87 438 215 17 77 6 13 111 512 39 37 442 10 8
internal_value=0.000787965 0.00137016 -1.6129e-05 -0.00876731 0.000295893 0.00278726 -0.000775947 0.00671773 -0.000727336 -0.000309368 -0.00449961 -0.00691566 -0.011213 0.00178923 0.00138013 -0.000266958 0.00571761 0.00730722 0.00323624 0.00118579 -0.0117891
internal_weight=830.005 482.151 347.854 12.086 335.768 98.0392 51.2886 46.7506 237.729 229.16 31.9702 26.0917 17.1291 450.181 407.951 215.86 42.2295 38.5715 192.091 8.9626 8.56838
internal_count=2277 1295 982 44 938 249 146 103 689 653 126 110 83 1169 1080 623 89 76 457 27 36
is_linear=0
shrinkage=0.01


Tree=282
num_leaves=18
num_cat=0
split_feature=5 2 45 51 57 3 56 2 65 10 2 54 18 47 0 4 46
split_gain=3.86296 5.8718 4.86274 13.8084 8.34278 12.9442 7.78376 7.25146 6.44888 7.10356 5.99553 9.43873 6.64715 4.54552 5.67777 4.18218 4.04284
threshold=77737.011718750015 734278.00000000012 -0.61121988296508778 0.011560944840312006 1.0732947587966921 12144.500000000002 1.9432727694511416 1632795.5000000002 -2.5134012699127193 0.00153685495024547 2439506.0000000005 -1.1719052791595457 2570.5000000000005 0.39736624062061315 172686.00000000003 715.78500366210949 -0.40196153521537775
decision_type=2 2 2 2 2 2 2 2 2 2 2 2 2 2 2 2 2
left_child=2 -2 3 4 16 -6 -5 8 15 -10 11 -9 -12 -3 -15 -4 -1
right_child=1 13 7 6 5 -7 -8 10 9 -11 12 -13 -14 14 -16 -17 -18
leaf_value=0.013539233420479536 -0.0043933091579788416 0.011467450373298353 0.0012914277290973395 -0.015386342294173735 -0.0089181203949674197 0.010332137120660582 0.0044722743818601095 0.0066317023114145666 0.00034747549216470908 0.00633686402854411 0.0063516090411483272 -0.013822754013923265 -0.013040028264700279 -0.0078976578087040939 0.01082021806187284 0.01262217766210645 0.0042522455549087214
leaf_weight=14.499852046370505 5.1885647475719479 11.205181643366815 6.2514777034521085 5.1064674630761129 7.1062746644020063 6.8593405038118362 3.1134450435638428 2.8031451404094705 706.43475348502398 20.403636887669563 6.5933782681822777 10.461228601634501 2.4041603356599808 3.42675557732582 3.0571240186691284 7.3275890797376633 7.4668453633785274
leaf_count=19 17 19 16 24 24 11 7 6 1957 43 16 56 15 15 5 10 17
internal_value=0.000780366 0.00483946 0.000664031 0.00389378 0.00658362 0.000465216 -0.00774287 0.000475747 0.000646024 0.000516984 -0.00514265 -0.00942475 0.00105898 0.00760415 0.000773519 0.00747941 0.010428
internal_weight=829.709 22.8776 806.832 44.1522 35.9323 13.9656 8.21991 762.679 740.417 726.838 22.2619 13.2644 8.99754 17.6891 6.48388 13.5791 21.9667
internal_count=2277 56 2221 102 71 35 31 2119 2026 2000 93 62 31 39 20 26 36
is_linear=0
shrinkage=0.01


Tree=283
num_leaves=28
num_cat=0
split_feature=53 53 58 58 57 45 68 24 61 57 20 63 27 53 43 64 24 58 58 65 47 37 57 54 4 29 0
split_gain=3.85242 12.398 12.6537 13.7551 12.5984 12.1265 12.0703 11.0629 10.9871 15.173 21.0413 11.8369 11.7685 10.1269 9.46651 8.31429 14.9994 8.70591 14.313 12.9554 8.08498 7.34241 6.70137 6.28863 6.1408 3.11258 1.91013
threshold=-0.12685070186853406 0.091117430478334441 97480.000000000015 -39463.999999999993 0.70213717222213756 -0.42684589326381678 75.000007629394545 54.500000000000007 170.82778930664065 0.75664475560188305 24850.450195312504 1.0809445977211001 -90979.999999999985 -0.4337902963161468 7319.2897949218759 1.0776363015174868 20.500000000000004 152344.00000000003 477568.00000000006 2.6343086957931523 -1.0686173439025877 -1.7165843844413755 1.0732947587966921 1.4982307553291323 13147.439941406252 1.8996678590774538 166174.00000000003
decision_type=2 2 2 2 2 2 2 2 2 2 2 2 2 2 2 2 2 2 2 2 2 2 2 2 2 2 2
left_child=7 2 3 6 -5 -4 -2 8 11 13 -11 21 -13 -10 26 16 22 19 -19 -17 25 -1 -3 -7 -22 -16 -9
right_child=1 15 5 4 -6 23 -8 14 9 10 -12 12 -14 -15 20 17 -18 18 -20 -21 24 -23 -24 -25 -26 -27 -28
leaf_value=-0.0032670341884753762 0.0024800878872560123 0.0062341301426767784 0.0054906447261206985 -0.0089146225321361378 0.009167750918393695 -0.016421345614977111 -0.015995697765664212 0.0077231720757388661 0.0043003838162712325 -0.013606277083258254 0.012281753879060487 0.0011055093371156921 -0.0038878563929736006 -0.014256137742024333 -0.015463440339552331 -0.00043283257914140716 -0.015893304881066574 0.0059978424489971439 -0.01064033481504011 0.0076719376863380864 -0.002826139123168279 0.011595105613173989 -0.0093197916463120308 0.00054311223852259642 0.012261458913783512 0 0.015868534402518852
leaf_weight=4.2689097523689297 34.940141394734383 8.6229575648903865 7.8172380775213268 4.0446317642927161 63.830744221806526 6.8693668246269208 3.9297853559255591 6.1265471279621142 17.776067674160007 23.124070607125763 3.5925278961658469 150.27560651302338 68.733316726982594 3.5137992501258841 3.2417242303490665 290.47187738120556 8.5543832182884199 52.165808640420437 5.7004902362823477 21.15546889603138 4.6359995603561384 13.641970634460447 4.0592147260904303 3.0402840822935104 6.1707087606191635 2.2783524096012115 6.8900044709444046
leaf_count=12 84 18 18 17 115 31 18 12 42 97 6 414 225 18 15 832 40 116 23 43 14 20 16 7 9 7 8
internal_value=0.000772843 0.00130524 0.00405465 0.00535783 0.00807551 -0.00373621 0.000586442 -9.67744e-05 -0.000702006 -0.00506514 -0.0100877 0.000177863 -0.000457032 0.00119074 0.005746 0.000426824 -0.00565213 0.000778917 0.00434151 0.000114168 0.000609804 0.00799701 0.0011769 -0.0111157 0.00569645 -0.00916722 0.0121116
internal_weight=829.472 515.202 124.472 106.745 67.8754 17.7269 38.8699 314.27 284.926 48.0065 26.7166 236.92 219.009 21.2899 29.3433 390.73 21.2366 369.494 57.8663 311.627 16.3268 17.9109 12.6822 9.90965 10.8067 5.52008 13.0166
internal_count=2277 1378 290 234 132 56 102 899 834 163 103 671 639 60 65 1088 74 1014 139 875 45 32 34 38 23 22 20
is_linear=0
shrinkage=0.01


Tree=284
num_leaves=24
num_cat=0
split_feature=58 2 28 48 58 25 59 47 28 11 48 31 2 5 14 40 56 40 39 43 31 22 67
split_gain=3.87337 11.5515 11.08 10.9217 12.3915 9.88225 12.4765 12.2412 9.38923 9.22848 16.184 13.4552 8.9893 8.71305 17.209 14.0953 8.28585 14.5915 9.53286 7.95387 8.96994 8.81845 1.79539
threshold=16608.000000000004 1134139.0000000002 -22.687499999999996 -1.0000000180025095e-35 -18421.999999999996 18.500000000000004 0.94966354966163646 0.46323436498641973 -100.68749999999999 36.204999923706062 1.9040054678916933 -5.316077232360839 91157.000000000015 596.99499511718761 5.3192501068115243 -2.2749358415603633 -0.78146365284919728 -0.91443032026290882 0.77681398391723644 792.01501464843761 2.8055434226989751 3575.7949218750005 4.2383491992950448
decision_type=2 2 2 2 2 2 2 2 2 2 2 2 2 2 2 2 2 2 2 2 2 2 2
left_child=1 2 9 4 -4 13 -7 8 -8 10 -1 -11 -5 16 15 -15 17 -2 -18 -3 -21 -22 -16
right_child=5 19 3 12 -6 6 7 -9 -10 11 -12 -13 -14 14 22 -17 18 -19 -20 20 21 -23 -24
leaf_value=0.0020768500873936491 0.0051097812924598219 0.0059577016350908221 -0.0041004944112120892 -0.0061924162606858827 0.0022941946560887114 -0.015396967449643093 0.0062888462918737707 -0.015838332585126774 -0.0076354243216151139 -0.0011003554722600994 -0.015754723014342612 0.0070367324865382172 0.0042755144174946016 0.0070514880905221565 -0.015656248666044811 -0.0023485142527176418 0.00066414022039974643 -0.015432991393122897 0.0053918463357805323 -0.01390453129343576 0.0026609110906528309 -0.014465751185080072 -0.0048431135275362339
leaf_weight=119.90124766528606 6.4657547622919083 5.8643556833267239 81.36922612041235 9.2454412654042226 48.071194760501385 8.7793383002281171 14.456382989883425 4.9300994873046866 7.2443920224905041 25.877762019634247 5.3064856007695189 91.305636748671532 68.668001405894756 20.074719175696373 8.8398327678441984 77.459650158882141 124.30221074074507 7.3071969822049123 65.405954010784626 10.687748797237875 11.162291586399077 4.0903894379734984 2.2086454629898062
leaf_count=296 15 16 272 31 125 42 31 22 26 73 25 177 170 43 40 235 340 34 145 57 32 21 9
internal_value=0.000765515 0.0013462 0.00175967 5.77275e-05 -0.00171793 -3.63593e-05 -0.00504543 -0.00159531 0.00159441 0.00321148 0.00131314 0.00523128 0.00302052 0.000528821 -0.001754 -0.000403534 0.00175191 -0.00571652 0.00229939 -0.0044691 -0.00686484 -0.00186647 -0.0135852
internal_weight=829.024 481.55 449.745 207.354 129.44 347.474 35.4102 26.6309 21.7008 242.391 125.208 117.183 77.9134 312.064 108.583 97.5344 203.481 13.773 189.708 31.8048 25.9404 15.2527 11.0485
internal_count=2277 1295 1169 598 397 982 121 79 57 571 321 250 201 861 327 278 534 49 485 126 110 53 49
is_linear=0
shrinkage=0.01


Tree=285
num_leaves=24
num_cat=0
split_feature=42 36 3 70 70 45 42 63 66 53 61 56 26 20 2 49 42 3 14 49 68 48 42
split_gain=3.86987 11.2038 15.3667 12.8743 11.8989 10.7852 9.48882 9.1267 9.58797 8.28988 16.5315 8.76302 8.21448 14.7837 13.0342 11.0859 9.87422 13.2157 8.55862 8.47206 8.30487 7.39715 4.27254
threshold=-0.00072449998697265972 -0.11729183793067931 -56710.999999999993 19562.871093750004 38699.798828125007 -0.47332270443439478 -0.0011035000206902621 11.488534450531008 1.7639768123626711 0.71303862333297741 220.09100341796878 -0.89858266711235035 0.075714264065027251 3584.6999511718755 91157.000000000015 1.4960030913352969 -0.0006385000015143304 -151288.49999999997 8.5415000915527362 -0.83423975110054005 68.662834167480483 -0.61353811621665943 -0.0014584700111299751
decision_type=2 2 2 2 2 2 2 2 2 2 2 2 2 2 2 2 2 2 2 2 2 2 2
left_child=1 2 3 -1 -5 -4 7 8 -3 11 -11 -8 16 14 -14 -15 17 -2 21 -19 -16 -18 -7
right_child=12 6 5 4 -6 22 9 -9 -10 10 -12 -13 13 15 20 -17 18 19 -20 -21 -22 -23 -24
leaf_value=0.01230809167545277 0.0098199194227138777 0.0055442910771607914 0.0020723906421011044 -0.015419940904075353 0.0059586425186924806 -0.00074534458824526304 -0.0068014423763011617 0.014775979484154407 -0.0073515024830540909 -0.0098081625390731477 0.0098124702232044812 0.0082531024196239918 -0.016636934864087655 -0.014876627831625569 0.0028881380730514357 0.00091179826291343258 0.0045789295758629769 0.0034062403066973208 -0.014170806284788506 -0.012395346115982517 -0.0078512624376191886 0.00081807354155631065 -0.016216276631674124
leaf_weight=9.4661038368940371 4.5742631703615215 8.5778362601995521 6.2954153120517757 4.780256547033785 5.6374713182449341 2.2880877852439889 4.0604099929332724 3.2316733449697486 17.247718349099159 9.088241249322893 8.1311834305524808 59.788594849407673 4.3992717862129203 14.048899158835413 47.320438504219055 6.3377853929996482 58.461799815297127 4.2243522852659288 3.6336365938186637 15.530284374952311 8.4629038572311384 511.85274827480316 11.163425616919991
leaf_count=14 8 19 15 22 14 8 16 5 76 35 15 120 19 69 120 19 134 10 18 62 34 1374 51
internal_value=0.000758189 0.00221485 -0.00232895 0.00384182 -0.0037551 -0.00859314 0.00385909 -0.00101481 -0.0030295 0.00561837 -0.000485031 0.00728006 0.000435372 -0.00255914 -4.92986e-05 -0.00991929 0.000840311 -0.00539257 0.00110626 -0.0089657 0.00124093 0.00120534 -0.013659
internal_weight=828.603 149.756 39.6308 19.8838 10.4177 19.7469 110.126 29.0572 25.8256 81.0684 17.2194 63.849 678.846 80.5693 60.1826 20.3867 598.277 24.3289 573.948 19.7546 55.7833 570.315 13.4515
internal_count=2277 410 124 50 36 74 286 100 95 186 50 136 1867 261 173 88 1606 80 1526 72 154 1508 59
is_linear=0
shrinkage=0.01


Tree=286
num_leaves=28
num_cat=0
split_feature=54 61 37 42 51 46 31 66 59 7 61 1 50 69 5 66 46 5 41 36 36 34 34 60 57 56 14
split_gain=3.86407 11.6206 11.0497 15.6247 10.1815 8.29494 17.954 19.0639 11.3702 17.3957 13.2056 8.04424 7.40057 13.2354 12.1283 12.9086 11.1063 10.3536 11.725 11.4828 9.26762 9.06496 8.20392 8.1775 15.3447 8.36846 6.57927
threshold=0.29366892576217657 190.20009613037112 -0.37779623270034784 -7.2500002715969445e-05 0.0042139196302741775 -0.685309737920761 6.1695766448974618 1.8264213204383852 1.1172108054161074 2.6739532947540288 88.404224395751967 93616.500000000015 0.0034269909374415879 3.5195523500442509 10279.909667968752 -2.853582382202148 -0.85665759444236744 4184.9299316406259 -1.0342189669609068 -1.1107019782066343 -1.3572963476181028 0.82659780979156505 0.82659780979156505 1.0000000180025095e-35 1.4248403310775759 0.48947875201702123 2.4450000524520878
decision_type=2 2 2 2 2 2 2 2 2 2 2 2 2 2 2 2 2 2 2 2 2 2 2 2 2 2 2
left_child=1 5 11 4 -4 6 7 -1 10 -10 -7 -3 13 16 15 -15 -2 23 22 -20 -16 -18 -19 25 -25 -14 -8
right_child=12 2 3 -5 -6 8 26 -9 9 -11 -12 -13 17 14 20 -17 21 18 19 -21 -22 -23 -24 24 -26 -27 -28
leaf_value=0.0079472442901316869 -0.011284375670268234 0.0014584110684530735 0.010962214706730271 -0.015513291926533867 -0.0019639196375988923 -0.007799765730875461 0.00041414183239610965 -0.0031101042569387873 0.0041565825360050778 -0.0047234524834721967 -0.00048894521869166934 -0.015602764617843407 0.011511391221951659 -0.012882875761114788 -0.006348686555652472 -0.0013784102655214042 0.0064837561330730147 -0.0038991188544241473 0.0061628754683070667 -0.014168028263796375 0.0072227913813621035 -0.0086541140717055869 0.0091612989793248088 -0.0039461221737487652 0.010859324122322258 0.0043287657755211898 -0.016526253897675369
leaf_weight=57.434187740087509 4.2369334995746604 3.4944081306457511 8.4566744118928892 6.4334807395935085 21.554524622857571 30.53655419498682 3.6814569532871229 21.250290080904961 97.076631247997284 28.456962615251541 131.37481331825256 11.568843863904474 21.974416673183441 10.523038268089293 6.1692020148038855 139.76647143810987 55.671085581183434 8.6204347908496874 3.7211970239877692 10.329797238111494 25.883060030639172 4.2037152647972098 10.68344112485647 24.069229818880558 9.8649602085351926 65.575318232178688 5.6211217194795609
leaf_count=109 16 9 15 29 69 112 10 72 231 93 393 54 35 45 22 414 111 27 8 46 53 15 20 83 17 145 24
internal_value=0.000750937 8.62386e-05 -0.00436518 -0.00135636 0.00164514 0.000699622 0.00338665 0.00494828 -0.000119401 0.00213562 -0.00187395 -0.0115785 0.00145563 0.000374619 -0.00099506 -0.00219059 0.00428575 0.00316978 -0.0017436 -0.00871252 0.00457945 0.00540425 0.00327717 0.00452704 0.000328479 0.00614298 -0.00971467
internal_weight=828.232 426.94 51.5079 36.4447 30.0112 375.432 87.9871 78.6845 287.445 125.534 161.911 15.0633 401.292 246.454 182.342 150.29 64.1117 154.839 33.3549 14.051 32.0523 59.8748 19.3039 121.484 33.9342 87.5497 9.30258
internal_count=2277 1220 176 113 84 1044 215 181 829 324 505 63 1057 676 534 459 142 381 101 54 75 126 47 280 100 180 34
is_linear=0
shrinkage=0.01


Tree=287
num_leaves=17
num_cat=0
split_feature=56 58 49 38 46 31 49 22 40 41 68 42 17 58 0 61
split_gain=3.81928 9.35653 11.5638 8.98992 8.0172 8.90549 10.1518 9.03794 15.6709 12.1167 7.75488 13.2795 9.42452 4.80025 4.27644 3.5274
threshold=1.9432727694511416 -364639.99999999994 -0.97137844562530506 3.0136001110076909 -1.0743501782417295 5.3401870727539071 -0.42740254104137415 8810.9897460937518 -1.2277658581733701 0.071162033826112761 15.693591594696047 0.00064444498275406669 1515.0000000000002 -108831.99999999999 69125.500000000015 220.09100341796878
decision_type=2 2 2 2 2 2 2 2 2 2 2 2 2 2 2 2
left_child=1 2 -1 10 -2 7 -7 9 -9 -6 11 -3 -12 -8 -4 -5
right_child=4 3 14 15 5 6 13 8 -10 -11 12 -13 -14 -15 -16 -17
leaf_value=0.0059535002798436314 0.013392717466701998 -0.0076288455648377412 0.0027259556193017947 -0.012929888611395766 0.0057599624509600067 -0.016319565173650994 0.0094308597456777415 0.0058947136565348406 -0.0057458011457875192 -0.00098433569134764691 0.00061189182846976039 0.009823008015707603 0.005477436772755119 -0.005099553241054388 -0.01372874148326505 0.0021600188759529114
leaf_weight=5.1697848588228252 5.9785018712282172 23.304576344788078 1.7127463668584813 6.7640447542071325 86.361798346042633 5.6707312315702429 3.7284504622220984 18.465464204549789 30.803882516920567 38.181897848844528 533.78088106960058 5.3202934116125098 43.115139029920101 5.7931719571351996 11.687874838709829 1.8696125298738477
leaf_count=12 8 82 6 41 186 25 8 39 106 110 1457 10 96 20 65 6
internal_value=0.000743831 0.0003648 -0.00662412 0.000577755 0.00196866 0.00160201 -0.00572156 0.00224789 -0.0013628 0.0036843 0.000723758 -0.00435026 0.000977259 0.000485201 -0.011551 -0.00954635
internal_weight=827.709 632.725 18.5704 614.155 194.984 189.005 15.1924 173.813 49.2693 124.544 605.521 28.6249 576.896 9.52162 13.4006 8.63366
internal_count=2277 1775 83 1692 502 494 53 441 145 296 1645 92 1553 28 71 47
is_linear=0
shrinkage=0.01


Tree=288
num_leaves=13
num_cat=0
split_feature=48 48 53 31 53 58 49 58 57 61 56 39
split_gain=3.81741 7.46396 6.39142 16.0449 11.9149 14.8729 9.87956 8.1757 6.27575 5.49045 5.63807 2.94673
threshold=-0.91094794869422901 -0.7213374376296996 -0.12685070186853406 -10.290257453918455 0.091117430478334441 97480.000000000015 -0.40028737485408777 152344.00000000003 1.125153720378876 83.639728546142592 -1.0000000180025095e-35 0.29869255423545843
decision_type=2 2 2 2 2 2 2 2 2 2 2 2
left_child=8 9 3 -3 5 -4 -5 -6 -1 -2 -11 -12
right_child=1 2 4 6 7 -7 -8 -9 -10 10 11 -13
leaf_value=-0.016376688809709609 -0.0021463844376285405 -0.01477847110538227 0.0054369489791133794 -0.0023137042265895112 -0.00021868039847185991 -0.004721435339239472 0.0014350498502414581 0.003792782768340493 0.0035682507521252564 -0.000305166799373216 0.014991988791888206 0.006311300593363758
leaf_weight=3.3581551909446707 6.5893349796533611 7.7215231508016577 104.43859088420868 122.85501407086849 315.70828992128372 16.614868938922882 164.21375837922096 60.475906021893024 2.8502640128135681 5.7088917046785417 9.054455101490019 7.8416336774826041
leaf_count=15 19 38 228 375 901 54 448 149 6 17 11 16
internal_value=0.000736655 0.000796808 0.00061236 -0.000551943 0.00130464 0.00403443 -0.000165797 0.00042355 -0.00705896 0.00576653 0.00811737 0.0110224
internal_weight=827.431 821.222 792.028 294.79 497.238 121.053 287.069 376.184 6.20842 29.1943 22.605 16.8961
internal_count=2277 2256 2193 861 1332 282 823 1050 21 63 44 27
is_linear=0
shrinkage=0.01


Tree=289
num_leaves=15
num_cat=0
split_feature=54 57 53 30 72 14 8 60 49 28 43 20 2 3
split_gain=3.83145 7.87095 5.47562 5.56641 14.7367 6.18133 5.37552 6.69221 9.27685 5.63096 8.11249 6.68438 2.75578 2.06057
threshold=4.3018939495086679 0.54489997029304515 1.7788622975349428 7.0410349369049081 -922025.21874999988 5.6687500476837167 2.2286499738693242 -0.0020100097171962257 -0.51427727937698353 -721.42578124999989 17193.365234375004 3584.6999511718755 514897.00000000006 -56710.999999999993
decision_type=2 2 2 2 2 2 2 2 2 2 2 2 2 2
left_child=1 13 3 5 -5 -3 7 8 -2 11 -11 -9 -4 -1
right_child=6 2 12 4 -6 -7 -8 9 -10 10 -12 -13 -14 -15
leaf_value=-0.00011518595542324772 0.0033104868875421267 0.00068261212810329238 -0.014478793482593053 -0.0032132026829303148 0.011228635560429221 0.0041103685224288724 0.010919007386046682 0.002811516638303091 -0.016152818372753553 0.0007627618017361609 0.0084458374538711745 -0.017118177264052809 0 -0.013351241924152428
leaf_weight=1.7267966866493223 5.1487862169742584 596.38793896883726 3.5911184027791014 72.55810321867466 7.8067395240068427 57.901128605008125 7.4673794209957114 3.9665137678384772 4.5603339374065381 31.057672657072544 25.11370775103569 2.8415632694959641 2.0441424697637558 5.120378077030181
leaf_count=7 12 1616 18 257 14 135 12 10 21 82 44 13 7 29
internal_value=0.000729385 0.000504847 0.000604834 0.000681425 -0.00179786 0.000987479 0.00280983 0.00196301 -0.00572835 0.00316461 0.0042156 -0.00535988 -0.0092027 -0.0101593
internal_weight=827.292 747.136 740.289 734.654 80.3648 654.289 80.156 72.6886 9.70912 62.9795 56.1714 6.80808 5.63526 6.84717
internal_count=2277 2083 2047 2022 271 1751 194 182 33 149 126 23 25 36
is_linear=0
shrinkage=0.01


Tree=290
num_leaves=17
num_cat=0
split_feature=18 25 36 65 3 8 48 48 24 18 29 10 6 47 9 3
split_gain=3.81804 11.8721 9.23749 10.6695 10.1548 16.6151 6.10538 7.7725 8.29885 11.2207 8.65717 5.75841 13.6859 5.01392 4.43058 3.56027
threshold=8.5000000000000018 36.500000000000007 -1.675755441188812 -1.4168654680252073 -1.0000000180025095e-35 2.3586499691009526 -0.91094794869422901 -0.7213374376296996 2.5000000000000004 315.00000000000006 2.6411490440368657 -1.0000000180025095e-35 -1414684735.9999998 0.70153209567070018 14021472.500000002 -4622.4999999999991
decision_type=2 2 2 2 2 2 2 2 2 2 2 2 2 2 2 2
left_child=1 2 3 13 14 -6 -2 11 9 -9 -10 12 -8 -1 -4 -13
right_child=6 -3 4 -5 5 -7 7 8 10 -11 -12 15 -14 -15 -16 -17
leaf_value=-0.0041281465811051441 -0.010393750916211798 -0.015738027252478561 0.012800498584573154 -0.016224411212002025 -0.016543949749590111 0.013394815134279304 0.010635190378903082 -0.0048919590314568367 0.001730353094354207 0.0060678125302573863 -0.00054956284639947413 0.0029963970260807587 -0.015708098322419605 0.010993226252575412 0.003551615512750495 0.011976871841314039
leaf_weight=4.2016183882951719 5.0556279420852652 3.0192507505416861 19.286512769758701 3.9654821604490271 4.0807011574506786 3.3747586905956268 4.307601198554039 53.794072546064854 388.85284320265055 11.231778666377066 290.43488203734159 7.3527071774005952 3.6243106052279499 4.4509848654270172 7.5354185402393332 12.501148313283915
leaf_count=13 19 14 28 18 18 5 7 175 1002 25 875 17 17 8 17 19
internal_value=0.000722296 0.0034071 0.00466103 -0.00259563 0.00736151 -0.00285786 0.000548571 0.000621516 0.000426211 -0.00298352 0.000754085 0.00581727 -0.00127572 0.00353487 0.0102394 0.0087014
internal_weight=827.07 49.9147 46.8955 12.6181 34.2774 7.45546 777.155 772.099 744.314 65.0259 679.288 27.7858 7.93191 8.6526 26.8219 19.8539
internal_count=2277 121 107 39 68 23 2156 2137 2077 200 1877 60 24 21 45 36
is_linear=0
shrinkage=0.01


Tree=291
num_leaves=26
num_cat=0
split_feature=5 9 0 29 40 35 57 5 30 68 26 44 2 8 65 61 38 24 3 69 21 37 11 41 60
split_gain=3.83156 14.7409 17.9619 13.5197 17.3281 11.6907 14.6384 8.19812 12.4882 19.2739 15.7172 10.2662 9.80032 9.4379 14.7597 16.2168 10.3863 13.204 10.9949 7.9762 6.85464 5.08319 13.0191 5.72472 2.6444
threshold=8047.1999511718759 19445974.000000004 150932.00000000003 3.0422816276550297 -1.6988701820373533 -1.610756993293762 0.96303537487983715 596.99499511718761 1.3606184124946596 89.302997589111342 0.011428564786911012 13863.114746093752 156964.50000000003 2.7581499814987187 -1.563650846481323 136.22818756103518 -1.8984381556510923 22.500000000000004 38050.500000000007 97.08383941650392 -4678.9999999999991 1.7934074997901919 76.384998321533217 -0.65798041224479664 -0.003913869382813572
decision_type=2 2 2 2 2 2 2 2 2 2 2 2 2 2 2 2 2 2 2 2 2 2 2 2 2
left_child=7 2 3 4 -2 6 -3 13 11 10 -10 20 -13 16 24 -16 18 -18 -1 -5 -9 23 -23 -7 -15
right_child=1 5 -4 19 -6 21 -8 8 9 -11 -12 12 -14 14 15 -17 17 -19 -20 -21 -22 22 -24 -25 -26
leaf_value=0.0041480438821889032 0.0058148332033473383 0.0081612772559204357 -0.015552381236805168 0.0027945061480334045 -0.0088695944048869744 0.012250396250400086 -0.01564409127235215 -0.003387261836340319 -0.017288195866679536 0.0094940824638466495 -0.0040281234874068915 -0.017186718658950658 0.001340790300158367 -0.016365091767831609 0.011411587128902346 -0.0043080701893503668 -0.0016495986399199056 0.0020817173553536396 -0.0082832368020450148 0.015781335673084703 0.0095247340052809389 -0.01485057636238893 0.0113672885632525 0.005363127618087239 -0.0015066544687477627
leaf_weight=100.64684768021107 12.117114797234533 4.9382806122302991 7.3102379292249671 42.321740016341209 23.545464113354683 23.038600951433178 5.3519085645675659 5.1413995772600165 10.607558980584143 8.9623773843049985 59.717176117002964 4.0706021115183821 9.2871009409427625 2.9790750741958618 28.021659858524799 8.4629672616720182 248.39482836425304 153.32548499107361 7.6069569587707511 5.3884588330984107 18.66275425255299 3.3849702626466742 4.2983073517680168 26.989216610789303 2.2711126655340186
leaf_count=234 29 10 33 110 88 36 24 16 47 16 198 18 24 13 48 29 758 392 26 7 31 16 8 59 7
internal_value=0.000715269 0.00211351 -0.000515707 0.000790734 -0.00385221 0.00563441 -0.00412267 0.000381697 -0.00202672 -0.00427363 -0.00604245 0.00274029 -0.00423039 0.000891854 0.00546637 0.00773785 0.000515528 -0.00022297 0.00326526 0.00428222 0.00669389 0.00739147 -5.31882e-05 0.00855481 -0.0101281
internal_weight=826.842 158.684 90.683 83.3728 35.6626 68.0013 10.2902 668.158 116.449 79.2871 70.3247 37.1619 13.3577 551.709 41.7348 36.4846 509.974 401.72 108.254 47.7102 23.8042 57.7111 7.68328 50.0278 5.25019
internal_count=2277 420 267 234 117 153 34 1857 350 261 245 89 42 1507 97 77 1410 1150 260 117 47 119 24 95 20
is_linear=0
shrinkage=0.01


Tree=292
num_leaves=14
num_cat=0
split_feature=52 11 47 57 36 52 70 69 67 40 24 68 34
split_gain=3.81784 8.62023 6.59255 6.54546 5.20905 10.8165 9.90637 6.68573 13.0888 11.5172 4.04642 7.36951 1.44322
threshold=0.051259016618132598 82.049999237060561 0.82425671815872203 1.6009081006050112 2.208875417709351 0.0059529012069106111 46711.125000000007 99.961925506591811 3.8699285984039311 1.3889967203140261 7.5000000000000009 66.666683197021499 1.1217062473297121
decision_type=2 2 2 2 2 2 2 2 2 2 2 2 2
left_child=1 4 -3 10 7 -6 -7 8 -1 -9 11 -2 -12
right_child=3 2 -4 -5 5 6 -8 9 -10 -11 12 -13 -14
leaf_value=0.00073061755631001468 0.010210388975440274 -0.013928184470008969 0.0037021974046545919 -0.0057387099504660642 0.010575752558410968 -0.010451507675562235 0.00614511297920106 0.0012744329980233632 -0.0052986432754560022 0.0076858853190027764 0.0075599018777005875 -0.0074733217035778347 0.015030499940828905
leaf_weight=549.41383111476898 4.9583269953727775 7.0379039570689184 2.9223655462265015 5.043487384915351 4.2990166544914272 16.275704778730873 4.5354302376508704 141.45006037503481 38.509646512567997 35.131416156888008 7.5336270034313184 4.4498049318790436 4.8855364322662354
leaf_count=1489 9 39 8 19 7 81 12 367 137 69 16 18 6
internal_value=0.000708438 0.000582399 -0.00865499 0.00442168 0.000700186 -0.00377415 -0.00678651 0.000848454 0.000333993 0.00255567 0.00681519 0.00174016 0.0105793
internal_weight=826.446 799.575 9.96027 26.8708 789.615 25.1102 20.8111 764.505 587.923 176.581 21.8273 9.40813 12.4192
internal_count=2277 2209 47 68 2162 100 93 2062 1626 436 49 27 22
is_linear=0
shrinkage=0.01


Tree=293
num_leaves=20
num_cat=0
split_feature=58 2 28 48 24 34 20 56 54 2 27 27 2 50 33 37 28 54 70
split_gain=3.79201 11.2057 10.7976 10.6331 20.0125 9.24952 14.0735 9.11799 29.0913 8.81483 8.49139 9.53765 10.8774 8.19287 8.54575 7.96596 7.49853 6.72737 4.57283
threshold=16608.000000000004 1134139.0000000002 -22.687499999999996 -1.0000000180025095e-35 15.500000000000002 -1.3336408138275144 375.40499877929693 -0.64211902022361744 -1.3394359946250913 91157.000000000015 666368.00000000012 559712.00000000012 849002.50000000012 -0.0090023158118128759 -1.4293891787528989 1.6135891675949099 -954.24999999999989 4.3018939495086679 10130.759765625002
decision_type=2 2 2 2 2 2 2 2 2 2 2 2 2 2 2 2 2 2 2
left_child=1 2 7 4 -4 6 -2 8 -1 -5 11 12 -7 14 -3 -9 -16 -12 -15
right_child=5 13 3 9 -6 10 -8 15 -10 -11 17 -13 -14 18 16 -17 -18 -19 -20
leaf_value=0.01005306499880064 0.0065237944584009867 -0.01372765677089699 0.00099990664361211939 -0.0062046784807910475 -0.0073699048211735042 -0.00062594358279980343 -0.016354328432160201 0.0030864819935404065 -0.0097973323434098532 0.0041740783846978633 -0.015321090374789355 0.010239952681667641 0.0044765985740155547 0.002532117686891096 -0.0056192791422411386 0.0087918229237817815 0.0083870236814869176 0.0042348645494673263 -0.013825017906864591
leaf_weight=12.176296353340151 3.9639268517494193 3.9245531708002117 86.441810689866543 9.2236333787441236 42.556589379906654 266.67872287333012 8.0435112416744214 182.12897315621376 18.69025020301342 68.475260391831398 6.0560558363795263 9.7038572281599027 49.520713336765766 1.9460562020540226 6.3042377382516888 28.588240891695023 9.5283563584089261 2.3791631758213043 9.8934593424200994
leaf_count=21 8 22 242 31 155 762 36 430 68 170 29 18 124 7 24 52 20 5 53
internal_value=0.000701573 0.00127726 0.00168457 1.87304e-06 -0.00175354 -9.3175e-05 -0.00871846 0.00312014 -0.00193431 0.00292915 0.000213603 0.000472918 0.000170015 -0.00446994 -0.00047505 0.00386528 0.00274682 -0.00968676 -0.0110519
internal_weight=826.224 479.878 448.281 206.697 128.998 346.346 12.0074 241.584 30.8665 77.6989 334.339 325.903 316.199 31.5967 19.7571 210.717 15.8326 8.43522 11.8395
internal_count=2277 1295 1169 598 397 982 44 571 89 201 938 904 886 126 66 482 44 34 60
is_linear=0
shrinkage=0.01


Tree=294
num_leaves=18
num_cat=0
split_feature=10 37 2 3 41 26 21 30 2 49 10 40 11 56 33 19 66
split_gain=3.76798 8.77371 9.04123 8.43611 7.97653 7.87806 12.8499 11.8438 11.2429 10.2585 10.2345 15.397 13.9715 8.32889 6.88642 3.57108 2.36911
threshold=-0.00072449998697265972 -2.6111268997192378 80198.500000000015 212954.50000000003 1.108425557613373 0.075714264065027251 -423.49999999999994 7.903783082962037 91157.000000000015 1.4960030913352969 -0.00015603000065311787 1.3889967203140261 74.314998626708999 -1.075711131095886 1.4417722225189211 372.83999633789068 -2.759558796882629
decision_type=2 2 2 2 2 2 2 2 2 2 2 2 2 2 2 2 2
left_child=1 -1 15 4 -4 7 9 10 -8 16 11 -2 -12 -10 -5 -3 -7
right_child=5 2 3 14 -6 6 8 -9 13 -11 12 -13 -14 -15 -16 -17 -18
leaf_value=-0.014435049947341794 -0.0019002507180149518 -0.015962611593374171 0.0046115351125040407 -0.015293300457217643 -0.0021658751801773425 -0.0022082034216346163 -0.016227271047558098 -0.014038145142781075 0.014210361156772858 0.0015233138343961111 0.0025444074575053373 0.0046605936872883939 -0.0051643480658678347 -0.0001147641433448738 0.0049463138316284336 0 -0.015189562205338325
leaf_weight=3.110928386449813 194.41471958905458 3.5529445260763159 112.94910702109337 4.4191302731633177 20.303395204246044 1.7793159112334258 4.0610143393278113 5.342455491423606 4.4003048539161673 6.1008729934692374 327.73212626576424 43.786503784358501 25.250530906021595 50.682680130004883 2.61667799949646 2.1582146435976028 13.221603311598301
leaf_count=15 572 17 279 21 65 7 18 27 6 18 814 103 90 149 6 7 63
internal_value=0.000694844 0.00213529 0.00249521 0.00300277 0.00357137 0.000376 -0.00256277 0.000773005 -0.000155313 -0.009263 0.000908543 -0.000690028 0.00199013 0.00101144 -0.00762388 -0.00979732 -0.0137165
internal_weight=825.883 149.11 145.999 140.288 133.253 676.772 80.2458 596.526 59.144 21.1018 591.184 238.201 352.983 55.083 7.03581 5.71116 15.0009
internal_count=2277 410 395 371 344 1867 261 1606 173 88 1579 675 904 155 27 24 70
is_linear=0
shrinkage=0.01


Tree=295
num_leaves=21
num_cat=0
split_feature=65 22 7 11 53 61 71 46 11 21 72 67 54 33 3 35 27 20 12 58
split_gain=3.76761 7.66437 8.45709 6.38185 9.6693 9.3241 9.02652 6.60402 6.10793 13.8289 13.7882 11.2853 15.7899 12.1283 11.177 3.88614 5.72892 5.67136 4.55308 1.46692
threshold=2.4288747310638432 2539.9250488281255 2.9830733537673955 76.384998321533217 0.34048853814601904 176.16315460205081 44049.130859375007 -0.74166530370712269 70.814998626708999 -1243.4999999999998 -2153469.6249999995 2.034328937530518 0.23331468552351001 -1.4794612526893614 212954.50000000003 0.57394731044769298 195264.00000000003 10440.005371093752 5252843.0000000009 -33249.999999999993
decision_type=2 2 2 2 2 2 2 2 2 2 2 2 2 2 2 2 2 2 2 2
left_child=3 2 -2 8 7 6 -6 -5 11 14 -11 13 -13 -1 -10 18 19 -18 -3 -17
right_child=1 15 -4 4 5 -7 -8 -9 9 10 -12 12 -14 -15 -16 16 17 -19 -20 -21
leaf_value=-0.011508294162081109 -0.014050943565614793 0.0069688276279857462 0.0055873447895857789 0.0010765741669597913 -0.0088561923052511531 0.011040085794009951 0.0078657697416921208 -0.014501232176206824 0.0072262381414522911 -0.015673099887782396 0.00095669813093788225 -0.005641128543056712 0.00069987764886954653 0.0013303200512846209 -0.0089821676490550572 0.015954920203220334 0.0087922313597890815 -0.0056685374139909851 -0.0085379077244804192 0.0089072834872196936
leaf_weight=7.4569045007228842 4.5762030556797963 3.9895604699850074 4.1218015402555466 3.5934830605983725 10.413796700537207 6.0546915531158438 4.6231643408536902 9.8987790495157224 55.77237493544817 6.0452374741435042 27.988524787127972 66.659831441938877 95.012488298118114 486.42717193067074 4.5523580461740485 6.1046881675720215 6.0324451103806478 4.8552857041358948 3.594530314207077 7.867663040757181
leaf_count=35 24 8 9 10 44 11 9 49 120 28 80 241 258 1267 17 7 13 18 14 15
internal_value=0.000688019 0.00364196 -0.0046298 0.000531827 -0.00366336 0.000520702 -0.00364847 -0.0102782 0.000726631 0.00310691 -0.00196778 0.000382496 -0.00190843 0.00113445 0.00598651 0.00589038 0.0078035 0.00225173 -0.000248838 0.0120581
internal_weight=825.641 41.1422 8.698 784.499 34.5839 21.0917 15.037 13.4923 749.915 94.3585 34.0338 655.556 161.672 493.884 60.3247 32.4442 24.8601 10.8877 7.58409 13.9724
internal_count=2277 108 33 2169 123 64 53 59 2046 245 108 1801 499 1302 137 75 53 31 22 22
is_linear=0
shrinkage=0.01


Tree=296
num_leaves=19
num_cat=0
split_feature=52 38 18 28 40 49 49 34 55 52 38 60 56 60 34 24 68 14
split_gain=3.7489 6.45928 6.50948 5.52891 14.1274 11.7387 13.2094 9.78148 8.57023 13.0269 8.45273 7.45321 12.2665 9.70625 7.41839 4.27279 10.4024 1.70066
threshold=0.051259016618132598 0.73979005217552196 1214.0000000000002 718.00000000000011 1.1927489042282107 -0.42740254104137415 0.94671350717544567 0.69587054848670971 0.35592938959598547 0.0079735079780221003 2.6015568971633916 0.014337968546897175 1.6506541371345522 0.012596097309142353 1.1217062473297121 7.5000000000000009 69.867019653320327 5.1707501411437997
decision_type=2 2 2 2 2 2 2 2 2 2 2 2 2 2 2 2 2 2
left_child=3 2 -2 10 5 7 -7 -5 9 -6 11 13 -13 -1 -10 16 -3 -17
right_child=1 15 -4 4 8 6 -8 -9 14 -11 -12 12 -14 -15 -16 17 -18 -19
leaf_value=0.00079492270728929993 -0.014954155251161066 0.010007211460825416 0.0057158100087377111 -0.014643986740166965 0.010013821123302614 -0.011191470228319745 -0.00054785863700316715 0.0025122755739277669 0.015201667026412862 -0.014101039360688716 0.012585934716282155 -0.016668114781975718 0.0033348317705605623 0.012105824411069757 0.001542369104998217 0.0072797082893388387 -0.013674397071889095 0.015114187621656099
leaf_weight=662.07542347162962 3.0658885389566448 5.0014077425003078 2.9420784562826157 3.6892098635435095 4.1625102236866969 27.932314679026604 20.367239788174629 32.972742952406406 9.2928032726049441 4.8047273978590965 6.1363449692726126 6.3052995204925519 5.8355729877948761 7.6895271986722937 7.2578963711857787 7.5193384587764722 2.937652662396431 5.3180330991744995
leaf_count=1776 14 9 7 18 8 129 63 91 12 26 9 29 14 12 22 17 15 6
internal_value=0.000681429 0.00436689 -0.00466571 0.000556557 -0.00151665 -0.00348334 -0.00672391 0.000758603 0.00499223 -0.00279562 0.000890907 0.000784199 -0.00697123 0.000926275 0.00927214 0.00702699 0.00111846 0.0106031
internal_weight=825.306 26.7844 6.00797 798.522 110.479 84.9615 48.2996 36.662 25.5179 8.96724 688.042 681.906 12.1409 669.765 16.5507 20.7764 7.93906 12.8374
internal_count=2277 68 21 2209 369 301 192 109 68 34 1840 1831 43 1788 34 47 24 23
is_linear=0
shrinkage=0.01


Tree=297
num_leaves=25
num_cat=0
split_feature=40 61 34 1 60 64 1 48 55 60 45 50 28 28 26 59 28 52 60 24 67 59 17 61
split_gain=3.73839 12.8515 10.9149 10.4297 17.0399 14.6767 6.51558 12.3197 15.929 14.9212 16.0975 14.043 10.7313 12.937 11.1714 10.6076 9.92144 6.44744 6.4591 4.72122 3.63513 3.53149 3.10866 2.91217
threshold=-1.978571832180023 181.35486602783206 1.1767813563346865 426017.00000000006 0.0050761981401592502 2.5068372488021855 132395.50000000003 -0.39260393381118769 -0.51633572578430165 -0.0027739398647099729 -0.40393987298011774 -0.0071258812677115193 -1193.0624999999998 -872.87499999999989 0.075714264065027251 1.1813405156135561 -432.49999999999994 -0.043981732800602906 -0.0094621288590133173 26.500000000000004 -1.3689037561416624 1.1642287969589236 47.000000000000007 125.77386474609376
decision_type=2 2 2 2 2 2 2 2 2 2 2 2 2 2 2 2 2 2 2 2 2 2 2 2
left_child=1 3 22 19 5 -5 12 8 16 10 -9 -11 17 20 -15 -10 -8 -2 -19 21 -14 -1 -3 -6
right_child=6 2 -4 4 23 -7 7 9 15 11 -12 -13 13 14 -16 -17 -18 18 -20 -21 -22 -23 -24 -25
leaf_value=0.0060508021382462279 -0.0020474388126435943 -0.016681118254926117 0.0079484350711502647 0.0089831100437631692 -0.01559247685851268 -0.0042534608759932611 -0.0041186898189426325 0.01363242599664939 -0.0028029716751619476 0.0065633742706461204 -0.0038254066876586695 0.00095098690333617866 -0.018741397527208294 0.0023808826092435844 -0.0077140770668069078 0.0027972036617705592 -0.0162353616845047 0.01448135842737437 0.0043331910507560271 0.0012831276034238075 -0.0025560591428694756 0.014355049496976696 -0.0023501675246186439 -0.0016179836790600264
leaf_weight=9.1146554797887855 5.7625972777605083 6.2785004228353483 3.4277590215206137 22.781469494104385 5.9141653925180417 13.130640923976896 16.822988197207454 5.6291808038949958 102.50205896049738 55.588531151413918 81.171957954764366 228.53701966255903 4.0401939302682877 137.68755955994129 11.873957604169844 50.345172226428986 11.645471692085264 13.092648461461071 12.737392455339428 6.6395423263311377 2.3502238988876334 13.499149724841116 2.2202091366052628 2.2170062214136124
leaf_count=21 15 27 8 42 27 44 54 8 325 122 260 644 17 344 44 125 52 16 27 17 7 17 7 7
internal_value=0.000674896 0.00266055 -0.00693457 0.00423547 0.00113512 0.00411554 0.000444797 -0.00010038 -0.00223832 0.000941986 -0.00268172 0.00205256 0.00205545 0.000971422 0.00157274 -0.000951831 -0.00911033 0.00737496 0.00951578 0.00886912 -0.0129453 0.0110522 -0.013055 -0.0119052
internal_weight=825.01 85.2231 11.9265 73.2966 44.0433 35.9121 739.787 552.242 181.316 370.927 86.8011 284.126 187.545 155.952 149.562 152.847 28.4685 31.5926 25.83 29.2533 6.39042 22.6138 8.49871 8.13117
internal_count=2277 217 42 175 120 86 2060 1590 556 1034 268 766 470 412 388 450 106 58 43 55 24 38 34 34
is_linear=0
shrinkage=0.01


Tree=298
num_leaves=23
num_cat=0
split_feature=5 9 0 71 35 59 14 34 11 14 5 70 70 39 56 49 28 27 52 41 68 34
split_gain=3.77106 14.3568 17.5589 13.9249 11.4369 16.9494 8.70728 8.33067 21.4432 14.1483 8.3326 12.5625 13.7444 11.1617 7.03012 18.707 7.49665 5.63968 8.1044 4.84972 3.25155 3.03778
threshold=8047.1999511718759 19445974.000000004 150932.00000000003 36334.363281250007 -1.610756993293762 0.87073615193367015 3.029000043869019 1.4139002561569216 60.859998703002937 2.2147500514984135 596.99499511718761 20778.277343750004 25782.616210937504 2.6733747720718388 -0.7110605239868163 -0.86154139041900624 -1193.0624999999998 157280.00000000003 0.021227080374956134 -0.65798041224479664 70.270221710205092 1.0153595805168154
decision_type=2 2 2 2 2 2 2 2 2 2 2 2 2 2 2 2 2 2 2 2 2 2
left_child=7 2 3 6 5 -3 -2 10 9 20 14 13 -13 -12 15 -1 -16 19 -19 -6 -9 -5
right_child=1 4 -4 21 17 -7 -8 8 -10 -11 11 12 -14 -15 16 -17 -18 18 -20 -21 -22 -23
leaf_value=0.010298766810711303 -0.0019947090918013672 0.010323382684523852 -0.01545092903490565 -0.015660927347206345 0.013242254462827091 -0.01552734087607619 0.0049094779006471599 0.0033612686262219178 -0.014370499259736864 -0.013977335597658553 -0.00019944655738218209 -0.016980946960722318 -0.0031536581797956477 0.013998337131850766 0.0044532643741074388 -0.0051546317682973257 0.0009469500976911218 -0.004081901412432822 0.0095859199155427302 0.0061260945249329369 0.014340268287678717 -0.0010061956290469121
leaf_weight=9.5286467224359495 30.676542587578297 4.4853194653987867 7.2688124626874915 5.7663963735103598 18.042244866490364 5.7713797986507416 44.621595919132233 6.0107330828905123 13.067995898425577 3.6323821917176238 50.233277335762978 8.6467053294181806 44.701053760945797 6.2062387913465491 72.16497578471899 43.414546057581902 403.54938302189112 8.9775484427809733 8.2974378988146764 22.161704927682877 5.384091779589653 2.0730257034301758
leaf_count=16 94 8 33 27 26 26 106 14 69 20 140 37 141 8 167 149 1089 30 17 46 7 7
internal_value=0.000668386 0.00205791 -0.000540061 0.000751585 0.00554018 -0.00412516 0.00208342 0.000337209 -0.00498845 0.00310384 0.000573135 -0.00193049 -0.00541356 0.00134406 0.00109496 -0.00235446 0.00148095 0.00728228 0.00242507 0.00934447 0.00863664 -0.0119132
internal_weight=824.682 158.142 90.4064 83.1376 67.7356 10.2567 75.2981 666.54 28.0952 15.0272 638.445 109.787 53.3478 56.4395 528.658 52.9432 475.714 57.4789 17.275 40.2039 11.3948 7.83942
internal_count=2277 420 267 234 153 34 200 1857 110 41 1747 326 178 148 1421 165 1256 119 47 72 21 34
is_linear=0
shrinkage=0.01


Tree=299
num_leaves=25
num_cat=0
split_feature=42 38 43 60 57 42 28 65 53 61 54 65 26 18 57 30 2 42 40 48 28 2 20 33
split_gain=3.72443 8.6353 11.6248 17.3386 11.025 11.0117 10.2692 10.8624 9.40175 17.0746 9.34152 8.46285 7.65746 14.1582 12.2133 11.6091 10.5532 9.97598 15.0215 13.7468 8.37294 7.17084 7.14036 4.07509
threshold=-0.00072449998697265972 -0.48091723024845118 5232.9299316406259 0.0034813412930816416 1.2974862456321719 -0.0011035000206902621 24.937500000000004 1.4099061489105227 0.71303862333297741 220.09100341796878 4.3018939495086679 1.7281050682067873 0.075714264065027251 280.50000000000006 1.663668751716614 7.903783082962037 91157.000000000015 -0.00015603000065311787 1.3889967203140261 -0.61353811621665943 -1311.0624999999998 148304.00000000003 12170.615234375002 1.2348119616508486
decision_type=2 2 2 2 2 2 2 2 2 2 2 2 2 2 2 2 2 2 2 2 2 2 2 2
left_child=1 2 4 22 10 6 23 -8 11 -10 -1 -7 15 16 21 17 -14 18 -2 -19 -18 -15 -4 -3
right_child=12 5 3 -5 -6 8 7 -9 9 -11 -12 -13 13 14 -16 -17 20 19 -20 -21 -22 -23 -24 -25
leaf_value=-0.015057454350747937 -0.0019053224610995191 -0.014849725427147735 -0.015991616248067352 0.0057906371014252236 0.015878192484513158 0.00846492025479249 0.0071653657254263474 -0.0075889387304400452 -0.010127787127012471 0.0095715049209213685 0.009303776290988058 -0.002068402220666924 -0.015991446785525779 -0.0012646543022624996 0.0043755989562751854 -0.013979257288252653 -0.0063215290228107821 0.0070460894094107876 0.0045813960783918396 0.0011706819595838423 0.0038552798366265294 -0.015007003266156688 0.00036522835300776223 0.0011179220604613704
leaf_weight=3.2715345844626409 194.10810439288616 6.5361172184348124 12.232953384518625 7.7222406566143027 5.6780187487602234 57.015288151800632 14.054824553430082 7.6941343769431105 9.6468345075845736 8.0701009482145292 2.9921104311943054 8.6361309215426427 3.6117118746042243 5.1320939362049165 5.8275132775306693 5.3052290529012671 10.169407218694685 45.917815998196602 43.69432307779789 306.46455653756857 38.653672084212303 16.632027834653854 3.261977180838584 1.965727165341377
leaf_count=17 572 33 55 18 6 112 33 35 38 15 5 28 16 17 14 27 36 91 103 813 97 81 9 6
internal_value=0.000661977 0.00209562 -0.00221802 -0.00636239 0.00575578 0.00343925 -0.0017039 0.00189975 0.00531747 -0.00109828 -0.00326057 0.00706408 0.000344747 -0.00255678 -0.00835718 0.000736356 0.000476364 0.000870331 -0.000709234 0.00193913 0.00171506 -0.0118124 -0.0124837 -0.0110402
internal_weight=824.294 148.778 35.1588 23.2172 11.9417 113.619 30.2508 21.749 83.3684 17.7169 6.26365 65.6514 675.516 80.0264 27.5916 595.49 52.4348 590.185 237.802 352.382 48.8231 21.7641 15.4949 8.50184
internal_count=2277 410 110 82 28 300 107 68 193 53 22 140 1867 261 112 1606 149 1579 675 904 133 98 64 39
is_linear=0
shrinkage=0.01


end of trees

feature_importances:
z_ls=182
btc_cvd_mom=176
ret_kurt_10=176
ret_kurt_20=172
cvd_accel=156
z_oi=154
Sell_Qty=152
price_atr=139
ret_skew_10=136
atr_ratio_lag1=124
RSI=120
liq_long_5=116
z_btc_10=114
z_cvd_10=110
vol_regime=109
Agg._Funding_Rate=108
Price_Low=107
Ask_Trades=107
macro_score=107
atr_ratio=106
log_ret_1=105
z_btc_20=104
Buy_Qty=102
Agg._Liq_Short=100
z_btc_4=100
pull_ema50=99
pull_ema21=95
z_cvd_20=92
liq_short_5_mean=91
log_ret_5=88
Ask_Qty=87
ema_fast=87
z_ask_trades=85
z_cvd_4=83
Candle_Delta=82
ema_slow=82
Delta_Qty=76
ret_skew_20=75
liq_short_5=73
stoch_k=72
liq_long_5_mean=71
Long/Short_Ratio_(Account)=70
z_bid_qty=68
rsi=67
z_bid_trades=64
cvd_delta=63
z_ask_qty=60
ret_lag1=58
Price_High=54
Ask_USD=52
atr=52
Delta_USD=51
btc_CVD=51
pull_ema8=50
Net_Longs=49
total_qty=47
z_delta_qty=43
ema_8=37
CVD=36
Whale_Ind=34
funding=34
log_ret_3=34
ema_50=32
Agg._Liq_Long=31
Candle=30
ema_21=29
Agg._OI=27
Net_Shorts=19
Bid_Qty=18
Bid_USD=13
Bid_Trades=7
Mid_Price=4

parameters:
[boosting: gbdt]
[objective: binary]
[metric: binary_logloss]
[tree_learner: serial]
[device_type: cpu]
[data_sample_strategy: bagging]
[data: ]
[valid: ]
[num_iterations: 300]
[learning_rate: 0.01]
[num_leaves: 31]
[num_threads: 1]
[seed: 42]
[deterministic: 0]
[force_col_wise: 0]
[force_row_wise: 0]
[histogram_pool_size: -1]
[max_depth: 5]
[min_data_in_leaf: 10]
[min_sum_hessian_in_leaf: 0.001]
[bagging_fraction: 0.8]
[pos_bagging_fraction: 1]
[neg_bagging_fraction: 1]
[bagging_freq: 0]
[bagging_seed: 400]
[bagging_by_query: 0]
[feature_fraction: 0.8]
[feature_fraction_bynode: 1]
[feature_fraction_seed: 30056]
[extra_trees: 0]
[extra_seed: 12879]
[early_stopping_round: 0]
[early_stopping_min_delta: 0]
[first_metric_only: 0]
[max_delta_step: 0]
[lambda_l1: 0.1]
[lambda_l2: 0]
[linear_lambda: 0]
[min_gain_to_split: 0]
[drop_rate: 0.1]
[max_drop: 50]
[skip_drop: 0.5]
[xgboost_dart_mode: 0]
[uniform_drop: 0]
[drop_seed: 17869]
[top_rate: 0.2]
[other_rate: 0.1]
[min_data_per_group: 100]
[max_cat_threshold: 32]
[cat_l2: 10]
[cat_smooth: 10]
[max_cat_to_onehot: 4]
[top_k: 20]
[monotone_constraints: ]
[monotone_constraints_method: basic]
[monotone_penalty: 0]
[feature_contri: ]
[forcedsplits_filename: ]
[refit_decay_rate: 0.9]
[cegb_tradeoff: 1]
[cegb_penalty_split: 0]
[cegb_penalty_feature_lazy: ]
[cegb_penalty_feature_coupled: ]
[path_smooth: 0]
[interaction_constraints: ]
[verbosity: -1]
[saved_feature_importance_type: 0]
[use_quantized_grad: 0]
[num_grad_quant_bins: 4]
[quant_train_renew_leaf: 0]
[stochastic_rounding: 1]
[linear_tree: 0]
[max_bin: 63]
[max_bin_by_feature: ]
[min_data_in_bin: 3]
[bin_construct_sample_cnt: 200000]
[data_random_seed: 175]
[is_enable_sparse: 1]
[enable_bundle: 1]
[use_missing: 1]
[zero_as_missing: 0]
[feature_pre_filter: 1]
[pre_partition: 0]
[two_round: 0]
[header: 0]
[label_column: ]
[weight_column: ]
[group_column: ]
[ignore_column: ]
[categorical_feature: ]
[forcedbins_filename: ]
[precise_float_parser: 0]
[parser_config_file: ]
[objective_seed: 16083]
[num_class: 1]
[is_unbalance: 0]
[scale_pos_weight: 4.06]
[sigmoid: 1]
[boost_from_average: 1]
[reg_sqrt: 0]
[alpha: 0.9]
[fair_c: 1]
[poisson_max_delta_step: 0.7]
[tweedie_variance_power: 1.5]
[lambdarank_truncation_level: 30]
[lambdarank_norm: 1]
[label_gain: ]
[lambdarank_position_bias_regularization: 0]
[eval_at: ]
[multi_error_top_k: 1]
[auc_mu_weights: ]
[num_machines: 1]
[local_listen_port: 12400]
[time_out: 120]
[machine_list_filename: ]
[machines: ]
[gpu_platform_id: -1]
[gpu_device_id: -1]
[gpu_use_dp: 0]
[num_gpu: 1]

end of parameters

pandas_categorical:[]
