tree
version=v4
num_class=1
num_tree_per_iteration=1
label_index=0
max_feature_idx=16
objective=binary sigmoid:1
feature_names=macro pull_ema8 pull_ema21 pull_ema50 rsi stoch_k z_cvd_4 z_btc_4 z_btc_10 z_cvd_20 z_btc_20 cvd_delta btc_cvd_mom vol_regime z_oi z_ls funding
feature_infos=[-1:1] [-2234299.9115410042:2434829.8185761231] [-32130088.73500289:27931619.060581613] [-100000000:100000000] [0:99.999998444444472] [0:100.00000000000001] [-1.4998987516409141:1.4999942686216818] [-1.499998479365763:1.4999982666134866] [-2.8282740286414998:2.8409553325180119] [-4.2047858048049758:4.1459593663965437] [-4.1913075890052935:4.1665921201498177] [-26171855:28746418.299995422] [-9064.1369999996386:5735.8919999999925] [-3.3958035582507722:4.7030849845749723] [-8.310226850085666:9.8999999999999968] [-9.766518550117258:9.9000000000000004] [-0.00445:0.0022590000000000002]
tree_sizes=3320 3421 3414 3390 3409 3423 3418 3413 3427 3404 3445 3445 3437 3416 3412 3452 3431 3438 3451 3429 3433 3409 3443 3435 3434 3459 3422 3435 3429 3461 3423 3463 3419 3438 3438 3450 3430 3416 3460 3444 3422 3427 3433 3436 3439 3439 3429 3408 3417 3440 3458 3443 3413 3417 3441 3426 3447 3438 3428 3433 3459 3445 3446 3425 3456 3410 3404 3440 3433 3424 3415 3419 3437 3439 3447 3444 3451 3418 3460 3428 3455 3434 3434 3438 3435 3427 3452 3419 3405 3423 3436 3447 3390 3423 3414 3430 3478 3437 3425 3435 3434 3442 3459 3429 3422 3421 3437 3452 3428 3423 3422 3424 3426 3408 3439 3439 3409 3427 3409 3422

Tree=0
num_leaves=31
num_cat=0
split_feature=4 2 2 13 3 5 12 2 5 3 9 14 1 13 9 14 13 2 2 0 0 3 13 2 4 3 0 2 3 15
split_gain=302.569 101.632 76.8538 100.018 112.683 74.67 71.687 68.6957 97.9313 60.958 58.9074 99.3867 68.7107 53.8444 47.7929 77.1914 86.4673 76.6059 52.5611 63.9413 51.944 47.3356 39.4291 39.1446 38.5874 37.4372 81.6398 47.0266 36.3582 35.418
threshold=1.0000000180025095e-35 -835236.14072378271 15.796877144760289 -1.3424265827072237 3.689285400506781 1.0000000180025095e-35 -84.392999999923617 0.73799524035418285 33.333333333333407 -2.762034238059111 -0.4288156789083401 -0.6908046333757748 -4.9896979944441844 -0.97583201762206395 -0.20786897725066963 0.41007028668734374 -0.81092984985366023 -0.039700050649734142 -0.50973721790005566 -1.0000000180025095e-35 -1.0000000180025095e-35 -3.2911063206699676 0.73461177130284094 -0.86887369548487403 88.12344843150629 0.092366842985860537 -1.0000000180025095e-35 0.33482934649787222 -2.2702019669121687 0.56365666015252314
decision_type=2 2 2 2 2 2 2 2 2 2 2 2 2 2 2 2 2 2 2 2 2 2 2 2 2 2 2 2 2 2
left_child=1 -1 3 6 7 14 -3 9 -9 10 12 -12 -5 -13 22 16 18 20 19 -16 23 29 -2 -17 -7 -11 -27 -28 -26 -8
right_child=5 2 -4 4 -6 24 21 8 -10 25 11 13 -14 -15 15 17 -18 -19 -20 -21 -22 -23 -24 -25 28 26 27 -29 -30 -31
leaf_value=-2.3813499352667225 -2.3066093147832767 -2.2628364694715319 -2.3813499352667225 -1.9864909527585111 -1.9847281894437423 -2.3432247502846995 -1.8965900237053028 -1.8525209408360823 -2.2932117695282823 -2.3403626064443008 -2.3512539762340841 -2.2579565032329061 -2.2852329461035392 -1.9214289613224989 -1.9655677186310379 -2.1962597872159981 -2.3543688641223017 -1.8929176001328671 -2.3813499352667225 -2.3101614167856748 -2.119809508673308 -2.167549434218031 -2.3657633964835032 -2.3813499352667225 -2.1071423085249088 -2.3322109579081229 -1.9529005184826389 -2.2888048612413603 -2.3135905361730082 -2.1208526898619997
leaf_weight=17.504983305931091 105.02989983558655 14.344361320137976 11.183739334344862 2.0260397344827643 3.4037467539310446 983.60177029669285 3.4037467539310482 2.2691645026206961 2.8364556282758713 46.355789124965668 3.3227051645517349 1.6208317875862119 38.494754955172539 4.4572874158620817 3.727913111448288 5.6729112565517452 27.797265157103539 1.9449981451034535 2.1070813238620749 2.1070813238620758 7.4558262228965768 16.370401054620743 38.494754955172539 5.753952845931054 2.1881229132413855 9.1576995998620969 2.917497217655181 1.6208317875862119 84.121169775724411 3.6468715220689774
leaf_count=216 1296 177 138 25 42 12137 42 28 35 572 41 20 475 55 46 70 343 24 26 26 92 202 475 71 27 113 36 20 1038 45
internal_value=-2.32647 -2.26672 -2.25473 -2.24567 -2.26825 -2.33517 -2.17481 -2.27664 -2.09735 -2.28496 -2.24413 -2.13137 -2.2703 -2.01117 -2.30713 -2.26821 -2.3128 -2.1917 -2.1673 -2.09 -2.22247 -2.1209 -2.32248 -2.28946 -2.34041 -2.3189 -2.24627 -2.07287 -2.30836 -2.01259
internal_weight=1454.94 184.937 167.432 156.248 118.483 1270 37.7654 115.079 5.10562 109.973 49.9216 9.40082 40.5208 6.07812 200.092 56.567 35.7393 20.8277 7.94208 5.83499 18.8827 23.421 143.525 11.4269 1069.91 60.0518 13.696 4.53833 86.3093 7.05062
internal_count=17953 2282 2066 1928 1462 15671 466 1420 63 1357 616 116 500 75 2469 698 441 257 98 72 233 289 1771 141 13202 741 169 56 1065 87
is_linear=0
shrinkage=1


Tree=1
num_leaves=31
num_cat=0
split_feature=4 2 5 2 13 2 11 3 3 11 2 14 12 9 14 1 9 14 13 15 10 13 2 13 0 0 3 0 2 1
split_gain=257.798 85.4495 66.9322 63.526 70.5573 75.8085 53.8769 50.2705 57.4076 46.5174 46.0515 49.243 43.3049 39.5938 73.2057 41.4397 39.2972 57.9782 67.9487 39.8311 42.3924 36.0842 35.5087 35.4076 34.497 32.5457 29.2587 59.8105 80.1784 28.8307
threshold=1.0000000180025095e-35 -835236.14072378271 1.0000000180025095e-35 15.796877144760289 -1.3424265827072237 0.26582273514516797 -2331420.9500007625 -2.762034238059111 1.5647705294248866 851207.24999618542 -0.13766153477061147 0.68344902286881315 217.97350000008012 -0.32394326709389881 -0.64300935567897965 -4.9896979944441844 -0.20786897725066963 0.41007028668734374 -0.81092984985366023 1.3585022926750296 0.12856101310608395 0.73461177130284094 -0.50973721790005566 -0.71385774484400433 -1.0000000180025095e-35 -1.0000000180025095e-35 0.11156552365192389 1.0000000180025095e-35 0.45944383113126996 0.17790251629125667
decision_type=2 2 2 2 2 2 2 2 2 2 2 2 2 2 2 2 2 2 2 2 2 2 2 2 2 2 2 2 2 2
left_child=1 -1 16 4 6 7 -3 13 -9 25 11 -8 -12 15 -15 -6 21 18 22 20 -19 -2 24 -4 -18 -7 -25 -28 29 -29
right_child=2 3 23 -5 5 9 10 8 -10 -11 12 -13 -14 14 -16 -17 17 19 -20 -21 -22 -23 -24 26 -26 -27 27 28 -30 -31
leaf_value=-0.054621286123361285 0.018552784863209423 -0.026003296462096745 0.0019337787648135559 -0.054621286123361285 0.24480790399466645 0.17243997115733295 0.22824486536202701 -0.0074386322577373459 0.19354615417904758 0.32737241901689912 0.026495079691704611 0.070337363146190213 0.27453424946995092 -0.024431033001871411 0.26775660321923961 0.040885268047424518 0.25565952585884594 0.068906211998228259 -0.027138854296713023 -0.030413669154742941 0.2169124265590866 -0.038593612435849786 -0.054621286123361305 -0.029655111526655415 0.015279833464838142 -0.01295059595042816 -0.023030045249071984 0.09914286084635561 -0.0053964727406886209 -0.033596153796752376
leaf_weight=16.728721976280212 106.75521576404572 5.1006947085261336 277.46931079030037 10.687794595956801 2.6519333943724623 7.2108544856309882 18.470562048256401 53.730394251644611 3.804469719529151 3.2543120831251136 10.364199258387087 6.7383351400494567 2.1195605918765059 3.2875161394476891 6.1612216308712942 41.128766924142838 4.9574088454246521 9.6437326297164017 27.165231853723526 3.9860851541161528 9.7085797637701017 37.266461737453938 2.0136424601078016 347.93059208989143 2.1354716271162033 3.5243908837437621 292.5795222222805 30.855351701378822 104.19719709455967 4.7159311026334754
leaf_count=216 1296 58 3456 138 25 74 196 664 40 32 116 73 23 41 59 487 46 109 343 45 103 475 26 4351 26 40 3651 386 1299 59
internal_value=-8.28509e-05 0.0534258 -0.00835336 0.0635668 0.071106 0.0521025 0.126506 0.0382508 0.00585141 0.161776 0.147144 0.186036 0.0686085 0.0732708 0.166095 0.0532375 0.0178969 0.0520383 0.012484 0.113512 0.143157 0.00376582 0.130681 -0.0134069 0.183288 0.111576 -0.0188621 -0.0101764 0.0167302 0.0815447
internal_weight=1456.34 194.964 1261.38 178.235 167.547 124.754 42.7934 110.764 57.5349 13.9896 37.6927 25.2089 12.4838 53.2294 9.44874 43.7807 203.632 59.6102 36.2718 23.3384 19.3523 144.022 9.10652 1057.75 7.09288 10.7352 780.279 432.348 139.768 35.5713
internal_count=17953 2282 15671 2066 1928 1462 466 1316 704 146 408 269 139 612 100 512 2469 698 441 257 212 1771 98 13202 72 114 9746 5395 1744 445
is_linear=0
shrinkage=0.05


Tree=2
num_leaves=31
num_cat=0
split_feature=4 2 5 2 13 2 8 3 3 2 11 4 9 14 13 13 0 2 0 2 7 5 11 15 15 14 13 11 2 14
split_gain=222.572 73.2209 60.2888 53.6895 51.5267 55.6042 42.7311 41.0828 44.4174 37.6978 36.7911 35.0692 33.0251 45.1304 55.7134 33.0515 32.0029 30.373 30.1327 30.596 29.5401 28.8767 53.8561 43.6239 39.2327 32.6748 43.6801 28.6756 28.5476 27.3941
threshold=1.0000000180025095e-35 -835236.14072378271 1.0000000180025095e-35 15.796877144760289 -1.3424265827072237 0.26582273514516797 -1.1378729221610597 -2.762034238059111 1.5647705294248866 -0.13766153477061147 1214030.6500053408 88.12344843150629 -0.20786897725066963 0.41007028668734374 -0.81092984985366023 0.73461177130284094 -1.0000000180025095e-35 -0.039700050649734142 -1.0000000180025095e-35 -0.86887369548487403 0.90072588619663974 12.248931193030609 -2598284.7499961848 -1.0038908144898826 2.0905528138425677 -0.88833728961985881 -1.0337809496680819 -2193838.6499977107 -6.0070989001338795 -0.079205654599782516
decision_type=2 2 2 2 2 2 2 2 2 2 2 2 2 2 2 2 2 2 2 2 2 2 2 2 2 2 2 2 2 2
left_child=1 -1 12 4 6 7 -3 21 -9 10 27 29 15 14 -14 -2 -7 18 19 -15 -11 22 28 -24 25 -25 -27 -8 -6 -4
right_child=2 3 11 -5 5 16 9 8 -10 20 -12 -13 13 17 -16 -17 -18 -19 -20 -21 -22 -23 23 24 -26 26 -28 -29 -30 -31
leaf_value=-0.054375633027345577 0.017352936672926603 0.012989410650045444 -0.024489598256424775 -0.054375633027345577 0.17707736231652479 0.17980828709963381 0.017201648863202197 -0.0071112012815197842 0.15801422030444962 0.0086156399229550158 0.039175380119595718 0.0175120324037931 0.11181463887998747 0.10033858472838733 -0.026383782250498502 -0.037890956714227507 0.022087167136750664 0.24395104246874713 0.14410331336195523 -0.055160565063837388 0.17939256277852367 0.0079641392056332885 -0.040511167557986498 0.064588536691330523 -0.035423018194303865 0.062812628100124099 0.25751593829416908 0.21353103849736188 -0.021717017241091655 -0.0075735319865227581
leaf_weight=15.982923567295073 108.38632822036743 9.4320803955197317 457.89026233553886 10.211312279105185 2.1289964765310279 11.343068607151507 2.0615880861878386 53.402755863964565 4.4087526202201834 8.5350201576948148 4.6678151711821547 86.961059294641018 10.052997365593908 6.7133397161960628 26.561110258102417 36.089746281504631 4.4891078174114218 3.1341705024242392 9.7028529420495051 5.9822078272700301 3.6003142744302741 15.741208069026468 3.3048325553536406 5.0135463774204299 2.4561402946710578 3.7838487178087261 12.066592797636979 19.007970795035369 11.901095137000082 501.40565867722034
leaf_count=216 1296 101 5795 138 19 97 23 664 40 92 43 1065 98 70 343 475 49 24 92 71 35 178 37 60 27 40 114 172 137 6342
internal_value=-0.000139286 0.0483553 -0.00801756 0.0571097 0.0635289 0.0472737 0.108214 0.0351004 0.0054814 0.131929 0.166183 -0.0128918 0.0166635 0.0471419 0.0115608 0.00355316 0.135088 0.0981657 0.0777662 0.0270666 0.0592818 0.0654627 0.0877255 0.1295 0.153594 0.175845 0.211036 0.194321 0.00844904 -0.0156479
internal_weight=1456.42 203.539 1252.88 187.556 177.345 130.04 47.3048 114.208 57.8115 37.8727 25.7374 1046.26 206.623 62.1467 36.6141 144.476 15.8322 25.5326 22.3984 12.6955 12.1353 56.3963 40.6551 26.625 23.3201 20.864 15.8504 21.0696 14.0301 959.296
internal_count=17953 2282 15671 2066 1928 1462 466 1316 704 365 238 13202 2469 698 441 1771 146 257 233 141 127 612 434 278 241 214 154 195 156 12137
is_linear=0
shrinkage=0.05


Tree=3
num_leaves=31
num_cat=0
split_feature=4 2 5 2 13 14 0 8 3 14 13 3 2 13 16 14 14 5 9 11 2 12 10 15 13 10 1 15 14 5
split_gain=193.387 63.5056 54.401 46.0296 40.677 41.5926 41.1624 40.4409 34.7037 34.562 33.4725 35.2009 33.3251 32.0181 31.797 30.6519 28.2107 71.3845 46.1394 40.1804 32.6103 27.9443 24.8134 35.9103 23.9852 25.307 23.5412 23.1479 23.1472 22.7489
threshold=1.0000000180025095e-35 -835236.14072378271 1.0000000180025095e-35 15.796877144760289 -0.92724128067462275 1.2699314974382869 1.0000000180025095e-35 -0.94418130322000038 -2.8057252340928387 1.3067728220745598 -1.1929500017946328 -4.2354424195451079 2.7620111939077381 -0.40442762484147771 -0.00064495999999999987 -1.2588801158655734 -1.1221215213824125 13.965991497874372 0.58171405756296191 163277.74999618533 -2.214805416366624 12.616500000003727 0.99059852549980654 -0.78861480933597483 -0.68278031905666281 0.94019906779946594 -0.50979523049351716 -1.3652479777967321 -0.90447163340071757 7.3282613560072862
decision_type=2 2 2 2 2 2 2 2 2 2 2 2 2 2 2 2 2 2 2 2 2 2 2 2 2 2 2 2 2 2
left_child=1 -1 15 4 7 29 8 -3 14 16 11 -4 -13 -8 -7 24 17 19 27 20 -9 -17 -14 -24 25 -2 -16 -18 -29 -6
right_child=2 3 10 -5 5 6 13 9 -10 -11 -12 12 22 -15 26 21 18 -19 -20 -21 -22 -23 23 -25 -26 -27 -28 28 -30 -31
leaf_value=-0.05414405725884798 0.0032736661755065795 0.026141960378129121 0.22265480858604503 -0.05414405725884798 0.039529323478622182 0.0057729625659349816 0.11079506832324393 0.089734664142090623 -0.04632486977041466 0.015714590088817672 -0.015489552746153202 0.0022636114867850316 -0.031820274478858393 0.34893506867260393 0.10413712435004617 0.0099940573992589789 0.21901598484991097 -0.034880384492301984 0.22180714563874307 0.0076935811181570533 0.31228946823691373 0.052735763790669632 -0.02473839893556835 0.2555812410812412 -0.04514006345989191 0.1914940372945165 0.30036224728903604 0.21937750449503626 0.068233495482994996 -0.018766036406224314
leaf_weight=15.266807556152342 9.3462073281407338 25.357952237129211 1.9784598052501667 9.7537937164306623 37.606100015342236 4.8893604874610936 3.5636571273207664 2.7118135914206505 5.8989629074931154 10.372762776911257 924.89006219804287 100.80135701596737 2.1552186086773863 2.3371466845273963 4.3212532326579129 107.15706626325846 3.7802223786711684 9.2784757465124112 11.762447543442248 3.0828850716352463 4.1877854168415087 59.460786655545235 1.6522606313228605 3.7030028104782104 31.07043219357729 2.2077030763030043 2.3650078326463664 2.8713964596390751 21.502477139234546 30.154387831687927
leaf_count=216 107 259 23 138 411 55 34 26 74 105 11821 1267 26 22 41 1271 31 96 100 30 38 679 20 45 391 21 20 23 205 358
internal_value=-0.000178781 0.0440755 -0.00768469 0.0517339 0.0572848 0.0334263 0.0909361 0.0801951 0.05238 0.0999028 -0.0123848 0.0136517 0.00983401 0.205116 0.10268 0.015568 0.114659 0.0649618 0.13864 0.157763 0.224817 0.0252473 0.111439 0.169094 -0.0222681 0.0392385 0.173544 0.103894 0.0860392 0.0135871
internal_weight=1455.49 211.065 1244.42 195.798 186.044 91.1359 23.3754 94.9082 17.4746 69.5503 1035.18 110.29 108.312 5.9008 11.5756 209.242 59.1775 19.261 39.9165 9.98248 6.8996 166.618 7.51048 5.35526 42.6243 11.5539 6.68626 28.1541 24.3739 67.7605
internal_count=17953 2282 15671 2066 1928 1015 246 913 190 654 13202 1381 1358 56 116 2469 549 190 359 94 64 1950 91 65 519 128 61 259 228 769
is_linear=0
shrinkage=0.05


Tree=4
num_leaves=31
num_cat=0
split_feature=4 3 5 3 2 11 5 3 3 3 5 2 0 2 16 14 15 9 10 10 3 9 15 3 13 14 13 3 10 15
split_gain=168.808 55.7348 49.2209 49.7903 37.767 35.5554 38.6215 67.9433 33.1522 32.3086 54.6867 40.0589 37.0281 67.9885 42.3361 42.9499 76.1281 40.6601 44.3723 35.2828 34.3848 29.3168 29.2974 29.282 51.9049 29.2123 39.4407 40.755 41.7832 50.2284
threshold=1.0000000180025095e-35 -6520647.096667219 1.0000000180025095e-35 -7.6897581379341249 15.796877144760289 -2436258.6500015254 3.3707865168535549 3.689285400506781 -3.8592363401482106 0.3354105697464273 56.089321028345154 2.5315498900969238 1.0000000180025095e-35 0.40124740422791511 -0.00044213999999999994 -1.7279745790958574 0.82349636860647946 0.10580175382399089 0.87002558176423628 -0.1406878394035406 1.0972619782802353 0.66152279063304564 -0.23626624757849354 1.851330555616949 0.54184307622674033 -0.023127985520905892 -0.41628849476360635 -1.3009047526256474 -0.8609304753542818 -1.5472497779471814
decision_type=2 2 2 2 2 2 2 2 2 2 2 2 2 2 2 2 2 2 2 2 2 2 2 2 2 2 2 2 2 2
left_child=1 -1 -2 -4 5 -3 8 -8 -7 25 11 12 14 17 15 16 -11 19 -19 20 -14 -10 -23 -17 -25 -5 27 -27 -29 -30
right_child=2 4 3 9 -6 6 7 -9 21 10 -12 -13 13 -15 -16 23 -18 18 -20 -21 -22 22 -24 24 -26 26 -28 28 29 -31
leaf_value=-0.054037081558168089 0.014577334358374675 0.0067597278958883861 0.38439287356546753 -0.032824417603464426 -0.053925651147694001 0.12632203959242702 0.016629935313881326 0.18360346244770598 0.043989754478388897 0.026687733782230934 -0.013849992515510907 0.26106637030880131 0.057840410710893277 -0.0071395080640335139 -0.033907206817212932 -0.005947619725402406 0.44296559133248969 0.28567454681568033 0.082378147962174977 -0.0040868136472847162 0.27602065329496289 0.028222687740754988 0.18457431950577552 0.029365106204721547 0.29067683951172579 -0.016746577398516021 -0.023967936278150682 -0.020754095722062417 0.31255281066118956 0.064108925159363145
leaf_weight=14.588781535625456 211.85195910185575 35.849710203707218 0.79199254512786765 259.99347273260355 8.842236824333666 29.897623732686043 60.97081708163023 6.7688074111938468 47.980760827660561 3.0760799497365943 358.84510237723589 1.7338923513889302 4.8737165555357977 25.217840418219566 45.921705208718777 32.874796792864799 1.7081904560327528 5.283581115305422 5.4554221406579018 9.8114666938781738 2.868777796626091 4.6689086481928816 8.3627175986766797 8.33118838816881 2.4618910551071158 46.036322116851807 161.75956299155951 14.733758471906183 2.1786432564258567 30.723849378526211
leaf_count=213 2469 393 7 3400 131 247 655 51 479 40 4596 18 59 320 596 425 22 64 65 118 34 44 69 107 32 582 2109 188 28 392
internal_value=-0.000210772 0.0403643 -0.00736184 -0.0118977 0.0471371 0.0517316 0.0618937 0.0333146 0.0831889 -0.0122043 -0.00326184 0.0221328 0.0193314 0.0525574 0.00049188 0.0330945 0.175317 0.105766 0.1824 0.0588837 0.138681 0.0620525 0.128557 0.0175125 0.0889701 -0.0210259 -0.00901674 0.0168019 0.0492236 0.0805597
internal_weight=1454.46 217.93 1236.53 1024.68 203.342 194.499 158.65 67.7396 90.91 1023.89 508.464 149.619 147.885 53.5108 94.3739 48.4521 4.78427 28.293 10.739 17.554 7.74249 61.0124 13.0316 43.6679 10.7931 515.426 255.432 93.6726 47.6363 32.9025
internal_count=17953 2282 15671 13202 2069 1938 1545 706 839 13195 6496 1900 1882 660 1222 626 62 340 129 211 93 592 113 564 139 6699 3299 1190 608 420
is_linear=0
shrinkage=0.05


Tree=5
num_leaves=31
num_cat=0
split_feature=4 2 5 2 11 13 14 9 13 15 3 3 1 7 3 0 2 15 15 3 14 13 14 3 4 14 9 2 2 9
split_gain=148.617 49.935 44.7511 34.9793 31.2687 30.4827 27.0058 26.8311 27.9419 26.8089 26.6562 33.0523 32.3641 34.6676 26.2846 53.3979 58.6522 25.9136 25.1682 24.447 30.0227 24.0226 23.0278 38.6964 35.9751 28.5581 42.8776 33.0169 40.8074 28.4569
threshold=1.0000000180025095e-35 -835236.14072378271 1.0000000180025095e-35 15.796877144760289 -3803911.0499992366 -0.71385774484400433 -1.2588801158655734 -0.44705400980402843 0.70437242514137177 1.9582404418202557 -2.560200352764197 0.38594704824729525 -0.31165569259941878 0.32360996343819798 0.11156552365192389 1.0000000180025095e-35 0.45944383113126996 -1.9557321106002112 0.84026501780506513 1.5986439235790693 -2.3265227023050339 -1.1686524859041307 2.148194008898209 1.3695313893565666 57.142857142857032 -1.3937772196178586 1.3735105986828142 -0.13766153477061147 -0.49542120691348196 0.21210830930608546
decision_type=2 2 2 2 2 2 2 2 2 2 2 2 2 2 2 2 2 2 2 2 2 2 2 2 2 2 2 2 2 2
left_child=1 -1 6 4 -3 -4 -2 8 -8 10 -6 21 -13 -14 17 -16 18 -7 22 -18 -21 -12 23 25 -25 -17 27 28 -27 -29
right_child=2 3 5 -5 9 14 7 -9 -10 -11 11 12 13 -15 15 16 19 -19 -20 20 -22 -23 -24 24 -26 26 -28 29 -30 -31
leaf_value=-0.053796737784702058 -0.022091665110195325 -0.011324537304882268 0.0028103656918852873 -0.053719542939282688 0.083844876648048836 0.024917634003304549 0.022860047927474848 0.048750479857060047 -0.034127831874127268 -0.0099113498011046477 0.060524859711345184 0.24740884169627142 0.015397687195117178 0.10946934141601937 -0.021094854285829728 -0.055125605917655675 -0.037319380654655003 -0.031228649044355562 0.16663710082135288 0.18390328274404119 0.0077957631996577363 -0.007612589483902173 -0.055609741971837628 0.28374930958716188 0.030445006924230102 -0.0023167463679160815 0.30127073716385938 -0.048952805034962216 0.31680415092426062 0.12488666025248932
leaf_weight=14.126977749168871 42.333065241575241 20.241235837340355 273.42026302963495 8.8935275897383672 68.634382173418999 22.051405109465122 80.532748058438301 62.127200499176979 29.348082803189754 14.954872675240038 20.61877400428056 2.602146938443183 18.449580445885658 20.874724172055721 278.06732024997473 5.9483356624841717 34.73519092798233 301.95930954813957 5.6298344135284415 2.5163584724068633 63.267452567815781 34.714636266231544 4.3025583028793326 3.5310012549161902 2.324446864426136 1.8770588189363477 1.8225192502140988 8.1142406612634641 2.1483070477843329 3.3162569329142579
leaf_count=216 519 224 3456 138 596 295 920 647 383 157 181 20 173 161 3651 71 451 4056 65 33 815 416 48 37 26 21 21 97 24 35
internal_value=-0.000249757 0.0371966 -0.0070761 0.0433183 0.0476099 -0.0114598 0.0136834 0.0224881 0.00763915 0.054206 0.059986 0.0431493 0.0766346 0.0653342 -0.016721 -0.00842955 0.0168103 -0.0274075 0.0688439 -0.00338554 0.0145322 0.0177773 0.0523525 0.068325 0.183195 0.0393664 0.0718966 0.0448493 0.167996 0.00148212
internal_weight=1453.48 224.111 1229.37 209.984 201.09 1015.03 214.341 172.008 109.881 180.849 165.894 97.2599 41.9265 39.3243 741.612 417.601 139.534 324.011 39.0146 100.519 65.7838 55.3334 33.3847 29.0822 5.85545 23.2267 17.2784 15.4559 4.02537 11.4305
internal_count=17953 2282 15671 2066 1928 13202 2469 1950 1303 1704 1547 951 354 334 9746 5395 1744 4351 445 1299 848 597 380 332 63 269 198 177 45 132
is_linear=0
shrinkage=0.05


Tree=6
num_leaves=31
num_cat=0
split_feature=4 2 5 2 4 16 9 14 3 3 2 2 14 13 14 9 0 3 2 9 13 14 13 14 9 15 6 1 8 2
split_gain=131.19 44.3691 40.5891 30.8363 30.101 26.6657 25.3234 46.4878 30.9757 33.6588 42.5161 30.566 24.7296 38.6228 47.0273 72.9064 39.4896 44.651 38.8149 65.5526 55.8576 41.391 24.3194 25.681 50.4861 23.8466 23.5912 23.2016 46.466 24.3377
threshold=1.0000000180025095e-35 -835236.14072378271 1.0000000180025095e-35 15.796877144760289 88.12344843150629 -0.00069584999999999992 0.75326542667771856 -1.0915814967219821 -2.9819839764938609 -0.38119930492867277 -0.80423130780478058 0.40124740422791511 -0.079205654599782516 -1.325930850410709 0.25329428118881969 -1.1198427297507145 1.0000000180025095e-35 -0.76188216790882868 0.32347175282971868 0.40830912585879026 -0.54466673495557283 0.70190036875625206 0.73461177130284094 1.3615410771664289 0.86958697424554843 1.3585022926750296 -0.042590825249480664 -2.4598135660477021 -1.257108723295596 -0.23358316652132396
decision_type=2 2 2 2 2 2 2 2 2 2 2 2 2 2 2 2 2 2 2 2 2 2 2 2 2 2 2 2 2 2
left_child=1 -1 22 5 12 -3 8 -8 -7 11 -11 -10 -4 14 15 -14 -15 -18 19 25 -21 -22 27 -24 -25 -19 -17 28 -2 -29
right_child=2 3 4 -5 -6 6 7 -9 9 10 -12 -13 13 16 -16 26 17 18 -20 20 21 -23 23 24 -26 -27 -28 29 -30 -31
leaf_value=-0.053597979287814623 0.017517126421959881 -0.0070456831667710697 -0.022393539594832864 -0.053525005320517349 0.017014567690248821 0.067029928643833989 -0.023475569950625986 0.11807292844679816 -0.014012210345795856 0.21517455164339877 0.038890130864210865 0.20093161226431203 0.45143057186710051 -0.01919664112316222 0.014232483353499872 -0.054768719033245573 -0.034319402496983363 0.001494417477254772 0.0077847668394166337 0.34500519310378258 0.29064545628070604 0.037370926237836527 -0.037904486802790516 -0.019360976102707969 0.19094301731278374 0.14278128358533571 0.16264168018554073 0.01292316480332276 0.33099230914270039 0.082995152955583615
leaf_weight=13.486569054424761 3.4166624173521996 23.024631433188915 432.07253284007311 8.4897552132606489 87.420139744877815 65.038973420858383 7.3431293293833724 27.612226851284504 46.386235423386097 3.8180788531899443 32.830631256103516 1.7151325047016133 1.6790512502193449 317.51379428058863 20.992587484419346 2.1424213126301765 37.249582558870316 19.345305986702446 68.811752542853355 3.2460525184869757 2.1583842039108259 6.3851568549871445 38.432006858289242 9.872531555593012 4.0140651836991301 3.5317251384258261 2.9879435524344471 145.5187109708786 1.807531215250491 13.54511748254299
leaf_count=216 38 233 5795 138 1065 557 70 217 513 32 294 12 21 4225 262 27 497 229 880 37 21 65 497 127 34 41 37 1617 19 137
internal_value=-0.000275051 0.0343899 -0.00679157 0.0398771 -0.0110207 0.0436937 0.0500173 0.0883376 0.0410748 0.0211562 0.0572555 -0.00634804 -0.0136901 -0.00595316 0.0512689 0.165448 -0.00942488 0.0126224 0.0295202 0.0726642 0.168441 0.101357 0.012841 -0.0168473 0.0414296 0.0233061 0.0718519 0.0222954 0.125977 0.0188902
internal_weight=1451.89 229.745 1222.14 216.259 1005.54 207.769 184.744 34.9554 149.789 84.7501 36.6487 48.1014 918.116 486.044 27.802 6.80942 458.242 140.728 103.478 34.6666 11.7896 8.54354 216.607 52.3186 13.8866 22.877 5.13036 164.288 5.22419 159.064
internal_count=17953 2282 15671 2066 13202 1928 1695 287 1408 851 326 525 12137 6342 347 85 5995 1770 1273 393 123 86 2469 658 161 270 64 1811 57 1754
is_linear=0
shrinkage=0.05


Tree=7
num_leaves=31
num_cat=0
split_feature=4 2 13 14 0 5 3 4 4 10 2 14 5 11 15 14 6 15 10 10 3 2 9 14 3 3 15 0 2 14
split_gain=116.097 39.6226 37.3649 39.1349 42.9697 42.8982 41.7824 37.9727 34.4172 33.4939 27.344 27.1496 26.147 25.0186 23.7758 53.7537 22.0792 20.926 20.9305 19.7499 22.4709 19.7281 20.094 33.2251 31.2169 26.1777 21.8777 25.7107 27.7219 19.9313
threshold=1.0000000180025095e-35 -835236.14072378271 -0.17482927398788559 0.35408354505991263 -1.0000000180025095e-35 1.0000000180025095e-35 -2.3939097390864417 44.262295081967032 99.999986750001781 -0.68792001164375149 15.796877144760289 1.8141912750666835 1.0000000180025095e-35 -3803911.0499992366 -1.821257603800176 2.0463059658233251 0.093333502101426283 1.9857881265968707 1.1848860231146654 -1.6643093683683035 -5.5762850663467587 -4.6733677313964224 -0.24425773295765504 -1.1221215213824125 -2.008346191378942 3.689285400506781 -0.58867581300947436 1.0000000180025095e-35 0.28062514786876253 -1.1062147464010532
decision_type=2 2 2 2 2 2 2 2 2 2 2 2 2 2 2 2 2 2 2 2 2 2 2 2 2 2 2 2 2 2
left_child=1 -1 12 -4 6 9 7 14 -8 -6 13 -10 -2 -3 15 -5 -11 21 -19 -14 -21 29 -23 -24 -25 26 -26 28 -28 -15
right_child=2 10 3 4 5 -7 8 -9 11 16 -12 -13 19 17 -16 -17 -18 18 -20 20 -22 22 23 24 25 -27 27 -29 -30 -31
leaf_value=-0.053410301321389186 0.026645057685329088 -0.012187683036619379 -0.025945627809139279 -0.029713511120551202 0.0065620954324182848 0.0072211046804723667 -0.030448088867300657 0.23276742460766864 0.0026332923335976094 0.079830502584126162 -0.053341286593011454 0.24802306527861565 -0.036278232425973007 -0.0064997894972733342 -0.0011663477411313502 0.36045645981472685 0.20780530297329394 -0.043178519408551358 0.10387732411910777 0.16938385323732141 0.0003481486556837948 0.031312102663365232 -0.0046023716059434491 0.14663358277275418 -0.010120168193627672 0.144400900685523 -0.029612483258986601 0.15556467463383156 0.1112887249848854 0.14372402249105606
leaf_weight=12.872761145234106 96.430859550833702 20.572832114994526 352.73418475687504 2.0220667198300428 8.7829996496438998 100.65872068703175 151.25911694020033 2.433773159980773 2.6140500232577315 8.4207358881831151 8.1028156355023366 1.9816651120781896 38.467674121260643 2.8385105580091468 16.787414208054543 1.5667281672358511 5.619518354535102 11.411809727549551 3.0707694068551055 1.9752645567059506 423.44554440677166 97.586760208010674 13.2111374810338 14.512773439288138 12.533547393977637 7.6829319074749938 7.5497261211276108 6.5393260195851317 6.4932342693209648 9.9401939511299116
leaf_count=216 1023 224 4761 27 98 1276 2007 31 33 87 138 25 512 24 216 21 46 123 28 18 5490 896 126 97 114 49 81 58 41 67
internal_value=-0.000302981 0.0318738 -0.00652332 -0.0146332 -0.00142676 0.0212541 -0.0171024 0.0461016 -0.0263525 0.0831447 0.036818 0.108445 0.00295522 0.0402327 0.0238059 0.14062 0.131052 0.0458097 -0.011998 -0.00196931 0.001133 0.0504898 0.0458844 0.0666376 0.0836532 0.06125 0.0419589 0.0736724 0.0355379 0.110355
internal_weight=1450.12 234.919 1215.2 654.881 302.147 123.482 178.665 22.81 155.855 22.8233 222.046 4.59572 560.319 213.944 20.3762 3.58879 14.0403 193.371 14.4826 463.888 425.421 178.888 166.109 68.5227 55.3115 40.7988 33.1158 20.5823 14.043 12.7787
internal_count=17953 2282 15671 8628 3867 1507 2360 295 2065 231 2066 58 7043 1928 264 48 133 1704 151 6020 5508 1553 1462 566 440 343 294 180 122 91
is_linear=0
shrinkage=0.05


Tree=8
num_leaves=31
num_cat=0
split_feature=4 3 13 10 1 4 5 14 2 2 2 14 11 5 3 14 0 15 0 8 13 15 14 2 13 1 9 3 5 15
split_gain=102.964 35.7033 35.5564 34.2951 29.571 34.687 26.8634 29.2986 26.0226 23.122 21.967 24.0104 21.4927 24.9976 40.6761 21.9431 33.4752 28.8492 21.2013 29.1952 21.2523 34.41 34.0679 25.5467 21.4731 20.6478 20.0306 19.0325 52.2149 51.1232
threshold=1.0000000180025095e-35 -6520647.096667219 -1.1686524859041307 0.91281849705806251 -0.39154805503373608 45.833333333333734 1.0000000180025095e-35 -1.3184478214015853 2.8786273809433602 15.796877144760289 -0.039700050649734142 1.2699314974382869 -2436258.6500015254 8.0863121185711773 3.689285400506781 -1.181786360364153 1.0000000180025095e-35 0.80907309808565964 -1.0000000180025095e-35 -0.49102751985881737 0.058522424113681824 -0.15850490499779255 -0.90447163340071757 -0.93864665600971742 -0.049643851380377267 -4.9896979944441844 -1.2521967405498955 0.92998170722290041 60.622179239201508 0.27451943778391585
decision_type=2 2 2 2 2 2 2 2 2 2 2 2 2 2 2 2 2 2 2 2 2 2 2 2 2 2 2 2 2 2
left_child=1 -1 3 -2 5 -5 7 -4 26 12 18 -12 25 -14 15 -15 -17 -18 20 -20 21 -9 -23 24 -24 -3 -6 -8 29 -29
right_child=2 9 6 4 8 -7 27 10 -10 -11 11 -13 13 14 -16 16 17 -19 19 -21 -22 22 23 -25 -26 -27 -28 28 -30 -31
leaf_value=-0.053384437294915502 0.0012980449746392746 0.12380345582359364 -0.035499486134147974 0.040503743879466841 0.13159902245041297 0.27951527737153303 -0.018948845608342601 -0.026615738786534476 0.13210291301517407 -0.053167745472158447 0.1297319987853103 -0.059028040482818692 0.059543204932779314 -0.041107276032925175 0.12325690894866526 -0.0058016033395544677 0.13222311751169441 0.0006926903770305713 -0.0018009893117528512 0.066858265289868282 -0.026535625957630218 0.19500808244849488 0.044242588146377763 -0.055434701290245504 0.21261747804678213 -0.0084961887724393833 0.0037983548468441849 0.008513158427919049 -0.016091850694381127 0.098567999439828358
leaf_weight=12.284887816756962 99.048785053193569 3.2236517742276183 33.424584649503231 3.1077155247330657 3.4704972282052067 2.9674842804670334 539.40969496965408 20.464217372238636 6.0935323834419242 7.3399868048727503 7.6750646084547025 2.1584699004888535 107.81862081587315 16.729449264705181 8.719654552638529 31.151893861591816 10.629655115306379 6.8589247837662688 29.762091301381588 32.271058142185211 48.946945458650589 3.987641595304015 12.424966067075731 5.6257066652178738 2.2340269535779962 34.633618623018265 26.303412437438965 71.73614826053381 237.14252142608166 20.196484617888927
leaf_count=213 1200 22 425 36 39 29 7396 221 61 131 69 19 855 182 51 311 81 65 343 324 596 44 129 64 24 371 321 913 3163 255
internal_value=-0.000319402 0.0296386 -0.00625399 0.017345 0.0552404 0.157251 -0.00937098 0.00720032 0.0379619 0.0341296 0.0158214 0.088299 0.0370453 0.0441785 0.021819 0.00828828 0.0252774 0.0806376 0.0112444 0.0339171 -0.00376843 0.0211415 0.0614061 0.0351421 0.0699029 0.00276949 0.018695 -0.0131676 -0.00369105 0.0282971
internal_weight=1447.84 239.39 1208.45 140.991 41.9426 6.0752 1067.46 198.975 35.8674 227.105 165.55 9.83353 219.765 181.908 74.0896 65.3699 48.6405 17.4886 155.717 62.0331 93.6835 44.7366 24.2723 20.2847 14.659 37.8573 29.7739 868.485 329.075 91.9326
internal_count=17953 2282 15671 1686 486 65 13985 2258 421 2069 1833 88 1938 1545 690 639 457 146 1745 667 1078 482 261 217 153 393 360 11727 4331 1168
is_linear=0
shrinkage=0.05


Tree=9
num_leaves=31
num_cat=0
split_feature=4 13 14 0 3 2 5 4 5 4 15 9 2 10 1 16 15 14 14 8 3 5 3 15 5 8 14 9 13 13
split_gain=91.5552 33.0981 36.228 37.5578 37.3496 32.4719 31.182 29.9887 29.4854 27.958 27.5582 35.098 21.893 21.1787 31.889 19.6357 19.2912 39.5469 18.2848 18.2471 17.6898 36.5809 17.4194 26.1353 46.0672 32.5138 25.7689 27.4791 16.7881 16.4931
threshold=1.0000000180025095e-35 -0.17482927398788559 0.35408354505991263 -1.0000000180025095e-35 -2.3939097390864417 -835236.14072378271 1.0000000180025095e-35 99.999986750001781 49.99999999999978 33.333333333333243 1.3277271044200132 -0.59989719138778763 15.796877144760289 -1.6643093683683035 -1.5401986231776756 -0.00069584999999999992 -1.8952966709404968 2.108992815034751 1.8141912750666835 1.1231392167371579 5.583700697654435 74.999999999999901 0.16500420630745563 0.96529858628478904 72.727272727271526 0.25128447850503804 1.0533017997225314 1.0275434079407642 0.4796299286805385 1.4671245563796365
decision_type=2 2 2 2 2 2 2 2 2 2 2 2 2 2 2 2 2 2 2 2 2 2 2 2 2 2 2 2 2 2
left_child=5 13 -3 4 8 -1 9 -6 16 -5 11 -11 15 -2 -15 -7 17 -4 -9 -17 -16 -22 -8 26 25 -25 27 -24 -18 -13
right_child=1 2 3 6 7 12 22 18 -10 10 -12 29 -14 14 20 19 28 -19 -20 -21 21 -23 23 24 -26 -27 -28 -29 -30 -31
leaf_value=-0.053120492846880751 -0.027264139100265223 -0.024881330365763579 -0.028898902093814301 -0.05679096254832014 -0.02935524700294527 -0.0086797249573194336 -0.03055421613829928 0.0033484197854172964 0.22946928085437981 0.043125494562746836 -0.041934084138684574 0.22872264746047391 -0.053003673484639247 0.079489861024623021 0.0024082143364142824 0.032202067948455863 0.058254484392870343 0.29255098886091097 0.19525101669636183 0.070310947599292364 0.20951860736485708 0.010256493624257196 0.017413730363000379 0.31703624570007088 0.0030201043616782759 0.077540083324991183 -0.011541083306469293 0.16728251625641671 -0.039400202745596642 0.087167444482099884
leaf_weight=11.846942275762556 52.787720732390881 341.77647141367197 1.9661963954567974 3.7122719809412983 145.74319521337748 23.528116926550865 23.262059338390827 2.5847314074635497 1.9340029582381237 8.5966550633311325 3.255916900932788 6.3585894331336004 7.3771724700927725 14.348877571523188 481.74751257151365 161.8168890401721 7.899914555251601 1.8637834042310713 2.3881533965468407 38.977030329406261 3.175712771713731 8.3839328214526176 9.6224888637661916 2.6765720024704915 7.7804742157459259 3.0116980150341988 49.578868217766285 4.4837999343872061 9.9369201064109784 3.0422584488987923
leaf_count=216 685 4761 27 38 2007 233 326 33 24 95 32 43 138 155 6077 1410 91 19 25 285 28 98 116 28 98 36 620 52 134 23
internal_value=-0.000334455 -0.00599894 -0.0137544 -0.00106534 -0.0160769 0.0276202 0.019805 -0.0252354 0.0424101 0.0698125 0.0919259 0.116142 0.0317486 0.00287788 0.00601215 0.0345358 0.025713 0.127528 0.0955068 0.0395996 0.00387489 0.0649986 0.00737206 0.0188069 0.082086 0.190233 0.00542404 0.0650508 0.00385095 0.182913
internal_weight=1445.46 1201.92 641.475 299.699 174.317 243.546 125.382 150.716 23.6008 24.9657 21.2534 17.9975 231.699 560.444 507.656 224.322 21.6668 3.82998 4.97288 200.794 493.307 11.5596 100.416 77.1539 13.4687 5.68827 63.6852 14.1063 17.8368 9.40085
internal_count=17953 15671 8628 3867 2360 2282 1507 2065 295 231 193 161 2066 7043 6358 1928 271 46 58 1695 6203 126 1276 950 162 64 788 168 225 66
is_linear=0
shrinkage=0.05


Tree=10
num_leaves=31
num_cat=0
split_feature=4 13 2 10 5 14 0 4 3 14 11 4 3 15 1 16 13 5 14 13 9 3 16 14 9 4 1 2 14 13
split_gain=81.5727 30.5028 29.356 27.9563 24.2383 26.2035 36.7637 42.5118 42.3993 34.8834 29.6939 30.672 24.6871 53.9052 48.7979 36.2285 42.5657 28.5086 27.8495 25.6774 24.5088 27.3616 24.1844 34.4515 25.2728 27.5113 22.3754 19.6863 19.6846 42.4038
threshold=1.0000000180025095e-35 -1.1686524859041307 -835236.14072378271 0.91281849705806251 98.086080586080826 -0.023127985520905892 -1.0000000180025095e-35 94.185260311021651 1.214111729768258 1.0000000180025095e-35 -3080893.4999999995 31.052143858946398 0.31673358976324595 -0.4427939960162412 -0.0058221680779446611 -0.00044114499999999994 -0.45976644612915424 40.597781582669647 -1.1062147464010532 -0.99750043312304115 2.1841365646729671 3.2160340060819061 -0.00028890999999999992 1.6096966182560863 -1.2521967405498955 50.322634361600244 -1.599286952316272 15.796877144760289 1.0000000180025095e-35 -0.19945355912612844
decision_type=2 2 2 2 2 2 2 2 2 2 2 2 2 2 2 2 2 2 2 2 2 2 2 2 2 2 2 2 2 2
left_child=2 3 -1 -2 5 12 7 28 -9 -8 -11 -12 26 -14 15 16 18 -18 -15 -16 21 -13 23 24 25 -5 -3 -4 29 -7
right_child=1 4 27 22 -6 6 9 8 -10 10 11 20 13 14 19 -17 17 -19 -20 -21 -22 -23 -24 -25 -26 -27 -28 -29 -30 -31
leaf_value=-0.052959249857979666 0.0011411256776167409 0.04025546096263443 0.032050789974790495 0.29719018291546551 -0.025427316247797101 0.12913222050455478 -0.048595143382550193 0.24102163786527886 0.024056249452711509 -0.027730770400952415 -0.030234953351752504 0.044727289266500436 -0.028560154109902969 0.40842245120636805 0.14943155573691519 0.016884614087227117 -0.015115229283735397 0.16806146278986733 0.14104237507856285 -0.0030099611264081325 0.14042506744134861 -0.040408979273118574 -0.029904119777209699 0.28207282030102115 0.039385868050585304 0.040404678198933834 -0.026686184288310561 -0.052848612972896072 -0.016085115482281569 -0.035894182898451442
leaf_weight=11.302603818476198 99.27677696198225 13.126286953687666 229.44601554423571 2.1163965687155679 179.75590137392282 7.3522965013980857 16.917532868683338 3.2060308232903463 7.5649216026067734 21.882470712065697 16.240964069962502 116.75851490348577 69.696101948618889 2.1526250168681149 2.9396130219101897 8.3894997611641866 3.7345745265483874 4.9256466701626778 1.7784579396247853 45.818295411765575 6.1026978045701972 10.267297051846979 7.9705299213528624 1.7599952295422543 30.291523367166523 2.0567015334963799 254.71192066371441 7.0374527461826792 250.40624868124723 8.2722160145640355
leaf_count=216 1200 167 1928 20 2462 98 229 38 90 270 212 1327 957 23 38 111 45 60 20 633 68 129 98 16 332 20 3536 138 3352 120
internal_value=-0.000347826 -0.00575959 0.0257619 0.0158673 -0.00870907 -0.0052637 0.00284703 -0.00874494 0.0886371 0.0198991 0.0266654 0.0346344 -0.0145235 0.00253783 0.0336168 0.0973764 0.151007 0.0890696 0.287457 0.00618073 0.0425482 0.0378459 0.0489471 0.0662968 0.0552779 0.170634 -0.0234055 0.0295243 -0.0126877 0.0417609
internal_weight=1443.26 1195.47 247.786 143.472 1052 872.244 464.971 276.802 10.771 188.169 171.252 149.369 407.273 139.435 69.7387 20.9808 12.5913 8.66022 3.93108 48.7579 133.129 127.026 44.1951 36.2246 34.4646 4.1731 267.838 236.483 266.031 15.6245
internal_count=17953 15671 2282 1686 13985 11523 5933 3698 128 2235 2006 1736 5590 1887 930 259 148 105 43 671 1524 1456 486 388 372 40 3703 2066 3570 218
is_linear=0
shrinkage=0.05


Tree=11
num_leaves=31
num_cat=0
split_feature=4 5 3 10 13 3 0 9 13 14 13 2 15 2 2 11 11 3 3 13 8 4 5 12 15 14 14 9 15 15
split_gain=72.8065 28.6648 26.7554 24.612 25.0734 23.0756 28.5619 19.2759 22.0563 20.4277 39.9574 19.5209 19.0027 16.9174 16.8398 17.6391 18.4788 16.0593 24.9407 24.0436 15.7946 20.0787 30.7792 20.0352 25.5979 18.3838 16.722 23.1882 26.8999 15.22
threshold=1.0000000180025095e-35 1.0000000180025095e-35 -6520647.096667219 -0.89158257264088336 -0.71385774484400433 1.3460171917848294 -1.0000000180025095e-35 -0.18720284927414946 0.74860936748177376 0.10095941330431311 -0.81092984985366023 -0.50973721790005566 -2.3283121812927261 0.58378924492316597 15.796877144760289 -3803911.0499992366 -9508597.4999999981 -2.560200352764197 0.092366842985860537 -1.1686524859041307 -0.12832078142499903 70.389266817838291 62.121212121212061 22.3519999999553 0.19973123612539714 0.10095941330431311 -2.3871623731602534 -0.74433937761789226 0.29444229247057518 1.3428387586618828
decision_type=2 2 2 2 2 2 2 2 2 2 2 2 2 2 2 2 2 2 2 2 2 2 2 2 2 2 2 2 2 2
left_child=2 7 -1 5 12 -3 -7 8 -2 10 11 -9 -5 -8 15 16 -4 -17 19 -19 21 -6 -23 -24 -25 26 27 28 -22 -11
right_child=1 3 14 4 20 6 13 9 -10 29 -12 -13 -14 -15 -16 17 -18 18 -20 -21 25 22 23 24 -26 -27 -28 -29 -30 -31
leaf_value=-0.052997426914665025 0.010439729482323069 -0.031597328537766312 0.095171024198382137 0.14734119484393271 -0.0032236821031707574 -0.021520257935188074 0.20286008275265749 0.11195795773887168 -0.036594576071479354 0.073788285959131478 -0.031432537435310846 -0.055835894508111064 0.0079184291044458507 0.047423257445130033 -0.052702024182229558 0.049905363946812858 -0.033791146764353956 0.03986464982603783 0.045875228219637798 -0.023180222391796897 0.21678014353175659 0.21270042030206338 -0.0032545334340652746 0.0060417439094958038 0.29457287646627778 -0.0050252929569300359 -0.030051530681836941 -0.019542510155865275 -0.012501729395634875 -0.018902755801502011
leaf_weight=10.78430128097534 119.92847089841962 176.88032805174589 3.2870747745037106 2.4727541580796233 111.30140274018049 21.382413275539875 2.1090273186564437 9.5543765127658826 31.465016383677721 29.300131045281887 23.789371967315674 2.1175203472375861 209.61580277979374 10.297860532999037 6.3719988092780104 91.01845558732748 17.926186993718147 24.345070265233517 58.245839558541775 39.923140667378902 2.7658648118376723 2.6131927818059948 11.729930162429808 1.6577674150466912 1.4333367571234701 209.97480683028698 191.41030448675156 10.157982774078844 2.3800107017159462 5.2173120453953734
leaf_count=213 1318 2509 33 31 1549 298 20 70 459 233 316 23 2604 136 131 667 191 185 420 442 38 32 159 23 20 2831 2771 149 32 50
internal_value=-0.000365517 -0.00553656 0.0240536 -0.00924793 -0.00504385 -0.0243647 0.0134966 0.0106953 0.000664308 0.0323967 0.00574414 0.0815167 0.00954397 0.0738457 0.0274998 0.0296769 -0.013808 0.0339968 0.022178 0.000701442 -0.0107163 0.0045915 0.0544842 0.0265881 0.139833 -0.0154457 -0.0260304 0.024263 0.110735 0.059778
internal_weight=1441.46 1189.55 251.902 968.183 757.513 210.67 33.7893 221.372 151.393 69.9787 35.4613 11.6719 212.089 12.4069 241.118 234.746 21.2133 213.533 122.514 64.2682 545.425 128.736 17.4342 14.821 3.0911 416.689 206.714 15.3039 5.14588 34.5174
internal_count=17953 15671 2282 13202 10239 2963 454 2469 1777 692 409 93 2635 156 2069 1938 224 1714 1047 627 7604 1783 234 202 43 5821 2990 219 70 283
is_linear=0
shrinkage=0.05


Tree=12
num_leaves=31
num_cat=0
split_feature=4 13 14 0 3 4 2 5 4 4 15 9 10 1 2 13 15 8 2 14 3 9 5 15 3 11 3 5 3 14
split_gain=65.0336 27.1398 30.4782 29.9963 34.459 24.8815 24.5208 23.6868 22.1031 21.63 20.6307 21.9664 18.5374 25.2537 16.1092 16.2814 19.7378 19.2318 18.644 17.2863 36.4432 28.8292 21.5673 20.0928 17.2031 17.1515 15.8961 15.7182 32.6495 15.8107
threshold=1.0000000180025095e-35 -0.17482927398788559 0.35408354505991263 -1.0000000180025095e-35 -2.3939097390864417 99.999986750001781 -835236.14072378271 1.0000000180025095e-35 44.262295081967032 33.333333333333243 1.3277271044200132 -0.59989719138778763 -1.7251792716550847 -1.6610631117219059 15.796877144760289 -1.3424265827072237 1.9857881265968707 -1.1378729221610597 -0.13766153477061147 0.8834678517592951 3.689285400506781 -1.0728435215201906 1.0000000180025095e-35 -1.0038908144898826 2.3576152770963739 1214030.6500053408 -7.6897581379341249 50.000000000000654 5.583700697654435 -1.0000000180025095e-35
decision_type=2 2 2 2 2 2 2 2 2 2 2 2 2 2 2 2 2 2 2 2 2 2 2 2 2 2 2 2 2 2
left_child=6 12 -3 4 8 -6 -1 9 -4 -5 11 -11 -2 -14 15 17 19 -8 25 20 22 -21 23 -17 -23 -19 -15 28 29 -28
right_child=1 2 3 7 5 -7 14 -9 -10 10 -12 -13 13 26 -16 16 -18 18 -20 21 -22 24 -24 -25 -26 -27 27 -29 -30 -31
leaf_value=-0.052715379552549568 -0.02761118101542899 -0.023096814280824524 0.022006618180585302 -0.056498914523751081 -0.028067150953687448 0.080554517196474718 -0.0077660098447883338 0.0062413466443104306 0.16368935159113224 0.037611020808918816 -0.041520957964836513 0.14267944216681208 0.076083477856949175 0.16327340712820995 -0.052563225974042109 -0.031417186539296302 -0.032546865153149411 0.093996780280204126 0.017621072149458135 0.0080118684545730529 0.12588682851692964 0.10317133490425223 -0.024000258172060741 0.038577094560151654 -0.027098699935078914 0.0055767185419566805 -0.001805042368416711 -0.0070420773673898554 0.16772848263068155 0.021947747646143462
leaf_weight=10.389590684324501 46.381348568946123 324.57250647246838 20.750566147267822 3.5174854248762157 139.58700080215931 5.4790506064891806 12.636115811765192 101.89197812229395 3.1737254783511153 9.0617194026708656 3.1935928538441649 11.029220700263975 12.331071712076662 1.5549997016787518 6.4013577401638022 12.907521829009054 16.501941971480846 33.157126747071743 17.65612206608057 21.087640054523945 6.8124769777059546 21.526687435805801 36.865837670862675 49.857116460800171 2.8724766150116912 6.5715299844741812 153.60889936238527 215.2464492097497 3.278489187359809 128.80373829975724
leaf_count=216 627 4761 264 38 2007 58 101 1276 31 95 32 66 121 11 138 112 173 195 127 197 33 146 381 400 20 43 1940 2811 23 1510
internal_value=-0.000371758 -0.00530865 -0.0124994 -0.000944694 -0.0147955 -0.0239646 0.0225186 0.017243 0.0408018 0.0590675 0.0765256 0.0952899 0.00266432 0.0053919 0.0257109 0.0278122 0.0193883 0.0480756 0.0603719 0.0250292 0.0140041 0.050829 0.00635383 0.0241828 0.0878348 0.0793712 0.00365714 0.00316166 0.0108494 0.00902821
internal_weight=1438.71 1183.46 622.257 297.684 168.99 145.066 255.244 128.694 23.9243 26.802 23.2845 20.0909 561.205 514.824 244.854 238.453 168.432 70.0209 57.3848 151.93 106.443 45.4868 99.6305 62.7646 24.3992 39.7287 502.493 500.938 285.691 282.413
internal_count=17953 15671 8628 3867 2360 2065 2282 1507 295 231 193 161 7043 6416 2066 1928 1462 466 365 1289 926 363 893 512 166 238 6295 6284 3473 3450
is_linear=0
shrinkage=0.05


Tree=13
num_leaves=31
num_cat=0
split_feature=4 13 14 0 3 3 4 5 4 5 15 6 10 1 15 14 3 15 4 14 9 2 11 11 16 9 13 5 16 4
split_gain=58.1753 24.8665 28.2982 27.1013 31.0352 22.4135 21.9743 20.3808 18.6965 17.9436 17.2701 17.627 17.0621 21.8277 15.7132 26.4727 15.1098 21.1685 38.9733 26.2443 20.5968 20.8116 23.8491 16.4528 14.8987 14.7164 20.3777 16.0692 21.5535 24.725
threshold=1.0000000180025095e-35 -0.17482927398788559 0.35408354505991263 -1.0000000180025095e-35 -2.3939097390864417 -6520647.096667219 99.999986750001781 1.0000000180025095e-35 33.333333333333243 49.99999999999978 1.3277271044200132 -0.042590825249480664 -1.5902976062745178 -2.4598135660477021 -1.8952966709404968 2.108992815034751 0.16500420630745563 2.0905528138425677 64.285714285715372 2.213477426487831 0.32385491201808103 0.41490760460012555 987780.84999847424 3703331.6000022893 -0.00072349999999999986 0.49334402424152007 0.9271873713375971 75.000000000000185 -0.0005069749999999999 57.142857142857032
decision_type=2 2 2 2 2 2 2 2 2 2 2 2 2 2 2 2 2 2 2 2 2 2 2 2 2 2 2 2 2 2
left_child=5 12 -3 4 9 -1 25 8 -5 14 11 -10 -2 -14 15 -4 -9 19 -19 20 -18 22 -22 -23 -15 -6 27 28 29 -27
right_child=1 2 3 7 6 -7 -8 16 10 -11 -12 -13 13 24 -16 -17 17 18 -20 -21 21 23 -24 -25 -26 26 -28 -29 -30 -31
leaf_value=-0.052750670812053993 -0.023554737121601655 -0.022389373941811314 -0.027823705659653416 -0.056151151663616165 -0.039033749484017159 0.024083869399503216 0.071811103345346669 -0.029987589013284924 0.045484271658979808 0.16505496737491079 -0.040735996255087614 0.13742809121666164 0.13245400311688044 -0.031276519848727639 0.0029422559642090732 0.22442244185290391 0.00031639924238472224 0.29551583325959013 -0.028233183889545418 -0.03117060195301833 0.21687114224569753 0.011761465933633737 0.02049623671678915 0.12890355219114302 0.0066455573563276903 0.054183524751600626 -0.041819536248094813 -0.027073399842645729 -0.00087921348184992118 0.24351451464020865
leaf_weight=9.8694511577486974 56.452376924455166 318.25015072897077 1.8989789858460486 3.3661331944167641 90.380270767956972 247.86839206144214 5.8290989995002738 22.801718592643738 11.914741605520256 2.4787619933485976 3.0948983505368224 9.2674510255455935 3.3594061136245719 27.394212618470192 18.03198129683733 2.2998316884040833 26.104545652866364 1.8479160368442529 1.8705748021602628 25.250140808522701 3.9874008595943478 14.227087184786798 2.5252835303544998 3.7975487112998954 474.9543674364686 5.4655730724334743 20.225361160933971 9.3362546563148481 8.380184046924116 2.51917714625597
leaf_count=213 768 4761 27 38 1345 2069 58 326 105 24 32 56 26 345 225 19 319 20 23 314 33 176 21 44 5904 72 293 141 120 36
internal_value=-0.000374381 -0.00508469 -0.0120313 -0.000928356 -0.0142656 0.0211417 -0.0232569 0.0161817 0.0542793 0.0374545 0.069591 0.0857107 0.0025167 0.00542706 0.0232269 0.11034 0.00589837 0.0161767 0.132655 0.0104696 0.0312315 0.0641211 0.140727 0.0364417 0.00457758 -0.0273224 -0.00427524 0.02527 0.055132 0.113917
internal_weight=1435.05 1177.31 615.151 296.901 166.845 257.738 142.136 130.055 27.6432 24.7096 24.2771 21.1822 562.16 505.708 22.2308 4.19881 102.412 79.6105 3.71849 75.892 50.6419 24.5373 6.51268 18.0246 502.349 136.307 45.9266 25.7012 16.3649 7.98475
internal_count=17953 15671 8628 3867 2360 2282 2065 1507 231 295 193 161 7043 6275 271 46 1276 950 43 907 593 274 54 220 6249 2007 662 369 228 108
is_linear=0
shrinkage=0.05


Tree=14
num_leaves=31
num_cat=0
split_feature=5 13 3 5 15 2 4 13 12 2 11 13 3 3 9 11 9 3 13 3 4 12 6 15 15 4 14 14 9 4
split_gain=53.0747 36.2754 27.4587 37.6627 47.5203 39.4471 28.8294 25.3858 23.8256 22.1888 21.9188 23.4582 21.494 33.0948 29.7293 24.217 34.7424 20.8659 29.8011 29.2491 20.6613 24.3572 20.6575 20.2669 27.46 23.545 20.2228 23.6153 27.7036 23.8939
threshold=1.0000000180025095e-35 -1.2800657464179934 1.5410827228924078 62.121212121212061 -0.97306508305182338 -0.077028609336391954 80.686217008797882 -0.56540763827763285 -287.08899999991985 0.72295658224595849 1582198.5999984744 -0.44755645308921194 -2.8596488812812564 -6520647.096667219 -0.2595891523089251 -2598284.7499961848 -1.356049628551635 -0.78174878611753362 -0.26672912659384301 1.0735051877733552 49.184758529020826 502.75750000006525 -1.1492431124485125 0.44252821307677354 -0.66169365148317694 33.333333333333243 -0.2402797520312637 0.1442032891010617 -1.1694982597448595 33.333333333333243
decision_type=2 2 2 2 2 2 2 2 2 2 2 2 2 2 2 2 2 2 2 2 2 2 2 2 2 2 2 2 2 2
left_child=8 26 6 4 5 -4 -3 -8 -1 -5 11 -9 13 -10 17 -15 -17 -14 19 23 -6 22 -22 24 -19 -26 -2 28 -28 -30
right_child=1 2 3 9 20 -7 7 10 12 -11 -12 -13 14 15 -16 16 -18 18 -20 -21 21 -23 -24 -25 25 -27 27 -29 29 -31
leaf_value=-0.0089088470930769308 -0.00010381770535317023 -0.01693786129616464 0.15005021455528458 0.070745694924747762 -0.0038859860888430242 -0.017208247807757669 -0.017946980048822954 0.19063735896874048 -0.052638433857465174 -0.01062301442728077 0.24824933873443206 0.026514452428683829 -0.020481781448894121 -0.0065461510755453166 0.035350863491041044 0.12262970518999108 0.042683486270169865 0.047765672573057111 -0.022558780507527267 -0.0055946103976701319 0.034563453774766328 -0.010896214160472225 0.16523934643268753 -0.013092217013443402 0.079578093963510621 0.26649130846176461 0.21741889986626939 0.020884585380805849 0.14790629474957892 0.0059550015745777618
leaf_weight=79.304990570992231 65.029450967907906 653.20289542153478 3.9683391526341429 8.8109008669853193 4.6883670017123249 31.565294213593006 13.431664720177652 2.6443573161959675 8.6542364433407766 170.66951083019376 1.6363315060734738 12.323647830635307 71.853264376521111 15.852112356573342 84.329571444541216 17.747182238847017 58.007221970707178 5.9506772980093983 21.285005748271942 11.293702580034731 3.8936260193586412 3.3631974682211867 13.545933291316031 3.223435938358306 2.7646252587437656 4.3137664645910263 3.4485837370157268 43.028697915375233 4.6671094521880141 8.1260077357292158
leaf_count=881 714 9223 29 79 49 395 161 32 195 2343 17 165 812 160 773 132 419 51 260 127 47 41 154 28 18 38 31 456 29 94
internal_value=-0.000378816 -0.00620858 -0.00962087 0.00490887 0.0388416 0.00147091 -0.0147354 0.0331612 0.0155083 -0.00662853 0.0745038 0.0555096 0.0218514 0.0408232 0.0125734 0.0496527 0.0614127 -0.00334268 0.0218769 0.0562124 0.0909349 0.112305 0.136064 0.0991614 0.126933 0.193488 0.0191501 0.0402749 0.0916451 0.0577408
internal_weight=1432.62 1048.04 923.744 240.505 61.0248 35.5336 683.239 30.036 384.58 179.48 16.6043 14.968 305.275 100.261 205.014 91.6065 75.7544 120.684 48.8312 27.5462 25.4911 20.8028 17.4396 16.2525 13.0291 7.07839 124.3 59.2704 16.2417 12.7931
internal_count=17953 14059 12735 3137 715 424 9598 375 3894 2422 214 197 3013 906 2107 711 551 1334 522 262 291 242 201 135 107 56 1324 610 154 123
is_linear=0
shrinkage=0.05


Tree=15
num_leaves=31
num_cat=0
split_feature=4 10 13 5 14 3 4 16 13 0 15 14 3 3 5 2 10 15 2 11 3 0 1 10 16 14 14 0 9 3
split_gain=47.9754 21.7096 27.5225 29.6426 20.3895 27.1362 28.3424 28.3186 32.2303 32.9786 26.8177 20.803 25.9526 20.654 38.6852 20.1573 21.7081 23.1461 19.4191 18.8258 16.9399 20.7828 19.4847 16.5769 20.9458 23.2299 16.5097 16.2997 26.4227 30.7645
threshold=1.0000000180025095e-35 -0.89158257264088336 -1.1161754494776763 66.666666666666757 -0.023127985520905892 0.4039653549987981 71.800365387809748 -0.00044114499999999994 -0.2325909241385882 -1.0000000180025095e-35 -0.92276765044522768 -1.1062147464010532 1.1677182319473876 -1.6562104618787055 57.762128325508193 0.36265990581700741 -1.0000000180025095e-35 0.27451943778391585 -835236.14072378271 3863545.8499984746 1.3460171917848294 -1.0000000180025095e-35 -0.53204770678013491 0.92522954765302146 -0.00028890999999999992 1.5396372801014417 0.12359042048302189 -1.0000000180025095e-35 0.32385491201808103 -0.76188216790882868
decision_type=2 2 2 2 2 2 2 2 2 2 2 2 2 2 2 2 2 2 2 2 2 2 2 2 2 2 2 2 2 2
left_child=18 20 23 4 5 6 13 8 9 10 -7 12 -12 14 19 16 -10 -18 -1 -4 22 -22 -2 -3 25 26 -25 -6 -29 -30
right_child=1 2 3 -5 27 7 -8 -9 15 -11 11 -13 -14 -15 -16 -17 17 -19 -20 -21 21 -23 -24 24 -26 -27 -28 28 29 -31
leaf_value=-0.052424259695202181 -0.0050319581390250298 0.0060867877845397255 -0.011063286075086068 -0.01829857326440296 0.00081311798842983334 0.031631063357115845 0.14839380154632709 -0.019681748161833018 0.19027024528262454 -0.02729058421327752 0.15911032808668227 0.10689135836069741 0.40758581337279653 -0.035397287309674404 0.25978520016213574 -0.024692736393762377 -0.054310489396317579 0.14833916072994466 0.021509264793910653 0.13202916323203023 -0.014534952220167568 0.065186842499382489 -0.033495235317302342 0.07030893881182336 -0.026807749557814581 0.18649020669650712 0.00090689137104261325 0.006197047994996316 -0.004841410436485151 0.08021894571515048
leaf_weight=9.2039774246513826 104.25304916873574 78.442188248038292 44.895020171999931 257.76824763044715 153.77072771266103 3.4718267396092406 2.4549736566841593 28.856965109705925 2.6420330256223679 3.6047306209802619 2.2886746376752845 3.3838536217808723 1.9430729895830152 104.41316233947873 1.4349111057817925 15.235179755836723 3.9085178226232546 2.2033919505774975 253.4736036658287 2.4226214550435534 21.41651564091444 13.222119361162184 142.05238840728998 25.382393576204777 8.8948029652237874 3.2307247444987288 12.936413206160067 73.23658799380064 15.491332542151211 33.874515779316425
leaf_count=216 1395 916 639 3704 2078 46 30 407 31 45 21 40 22 1552 22 218 55 25 2066 38 307 157 2064 254 111 28 133 828 193 312
internal_value=-0.000387132 -0.00473215 -0.000892575 -0.00452771 0.00257832 -0.00866338 -0.0201496 0.0178031 0.0457675 0.104087 0.146801 0.199305 0.273202 -0.0228511 0.00401905 0.0100495 0.0705141 0.0187463 0.0189187 -0.00373708 -0.0168434 0.0158961 -0.0214477 0.0204665 0.0428272 0.0577345 0.0468788 0.0116555 0.0252542 0.0535264
internal_weight=1429.81 1167.13 886.187 757.3 499.532 223.159 155.621 67.5382 38.6813 14.6922 11.0874 7.6156 4.23175 153.166 48.7526 23.9891 8.75394 6.11191 262.678 47.3176 280.944 34.6386 246.305 128.887 50.4443 41.5495 38.3188 276.373 122.602 49.3658
internal_count=17953 15671 11748 10306 6602 3191 2281 910 503 174 129 83 43 2251 699 329 111 80 2282 677 3923 464 3459 1442 526 415 387 3411 1333 505
is_linear=0
shrinkage=0.05


Tree=16
num_leaves=31
num_cat=0
split_feature=5 13 3 13 15 12 0 15 3 2 16 4 5 2 14 9 15 14 14 14 15 5 3 13 2 3 1 13 16 2
split_gain=45.9936 31.009 28.8614 21.3555 21.808 23.4155 20.139 26.2865 19.9346 42.0493 31.8193 27.742 36.5636 75.9801 19.4392 23.9629 18.2352 17.7319 16.9886 16.4286 16.3725 25.5416 30.0761 50.4088 23.0505 15.6386 22.8902 18.6934 19.9702 17.3033
threshold=1.0000000180025095e-35 -0.94043976042189603 3.5829897371807031 0.73461177130284094 -0.64695160059876977 259.17700000014162 -1.0000000180025095e-35 -0.1387364302637322 0.84939046587167077 0.41490760460012555 -0.00028890999999999992 78.43940232429442 98.721927317272517 0.75289591583765636 1.3067728220745598 0.86958697424554843 -1.2130140220170282 0.1442032891010617 -0.023127985520905892 -1.0087884449962263 0.020328435227094793 60.251486294522415 1.8110210253846244 0.2675178121728416 1.095479487699657 3.8138044004716192 -0.13084959707568911 -1.8614541084107918 -0.00060796999999999989 -0.81879085675424068
decision_type=2 2 2 2 2 2 2 2 2 2 2 2 2 2 2 2 2 2 2 2 2 2 2 2 2 2 2 2 2 2
left_child=3 2 -2 4 -1 25 17 -8 11 10 -10 18 13 -13 -5 16 -16 19 -3 -4 -11 22 -22 -24 -25 26 29 -28 -29 -6
right_child=1 8 6 14 5 -7 7 -9 9 20 -12 12 -14 -15 15 -17 -18 -19 -20 -21 21 -23 23 24 -26 -27 27 28 -30 -31
leaf_value=0.00014707493551261496 0.0036203875678234251 -0.029455334151974488 0.017330526236249044 -0.03602479240270906 0.023451878096784444 0.07396418926004876 -0.056601117556346503 0.15686936381425159 0.06512015836172512 -0.018195155568796875 -0.039069518862613596 0.016585379533603711 -0.027494277486697229 0.3618875838178644 0.093304065540157216 0.11131259683932181 -0.049400283677415925 -0.026094333577194463 -0.010291494246003494 0.13655395045693458 0.0018296825315233202 -0.0041626876116615261 -0.013276569925477367 0.32736297372057621 0.1022492595598757 -0.055726343639124425 -0.047203671046618531 0.013740824043704051 0.096390508802870645 -0.021406612651056513
leaf_weight=105.33588100969791 219.90358222648501 216.96665532141924 3.8036088198423412 36.048193980008364 135.15855488181114 24.369512096047401 6.2415063604712486 1.8754286840558032 35.829052809625864 164.68343268707395 9.2120265401899797 4.8042144104838354 7.3532665371894836 2.3834537453949451 3.0082525722682485 5.7987353950738898 8.7496372982859612 2.925366446375846 247.64411273226142 12.022627055644991 9.6762603931128996 85.731177303940058 3.4561902508139593 2.856740839779377 1.8891264721751211 6.2544631436467162 3.7076098360121241 10.554083697497843 23.768151670694351 25.562910057604313
leaf_count=998 2553 3355 31 514 1326 199 65 20 376 2330 125 54 95 24 37 35 117 25 3515 72 125 1213 35 26 20 100 32 86 168 282
internal_value=-0.000394115 -0.00588005 0.00959743 0.014288 0.0189804 0.0276293 0.0585161 -0.00727848 -0.0106996 -0.00089316 0.0438108 -0.0171123 0.0508942 0.131089 -0.0150119 0.028133 -0.0128894 0.0869963 -0.0192407 0.1079 -0.00839807 0.00717404 0.0615366 0.131975 0.237755 0.0221213 0.0245711 0.0594542 0.0709757 0.0163171
internal_weight=1427.57 1039.26 246.772 388.316 334.711 229.375 26.8685 8.11694 792.486 313.334 45.0411 479.152 14.5409 7.18767 53.6048 17.5566 11.7579 18.7516 464.611 15.8262 268.293 103.609 17.8783 8.20206 4.74587 205.006 198.751 38.0298 34.3222 160.721
internal_count=17953 14059 2766 3894 3191 2193 213 85 11293 4250 501 7043 173 78 703 189 154 128 6870 103 3749 1419 206 81 46 1994 1894 286 254 1608
is_linear=0
shrinkage=0.05


Tree=17
num_leaves=31
num_cat=0
split_feature=13 14 9 5 5 13 11 13 15 15 2 15 15 14 13 3 14 14 9 0 15 3 6 8 8 0 14 3 15 16
split_gain=41.5585 28.3692 29.9396 34.682 24.2597 22.814 22.0865 21.7124 22.8461 21.0457 18.4893 18.39 19.0856 18.3572 19.9477 18.2676 18.2841 25.7011 22.6468 28.1493 46.4937 29.307 23.487 17.4216 33.8827 17.3087 18.8341 17.0631 42.8153 17.0244
threshold=-0.17482927398788559 0.35408354505991263 -0.77384378521776354 2.1980676328506177 1.0000000180025095e-35 1.4947177989383629 -3646897.7000007625 -0.40442762484147771 -0.82272376201044273 1.1892015761141803 -835236.14072378271 -1.8952966709404968 3.2454656141624749 -0.27768276211376614 -0.35801773634497969 4.1340168295903919 -0.14390037615229354 0.1442032891010617 -0.55785475721444489 -1.0000000180025095e-35 0.52531792050151682 -0.48060238411806205 -0.5692053515777985 0.20370373087189736 -0.7834745934431987 -1.0000000180025095e-35 0.1442032891010617 -4.5531852479651151 1.0553330457229533 -0.00068785999999999988
decision_type=2 2 2 2 2 2 2 2 2 2 2 2 2 2 2 2 2 2 2 2 2 2 2 2 2 2 2 2 2 2
left_child=4 27 11 5 6 9 -1 10 -9 -4 -8 23 -13 14 -10 16 -6 18 19 20 22 -21 -18 24 -3 26 -17 28 -2 -5
right_child=1 2 3 29 15 -7 7 8 13 -11 -12 12 -14 -15 -16 25 17 -19 -20 21 -22 -23 -24 -25 -26 -27 -28 -29 -30 -31
leaf_value=-0.037558109749299989 0.21773468718248795 -0.0063343363826502998 0.096027886840881121 0.053340466561196689 -0.010873614343645317 -0.02108624268540912 -0.052333076191795613 -0.018737786168552446 0.17384022349316838 -0.030485446774497119 0.021292126857967525 -0.029625862200129867 0.13311718171177236 0.12661387208025063 0.0029540156961623144 0.086227649132402759 0.13076535391842645 0.00049434089550078866 0.015138025821778523 0.17647725174483514 -0.054157720497897181 -0.038488006592205165 0.31136553537102452 -0.054415543565699886 0.15779557012524509 -0.014159942014440909 -0.033570052499798171 -0.021976825880393548 -0.055904016063331813 -0.0023806226597882577
leaf_weight=15.58395630866289 2.5538020804524413 8.0867767743766308 23.954303402453665 15.177708141505716 244.84114557504654 7.2229206636548033 8.9142473638057691 6.5796552747488048 2.1437472403049496 3.8100862465798846 196.4105190448463 101.81196220964193 1.8339820727705944 12.928739078342909 8.3963700383901614 17.437714502215389 4.5390625782310963 212.47959483787417 32.377644184976816 2.1375199370086193 2.3077368810772896 6.1398378089070302 2.9835555404424685 4.7186591140925875 5.1449977383017549 10.695787705481051 4.0411920025944701 314.3942575417459 3.2470483630895615 141.55759398266673
leaf_count=157 31 98 175 202 3220 62 216 68 19 40 1605 1408 18 99 89 130 50 2582 399 24 33 79 31 66 62 120 41 4869 40 1920
internal_value=-0.000399848 -0.0099425 0.000753698 0.0130627 0.00724348 0.0580732 0.0200884 0.0239051 0.0636019 0.0786666 0.0180957 -0.0186541 -0.0267462 0.0866864 0.0377104 0.00127379 -0.0010411 0.00811375 0.0401818 0.0849616 0.142166 0.017024 0.202393 0.0280698 0.0574854 0.0378092 0.0636881 -0.020409 0.0645644 0.00301522
internal_weight=1424.45 633.514 313.319 191.723 790.938 34.9873 250.957 235.373 30.0485 27.7644 205.325 121.596 103.646 23.4689 10.5401 539.981 507.806 262.965 50.4854 18.1077 9.83035 8.27736 7.52262 17.9504 13.2318 32.1747 21.4789 320.195 5.80085 156.735
internal_count=17953 8991 4051 2399 8962 277 2253 2096 275 215 1821 1652 1426 207 108 6709 6418 3198 616 217 114 103 81 226 160 291 171 4940 71 2122
is_linear=0
shrinkage=0.05


Tree=18
num_leaves=31
num_cat=0
split_feature=13 14 0 3 9 16 5 11 1 5 10 4 15 3 0 9 15 13 14 14 14 0 3 2 9 3 9 0 15 15
split_gain=37.6702 26.2075 28.0695 31.6206 21.8237 23.121 21.5074 19.8978 19.6908 19.2919 19.2863 22.7112 17.963 17.3147 17.9653 18.3845 16.2272 23.25 29.8669 16.1354 21.9766 22.121 32.1356 49.0519 52.7331 25.9586 18.5187 22.5634 28.7988 27.7673
threshold=-0.17482927398788559 0.35408354505991263 -1.0000000180025095e-35 -2.5218316997855492 -0.75913757104023272 -0.00055959499999999986 1.0000000180025095e-35 -3646897.7000007625 -1611.4664513899866 1.0000000180025095e-35 0.94019906779946594 99.999985783507185 1.7350773816224707 4.1340168295903919 -1.0000000180025095e-35 0.21210830930608546 -0.67653947223502442 -0.34768322196287155 -1.0915814967219821 -0.14390037615229354 0.1442032891010617 1.0000000180025095e-35 -0.71422848144035689 0.36265990581700741 0.75326542667771856 1.0972619782802353 -0.55785475721444489 -1.0000000180025095e-35 0.69771224618691263 0.52531792050151682
decision_type=2 2 2 2 2 2 2 2 2 2 2 2 2 2 2 2 2 2 2 2 2 2 2 2 2 2 2 2 2 2
left_child=6 -2 3 4 -3 -6 7 -1 -9 -4 -5 -12 13 19 15 -15 -10 -18 -19 -8 26 -22 -23 24 25 -24 27 29 -29 -21
right_child=1 2 9 10 5 -7 12 8 16 -11 11 -13 -14 14 -16 -17 17 18 -20 20 21 22 23 -25 -26 -27 -28 28 -30 -31
leaf_value=-0.036750728349859714 -0.019748732997266056 0.0069367052896748653 0.052593757983800227 -0.033929989520204026 0.20042756824166286 0.034704633343577589 -0.0078786861993866454 -0.052260394778498032 0.0050792623413832743 0.0075810268811224435 -0.0083970536476142763 0.099681514142785393 -0.026634318502389655 0.010773731608953637 -0.01203362581016131 0.11096474522611775 0.027076151166833207 -0.055514437257586452 0.11576408870615258 0.16459945486019822 -0.008576168348035644 -0.025637831304467337 -0.0091929159415067435 0.0042252218030266403 0.25082955387183309 0.13614021884153457 0.016885938484256034 -0.038852858180161043 0.17366691402157108 -0.053963697238911895
leaf_weight=15.14135032892227 314.65324269607663 23.745615962892771 30.69591897726059 103.8726848512888 3.4336649924516678 5.4376373887062055 222.03382289782166 8.5259400941431505 70.216864254325628 106.01536988839507 34.019254930317402 5.6709951460361472 52.383559320122004 7.7098396271467271 10.187625490128992 11.273644395172594 141.82889279723167 3.0578854754567173 15.181206561625002 8.7435329928994197 128.50231821835041 18.50771326944232 6.4124606773257273 21.782997660338879 5.1620265394449225 5.8989513963460922 31.537323568016291 6.0129215382039529 2.1691748797893524 1.7428466118872155
leaf_count=157 4940 271 244 1575 28 52 2941 213 587 1307 523 51 660 61 115 80 1140 36 120 81 1612 238 73 261 43 36 382 77 23 26
internal_value=-0.000404102 -0.00955952 0.000687078 -0.0125051 0.0319352 0.0988482 0.00683184 0.0188322 0.0223564 0.0176878 -0.0226017 0.00704535 0.0011889 0.00417752 0.041529 0.0702738 0.0251189 0.0339097 0.0870483 0.00180114 0.0108899 0.00297642 0.0286763 0.0542831 0.116687 0.0604427 0.0402496 0.0797186 0.0174888 0.128274
internal_weight=1421.56 627.544 312.891 176.18 32.6169 8.8713 794.013 253.952 238.811 136.711 143.563 39.6903 540.061 487.677 29.1711 18.9835 230.285 160.068 18.2391 458.506 236.472 186.266 57.7641 39.2564 17.4734 12.3114 50.2058 18.6685 8.1821 10.4864
internal_count=17953 8991 4051 2500 351 80 8962 2253 2096 1551 2149 574 6709 6049 256 141 1883 1296 156 5793 2852 2263 651 413 152 109 589 207 100 107
is_linear=0
shrinkage=0.05


Tree=19
num_leaves=31
num_cat=0
split_feature=3 10 13 16 15 15 3 12 5 3 3 11 11 0 14 13 3 11 3 3 2 9 5 9 10 5 1 3 14 2
split_gain=35.6774 27.8425 29.6638 24.0908 27.5152 24.0022 23.8309 23.2572 22.8684 21.8977 20.1066 17.8927 15.2377 15.0487 52.4991 25.61 23.9067 21.8222 19.1736 16.3306 30.7966 27.0779 29.6251 23.5925 24.4222 22.185 31.2302 21.6658 33.3724 20.1228
threshold=-2.8596488812812564 -0.89158257264088336 -1.0789786241471329 -0.00050592999999999992 1.9582404418202557 -2.5709330626477707 1.3460171917848294 -287.08899999991985 66.666666666666757 -6520647.096667219 5.583700697654435 -2934948.4999961848 -2384168.7500038142 -1.0000000180025095e-35 -1.3632296772549959 0.9271873713375971 1.4513893676608924 747488.45000457775 -2.4848315200640037 -0.67072604300701133 0.41490760460012555 0.21210830930608546 33.333333333333826 1.8643233144237661 1.6909415976670028 12.248931193030609 -0.15527653872145172 0.57565626849111584 -0.36355067507838679 -0.10437520847073674
decision_type=2 2 2 2 2 2 2 2 2 2 2 2 2 2 2 2 2 2 2 2 2 2 2 2 2 2 2 2 2 2
left_child=3 6 -3 4 5 -1 -2 -7 10 -9 11 -4 -11 15 16 -13 -15 -18 -17 25 21 27 -23 -22 -25 26 -16 -21 -29 -30
right_child=1 2 8 -5 -6 7 -8 9 -10 12 -12 13 -14 14 19 18 17 -19 -20 20 23 22 -24 24 -26 -27 -28 28 29 -31
leaf_value=0.22220397374557185 -0.024756887876169857 0.017903816271266866 -0.030517797998713445 -0.0028603753509697507 -0.026017705994384244 9.483993172486602e-05 0.015224884035378569 -0.052361391160673336 -0.016527913285261802 0.011584225466835839 0.15878842000052118 0.0044914942770656876 0.068210794899123614 -0.050871280150768652 0.01685627667367371 0.11854826948100974 0.1952735906861689 -0.054090531135409084 -0.03964635564397008 0.0028761541672391241 -0.014214230880347234 0.049992674034135071 0.15340334987580553 0.23611389135575039 -0.0075408174295629633 -0.025401455854440522 0.17549371905104355 0.23044102699229785 0.13958928702096493 -0.0027835655546802032
leaf_weight=1.7885324507951725 221.56462870910764 190.40791657939553 40.388919033110142 82.879806037992239 17.995524395257235 30.290868252515793 44.806657187640667 4.802010089159011 250.24549483880401 14.607313346117733 2.0368349254131308 205.69978504255414 63.631193988025188 34.177347715944052 22.499687369912866 1.9872499629855145 1.9893542230129235 1.5695506669580934 52.981833159923553 23.747179511934519 30.059009801596403 15.226495850831272 12.704422160983084 2.0429044701158992 2.0710192434489727 27.901792407035828 3.5986487008631221 2.953335229307414 3.6217375844717017 7.8854552581906292
leaf_count=18 3137 1906 547 890 216 330 551 124 3702 158 15 2701 465 535 226 23 23 23 865 292 359 109 115 20 24 417 31 29 24 78
internal_value=-0.000407649 -0.00376923 0.000290481 0.0183019 0.0314779 0.0404656 -0.0180315 0.0375975 -0.00420881 0.0512775 0.00201727 0.00136971 0.0576385 0.00421454 0.0148351 -0.00361014 -0.0380291 0.0852989 -0.0339273 0.0277628 0.039697 0.059611 0.0970292 0.00115516 0.113454 0.0055936 0.0387305 0.0322573 0.0805071 0.0420264
internal_weight=1418.16 1202.17 935.796 215.995 133.115 115.12 266.371 113.331 745.388 83.0405 495.143 493.106 78.2385 452.717 192.048 260.669 37.7363 3.5589 54.9691 154.312 100.312 66.1386 27.9309 34.1729 4.11392 54.0001 26.0983 38.2077 14.4605 11.5072
internal_count=17953 15752 12064 2201 1311 1095 3688 1077 10158 747 6456 6441 623 5894 2305 3589 581 46 888 1724 1050 647 224 403 44 674 257 423 131 102
is_linear=0
shrinkage=0.05


Tree=20
num_leaves=31
num_cat=0
split_feature=3 10 13 3 16 15 4 5 15 2 11 3 3 13 10 13 3 16 9 2 0 15 11 12 14 0 8 13 0 3
split_gain=31.9498 25.5339 26.6916 22.0177 21.8779 23.272 21.0062 18.3066 17.7925 21.5885 17.7061 20.0546 17.6129 15.034 26.2021 20.638 19.6886 14.4818 16.5201 26.794 26.0846 15.8109 15.6997 14.2275 13.7053 32.8137 21.4683 18.9846 14.3224 29.0721
threshold=-2.8596488812812564 -0.89158257264088336 -1.1161754494776763 1.3460171917848294 -0.00030072999999999998 1.9582404418202557 49.92711370262392 66.666666666666757 0.6319064095996143 -2.9967796874044272 -2934948.4999961848 5.583700697654435 -6520647.096667219 -0.049643851380377267 -1.5902976062745178 -1.0202844898155998 -9.9557172923014594 -0.00077949999999999992 -1.3685858159593807 -1.889183126536248 -1.0000000180025095e-35 1.4084639457866761 -2436258.6500015254 -2.248499999986961 -1.3632296772549959 -1.0000000180025095e-35 1.9623243667528005 0.9271873713375971 -1.0000000180025095e-35 -1.5048208794928482
decision_type=2 2 2 2 2 2 2 2 2 2 2 2 2 2 2 2 2 2 2 2 2 2 2 2 2 2 2 2 2 2
left_child=4 3 -3 -2 5 6 8 10 9 13 -4 24 -10 15 -15 16 -1 -14 19 22 -20 -21 -19 -8 28 26 27 -26 29 -12
right_child=1 2 7 -5 -6 -7 23 -9 12 -11 11 -13 17 14 -16 -17 -18 18 20 21 -22 -23 -24 -25 25 -27 -28 -29 -30 -31
leaf_value=-0.028926833678461602 -0.024020821853789835 0.017552350743726262 -0.030229591790845823 0.014291778665005798 -0.028203821136798698 -0.025305796937291798 0.031034190247533525 -0.014885459967784365 -0.052356919575211318 -0.013483282066790224 0.087730588227554959 0.16340092884694091 -0.024724073511619198 0.033150475836134355 0.25345757575880185 -0.023895483437111655 0.090825908602396505 0.020937010165367049 0.07191025387834063 0.26310772872573213 -0.016074944604582222 0.099553884833209649 0.11415929639151241 0.12511492283043915 -0.00095076352390328325 0.024863511205968046 0.062049320676309916 -0.038494802073187617 -0.037789077238949212 -0.016639617151680816
leaf_weight=4.688069716095927 217.05286359414458 179.97818369790912 40.124384965747595 45.33150689303875 23.665896050632 22.335166960954666 7.2707927785813835 251.67431507259607 4.611085381358861 49.401242151856422 8.438440900295971 1.9745503328740586 6.0782358534634104 3.8726470321416855 2.0716200582683078 13.29128358885646 12.813316412270067 11.265829771757129 19.492422025650736 2.9202258065342894 14.834566384553911 2.991263821721077 7.5385073199868211 8.9838582873344404 169.74899104237556 160.1266554929316 11.396609980612991 42.002952843904495 37.278586901724339 31.875045903027058
leaf_count=75 3137 1763 555 551 315 274 71 3755 120 498 124 14 64 45 19 125 76 112 132 24 115 19 50 67 2194 1756 141 689 590 483
internal_value=-0.000412019 -0.00361912 0.000250183 -0.0174016 0.0171875 0.0227116 0.0289424 -0.0038763 0.0233018 0.00810239 0.00163246 0.00439463 0.0420771 0.0371293 0.109929 0.0230759 0.0587479 0.0487638 0.0563291 0.0874982 0.033887 0.180348 0.0583091 0.0830321 0.00371338 0.00759292 -0.0048001 -0.00839797 -0.0154501 0.00520721
internal_weight=1415.13 1197 934.619 262.384 218.126 194.46 172.125 754.641 155.87 86.1382 502.966 462.842 69.7321 36.7369 5.94427 30.7927 17.5014 65.1211 59.0428 24.7158 34.327 5.91149 18.8043 16.2547 460.867 383.275 223.149 211.752 77.5921 40.3135
internal_count=17953 15752 12064 3688 2201 1886 1612 10301 1474 838 6546 5991 636 340 64 276 151 516 452 205 247 43 162 138 5977 4780 3024 2883 1197 607
is_linear=0
shrinkage=0.05


Tree=21
num_leaves=31
num_cat=0
split_feature=5 13 3 4 5 15 2 13 3 14 14 13 13 9 12 15 15 9 6 5 1 3 16 1 14 4 10 2 13 14
split_gain=29.641 23.0624 21.8813 25.9546 25.3864 23.0752 28.9938 19.3811 18.8285 16.8303 34.0787 24.6336 22.0093 19.6786 16.2613 15.2949 37.1905 30.0137 15.9604 18.3753 15.254 25.5906 18.406 20.2426 16.1302 25.0613 31.3492 15.7254 27.0889 18.9468
threshold=1.0000000180025095e-35 -1.325930850410709 1.5410827228924078 80.686217008797882 69.586530264278906 -0.97306508305182338 -0.077028609336391954 -0.56540763827763285 -4.5531852479651151 0.28492584816431266 1.0000000180025095e-35 0.69153395322184519 -0.76634884914815216 -0.3044251830527584 -287.08899999991985 1.7350773816224707 1.0553330457229533 0.37858692423808554 0.73969743580813174 87.696421225833774 -0.016235157689173222 1.0045439503380622 -0.00028549999999999995 -0.064999876171342216 1.6096966182560863 32.727272727272016 1.0451973871825018 0.37462105195186268 1.5865310309978706 1.9680101520810558
decision_type=2 2 2 2 2 2 2 2 2 2 2 2 2 2 2 2 2 2 2 2 2 2 2 2 2 2 2 2 2 2
left_child=14 8 3 20 5 6 -4 -5 -2 10 12 -11 -7 -13 -1 16 18 -18 19 -9 21 -3 23 -23 -22 -26 -27 29 -29 -28
right_child=1 2 4 7 -6 9 -8 15 -10 11 -12 13 -14 -15 -16 -17 17 -19 -20 -21 24 22 -24 -25 25 26 27 28 -30 -31
leaf_value=-0.009157958814247507 0.11718361233747634 -0.011398235656844514 0.11059333136329685 -0.012026427574384088 -0.007414243119714007 0.14793295020479466 -0.011792160105276952 0.15685437744434222 0.012074901917657161 -0.024137111967832102 0.28269086319918585 -0.030889940037113334 0.033955675401158951 0.15585938965320478 0.016194472050005168 -0.054347281487782687 0.084115087353958284 0.37513063903813437 -0.025888943168048396 -0.014283334915115055 -0.027728474826408729 0.042852736118016578 -0.037979043846246417 0.1912109385530803 0.14958831263400268 -0.033672359266192831 0.23465570309770878 -0.035105418534366953 0.18653598703265728 0.010054253482330522
leaf_weight=78.914697352796793 4.4310984686017028 309.55840323865414 5.4619938582181922 13.88751780241728 149.65986659377813 5.6676214113831582 42.450674742460251 4.1684869825840014 110.77651810646057 12.409331031143667 1.9113765284419049 2.0741841532289982 16.762722760438919 4.40950734168291 318.62193914875388 2.2561806514859191 1.8049083612859242 1.7402144223451612 4.9652775786817074 2.5147216841578484 249.90322234854102 18.36595685034991 5.9841340109705916 2.6282651871442786 2.833551622927188 26.977609489113092 2.3895478285849081 5.3406058251857758 1.8582372851669786 1.5467703416943548
leaf_count=881 30 4542 32 169 2113 45 542 40 1130 139 19 27 208 38 3013 31 25 20 61 37 3904 194 86 31 27 418 23 82 23 23
internal_value=-0.0004112 -0.00494506 -0.00764266 -0.0123577 0.00525513 0.0260577 0.00215966 0.0320504 0.0161176 0.0525414 0.080025 0.0171315 0.0627551 0.0961168 0.0111618 0.0671293 0.085168 0.226968 0.0420124 0.0924596 -0.0145758 -0.0073279 0.0393765 0.0614257 -0.0229622 0.00612712 -0.00453872 0.0660445 0.0221069 0.146399
internal_weight=1412.28 1014.74 899.531 658.724 240.807 91.1474 47.9127 31.3373 115.208 43.2347 24.3417 18.893 22.4303 6.48369 397.537 17.4498 15.1936 3.54512 11.6485 6.68321 627.386 336.537 26.9784 20.9942 290.85 40.9463 38.1128 11.1352 7.19884 3.93632
internal_count=17953 14059 12899 9736 3163 1050 574 383 1160 476 272 204 253 65 3894 214 183 45 138 77 9353 4853 311 225 4500 596 569 151 105 46
is_linear=0
shrinkage=0.05


Tree=22
num_leaves=31
num_cat=0
split_feature=13 14 0 3 10 4 15 9 5 16 5 14 16 14 9 15 5 11 1 15 1 15 3 2 14 14 3 3 3 13
split_gain=28.2284 25.4121 24.8439 26.0788 17.998 18.4382 17.3734 16.8967 16.9007 16.6723 16.2622 15.6707 21.8517 15.0462 25.0142 23.2877 14.4548 16.3471 16.6824 14.6452 14.5978 15.6941 19.469 17.5431 16.5803 21.1644 19.4614 19.0768 17.2697 15.1431
threshold=-0.18925762707083449 0.35408354505991263 -1.0000000180025095e-35 -2.5218316997855492 0.87002558176423628 99.999985783507185 0.54494267803502583 -0.75913757104023272 33.333333333332909 -0.00075789499999999986 72.727272727271526 2.410236229175716 -1.0000000180025095e-35 2.213477426487831 -0.37802808813229732 -2.6662488975992238 1.0000000180025095e-35 -3646897.7000007625 -1611.4664513899866 1.7350773816224707 9.8046551143055201 -0.78861480933597483 7.9305415953589984 -0.93864665600971742 0.16217912480255528 -1.0398951852334124 -2.7063073061533243 -1.5048208794928482 -0.99414530521521172 -0.34768322196287155
decision_type=2 2 2 2 2 2 2 2 2 2 2 2 2 2 2 2 2 2 2 2 2 2 2 2 2 2 2 2 2 2
left_child=9 -2 3 7 -5 -6 13 -3 -9 -1 11 12 -8 14 15 -4 17 -11 -19 -18 21 22 23 24 25 28 -27 -26 -20 -23
right_child=1 2 6 4 5 -7 10 8 -10 16 -12 -13 -14 -15 -16 -17 19 18 20 -21 -22 29 -24 -25 27 26 -28 -29 -30 -31
leaf_value=-0.030324324846023189 -0.018648810087927806 0.0058659333209300389 0.1163465048046233 -0.032858991861756989 -0.0072784292057333352 0.08660801987132033 0.070292757954000057 0.04754721406303395 0.20390778940456078 -0.039706847165934561 -0.0020386022657460376 0.17330286235940812 -0.036846510207180085 -0.030353214179831833 0.043410112408451856 -0.032737470661749354 0.005123217573403881 -0.052107634515538008 -0.051587456111369549 -0.024572683330999476 -0.052735666178491049 0.027454070724845476 0.11778714476271442 -0.034683329440978364 -0.060075580391485396 0.1447434142625133 -3.6816284328075218e-05 0.061338808882504627 0.09876357677792226 0.075744095148906579
leaf_weight=30.669460248202085 306.52051927894354 24.071196205914021 2.9048740938305881 95.113769203424454 35.38841725513339 6.1361469179391852 25.366872247308493 7.3582614660263044 2.2586653232574463 12.014862433075903 15.044880539178846 2.8181407339870921 5.8582141734659698 23.261264234781265 37.527960237115622 26.655401762574911 469.10712442174554 7.740999247878789 6.3066935464739773 45.550151340663433 6.2660777084529391 140.59080392494798 3.5234781429171553 25.37796439230442 9.8303582891821844 7.1921669021248817 3.4271475151181239 4.822282336652278 2.739542819559575 18.353898648172617
leaf_count=376 4990 272 33 1544 562 52 216 64 16 129 195 30 88 288 375 337 5804 210 56 584 129 1019 21 208 80 42 32 36 20 145
internal_value=-0.000413851 -0.00844211 0.00165772 -0.0111542 -0.0208688 0.00659531 0.0173078 0.0282481 0.0842706 0.00582132 0.0412518 0.0603834 0.0501921 0.00429864 0.0163134 -0.0180871 0.00727453 0.0171858 0.0200801 0.00249496 0.0225264 0.0246491 0.00357753 -0.00316353 0.0201451 0.0501442 0.0980188 -0.0201173 -0.00605547 0.0330303
internal_weight=1409.8 616.285 309.764 170.326 136.638 41.5246 139.438 33.6881 9.61693 793.513 49.0881 34.0432 31.2251 90.3495 67.0882 29.5603 762.844 248.186 236.171 514.657 228.43 222.164 63.2196 59.6962 34.3182 19.6656 10.6193 14.6526 9.04624 158.945
internal_count=17953 9062 4072 2510 2158 614 1562 352 80 8891 529 334 304 1033 745 370 8515 2127 1998 6388 1788 1659 495 474 266 150 74 116 76 1164
is_linear=0
shrinkage=0.05


Tree=23
num_leaves=31
num_cat=0
split_feature=3 10 13 3 16 15 5 3 8 15 11 3 4 1 15 14 0 13 8 1 2 2 1 15 9 15 3 2 9 5
split_gain=26.1167 23.0488 21.7498 19.5319 18.6674 20.0865 17.92 16.0903 16.533 19.4393 15.3967 15.1345 14.9889 20.2035 16.4598 12.4227 28.367 18.757 13.848 13.6748 22.3041 19.381 19.4573 28.0303 16.0036 15.5266 27.1393 22.5176 18.3857 15.1107
threshold=-2.8596488812812564 -0.89158257264088336 -1.0681413776171664 1.3460171917848294 -0.00030072999999999998 2.0504001166934311 66.666666666666757 -6520647.096667219 -1.3729933607760789 0.31240231564563431 -2934948.4999961848 5.583700697654435 49.92711370262392 -0.6148914535613158 -2.4082238427254752 -1.3632296772549959 -1.0000000180025095e-35 0.9271873713375971 2.4968123496833368 -0.0058221680779446611 -0.77282189679991087 0.40124740422791511 -0.26513608451852161 -0.47652833560612712 1.8643233144237661 -0.037507588318578942 -1.1620178530378993 -0.21638559682966707 -0.037951597572669686 12.248931193030609
decision_type=2 2 2 2 2 2 2 2 2 2 2 2 2 2 2 2 2 2 2 2 2 2 2 2 2 2 2 2 2 2
left_child=4 3 -3 -2 5 7 10 -1 9 -9 -4 15 14 -14 -10 -12 17 18 -17 20 29 22 -22 -24 -21 -25 -27 -28 -29 -18
right_child=1 2 6 -5 -6 -7 -8 8 12 -11 11 -13 13 -15 -16 16 19 -19 -20 24 21 -23 23 25 -26 26 27 28 -30 -31
leaf_value=-0.05207070300223704 -0.023050628248415223 0.01489450202260173 -0.028787788362235691 0.012916045849637448 -0.027286411411175378 -0.027917077531977363 -0.014933444225425502 -0.032264556491364137 0.14945795799349901 0.035623788771399122 -0.014984046087234469 0.13544707243935203 0.16107682183101801 0.041648668921999289 0.028034907067323506 0.0011722366011740939 0.024670125969829579 -0.034699007088760905 0.12857328283508171 -0.0083912787636599515 0.030162615366017748 -0.024894362765852811 0.025499346695745898 0.20076025645804282 0.080802645148242452 0.19980572191696871 -0.036942466187480587 0.048417345609305322 0.21134939400065861 -0.042469326302205145
leaf_weight=6.4251271523535243 210.77260010316968 200.58703105896711 38.014350734651089 45.982053186744452 22.957464400678873 19.435990300029516 238.67119916155934 21.306368913501501 2.8629389815032473 20.876338206231594 74.237378746271133 2.1906418949365607 5.4428996816277495 10.1354962028563 111.08985722437501 172.12272194772959 24.642246372997761 41.371723670512438 2.1597182601690283 44.420692425221205 31.392007194459438 7.8296259976923457 12.399402324110268 4.6682337075471869 5.6711001619696608 4.6149128377437618 4.1465054601430902 4.6982782967388639 2.7418916374444962 12.699366971850393
leaf_count=186 3137 1953 546 551 315 248 3687 228 23 184 1180 12 35 84 898 2237 220 710 25 562 297 85 114 37 53 42 44 50 20 190
internal_value=-0.000410995 -0.00334889 0.000314905 -0.0166094 0.0153892 0.0203479 -0.00369842 0.0256139 0.0285206 0.00133357 0.00177375 0.00434402 0.0373743 0.0833754 0.0310855 0.00370553 0.00739974 -0.00443352 0.002751 0.0233566 0.0332306 0.0494021 0.0583985 0.0850411 0.00170674 0.120417 0.097267 0.0564263 0.108462 0.00183693
internal_weight=1406.57 1186.03 929.279 256.755 220.532 197.575 728.692 178.139 171.714 42.1827 490.021 452.006 129.531 15.5784 113.953 449.816 375.578 215.654 174.282 159.924 109.832 72.4909 64.6612 33.2692 50.0918 20.8698 16.2016 11.5867 7.44017 37.3416
internal_count=17953 15752 12064 3688 2201 1886 10111 1638 1452 412 6424 5878 1040 119 921 5866 4686 2972 2262 1714 1099 689 604 307 615 193 156 114 70 410
is_linear=0
shrinkage=0.05


Tree=24
num_leaves=31
num_cat=0
split_feature=13 5 15 0 14 15 11 3 4 15 14 3 10 15 3 1 8 3 10 3 8 9 16 8 9 2 15 10 14 3
split_gain=23.9063 20.5697 24.0669 18.9115 22.3154 28.6 24.6036 18.3872 26.2375 34.1716 24.0791 45.7387 16.7876 16.4861 16.2561 19.2911 15.8454 15.8244 15.0807 16.2375 17.5567 13.9255 18.3337 20.9233 13.672 17.0767 15.049 13.1555 16.4385 67.6586
threshold=0.69153395322184519 1.0000000180025095e-35 1.7350773816224707 1.0000000180025095e-35 1.4454506228326969 -1.8577981985119507 1399045.1500015261 0.069374819757812276 64.07621993633343 2.0905528138425677 -2.1452007933156465 1.3695313893565666 2.819186917013619 -0.64695160059876977 3.8138044004716192 -0.095747460496940481 0.17319889532811644 4.1340168295903919 -0.89158257264088336 2.7875482232171973 -1.096463038360995 -1.5153748555667212 -0.00059983499999999984 -0.50614988354372958 0.21210830930608546 0.99634219152007153 -0.78861480933597483 -0.39975630041051108 -2.3265227023050339 -1.6562104618787055
decision_type=2 2 2 2 2 2 2 2 2 2 2 2 2 2 2 2 2 2 2 2 2 2 2 2 2 2 2 2 2 2
left_child=1 13 17 4 -2 21 -7 -5 9 10 11 -9 -4 -1 15 -15 -17 18 19 -3 -21 -6 -23 -24 25 -19 -26 -20 29 -29
right_child=3 2 12 7 5 6 -8 8 -10 -11 -12 -13 -14 14 -16 16 -18 24 27 20 -22 22 23 -25 26 -27 -28 28 -30 -31
leaf_value=-0.0033314838661966852 -0.032764028344838693 -0.018226091562493666 -0.033102695969611767 -0.024561652822945382 -0.019727532222201246 -0.029996412439169607 0.056165896185006919 -0.053284344398502284 -0.016185911242411085 0.23751363944184634 0.022431152907448796 0.33075740952611343 0.094478103353158802 0.016071541455680856 -0.055963424299730391 0.022271197707004229 0.085323749088331291 0.11449487653708364 0.021885780668318384 0.1452298173068165 -0.026152577805451917 0.21705628355150447 0.17906197146242409 -0.023282640459926621 0.0084033601581245086 -0.038142271425011802 0.088744677697958796 0.27933106078245146 -0.0015149712916038844 -0.017628001442183558
leaf_weight=105.59143462404609 139.94792871177197 137.31875498965383 71.97612676769495 37.203297957777977 2.7526537664234629 40.427577055990696 10.420863274484871 1.3567050956189626 31.055946286767721 2.1733888834714881 36.521387238055468 1.8091259673237798 2.674248479306697 194.31338983774185 6.7799213491380206 19.643069241195917 20.221660941839218 2.2512004598975173 82.915064584463835 3.2220724113285542 2.7868357561528674 2.6892697364091864 2.117280062288045 3.2213525138795376 9.9581587724387628 9.8500701673328859 14.055689610540869 2.6552979648113251 398.50412142649293 6.9086712151765806
leaf_count=985 2440 2044 1039 579 35 635 136 24 422 16 431 20 35 1796 108 136 117 11 1081 40 31 21 24 47 107 105 121 24 5233 110
internal_value=-0.000408436 0.00307876 -0.00160214 -0.0126213 -0.0217242 0.00334514 -0.0123383 0.00404172 0.0186357 0.0444694 0.0338978 0.166178 -0.0285323 0.0131426 0.0203618 0.0225716 0.054255 0.00139647 -0.000436484 -0.0147056 0.0657454 0.0773191 0.110595 0.0569664 0.0335897 -0.00974717 0.0554284 0.00372897 3.96964e-05 0.0648184
internal_weight=1403.32 1091.63 745.076 311.697 201.577 61.629 50.8484 110.12 72.9166 41.8606 39.6872 3.16583 74.6504 346.549 240.958 234.178 39.8647 670.426 634.311 143.328 6.00891 10.7806 8.0279 5.33863 36.1151 12.1013 24.0138 490.983 408.068 9.56397
internal_count=17953 13123 9981 4830 3338 898 771 1492 913 491 475 44 1074 3142 2157 2049 253 8907 8563 2115 71 127 92 71 344 116 228 6448 5367 134
is_linear=0
shrinkage=0.05


Tree=25
num_leaves=31
num_cat=0
split_feature=3 10 13 3 16 15 8 15 1 4 2 6 1 14 0 3 13 3 10 9 2 15 13 15 0 10 11 16 16 5
split_gain=22.4662 20.005 18.6071 17.9548 16.9127 18.4635 16.1426 16.8421 14.9015 14.4783 17.4984 13.8994 14.8288 18.1683 22.8192 32.3533 29.6446 23.4127 26.286 23.135 28.5959 20.3262 18.193 18.0984 16.4726 15.2551 14.9873 14.1638 15.3339 16.9032
threshold=-2.8596488812812564 -0.89158257264088336 -1.1161754494776763 1.1433827047388403 -0.00050592999999999992 1.7350773816224707 -1.3729933607760789 -1.8952966709404968 -0.14286791542206598 49.92711370262392 -0.92273256718551322 1.4830687766583472 0.57189617080130917 -1.3500114310587403 1.0000000180025095e-35 2.4564680653370314 0.94550967251512097 -0.69314399535915938 -0.22111688441346436 -0.11074257366783928 0.51842462874917372 0.68216756053175243 -0.55494558668435423 2.1287562355194471 -1.0000000180025095e-35 0.81914338643866746 3339784.2500076299 -1.0000000180025095e-35 -0.00058190999999999994 36.986301369863163
decision_type=2 2 2 2 2 2 2 2 2 2 2 2 2 2 2 2 2 2 2 2 2 2 2 2 2 2 2 2 2 2
left_child=4 3 -3 -2 5 6 -1 -8 -5 -9 -11 12 13 -4 15 16 -15 -16 -19 23 27 22 -17 -20 -24 -26 -22 28 -21 -30
right_child=1 2 11 8 -6 -7 7 9 -10 10 -12 -13 -14 14 17 21 -18 18 19 20 26 -23 24 -25 25 -27 -28 -29 29 -31
leaf_value=0.00014319300057678776 -0.022544341829199371 0.014384507152544392 -0.020195811173809444 0.090222858363837408 -0.0037619592998212482 -0.014361379123110449 0.13177478251400129 0.030007700638569904 0.0014635429469592477 0.12586065985994968 -0.023355119238885638 0.051742608728858441 -0.01753604083907714 -0.0013596125731123842 -0.0095021097828266888 0.086383186940245424 -0.042154614153938424 0.080769055319138305 -0.015820762044001194 -0.0052415522306439692 -0.016996510497370974 0.13920001062303886 -0.048980686413269525 0.11542181590812371 0.17304800528171937 -0.027585186562113756 0.13311121494165576 -0.038558213911203149 0.055725649403658886 0.13643106677763986
leaf_weight=27.946354098618031 198.68106928095222 185.64526329562068 96.035663791000843 5.257787223905324 82.684508971869946 24.801124840974808 5.1224977225065222 70.83742911554873 46.990747597068548 8.5257093086838704 2.5531270727515212 11.288095533847807 161.53617084026337 218.54457265138626 53.097965262830257 7.8942480199039045 55.928106375038624 21.286825262010098 41.214118167757988 4.4929062165319946 19.357884500175718 5.0443255081772795 8.6069265641272086 2.8056364059448233 1.9602247662842232 1.8337327055633066 1.8191306330263604 2.7438011169433585 13.400895539671184 12.576884131878613
leaf_count=289 3041 1763 1555 47 890 280 37 630 600 56 19 143 2507 2951 665 57 986 211 482 38 237 50 128 23 22 25 16 29 81 95
internal_value=-0.000409457 -0.00316145 0.000228304 -0.0156856 0.0141631 0.0247659 0.0332052 0.0438208 0.0103954 0.0383207 0.0914738 -0.00331606 -0.00416723 -0.000369516 0.00365926 -0.00468162 -0.00967223 0.0181312 0.0303893 0.019492 0.0413012 0.0493758 0.0270501 -0.0074559 -0.0107205 0.076076 -0.00410208 0.0702496 0.0800475 0.0947984
internal_weight=1400.51 1178.04 927.113 250.93 222.471 139.786 114.985 87.0388 52.2485 81.9163 11.0788 741.468 730.18 568.644 472.608 299.812 274.473 172.796 119.698 98.4113 54.3915 25.3395 20.2951 44.0198 12.4009 3.79396 21.177 33.2145 30.4707 25.9778
internal_count=17953 15752 12064 3688 2201 1311 1031 742 647 705 75 10301 10158 7651 6096 4219 3937 1877 1212 1001 496 282 232 505 175 47 253 243 214 176
is_linear=0
shrinkage=0.05


Tree=26
num_leaves=31
num_cat=0
split_feature=13 14 5 9 15 9 3 15 13 16 15 3 3 2 16 2 13 10 8 14 10 9 5 15 4 12 9 10 3 7
split_gain=20.6931 21.7081 22.4733 19.7024 18.2394 15.2401 17.0295 16.9266 15.8877 14.8943 12.916 30.9622 20.9546 24.5405 22.997 34.1706 31.1712 52.0127 16.1757 14.8813 25.4244 38.7413 46.8329 13.5003 15.2082 26.2279 12.4451 12.3635 16.2067 11.9318
threshold=-0.18925762707083449 0.35408354505991263 2.1980676328506177 -0.13060848313094262 1.4577035253119688 -0.35933197297208858 -2.7063073061533243 0.80907309808565964 1.4947177989383629 -0.00075789499999999986 0.75250020398031559 -4.7652570898807802 1.8110210253846244 1.1657346781116844 -1.0000000180025095e-35 0.89973159039368822 1.7338819016011111 -1.0000000180025095e-35 -0.50614988354372958 -2.3265227023050339 -0.20869804387209256 -0.69939526144100472 49.99999999999978 1.5882629514381177 33.333333333333364 199.59700000006708 -0.095550946760906183 2.1840060467916547 3.9392806919678085 0.97580101038705791
decision_type=2 2 2 2 2 2 2 2 2 2 2 2 2 2 2 2 2 2 2 2 2 2 2 2 2 2 2 2 2 2
left_child=9 10 4 -4 5 6 7 -3 -7 -1 11 -2 14 -14 23 16 -16 -18 -15 20 -13 22 -22 24 25 -12 -5 -21 -29 -8
right_child=1 2 3 26 -6 8 29 -9 -10 -11 12 19 13 18 15 -17 17 -19 -20 27 21 -23 -24 -25 -26 -27 -28 28 -30 -31
leaf_value=-0.029751900109048969 0.13337122771089308 0.021167325572174607 -0.021428138878507148 0.11635878550985619 -0.023557679106099079 0.085004216123536314 -0.022859129133748345 0.15341404490334087 -0.011729094411608116 0.0062124403273687168 0.01142631746735197 -0.04760138609595331 0.21681947583232059 0.16409655227017539 -0.0244082334884641 0.25582243649731207 -0.052766285381583233 0.4173089398334372 -0.016566876330585859 -0.033768129379242319 -0.054428391291930792 -0.025781309323789095 0.26677068508302904 -0.043340871970481858 -0.019973093845809583 0.21374131627929477 0.0055717152665100515 0.00014967443135357821 0.19903741256402974 0.080366887336005652
leaf_weight=29.909176664426923 3.0775168463587752 6.8176445215940422 107.95398405194283 2.5902009792625895 15.15251526981592 21.524769939482216 20.026876311749227 3.750715721398592 5.287421576678752 768.19566015154123 7.4232278652489168 8.8847452029585856 2.1789085380732995 1.6063239984214304 8.7104828581213933 1.7701209820806969 1.1850524432957175 1.1688854880630959 5.4177760742604733 173.79775373265147 1.6665325947105882 5.5063167288899404 3.5572235099971294 33.959402304142714 23.507612865418196 2.0427808463573456 118.71020967885852 7.3835521787404996 1.1892596893012521 3.2543269246816626
leaf_count=376 27 67 1670 31 175 137 263 31 39 8515 97 160 20 25 162 26 24 21 90 3003 26 104 39 595 397 27 1626 126 21 33
internal_value=-0.000407298 -0.00743044 0.0019135 -0.00589058 0.0255122 0.0377692 0.0154645 0.0681017 0.0659282 0.00486467 -0.0171251 -0.0240277 -0.00121559 0.0702234 -0.00945771 0.0518511 0.0192191 0.180657 0.0247486 -0.0264259 0.0149566 0.066756 0.164299 -0.0212138 0.00157481 0.0550862 0.00793742 -0.0308768 0.0277403 -0.00842984
internal_weight=1397.21 599.102 305.069 229.254 75.8143 60.6618 33.8496 10.5684 26.8122 798.105 294.033 205.063 88.9706 9.20301 79.7676 12.8345 11.0644 2.35394 7.0241 201.985 19.6148 10.7301 5.22376 66.933 32.9736 9.46601 121.3 182.371 8.57281 23.2812
internal_count=17953 9062 4072 3327 745 570 394 98 176 8891 4990 3506 1484 135 1349 233 207 45 115 3479 329 169 65 1116 521 124 1657 3150 147 296
is_linear=0
shrinkage=0.05


Tree=27
num_leaves=31
num_cat=0
split_feature=4 12 1 12 14 3 15 5 3 16 2 14 13 1 3 0 4 5 15 2 15 13 8 1 14 1 8 13 1 0
split_gain=19.4052 13.5866 15.5654 15.7969 14.4585 27.1365 57.4051 23.9011 21.7319 21.6068 21.3819 23.9347 20.8447 19.5046 24.5503 19.1543 34.7729 23.7062 15.5333 21.3682 22.8863 15.4608 15.3468 14.4965 12.9881 32.9423 12.6363 12.2932 12.2375 11.8166
threshold=1.0000000180025095e-35 -542.76699999999244 -2.068497744930029 -30.97100000013597 -0.043478169534697644 0.31673358976324595 -0.4427939960162412 56.903560414914686 -1.1366403974794983 -0.00044114499999999994 1.7076192442455909 -2.3871623731602534 0.3456985387787635 0.76143074409465961 6.3332076912026203 1.0000000180025095e-35 99.999985783507185 91.415643180347999 -0.2170119737503948 0.093794537766329039 0.89289971015864056 -2.3937235826605949 2.3440864069370857 -0.16193097841639645 -2.3871623731602534 0.23280158609087673 1.9199334917521336 -0.84792913566833683 -1611.4664513899866 -1.0000000180025095e-35
decision_type=2 2 2 2 2 2 2 2 2 2 2 2 2 2 2 2 2 2 2 2 2 2 2 2 2 2 2 2 2 2
left_child=28 -2 3 -3 5 8 -7 9 22 18 11 -9 15 14 21 17 -17 -12 -8 23 -21 -6 24 -20 25 -4 -19 -22 -1 -23
right_child=1 2 4 -5 13 6 7 10 -10 -11 12 -13 -14 -15 -16 16 -18 26 19 20 27 29 -24 -25 -26 -27 -28 -29 -30 -31
leaf_value=-0.051983030068260029 -0.021912718610800411 0.10705156250988451 -0.00028062993823092732 -0.012333958955244832 0.15248524952158993 -0.024559391925519779 0.18928950993536051 0.1393955209401033 -0.034292527928158012 0.0030792131315249081 0.18086054400900131 -0.01857561761840058 -0.036268626217749927 -0.01834642750653551 0.18032238807286788 0.017792604861767172 0.26041756649315723 -0.011023938183540903 0.086506420229421788 -0.012689392727413543 0.19485776966841231 -0.0010474197974146137 0.14008844613705385 0.22758844629139571 -0.011459510951248014 0.23944444465860606 0.11884746555090389 0.054819659896418953 0.013206993591380068 0.015069864258627164
leaf_weight=7.3971694484353057 90.505292676389217 6.5465476028621197 6.4091521017253381 4.804181903600691 1.8034416735172261 89.594344414770603 3.2054166197776821 2.5469486638903609 127.41889342665672 11.118386235088108 2.5136229619383856 40.945855177938938 5.8241035863757125 89.489821527153254 2.0371669381856909 2.7782466001808634 3.1523930504918098 10.274388115853069 4.8042145222425461 9.1454859748482686 2.5735251419246197 267.52956283465028 1.7877684496343125 2.9320209547877338 123.40865816175938 1.8457766585052011 2.2905391640961179 4.0075705572962752 268.71091574802995 197.80883316323161
leaf_count=213 1394 56 102 44 10 1399 28 31 2083 149 30 647 100 1279 13 40 32 138 46 107 24 3785 24 22 1803 20 28 45 2069 2192
internal_value=-0.00041098 -0.00333994 -0.00170574 0.0565218 -0.00235546 -0.00893491 0.00503655 0.0295631 -0.0195235 0.0616353 0.0123305 -0.00932479 0.0474304 0.00304521 0.00712539 0.0706332 0.146758 0.040692 0.0860483 0.0719438 0.0384772 0.00637009 -0.00542216 0.139976 -0.00739795 0.0533212 0.0126511 0.109581 0.0114605 0.00580381
internal_weight=1395.21 1119.1 1028.6 11.3507 1017.25 458.577 197.707 108.113 260.87 37.7866 70.3261 43.4928 26.8333 558.669 469.179 21.0092 5.93064 15.0786 26.6682 23.4628 15.7266 467.142 133.451 7.73624 131.664 8.25493 12.5649 6.5811 276.108 465.338
internal_count=17953 15671 14277 100 14177 6898 2866 1467 4032 421 1046 678 368 7279 6000 268 72 196 272 244 176 5987 1949 68 1925 122 166 69 2282 5977
is_linear=0
shrinkage=0.05


Tree=28
num_leaves=31
num_cat=0
split_feature=13 5 15 0 3 1 15 3 1 1 15 15 3 1 15 14 9 10 3 8 3 3 4 14 8 15 3 12 10 3
split_gain=18.6276 16.5205 21.8328 16.0718 15.8378 16.2726 19.4769 15.6475 21.0253 19.5669 18.315 14.5594 14.8972 15.6273 14.1193 15.6702 17.5643 13.8532 13.4273 13.0679 13.0011 12.8505 12.7177 16.2235 12.6646 13.2455 12.66 15.397 12.3904 13.777
threshold=0.69153395322184519 1.0000000180025095e-35 1.7350773816224707 -1.0000000180025095e-35 -2.5218316997855492 -0.34632687943827084 2.555309651982578 0.069374819757812276 -0.14889023327808215 -0.40134929660276841 -2.124795229500259 -0.64695160059876977 3.8138044004716192 -0.095747460496940481 2.0905528138425677 -2.3265227023050339 -0.58692109131790737 2.819186917013619 0.31673358976324595 0.17319889532811644 4.1340168295903919 1.5986439235790693 99.999986750001781 1.8141912750666835 0.23745070226544843 -2.3283121812927261 2.7875482232171973 74.780999999959036 -0.89158257264088336 2.7875482232171973
decision_type=2 2 2 2 2 2 2 2 2 2 2 2 2 2 2 2 2 2 2 2 2 2 2 2 2 2 2 2 2 2
left_child=1 11 20 4 5 6 -2 10 9 -9 -5 -1 13 -13 15 16 -10 -4 -17 -15 28 -20 -6 -24 25 -23 27 -27 29 -3
right_child=3 2 17 7 22 -7 -8 8 14 -11 -12 12 -14 19 -16 18 -18 -19 21 -21 -22 24 23 -25 -26 26 -28 -29 -30 -31
leaf_value=-0.0039262571105809141 -0.020378658543704586 -0.017053583992568577 -0.032222632227353692 0.15488683162517622 -0.031728867793228394 0.10190026106609676 0.16087828210618352 0.0014610283052173688 0.16414876592006203 0.095601149832716711 -0.026743218419450199 0.014465464304292902 -0.055845039587666546 0.019430189611594248 0.1043885394261809 0.10399723917940476 -0.05319165650707347 0.077616672259102154 -0.049432826649159593 0.075754742476078551 0.030075842316495766 0.14507013001186253 -0.037547110233573613 0.12898677791401295 -0.019607233126288471 0.012819232587859972 -0.054319075745677903 0.19571033506082408 0.0032621186058482904 0.058172725630317203
leaf_weight=105.77916579134762 16.826700430363424 133.17400663718581 69.427901417016983 1.429044447839259 132.59722832590342 4.4715168029069892 1.625219527631997 9.6607470028102416 2.6865945346653461 12.876821052283047 48.257749766111374 196.73712156899273 6.5960985273122779 20.074600756168365 3.0602104589343062 2.3960880897939196 1.4214116036891926 2.9944218881428233 19.816413171589375 21.145013064146042 36.881823781877756 2.4915794916450968 3.0020740777254096 2.8515810146927834 25.794507246464491 4.2472193874418718 3.8671964034438133 1.5784589648246763 492.54230594262481 6.3777863867580882
leaf_count=985 230 2044 1039 21 2532 37 24 108 24 112 779 1796 108 136 31 28 26 35 295 117 344 30 44 19 368 50 55 17 6448 71
internal_value=-0.000411582 0.00262453 -0.0016035 -0.0114251 -0.0221712 0.0163242 -0.0044138 0.000998505 0.0134443 0.0552479 -0.0215193 0.0115722 0.0182759 0.0203305 -0.000542621 -0.00553662 0.0889468 -0.0276811 -0.011985 0.0483238 0.00121963 -0.0167934 -0.0285449 0.0435791 0.000236951 0.0422471 0.0158162 0.0623733 -0.000464091 -0.0136156
internal_weight=1392.69 1091.73 741.398 300.958 161.374 22.9234 18.4519 139.584 89.8972 22.5376 49.6868 350.332 244.553 237.957 67.3597 64.2995 4.10801 72.4223 60.1915 41.2196 668.976 57.7954 138.451 5.85366 37.979 12.1845 9.69287 5.82568 632.094 139.552
internal_count=17953 13123 9981 4830 2886 291 254 1944 1144 220 800 3142 2157 2049 924 893 50 1074 843 253 8907 815 2595 63 520 152 122 67 8563 2115
is_linear=0
shrinkage=0.05


Tree=29
num_leaves=31
num_cat=0
split_feature=3 10 3 16 15 13 14 1 1 3 15 2 13 4 16 10 13 13 9 0 1 6 1 14 0 3 13 3 10 9
split_gain=17.5665 16.579 15.7257 15.1075 15.3226 14.8862 13.7316 28.1969 12.4093 11.6491 11.5484 21.6537 20.631 15.6145 13.0719 13.0708 14.9287 16.5011 12.8989 27.0141 13.4634 11.4902 13.1472 15.6329 17.5264 32.991 26.7679 19.4787 21.9063 19.9028
threshold=-2.8596488812812564 -0.89158257264088336 1.1433827047388403 -0.00030072999999999998 2.0504001166934311 -1.1686524859041307 2.0463059658233251 -0.10231269349792259 -0.14286791542206598 -6520647.096667219 0.46133714410846555 -2.9967796874044272 -1.6977088205247113 42.857142857142883 -0.00077949999999999992 -2.0004376403808353 -0.049643851380377267 -1.0681413776171664 -1.3685858159593807 -1.0000000180025095e-35 -1.1478210074029251 1.4830687766583472 0.57189617080130917 -1.3632296772549959 1.0000000180025095e-35 2.4564680653370314 1.0740619642674585 -0.69314399535915938 -0.20869804387209256 -0.11074257366783928
decision_type=2 2 2 2 2 2 2 2 2 2 2 2 2 2 2 2 2 2 2 2 2 2 2 2 2 2 2 2 2 2
left_child=3 2 -2 4 6 -3 9 -8 -4 -1 11 15 -12 -13 -14 -11 17 -17 20 -20 -16 22 23 -7 25 26 -25 -26 -29 -30
right_child=1 5 8 -5 -6 21 7 -9 -10 10 12 13 14 -15 18 16 -18 -19 19 -21 -22 -23 -24 24 27 -27 -28 28 29 -31
leaf_value=-0.05203832875230046 -0.021152152377385061 0.013481134552631481 0.080402663597103172 -0.02661170902153694 -0.02659164532627056 -0.01887020184862542 0.033658432661167602 0.1869220647554688 0.0013890645167604207 -0.027092740499983999 -0.051652202644458259 -0.02894560425829136 -0.044577493548568353 0.046546070372311101 0.045920747861294749 0.070904974701090945 0.14879906906764553 -0.016228551427078335 0.064689826438104059 -0.018937025915679254 0.12320233993198666 0.046087533002757718 -0.016313640731726038 -0.002046369595383778 -0.0090004319035332323 0.048408575701112649 -0.04377383114525546 0.070219119782837944 -0.0083022592921971807 0.036461057267860121
leaf_weight=6.0857607033103696 190.85643717646599 171.35042779147625 5.5588781870901576 22.395976033061743 18.604161459952593 93.249483272433281 19.874389205127958 3.5347139388322821 46.841349568217993 6.4634740501642218 6.5952526777982703 39.812650743871927 4.1853746436536303 8.2730349935591203 14.595610514283182 14.226543698459865 3.475670691579583 8.7911458835005742 22.724870406091213 16.793143633753061 9.1803519763052446 11.803753003478048 160.13866803050041 232.04396510124207 54.506821796298027 27.544618524610996 46.062869880348444 23.590022627264261 44.477141749113798 56.219804558902979
leaf_count=183 3041 1581 47 315 248 1545 168 23 600 70 41 404 45 67 115 74 27 74 147 134 66 144 2544 3158 689 290 879 221 514 499
internal_value=-0.000406708 -0.00288121 -0.0144909 0.0123626 0.0166579 0.000185215 0.0210164 0.0568008 0.00977122 0.0158199 0.0184822 0.00543918 0.0327522 -0.0159574 0.0410016 0.0366579 0.0522109 0.0376261 0.0466606 0.0291527 0.0757606 -0.00285394 -0.0036369 -0.000122865 0.00348576 -0.00378798 -0.00895769 0.0159203 0.0268495 0.0166894
internal_weight=1389.86 1164.24 243.257 225.612 203.216 920.988 184.612 23.4091 52.4002 161.203 155.117 81.0425 74.0746 48.0857 67.4794 32.9568 26.4934 23.0177 63.294 39.518 23.776 749.637 737.833 577.695 484.445 305.651 278.107 178.794 124.287 100.697
internal_count=17953 15752 3688 2201 1886 12064 1638 191 647 1447 1264 716 548 471 507 245 175 148 462 281 181 10483 10339 7795 6250 4327 4037 1923 1234 1013
is_linear=0
shrinkage=0.05


Tree=30
num_leaves=31
num_cat=0
split_feature=5 3 2 15 2 1 4 1 3 13 5 14 2 1 0 3 14 10 4 13 15 3 6 14 9 13 15 3 13 15
split_gain=16.0068 14.8606 21.3747 20.9583 25.3912 33.5881 16.3816 22.4268 24.7321 22.5102 20.3542 18.2518 15.2649 17.4961 18.5995 15.0497 14.6512 25.9136 25.5217 20.832 18.9638 14.5177 15.7781 13.6693 13.4186 19.7649 13.8838 18.9623 12.8156 17.294
threshold=1.0000000180025095e-35 1.8110210253846244 -0.10437520847073674 -1.1623673808476975 0.95376105116230236 0.27158958725749754 76.923076923077176 -0.01146466789443226 1.0045439503380622 -1.3937926416718198 99.729729729729783 -0.3793046703587149 0.45944383113126996 -0.064999876171342216 1.0000000180025095e-35 2.4564680653370314 1.5861893401856995 1.0190381535359596 14.478221415607559 -0.94043976042189603 2.0504001166934311 -1.8045168976027439 -0.28744259271689282 1.836975764279327 -1.0955385469247936 -1.008780734451667 1.0000000180025095e-35 -0.50143497037558216 0.54184307622674033 0.71573413650986839
decision_type=2 2 2 2 2 2 2 2 2 2 2 2 2 2 2 2 2 2 2 2 2 2 2 2 2 2 2 2 2 2
left_child=-1 6 -3 -4 5 28 7 8 9 10 11 -2 13 14 -10 -6 24 18 -18 -19 23 -13 -23 -21 25 26 27 -9 -5 -30
right_child=1 2 3 4 15 -7 -8 16 12 -11 -12 21 -14 -15 -16 -17 17 19 -20 20 -22 22 -24 -25 -26 -27 -28 -29 29 -31
leaf_value=0.007977117920163106 -0.015878324042760541 0.13932064376693651 -0.016036443757145653 0.013055356627084416 -0.0189649999830846 0.20459520645718793 0.021199123013104948 -0.032718419541683995 -0.014156524729528542 -0.0096259566596374659 0.14217476953816599 -0.0072544283718874647 -0.037876126041351856 0.16082055276562335 0.066935329954134759 0.018543364720022684 0.15276953696951875 0.174988132045755 -0.030408225410662328 0.093347382023208622 0.17647777322163602 0.031345714126486117 0.16271095736520383 -0.034255153141578669 -0.028865557372876872 -0.019024200552849761 -0.0022866998706595866 0.14040838762667468 0.0041030536195583054 0.18294008052660651
leaf_weight=403.87581075541675 16.733059871941808 3.0235279761254779 75.511644639074802 13.938526604324585 37.814706701785326 3.6104612909257403 47.393283870071173 2.1823076754808426 11.047641467303039 303.92781523987651 3.794768624007701 4.9982936568558207 5.8912194222211829 3.187577359378337 19.644835900515318 91.339993301779032 2.0322288274765041 3.1667836196720609 29.568305719643831 2.9817087315022892 1.881129544228316 4.4574583806097499 4.6916124001145354 7.0877310559153557 219.02369395270944 44.645785048604012 7.4565217383205891 5.7460118569433671 2.4360256046056739 3.0373225212097168
leaf_count=3894 182 17 1012 126 550 36 576 26 152 4651 21 54 83 32 145 1115 12 25 494 37 15 45 40 109 3531 775 93 57 27 21
internal_value=-0.00040219 -0.00384754 0.0072523 0.00549854 0.0161844 0.064559 -0.00725503 -0.00917017 -0.00089039 -0.00527145 0.0328958 0.0194669 0.0364089 0.0493259 0.0377466 0.00756144 -0.0187869 0.00712818 -0.0186281 0.0609677 0.0307534 0.0612721 0.0987094 0.00352983 -0.0231254 -0.00218246 0.0466911 0.0927544 0.0385133 0.103345
internal_weight=1386.13 982.252 230.712 227.689 152.177 23.0223 751.54 704.146 378.374 338.603 34.6752 30.8804 39.7713 33.8801 30.6925 129.155 325.772 46.7179 31.6005 15.1174 11.9506 14.1474 9.14907 10.0694 279.054 60.0306 15.3848 7.92832 19.4119 5.47335
internal_count=17953 14059 2904 2887 1875 210 11155 10579 5405 4993 342 321 412 329 297 1665 5174 692 506 186 161 139 85 146 4482 951 176 83 174 48
is_linear=0
shrinkage=0.05


Tree=31
num_leaves=31
num_cat=0
split_feature=13 16 14 3 15 15 14 15 3 16 9 3 13 10 3 14 3 2 11 3 5 10 5 2 0 13 9 15 10 16
split_gain=15.5406 14.3632 14.2133 17.9525 14.1245 18.0766 15.6394 25.5025 15.4497 17.3695 15.4404 15.7242 15.4213 18.0118 15.3964 17.0982 14.9895 32.9047 15.5106 14.3851 15.7777 14.0297 17.9059 55.2205 16.6681 13.5565 13.3914 14.6113 34.6522 16.4798
threshold=0.69153395322184519 -0.00077949999999999992 0.0607526482329055 -4.7652570898807802 -0.92276765044522768 1.9857881265968707 -2.2240077775223943 -1.9198186913346353 -2.9214329127188052 -0.00030072999999999998 -2.4364558510825476 -6520647.096667219 -1.0202844898155998 0.2681765758941686 7.9305415953589984 0.50817970939782608 -1.6028580152623981 0.25275725134852051 2835299.9000091557 2.6699531067327178 49.999999999999325 -0.97401633555476763 50.000000000000654 0.63929877701532289 -1.0000000180025095e-35 -1.3937926416718198 -1.591175614800181 -1.8952966709404968 0.60276149508486421 -0.00014821999999999999
decision_type=2 2 2 2 2 2 2 2 2 2 2 2 2 2 2 2 2 2 2 2 2 2 2 2 2 2 2 2 2 2
left_child=1 -1 3 -2 6 8 7 -3 9 10 -6 -12 13 -8 15 -14 -17 -18 -19 21 -21 -10 23 -23 -25 -7 -4 28 29 -28
right_child=2 4 26 -5 5 25 12 -9 19 -11 11 -13 14 -15 -16 16 17 18 -20 20 -22 22 -24 24 -26 -27 27 -29 -30 -31
leaf_value=-0.030090298134516236 0.15187539823344759 0.16249117845484479 -0.036269864444642384 -0.025875560656201915 -0.032703025982520374 0.060345340703496023 0.031991294372780747 -0.0094733782010449925 -0.013021125728314318 -0.032339029202422584 -0.052022986696595989 0.038906428208221509 -0.031862356422395641 -0.015519200630312403 0.12111859019747635 -0.048549813428767484 0.04401748851433579 -0.039962799219404446 0.056550003690938024 -0.038309542678805791 0.038047516832449245 0.009151824986319633 -0.0060515760334778103 0.13144725073367169 0.0099966462507310918 -0.027348270609644978 0.072051130004813377 -0.0037817648901472579 -0.011214216280262448 0.22514040557159831
leaf_weight=33.085032634437084 1.4375996999442566 3.5574197098612785 23.751801546663046 119.43746671453118 9.1201357915997487 4.8051443696022025 42.451515223830938 5.4727457761764509 110.96711295098066 12.344374075531958 4.9724611546844235 108.44531223550439 100.979717168957 37.63383131660521 2.0065319389104834 13.752945333719252 33.295497581362724 28.871958192437887 4.8643055595457545 7.7452359497547141 53.469159379601479 240.62220871821046 161.84620095416903 12.640830643475057 3.6381167992949477 53.198098719120026 10.968286603689192 118.43569238111377 17.36493182554841 2.0934630744159248
leaf_count=456 18 31 379 2297 88 45 401 81 1611 168 153 760 1482 344 11 169 311 375 59 119 548 2740 2286 96 38 751 126 1761 226 23
internal_value=-0.000400259 0.00235001 -0.0106126 -0.0237615 0.00336571 0.00677658 -0.00643137 0.0582718 0.00892311 0.024192 0.0298869 0.0349199 -0.00864576 0.00966509 -0.0166254 -0.018146 -0.00100077 0.0087549 -0.026047 0.0054379 0.0283863 0.00278596 0.0069748 0.0151813 0.104305 -0.0200835 -0.00140489 0.00415801 0.0350635 0.0965874
internal_weight=1383.28 1089.79 293.489 120.875 1056.7 783.814 272.886 9.03017 725.811 134.882 122.538 113.418 263.856 80.0853 183.771 181.764 80.7847 67.0318 33.7363 590.929 61.2144 529.714 418.747 256.901 16.2789 58.0032 172.614 148.862 30.4267 13.0617
internal_count=17953 13123 4830 2315 12667 9403 3264 112 8607 1169 1001 913 3152 745 2407 2396 914 745 434 7438 667 6771 5160 2874 134 796 2515 2136 375 149
is_linear=0
shrinkage=0.05


Tree=32
num_leaves=31
num_cat=0
split_feature=12 1 14 5 13 2 13 14 14 3 3 0 6 14 15 2 16 11 1 3 15 4 2 15 9 16 9 3 1 14
split_gain=14.8395 17.3748 17.3275 25.457 18.0916 39.1914 16.9907 19.154 14.6335 16.895 14.8936 14.2663 13.9823 13.9363 13.1216 23.0051 12.0975 16.6892 12.0443 11.952 21.4086 11.8353 12.1495 15.7301 19.8087 30.4367 16.9805 18.9255 11.7185 18.8763
threshold=-320.31249999999994 0.074964776496768637 -1.2588801158655734 84.650034650035465 -1.0202844898155998 -0.63662804741375301 -0.94975358415364419 1.887431366268099 -2.3871623731602534 -1.8858295923848896 1.9326579569929436 1.0000000180025095e-35 0.35112352377827671 -1.3937772196178586 -1.1623673808476975 0.97490998578806309 -0.00040226499999999996 -1670281.699996948 0.2805575888915991 1.1677182319473876 -0.4427939960162412 76.923076923077176 0.37462105195186268 0.27451943778391585 0.39377129477466716 -0.00056297999999999993 0.71533435813810831 0.98221674610884058 0.34244122823641537 2.0786319698400706
decision_type=2 2 2 2 2 2 2 2 2 2 2 2 2 2 2 2 2 2 2 2 2 2 2 2 2 2 2 2 2 2
left_child=-1 2 4 16 5 13 -5 -8 9 -3 21 -11 -13 -2 -12 18 17 -4 -16 -6 -21 -10 -23 -24 -25 -26 -27 -28 29 -17
right_child=1 8 3 6 19 -7 7 -9 10 11 14 12 -14 -15 15 28 -18 -19 -20 20 -22 22 23 24 25 26 27 -29 -30 -31
leaf_value=-0.012934671102227303 0.073090058738986816 0.16519577979983521 -0.0064997392876949408 0.088890400910969947 -0.029946612574374743 -0.034498551885634741 -0.030081995330807354 0.14946968027611884 -0.018486444655590028 -0.021095543642453599 -0.018252607218572952 0.160731736064814 -0.025369585787286809 -0.033234415680955809 0.036569338830394503 0.027433885165734848 -0.003875616836237153 0.017853261824375428 0.18452756082776042 -0.03723844909273568 0.11119134837167687 0.11055701655175527 -0.036092138241114111 -0.017929173387044094 -0.030590916122922768 0.25654260619176267 -0.012802443925883915 0.19285379501991767 0.001531067470414446 0.18995515434125165
leaf_weight=201.55562152899802 21.452410763129595 2.3839636035263547 90.201935863122344 16.648119732737545 76.605968121439219 21.250089138746262 7.6099075414240342 1.8455429449677465 243.92060307227075 7.7477606013417208 44.190307315438986 2.739121351391077 1.5981915928423402 3.598941044881939 2.6442015543580046 15.061030045151712 155.75694194622338 319.67619153670967 2.8665424957871437 5.478289932012558 4.3649492934346181 2.8527811281383029 14.841808494180439 10.437340885400774 3.9827471524477005 2.2324109524488431 2.2884701117873192 2.1884680688381195 89.588282410055399 2.0271079763770095
leaf_count=2898 170 15 1074 98 1229 218 86 13 4001 142 617 31 22 49 29 137 1995 3250 25 82 39 26 182 136 50 24 26 22 1244 23
internal_value=-0.000397844 0.00174706 0.00655167 0.0102142 -0.00977393 0.0154477 0.0584897 0.00496343 -0.00592701 0.0435479 -0.0075572 0.019551 0.092158 0.0578152 0.00482469 0.0139148 0.00798628 0.0124939 0.113533 -0.0232824 0.0285822 -0.0144052 0.0112358 0.00335889 0.0310702 0.0789021 0.143898 0.0877288 0.00876865 0.0467132
internal_weight=1379.64 1178.08 724.489 591.739 132.751 46.3014 26.1036 9.45545 453.591 14.469 439.122 12.0851 4.33731 25.0514 156.377 112.187 565.635 409.878 5.51074 86.4492 9.84324 282.745 38.824 35.9712 21.1294 10.6921 6.70935 4.47694 106.676 17.0881
internal_count=17953 15055 8303 6516 1787 437 197 99 6752 210 6542 195 53 219 2075 1458 6319 4324 54 1350 121 4467 466 440 258 122 72 48 1404 160
is_linear=0
shrinkage=0.05


Tree=33
num_leaves=31
num_cat=0
split_feature=12 3 14 1 14 0 3 2 13 2 11 11 13 13 4 9 15 3 3 14 1 0 14 15 9 14 13 16 15 16
split_gain=13.7855 15.9824 16.6382 19.8372 13.3803 21.5619 24.2348 35.9631 21.6999 17.1514 27.2248 29.6576 19.158 24.6715 16.5188 15.8455 18.2969 16.289 15.6571 26.1754 20.0625 15.2843 17.9126 15.9072 31.291 26.0006 17.8318 28.412 17.2925 15.4841
threshold=-542.76699999999244 -2.9214329127188052 2.0463059658233251 -0.10231269349792259 -1.3632296772549959 1.0000000180025095e-35 -0.78174878611753362 0.36265990581700741 1.1028287047498269 -0.72446731168830369 -269435.45000076288 897353.70000076306 -0.85776087579766525 -1.1280584153397268 33.333333333333243 0.4577280086530256 -1.1965476245477766 0.84939046587167077 3.3044357864369842 0.1442032891010617 0.84018833306543894 -1.0000000180025095e-35 -2.6197971490192526 0.80907309808565964 -0.13060848313094262 -1.5192656117963719 -0.3247939097856915 -1.0000000180025095e-35 1.3428387586618828 -0.00041389999999999992
decision_type=2 2 2 2 2 2 2 2 2 2 2 2 2 2 2 2 2 2 2 2 2 2 2 2 2 2 2 2 2 2
left_child=-1 2 -2 -4 21 8 9 15 18 -7 -11 12 13 14 -12 -8 -17 -18 20 -20 -6 23 -23 29 -25 26 28 -28 -26 -3
right_child=1 4 3 -5 5 6 7 -9 -10 10 11 -13 -14 -15 -16 16 17 -19 19 -21 -22 22 -24 24 25 -27 27 -29 -30 -31
leaf_value=-0.017629462723667937 0.0084296115860611458 0.0061608091991294314 0.032164566363588373 0.14916515630554553 -0.00038219076404100258 -0.029219205195899441 0.027656458930332323 0.0016985341294452694 -0.028861835754809426 -0.04975132232844922 0.15813530836711642 -0.026070648968165213 0.030296934284671773 0.2819079002259699 -0.028963340609748173 0.021260295709891734 0.076964178892523827 0.19224787144043012 0.04994822838202255 -0.024123142340362464 -0.036250577513026475 0.039172663216490863 -0.038643655970842433 -0.046290036986374419 0.25212405618389555 -0.053735151545790283 -0.053585589944578127 0.20385917386776853 0.078926671812998686 -0.042576956363915175
leaf_weight=107.00527426041663 160.55586700700223 45.195316560566425 22.658473458141092 4.31228332966566 420.3225811868906 51.75685266032815 72.498321752995253 125.23064315319061 79.209238033741713 10.320266786962746 3.04703339189291 8.2652569934725744 6.3501556664705312 2.3637260347604734 1.9250297471880911 13.038700714707373 18.873481106013063 3.6579366773366919 35.280253257602453 18.01844098046422 42.97082681581378 8.2703485749661905 69.896440409123898 7.0086206756532219 3.360209871083498 2.6974768862128231 2.7761967442929745 1.7455297857522962 2.5234788358211517 25.4863072745502
leaf_count=1587 1532 650 194 26 5585 631 730 1562 1502 155 17 120 82 29 24 87 130 21 318 228 713 113 1164 126 31 49 52 29 26 440
internal_value=-0.000394639 0.00105794 0.0145338 0.0508715 -0.00127743 0.00111422 0.0116422 0.0199348 -0.00449304 -0.0113818 0.0172259 0.0487149 0.0938796 0.148919 0.0856965 0.0410672 0.0684006 0.0956803 -0.000756566 0.0249073 -0.00370901 -0.0142029 -0.0304104 -0.000249255 0.0389856 0.0845988 0.12046 0.0457963 0.177841 -0.011413
internal_weight=1376.62 1269.62 187.527 26.9708 1082.09 913.129 317.327 233.299 595.801 84.0283 32.2715 21.9512 13.6859 7.33579 4.97206 108.068 35.5701 22.5314 516.592 53.2987 463.293 168.96 78.1668 90.7931 20.1115 13.1029 10.4054 4.52173 5.88369 70.6816
internal_count=17953 16366 1752 220 14614 11934 3588 2530 8346 1058 427 272 152 70 41 968 238 151 6844 546 6298 2680 1277 1403 313 187 138 81 57 1090
is_linear=0
shrinkage=0.05


Tree=34
num_leaves=31
num_cat=0
split_feature=13 14 3 16 15 15 0 1 5 2 4 14 3 14 13 14 3 1 10 13 13 3 16 10 9 3 9 15 10 4
split_gain=12.6363 13.1955 15.2148 13.0216 12.7761 16.7335 24.3341 15.2733 17.1919 14.1966 26.8502 23.9052 39.0698 38.9349 16.7411 12.7543 16.3015 17.3784 15.2576 19.6113 13.8271 12.5618 14.5654 13.7245 13.5913 12.7769 12.4526 13.149 29.1003 12.3629
threshold=0.69153395322184519 0.0607526482329055 -4.7652570898807802 -0.00077949999999999992 -0.92276765044522768 1.5882629514381177 -1.0000000180025095e-35 0.34244122823641537 87.5 0.42900609261052641 71.800365387809748 0.8834678517592951 -1.6028580152623981 0.96184459761288166 -1.5722888079922208 -2.2240077775223943 0.48597598883096887 -1.3525216378637295 0.44247787912973829 -0.029084219161615469 -1.0202844898155998 -2.9214329127188052 -0.00030072999999999998 -0.9252923911793417 -2.5007068225906166 -6520647.096667219 -1.591175614800181 -1.8952966709404968 -0.32293069091127907 14.478221415607559
decision_type=2 2 2 2 2 2 2 2 2 2 2 2 2 2 2 2 2 2 2 2 2 2 2 2 2 2 2 2 2 2
left_child=3 2 -2 -1 9 21 7 8 -7 10 11 14 -13 -14 29 -16 17 -17 19 20 -18 22 24 -23 -6 -26 -3 28 -28 -5
right_child=1 26 -4 4 5 6 -8 -9 -10 -11 -12 12 13 -15 15 16 18 -19 -20 -21 -22 23 -24 -25 25 -27 27 -29 -30 -31
leaf_value=-0.029278802792007969 0.13086145073191555 -0.035294809172092066 -0.024808985016937377 0.0841227484024855 -0.034014811990712254 0.013069338924088734 -0.036743161121167531 -0.034399201875626027 0.13311568723356351 -0.022837019356955687 0.12283787463425513 -0.055962133037654432 0.2257658387847187 0.037030518937340981 0.058844100405746641 0.015638830381948486 0.095252675443648946 -0.044180736582266927 -0.023734715147299343 0.16158254750226025 -0.030475418438733994 -0.0090808391024370504 -0.029987187506907577 0.01041548556015574 -0.051990313268587468 0.038484615152800383 0.11069776791479979 -0.0032057875679482681 0.0028854681539644466 -0.013779812224641655
leaf_weight=32.144794879481196 1.5913354605436314 22.743301119655371 115.02902584150434 7.2793839666992408 7.7303219996392718 57.265709741041064 51.733004527166486 16.94139526411891 3.1462541669607154 88.039186373353004 4.4564047195017329 10.839129872620104 2.9574243687093249 35.942541740834713 5.0346933826804152 14.775864230468867 3.4677227176725856 68.092721421271563 14.404383204877375 3.0678754560649422 5.9199899770319453 114.87803205102682 11.227828938513992 421.35638492926955 4.0678359847515813 95.832682207226753 8.7451933994889277 116.84860801696777 22.015354532748461 5.7888712510466576
leaf_count=456 18 379 2297 52 77 667 727 255 37 1181 35 139 26 293 54 161 28 971 148 29 84 1665 154 5044 128 649 93 1761 282 63
internal_value=-0.000394751 -0.00972644 -0.0226848 0.00207024 0.0030261 0.00625627 -0.0101975 0.00755585 0.0193214 -0.00635322 0.00161933 -0.00142283 0.0279876 0.0513794 -0.0128664 -0.0189723 -0.0225427 -0.0335146 0.0113078 0.051833 0.0159672 0.0094985 0.0242049 0.00623877 0.0298581 0.0348006 -0.000855369 0.00445099 0.0335364 0.0407547
internal_weight=1373.36 286.973 116.62 1086.39 1054.25 784.179 129.086 77.3534 60.412 270.066 182.027 177.571 49.7391 38.9 127.832 114.763 109.729 82.8686 26.86 12.4556 9.38771 655.093 118.859 536.234 107.631 99.9005 170.352 147.609 30.7605 13.0683
internal_count=17953 4830 2315 13123 12667 9403 1686 959 704 3264 2083 2048 458 319 1590 1475 1421 1132 289 141 112 7717 1008 6709 854 777 2515 2136 375 115
is_linear=0
shrinkage=0.05


Tree=35
num_leaves=31
num_cat=0
split_feature=12 3 14 1 11 15 14 15 13 2 8 14 0 2 2 1 2 3 1 0 14 13 7 15 3 3 2 14 12 14
split_gain=12.333 12.9103 13.9366 15.7655 12.1296 11.7801 13.5544 15.6279 15.204 14.2717 11.5048 10.7671 22.709 21.2532 28.3899 29.0908 19.4939 18.8404 17.3084 17.3052 17.9675 17.02 16.8397 14.2173 20.5312 14.3429 23.794 20.831 18.8596 14.6313
threshold=-542.76699999999244 -2.9214329127188052 2.0463059658233251 -0.10231269349792259 -3080893.4999999995 1.7350773816224707 0.19882896680303527 0.77764151727009212 -0.70304698872720828 -2.0602118917460461 -0.71053152839088218 -1.3632296772549959 1.0000000180025095e-35 -0.65078952713729776 0.40124740422791511 0.14121829393158797 -0.28531811297139681 3.5829897371807031 0.88185177722451868 -1.0000000180025095e-35 -2.6197971490192526 1.0740619642674585 -0.1429623546268837 -1.3163481704191091 1.1893774964817971 3.3044357864369842 1.6756706200416296 2.0786319698400706 644.00399999995727 -0.44749771065657035
decision_type=2 2 2 2 2 2 2 2 2 2 2 2 2 2 2 2 2 2 2 2 2 2 2 2 2 2 2 2 2 2
left_child=-1 2 5 -4 -3 6 -2 -8 9 -9 -10 19 17 -14 15 16 -15 18 21 22 -21 -13 -6 -16 -25 26 27 -26 29 -28
right_child=1 4 3 -5 11 -7 7 8 10 -11 -12 12 13 14 23 -17 -18 -19 -20 20 -22 -23 -24 24 25 -27 28 -29 -30 -31
leaf_value=-0.016861912041134137 0.025048088164866741 -0.023126290834424398 0.02882425968075061 0.12964915761167492 0.030838843416467338 -0.028505555935030798 -0.025630056024555755 -0.055278389634681839 0.12727712078299686 0.065951560711185089 0.012640551991020339 0.00013394787163675072 -0.010958757504213766 0.01915979700026587 -0.028290957604264075 -0.022143681608980347 0.066059551168949057 0.025690878534926822 -0.035406710378741948 0.047939275086309692 -0.038956651957087758 -0.028360875391460663 -0.014767551052668325 -0.025446005002565487 -0.00090098888219335637 -0.010624496431452943 0.20940535724110154 0.10095659573939807 -0.033371912043323584 0.08678282495639307
leaf_weight=104.96134236827493 85.15765636973083 59.301472902297974 23.202425558120016 4.6550133004784575 33.216330926865339 20.03427255526185 36.970381274819374 6.6555778365582228 5.0671337470412254 3.8217332959175128 3.852704990655182 407.34551866352558 68.545275330543518 34.577422756701708 27.076308291405439 16.772644463926554 61.677557718008757 50.078290935605764 46.858123224228621 6.5763532333075991 62.339769266545773 60.141513578593731 51.813101250678301 24.962120812386274 26.264017403125763 17.542471259832382 3.3648703917860976 6.2055407464504233 2.3725234083831301 8.7809518463909608
leaf_count=1587 765 943 194 26 497 265 341 66 32 30 33 5354 764 354 338 252 493 512 817 86 1080 1186 811 353 322 217 36 56 34 109
internal_value=-0.000392267 0.000974028 0.0130109 0.0456722 -0.00114528 0.00737911 0.0124589 -0.00656021 0.0297863 -0.0110582 0.0777627 0.000137052 0.00231101 0.0134736 0.0207678 0.0386231 0.0492119 -0.00358532 -0.00643575 -0.0120438 -0.0306646 -0.00353187 0.00304836 0.00345485 0.0130597 0.0279547 0.0423579 0.0185659 0.0955675 0.120754
internal_weight=1370.19 1265.23 189.417 27.8574 1075.81 161.559 141.525 56.3675 19.3971 10.4773 8.91984 1016.51 862.565 298.142 229.596 113.028 96.255 564.423 514.345 153.946 68.9161 467.487 85.0294 116.569 89.4925 64.5304 46.9879 32.4696 14.5183 12.1458
internal_count=17953 16366 1752 220 14614 1532 1267 502 161 96 65 13671 11197 3328 2564 1099 847 7869 7357 2474 1166 6540 1308 1465 1127 774 557 378 179 145
is_linear=0
shrinkage=0.05


Tree=36
num_leaves=31
num_cat=0
split_feature=12 5 3 2 11 15 15 14 14 8 9 9 4 16 14 9 3 14 12 3 9 14 15 15 14 3 15 3 14 6
split_gain=11.496 12.6122 13.7712 19.7387 13.1049 12.4095 10.9127 13.591 12.5013 12.8577 12.8355 10.3211 10.3795 10.1832 12.3534 15.1138 12.28 20.4683 21.8742 18.3326 18.1403 16.6787 15.0058 14.4218 20.3042 18.1611 13.5222 12.9904 12.0414 18.3187
threshold=-320.31249999999994 50.000000000000654 2.1726138750636865 1.2850417621258214 -2436258.6500015254 -1.8952966709404968 -0.27865414107967562 -0.023127985520905892 -0.059239141090401216 -1.0315481764965722 2.5835592829368825 0.58171405756296191 99.999986750001781 -0.00044499499999999995 -1.0000000180025095e-35 2.8751753589771476 0.38594704824729525 -1.0219184678910727 -2.248499999986961 -2.560200352764197 -0.74433937761789226 0.1442032891010617 2.2905708131687814 -1.2130140220170282 0.7217797676993708 -0.80285027375515294 -0.33338533659351227 -6520647.096667219 0.020264216093017918 0.81030664457830281
decision_type=2 2 2 2 2 2 2 2 2 2 2 2 2 2 2 2 2 2 2 2 2 2 2 2 2 2 2 2 2 2
left_child=-1 4 -3 -4 5 -2 8 11 -5 -10 -11 -8 -13 16 15 -15 19 18 26 22 -21 -22 27 24 -23 -26 -18 -6 29 -16
right_child=1 2 3 6 13 -7 7 -9 9 10 -12 12 -14 14 28 -17 17 -19 -20 20 21 23 -24 -25 25 -27 -28 -29 -30 -31
leaf_value=-0.011613040549689053 0.035018738674157356 -0.01159631692479148 0.048214780689907755 -0.048379272420801339 -0.05212234697330257 -0.019811767376046965 0.0032369971690111993 -0.0091413972764915162 0.14476282496418383 -0.015718130453062702 0.092391063735200007 0.0916020457721239 -0.01054084983443194 -0.015501056077720952 0.022121867104467532 0.14444149701816392 0.038146920520328573 0.014981838941551244 0.032399506124244207 -0.019469045754629766 -0.0060389422543997706 -0.054419610929921647 -0.056161896821307081 0.021059082809463343 0.23607666921487344 0.05287397543714744 0.1737730673639474 0.031218660100947232 0.0063050288341718165 0.20858196836593015
leaf_weight=195.5105172470212 11.891251299530266 287.46222365647554 24.723464272916317 20.192199859768152 4.8904530555009833 78.063253864645958 10.16630217805505 27.922764550894499 1.497272204607724 28.274706810712818 3.0408009961247435 11.242447078227995 3.1936610452830783 104.41785782016814 4.4842059798538676 1.4982143454253662 2.6618905179202557 76.42333272844553 15.546768397092817 82.286025371402502 68.743152238428593 1.6857964023947705 5.6224951781332484 51.371769703924656 2.7004992887377739 2.71054283156991 5.9363731183111685 106.46299571543932 124.55702074058354 1.8651152215898035
leaf_count=2898 138 4526 245 308 154 1062 136 374 18 407 37 129 38 1495 56 19 39 699 167 1153 910 26 82 558 24 32 45 735 1425 18
internal_value=-0.000389141 0.00148395 -0.00548522 0.00800163 0.00534579 -0.0125636 -0.00141945 0.0147324 -0.0174251 0.00162335 -0.0052205 0.0418282 0.0690053 0.00777254 -0.000543102 -0.0132386 0.0123841 0.0276607 0.0677917 0.00767822 -0.0011753 0.0106579 0.0235344 0.0302888 0.0970998 0.144305 0.131785 0.0275585 0.00972882 0.0768946
internal_weight=1367.05 1171.53 417.716 130.254 753.819 89.9545 105.53 52.5252 53.005 32.8128 31.3155 24.6024 14.4361 663.865 236.822 105.916 427.042 100.568 24.145 326.474 209.498 127.212 116.976 58.4686 7.09684 5.41104 8.59826 111.353 130.906 6.34932
internal_count=17953 15055 6218 1692 8837 1200 1447 677 770 462 444 303 167 7637 3013 1514 4624 950 251 3674 2703 1550 971 640 82 56 84 889 1499 74
is_linear=0
shrinkage=0.05


Tree=37
num_leaves=31
num_cat=0
split_feature=5 3 4 13 16 14 2 4 1 3 13 5 14 13 1 14 10 4 13 15 9 13 1 1 4 3 11 14 16 15
split_gain=10.7079 11.6184 15.9002 26.6839 26.5088 17.2465 15.2903 14.1305 17.0761 18.6684 17.5884 13.7686 14.2337 12.8729 16.0736 12.7431 22.7258 20.4731 13.4968 14.9049 13.4349 18.6228 11.9524 19.4491 19.5423 11.7567 11.7497 11.5929 11.4983 11.3692
threshold=1.0000000180025095e-35 1.8110210253846244 63.5792584119719 1.0115959699398369 -0.00050592999999999992 1.0126657021098449 -0.10437520847073674 76.923076923077176 -0.01146466789443226 1.0045439503380622 -1.3937926416718198 99.729729729729783 -0.3793046703587149 -0.52445322613187562 -0.044939104117208646 1.5861893401856995 1.0190381535359596 32.727272727272016 -0.94043976042189603 2.0504001166934311 -1.0955385469247936 -0.56540763827763285 0.437528006316945 0.78054669114291653 50.5042031048742 -1.8045168976027439 635824.95000457775 1.836975764279327 -0.00028549999999999995 -1.1151137002495082
decision_type=2 2 2 2 2 2 2 2 2 2 2 2 2 2 2 2 2 2 2 2 2 2 2 2 2 2 2 2 2 2
left_child=-1 7 3 6 -5 -6 -3 8 9 10 11 12 -2 -11 28 20 17 -17 -18 27 21 22 -10 24 -24 -14 -27 -20 -15 -4
right_child=1 2 29 4 5 -7 -8 -9 15 13 -12 -13 25 14 -16 16 18 -19 19 -21 -22 -23 23 -25 -26 26 -28 -29 -30 -31
leaf_value=0.0064386598777936557 -0.015474920908805853 0.11853937142446386 -0.024680934219628917 0.19068135759154378 0.10499013707900806 -0.042815174600571236 0.0070489532676383335 0.019981914339657417 0.0067964109633316108 -0.01597417815987635 -0.0089307927659170224 0.11224785607845533 -0.009605048941885564 0.05038487752768183 0.18316595048004236 0.10183336557561487 0.14147628844527638 -0.031926819338610232 0.084084316960103614 0.15292644634673558 -0.027115874505011236 -0.02776575871356466 0.2167007718872565 -0.022494050137494101 0.033894079799916967 0.054598608829902452 0.18562369871753992 -0.032704371111237661 -0.042129139841551075 0.0057234896665269899
leaf_weight=404.54368638060987 16.443822037428621 3.2241095155477515 43.656770352274179 4.3837771527469158 4.3256961032748205 3.6296231672167778 66.609101716428995 47.635132808238268 19.017111457884315 10.872590631246565 297.27045948058367 4.2843865752220145 5.1523038633167735 24.45579839497805 2.0347554646432426 3.2003956437110928 3.613255850970746 26.950367461889982 3.1403129175305313 2.0669571384787568 205.2181123867631 29.061796195805073 3.1057320237159711 3.205905519425869 2.7621664218604565 7.7825525626540166 2.1932108476758003 6.5712595134973526 3.8932958021759978 103.97101933136582
leaf_count=3894 182 16 670 41 58 44 726 576 248 106 4651 21 54 223 18 27 25 479 37 15 3531 573 39 52 39 68 17 109 65 1349
internal_value=-0.000384154 -0.00326009 0.00654461 0.0241732 0.0919563 0.0375538 0.0121963 -0.00634685 -0.00818501 -0.00101147 -0.00494068 0.0281398 0.0167261 0.0307152 0.0474225 -0.0169071 0.00750709 -0.0177287 0.0569411 0.0310085 -0.021145 0.000294773 0.0293251 0.0765414 0.130649 0.0517277 0.083405 0.00506016 0.0376796 -0.00326776
internal_weight=1364.28 959.732 229.8 82.1723 12.3391 7.95532 69.8332 729.932 682.297 374.383 333.127 35.8563 31.5719 41.2564 30.3838 307.913 45.5425 30.1508 15.3918 11.7785 262.371 57.1527 28.0909 9.0738 5.8679 15.1281 9.97576 9.71157 28.3491 147.628
internal_count=17953 14059 2904 885 143 102 742 11155 10579 5405 4993 342 321 412 306 5174 692 506 186 161 4482 951 378 130 78 139 85 146 288 2019
is_linear=0
shrinkage=0.05


Tree=38
num_leaves=31
num_cat=0
split_feature=12 3 14 15 15 14 5 13 15 11 8 2 1 3 2 14 0 2 2 1 0 14 3 1 13 2 7 3 13 15
split_gain=10.5819 10.5451 12.2954 12.6077 11.9202 12.5412 18.1262 13.8646 17.0378 10.9984 10.2811 10.2413 10.0938 9.70599 10.3923 9.36552 19.4696 18.5584 24.6223 23.7535 16.1699 16.2418 16.1439 15.9328 15.6424 15.4452 14.6926 13.7571 13.5478 13.9866
threshold=-542.76699999999244 -2.9214329127188052 1.9129916210691806 1.10080571067438 1.7350773816224707 0.19882896680303527 49.99999999999978 -0.18925762707083449 -0.12275607468233181 -3080893.4999999995 -1.0185602062085919 -4.1517018607940024 -2.4598135660477021 -6520647.096667219 -1.0078835442826308 -1.3632296772549959 1.0000000180025095e-35 -0.65078952713729776 0.40124740422791511 0.14121829393158797 -1.0000000180025095e-35 -2.6197971490192526 3.5829897371807031 0.88185177722451868 1.0740619642674585 -0.28531811297139681 -0.1429623546268837 -0.78174878611753362 -0.049643851380377267 0.80907309808565964
decision_type=2 2 2 2 2 2 2 2 2 2 2 2 2 2 2 2 2 2 2 2 2 2 2 2 2 2 2 2 2 2
left_child=-1 2 4 -4 5 13 7 12 -9 -3 -10 -5 -7 -2 -15 20 22 27 19 25 26 -22 23 24 -17 -19 -11 -18 29 -28
right_child=1 9 3 11 -6 6 -8 8 10 15 -12 -13 -14 14 -16 16 17 18 -20 -21 21 -23 -24 -25 -26 -27 28 -29 -30 -31
leaf_value=-0.015833133983489074 -0.05187637718121807 -0.022285541183690555 0.07047464920156464 0.091568924547895073 -0.03161119439573698 0.010079870446682203 0.068846859321502293 -0.046470940990822482 0.15124919539412057 0.028653409098907609 0.029748296517393597 -0.010541588493349038 -0.052595635442297423 0.031866470071486762 -0.031476731585200722 0.00020985590255979283 -0.023676396884474905 0.017952606448968369 0.0030140108154175539 -0.020742397193019454 0.043214603606108841 -0.038143961858549957 0.023555256887173102 -0.034470482584895969 -0.02750890344292688 0.059292160333119015 -0.008664534140413337 0.028010167490800028 -0.045791160386252673 0.079704622633281832
leaf_weight=102.45158986374736 4.1574581526219836 57.714700289070606 16.448324095457792 3.014410991221669 18.648723546415567 8.6792043466120905 6.6608946062624446 5.0358016453683376 2.6639612764120102 33.906962756067514 5.0258118100464326 13.245719313621519 24.721893511712555 75.352828178554773 7.0838776938617221 405.84181943535805 50.647002696990967 34.865545105189085 116.89622753858566 16.098219804465771 6.8375559076666823 59.646136645227671 50.752683725208044 44.862962402403355 58.195889685302973 64.197655308991671 25.142882678657774 17.261646784842014 20.071637284010649 5.4478326104581347
leaf_count=1587 136 943 116 27 257 80 46 63 15 497 48 117 218 580 49 5354 626 354 1465 252 86 1080 512 817 1186 493 323 138 423 65
internal_value=-0.000380354 0.000876996 0.0117064 0.0396101 0.00593104 0.010954 -0.00825543 -0.0193893 0.0250215 -0.00105638 0.0718397 0.00838834 -0.0363095 0.0226641 0.0264233 0.000155918 0.00217355 0.0124518 0.0191795 0.0355886 -0.0113261 -0.0297766 -0.00333544 -0.00601725 -0.00326641 0.0447426 0.00317861 -0.0105382 -0.013871 0.00707293
internal_weight=1361.58 1259.13 190.739 32.7085 158.03 139.382 52.7876 46.1267 12.7256 1068.39 7.68977 16.2601 33.4011 86.5942 82.4367 1010.67 859.62 299.966 232.058 115.161 151.053 66.4837 559.653 508.901 464.038 99.0632 84.5693 67.9086 50.6624 30.5907
internal_count=17953 16366 1752 260 1492 1235 470 424 126 14614 63 144 298 765 629 13671 11197 3328 2564 1099 2474 1166 7869 7357 6540 847 1308 764 811 388
is_linear=0
shrinkage=0.05


Tree=39
num_leaves=31
num_cat=0
split_feature=12 1 14 3 3 9 15 14 13 12 9 0 14 0 14 13 14 15 10 3 4 3 13 14 4 14 1 2 4 15
split_gain=9.77269 10.7706 11.625 12.9673 25.9252 28.1104 32.9476 12.9523 16.673 18.4808 15.5259 20.4502 14.3248 13.8395 13.8496 25.4064 23.3963 31.1364 16.5529 21.1786 31.2177 19.9293 17.3359 15.3797 13.8643 14.0558 13.5733 13.2269 13.4159 12.8179
threshold=-320.31249999999994 0.76143074409465961 -0.043478169534697644 -2.560200352764197 0.31673358976324595 -0.80920268220104397 0.80907309808565964 0.19882896680303527 -0.2325909241385882 603.01699999999266 -0.95531898422314909 -1.0000000180025095e-35 1.0000000180025095e-35 -1.0000000180025095e-35 0.8834678517592951 -1.294890508416138 0.96184459761288166 -1.5472497779471814 0.87002558176423628 -0.13495621405306688 55.55555555555555 -3.0341774201558307 -1.2077532828922124 1.3282105538943065 69.031788247213811 0.33693824371118392 -0.18076049749187759 1.3660480530524375 49.344255245957918 0.42334703747233676
decision_type=2 2 2 2 2 2 2 2 2 2 2 2 2 2 2 2 2 2 2 2 2 2 2 2 2 2 2 2 2 2
left_child=-1 2 3 -2 -5 29 -7 8 10 -10 11 12 -4 14 15 24 17 -16 21 20 22 26 -20 -23 25 -9 -18 28 -12 -6
right_child=1 -3 7 4 5 6 -8 13 9 -11 27 -13 -14 -15 16 -17 18 -19 19 -21 -22 23 -24 -25 -26 -27 -28 -29 -30 -31
leaf_value=-0.010826700595768901 0.014193605112731459 -0.011159563314410322 0.17908491664895546 -0.017949076316464665 0.057918543219665809 -0.019267104758437816 0.046506053022382143 0.10416862800606796 -0.02523697141818447 0.11928836341432816 0.043932891961512149 0.01998412373960293 0.059030802083570255 0.014961469343221576 0.21437191958798996 -0.029227248021115301 0.0059856489876491462 0.027871597016262985 0.13974715713827365 -0.0037641169156717429 0.27245860543485012 0.010438913858819975 0.021247031479441351 -0.035446827457377206 0.15865698427055855 -0.0056306253827046833 0.080687322430154265 0.13277685290490709 -0.015386865368210857 -0.0082879250971792523
leaf_weight=192.02386820688844 91.222774259746075 150.01057576201856 5.661687374114992 217.00041787326336 33.316470243036747 84.605191428214312 24.56913260743022 3.8317379206419053 20.560670536011461 2.478590950369834 20.182072695344687 8.1713076084852201 4.4279776457697153 198.10361862741411 2.9453211016952983 81.228887271136045 24.514135288074613 9.3181537687778455 3.9128096047788903 25.305890556424856 1.6624306216835965 26.321223720908165 14.612690396606922 59.63667419180274 2.0531173311173907 12.17904733493924 8.0868012569844705 2.5851026549935332 18.061529871076345 9.3657779209315759
leaf_count=2898 885 2380 37 3397 378 1202 294 33 354 30 182 83 40 1920 33 1106 214 113 31 320 18 359 182 950 19 101 50 17 203 124
internal_value=-0.000374847 0.00134653 0.00319317 -0.00268571 -0.00686017 0.00898568 -0.00446519 0.00805923 0.0263899 -0.00968877 0.0404571 0.0787804 0.126398 0.00488119 -0.00236436 -0.0173002 0.00604678 0.0726634 0.00106697 0.0267063 0.0649013 -0.00877143 0.0462757 -0.0213961 0.0363328 0.0206468 0.0245157 0.0233166 0.0159176 0.0433908
internal_weight=1357.96 1165.93 1015.92 460.08 368.857 151.857 109.174 555.841 82.1289 23.0393 59.0897 18.261 10.0897 473.713 275.609 99.2928 176.316 12.2635 164.053 45.4938 20.1879 118.559 18.5255 85.9579 18.0639 16.0108 32.6009 40.8287 38.2436 42.6822
internal_count=17953 15055 12675 6280 5395 1998 1496 6395 946 384 562 160 77 5449 3529 1259 2270 146 2124 551 231 1573 213 1309 153 134 264 402 385 502
is_linear=0
shrinkage=0.05


Tree=40
num_leaves=31
num_cat=0
split_feature=11 14 5 3 4 1 3 13 14 10 4 2 1 2 15 2 13 4 14 0 5 15 15 13 13 5 14 3 9 13
split_gain=9.34768 11.64 10.6363 10.5009 12.3119 19.5715 14.1893 15.9762 13.4068 18.5863 18.8785 12.5623 16.3572 11.5853 11.3781 13.9898 11.69 17.68 10.8714 20.9302 16.6204 12.7999 15.312 10.6981 13.0993 10.6344 12.7268 10.573 10.3964 18.6126
threshold=-3803911.0499992366 3.5598394168578094 1.0000000180025095e-35 1.8110210253846244 76.923076923077176 -0.01146466789443226 1.0735051877733552 -1.3937926416718198 1.5861893401856995 1.0451973871825018 32.727272727272016 0.3486346519191284 -0.1122325576124731 -0.10437520847073674 -1.2130140220170282 1.0343985214919462 1.6372430199582462 62.962962962962862 -1.8614934858934959 -1.0000000180025095e-35 68.156843156842584 -1.3843294941534374 1.115799045805097 -0.94043976042189603 2.3824987633323809 99.729729729729783 -0.3793046703587149 2.5129539988526166 -1.0087288880053513 -1.008780734451667
decision_type=2 2 2 2 2 2 2 2 2 2 2 2 2 2 2 2 2 2 2 2 2 2 2 2 2 2 2 2 2 2
left_child=1 -1 -2 4 5 6 7 25 18 10 -10 12 -8 -5 16 -16 -15 -18 19 20 21 -7 -23 -11 -25 26 -4 -17 29 -20
right_child=2 -3 3 13 -6 8 11 -9 9 23 -12 -13 -14 14 15 27 17 -19 28 -21 -22 22 -24 24 -26 -27 -28 -29 -30 -31
leaf_value=-0.019091884445165033 0.0077709694590519561 0.12866734409979097 -0.012870433481180943 0.10222393022658194 0.019077224499480211 0.20058624232340586 0.027900654292846612 -0.0065722647115188442 0.092484496599381655 0.12548145655141912 -0.030238000080113087 -0.018593914261951047 0.12413742992330477 -0.022512517825993106 0.044345574208492881 -0.01663982696234181 0.16843094102170034 0.0052790617967094491 0.040661433478327805 -0.043874193496994292 -0.016959229979742352 -0.021008070182768311 0.13338774924189856 0.00828327931122721 0.16664833600242218 0.10150039863061143 0.051927005749677381 0.015308532203942652 -0.030607463381200756 -0.024020527482537912
leaf_weight=81.280327916145325 373.95261522941291 1.3550837002694596 15.484830953180792 3.1637162789702407 47.972472656518221 2.1149164587259284 19.444101396948099 267.74037277698517 3.5809908434748676 3.847514435648919 25.088638544082642 9.1747805550694448 5.7126004621386555 50.954605091363192 29.175457376986742 36.741755798459053 1.9905957058072079 10.01323104277253 15.57676627486944 10.229265492409468 5.5972986146807679 3.1070714779198161 3.3235415071249008 9.9343821704387612 1.5033768936991698 4.4636129438877097 14.840045835822819 87.733595091849566 170.90342944301665 38.88925451785326
leaf_count=1258 3497 20 174 16 571 28 170 4158 28 24 461 115 39 709 253 557 21 162 174 207 124 63 33 141 12 21 127 1043 3008 739
internal_value=-0.000373146 -0.0166689 0.000685293 -0.00226439 -0.00534101 -0.00719874 0.00102641 -0.00243051 -0.0166327 0.00883114 -0.0149093 0.0314888 0.0497542 0.00723441 0.00584703 0.0131825 -0.0120552 0.0323346 -0.0211144 0.0106081 0.0500143 0.0938818 0.0587885 0.0533596 0.0290988 0.0294454 0.0188394 0.00587824 -0.024545 -0.0055221
internal_weight=1354.89 82.6354 1272.25 898.302 678.529 630.557 336.86 302.529 293.696 43.9549 28.6696 34.3315 25.1567 219.773 216.609 153.651 62.9584 12.0038 249.742 24.3721 14.1428 8.54553 6.43061 15.2853 11.4378 34.7885 30.3249 124.475 225.369 54.466
internal_count=17953 1278 16675 13178 10417 9846 4804 4480 5042 666 489 324 209 2761 2745 1853 892 183 4376 455 248 124 96 177 153 322 301 1600 3921 913
is_linear=0
shrinkage=0.05


Tree=41
num_leaves=31
num_cat=0
split_feature=8 1 12 15 7 16 13 3 2 2 0 5 3 11 0 13 15 13 9 1 2 1 3 9 9 9 10 14 9 2
split_gain=9.13924 10.0114 10.1216 12.3471 10.2238 13.9941 10.4665 10.199 10.0534 11.5419 13.5502 9.31551 10.3894 19.8372 12.3852 10.2506 9.75054 17.625 9.44541 13.6634 11.2275 10.9345 9.93812 9.8391 9.19737 9.12498 9.04682 14.4317 10.8207 8.78325
threshold=1.9199334917521336 0.88185177722451868 -491.80850000004278 0.46133714410846555 -0.39855661557038763 -0.00044690999999999996 -1.3937926416718198 1.1677182319473876 1.6756706200416296 1.7427991268080687 1.0000000180025095e-35 8.0863121185711773 3.689285400506781 2032709.1999969485 -1.0000000180025095e-35 -0.91199724145130989 1.7350773816224707 1.9848402497551179 -0.2595891523089251 -2.2321954541884446 0.73799524035418285 -1611.4664513899866 -9.9557172923014594 -2.5007068225906166 0.083812863965156539 -0.47973271374849552 0.80369137848238059 1.941512750216327 -0.82373476191401529 1.447586202494765
decision_type=2 2 2 2 2 2 2 2 2 2 2 2 2 2 2 2 2 2 2 2 2 2 2 2 2 2 2 2 2 2
left_child=1 2 3 4 6 -6 25 -5 -3 10 -10 18 16 14 15 24 -13 26 19 21 -21 -4 -20 -23 -14 -1 -18 29 -29 -28
right_child=-2 8 11 7 5 -7 -8 -9 9 -11 -12 12 13 -15 -16 -17 17 -19 22 20 -22 23 -24 -25 -26 -27 27 28 -30 -31
leaf_value=-0.03752212331000962 0.016744583052447994 -0.038463778976053055 -0.051609578606134181 -0.00028896729707002418 -0.027430084708450077 0.19260297065147988 -0.039229254680534911 0.096861978892869724 -0.019933631915262193 -0.0097248807772354739 0.18717508171366401 -0.0010410095249191583 0.0092495582865635955 0.16599264853860474 -0.047789299139017832 -0.040088153939330524 -0.043362234090450619 0.076576338511550976 -0.050801111175076658 -0.0047569550003853456 0.059010059057842817 -0.02079356508067387 0.021482902686078057 0.059807324261242745 0.1013144373294545 0.095938091681991911 -0.035812644291729451 0.15178961656244222 0.0023960242368809125 0.08038561974171865
leaf_weight=2.3514271005988121 73.765500912442803 33.550347059965134 3.2896467875689295 38.605320988222957 1.7854854576289656 1.2139111943542946 55.85252220928669 2.904746249318122 1.5198382548987857 78.260287340730429 1.644028052687645 604.73688778094947 4.6990699768066424 2.4471193850040427 5.6127290986478338 3.1257883794605741 37.807364039123058 4.285345494747161 4.9421308431774369 198.7787676975131 7.1512467116117469 4.6218657791614559 125.64937034994364 20.94381052814424 6.4177985340356827 2.8128426894545546 16.214436491951354 2.2952964119613171 2.5683482848107806 1.8075799383223046
leaf_count=25 910 672 115 587 30 19 932 33 31 1159 20 8797 23 26 66 47 687 57 93 1990 37 35 1043 125 28 23 270 19 33 21
internal_value=-0.00036787 -0.00135567 3.5868e-05 -0.0147299 -0.0285021 0.0616214 -0.0329323 0.00650936 -0.0154306 -0.00593984 0.0876855 0.00150947 -0.00190063 0.0316713 0.0151165 0.0399064 -0.00301862 -0.0214237 0.00796814 0.00197255 -0.00254254 0.0341951 0.0187474 0.045236 0.0623989 0.0351702 -0.0283432 -0.00353157 0.0728992 -0.0241581
internal_weight=1351.66 1277.9 1162.92 105.526 64.0162 2.9994 61.0168 41.5101 114.975 81.4242 3.16387 1057.39 692.018 22.3025 19.8554 14.2427 669.715 64.9784 365.377 234.785 205.93 28.8553 130.592 25.5657 11.1169 5.16427 60.693 22.8857 4.86364 18.022
internal_count=17953 17043 15161 1649 1029 49 980 620 1882 1210 51 13512 10074 190 164 98 9884 1087 3438 2302 2027 275 1136 160 51 48 1030 343 52 291
is_linear=0
shrinkage=0.05


Tree=42
num_leaves=31
num_cat=0
split_feature=13 15 5 3 4 16 14 14 4 11 15 16 2 4 14 3 2 14 11 3 13 13 13 14 14 14 6 13 14 14
split_gain=9.07782 12.7792 12.6071 15.0851 32.9019 12.7338 12.6719 9.70307 10.7519 9.62794 9.46082 15.0836 15.0342 29.6588 19.4004 35.5655 21.3784 19.0503 31.3765 24.2732 17.6142 14.5301 11.9104 11.0068 10.4568 15.1274 10.2222 8.95492 10.7246 8.84663
threshold=0.94550967251512097 1.9857881265968707 97.424845269673156 1.5986439235790693 63.5792584119719 -0.00050996999999999989 1.0126657021098449 0.7217797676993708 84.935632942729598 7812831.4000015268 -0.78861480933597483 -0.00077949999999999992 0.44381626807315944 71.068484464172514 0.81226594547376896 -1.6028580152623981 -2.9967796874044272 1.4454506228326969 -998482.45000457752 -0.84589269165780134 -1.1398801515897767 -0.049643851380377267 0.45206126560672572 -2.2240077775223943 -1.5794331091760874 0.19882896680303527 1.4830687766583472 -1.3937926416718198 1.2105780689257479 -1.8392715893674247
decision_type=2 2 2 2 2 2 2 2 2 2 2 2 2 2 2 2 2 2 2 2 2 2 2 2 2 2 2 2 2 2
left_child=1 10 3 9 5 -5 -7 -6 -9 -2 12 -12 13 14 16 -16 21 18 -17 -20 -15 24 -21 -13 -1 -26 -25 28 -3 -18
right_child=2 27 -4 4 7 6 -8 8 -10 -11 11 23 -14 20 15 17 29 -19 19 22 -22 -23 -24 26 25 -27 -28 -29 -30 -31
leaf_value=-0.063091386439809272 -0.014976283734803678 0.11344042313770686 -0.041974085815993351 0.14204145871763088 -0.037582376683073015 0.095550367886209298 -0.020422099447973685 -0.0018314570968840701 0.099081005590148513 0.11614725728856218 -0.035314375125312672 -0.032265671044684967 -0.020029514764936987 0.20853964381723894 -0.044182566995420398 -0.032921687518970524 0.023120427207149102 0.014912957774831809 0.2119146293514953 0.050622817998453577 0.037163292458524087 0.1559470504979365 0.16454253377624384 0.0073275361091409245 0.080043002904905888 -0.060637914553146967 0.059188543440492007 -0.025833956874149407 -0.026109546948763371 -0.020905791617112812
leaf_weight=2.7311130017042151 136.93404115922749 2.6438960097730151 26.675436478108168 5.3679914548993102 15.613579530268906 5.5041688270866853 4.1174440458416939 14.612228542566301 3.2215314693748942 1.4144088774919499 21.621518209576607 17.358617909252644 104.33282562717795 2.653368853032589 15.558944433927534 5.1517793983221081 12.607102017849682 28.868071954697371 4.2216166593134465 10.806258995085949 3.4473394267261019 2.4801336154341689 2.9128527306020251 695.4957444537431 8.0550413355231267 2.5051778256893149 9.6332893688231689 59.204179039224982 2.8726731576025486 120.19091954827309
leaf_count=23 2516 17 543 46 299 65 51 201 38 21 303 234 1509 17 200 51 164 232 35 86 31 20 24 8443 64 25 101 919 29 1646
internal_value=-0.000360112 0.00141849 -0.00982011 -0.0052281 0.0187863 0.0803434 0.0459215 -0.00880084 0.0163976 -0.0136357 0.00272273 0.00583626 -0.00437265 0.00297928 -9.01538e-05 0.0221332 -0.0101899 0.0419906 0.0758406 0.107072 0.1117 0.0448469 0.0748103 0.00706775 0.0241158 0.0466696 0.00803605 -0.0201567 0.0407718 -0.0167262
internal_weight=1348.81 1135.35 213.461 186.785 48.4369 14.9896 9.62161 33.4473 17.8338 138.348 1070.63 744.109 326.523 222.19 216.089 67.5195 148.569 51.9606 23.0925 17.9407 6.10071 15.7715 13.7191 722.488 13.2913 10.5602 705.129 64.7207 5.51657 132.798
internal_count=17953 14173 3780 3237 700 162 116 538 239 2537 13208 9081 4127 2618 2570 628 1942 428 196 145 48 132 110 8778 112 89 8544 965 46 1810
is_linear=0
shrinkage=0.05


Tree=43
num_leaves=31
num_cat=0
split_feature=13 5 0 14 4 4 15 10 5 9 15 15 13 11 16 16 3 3 1 5 15 15 16 2 4 14 3 2 14 11
split_gain=8.28438 11.9698 13.7859 17.9436 22.4983 16.8835 14.2327 14.0142 13.5739 13.4796 12.2367 11.7133 11.0081 9.76188 9.4378 8.63247 10.7315 11.376 20.1544 9.81761 8.64856 8.56867 13.8792 13.7515 25.3848 17.3734 31.7956 19.1902 15.8469 25.9315
threshold=0.94550967251512097 97.424845269673156 1.0000000180025095e-35 1.4704043297295746 84.935632942729598 41.975308641975523 -1.8952966709404968 0.51561179072914409 94.317998385795278 1.4532667572147455 -2.4082238427254752 1.9857881265968707 1.1278954841692337 7812831.4000015268 -4.949999999999999e-05 -0.00057998999999999995 2.7300400364505992 1.5986439235790693 -0.15527653872145172 24.99999999999984 2.1287562355194471 -0.78861480933597483 -0.00077949999999999992 0.44381626807315944 71.068484464172514 0.81226594547376896 -1.6028580152623981 -2.9967796874044272 1.4454506228326969 -998482.45000457752
decision_type=2 2 2 2 2 2 2 2 2 2 2 2 2 2 2 2 2 2 2 2 2 2 2 2 2 2 2 2 2 2
left_child=11 2 3 8 6 12 7 -5 13 -8 -7 21 -4 -2 15 -12 17 18 19 -17 -20 23 -23 24 25 27 -27 -1 29 -28
right_child=1 -3 5 4 -6 10 9 -9 -10 -11 14 -13 -14 -15 -16 16 -18 -19 20 -21 -22 22 -24 -25 -26 26 28 -29 -30 -31
leaf_value=0.041899732589321781 -0.03554290163424384 -0.041420973160298961 0.043012118952149229 0.094936409232485586 0.17048232432984378 -0.046960750050532601 -0.028277059712876626 -0.05344859964969785 0.15876627067345014 0.092506883671089946 -0.0070788050654451724 -0.019520544401375576 -0.054353866375304427 0.081002748237529787 -0.042695013503517676 0.026873548209737277 -0.017849186050256132 0.10041502407252323 -0.047081891021886813 0.10764687971211913 0.082357681135270075 -0.03453226623042864 0.0066796196334598188 -0.019335528758041301 0.10089640037333164 -0.043472206807238206 -0.031985871349876377 -0.016106335313985011 0.014046850688164358 0.095547614712249984
leaf_weight=15.998674223199485 71.873443588614464 25.704784791916609 3.733813205733898 6.4759927950799447 2.1269354484975329 5.4710035882890216 22.756148472428325 2.1095457673072815 0.93815360590815444 2.570899184793233 8.8556181117892248 63.547838106751442 13.045364223420618 1.8427911698818196 3.955889791250228 6.6202721484005407 5.4349899515509597 10.756772510707377 6.9562484640628153 8.7130478117614967 1.5844017416238783 21.021061565726995 726.01802801713347 102.71560449153185 6.4037273041903964 15.035872329026459 5.0402561761438873 131.08323138579726 29.109232224524021 19.052807088941336
leaf_count=132 1620 543 62 55 15 68 448 37 15 29 127 965 249 28 54 58 79 94 121 67 11 303 8778 1509 48 200 51 1810 232 145
internal_value=-0.000356739 -0.00944141 -0.00501766 -0.0162372 0.0127363 0.0115134 0.00284272 0.0584768 -0.0302242 -0.0160165 0.0242242 0.0013363 -0.0326873 -0.0326294 0.0315895 0.0375963 0.0474707 0.0577221 0.0384861 0.0727724 -0.0230692 0.00257329 0.00551995 -0.00421155 0.00279477 -0.000122824 0.0207286 -0.00979679 0.0388729 0.0688677
internal_weight=1346.55 211.526 185.821 110.694 36.0395 75.1274 33.9126 8.58554 74.6544 25.327 58.3482 1135.03 16.7792 73.7162 52.8772 48.9214 40.0657 34.6307 23.874 15.3333 8.54065 1071.48 747.039 324.439 221.724 215.32 68.2382 147.082 53.2023 24.0931
internal_count=17953 3780 3237 2247 584 990 569 92 1663 477 679 14173 311 1648 611 557 430 351 257 125 132 13208 9081 4127 2618 2570 628 1942 428 196
is_linear=0
shrinkage=0.05


Tree=44
num_leaves=31
num_cat=0
split_feature=8 1 2 2 0 12 15 7 16 13 6 5 3 11 0 13 5 9 0 1 9 1 2 9 9 3 4 16 12 15
split_gain=8.16961 8.777 9.53206 9.71332 9.73305 8.84164 11.5373 8.79837 12.2075 9.85863 8.42704 8.27608 9.94524 15.7779 11.3008 9.02125 8.79476 9.18501 10.8865 8.37229 8.87187 17.7872 10.2783 8.50443 8.20734 7.90179 8.78032 13.6569 15.1598 7.75155
threshold=1.9199334917521336 0.88185177722451868 1.6756706200416296 1.7427991268080687 1.0000000180025095e-35 -491.80850000004278 0.46133714410846555 -0.39855661557038763 -0.00044114499999999994 -1.3937926416718198 -0.78876371897670117 8.0863121185711773 3.689285400506781 2032709.1999969485 -1.0000000180025095e-35 -0.91199724145130989 10.948202054793848 2.1242055424618917 1.0000000180025095e-35 -1611.4664513899866 -0.2595891523089251 -2.2321954541884446 0.73799524035418285 -2.5007068225906166 0.083812863965156539 1.1677182319473876 47.247697155785616 -1.0000000180025095e-35 -656.07350000017311 1.7350773816224707
decision_type=2 2 2 2 2 2 2 2 2 2 2 2 2 2 2 2 2 2 2 2 2 2 2 2 2 2 2 2 2 2
left_child=1 5 -3 4 -4 6 7 9 -9 10 -1 19 16 14 15 24 -13 29 -19 -7 21 23 -23 -21 -14 26 27 -8 -29 -18
right_child=-2 2 3 -5 -6 11 25 8 -10 -11 -12 12 13 -15 -16 -17 17 18 -20 20 -22 22 -24 -25 -26 -27 -28 28 -30 -31
leaf_value=-0.024699923050762004 0.015758818171764864 -0.037671605622516119 -0.018923761421938551 -0.0090788548550578014 0.1520245023671799 -0.051822119894731747 0.0046388344831721781 -0.029303071688615831 0.16810787018331752 -0.038451414306182041 0.10289912192153783 -0.049242394489071452 0.0092964584399910701 0.14597015153403839 -0.046788767512184387 -0.038889444529591949 -0.0014830307618530409 -0.0021624369908886765 0.074209790326642197 -0.020389119079968081 0.018929684827391172 -0.0045488030055383178 0.05607682781723497 0.054643626505856385 0.096232608831654534 0.082130815999314363 -0.039741148327915941 -0.0028493155447251233 0.26603338339087845 -0.020400315626435753
leaf_weight=2.8334514237940311 74.3249303214252 32.077991411089897 1.4769447334110728 77.126737575978041 1.9086923450231552 5.8621335960924617 26.039336867630482 1.883113391697407 1.3406313098967064 53.447968626394868 2.3815434649586669 10.10552531853318 4.6946805492043513 2.636563252657651 5.279724933207036 2.9411129541695127 577.18470726720989 10.386035308241844 8.4726109467446804 4.5819429904222515 128.79893216490746 197.49191871285439 7.2477435916662207 21.481716414913535 6.4374464601278305 3.1845179647207251 10.136605285108088 1.0066285990178587 1.0938472747802759 59.758075024932623
leaf_count=28 910 672 31 1159 20 196 366 31 18 932 20 163 23 26 66 47 8432 168 78 35 1055 1990 37 125 28 33 180 23 18 1043
internal_value=-0.000353072 -0.00129652 -0.0146232 -0.0054402 0.0774503 6.608e-07 -0.0139554 -0.0276293 0.0527925 -0.0320488 0.033571 0.00136992 -0.00186047 0.0312233 0.0155907 0.038993 -0.00295296 -0.00223966 0.0321493 0.00745033 0.00841657 0.00254977 -0.00240267 0.041453 0.0595696 0.00645501 0.000158937 0.0145319 0.137174 -0.00325785
internal_weight=1343.62 1269.3 112.59 80.5124 3.38564 1156.71 103.348 61.8867 3.22374 58.663 5.21499 1053.36 687.896 21.9895 19.353 14.0732 665.907 655.801 18.8586 365.464 359.602 230.803 204.74 26.0637 11.1321 41.4609 38.2764 28.1398 2.10048 636.943
internal_count=17953 17043 1882 1210 51 15161 1649 1029 49 980 48 13512 10074 190 164 98 9884 9721 246 3438 3242 2187 2027 160 51 620 587 407 41 9475
is_linear=0
shrinkage=0.05


Tree=45
num_leaves=31
num_cat=0
split_feature=11 1 10 3 9 0 15 5 4 15 14 13 16 8 15 8 9 4 14 0 3 3 2 14 13 14 4 10 3 2
split_gain=7.70413 11.3907 10.1401 13.9347 18.2812 15.0866 15.1813 14.9574 14.3581 11.0522 15.3819 18.0135 14.333 13.1383 10.4656 8.89593 8.19654 10.2989 8.14563 14.3218 16.8909 14.4278 15.5976 29.5656 12.6149 13.7884 20.4321 12.0177 15.9632 20.5368
threshold=-2436258.6500015254 -4.9896979944441844 -1.5902976062745178 -2.560200352764197 -1.3407799177522215 -1.0000000180025095e-35 0.80907309808565964 49.99999999999978 33.333333333333243 0.082756617067705665 -0.46323692692500196 -1.0202844898155998 -0.00065288499999999986 -0.57755953584050224 0.85481431856643442 0.93631115532236342 -0.11074257366783928 8.5742787471892488 -1.3500114310587403 1.0000000180025095e-35 -1.3784475739540518 3.1259419839306721 2.0398812214546429 -0.079205654599782516 1.1028287047498269 1.4704043297295746 66.453183827140222 -0.20869804387209256 0.092366842985860537 0.028940343332518739
decision_type=2 2 2 2 2 2 2 2 2 2 2 2 2 2 2 2 2 2 2 2 2 2 2 2 2 2 2 2 2 2
left_child=1 -1 -2 4 8 9 7 -7 -4 12 16 -12 -6 -13 -10 -14 -11 -18 -5 24 -21 22 27 -24 -20 -26 -27 28 -22 -30
right_child=2 -3 3 18 5 6 -8 -9 14 10 11 13 15 -15 -16 -17 17 -19 19 20 21 -23 23 -25 25 26 -28 -29 29 -31
leaf_value=0.070339155589878063 -0.015480378152685116 -0.01253428798233279 0.027447100317394887 -0.011164364654126919 0.076215408531419226 -0.0051715738380974305 -0.040584869010628771 0.0904589644032079 0.046298839763778771 0.11644305485617544 -0.022643499795217403 0.10408634711691889 -0.033280683054218684 0.020857832166101986 0.15064684394367225 0.023759464632422067 -0.015648733851510895 0.10636096430634932 -0.00022291033081546635 -0.020281406026515833 0.003493843074436931 -0.015540826561388636 0.19145973049643739 0.0052154416166823479 -0.044163372033387743 -0.025855975499270403 0.078097155433085486 0.010325608553734045 0.12222614898404349 0.034999816417764222
leaf_weight=4.2551196161657563 85.679346073418856 162.12438486516476 21.596532668918375 139.81307325139642 5.1542381905019274 21.078323777765039 25.980839319527149 5.0729166120290747 4.5958745032548887 7.307093620300293 15.55693232454359 7.0258134379982939 20.153517916798595 14.585204804316168 5.0358178056776524 10.343827409669755 3.7499913163483125 3.2102018631994724 443.52959749102592 37.183314818888903 20.87972978875041 31.599648855626583 3.7770203836262226 4.8892693594098073 35.895123949274421 15.465556828305127 6.8075809814035884 144.75792728364468 9.3276520967483503 24.400476042181253
leaf_count=30 1259 2451 185 2397 36 228 327 37 38 52 119 41 208 115 38 101 27 33 5916 477 293 396 34 58 874 319 85 1471 54 254
internal_value=-0.000345211 -0.0104148 0.00108131 0.0023846 0.0155143 0.00775892 -0.0135146 0.0133792 0.0500885 0.0204937 0.0353233 0.0183826 -0.000901129 0.0479157 0.100856 -0.0139343 0.0794557 0.040625 -5.23493e-05 0.00194326 0.0110731 0.0159383 0.0207199 0.0863861 -0.00309418 -0.0249874 0.00591635 0.0178654 0.0378525 0.0591226
internal_weight=1340.83 166.38 1174.45 1088.77 170.447 139.219 52.1321 26.1512 31.2282 87.0868 51.4352 37.168 35.6516 21.611 9.63169 30.4973 14.2673 6.96019 918.326 778.513 276.815 239.632 208.032 8.66629 501.698 58.1683 22.2731 199.366 54.6079 33.7281
internal_count=17953 2481 15472 14213 1585 1324 592 265 261 732 387 275 345 156 76 309 112 60 12628 10231 3037 2560 2164 92 7194 1278 404 2072 601 308
is_linear=0
shrinkage=0.05


Tree=46
num_leaves=31
num_cat=0
split_feature=2 5 6 15 10 14 11 13 2 3 14 14 2 12 1 1 15 15 3 1 9 10 2 14 14 7 8 4 4 13
split_gain=7.24152 8.11256 10.2954 9.81894 18.9231 19.4569 13.3864 12.1079 11.4547 9.98728 13.6536 9.45608 8.74055 9.29831 13.0928 9.67049 8.34454 13.0791 8.53692 10.4214 7.94128 7.65664 7.61429 9.56548 9.19291 8.44593 7.0463 17.1129 15.4905 17.9288
threshold=15.796877144760289 1.0000000180025095e-35 1.4521458948956154 1.7350773816224707 0.74243953188265643 1.941512750216327 578172.59999465954 1.7338819016011111 0.67978465782777686 2.5612061770181964 -0.27768276211376614 -2.3265227023050339 -835236.14072378271 17.537000000011179 -2.068497744930029 -0.016235157689173222 -0.64695160059876977 -1.5242369486582497 -1.5048208794928482 -0.16193097841639645 -2.5889180565732808 -2.2697396281261466 -1.5019765699868677 0.56668692627809925 1.0310692525137748 0.2192649138839817 -0.12832078142499903 71.068484464172514 74.104030334535622 -0.017582229014115911
decision_type=2 2 2 2 2 2 2 2 2 2 2 2 2 2 2 2 2 2 2 2 2 2 2 2 2 2 2 2 2 2
left_child=1 11 3 21 -5 7 8 9 -7 -6 -11 -1 -13 14 20 -15 17 18 -16 -20 -14 -3 23 -4 -24 -26 27 -23 29 -29
right_child=-2 2 22 4 5 6 -8 -9 -10 10 -12 12 13 15 16 -17 -18 -19 19 -21 -22 26 24 -25 25 -27 -28 28 -30 -31
leaf_value=-0.050544668590482449 -0.05277361497993778 -0.030943803510358414 0.17926945187088675 -0.042529438909314481 -0.041570471493403767 0.15065812388869171 -0.021663302017054797 0.11150546163255121 0.0093933096013923047 0.099396007005364537 -0.028747006467649057 -0.051798317749827419 -0.022989314150613439 0.012930105029477584 -0.032607470222549215 0.052560116400620562 0.0028426055515100184 -0.040230238127865921 0.052120733861105689 -0.057905718959869082 0.038589675420545533 0.00039866848531567407 -0.0003950153163198609 0.018072748054835983 0.14128204074084563 0.027714741113595721 -0.0049547733392411794 0.23001434355113021 0.023535064409190731 0.040370591364786261
leaf_weight=7.2852987982332698 6.5526076387614003 22.156753163784742 1.7083360217511647 44.041095811873674 20.266311440616853 4.5656651966273767 2.9517317898571491 1.7937250118702639 2.0927899479866028 3.4680036269128323 5.1890891268849355 6.2306427732110015 6.2761337608098975 137.65399237908423 7.8591135330498245 17.331786148250103 136.36349911987782 32.915420696139336 11.842206194996834 2.6301240846514675 31.57885654643178 276.98445508256555 21.472641339525584 1.9951111339032648 2.396795079112052 5.1651687510311604 479.97098758257926 2.0859681330621243 32.048361971974373 3.0960148498415938
leaf_count=93 140 429 23 882 365 39 42 25 21 34 61 216 57 1139 100 86 1345 381 106 26 207 4293 289 25 24 64 6958 21 411 51
internal_value=-0.000339769 -8.1714e-05 -0.00263013 -0.00363124 -0.0198701 0.00487594 0.0669673 -0.01455 0.106258 -0.0223675 0.0225867 0.00589571 0.00694819 0.00790027 0.00150971 0.0173619 -0.0037989 -0.0201918 0.00934375 0.0321251 0.0283802 -0.00195296 0.024913 0.09243 0.016301 0.0637104 -0.00114416 0.00467666 0.0365038 0.11671
internal_weight=1337.97 1331.42 933.449 900.711 84.3684 40.3273 9.61019 30.7171 6.65846 28.9234 8.65709 397.967 390.682 384.451 229.465 154.986 191.61 55.2469 22.3314 14.4723 37.855 816.343 32.7381 3.70345 29.0346 7.56196 794.186 314.215 37.2303 5.18198
internal_count=17953 17813 14057 13632 1469 587 102 485 60 460 95 3756 3663 3447 2222 1225 1958 613 232 132 264 12163 425 48 377 88 11734 4776 483 72
is_linear=0
shrinkage=0.05


Tree=47
num_leaves=31
num_cat=0
split_feature=10 1 13 15 15 13 15 8 13 13 14 15 10 3 14 9 9 14 9 4 2 3 3 14 3 3 5 4 10 1
split_gain=6.98568 13.1899 8.14095 12.3045 14.5371 14.989 14.378 15.2795 15.8895 15.7897 18.0816 12.5065 18.3243 13.2679 14.4175 12.0515 11.9343 17.7495 32.5551 25.1537 23.4844 24.925 12.8081 12.4753 14.0842 11.097 30.5039 13.7262 18.0534 31.7797
threshold=2.2284457712842705 2.8699444623166497 -0.17482927398788559 0.47852846089155526 1.7350773816224707 1.9481496707351209 -1.4380307006315378 0.80703302853539827 0.39216458243585689 0.94550967251512097 0.0607526482329055 -2.9263127502481958 -0.048854998477478546 0.89823272903281104 0.8834678517592951 0.84777521057348593 0.26742036413997944 1.1307659248707032 0.84777521057348593 33.806170355466257 0.28062514786876253 0.44003091285609092 -2.7063073061533243 1.941512750216327 1.9673220623759318 1.1677182319473876 58.476052249637227 33.333333333333364 -0.1231268793537636 -0.39154805503373608
decision_type=2 2 2 2 2 2 2 2 2 2 2 2 2 2 2 2 2 2 2 2 2 2 2 2 2 2 2 2 2 2
left_child=1 2 -1 6 16 -6 7 8 -4 11 -11 -10 -13 14 -14 -7 22 18 20 -19 -18 -22 -5 24 -21 27 -27 28 -24 -30
right_child=-2 -3 3 4 5 15 -8 -9 9 10 -12 12 13 -15 -16 -17 17 19 -20 23 21 -23 25 -25 -26 26 -28 -29 29 -31
leaf_value=0.0027131308207484963 0.016170831748041892 -0.050986358752260867 -0.022813621741335485 0.041883419521878226 -0.027267534649809345 0.017991319319219195 -0.019979029196500266 -0.029961912652917019 0.17809260079020875 -0.052216489418698858 0.027410528899419563 -0.0037011794089428039 0.086808124375552465 0.039774557368573021 0.263421939774445 0.18508543952231599 -0.0056641864938571113 0.1661094249349136 -0.034209342020600449 0.039226457017033582 0.26637680966447386 0.067930576530208162 -0.0095746638941726619 -0.01465765366033662 0.17457493363771184 0.12159585453913171 -0.017725188537032085 -0.032409964511674147 -0.035566509425689216 0.23002718508092906
leaf_weight=749.35138615779579 61.173912551254034 13.127336405217646 22.003485126420856 15.996500488370655 49.301981195807457 4.9281639605760565 195.50447521731257 26.895164426416159 2.0773606374859837 9.4590811431407911 28.947652505710721 8.8644319325685554 3.0461983568966335 5.3119570687413216 1.8617561943829057 1.3816140815615652 6.6260118205100289 4.7950699478387859 19.887460194528103 8.1666362583637255 2.1675855852663499 5.860063549131155 13.410389713943006 7.0385907031595698 2.5136632658541194 5.8143646903336075 12.115114741027353 43.550162089988589 2.1141471471637487 2.4104632548987857
leaf_count=8397 770 213 336 151 961 75 3481 437 19 243 379 165 36 61 18 14 109 29 348 103 33 73 222 109 25 42 185 861 29 29
internal_value=-0.000334003 -0.00112619 -0.000607298 -0.00546653 0.00390151 -0.0179811 -0.0118792 0.00272006 0.0134957 0.0269077 0.00779943 0.0615875 0.0489057 0.0945354 0.153804 0.0545789 0.0118832 0.029973 0.0074579 0.0645159 0.0640073 0.121514 0.00106558 0.0370227 0.0710814 -0.00715636 0.0274553 -0.0172494 0.0195639 0.105927
internal_weight=1335.7 1274.53 1261.4 512.05 208.078 55.6118 303.972 108.467 81.5719 59.5684 38.4067 21.1617 19.0843 10.2199 4.90795 6.30978 152.466 57.0551 34.5411 22.514 14.6537 8.02765 95.4111 17.7189 10.6803 79.4146 17.9295 61.4852 17.935 4.52461
internal_count=17953 17183 16970 8573 3398 1050 5175 1694 1257 921 622 299 280 115 54 89 2348 829 563 266 215 106 1519 237 128 1368 227 1141 280 58
is_linear=0
shrinkage=0.05


Tree=48
num_leaves=31
num_cat=0
split_feature=11 14 2 4 7 3 10 15 15 13 0 9 16 14 4 16 12 15 13 10 1 2 12 1 2 13 13 9 5 15
split_gain=6.91568 10.1979 7.20239 20.2017 14.6726 10.5757 13.5529 11.7977 9.63046 16.7934 13.2479 18.1191 14.222 11.7741 15.032 13.5254 11.0298 10.6578 16.9429 8.84193 10.4461 9.41563 9.33585 8.67407 16.0628 11.5768 10.5359 8.8181 9.1657 9.14579
threshold=-3803911.0499992366 3.5598394168578094 -0.99121477852040618 48.657657657657822 -1.2903419550201194 -0.5241613088884548 0.48468459954166365 -0.80652919717727267 -0.35656488312403578 -1.8153745915204382 1.0000000180025095e-35 -1.7674579616001664 -0.00075006999999999993 -1.5794331091760874 25.40966980880302 -0.00043106999999999992 383.29700000002055 1.1892015761141803 -0.40442762484147771 1.8714940693147188 -1.1478210074029251 -3.1532454941806236 -394.42500000004651 -0.16193097841639645 -1.3830638031030023 -0.70304698872720828 1.1477405812112103 -2.0209800413716219 19.806650476368414 1.9857881265968707
decision_type=2 2 2 2 2 2 2 2 2 2 2 2 2 2 2 2 2 2 2 2 2 2 2 2 2 2 2 2 2 2
left_child=1 -1 3 5 -5 8 7 -7 9 -2 12 17 -10 14 15 -14 23 -12 -19 21 -21 22 -11 25 -25 -15 27 -27 29 -29
right_child=2 -3 -4 4 -6 6 -8 -9 10 19 11 -13 13 16 -16 -17 -18 18 -20 20 -22 -23 -24 24 -26 26 -28 28 -30 -31
leaf_value=-0.017213595969899739 0.065626198934341615 0.11706079606710705 -0.0017426054800145534 -0.037545757629023631 0.051802087645793894 0.038539645934151108 -0.046099804961494462 0.15887958294735832 -0.040156011891463131 0.094832050528134301 0.0068191732999947942 -0.022302037913310341 0.061505980441425447 -0.016858672484016273 -0.026515666326558985 0.19372293479806169 0.066013799870026826 0.024740366607633388 0.21983795728116395 -0.018037117529284392 0.14444091755280064 -0.03225991533894193 -0.0072859043955466954 0.10595896653420647 -0.0062366842884004833 -0.056402381210799372 -0.053522184090474836 0.053764909383173125 -0.022218177729015999 -0.028671521671572522
leaf_weight=76.914974624291062 6.1831330340355626 1.440538590773939 915.18395579978824 5.2907867506146422 34.936028923839331 6.3394478652626267 2.9270627014338961 3.0006936192512503 10.500036202371119 2.8059253133833399 6.7882035709917528 59.121177284047008 8.6071524769067747 37.461484493687742 3.5870890803635112 2.4949434623122206 9.5424803625792247 2.6891334187239408 1.8984199017286298 2.2884381785988808 1.7425066381692875 61.099098550155759 11.060939356684683 6.1834463253617287 6.5900017991662008 2.8827358335256497 4.3677181843668214 29.71818840131165 6.0966762155294409 3.7940573953092089
leaf_count=1258 44 20 12908 69 318 48 26 35 129 23 63 775 68 348 57 23 95 31 18 26 23 809 100 33 56 33 94 271 98 54
internal_value=-0.000333696 -0.014745 0.00056594 0.00677995 0.0400507 0.00231527 0.0477804 0.0772011 0.00037536 -0.0137281 0.00631307 -0.0111829 0.0156694 0.0205008 0.0624681 0.0912187 0.0147198 0.0466048 0.105476 -0.0199392 0.0521993 -0.0238181 0.0133774 0.00967858 0.0480757 0.00386196 0.020427 0.0280282 0.034173 0.0444319
internal_weight=1333.54 78.3555 1255.18 339.997 40.2268 299.77 12.2672 9.34014 287.503 85.18 202.323 70.4969 131.826 121.326 14.6892 11.1021 106.637 11.3758 4.58755 78.9969 4.03094 74.966 13.8669 97.0943 12.7734 84.3209 46.8594 42.4917 39.6089 33.5122
internal_count=17953 1278 16675 3767 387 3380 109 83 3271 1025 2246 887 1359 1230 148 91 1082 112 49 981 49 932 123 987 89 898 550 456 423 325
is_linear=0
shrinkage=0.05


Tree=49
num_leaves=31
num_cat=0
split_feature=12 12 11 5 3 2 1 9 16 9 15 9 14 12 4 3 3 3 12 5 2 13 11 3 3 9 14 14 15 9
split_gain=6.61141 11.6686 8.58652 11.1947 12.3866 12.3375 10.9971 11.8384 9.71715 9.58041 10.9759 18.147 13.8415 13.6659 10.6515 10.7927 9.72805 14.1126 9.42824 9.08525 13.4356 8.78333 8.61136 10.7234 13.7434 14.8346 17.8754 14.5949 12.8193 11.9141
threshold=-287.08899999991985 -238.25699999998321 -2436258.6500015254 50.000000000000654 2.1726138750636865 1.2850417621258214 1.9899548525626238 -0.07622615394540451 -0.00051097999999999985 -0.99452293572348693 1.0000000180025095e-35 -1.889510597142414 0.12359042048302189 141.04049999988641 80.686217008797882 -1.3009047526256474 1.3176861302871059 1.1893774964817971 284.11749999993486 98.721927317272517 0.75289591583765636 -0.67358248084110517 2082315.5000000002 0.31673358976324595 -2.2964593961692734 -0.74433937761789226 0.84887923449416014 1.9933672883339881 1.2431235442553177 -1.844749798330777
decision_type=2 2 2 2 2 2 2 2 2 2 2 2 2 2 2 2 2 2 2 2 2 2 2 2 2 2 2 2 2 2
left_child=-1 -2 -3 8 6 18 9 -8 22 10 11 -5 13 -13 15 -11 17 19 21 20 -16 -6 23 24 28 -26 -27 -28 -4 -30
right_child=1 2 3 4 5 -7 7 -9 -10 14 -12 12 -14 -15 16 -17 -18 -19 -20 -21 -22 -23 -24 -25 25 26 27 -29 29 -31
leaf_value=-0.0086347409474088754 0.026770189459491514 -0.013877375912471743 0.037743958382055909 0.1660495740276659 0.059530626353249655 0.00023225424671364961 0.16465940469617202 -0.0093495328944072243 -0.00012280083511249422 0.01371677460204377 -0.015980570031809933 0.0094624103433546894 -0.033983794332432468 0.11231130447455298 -0.0031252471070394037 -0.02757189953259901 -0.03673984751545905 0.14730101539813742 0.11321497531504066 -0.025072423938667633 0.10792927294689442 -0.010194844585027322 -0.019177802608352765 0.033615238277085777 -0.024270446659634872 -0.0052193661052442331 0.066579344780779856 -0.054946857232463037 0.10581076230058165 -0.0079780474971720035
leaf_weight=202.99542818404734 42.811852969229221 99.042274031788111 59.111406156793237 2.2410412337631014 9.6294854357838666 93.682007741183043 1.8220358416438105 2.108610685914754 335.79078343696892 17.75004773773253 26.541826309636235 8.751366378739478 8.3748944830149394 5.1190816275775424 6.5542173311114382 146.1155585758388 8.3918381929397565 2.1791447326540938 3.8243182376027098 8.6978187449276447 4.6597825102508068 8.5066290833055973 20.052781486883759 58.947207540273666 45.870510842651129 44.791240962222219 18.514172758907083 2.8510375693440428 2.4705068673938504 33.407987745478749
leaf_count=3174 552 1441 488 32 67 1294 28 30 4085 253 423 128 125 61 77 2653 120 23 35 112 40 101 235 541 686 580 183 45 23 318
internal_value=-0.000327476 0.00116669 0.000157176 0.00156584 -0.00538571 0.00813934 -0.0116594 0.0713116 0.00564583 -0.0129885 0.00629259 0.0304354 0.0167734 0.0474202 -0.0180509 -0.0230995 0.00908851 0.0264976 0.0418706 0.0132769 0.0430215 0.0268263 0.0124183 0.0148006 0.00944319 -0.00241972 0.0127308 0.0503625 0.0234338 -0.000142824
internal_weight=1331.61 1128.61 1085.8 986.757 364.95 115.642 249.307 3.93065 621.808 245.377 51.0282 24.4864 22.2453 13.8704 194.348 163.866 30.4828 22.091 21.9604 19.9118 11.214 18.1361 286.017 265.964 207.017 112.027 66.1565 21.3652 94.9899 35.8785
internal_count=17953 14779 14227 12786 5602 1497 4105 58 7184 4047 769 346 314 189 3278 2906 372 252 203 229 117 168 3099 2864 2323 1494 808 228 829 341
is_linear=0
shrinkage=0.05


Tree=50
num_leaves=31
num_cat=0
split_feature=2 3 15 0 15 14 3 16 14 14 13 2 13 9 6 5 13 3 14 0 4 3 3 2 10 11 11 13 14 15
split_gain=6.61228 7.63433 9.73799 13.6255 6.9186 15.3401 15.0973 11.5743 10.5577 11.2093 14.5 10.5853 10.2283 10.9131 9.3056 10.2421 11.267 9.97989 14.4332 16.7082 16.5554 28.4289 15.7249 15.5243 21.6986 14.9299 13.601 11.6868 14.1479 24.3769
threshold=15.796877144760289 5.583700697654435 1.3925429252301715 -1.0000000180025095e-35 -0.42600159080333178 -0.20226466024465115 -2.3629502034143468 -0.00077949999999999992 -1.1221215213824125 -0.74879227112367741 -0.3247939097856915 -1.0551483557014352 -1.1803864008072462 -1.5153748555667212 1.4371689687788469 1.0000000180025095e-35 1.1477405812112103 0.16500420630745563 0.28492584816431266 1.0000000180025095e-35 94.185260311021651 1.2644716191060013 0.295010388677104 -0.039700050649734142 -0.063495867680777571 -3554268.9499969478 305698.89999771124 0.54184307622674033 -0.023127985520905892 0.18525013985124536
decision_type=2 2 2 2 2 2 2 2 2 2 2 2 2 2 2 2 2 2 2 2 2 2 2 2 2 2 2 2 2 2
left_child=1 4 3 -3 5 6 8 -6 11 10 -10 -1 -7 -14 15 16 -9 27 23 20 25 26 -21 24 -19 -20 -22 28 29 -17
right_child=-2 2 -4 -5 7 12 -8 14 9 -11 -12 -13 13 -15 -16 17 -18 18 19 22 21 -23 -24 -25 -26 -27 -28 -29 -30 -31
leaf_value=-0.027786486847421712 -0.052533537033569548 0.060514528918231648 -0.047150321779523018 -0.01950227708606141 -0.028711582465365561 0.022791851146751325 -0.022896058722473266 0.013311146096625391 0.13445649698348625 0.0066738045801307405 -0.013688628012375354 0.10662663515348357 -0.030637760967552302 0.0017407093641555059 0.030421548664669285 0.026664738487477965 -0.032211638534703539 0.13328409001988287 0.10607780742077624 0.1293499330227435 0.18154925020231275 -0.040328946447185619 0.0083411080532053081 0.011059138863727152 -0.011500181946011679 -0.03860856711747615 0.027993517133575504 -0.03070643870961251 0.0092238907311054368 -0.030864524751196356
leaf_weight=15.355193166062238 6.0366043373942366 17.780472211539752 4.0240141153335562 7.5918677747249594 29.316942716017365 48.780721895396709 158.07629657164216 229.93181751482189 5.1000878307968378 10.560363125056027 2.4428496509790447 1.6191921047866333 29.808213382959366 205.00347879342735 30.372184714302421 24.262465909123421 14.446225363761185 6.2898840010166168 1.8405332844704378 2.8733409941196433 3.1120382659137231 6.793049119412899 40.890662852674723 131.89772552810609 4.396686237305401 56.997952001169324 2.6872383318841457 49.255130775272846 105.23899656161666 76.3860640861094
leaf_count=180 140 117 41 78 475 392 2789 1993 40 123 40 9 463 2657 365 366 246 53 34 26 28 91 421 1814 58 968 24 1190 1437 1295
internal_value=-0.000322665 -8.44598e-05 0.0251114 0.036572 -0.000656963 -0.00544349 -0.0163111 0.00213617 0.0133635 0.0399252 0.0864783 -0.0149648 0.00195844 -0.00236958 0.00328432 0.00219596 0.0106201 -0.00181767 0.00512098 -0.00804179 -0.0229469 0.0290857 0.016286 0.0157553 0.0737167 -0.0340826 0.110395 -0.00882802 -0.00359397 -0.0169964
internal_weight=1329.17 1323.13 29.3964 25.3723 1293.74 476.746 193.154 816.989 35.0777 18.1033 7.54294 16.9744 283.592 234.812 787.672 757.3 244.378 512.922 257.779 115.195 71.4308 12.5923 43.764 142.584 10.6866 58.8385 5.79928 255.143 205.888 100.649
internal_count=17953 17813 236 195 17577 6693 3181 10884 392 203 80 189 3512 3120 10409 10044 2239 7805 3517 1592 1145 143 447 1925 111 1002 52 4288 3098 1661
is_linear=0
shrinkage=0.05


Tree=51
num_leaves=31
num_cat=0
split_feature=2 3 11 11 10 3 14 0 15 13 13 10 14 14 1 5 16 9 14 14 15 3 1 12 2 2 3 16 13 9
split_gain=6.48311 7.87769 9.77517 9.06114 8.28438 11.2545 8.36733 12.9096 19.8027 16.0545 22.8497 14.7524 13.8042 11.8855 10.6738 14.0387 13.1371 10.5036 9.99291 15.1607 12.8087 11.8698 13.5221 14.0851 13.0038 12.5856 11.8817 17.1305 11.8593 12.7383
threshold=-835236.14072378271 -4.7652570898807802 -4498101.6000022879 -9508597.4999999981 -1.9170263205961173 3.0328239820126508 -1.3632296772549959 -1.0000000180025095e-35 0.52531792050151682 -0.35801773634497969 1.7338819016011111 -1.0000000180025095e-35 -2.0374318718970335 -2.6197971490192526 0.2171560008217979 82.500000000000568 -0.00046941999999999996 -0.65649701688719531 -0.97844737822285521 -0.079205654599782516 -0.80652919717727267 0.59789338981679752 -0.0058221680779446611 176.50649999990131 -0.52241122545249685 0.40124740422791511 -2.3308536265784059 -0.00044690999999999996 -1.0451809003389319 0.58171405756296191
decision_type=2 2 2 2 2 2 2 2 2 2 2 2 2 2 2 2 2 2 2 2 2 2 2 2 2 2 2 2 2 2
left_child=-1 3 -3 -2 5 -4 7 8 -6 12 -11 -12 -10 -9 15 18 -17 -14 20 -20 -8 22 23 -22 26 -23 -25 -28 -24 -30
right_child=1 2 4 -5 6 -7 14 13 9 10 11 -13 17 -15 -16 16 -18 -19 19 -21 21 25 28 24 -26 -27 27 -29 29 -31
leaf_value=-0.051760610137407098 0.088700282005733669 -0.024194271289464511 -0.024059907865754154 0.011347844019950258 -0.011838915541824237 0.086350984485401003 -0.020352818458146325 0.029889801161317977 -0.035127145298493576 -0.032348029799690717 -0.015795677231408557 0.19363351980783808 0.017669356839523129 -0.031504397895020853 -0.0052420962365895656 0.0074951165367509037 0.06497676708049617 0.1297489445350013 -0.011749201995333688 0.0069627199503659379 -0.010749601873232808 0.10681836007980046 0.15795508267943015 0.021212036847545596 -0.054611044184527779 -0.018699137101678875 0.26117835128336025 0.048975425503328091 -0.0534966193758174 0.12261191064086917
leaf_weight=6.0969082787632933 3.9885832630097857 44.019019972532988 52.379349073395133 74.521046245470643 66.882568584755063 2.4144140407443038 13.794742420315741 8.8986549917608482 2.2336541488766661 11.282652806490658 1.366651048883796 2.1856532841920844 2.8048890344798556 69.083629028871655 304.3280923999846 20.898281594738364 18.95589180663228 8.2059316448867339 146.80409728176892 412.17024976015091 25.359921026974909 8.9168413430452329 3.0690442062914371 3.0517869945615526 1.8519711215049008 2.5735278464853755 1.8769001215696333 1.9280275180935866 2.213936220854527 1.91496841982007
leaf_count=216 37 810 867 543 1088 28 214 118 27 214 34 25 30 1267 4855 209 162 72 1887 4597 355 63 25 35 29 33 21 29 41 22
internal_value=-0.000320011 -8.24091e-05 -0.00105377 0.0152776 -0.000203108 -0.0191948 0.000707602 -0.0094239 0.00295539 0.038194 0.00247099 0.113061 0.0782069 -0.0244986 0.00251452 0.0060622 0.0348352 0.101198 0.00422899 0.00204839 0.0225441 0.0337607 0.021246 0.00809012 0.0629519 0.0787059 0.0947052 0.153651 0.0835142 0.0281818
internal_weight=1326.07 1319.97 1241.47 78.5096 1197.45 54.7938 1142.65 172.944 94.962 28.0794 14.835 3.5523 13.2445 77.9823 969.708 665.38 39.8542 11.0108 625.526 558.974 66.5517 52.7569 41.2666 34.0686 8.70869 11.4904 6.85671 3.80493 7.19795 4.1289
internal_count=17953 17737 17157 580 16347 895 15452 2875 1490 402 273 59 129 1385 12577 7722 371 102 7351 6484 867 653 557 469 114 96 85 50 88 63
is_linear=0
shrinkage=0.05


Tree=52
num_leaves=31
num_cat=0
split_feature=8 1 2 0 3 14 7 7 15 12 15 7 16 13 9 9 11 3 10 12 7 7 10 10 3 3 15 15 2 3
split_gain=6.39534 7.10765 8.85065 8.11654 15.7001 9.09804 8.40827 6.89274 11.27 6.59637 10.472 7.99089 9.48428 8.66184 7.05077 6.79399 6.73095 12.6865 6.42291 7.75914 8.07536 10.5997 6.17821 10.7161 11.7716 8.14484 6.1778 6.1069 6.08744 6.07861
threshold=1.9199334917521336 0.88185177722451868 1.6756706200416296 1.0000000180025095e-35 3.1259419839306721 -1.0521627735275452 -1.2377415002933179 1.2813819300468936 -1.1623673808476975 -491.80850000004278 0.46133714410846555 -0.39855661557038763 -0.00044114499999999994 -1.3937926416718198 -0.47973271374849552 2.8751753589771476 -1643941.7500038145 1.0499290539810895 -1.5902976062745178 -432.13649999978946 -1.225937251215875 -0.86890402235991915 1.4587115750872715 0.23619216027709591 2.6137760450952485 2.5612061770181964 1.1392808168151505 1.3110960099010152 -4.1517018607940024 -2.9819839764938609
decision_type=2 2 2 2 2 2 2 2 2 2 2 2 2 2 2 2 2 2 2 2 2 2 2 2 2 2 2 2 2 2
left_child=1 9 -3 -4 5 -5 -6 8 -2 10 11 13 -13 14 -1 18 17 -12 19 20 -11 -22 23 24 -7 -25 -18 -28 -21 -20
right_child=7 2 3 4 6 22 -8 -9 -10 15 16 12 -14 -15 -16 -17 26 -19 29 28 21 -23 -24 25 -26 -27 27 -29 -30 -31
leaf_value=-0.037456284838985852 -0.045428010240564975 -0.036517115177831107 -0.017090140641053832 -0.033471948336240329 0.08305361741872426 -0.054646191164779492 -0.032446702581058202 0.0044359378684373525 0.054254160183363889 -0.02284610557603672 0.012903591928691581 -0.028265976012574287 0.14192987143778726 -0.037030355404769406 0.080064131229390142 0.068178619222176551 -0.048473115591172247 0.13789052051044806 0.011260789044697473 0.026576577516894524 0.18368132319728753 0.0043477482222611108 0.019905788933056598 0.21797132624473142 0.13076634347464086 0.084186765353487972 0.089100466458952157 -0.0084784066156177312 -0.023690877959778048 0.00029562722269661291
leaf_weight=2.2040253952145576 3.3804460279643562 29.955355755984783 49.033681642264128 2.4818659331649533 1.7820246964693076 1.8685419205576201 13.611100181937214 54.319154256954789 17.589255323633552 2.7299613356590271 19.99757340550423 1.7895570416003468 1.5085873678326596 49.46486491151154 3.0320923328399649 3.7686420008540145 7.9561649933457401 2.2596718631684771 149.54742456041276 6.7108574733138076 1.6372748613357546 1.6587523203343142 3.8705948665738097 2.1465481556952 1.5798141062259672 2.4205022566020489 1.9783191941678513 8.4613583087921125 58.745223643258214 816.22403689287603
leaf_count=25 51 672 805 45 24 28 206 658 201 43 304 31 18 932 23 39 135 20 1331 53 22 28 44 20 14 24 22 139 862 11134
internal_value=-0.000316319 -0.00116979 -0.0133829 -0.00458802 0.0160102 0.0535996 -0.0190755 0.0138358 0.0381848 -4.38718e-06 -0.0123613 -0.0259998 0.0495824 -0.0305569 0.0305966 0.00116661 0.00709658 0.0255929 0.000923135 -0.013539 0.0407534 0.0934303 0.0717807 0.0968308 0.0302979 0.147067 -0.0152822 0.0100128 -0.0185372 0.00199356
internal_weight=1323.71 1248.42 108.75 78.7947 29.761 14.3679 15.3931 75.2889 20.9697 1139.67 98.6522 57.9991 3.29814 54.701 5.23612 1041.02 40.6531 22.2572 1037.25 71.4821 6.02599 3.29603 11.886 8.01541 3.44836 4.56705 18.3958 10.4397 65.4561 965.771
internal_count=17953 17043 1882 1210 405 175 230 910 252 15161 1649 1029 49 980 48 13512 620 324 13473 1008 93 50 130 86 42 44 296 161 915 12465
is_linear=0
shrinkage=0.05


Tree=53
num_leaves=31
num_cat=0
split_feature=1 1 14 11 15 15 14 10 11 3 15 2 13 13 15 9 14 14 2 6 14 4 14 8 14 1 2 1 4 1
split_gain=6.22778 7.26773 14.5175 9.10007 8.85549 11.6603 9.51445 8.62158 9.75805 7.75071 7.93467 13.9409 12.3792 10.8756 21.115 10.2747 10.1719 8.03665 10.8355 7.75867 7.95836 7.62807 10.5624 13.5807 11.6178 12.3498 10.2185 9.37597 7.25149 6.9482
threshold=-1611.4664513899866 -2.068497744930029 2.5230746127160919 -3646897.7000007625 -1.571144568045969 -1.1289816179343208 -0.88833728961985881 -0.89158257264088336 -2538012.0999984737 1.6647634071222759 0.77764151727009212 -1.0078835442826308 0.73461177130284094 0.15756538205097612 1.4719444834496846 -2.3776384170865632 -1.4835246266111435 -0.6908046333757748 -1.1368127170503384 -1.2810339238558139 0.19882896680303527 81.62200774978669 0.7605344513352893 -0.59521436226144908 -1.0718357041785451 0.84018833306543894 0.9363648139403139 1.4198165024974447 78.43940232429442 0.76143074409465961
decision_type=2 2 2 2 2 2 2 2 2 2 2 2 2 2 2 2 2 2 2 2 2 2 2 2 2 2 2 2 2 2
left_child=-1 2 3 -2 -5 -6 -7 9 -9 10 -3 12 13 16 -15 -13 -12 -18 19 -19 -21 22 24 -24 -11 26 -26 -27 -17 -10
right_child=1 7 -4 4 5 6 -8 8 29 21 11 15 -14 14 -16 28 17 18 -20 20 -22 -23 23 -25 25 27 -28 -29 -30 -31
leaf_value=-0.051715372275577237 -0.031289784655163411 -0.018717255518440831 0.12640611781445898 -0.061351724614228269 0.12876117467432494 -0.021159983361495615 0.035916875894018603 -0.016510087163443907 0.0045569923710431582 -0.02983810183742909 0.084659676177325047 0.10321917017341441 -0.040349807244875843 0.16659566492114219 -0.0019231370724675765 -0.031477081435873411 -0.048836997946557978 0.076890066658865788 0.10647108848432173 0.044443283051555281 -0.026465558161871031 -0.038571949719504312 -0.046149119132755906 0.1110218269805132 0.085607245134377008 0.20605514602302005 -0.0073726478681645363 0.054388726498122701 0.064236161667238834 -0.0078652273979165407
leaf_weight=5.8656438048928967 10.022799996659158 153.22230686619878 2.9049328342080107 2.9906708225607863 2.6711534932255736 9.9770495351403898 27.225100530311469 70.867127845063806 775.75050293654203 4.2041590772569206 4.7336934451013795 1.5860725175589312 7.8862613160163155 3.7379841916263095 3.6974577531218529 38.218569776043296 5.5027492754161349 3.2872825972735944 3.0345958136022118 5.5420118011534241 13.835343673825262 5.9411556087434283 8.0618248097598535 1.6568930782377709 5.726565934717657 2.2754879146814337 6.1052882075309753 1.8454222269356249 2.0869576930999747 131.67489210888743
leaf_count=213 124 2576 20 24 15 75 168 1100 9644 78 46 25 177 40 56 682 66 35 36 47 148 81 99 17 39 25 62 32 30 2173
internal_value=-0.000309421 -8.03432e-05 0.0175792 0.0116016 0.0216309 0.0278549 0.0206097 -0.000861995 0.00135891 -0.00856146 -0.011721 -0.000212662 0.0172742 0.0277521 0.0827955 -0.0216091 0.016363 0.00600165 0.0177438 0.00586396 -0.00618531 0.0131717 0.0234616 -0.0193539 0.0441052 0.0635921 0.0376292 0.138136 -0.0265212 0.00275443
internal_weight=1322.14 1316.27 55.7917 52.8868 42.864 39.8733 37.2022 1260.48 978.293 282.188 246.371 93.149 51.2574 43.3711 7.43544 41.8916 35.9357 31.202 25.6992 22.6646 19.3774 35.8168 29.8756 9.71872 20.1569 15.9528 11.8319 4.12091 40.3055 907.425
internal_count=17953 17740 426 406 282 258 243 17314 12917 4397 3964 1388 651 474 96 737 378 332 266 230 195 433 352 116 236 158 101 57 712 11817
is_linear=0
shrinkage=0.05


Tree=54
num_leaves=31
num_cat=0
split_feature=2 3 15 0 13 15 14 3 16 14 13 14 13 9 16 3 3 14 3 1 13 9 8 15 8 1 13 15 5 11
split_gain=6.12698 6.95082 8.47304 11.8679 6.60493 5.62668 13.1988 13.6925 10.5924 9.87209 9.84651 12.7337 8.80297 10.3345 29.9697 19.8267 13.2873 10.0794 13.373 14.6745 8.70541 9.62497 8.75598 12.2908 12.8485 14.4647 14.8396 13.5025 13.4585 13.0721
threshold=15.796877144760289 5.583700697654435 1.3925429252301715 -1.0000000180025095e-35 -1.294890508416138 -0.42600159080333178 -0.20226466024465115 -2.3939097390864417 -0.00077949999999999992 -1.1221215213824125 -0.24334244770509836 -0.74879227112367741 0.5078580308172348 -1.4028692420772295 -1.0000000180025095e-35 0.68588263342452216 1.6647634071222759 -2.2240077775223943 0.95635608774022574 0.068991239040225069 -1.1803864008072462 -1.5153748555667212 0.79360246511708155 -1.571144568045969 -1.1768150599172285 -0.05195259273596526 1.7743928148557733 -2.2760941290878134 87.696421225833774 257051.29999923709
decision_type=2 2 2 2 2 2 2 2 2 2 2 2 2 2 2 2 2 2 2 2 2 2 2 2 2 2 2 2 2 2
left_child=1 5 3 4 -3 6 7 9 -7 -1 11 -11 13 14 15 -9 -17 18 19 -15 -8 -22 23 24 28 29 -27 -28 -23 -26
right_child=-2 2 -4 -5 -6 8 20 12 -10 10 -12 -13 -14 17 -16 16 -18 -19 -20 -21 21 22 -24 -25 25 26 27 -29 -30 -31
leaf_value=-0.015160982775866281 -0.052354099920373036 0.015452171423886274 -0.045821559606929144 -0.018688413646467106 0.078725433939260514 -0.028015072574831587 0.020913130815574898 -0.043561887794816387 0.0029708328901751182 0.11901704754105458 -0.029378565275777785 0.020757467556975936 -0.043749395792033637 0.0022842989433176455 0.22679382250560276 0.11808880664323834 -0.053573431203816746 -0.025668729768917698 -0.053500012086202642 0.1774866261305823 -0.0294064683878862 -0.049511526563301489 -0.01255691271833018 -0.0049510892394881911 0.077535648218619954 -0.022186583622324577 0.021412151526438637 0.20078724325597458 0.097644541121245196 0.0060659712637716216
leaf_weight=15.899864993989466 5.6296692229807368 6.3864779472351136 3.7822246700525275 7.454669974744319 11.644881643354895 28.583283040672541 49.368413161486387 9.8684324342757446 786.3291740976274 5.400781972333788 4.0750854071229723 8.4651969112455827 34.738956844434142 2.5381450280547133 1.5993262566626079 4.2788493745028982 1.5304702483117578 94.181546822190285 2.7510773651301861 2.2587282489985228 28.528767343610525 8.9581074044108355 71.303641328588128 71.697292637079954 22.358418861404065 14.931975996121766 3.2879950404167175 1.5407625082880247 1.8797950856387622 8.962707579135893
leaf_count=182 140 38 41 78 79 475 392 186 10409 40 77 81 907 40 24 38 27 1505 53 21 463 133 934 986 196 227 57 18 15 91
internal_value=-0.000303726 -8.08221e-05 0.0240127 0.0343764 0.0563149 -0.000629461 -0.00498369 -0.0152675 0.00188399 0.0135257 0.0389487 0.0590295 -0.0216052 -0.0151411 0.0206124 -0.000420715 0.0728642 -0.0212132 0.0343814 0.0847827 0.00183732 -0.00219671 0.0015914 0.00914152 0.0254595 0.0359506 0.0024533 0.0786473 -0.0239878 0.0570842
internal_weight=1320.21 1314.59 29.2683 25.486 18.0314 1285.32 470.404 187.586 814.912 33.8409 17.9411 13.866 153.746 119.007 17.2771 15.6778 5.80932 101.729 7.54795 4.79687 282.818 233.449 204.921 133.617 61.9198 51.0819 19.7607 4.82876 10.8379 31.3211
internal_count=17953 17813 236 195 117 17577 6693 3181 10884 380 198 121 2801 1894 275 251 65 1619 114 61 3512 3120 2657 1723 737 589 302 75 148 287
is_linear=0
shrinkage=0.05


Tree=55
num_leaves=31
num_cat=0
split_feature=2 1 14 4 10 11 3 4 16 1 3 2 15 13 13 15 11 8 4 1 12 15 0 3 4 13 8 16 14 14
split_gain=5.96546 6.39414 12.5299 8.13126 7.85478 8.90125 6.99294 7.71748 10.2397 10.1212 15.9517 13.7536 11.0096 13.3067 17.5157 18.9974 12.694 12.6038 11.524 11.0914 16.6629 9.74851 8.08966 8.47775 7.67135 7.08036 6.6966 6.95086 6.63005 7.01788
threshold=-835236.14072378271 -2.068497744930029 2.5230746127160919 33.333333333333243 -0.89158257264088336 -2538012.0999984737 1.3460171917848294 76.923076923077176 -1.0000000180025095e-35 -0.46958609820356295 0.76962468882907364 -1.5019765699868677 0.82349636860647946 0.73461177130284094 -0.31570422754272304 1.4719444834496846 -3554268.9499969478 -1.0624221598194523 42.857142857142783 -0.7479003405851965 -36.204499999992542 1.1892015761141803 -1.0000000180025095e-35 -1.529841407365067 81.62200774978669 -1.668974114474636 -0.92924833394889073 -0.00059796499999999989 3.1716352121127103 0.86693925114630488
decision_type=2 2 2 2 2 2 2 2 2 2 2 2 2 2 2 2 2 2 2 2 2 2 2 2 2 2 2 2 2 2
left_child=-1 2 3 -2 6 -6 7 9 -9 10 12 26 18 14 16 17 -14 21 25 20 22 -16 23 -20 -8 -3 -11 -28 29 -7
right_child=1 4 -4 -5 5 28 24 8 -10 11 -12 -13 13 -15 15 -17 -18 -19 19 -21 -22 -23 -24 -25 -26 -27 27 -29 -30 -31
leaf_value=-0.05160579416961722 0.00076037946449003828 0.039863806483282992 0.11532469268454414 0.049059315145573733 -0.015916176934472386 1.7254381856193693e-05 0.018546315871069183 0.0050330349345306183 0.16878075947412713 -0.029919719236057758 0.17259004693513691 -0.028676439309900215 0.099217070098319898 -0.045994316741922628 0.090528715830395845 0.0021006246265631886 -0.019930283568785165 0.016010650323065614 -0.00010530107651061184 -0.025763932159313652 0.22405526875307499 0.20859792932973706 -0.054473316019993438 0.15751773173489347 -0.039927764933796017 -0.030329411728223073 0.11024441820316067 0.0090415038845290865 -0.043610935045062811 0.0095204784198890443
leaf_weight=5.64137178659439 41.941338086500764 3.8449878580868235 3.0310434103012076 10.999442815780638 69.73821178637445 615.61131929047406 38.054459005594254 3.3301528133451939 1.338439542800187 2.9098885338753462 1.2869893945753563 105.40499878674746 2.5793939102441099 7.2953013479709616 3.7067681178450593 6.746061146259307 16.765603333711624 2.5284999422729024 1.7744069695472715 5.311963774263857 1.4050257094204424 3.3088256418704987 1.8352111447602513 1.6429081521928308 6.5786436460912219 54.724202046170831 3.4684279803186655 3.3213579393923265 7.6891157515346995 283.84162704087794
leaf_count=216 336 30 20 74 1100 8355 456 50 19 37 14 2023 35 171 42 93 183 25 25 95 15 29 34 26 93 846 22 34 111 3344
internal_value=-0.000299824 -7.92195e-05 0.016456 0.0107954 -0.000816061 0.00129764 -0.00821257 -0.0116648 0.0519779 -0.0129574 -0.00244961 -0.0234334 -0.00443494 0.0155291 0.0281243 0.0663245 -0.00404359 0.11172 -0.0165852 0.0281195 0.0711123 0.146215 0.0302008 0.0756735 0.0099276 -0.0257213 0.0335415 0.060739 0.00262098 0.0030162
internal_weight=1317.66 1312.01 55.9718 52.9408 1256.04 976.88 279.163 234.529 4.66859 229.861 114.756 115.105 113.469 42.9305 35.6352 16.2902 19.345 9.54409 70.5387 11.9695 6.65755 7.01559 5.25253 3.41732 44.6331 58.5692 9.69967 6.78979 907.142 899.453
internal_count=17953 17737 430 410 17307 12910 4397 3848 69 3779 1663 2116 1649 578 407 189 218 96 1071 195 100 71 85 51 549 876 93 56 11810 11699
is_linear=0
shrinkage=0.05


Tree=56
num_leaves=31
num_cat=0
split_feature=2 3 15 0 13 3 3 11 14 14 15 3 4 1 13 9 13 14 4 13 13 14 2 14 13 3 6 13 15 9
split_gain=5.83825 6.24561 7.63037 10.538 5.68097 5.33398 7.27411 8.29479 8.3957 7.65572 16.2922 20.3545 22.3484 13.9699 12.8415 12.6279 13.695 16.1502 12.4284 11.2317 10.8005 18.0529 12.1299 11.4826 10.5683 9.17768 12.2478 19.8562 9.02262 9.84438
threshold=15.796877144760289 5.583700697654435 1.3925429252301715 -1.0000000180025095e-35 -1.294890508416138 -6520647.096667219 -4.7652570898807802 -6826701.7500038138 3.1716352121127103 -0.079205654599782516 -0.42600159080333178 0.31673358976324595 36.87960284476322 -0.057723545231418677 0.45206126560672572 0.71533435813810831 1.7338819016011111 -0.70495618408852623 49.92711370262392 0.42082478298181486 -1.294890508416138 -0.64300935567897965 1.5754947065415437 -1.7748614260045876 -1.4707003759273565 -2.1391711974296683 0.7105059549183167 -0.3821957831410176 1.5882629514381177 -2.2793199735677754
decision_type=2 2 2 2 2 2 2 2 2 2 2 2 2 2 2 2 2 2 2 2 2 2 2 2 2 2 2 2 2 2
left_child=1 5 3 4 -3 -1 -7 -8 9 10 14 12 15 -13 19 28 17 24 -15 -9 21 22 23 -20 -17 26 -14 -28 29 -12
right_child=-2 2 -4 -5 -6 6 7 8 -10 -11 11 13 25 18 -16 16 -18 -19 20 -21 -22 -23 -24 -25 -26 -27 27 -29 -30 -31
leaf_value=-0.051725137709793617 -0.052241465055302687 0.014673987556720752 -0.045012379711707434 -0.018150818975844387 0.073080823575141424 0.014432548259318716 -0.039815203991593273 -0.012216793160754946 -0.045959664039309844 0.0030726295245714469 0.080560108739584052 0.04853928047391335 -0.017251882181759916 -0.048725471854771496 -0.043072989724888322 0.074276158599359599 0.16880728575747225 0.1062556667120374 0.10807937274797097 0.093533781452179443 0.0064084224616348349 -0.04207993167686807 0.14703633380699185 -0.037297736836936983 -0.023642606806835526 -0.030477521875064247 0.0059839800995785536 0.21667504888574762 -0.031954111484778856 0.0030701695178612528
leaf_weight=5.0823111925274125 5.3868348468095055 6.4013175964355531 3.6400635093450537 7.3685392849147311 11.907912243157627 77.628287443891168 13.86128727160394 139.6601966843009 10.253169629722832 655.77239262871444 4.3706119842827311 28.314005326479673 12.979924520477654 8.6278547290712577 37.888908317312598 3.7556382492184683 1.9582734890282143 5.0999856740236291 2.8053518310189238 2.5568216554820529 70.979903995990753 3.5618162229657164 4.7528520934283733 2.6331921294331542 10.34835043363273 89.694468140602112 3.4573645871132612 1.6528784446418274 17.80906249396503 65.860040109604597
leaf_count=206 140 38 41 78 79 549 287 2116 162 8318 55 260 189 89 1017 26 18 44 15 30 1096 40 34 30 143 1745 39 25 291 753
internal_value=-0.000295253 -8.17564e-05 0.0227363 0.0323403 0.0526605 -0.000603838 -0.000400267 -0.00136088 -0.000910992 -0.000517739 -0.00505631 0.0014055 -0.00777364 0.0177749 -0.0172068 0.00816827 0.0428483 0.0300039 0.00844488 -0.0103156 0.0142662 0.0548199 0.0886856 0.0376918 0.0024314 -0.0239252 0.00856256 0.0741308 -0.000167814 0.00789254
internal_weight=1316.07 1310.68 29.3178 25.6778 18.3092 1281.36 1276.28 1198.65 1184.79 1174.54 518.768 338.662 216.987 121.675 180.106 109.202 21.1622 19.204 93.361 142.217 84.7331 13.7532 10.1914 5.43854 14.104 107.785 18.0902 5.11024 88.0397 70.2307
internal_count=17953 17813 236 195 117 17577 17371 16822 16535 16373 8055 4892 3328 1564 3163 1330 231 213 1304 2146 1215 119 79 45 169 1998 253 64 1099 808
is_linear=0
shrinkage=0.05


Tree=57
num_leaves=31
num_cat=0
split_feature=2 3 15 0 14 5 14 15 1 8 15 2 2 9 11 3 3 13 14 0 2 12 15 1 3 12 10 3 3 1
split_gain=5.54068 5.61926 6.92167 9.3121 5.32701 5.21663 8.06362 7.88127 12.0619 12.7897 10.8691 13.8099 8.57303 12.6443 17.8023 12.1337 11.7598 16.3058 13.2997 10.2429 13.0129 9.76757 8.85134 8.55099 8.47653 7.95585 7.91593 7.90797 10.6629 10.2036
threshold=15.796877144760289 5.583700697654435 1.3925429252301715 -1.0000000180025095e-35 0.92157772334915 1.0000000180025095e-35 -2.3265227023050339 -0.64695160059876977 -0.13084959707568911 0.17319889532811644 -0.31660613797144838 -1.0551483557014352 -0.81879085675424068 -0.18720284927414946 -1420829.2000007627 -0.5241613088884548 -2.6172912790086027 -0.53362636700096167 -1.619589477614523 -1.0000000180025095e-35 -1.2440043609343412 548.18300000019383 1.7350773816224707 -2.068497744930029 -3.0341774201558307 -28.339000000152733 -0.33452551470127972 1.2644716191060013 0.31673358976324595 -0.4406009083154529
decision_type=2 2 2 2 2 2 2 2 2 2 2 2 2 2 2 2 2 2 2 2 2 2 2 2 2 2 2 2 2 2
left_child=1 5 3 -3 -5 6 -1 27 12 10 -10 -12 13 15 -15 16 17 18 -9 20 25 23 -19 -18 -24 -16 -22 28 29 -8
right_child=-2 2 -4 4 -6 -7 7 8 9 -11 11 -13 -14 14 19 -17 21 22 -20 -21 26 -23 24 -25 -26 -27 -28 -29 -30 -31
leaf_value=-0.049881702088597088 -0.052128327374081011 0.049258751174124406 -0.044209215478823019 -0.057966617294159556 0.027745206040869115 -0.002692998958114143 0.0018010999745403289 0.05417725839777561 0.077794326035264608 0.054722924339153246 0.057529790953481756 -0.032967516823624539 -0.016996654694599569 0.14994809699668729 -0.020279822575015496 0.093573363296341749 0.057212928488517723 0.049363428298467661 -0.020829470224876794 -0.012806764332055099 0.13190695705315567 0.1040804687046296 -0.026989561988424456 -0.02967488077769841 0.098809296126581972 0.044240707759603197 0.042641827004225537 -0.045212209044197649 0.038900031676258877 -0.038872680038840722
leaf_weight=6.7591988239437333 5.1349562462419263 18.585483640432365 3.5238518528640261 3.8372515477240077 3.4359595701098442 890.90069425478578 61.434524847194552 6.9658035002648822 4.3582832068204906 27.569317627698183 5.7524775639176413 15.778781116008755 38.1731549911201 2.9817895460873833 8.4300128016620892 3.4824121147394171 3.0216089412569991 27.74127908796072 38.987936614081264 13.310219788923861 4.8948880285024643 1.530871745198964 8.0832792483270151 45.040753982961178 1.604950863867997 11.028254397213457 5.041605703532694 11.619442466646431 13.934783969074486 20.586183425039053
leaf_count=93 140 117 41 38 40 13868 681 39 21 146 28 121 450 20 64 29 26 204 354 152 41 16 94 579 20 65 44 86 96 240
internal_value=-0.000292175 -8.87373e-05 0.0215301 0.0304886 -0.0174752 -0.000585384 0.00425259 0.00521208 0.00971777 0.0310234 0.00578617 -0.00878947 0.00454811 0.00906335 0.0318308 0.00144077 -0.000972017 0.0104951 -0.00945973 0.0235835 0.0400613 -0.0202522 0.0349944 -0.0242124 -0.00614974 0.0162881 0.0866154 -0.00625487 -0.00153745 -0.00840752
internal_weight=1313.53 1308.4 29.3825 25.8587 7.27321 1279.01 388.112 381.353 273.778 53.4589 25.8895 21.5313 220.319 182.146 45.6868 136.459 132.976 83.3832 45.9537 42.705 29.3948 49.5932 37.4295 48.0624 9.68823 19.4583 9.93649 107.575 95.9555 82.0207
internal_count=17953 17813 236 195 78 17577 3709 3616 2513 316 170 149 2197 1747 386 1361 1332 711 393 366 214 621 318 605 114 129 85 1103 1017 921
is_linear=0
shrinkage=0.05


Tree=58
num_leaves=31
num_cat=0
split_feature=8 15 0 14 2 1 14 10 15 15 9 4 9 3 2 14 11 14 5 13 0 1 3 10 14 9 14 8 5 15
split_gain=5.43319 6.45839 10.104 17.5795 13.9649 13.675 13.9532 7.74021 7.36715 7.35921 12.2866 18.1603 24.0461 14.907 14.6268 14.3433 14.2804 11.0552 10.9996 10.8463 13.47 11.0609 10.7351 10.0185 9.30709 12.4423 8.87077 7.44545 7.25362 7.6874
threshold=1.9623243667528005 1.7350773816224707 -1.0000000180025095e-35 1.7214739996381232 -0.23358316652132396 -0.13084959707568911 -2.0374318718970335 0.39191112944337742 2.0905528138425677 0.91858498720976367 0.32385491201808103 64.07621993633343 0.75326542667771856 1.0045439503380622 -1.0385302622561587 2.1832074064821567 -1312012.1000022886 -1.1680634940131871 60.251486294522415 -0.62884734893563132 -1.0000000180025095e-35 -0.21943116770949692 2.2630305065886769 -1.7908245692827323 -0.079205654599782516 1.3525269163587199 -0.67536957757107818 -0.45784137803233194 8.0863121185711773 1.3585022926750296
decision_type=2 2 2 2 2 2 2 2 2 2 2 2 2 2 2 2 2 2 2 2 2 2 2 2 2 2 2 2 2 2
left_child=1 9 4 -4 5 6 -3 8 -7 23 14 15 13 -13 17 16 -12 -11 -14 21 -21 -19 27 -1 25 -20 -27 -18 29 -29
right_child=-2 2 3 -5 -6 7 -8 -9 -10 10 11 12 18 -15 -16 -17 22 19 24 20 -22 -23 -24 -25 -26 26 -28 28 -30 -31
leaf_value=-0.021508461091742606 0.013276863811683257 0.12624264743293098 -0.046342463046115515 0.040115418467525345 -0.03090449204763461 0.062677560819901112 -0.0076185889345430149 0.10817399172236171 -0.055622407141120482 0.059141603219452291 0.14190715155923256 0.18835644959172582 0.09220734512944051 0.055356405851245509 -0.012579035567255675 0.095080203300753882 0.016995438428363239 -0.032775674551765464 -0.054913951114202456 0.0065033388459719071 0.079230218012515619 0.042198312156313568 0.068631699197836002 -0.00061230434443007836 -0.034551950740933299 0.017471747205400394 0.15890817089274478 0.054344031185549591 -0.040974704184714411 -0.029155300017116709
leaf_weight=61.752333180978894 69.907893186435103 2.0646343305706969 35.041959125548601 7.0648386403918257 25.497419934719801 4.1146540623158199 34.087076246738434 5.1658267546445131 1.9349122401326893 12.833261817693709 1.7333270423114289 4.5370996370911616 4.5962733626365671 3.9331952296197414 99.99040356837213 4.3327780086547127 16.23672310821712 20.814895095303658 2.0532334297895458 21.106966497376561 9.1166931204497832 6.441828701645135 4.6621539425104848 806.48852806910872 7.5759362354874584 2.0538973305374384 2.4087608307600021 5.0269816741347295 22.001515524461865 6.1029120814055204
leaf_count=1059 840 21 692 68 479 38 482 44 40 141 20 40 31 46 1500 42 220 225 30 225 79 40 36 10905 115 32 14 37 357 55
internal_value=-0.000285399 -0.00104953 -0.0123377 -0.0318362 -0.00106987 0.0149899 2.62638e-05 0.0632238 0.0248401 0.000103263 0.00752553 0.0227824 0.0567144 0.126598 -0.000291289 0.00744809 0.000639161 0.0171827 0.0250401 0.00781476 0.0284407 -0.0150564 -0.00389281 -0.00209851 0.00313248 0.0469476 0.0938134 -0.0107418 -0.024335 0.00855841
internal_weight=1310.68 1240.77 114.971 42.1068 72.8645 47.3671 36.1517 11.2154 6.04957 1125.8 257.559 87.2548 27.1584 8.47029 170.304 60.0964 55.7636 70.3136 18.6881 57.4804 30.2237 27.2567 54.0303 868.241 14.0918 6.51589 4.46266 49.3681 33.1314 11.1299
internal_count=17953 17113 1864 760 1104 625 503 122 78 15249 3285 1075 308 86 2210 767 725 710 222 569 304 265 705 11964 191 76 46 669 449 92
is_linear=0
shrinkage=0.05


Tree=59
num_leaves=31
num_cat=0
split_feature=2 2 14 10 12 3 14 7 1 6 16 8 10 1 3 10 7 3 1 5 2 4 14 13 9 5 16 15 1 10
split_gain=5.33961 5.59516 6.9281 6.22773 6.79562 6.75618 7.27978 6.26477 8.42471 7.41177 7.38109 7.05439 6.96204 6.9098 9.1067 10.1663 12.7299 12.0855 13.7083 8.60051 10.4832 7.70208 7.67711 11.5425 7.02674 6.94106 6.86734 7.02022 7.73584 8.72529
threshold=-835236.14072378271 -4.6733677313964224 -0.88833728961985881 -1.5902976062745178 -542.76699999999244 3.0328239820126508 -0.32975133332498335 -0.49136387728722863 -2.068497744930029 1.4521458948956154 -0.00029649999999999994 1.9623243667528005 -0.55416000738303717 0.76143074409465961 1.7763590167562009 0.85468646139316828 -0.079635873865715107 2.3576152770963739 0.22469032962465982 55.654141255164426 1.0748082743151339 88.12344843150629 2.5776382994342346 1.4173751415593709 2.4784626777567214 86.099033816424807 -0.00057289999999999999 -1.2440492871273481 0.2171560008217979 3.1814114662162543
decision_type=2 2 2 2 2 2 2 2 2 2 2 2 2 2 2 2 2 2 2 2 2 2 2 2 2 2 2 2 2 2
left_child=-1 2 -2 5 -5 -3 -7 8 12 -10 11 13 -6 14 19 16 -16 18 -18 20 -9 -21 24 -24 -15 -26 -13 -28 -29 -30
right_child=1 3 -4 4 7 6 -8 10 9 -11 -12 26 -14 22 15 -17 17 -19 -20 21 -22 -23 23 -25 25 -27 27 28 29 -31
leaf_value=-0.051461908689291229 -0.02879550463041701 -0.014313036252587542 0.03810227911452501 -0.019344191120621843 0.086675351738413633 0.10122202252387875 -0.017028572052982541 0.0015426319204915849 0.0046794274964743659 0.06649583943433901 -0.01161755930595074 -0.0075450551505086769 0.0048624022824844283 -0.021577974039020391 -0.026464495301428984 0.0019647634751158759 0.032200708615097461 0.027772510912549786 0.15088482547204607 -0.021203474719958034 0.096515155278337872 0.022522780262802949 -0.030730729187596308 0.13707175356055346 0.11155338753836815 -0.0072168655408353368 -0.016504571578296889 0.069099435760344358 -0.0007592163314531445 0.082971847917523739
leaf_weight=5.07630899734795 4.8915877006948021 109.17517766542733 18.5344721339643 41.329784533008933 5.961865022778511 2.6877882592380047 2.5234838519245377 352.6595563236624 315.32136177271605 4.9247585143893948 138.06227714009583 17.572354126721621 4.6119033172726613 72.179345609620214 6.0886243954300872 44.430366165935993 4.4112869054079074 16.669491542503238 5.4251208528876305 74.442353039979935 2.9297422282397738 11.646348796784876 2.0617771390825501 2.0376022011041641 2.0043819770216933 3.184550367295742 6.5888928100466719 13.306441823020579 13.496849941089751 4.0434415601193896
leaf_count=216 40 1865 104 701 34 28 30 4102 4239 52 2189 214 29 1316 66 494 36 144 56 1313 17 123 36 24 21 50 84 98 192 40
internal_value=-0.000281171 -8.1809e-05 0.0241334 -0.000525063 0.000567683 -0.0116582 0.0439609 0.00129981 0.0070799 0.00563004 -0.00111077 0.00110327 0.0509914 -0.000467437 0.00165874 0.0175233 0.0387315 0.0537076 0.0976591 -0.00110791 0.00232512 -0.0152881 -0.0140047 0.0526757 -0.0175378 0.0386617 0.0182406 0.0303445 0.0403515 0.0185427
internal_weight=1308.28 1303.2 23.4261 1279.78 1165.39 114.386 5.21127 1124.06 330.82 320.246 793.241 655.179 10.5738 600.171 518.703 77.0249 32.5945 26.5059 9.83641 441.678 355.589 86.0887 81.4677 4.09938 77.3683 5.18893 55.008 37.4356 30.8467 17.5403
internal_count=17953 17737 144 17593 15670 1923 58 14969 4354 4291 10615 8426 63 7798 6351 796 302 236 92 5555 4119 1436 1447 60 1387 71 628 414 330 232
is_linear=0
shrinkage=0.05


Tree=60
num_leaves=31
num_cat=0
split_feature=2 2 3 1 15 15 14 3 11 14 14 15 3 4 13 1 4 9 13 13 14 13 15 7 10 14 13 1 10 12
split_gain=5.22519 5.11072 5.39871 10.0101 6.82091 6.52226 7.91836 5.55813 7.69613 7.92448 6.93352 14.549 17.6457 19.9817 12.3561 11.9133 11.3836 10.868 9.95494 9.12844 12.6851 9.26021 8.91236 14.0478 9.67057 8.77063 15.2206 14.4348 22.2129 17.6108
threshold=15.796877144760289 -835236.14072378271 5.583700697654435 0.0019410581672001769 -1.0491655640053639 1.3925429252301715 -0.49652874246088391 -4.7652570898807802 -6826701.7500038138 3.1716352121127103 -0.079205654599782516 -0.42600159080333178 0.31673358976324595 36.87960284476322 0.45206126560672572 -0.057723545231418677 49.92711370262392 0.71533435813810831 0.40625809758096793 1.7338819016011111 -0.70495618408852623 -1.4707003759273565 0.10083552284931054 -0.44665760355313339 0.29688014919509803 0.28492584816431266 -0.18925762707083449 -0.31996642449303969 1.0000000180025095e-35 -320.31249999999994
decision_type=2 2 2 2 2 2 2 2 2 2 2 2 2 2 2 2 2 2 2 2 2 2 2 2 2 2 2 2 2 2
left_child=1 -1 7 -4 -5 6 -6 -3 -9 10 11 14 13 17 18 22 -17 -13 -10 20 21 -19 -14 24 -24 26 27 28 29 -12
right_child=-2 2 3 4 5 -7 -8 8 9 -11 25 12 15 -15 -16 16 -18 19 -20 -21 -22 -23 23 -25 -26 -27 -28 -29 -30 -31
leaf_value=-0.051389542593679775 -0.052012220224011134 0.012546824067107228 0.10181225297493919 -0.029888933031555827 -0.012990897687685047 -0.041654096785178257 0.065278601762923383 -0.039064430600590422 -0.011726866851857897 -0.045416200516767036 0.0072452974416908449 -0.00023281191061535518 0.084375762314857605 -0.022995254339092927 -0.042499056938925903 -0.04810404972614607 0.013184108272557327 0.068680817374770303 0.077427427573683927 0.13428553651464378 0.092907095876486656 -0.022476597425866069 0.021371692236672762 -0.01463219622690411 0.12342408995062891 0.00015014242548525131 -0.012332015943456377 0.012504345996536798 0.0092204999634928932 0.13198539910535093
leaf_weight=4.8353627016767851 4.8619265593588343 78.097698939964175 3.4232472479343441 7.3392955586314264 4.7183410525322023 2.8713506311178199 10.253775134682646 13.286031723022459 137.08851443976164 9.8668451812118274 3.8589116483926764 87.716835502535105 9.4145066887140292 104.41170887649059 36.078003590926528 8.3144081868231279 85.361652206629515 3.8584227636456534 3.2042644973844281 2.266971241682767 5.4453154392540464 10.023253984749315 4.8828961383551395 10.419120378792282 4.4251232482492924 526.38748728297651 36.78637676872313 62.590916413813829 13.319707740098236 10.606501810252668
leaf_count=216 140 554 15 77 37 30 62 287 2107 162 49 1099 72 1998 1017 89 1215 26 39 18 44 143 55 103 30 6668 709 683 118 91
internal_value=-0.000274538 -8.1213e-05 0.000110171 0.0215905 0.0106855 0.0273743 0.0406126 -0.000374534 -0.00122282 -0.000795415 -0.000417977 -0.00476939 0.00132683 -0.00735231 -0.0164018 0.0164299 0.00774435 0.00758955 -0.0096906 0.0393647 0.028231 0.00286068 0.0443497 0.0252479 0.0698884 0.00299704 0.0147818 0.0258181 0.0558096 0.0987087
internal_weight=1306.01 1301.15 1296.32 28.606 25.1828 17.8435 14.9721 1267.71 1189.61 1176.33 1166.46 512.911 336.54 213.723 176.371 122.818 93.6761 109.311 140.293 21.594 19.327 13.8817 29.1416 19.7271 9.30802 653.55 127.162 90.376 27.7851 14.4654
internal_count=17953 17813 17597 221 206 129 99 17376 16822 16535 16373 8055 4892 3328 3163 1564 1304 1330 2146 231 213 169 260 188 85 8318 1650 941 258 140
is_linear=0
shrinkage=0.05


Tree=61
num_leaves=31
num_cat=0
split_feature=2 16 15 10 6 3 10 13 2 14 9 6 15 9 14 15 10 8 6 13 14 15 14 3 15 0 2 4 5 8
split_gain=4.96027 5.01367 8.76635 13.9558 5.78814 7.12573 5.33552 5.23535 9.77634 9.07559 10.6664 9.23468 13.4999 10.539 9.18538 10.3086 12.7663 22.5247 10.8709 9.34455 15.3211 8.03204 12.2013 14.3851 9.56982 12.7651 13.3679 13.4898 13.4608 8.72507
threshold=15.796877144760289 -0.00072867499999999992 -1.1456827513897772 1.0451973871825018 0.90329182009308451 3.689285400506781 -0.6371111750537749 0.69153395322184519 -3.5728744322838701 0.0607526482329055 -1.591175614800181 -1.0988866598748956 -1.821257603800176 -1.2414808563240911 -1.0087884449962263 -0.47652833560612712 -0.29172445849580925 -0.81290055953045603 0.78738699148288138 2.2958979212800097 -2.181699043835692 -0.92276765044522768 -2.2240077775223943 0.92998170722290041 1.5040240590109482 -1.0000000180025095e-35 -0.67984287831986079 44.262295081967032 1.1299795709906795 2.4968123496833368
decision_type=2 2 2 2 2 2 2 2 2 2 2 2 2 2 2 2 2 2 2 2 2 2 2 2 2 2 2 2 2 2
left_child=1 2 3 -1 5 6 -4 21 -9 14 -11 12 13 -12 15 -10 -17 -18 19 20 -19 22 23 -3 -23 26 27 -26 -29 -24
right_child=-2 7 4 -5 -6 -7 -8 8 9 10 11 -13 -14 -15 -16 16 17 18 -20 -21 -22 24 29 -25 25 -27 -28 28 -30 -31
leaf_value=-0.010218988201318439 -0.051911044217360647 0.08978629500810284 0.0036668438136179746 0.11171496674354825 -0.048924009753562321 0.087416478801989633 -0.029820724104740921 0.098087895605456471 -0.039449478540184491 -0.037816502924459629 0.18658143746936792 -0.00010773095109357487 0.0079565361120597453 0.051469131708460104 -0.038534111902733502 -0.03584230049804104 0.20199857217146838 0.12010992445024793 -0.04512676154217532 -0.054768479796096475 0.014664083907254178 0.0075100970328019177 -0.008914044706925122 -0.053333824258636725 0.012128083867133665 -0.026428738808858477 -0.015537990060404025 0.026889331590467493 0.16517552676646771 0.066175705686767602
leaf_weight=7.2754032015800458 4.6335939057171336 6.5928956195712072 20.771824743598696 3.4639030303806067 13.401027381420134 1.7418610118329514 27.83217830397189 2.2329635061323634 16.18886424228549 15.842499760910867 2.1493835132569075 106.44109824113548 13.143123073503373 4.3932994492352035 37.064704785123467 11.36019468680024 1.7304433863610054 5.049827311187987 5.6960218977183095 2.559435822069644 10.838859276846051 610.41167724784464 234.76008711010218 2.3929589260369539 32.798787077888846 52.6352703794837 38.75732752494514 3.9830572456121436 3.1526277028024197 3.9333626162260762
leaf_count=140 140 61 318 38 227 27 436 24 511 325 18 1664 207 56 901 300 26 50 129 41 194 7190 3044 47 343 804 577 33 39 43
internal_value=-0.000270587 -8.63254e-05 -0.0126809 0.0291101 -0.0197213 -0.0119482 -0.0155092 0.000680045 -0.00603385 -0.00703404 0.000853375 0.00571061 0.0371703 0.0958558 -0.0194088 -0.00613986 0.00834243 0.0277417 0.0152524 0.033895 0.0481774 0.00227259 -0.00552344 0.051673 0.00487582 -0.00736839 0.00538066 0.0256827 0.0879858 -0.00767666
internal_weight=1303.23 1298.59 74.4862 10.7393 63.7469 50.3459 48.604 1224.11 234.691 232.458 141.969 126.127 19.6858 6.54268 90.4884 53.4236 37.2348 25.8746 24.1441 18.4481 15.8887 989.418 247.679 8.98585 741.739 131.327 78.6918 39.9345 7.13568 238.693
internal_count=17953 17813 1186 178 1008 781 754 16627 4446 4422 2270 1945 281 74 2152 1251 740 440 414 285 244 12181 3195 108 8986 1796 992 415 72 3087
is_linear=0
shrinkage=0.05


Tree=62
num_leaves=31
num_cat=0
split_feature=2 10 1 3 3 1 16 11 6 1 15 1 14 11 15 15 14 16 16 6 3 13 15 15 8 0 2 1 5 4
split_gain=4.81767 4.84009 10.5928 6.61877 10.4255 10.3081 11.3665 8.22305 5.73517 12.9879 6.25209 5.85427 9.93296 8.01597 7.88376 7.19738 8.08196 6.56631 5.82332 6.99317 7.87605 6.47697 11.7789 13.4905 14.2408 13.033 19.0068 15.1057 13.951 11.5633
threshold=-835236.14072378271 2.2284457712842705 2.8699444623166497 -1.0904088193828809 3.8138044004716192 -0.73352512913525314 -0.00045897999999999995 6561594.0500030527 1.4752586221855906 1.4763671633846436 -1.1623673808476975 -2.068497744930029 2.5230746127160919 -3646897.7000007625 -1.571144568045969 -1.1456827513897772 -0.88833728961985881 -0.00063397499999999984 -0.00072867499999999992 0.90329182009308451 3.689285400506781 -0.17482927398788559 0.46133714410846555 -1.501088871383194 0.80703302853539827 1.0000000180025095e-35 -0.52241122545249685 0.33543118637978775 99.729729729729783 62.500000000000028
decision_type=2 2 2 2 2 2 2 2 2 2 2 2 2 2 2 2 2 2 2 2 2 2 2 2 2 2 2 2 2 2
left_child=-1 2 8 5 -5 -3 -7 -6 11 10 -10 12 13 -2 -15 -16 -17 -18 19 20 -13 -20 23 24 29 -25 -27 28 -28 -23
right_child=1 3 -4 4 7 6 -8 -9 9 -11 -12 18 -14 14 15 16 17 -19 21 -21 -22 22 -24 25 -26 26 27 -29 -30 -31
leaf_value=-0.05132609460815394 -0.030785387434500239 0.001725789693091133 -0.049964999802872001 -0.0079139012773165023 0.026877434613337872 0.030361754009055782 0.16836567884324549 0.13620187244587187 -0.04710908988077897 0.1506260775455561 0.029266634042128033 -0.012276911007292248 0.10128555632865364 -0.061090011610251661 0.098563213975752823 -0.02038219805561383 -0.018662132246502611 0.044759694080761428 0.0025188992690403506 -0.051227420872961643 0.087644508393078135 0.026719367039372607 0.0045400094468937557 -0.031776672490715106 -0.031180836724230939 -0.044299579730018968 0.02361510579226889 -0.027743412634786177 0.1492030503766277 -0.021440861635231255
leaf_weight=4.6037237467244259 9.825067210942505 6.3162169121205807 10.846217408776281 37.012847607955337 10.38491567596793 3.2780193537473679 2.7385390996932966 2.0614806599915019 3.4048007111996421 1.920120134949683 12.578531604260206 50.698964850977063 3.153914548456668 2.8440194129943839 3.0747917126864186 9.6374941393732971 5.013514861464496 21.945575620979081 649.19486944191158 11.627293059602378 2.0519276522099963 51.010203063488007 178.30481337569654 101.6902362331748 22.239662259817123 20.072168981656432 30.291828429326415 15.058859221637247 2.3854546248912802 16.49364572390914
leaf_count=216 124 72 208 513 103 24 26 23 49 23 139 823 20 25 24 70 29 121 7353 214 25 779 2997 2244 389 350 361 279 26 304
internal_value=-0.000268009 -8.6799e-05 -0.000769875 0.0135695 0.00539801 0.0463402 0.0931766 0.0449847 -0.000334127 0.0277575 0.0129969 -0.000750944 0.0151111 0.00991838 0.0193248 0.0250897 0.0189165 0.0329653 -0.00151564 -0.0161269 -0.00839012 -0.000650067 -0.00535191 -0.0121555 0.00351971 -0.020455 -0.00347614 0.0136894 0.0327831 0.0149521
internal_weight=1301.76 1297.16 1235.36 61.792 49.4592 12.3328 6.01656 12.4464 1224.52 17.9035 15.9833 1206.61 55.4944 52.3405 42.5154 39.6714 36.5966 26.9591 1151.12 64.3782 52.7509 1086.74 437.547 259.242 89.7435 169.499 67.8083 47.7361 32.6773 67.5038
internal_count=17953 17737 16976 761 639 122 50 126 16768 211 188 16557 413 393 269 244 220 150 16144 1062 848 15082 7729 4732 1472 3260 1016 666 387 1083
is_linear=0
shrinkage=0.05


Tree=63
num_leaves=31
num_cat=0
split_feature=14 1 10 1 7 3 9 3 8 16 4 15 13 0 13 1 8 14 14 3 2 3 14 14 10 14 14 9 8 15
split_gain=4.69949 4.64556 4.38273 10.2124 6.1712 8.42277 15.6168 10.0558 7.98241 7.16134 5.85524 5.54498 9.13737 11.0511 12.062 11.1884 10.5869 8.98849 9.54524 7.7578 9.31387 7.68705 8.54575 15.8646 7.99161 7.66795 7.57523 7.48736 9.83214 7.324
threshold=-3.070608362623783 -1611.4664513899866 2.2284457712842705 2.8699444623166497 1.2719026641762092 4.4919965077427433 1.16841502495644 -1.0689809568035959 2.1022511239160737 -0.00062591999999999997 36.136161412115847 1.7350773816224707 1.9481496707351209 -1.0000000180025095e-35 -0.48160438479667217 0.41900041504624363 1.8915451471340077 -0.51839191908158966 -1.1680634940131871 0.50733074505707498 -2.0602118917460461 -4.3823509025466381 1.9129916210691806 0.21789703030714283 -2.325485449874257 -1.7977502779347485 1.7214739996381232 -1.3685858159593807 0.74018167997789031 0.91858498720976367
decision_type=2 2 2 2 2 2 2 2 2 2 2 2 2 2 2 2 2 2 2 2 2 2 2 2 2 2 2 2 2 2
left_child=-1 -2 3 11 5 6 7 -4 9 -9 -8 21 13 14 15 17 -16 18 -13 20 -19 22 23 27 25 -23 -15 -3 -29 -26
right_child=1 2 4 -5 -6 -7 10 8 -10 -11 -12 12 -14 26 16 -17 -18 19 -20 -21 -22 24 -24 -25 29 -27 -28 28 -30 -31
leaf_value=-0.040755964239386114 -0.051290843487922511 0.052201830996761428 0.13017402632803196 -0.049578342958370242 -0.0018521765717921951 0.090268454302763479 0.031782833082503868 0.10464231984149881 0.12225033784297056 -0.014128764984357342 -0.048956906229778732 0.017990382327457283 0.046655093986377655 -0.046188998055679109 -0.02968895776169711 -0.054182768527858874 0.10362125728845717 -0.026256968594655351 0.14133996411956343 -0.054540104906546073 0.049402768134875714 0.084099309802662378 0.05695650013854623 -0.022738679118301967 -0.0017119737814241286 -0.034061065561352952 0.02128648611027241 -0.012752964336315549 0.058006926458467695 0.0086342911310316132
leaf_weight=7.1263973806053391 4.406656213104724 18.230981813743707 3.2828944884240654 10.517668858170508 32.617424285039306 4.807845599949359 3.1319406256079656 1.5653080847114331 1.8892720155417908 6.7079550251364717 7.9335186891257763 2.9852335341274738 6.511777887120842 30.664733905345201 32.608534470200539 4.5838500354439011 1.560580477118491 5.7373061552643838 3.3044916465878513 3.3860299959778777 13.977004092186688 1.4540084879845405 11.042472589761017 24.184704978018999 784.416214838624 24.648995522409678 4.812288809567689 15.779853247106081 7.1262775510549536 218.74971890076995
leaf_count=138 213 128 22 213 391 42 32 24 21 100 121 35 89 630 643 78 24 47 21 52 133 33 76 195 10938 472 54 96 34 2858
internal_value=-0.000264213 -4.0977e-05 0.000134335 -0.000521092 0.0131112 0.0297582 0.017889 0.0540953 0.0295189 0.00834282 -0.0261045 -9.6694e-05 -0.0107957 -0.0144061 -0.00262424 0.0184724 -0.0236004 0.0298042 0.0827957 0.0153757 0.0273841 0.000969033 0.0162751 0.00939802 -0.000166566 -0.0274792 -0.0370363 0.0282913 0.00926099 0.000544126
internal_weight=1299.75 1292.63 1288.22 1226.28 61.9362 29.3187 24.5109 13.4454 10.1625 8.27326 11.0655 1215.77 110.132 103.62 68.143 33.9739 34.1691 29.3901 6.28973 23.1003 19.7143 1105.63 76.3643 65.3218 1029.27 26.103 35.477 41.1371 22.9061 1003.17
internal_count=17953 17815 17602 16849 753 362 320 167 145 124 153 16636 1806 1717 1033 366 667 288 56 232 180 14830 529 453 14301 505 684 258 130 13796
is_linear=0
shrinkage=0.05


Tree=64
num_leaves=31
num_cat=0
split_feature=14 3 2 3 8 13 13 7 14 10 15 9 1 5 3 16 15 16 14 14 14 15 15 13 9 11 15 2 5 3
split_gain=4.39561 4.42727 4.24495 4.55006 6.23136 7.99621 10.4948 7.19256 5.52822 5.3422 8.32783 8.2933 15.5587 5.52429 6.63916 9.31043 4.91231 4.83071 4.6603 8.76565 11.2918 13.5665 17.3498 29.4904 24.0416 13.8585 12.6373 13.6096 17.7533 11.1869
threshold=-3.070608362623783 -6520647.096667219 15.796877144760289 -5.974688491397143 0.26778898630657139 -2.2181690019474649 -0.49239705841268888 -0.90214159745418387 3.0568962006617322 -1.8849656319009325 0.91858498720976367 -2.3776384170865632 -1.3525216378637295 15.632405213270369 -2.234804530184284 -0.00056880999999999989 2.8601677370361043 -0.00068094999999999994 -0.14390037615229354 -0.82865979811143642 -1.2588801158655734 -1.2440492871273481 0.18525013985124536 -0.30312927465349043 -0.77384378521776354 -1612118.8999977109 -1.0000000180025095e-35 0.57121202551055594 56.089321028345154 0.95635608774022574
decision_type=2 2 2 2 2 2 2 2 2 2 2 2 2 2 2 2 2 2 2 2 2 2 2 2 2 2 2 2 2 2
left_child=-1 -2 3 4 5 -3 7 -7 9 10 -5 12 -12 14 -13 -16 18 -6 19 20 -11 -22 23 24 25 -23 27 28 -26 -21
right_child=1 2 -4 8 17 6 -8 -9 -10 16 11 13 -14 -15 15 -17 -18 -19 -20 29 21 22 -24 -25 26 -27 -28 -29 -30 -31
leaf_value=-0.040096273663006658 -0.051518213115634204 0.080690176032461688 -0.051687977805655684 -0.026033206823087351 -0.02461122712463399 0.0093663294192859719 0.053640625162581147 -0.051557664691274631 -0.02938101025125936 -0.0049918410542492183 -0.032643255570590023 -0.011979005533744905 0.15196288675459166 -0.035498587524101108 -0.019754729326687509 0.14814998815638394 -0.031515683855360015 0.055919025237550803 0.003973420099055389 -0.019989695312440173 -0.032074790377979605 0.050615436826092222 0.0032605209552869874 -0.0096311922693585114 0.0050810170835180425 0.16884619495385658 0.15184413510545283 -0.042186375232448524 0.14137868497970318 0.0075677187015537857
leaf_weight=6.8875605519860974 4.1642034556716672 2.9475410282611838 3.9416760001331559 44.500108476728201 2.2046812959015361 8.9198830127716118 5.6531696394085911 10.603164844214914 16.097310362383723 194.59932864271104 2.0295738819986582 5.3672621678560972 2.6080006454139975 7.6773753985762587 1.4264649040997031 1.9601421747356669 11.572081979364155 11.988831531256436 657.83363370783627 119.82009411789477 13.89445826038718 3.6510566417127848 62.248605659231544 16.453398359939456 6.3893647156655806 7.7178110443055647 2.1338907480239859 5.3871895596384993 3.8160544857382774 53.169653277844191
leaf_count=138 213 13 133 842 13 58 41 76 264 3265 31 68 30 156 22 26 218 62 8147 1721 252 37 860 331 74 59 21 69 30 683
internal_value=-0.000258847 -4.62755e-05 0.000120317 0.000279525 0.0164021 0.00277165 -0.00635077 -0.0237221 -0.000270532 0.000112232 -0.0137722 0.0121247 0.0711724 -0.00454103 0.0226096 0.0774272 0.000897938 0.0434102 0.00122493 -0.0024704 0.00247897 0.0144257 0.0204193 0.0438691 0.0741234 0.130877 0.0377247 0.0221071 0.056046 -0.0115197
internal_weight=1297.66 1290.78 1286.61 1282.67 42.3173 28.1238 25.1762 19.523 1240.35 1224.26 65.5689 21.0688 4.63757 16.4312 8.75387 3.38661 1158.69 14.1935 1147.11 489.281 316.291 121.692 107.797 45.5488 29.0954 11.3689 17.7265 15.5926 10.2054 172.99
internal_count=17953 17815 17602 17469 263 188 175 134 17206 16942 1175 333 61 272 116 48 15767 75 15549 7402 4998 1733 1481 621 290 96 194 173 104 2404
is_linear=0
shrinkage=0.05


Tree=65
num_leaves=31
num_cat=0
split_feature=1 16 15 9 6 8 7 15 8 8 1 8 1 8 9 14 16 3 11 14 4 5 13 9 15 15 14 4 6 3
split_gain=4.22007 4.14961 11.9055 6.80199 7.51868 4.4522 6.1396 9.40418 5.46877 5.99952 5.25797 12.2684 10.9873 8.23883 5.52084 5.21276 5.01031 6.13557 7.63532 16.5895 11.8642 11.7704 7.99311 12.7362 7.45453 7.35955 8.78047 10.1156 9.35353 7.91126
threshold=-1611.4664513899866 -0.00077949999999999992 -1.3318014315187761 -0.75913757104023272 0.13901436182026791 1.9199334917521336 1.2813819300468936 -1.1623673808476975 2.3440864069370857 2.2023873971179033 0.76143074409465961 -1.7573828329403962 0.90148386951102166 -1.906285315703206 2.8751753589771476 0.58676541066193444 -0.00030617999999999992 -3.7644387536131085 3025792.4000015263 1.1307659248707032 17.647058823528152 36.986301369863163 -0.41628849476360635 -2.3776384170865632 -2.9263127502481958 1.0553330457229533 2.6424328519926301 66.666666666666643 -1.2810339238558139 0.74215613429354899
decision_type=2 2 2 2 2 2 2 2 2 2 2 2 2 2 2 2 2 2 2 2 2 2 2 2 2 2 2 2 2 2
left_child=-1 2 3 -2 -5 10 7 -7 9 -8 14 12 -12 -14 16 -16 -3 -18 22 20 -20 -21 23 -19 -24 -26 27 28 -27 -29
right_child=1 5 -4 4 -6 6 8 -9 -10 -11 11 -13 13 -15 15 -17 17 18 19 21 -22 -23 24 -25 25 26 -28 29 -30 -31
leaf_value=-0.05121641908253232 -0.020024306768106945 0.0021516683265747792 -0.028903435204329614 0.1526847996166682 0.016551245291342939 -0.044455221919764087 0.001899145499100959 0.04919852880228584 0.018038671320130466 -0.052406214935072741 0.19781584113129233 -0.013788269821110678 -0.02017634082348671 0.1300871665128874 0.11633924585339922 0.0020190350227799348 -0.04682006950005245 0.12012327995842753 0.1288139592586644 0.018731005314026092 -0.044602275398807713 0.18579199963905507 0.080543767619865342 4.5115928105859936e-06 -0.029863024836252056 0.084995535193498103 0.11018465718532613 0.15535346397998492 -0.037633063348831736 0.0011704727141422092
leaf_weight=4.0495330598205319 2.4827548768371344 868.73766932450235 31.851481942459941 2.041472313925623 2.0157511532306671 3.1533556655049351 17.20408442243934 17.87412153929472 28.682807113975286 7.2204806804656974 1.1816570628434409 114.19057590141892 2.9891239926218982 1.3128808047622444 2.005201186984777 1.983528885990381 9.1429864801466447 2.26691742055118 1.2015333324670772 1.879472631961107 5.5052576474845409 2.4015589207410812 1.8483002837747324 83.175891937687993 59.357807295396924 1.7657994646579052 1.8121467307209957 1.5638246573507779 13.026110269129278 1.7777933366596697
leaf_count=213 52 10906 586 15 33 51 204 188 324 92 17 2083 62 18 24 18 134 30 6 21 111 29 31 1165 1146 32 28 13 293 28
internal_value=-0.000254278 -9.45035e-05 -0.0162866 0.0451606 0.0850495 0.000401514 0.0122867 0.0351539 0.0032326 -0.0141548 -0.000345739 -0.0102801 0.0627737 0.0256809 0.00077643 0.0594897 0.000554545 -0.00687605 -0.0048195 0.0355505 -0.0135345 0.112448 -0.00748212 0.00319143 -0.01872 -0.0210336 0.00524273 -0.00524448 -0.0229941 0.0733257
internal_weight=1295.7 1291.65 38.3915 6.53998 4.05722 1253.26 74.1348 21.0275 53.1074 24.4246 1179.13 119.674 5.48366 4.302 1059.45 3.98873 1055.46 186.725 177.582 10.9878 6.70679 4.28103 166.595 85.4428 81.1518 79.3035 19.9457 18.1335 14.7919 3.34162
internal_count=17953 17740 686 100 48 17054 859 239 620 296 16195 2180 97 80 14015 42 13973 3067 2933 167 117 50 2766 1195 1571 1540 394 366 325 41
is_linear=0
shrinkage=0.05


Tree=66
num_leaves=31
num_cat=0
split_feature=14 2 3 1 9 14 14 15 15 5 1 14 13 14 9 2 4 10 14 14 3 4 0 9 13 6 12 1 4 14
split_gain=4.10002 4.08035 4.25867 5.72468 6.24405 4.12859 9.42756 4.96512 5.20679 4.04066 14.049 14.2645 15.5568 14.3531 7.98469 7.63976 17.3422 21.0623 25.8945 8.6202 9.80687 12.9698 13.7662 8.06361 10.2474 10.5625 6.54592 6.48217 6.7242 6.41574
threshold=-3.070608362623783 15.796877144760289 5.583700697654435 0.0019410581672001769 -0.75913757104023272 -0.55654942961445641 -0.12344322535822048 1.1392808168151505 -1.3473212192192674 98.086080586080826 0.068991239040225069 -1.241324829669509 -1.0559181830231135 1.6096966182560863 1.2223738999307534 1.6756706200416296 55.55555555555555 0.44247787912973829 0.21789703030714283 -0.64300935567897965 3.1259419839306721 99.999985783507185 1.0000000180025095e-35 -0.35933197297208858 -2.3937235826605949 1.3364627213616869 668.63300000038009 2.1318445206946364 76.923076923077176 0.039594645648593711
decision_type=2 2 2 2 2 2 2 2 2 2 2 2 2 2 2 2 2 2 2 2 2 2 2 2 2 2 2 2 2 2
left_child=-1 2 9 -4 -5 -6 -7 8 -8 27 11 -11 -13 14 -14 23 17 -17 -19 20 21 -18 -23 24 -12 26 -26 -2 -29 -28
right_child=1 -3 3 4 5 6 7 -9 -10 10 15 12 13 -15 -16 16 19 18 -20 -21 -22 22 -24 -25 25 -27 29 28 -30 -31
leaf_value=-0.039449965893524147 0.00058521755253531022 -0.051565536764634573 0.075225058412146925 -0.041657217891505789 -0.019099301993266794 0.084075122046634393 -0.032667657503260603 -0.061527096731251264 0.055080369935462926 -0.056415057036286256 0.09792135343590995 0.078126614790356819 -0.057689489716371334 0.095687857654819686 0.058744577554806811 -0.054468183483130476 -0.0073333012093704675 0.019777337679606155 0.27874743636640381 -0.021135396435012537 -0.02503032031655756 0.027275332063412178 0.19523601309652208 -0.035589796373530234 -0.024062781942482653 0.10281938946540099 0.16368557361601763 -0.0046252180761514744 0.12242446399664453 0.0016394466427624766
leaf_weight=6.63628390058875 1071.729777934961 3.8320869859307995 3.9262086562812355 4.6977334693074289 4.6296100281179031 5.9594132415950378 2.6292128860950523 2.2215570472180843 4.7354758381843318 4.576521240174773 2.2536651939153662 12.69419772550464 6.9965004660189098 2.8571290858089933 1.8649225309491155 1.8704575020819891 4.2822797242552024 1.9202823117375376 1.9409044310450552 37.827128527686 6.2577174250036469 2.4213602431118488 2.4586845934391022 51.35854765959084 33.123385366052389 1.9073439668864001 0.92370820604264681 1.9580102283507574 2.2247534170746803 1.8032159246504305
leaf_count=138 14499 140 30 42 42 31 34 22 34 53 10 71 80 20 12 28 84 26 23 567 90 35 13 1022 650 39 22 33 26 37
internal_value=-0.000250098 -4.81065e-05 0.000105641 0.019116 0.0102592 0.0223477 0.034691 0.00399067 0.0237541 -0.000330514 -0.00727889 0.0245916 0.0397774 -0.00176454 -0.0331855 -0.013424 0.000604619 0.0832431 0.149954 -0.00829077 0.0232186 0.0561718 0.111898 -0.0224793 -0.00565072 -0.0118327 -0.0179325 0.000827672 0.0629507 0.0565304
internal_weight=1294.52 1287.88 1284.05 28.7992 24.873 20.1753 15.5457 9.58625 7.36469 1255.25 179.338 28.9893 24.4127 11.7186 8.86142 150.349 58.9788 5.73164 3.86119 53.2472 15.42 9.16232 4.88004 91.3699 40.0113 37.7577 35.8503 1075.91 4.18276 2.72692
internal_count=17953 17815 17675 235 205 163 121 90 68 17440 2882 236 183 112 92 2646 866 77 49 789 222 132 48 1780 758 748 709 14558 59 59
is_linear=0
shrinkage=0.05


Tree=67
num_leaves=31
num_cat=0
split_feature=2 2 14 11 9 10 11 5 8 3 2 1 9 12 9 14 4 3 10 9 3 9 15 13 14 9 6 5 13 13
split_gain=4.06815 3.9826 5.5434 5.01219 6.15785 5.81659 5.78792 5.14967 8.36294 8.13303 9.2397 8.95763 10.1951 8.05849 7.84541 9.64298 8.31529 12.4883 11.3512 11.2675 12.9795 19.0972 7.845 9.7966 9.45572 10.559 8.80212 11.4455 7.80038 18.7757
threshold=-835236.14072378271 -4.6733677313964224 -0.88833728961985881 -2331420.9500007625 0.80775035445115539 -1.5902976062745178 -1451364.7999992368 50.000000000000654 -1.1563250665284663 2.1726138750636865 1.2850417621258214 1.9899548525626238 -0.07622615394540451 -683.11600000015449 -0.99452293572348693 -2.3871623731602534 70.389266817838291 -1.3009047526256474 -0.094215514845066753 0.13038183073716231 0.824820875933438 0.71533435813810831 -0.27865414107967562 -1.325930850410709 0.64638236540407634 2.5835592829368825 -0.7268923618518276 76.569538288288825 -0.3821957831410176 -0.3247939097856915
decision_type=2 2 2 2 2 2 2 2 2 2 2 2 2 2 2 2 2 2 2 2 2 2 2 2 2 2 2 2 2 2
left_child=-1 2 -2 4 -3 6 -5 13 -9 11 -11 14 -13 -7 15 -10 17 -16 19 -18 21 -21 24 -24 -12 26 27 -26 -25 -30
right_child=1 3 -4 5 -6 7 -8 8 9 10 22 12 -14 -15 16 -17 18 -19 -20 20 -22 -23 23 28 25 -27 -28 -29 29 -31
leaf_value=-0.051177186190822434 -0.027928474993101911 -0.0098207056000356244 0.032577495022243927 0.011527605076374806 0.10211899509972173 -0.038254989415635127 -0.021254149049541555 0.024427725693722088 0.099813636943850856 0.035361524057797987 -0.038450133166626418 0.14390606287603078 -0.012652776058880422 0.0050556844980134061 0.015810494836525388 0.00108349866938496 -0.032413252184580896 -0.028191471101530714 -0.013257938320560592 0.19023650948604517 -0.001112494404989684 -0.0047844485975410654 0.061462702991875943 -0.023260524256074944 -0.053700735021649751 0.095492929780471747 -0.023212731575521242 0.11601052227308489 0.16715272886049851 0.0078469306289852599
leaf_weight=3.908921690657734 4.7463894896209267 152.84530152380466 18.698034480214119 17.952245734632015 1.2385274861007918 10.921463476493953 53.865824995562434 25.968231013044715 2.6183108109980813 21.496675318107009 23.065420435741544 1.9956946708261964 2.171138819307088 646.35336948744953 18.604339845478535 44.611123748123646 3.6092360839247695 120.99630129896104 32.864834353327751 3.5190715231001359 3.6461877394467592 1.9513780102133749 8.5545181781053525 17.146773137152195 1.5255699045956195 2.9278136454522601 16.019072972238064 2.8483236823230982 2.0062214098870781 23.688697751611471
leaf_count=216 40 2532 104 251 14 184 941 390 27 207 401 27 32 7566 261 696 55 2412 484 28 60 25 57 214 26 31 254 33 21 364
internal_value=-0.000246155 -9.16404e-05 0.0203279 -0.000470075 -0.00892093 0.000702045 -0.0130597 0.00165319 -0.00296492 -0.00496381 0.00568169 -0.0103309 0.0623307 0.00433602 -0.0116336 0.00655691 -0.0162727 -0.0223274 0.00226705 0.0423606 0.0719633 0.12067 -0.000843181 0.0126112 -0.0157508 0.00670005 -0.00604793 0.0568169 0.0028567 0.0202853
internal_weight=1292.37 1288.46 23.4444 1265.01 154.084 1110.93 71.8181 1039.11 381.835 355.867 119.279 236.588 4.16683 657.275 232.421 47.2294 185.191 139.601 45.5907 12.7259 9.11664 5.47045 97.7824 51.3962 46.3862 23.3208 20.393 4.37389 42.8417 25.6949
internal_count=17953 17737 144 17593 2546 15047 1192 13855 6105 5715 1608 4107 59 7750 4048 723 3325 2673 652 168 113 53 1401 656 745 344 313 59 599 385
is_linear=0
shrinkage=0.05


Tree=68
num_leaves=31
num_cat=0
split_feature=2 2 3 1 9 14 14 15 15 5 14 9 3 3 15 3 13 13 15 12 15 15 2 13 16 11 9 15 13 8
split_gain=3.86513 3.88458 4.30055 8.41631 5.8113 4.32287 9.43575 4.43873 4.62926 4.11836 7.18481 6.80064 9.38571 9.46724 12.1869 16.3475 13.2935 9.14636 14.4981 9.97545 9.06415 8.84426 12.591 7.93937 7.16951 8.44463 8.02946 8.2748 7.01344 15.0585
threshold=-835236.14072378271 15.796877144760289 5.583700697654435 0.0019410581672001769 -0.93040095765441444 -0.55654942961445641 -0.12344322535822048 1.1392808168151505 -1.3473212192192674 1.0000000180025095e-35 -2.3265227023050339 -0.2595891523089251 -2.8596488812812564 -0.90882227140537208 0.6319064095996143 1.0045439503380622 -0.21142716316637652 -0.31570422754272304 0.47852846089155526 516.84999999986042 -2.2760941290878134 -0.66169365148317694 -1.2203961123214522 -0.2325909241385882 -0.00050592999999999992 897353.70000076306 -2.5007068225906166 2.0504001166934311 -0.52445322613187562 0.31148807644340432
decision_type=2 2 2 2 2 2 2 2 2 2 2 2 2 2 2 2 2 2 2 2 2 2 2 2 2 2 2 2 2 2
left_child=-1 2 9 -4 -5 -6 -7 8 -8 10 -2 12 24 17 15 16 21 -14 -19 23 -18 22 -15 -20 25 26 -12 28 29 -28
right_child=1 -3 3 4 5 6 7 -9 -10 -11 11 -13 13 14 -16 -17 20 18 19 -21 -22 -23 -24 -25 -26 -27 27 -29 -30 -31
leaf_value=-0.051119287643208389 -0.048989746772534933 -0.051497346070315343 0.09444010657249309 -0.047151732680481687 -0.02130406361717575 0.080740443268618609 -0.032811561481199895 -0.060595917084689567 0.048848732812555834 -0.0022700721703434895 -0.029133378973799702 0.014330021777404764 -0.037190262192160407 0.090071206601389689 -0.043073295488203711 -0.036597372564561886 0.11630675585385651 -0.043476308391119406 0.094735447609062634 0.14905250986583318 -0.017533444722434947 0.082190404919576035 -0.030967035200531214 0.0019692883989111589 -0.0080908250679473884 -0.064657478877981567 -0.0028571862958876124 -0.030343550872773396 0.054708767733996591 0.063284311345881694
leaf_weight=3.722386489622294 6.2997238058596841 3.6651826985180369 3.2988332509994533 3.8359303623437944 4.8958226293325504 6.186602246016272 2.6836016103625351 2.2040604837238789 4.9124987684190025 874.72495279833674 6.8046036250889292 125.71059104800224 39.046686396002769 3.6174190640449524 10.183773504570125 10.921026825904844 1.4013305436819745 14.26320377551019 2.5838713720440891 1.4036692045629013 13.003838391974574 13.685922477394337 5.29158663749695 21.483430076390508 34.508129296824336 2.8794978987425557 24.97516193240881 5.5957981795072547 23.401729920879006 13.129219658672808
leaf_count=216 93 140 15 38 44 32 35 23 34 13868 63 962 406 26 134 88 17 266 20 12 195 77 56 336 273 22 155 69 171 67
internal_value=-0.000243183 -9.59884e-05 5.08591e-05 0.0194251 0.00941385 0.0198044 0.0323936 0.00187335 0.0199992 -0.000381691 0.00396301 0.00485522 5.59486e-05 -0.00871158 0.00659952 0.0171556 0.0330214 -0.0200043 -0.0031157 0.0194854 -0.00451351 0.0569514 0.0181794 0.0119287 0.0108395 0.019347 0.0226199 0.027868 0.0331641 0.0199325
internal_weight=1290.32 1286.6 1282.93 28.0173 24.7185 20.8826 15.9868 9.80016 7.5961 1254.92 380.19 373.89 248.18 136.886 58.1049 47.9211 37.0001 78.7809 39.7342 25.471 14.4052 22.5949 8.90901 24.0673 111.294 76.786 73.9065 67.1019 61.5061 38.1044
internal_count=17953 17737 17597 221 206 168 124 92 69 17376 3508 3415 2453 1633 593 459 371 1040 634 368 212 159 82 356 820 547 525 462 393 222
is_linear=0
shrinkage=0.05


Tree=69
num_leaves=31
num_cat=0
split_feature=14 6 9 3 16 15 10 6 3 10 12 15 8 8 10 15 10 1 1 6 8 14 8 15 9 14 9 1 14 2
split_gain=3.71167 3.79872 5.84797 4.48193 3.77287 6.26237 11.3919 5.5004 5.13174 5.24839 4.10297 3.87071 13.6155 8.49481 8.3578 9.01344 8.89538 8.08772 12.0883 10.7405 9.34476 10.1655 16.4256 12.7192 10.4228 9.68567 9.33612 9.34016 11.4682 8.79267
threshold=-3.070608362623783 -1.4971432633495703 -0.89130063208264176 -3.4266645151642021 -0.00072867499999999992 -1.1456827513897772 1.0451973871825018 0.90329182009308451 3.689285400506781 -0.6371111750537749 -2250.2834999999027 -0.92276765044522768 0.70292662322770827 2.4968123496833368 -1.2797304216845766 -1.571144568045969 1.2537443450776244 0.55790701299595513 0.45560041360004583 0.13901436182026791 -1.1768150599172285 0.56668692627809925 -0.14675884158028227 -2.5709330626477707 0.26742036413997944 -2.3871623731602534 0.21210830930608546 -0.16193097841639645 1.4072086452138828 0.38920652757060775
decision_type=2 2 2 2 2 2 2 2 2 2 2 2 2 2 2 2 2 2 2 2 2 2 2 2 2 2 2 2 2 2
left_child=-1 2 3 -2 5 6 -3 8 9 -7 -6 12 14 -14 -12 16 17 18 20 -20 -16 23 26 24 -22 -25 27 -23 -29 -24
right_child=1 4 -4 -5 10 7 -8 -9 -10 -11 11 -13 13 -15 15 -17 -18 -19 19 -21 21 22 29 25 -26 -27 -28 28 -30 -31
leaf_value=-0.038462149932843782 0.062847927141858606 -0.014649969421981202 0.10261070422732595 -0.053620995308276354 -0.044941260808537872 0.0058452864403830025 0.093408535853364089 -0.047829170364376179 0.06839448474010483 -0.028192397345296355 -0.018187101488123952 0.0023182065057322418 -0.021286531047974899 0.043879739724773652 -0.029571292852386123 -0.0032978175463501875 0.14025608533005829 -0.037148727908716699 0.027635978792430373 0.2400097901497539 0.025055813570279768 0.064043944997860688 0.030288876312111346 0.077581733432171812 0.19202022268467422 -0.025112746917753795 0.01375367903641858 0.23187788744353144 0.079397170525184899 -0.046469382049955932
leaf_weight=6.3195126391947261 1.501514155417681 6.8264459073543531 2.2839451786130658 1.8360585644841192 4.9623165447264901 19.922357030212876 3.7949628625065088 12.092491205781696 1.9953974671661843 26.244190009310845 36.505375787615776 883.08048218488693 106.00785392336547 5.2484915629029265 8.8890486974269134 84.843487487174571 1.5053819268941868 6.2336762342602006 1.2004162501543754 1.1810911204665897 2.7547029852867082 11.080054882913831 11.084505381062629 2.5935341510921708 1.4147500041872261 20.015120694413792 5.4151783362030974 2.197890881448985 2.8092096075415611 5.6237390078604212
leaf_count=138 12 136 22 36 107 312 37 225 29 432 669 11908 1513 59 130 1205 17 140 23 18 45 92 88 28 23 333 49 16 31 80
internal_value=-0.00023742 -4.88683e-05 0.0409628 -0.00122371 -0.000229616 -0.0114406 0.0239587 -0.0176806 -0.0101109 -0.013504 0.000429985 0.000617656 -0.00412557 -0.0182123 0.00350658 0.00819698 0.0198074 0.0176094 0.0220855 0.132961 0.0185114 0.025088 0.0416424 0.00146605 0.081709 -0.0133322 0.07054 0.0896551 0.146329 0.00445322
internal_weight=1287.46 1281.14 5.62152 3.33757 1275.52 70.8758 10.6214 60.2544 48.1619 46.1665 1204.65 1199.68 316.604 111.256 205.347 168.842 83.9983 82.4929 76.2592 2.38151 73.8777 64.9887 38.2106 26.7781 4.16945 22.6087 21.5023 16.0872 5.0071 16.7082
internal_count=17953 17815 70 48 17745 1171 173 998 773 744 16574 16467 4559 1572 2987 2318 1113 1096 956 41 915 785 356 429 68 361 188 139 47 168
is_linear=0
shrinkage=0.05


Tree=70
num_leaves=31
num_cat=0
split_feature=3 2 5 1 14 3 2 15 2 1 4 15 5 1 15 13 10 8 3 0 6 13 13 2 8 13 12 13 11 12
split_gain=3.70014 3.57309 3.73723 7.22641 6.57864 5.96231 10.0852 9.68957 12.749 11.4837 8.65599 10.7649 8.08395 11.4341 10.2431 11.2456 10.1675 7.97489 7.11151 9.22875 11.9484 8.6052 9.30445 11.9941 9.1964 11.8695 10.9736 8.50503 7.32059 7.92034
threshold=-6520647.096667219 15.796877144760289 1.0000000180025095e-35 0.12841680950434922 -2.3265227023050339 1.8910034575643533 -0.10437520847073674 -1.1623673808476975 1.0343985214919462 0.34244122823641537 54.263565891472759 -0.4609610155900446 59.999999999999922 0.53538038189168446 -1.5901250223426733 -0.24334244770509836 0.63191335277234173 0.28299417930228049 2.5129539988526166 1.0000000180025095e-35 1.402150028773159 1.8632893175639353 -0.40442762484147771 1.4216754757353989 0.20370373087189736 0.73461177130284094 83.209000000031679 -0.91199724145130989 3025792.4000015263 1721.86549999984
decision_type=2 2 2 2 2 2 2 2 2 2 2 2 2 2 2 2 2 2 2 2 2 2 2 2 2 2 2 2 2 2
left_child=-1 2 3 4 -2 -4 -7 12 9 10 11 -9 -8 14 15 -14 -17 -12 19 -10 -21 22 27 -24 25 -25 -26 -20 -28 -30
right_child=1 -3 5 -5 -6 6 7 8 18 -11 17 -13 13 -15 -16 16 -18 -19 21 20 -22 -23 23 24 26 -27 28 -29 29 -31
leaf_value=-0.051436856915887813 -0.048326407462472576 -0.05144143543494957 -0.0040006874724150049 0.077595859628620506 0.004350894133974088 0.097026569185044764 -0.036379485363608452 0.049165137190457772 -0.03961575540469383 0.12300239487427203 0.1015052488930359 -0.045700901390959246 0.14945276293112511 -0.020863054248246332 -0.017587633200844468 0.1005501281221831 -0.019010807177579112 0.015624298055828614 0.014428477274868835 -0.0053200094304204065 0.1254549367860599 -0.046193811625138949 0.11254850648574247 0.11189596889591763 -0.045990874927316509 -0.0087280804098506526 0.0053473362512271652 -0.033256269990948516 0.11224615715140146 -0.009067072528541777
leaf_weight=3.5186745012179008 6.0218572281301013 3.3790306095033875 683.22040332481265 3.3210363015532485 375.94270606525242 2.9747163355350486 22.244336226955056 5.7586386092007187 17.860215380787849 3.8077592216432086 5.8076095879077894 6.2208157218992737 2.8128219731152067 23.726188404485583 6.0847903266549102 3.0894900560379037 4.1894892510026693 5.0568900592625141 31.898705095052719 10.700626727193596 2.0873290300369254 6.0159299690276375 4.317048553377389 5.5776761248707754 6.7643041573464897 3.2149113919585943 11.479600133374335 13.229003977030514 4.1554531306028357 1.9896613862365482
leaf_count=213 93 133 11290 16 3441 13 306 45 335 33 41 52 29 444 89 38 75 48 251 138 16 101 44 60 125 54 174 179 56 21
internal_value=-0.000233908 -9.34762e-05 4.21212e-05 0.00415892 0.00352041 -0.00173152 0.00561383 0.00430705 0.0113478 0.0426128 0.029213 -9.78866e-05 -0.0122269 0.00123724 0.0336517 0.0645462 0.0317356 0.0615319 0.00436259 -0.0163993 0.0160259 0.011541 0.0157446 0.0341511 0.0239513 0.0677911 0.00814638 0.000449888 0.0289241 0.0729674
internal_weight=1286.47 1282.95 1279.57 385.286 381.965 894.284 211.064 208.089 145.942 26.6517 22.844 11.9795 62.1471 39.9028 16.1766 10.0918 7.27898 10.8645 119.29 30.6482 12.788 88.6423 82.6264 37.4987 33.1816 8.79259 24.389 45.1277 17.6247 6.14511
internal_count=17953 17740 17607 3550 3534 14057 2767 2754 1773 219 186 97 981 675 231 142 113 89 1554 489 154 1065 964 534 490 114 376 430 251 77
is_linear=0
shrinkage=0.05


Tree=71
num_leaves=31
num_cat=0
split_feature=2 11 14 1 2 2 15 15 8 14 15 13 10 2 4 3 14 4 10 10 1 5 3 4 1 2 4 16 2 9
split_gain=3.53066 3.56302 6.74268 5.47415 10.5913 6.56088 6.21741 9.21719 9.59129 7.47123 7.67137 8.51026 11.3219 7.4591 7.00121 10.3052 5.41746 9.88808 4.61724 7.20616 7.40991 12.4571 6.96334 6.85897 6.71515 11.0288 9.79767 6.97506 6.76253 11.8845
threshold=-835236.14072378271 -3803911.0499992366 3.5598394168578094 -1.3952759089796876 -1.4565654811782274 -1.2598759893105804 -1.571144568045969 -1.034657725924093 -0.59521436226144908 0.9962102677975393 0.90496648972904359 -1.325930850410709 -1.2797304216845766 -4.6733677313964224 39.99999999999995 -4.2354424195451079 2.9384529061513391 99.999993213615497 -0.89158257264088336 -0.78790847043541656 0.33543118637978775 99.729729729729783 1.3460171917848294 81.62200774978669 -0.46958609820356295 -1.5019765699868677 76.923076923077176 -1.0000000180025095e-35 -1.1944335287497696 -1.4670890065627544
decision_type=2 2 2 2 2 2 2 2 2 2 2 2 2 2 2 2 2 2 2 2 2 2 2 2 2 2 2 2 2 2
left_child=-1 2 -2 4 6 -6 -3 8 -8 10 13 -12 -13 -9 15 -11 18 -18 22 20 21 -20 24 -24 28 -26 -27 -28 -5 -30
right_child=1 3 -4 16 5 -7 7 9 -10 14 11 12 -14 -15 -16 -17 17 -19 19 -21 -22 -23 23 -25 25 26 27 -29 29 -31
leaf_value=-0.051050638367167195 -0.013403770023757226 -0.043428661094624607 0.088095296153001254 -0.0085191679740231722 0.13227418857487766 0.028133100213987017 0.10127015444398578 0.02565797532503445 -0.0071358760965694297 0.057219315921495983 -0.042947677870374068 0.099785494606890318 0.0048165531574842465 -0.032190337378566379 0.093197282944573967 -0.023135120281061964 -0.045438680203343219 0.083536585062754715 0.025545659614102573 0.00069762865861975601 -0.027844203431542008 0.15290914751342999 0.021053074821634658 -0.037958749650687601 0.035554233758833688 -0.027075371668680522 0.0042396399566966862 0.13138112913468755 -0.053746457571521827 0.045093187558297471
leaf_weight=3.4085720805451265 69.0942093282938 5.5308060087263575 1.6759349554777134 49.684119641780853 2.8045182731002569 3.2824940774589768 5.3681615665555 7.1586525328457311 3.2914002649486047 7.9747849591076383 3.9049691706895855 5.0699683092534551 8.2369742300361359 25.148617854341868 3.718520436435937 7.9853419810533532 12.949016328901051 1.6787261590361584 25.403613766655329 857.5178817845881 5.6189979948103419 2.076800823211669 33.661146966740489 5.7677494008094063 8.6164579354226571 93.313073547556996 3.351152416318655 1.5908116213977326 3.7625895906239775 15.864785477519034
leaf_count=216 1258 62 20 679 22 41 38 36 30 46 24 39 70 241 24 72 221 14 307 11537 106 17 398 85 79 1871 50 19 76 255
internal_value=-0.00023063 -9.54158e-05 -0.0110001 0.000542201 0.0124436 0.0761149 0.0077959 0.0114348 0.0600663 0.00534892 -0.005008 0.0219542 0.0409999 -0.0193723 0.031411 0.0170155 -0.000407862 -0.0306371 -8.13866e-06 0.00158125 0.0244735 0.035171 -0.00657334 0.0124207 -0.0108241 -0.0186853 -0.0234418 0.0451663 0.00129705 0.0261455
internal_weight=1284.51 1281.1 70.7701 1210.33 89.4752 6.08701 83.3882 77.8574 8.65956 69.1978 49.5192 17.2119 13.3069 32.3073 19.6786 15.9601 1120.86 14.6277 1106.23 890.617 33.0994 27.4804 215.612 39.4289 176.183 106.871 98.255 4.94196 69.3115 19.6274
internal_count=17953 17737 1278 16459 745 63 682 620 68 552 410 133 109 277 142 118 15714 235 15479 11967 430 324 3512 483 3029 2019 1940 69 1010 331
is_linear=0
shrinkage=0.05


Tree=72
num_leaves=31
num_cat=0
split_feature=16 15 1 6 11 8 7 15 1 9 11 14 15 14 16 10 5 1 11 10 12 4 16 8 8 13 15 3 2 3
split_gain=3.50498 10.1864 5.13448 6.2473 4.87772 3.62571 5.25614 7.62806 4.74905 4.61273 6.15344 9.16112 5.50003 9.29123 6.06209 5.95943 5.1736 12.6297 7.31446 5.33726 6.91602 7.28381 4.85068 4.57415 5.67452 4.5187 8.30041 9.58228 15.8371 15.6402
threshold=-0.00077949999999999992 -1.3318014315187761 -0.28919125347513808 0.13901436182026791 -9508597.4999999981 1.9199334917521336 1.2813819300468936 -1.1623673808476975 3.6292691068710368 2.1841365646729671 1546444.4000053408 -0.70495618408852623 1.9857881265968707 2.0199192620806712 -0.00073998999999999994 0.61512168054381722 31.070703746365613 -0.16193097841639645 2376148.4999961858 -0.6371111750537749 72.537499999860316 99.999985783507185 -0.00049797499999999989 2.3440864069370857 2.2023873971179033 1.3936818946408254 -2.4799546215451707 2.9087688332472257 1.1410121286926524 0.27752792113149444
decision_type=2 2 2 2 2 2 2 2 2 2 2 2 2 2 2 2 2 2 2 2 2 2 2 2 2 2 2 2 2 2
left_child=1 2 -1 -4 -3 8 7 -7 9 10 12 -12 25 14 -14 -15 18 -18 -11 -19 -21 -22 -17 24 -8 26 27 28 29 -2
right_child=5 4 3 -5 -6 6 23 -9 -10 16 11 -13 13 15 -16 22 17 19 -20 20 21 -23 -24 -25 -26 -27 -28 -29 -30 -31
leaf_value=-0.019132924646304766 0.07578272176897724 0.074806257399019402 0.12236044669983084 0.00071562050034128721 -0.031599778718275483 -0.043010104150476236 0.00175753421992523 0.043659643414744986 -0.041351387141966303 0.03426576514719612 -0.034276106074902175 -0.0033006984489445876 0.051633032564856275 -0.011215564276606013 -0.033751203101336023 0.012307472232122377 0.11245627567644344 0.080611977394032031 -0.051749439558738466 -0.045894435097974563 0.0022317631134469817 0.089766701509731539 0.095441617197870865 0.015779826867145252 -0.051907103356828244 -0.0099952934263620209 0.0017612777526825358 -0.054329803560163981 0.19025553858980448 -0.035592191609448674
leaf_weight=2.3560202475637197 8.1237606070935744 1.1181599833071256 2.5733174271881571 1.7894107513129709 29.273674746975303 2.9417601265013245 17.143453481607143 18.531280701048672 7.0563546810299149 4.5513878306373936 32.007645165547729 93.889265570789576 2.2099741902202359 8.2598798796534521 35.014960243366659 3.7327807573601604 3.9258670732378986 2.652242703363302 5.4086523186415434 4.906804874539378 9.5663034915924055 3.1620021574199191 3.3109750207513562 29.211301303468645 6.9120957963168612 79.440234316512942 854.16637792624533 2.493323763832449 1.8092896286398161 5.1507419086992732
leaf_count=38 88 17 27 35 570 51 209 190 170 49 662 1286 38 133 705 37 41 26 71 80 148 27 28 327 95 1604 11052 44 23 82
internal_value=-0.000225954 -0.0153682 0.0403461 0.0724668 -0.0276849 0.00022519 0.0109023 0.0317861 -0.000456377 -0.000208419 -0.000755929 -0.0111758 0.000551048 -0.015199 -0.0286821 0.0175976 0.0178897 0.0303672 -0.0124435 0.0144819 0.00453625 0.0239774 0.0513854 0.00248358 -0.0136624 0.00142084 0.00246116 0.0364724 0.0514819 0.0325673
internal_weight=1282.69 37.1106 6.71875 4.36273 30.3918 1245.58 74.7399 21.473 1170.84 1163.78 1129.61 125.897 1003.71 52.5286 37.2249 15.3036 34.1733 24.2132 9.96004 20.2874 17.6351 12.7283 7.04376 53.2669 24.0555 951.184 871.743 17.5771 15.0838 13.2745
internal_count=17953 687 100 62 587 17266 872 241 16394 16224 15782 1948 13834 941 743 198 442 322 120 281 255 175 65 631 304 12893 11289 237 193 170
is_linear=0
shrinkage=0.05


Tree=73
num_leaves=31
num_cat=0
split_feature=6 1 8 1 10 8 0 3 2 4 4 14 8 12 15 7 16 13 15 11 15 8 14 5 16 11 15 3 11 14
split_gain=3.42434 4.364 9.35742 9.39131 6.49858 10.4744 5.31926 7.16784 16.1559 10.7616 6.16977 6.9249 5.27969 5.13825 7.9921 7.70993 7.89981 6.68743 6.34052 5.86227 13.6558 7.49224 6.26901 5.65503 5.49042 7.08872 8.82074 7.06799 7.71013 13.8581
threshold=1.4521458948956154 0.76143074409465961 -1.7573828329403962 0.88185177722451868 2.281424837169006 1.6077589225462381 1.0000000180025095e-35 3.3044357864369842 1.6756706200416296 62.245003923016256 99.999995916666848 0.45025116463602566 -1.906285315703206 -491.80850000004278 0.46133714410846555 -0.39855661557038763 -0.00044114499999999994 -1.5722888079922208 -2.7863084502865192 -2193838.6499977107 0.84026501780506513 -1.87446221476535 2.3714579443951167 49.99999999999978 -0.00030617999999999992 -2331420.9500007625 -1.8952966709404968 -3.6775987223668243 2923384.2499961858 1.1505556493472933
decision_type=2 2 2 2 2 2 2 2 2 2 2 2 2 2 2 2 2 2 2 2 2 2 2 2 2 2 2 2 2 2
left_child=1 13 3 -3 6 -6 10 8 -8 -9 11 -4 -5 14 15 17 -17 -1 -19 20 21 -16 -21 -22 25 26 -15 -26 -29 -30
right_child=-2 2 4 12 5 -7 7 9 -10 -11 -12 -13 -14 24 19 16 -18 18 -20 22 23 -23 -24 -25 27 -27 -28 28 29 -31
leaf_value=0.035983300343842277 0.013909585504723543 0.17208029071898789 -0.015651542848950085 -0.018944096564103591 0.14609660278814815 0.0039364824942561332 -0.032804420560118959 0.099345602444148931 0.042618634616909512 -0.054133904844332559 0.048328567724677113 -0.049309792784752296 0.10490180269532268 0.028911633727773091 0.036504647672376211 -0.026471160847953486 0.13025483193570986 0.041455763777773463 -0.039529680294959423 -0.019174185998463076 -0.010733712781515586 0.17058611779437316 0.095500074324501805 0.078115504999726748 -0.050433909455129912 0.0047436551808743522 -0.014887228942016124 -0.0072900563975648166 -0.0079055964727781421 0.10657738476410344
leaf_weight=3.6163257323205462 41.482706437818706 1.3049479015171517 39.465039080008864 2.8773262053728099 1.3824739065021301 20.64867215231061 12.358403990045192 1.2903338875621546 16.687037518247962 9.9437133036553842 2.7100579123944035 24.938224818557501 1.2277805060148241 13.186488490551708 2.0079231262207031 1.6342607624828818 1.5827033556997765 2.567815024405717 41.111262511461973 19.513103017583493 11.697575895115731 2.1655144356191185 1.2693388387560833 2.1146342977881423 8.7764397645369154 737.93423174135387 89.629622842185199 155.08831238560379 6.9498142376542074 4.2659929282963276
leaf_count=31 489 16 833 62 15 284 273 28 210 163 29 562 17 178 29 31 17 47 879 323 193 24 15 25 139 8968 1365 2543 121 44
internal_value=-0.000221613 -0.000694376 -0.00918646 0.0552386 -0.0118795 0.0128572 -0.0169541 -0.00259027 0.0105272 -0.0365054 -0.0255749 -0.0286847 0.0180965 0.000341738 -0.0111585 -0.0242642 0.0506359 -0.0293588 -0.0347687 0.00591741 0.0268176 0.106077 -0.0121702 0.00286901 0.00135248 0.00302993 -0.00926989 -0.00670272 -0.00439488 0.0356386
internal_weight=1281.43 1239.95 134.834 5.41005 129.424 22.0311 107.393 40.2795 29.0454 11.234 67.1133 64.4033 4.10511 1105.11 89.2805 50.5124 3.21696 47.2954 43.6791 38.7681 17.9856 4.17344 20.7824 13.8122 1015.83 840.75 102.816 175.081 166.304 11.2158
internal_count=17953 17464 2492 95 2397 299 2098 674 483 191 1424 1395 79 14972 1614 1005 48 957 926 609 271 53 338 218 13358 10511 1543 2847 2708 165
is_linear=0
shrinkage=0.05


Tree=74
num_leaves=31
num_cat=0
split_feature=3 14 1 14 2 6 6 10 11 10 1 5 14 14 0 15 13 13 9 3 14 0 15 15 13 3 14 12 2 4
split_gain=3.38775 3.32179 3.49018 7.65586 7.41169 7.74554 5.13922 4.80391 5.97739 6.32122 6.44793 10.2666 5.95636 10.1724 18.3674 16.2788 14.6453 14.0391 11.532 10.6621 11.4352 9.48895 8.12505 8.99317 7.86578 7.43464 7.6603 7.76051 7.73235 7.02748
threshold=-6520647.096667219 -3.070608362623783 -2.068497744930029 2.5230746127160919 -2.2632697913781219 -1.4927231455224446 -1.4692121263098661 -0.89158257264088336 -2934948.4999961848 -0.78790847043541656 0.33543118637978775 99.729729729729783 0.68344902286881315 1.0000000180025095e-35 -1.0000000180025095e-35 1.2945240810475613 -0.89021282291394099 -1.2800657464179934 -1.7240803679519847 -3.9625744725056165 -1.5985996700292351 -1.0000000180025095e-35 0.10083552284931054 0.85481431856643442 -0.34768322196287155 -0.96995328911454826 2.0199192620806712 164.03099999995905 -0.72446731168830369 49.92711370262392
decision_type=2 2 2 2 2 2 2 2 2 2 2 2 2 2 2 2 2 2 2 2 2 2 2 2 2 2 2 2 2 2
left_child=-1 -2 3 4 5 -3 -7 12 -9 10 11 -10 13 19 15 17 -16 -15 -18 20 -4 29 -20 -24 -14 26 27 28 -26 -21
right_child=1 2 7 -5 -6 6 -8 8 9 -11 -12 -13 24 14 16 -17 18 -19 22 21 -22 -23 23 -25 25 -27 -28 -29 -30 -31
leaf_value=-0.051383321189491765 -0.037340273565934716 0.082135387371350246 0.093106399368703519 0.086464307294278425 0.09092729332798262 -0.064744730264887959 0.0028234963607047499 -0.015957661131082143 0.023938543169423551 0.0012624351877786452 -0.026924685492006897 0.13628419207589834 -0.033000817549696443 0.082766648605685764 -0.038982438031544796 0.11139589200501616 0.00034864170025642778 -0.029583010797997068 0.17052555270959341 -0.014678073969316814 -0.0017015102076761433 -0.031240084306961482 -0.023504744686088257 0.12993598766707301 0.03004449726888421 -0.025920707606914034 -0.020326816849848956 -0.053401895496608204 0.13461056104344873 0.017533809031548924
leaf_weight=3.2271724734455338 5.9568673335015765 2.940533034503459 5.115462861955165 3.2786190882325164 2.5442412104457608 3.0080040376633397 43.674357611685991 48.304618187248707 26.816259147599343 869.11683959327638 5.4261483699083319 2.2004145272076121 40.89471466653049 3.1873325575143125 2.5488199032843104 2.8245074898004523 2.5149187780916682 21.788592342287306 4.2834979146718961 41.181167781352997 8.4081766176968795 43.193928038701415 1.5375480633229015 2.5200909003615379 15.697114085778596 22.662570720538497 11.881586030125616 2.4340587239712468 1.9923445694148565 28.754668533802032
leaf_count=213 138 21 42 20 28 25 340 825 310 11557 102 17 554 35 27 37 36 364 40 737 83 864 23 25 238 433 175 51 26 567
internal_value=-0.000219132 -8.9801e-05 8.48198e-05 0.0123528 0.00769497 0.00342753 -0.0015303 -0.000474889 0.00117885 0.00209497 0.0231028 0.032458 -0.00645061 -0.00077769 0.0208018 -0.0023787 0.068876 -0.0152454 0.0941994 -0.00779835 0.0341606 -0.0128142 0.122496 0.0717932 -0.0164153 -0.00400832 0.0115077 0.0303038 0.0418217 -0.00143391
internal_weight=1279.92 1276.69 1270.73 55.4458 52.1671 49.6229 46.6824 1215.29 951.864 903.56 34.4428 29.0167 263.421 167.859 41.2053 27.8004 13.4049 24.9759 10.8561 126.653 13.5236 113.13 8.34114 4.05764 95.5624 54.6677 32.0051 20.1235 17.6895 69.9358
internal_count=17953 17740 17602 434 414 386 365 17168 12811 11986 429 327 4357 2880 587 436 151 399 124 2293 125 2168 88 48 1477 923 490 315 264 1304
is_linear=0
shrinkage=0.05


Tree=75
num_leaves=31
num_cat=0
split_feature=2 3 1 11 9 15 4 5 16 15 12 15 3 2 6 16 3 7 16 14 14 11 7 1 5 10 4 3 14 11
split_gain=3.38572 3.3508 4.962 5.1523 3.34586 7.14308 4.82732 3.28055 6.51754 8.64292 5.72567 5.73207 10.3119 9.00024 6.25101 6.17429 8.82398 5.5648 5.55026 8.22943 9.57835 13.6502 8.32514 8.21843 10.4557 11.8477 9.25747 8.07159 9.11125 9.24051
threshold=15.796877144760289 5.583700697654435 0.0019410581672001769 -319865.95000457758 1.8335161433761684 -0.78861480933597483 99.999985783507185 50.000000000000654 -0.00057289999999999999 -2.2760941290878134 -338.25349999987515 0.46133714410846555 1.1677182319473876 -0.72446731168830369 -1.4971432633495703 -1.0000000180025095e-35 -2.4848315200640037 0.34204333446548479 -0.00051097999999999985 -1.0000000180025095e-35 0.25329428118881969 1063095.0499954226 -1.4653867258627369 0.13469059327709429 34.252917300862656 -1.0000000180025095e-35 24.644421975059554 0.31673358976324595 1.9129916210691806 2187701.3499946599
decision_type=2 2 2 2 2 2 2 2 2 2 2 2 2 2 2 2 2 2 2 2 2 2 2 2 2 2 2 2 2 2
left_child=1 7 -3 -4 5 -5 -7 10 9 17 11 14 13 15 -1 -13 -17 -9 27 -20 21 23 -22 24 25 26 -21 -12 29 -29
right_child=-2 2 3 4 -6 6 -8 8 -10 -11 18 12 -14 -15 -16 16 -18 -19 19 20 22 -23 -24 -25 -26 -27 -28 28 -30 -31
leaf_value=0.090909040595635995 -0.051309716185200555 0.070549773280212946 -0.036131984085553868 -0.021042652040702187 -0.012208399667713039 0.01365521264441473 0.086378563098121017 -0.019151360113594855 -0.00055261742241501598 -0.01813259197108345 0.0036186196992212907 0.003633010537636368 0.097316981749353548 -0.044305759919992721 -0.021063706045232795 -0.0156292162921076 0.17432819808302621 0.10922468113556072 -0.0095779678058598994 -0.0061093730491278454 0.077199278308543784 0.087177488319494012 -0.0010701759932997641 0.10802779074175897 -0.04018156718598747 -0.010253235940913503 0.10804509254486505 0.032254061741277228 -0.037295820008618252 -0.047509929366095965
leaf_weight=1.2713284716010083 3.2341351453214875 3.7486573979258564 5.0627696514129701 4.1363411992788377 5.5431445240974417 3.7743928991258056 5.7707893848419189 1.3547762241214507 306.56867909990251 95.913162717595696 272.55006874818355 38.262519800104201 2.7621069364249697 10.032582256942986 63.627537834458053 1.1492110360413792 1.3062447365373362 2.2397004496306181 165.20902097877115 2.6159210857003981 3.4656171146780244 7.8198680449277154 172.60475266445428 2.0928527116775504 8.6074983961880189 9.7731154933571833 5.5314658861607313 62.827588021755219 5.8772801682353011 3.8536794465035191
leaf_count=15 140 30 46 45 56 23 36 25 5084 1728 3284 552 21 207 1145 23 21 23 2442 26 31 77 1910 27 99 107 57 563 63 47
internal_value=-0.000216106 -8.65394e-05 0.017008 0.00874412 0.0205621 0.0338393 0.057622 -0.000470777 -0.0041615 -0.0152799 0.00131078 -0.00888085 0.00323402 -0.00188646 -0.0188702 0.00856531 0.0854237 0.0608391 0.00298034 -0.00120762 0.00529961 0.0286328 0.000470412 0.0126371 0.00511148 0.0268664 0.071393 0.00756404 0.0223841 0.0276443
internal_weight=1278.59 1275.35 28.0361 24.2874 19.2247 13.6815 9.54518 1247.32 406.076 99.5076 841.24 118.412 53.5127 50.7506 64.8989 40.718 2.45546 3.59448 722.829 377.72 212.511 36.4407 176.07 28.6209 26.528 17.9205 8.14739 345.109 72.5585 66.6813
internal_count=17953 17813 236 206 160 104 59 17577 6860 1776 10717 1984 824 803 1160 596 44 48 8733 4776 2334 393 1941 316 289 190 83 3957 673 610
is_linear=0
shrinkage=0.05


Tree=76
num_leaves=31
num_cat=0
split_feature=1 16 15 9 6 11 15 14 13 14 15 9 16 13 13 16 3 14 0 13 16 10 3 14 11 1 9 3 9 14
split_gain=3.33095 3.26442 9.12397 4.61877 4.57172 4.16515 3.57065 7.46118 10.6326 9.67889 15.4381 13.1466 20.0232 10.4311 11.2485 31.2404 9.45286 14.994 13.0764 11.8573 12.2145 17.0297 11.5488 37.8035 10.9618 14.3176 13.402 9.94417 9.29372 9.9335
threshold=-1611.4664513899866 -0.00077949999999999992 -1.3318014315187761 -0.75913757104023272 0.13901436182026791 -9508597.4999999981 -0.47652833560612712 -0.16227637029200284 0.90532628456305653 -2.2240077775223943 -1.3843294941534374 -1.4028692420772295 -1.0000000180025095e-35 -0.75753825140661768 -0.87023130888869737 -0.00030072999999999998 -1.5048208794928482 1.6314490102706591 -1.0000000180025095e-35 1.6372430199582462 -1.0000000180025095e-35 0.2681765758941686 -0.82509197751397023 0.86693925114630488 -957505.74999999988 -0.32911745587569169 1.6860801565491383 3.4848947466853963 0.041768494621680925 0.81226594547376896
decision_type=2 2 2 2 2 2 2 2 2 2 2 2 2 2 2 2 2 2 2 2 2 2 2 2 2 2 2 2 2 2
left_child=-1 2 3 -2 -5 -4 7 8 9 10 -3 12 -11 14 -13 -16 -9 18 22 20 24 -22 23 -18 -20 -26 28 -24 29 -27
right_child=1 6 5 4 -6 -7 -8 16 -10 11 -12 13 -14 -15 15 -17 17 -19 19 -21 21 -23 27 -25 25 26 -28 -29 -30 -31
leaf_value=-0.051064721785098549 -0.018906340842813812 0.077850200263333613 0.064363490992371639 0.11502756055074886 0.013369974777911801 -0.030774877681709303 0.0023425711954217126 -0.01654519619254614 -0.04877287683482244 0.0085349481579405292 -0.041262046923191437 -0.011327445079374514 0.17523230644884424 -0.033853680115732282 0.00097636637840054711 0.26769069218717556 -0.037429808094227073 -0.014308902706258592 -0.025670894610691938 0.088539754797854947 0.10236164328907725 -0.056118755191664475 -0.012826826540996121 0.14260052077715735 0.086993126394320386 -0.034923019770692919 0.089565514678961497 0.040179029675914926 -0.039445290030658373 0.0591430498093811
leaf_weight=3.2120620319619766 2.3833709768950939 7.7418613750487566 1.1991683598607803 2.3594325724989167 2.0817700736224651 28.304603668861091 798.12185740377754 54.853863626718521 17.129525834694505 25.200657327659432 4.1940095499157888 53.795280653052032 1.9401115663349617 55.500059666112065 5.1118713170289993 1.3982020262628783 6.1315056439489108 60.507032316178083 13.25081744417548 8.0469027422368509 8.7697077579796296 2.1012484915554515 62.650031017139554 5.5602260548621416 7.892247736454002 4.4234215915203219 4.4730183519422999 10.303535198792813 10.54950989410281 7.6782985664904118
leaf_count=213 52 91 17 15 33 569 10622 710 602 392 89 597 22 1188 74 22 118 761 144 79 81 28 965 56 44 48 41 106 114 60
internal_value=-0.000211923 -8.36755e-05 -0.0148566 0.0372437 0.0673766 -0.026908 0.000350064 -0.00327073 -0.0113929 -0.00725881 0.0359967 -0.0108706 0.020451 -0.0182113 -0.00381536 0.05826 0.00195815 0.00673818 0.0151258 0.031596 0.0238477 0.0717289 0.00205298 0.048187 0.0130637 0.0277215 0.0104754 -0.00534059 -0.00514275 0.02476
internal_weight=1276.87 1273.65 36.3283 6.82457 4.4412 29.5038 1237.32 439.203 172.012 154.882 11.9359 142.946 27.1408 115.805 60.3054 6.51007 267.191 212.338 151.83 67.1852 59.1383 10.871 84.6453 11.6917 48.2673 35.0165 27.1242 72.9536 22.6512 12.1017
internal_count=17953 17740 686 100 48 586 17054 6432 3077 2475 180 2295 414 1881 693 96 3355 2645 1884 639 560 109 1245 174 451 307 263 1071 222 108
is_linear=0
shrinkage=0.05


Tree=77
num_leaves=31
num_cat=0
split_feature=2 13 5 3 4 5 14 16 14 9 15 2 3 0 8 7 14 10 0 1 2 13 15 3 14 15 13 11 4 15
split_gain=3.20536 3.19997 10.1185 9.89125 19.4015 9.2363 7.45604 8.68421 6.79556 7.65138 6.76041 6.94643 9.62605 7.86425 9.58935 7.21788 6.5985 11.9565 8.71586 11.1793 12.1167 7.54851 6.47406 9.06422 7.40476 6.73101 8.30693 5.93648 5.16902 5.3983
threshold=15.796877144760289 0.94550967251512097 97.424845269673156 1.5986439235790693 63.5792584119719 90.799868334431039 1.0126657021098449 -0.00048802499999999995 0.7217797676993708 -0.99452293572348693 1.9857881265968707 -0.20110138108500139 0.16500420630745563 -1.0000000180025095e-35 1.8629946464840559 0.68508565026421608 1.941512750216327 1.9341788262844433 1.0000000180025095e-35 -0.1122325576124731 -0.1719990812896087 1.1028287047498269 -1.821257603800176 -2.4848315200640037 1.9933672883339881 2.0504001166934311 2.1883925511966131 7812831.4000015268 84.935632942729598 0.31240231564563431
decision_type=2 2 2 2 2 2 2 2 2 2 2 2 2 2 2 2 2 2 2 2 2 2 2 2 2 2 2 2 2 2
left_child=1 10 3 5 6 16 -5 -8 -6 -10 -1 12 13 14 15 -12 18 22 27 20 21 -20 23 -18 -24 -26 -27 -3 29 -11
right_child=-2 2 -4 4 8 -7 7 -9 9 28 11 -13 -14 -15 -16 -17 17 -19 19 -21 -22 -23 24 -25 25 26 -28 -29 -30 -31
leaf_value=0.0018726737248903466 -0.051240806809568828 -0.032756173784482916 -0.038966021218094574 0.087027501561066145 -0.033963646083960096 0.13926880068914277 0.090260295154284437 -0.031330749293358627 -0.054951480143315384 -0.013481219333913162 0.017353473572496551 -0.041079205901963872 0.10248313065039193 -0.044646266500510665 0.1240929341931471 -0.043279880227961177 0.091692872309886958 0.13151175522072259 0.058315704275709916 -0.04772306710621757 0.060378475881464083 -0.024965087734637188 0.090704485163720983 -0.021824527902110757 -0.040779755803991118 -0.024331590890786649 0.11558181325977815 0.071716761458563857 0.082417903153995775 0.059439394181538055
leaf_weight=1028.4103663284332 3.0701452875509849 53.262267205864191 20.838743349537253 10.352386856451632 12.779215490445496 1.0324560087174166 2.4504269398748875 3.6645443420857182 3.2976575195789364 7.0862773004919273 15.283775781281294 18.473654724657536 2.0233009420335284 11.029717783443632 1.612797014415263 7.2301363181322804 4.023866318166256 1.8938142433762539 3.394906839355829 8.7149911224842054 10.222525687888266 13.704726201482115 1.56208096072078 3.1235865335911575 13.221268760040404 2.7187779974192372 1.7397023588418958 1.3953809682279814 3.4934838935732833 3.9543082267045975
leaf_count=13075 140 1475 543 96 299 22 18 48 52 113 199 375 14 258 18 94 22 15 56 203 83 273 19 35 255 54 12 13 35 39
internal_value=-0.000213179 -9.00161e-05 -0.0061133 -0.00201601 0.0174072 -0.00963546 0.0611698 0.0173939 -0.0061352 0.0138082 0.000954147 -0.0160192 -0.00356747 -0.00967083 0.00631847 -0.00211837 -0.0109276 0.0101581 -0.0175032 0.00158589 0.017314 -0.00843078 0.00144917 0.0420834 -0.0136446 -0.0228643 0.0302627 -0.030089 0.0294092 0.0126361
internal_weight=1275.06 1271.99 187.927 167.089 47.0783 120.01 16.4674 6.11497 30.6109 17.8317 1084.06 55.6534 37.1797 35.1564 24.1267 22.5139 118.978 28.2831 90.6948 36.0371 27.3222 17.0996 26.3893 7.14745 19.2418 17.6797 4.45848 54.6576 14.5341 11.0406
internal_count=17953 17813 3780 3237 700 2537 162 66 538 239 14033 958 583 569 311 293 2515 412 2103 615 412 329 397 57 340 321 66 1488 187 152
is_linear=0
shrinkage=0.05


Tree=78
num_leaves=31
num_cat=0
split_feature=1 1 14 7 8 14 10 2 10 11 8 4 14 13 14 3 12 11 10 11 13 9 14 14 7 5 13 5 3 14
split_gain=3.16399 3.1298 6.8128 6.25085 5.68642 5.91646 5.15003 6.71378 4.46908 5.99827 5.49029 10.6725 8.62277 12.835 10.9886 13.9798 9.8156 9.76166 10.4297 10.9173 8.21027 10.9362 9.22266 8.65467 7.10915 7.56686 6.90894 9.01363 16.2169 16.8717
threshold=-1611.4664513899866 -2.068497744930029 -1.5794331091760874 0.82345663233248667 -1.4960128769123306 1.3067728220745598 0.42855553639829663 -3.3291270049481887 -0.89158257264088336 -2538012.0999984737 -0.12832078142499903 69.742370632462922 -0.90447163340071757 1.6978659571765624 -1.0000000180025095e-35 0.57565626849111584 133.58049999992366 1092877.5499992373 0.065908461652302311 -1708424.3500022886 -1.1161754494776763 -1.2521967405498955 -1.2588801158655734 -2.3871623731602534 -0.94642642788152387 62.49999999999995 0.96686178737608275 41.699475065617754 -1.6562104618787055 1.3282105538943065
decision_type=2 2 2 2 2 2 2 2 2 2 2 2 2 2 2 2 2 2 2 2 2 2 2 2 2 2 2 2 2 2
left_child=-1 2 -2 4 5 -4 7 -6 -3 -10 11 12 13 17 -14 16 26 18 19 -11 21 -12 23 -22 25 -13 27 28 -16 -30
right_child=1 8 3 -5 6 -7 -8 -9 9 10 20 24 14 -15 15 -17 -18 -19 -20 -21 22 -23 -24 -25 -26 -27 -28 -29 29 -31
leaf_value=-0.051021945864938606 -0.034476013686482399 -0.0064056189779506129 -0.018257065411962387 -0.033682156645184681 0.036538531533271738 0.043420372981273533 -0.0040459752214043977 0.10855292842663647 -0.013725633610389726 -0.036825318150052043 0.043952454037163961 0.095603344709359994 -0.026659729212261448 0.12863905505610626 -0.0030634996399913871 -0.020977496092782617 -0.035140961273038313 -0.054774756868029212 -0.012829975124506588 0.047678467098190312 0.017979743976859967 0.0045787371016691005 -0.0005577702004191964 -0.026842473244726946 0.055617637789265865 -0.024820769655833845 -0.021133281621407284 0.0011969457110630642 0.083602645068245635 -0.0053389820463146144
leaf_weight=3.0563657474704078 7.0376544259488574 261.77977792173624 11.654456079937516 5.1939626988023511 16.484761832281951 5.8348531909286967 5.4395765382796517 4.0270852521061959 64.712768994271755 4.3632121775299266 20.112047732807696 1.6336998976767079 33.722342798486352 2.6550230961292973 13.861062197014684 34.022141804918647 8.017308956012128 4.4653376135975114 14.800612002611159 30.818575138226155 12.929710512049494 143.23335605859756 416.04859929159284 64.467031766660511 18.465682337060571 6.4726467281579971 7.8255797550082198 20.346412062644958 22.486964404582984 6.9892283268272868
leaf_count=213 65 4397 108 40 103 48 38 24 1100 61 151 10 472 45 131 402 104 82 265 403 230 1254 5899 1358 203 94 151 253 178 71
internal_value=-0.000210358 -8.80664e-05 0.0115043 0.0181579 0.0243561 0.00232001 0.0392068 0.0506771 -0.000619578 0.00097071 0.00204202 0.0086731 0.00479742 0.0212908 -0.00159773 0.00584533 0.0173204 0.0160563 0.0223842 0.0371984 -0.00028965 0.00942666 -0.00350604 -0.0193546 0.0384821 -0.000551284 0.0232021 0.0286501 0.0415391 0.0625133
internal_weight=1272.96 1269.9 55.6724 48.6347 43.4407 17.4893 25.9514 20.5118 1214.23 952.449 887.737 230.946 204.374 57.1028 147.271 113.549 79.5266 54.4477 49.9824 35.1818 656.791 163.345 493.445 77.3967 26.572 8.10635 71.5092 63.6837 43.3373 29.4762
internal_count=17953 17740 426 361 321 156 165 127 17314 12917 11817 2925 2618 856 1762 1290 888 811 729 464 8892 1405 7487 1588 307 104 784 633 380 249
is_linear=0
shrinkage=0.05


Tree=79
num_leaves=31
num_cat=0
split_feature=6 13 1 6 16 12 9 8 7 16 5 9 2 11 11 7 6 8 2 8 7 1 16 13 14 15 10 16 5 7
split_gain=3.07767 4.08939 4.00431 3.75991 5.75991 5.87968 5.55659 5.14812 6.2085 4.97562 5.00564 7.44018 8.92237 5.60869 6.10263 8.0205 6.86533 8.8482 5.95863 6.65639 5.73711 5.54151 7.65411 5.03801 4.92701 4.57836 9.08269 7.18031 6.62255 7.73946
threshold=1.4521458948956154 -1.7696310549798824 3.6292691068710368 1.0418204685588117 -0.00072349999999999986 69.124499999918058 2.1242055424618917 -1.4520866461397806 -0.89139843403172525 -0.00018449999999999996 81.33830845771142 2.3799147299863739 0.80172718477234872 -223521.94999694821 1876582.9500007632 0.79407598262860912 1.3364627213616869 1.5396899782150375 0.66520836318774312 -0.31870064437703965 1.3610126884977334 0.66684958190867516 -0.00045588999999999997 -0.57508239047225762 -3.070608362623783 -2.1711803596345036 1.388537520789672 -0.00044213999999999994 50.000000000000419 0.13218394205032949
decision_type=2 2 2 2 2 2 2 2 2 2 2 2 2 2 2 2 2 2 2 2 2 2 2 2 2 2 2 2 2 2
left_child=2 -2 3 6 -5 7 24 8 -6 10 11 13 -13 -7 15 -15 17 18 19 -17 -21 22 -12 -24 -1 26 27 28 -26 -30
right_child=1 -3 -4 4 5 9 -8 -9 -10 -11 21 12 -14 14 -16 16 -18 -19 -20 20 -22 -23 23 -25 25 -27 -28 -29 29 -31
leaf_value=-0.053124225973303213 -0.050796236138263035 0.016989248695615543 -0.035038125364123054 -0.045441807336090094 -0.0024827303167104533 -0.026628120053441146 0.029731310071932072 -0.02095823718592342 0.10329600339969668 -0.022556216692894756 -0.022744200543312075 0.0045939438782756897 0.15305546341773049 -0.016897600333975665 -0.011629068256198971 0.14091627086275713 0.0048050303206093013 0.004710501034004758 0.14711957725872996 0.018737815581304149 0.11329928777954434 -0.027280688511361686 0.10721190201044545 0.0058102565084343022 0.02546518467462874 -0.00025316515126262788 -0.046360372800001451 0.0035982961440311962 0.020413814449029247 0.13272940085155588
leaf_weight=4.2988371802493921 2.3584139198064795 39.325095311738551 8.4127236790955049 9.2406761404126865 5.9259483907371759 8.6833735518157464 16.284097393974662 62.493426587432623 1.8111259974539269 16.811810759827495 5.3675083797425032 1.9788333866745222 2.0713953860104084 7.8516012728214255 13.555464120581744 2.1827757228165821 9.1647369014099223 5.5703484406694761 2.6346988454461089 6.2672013612464159 2.1557317245751619 17.849357351660728 2.8275301642715931 2.161170335486533 15.105692246928813 963.063833266031 5.3643040917813769 23.901039497926831 2.6110173743218175 3.7177452892065048
leaf_count=109 20 469 190 185 93 128 209 914 32 286 84 22 20 95 180 22 112 64 28 73 22 324 23 39 173 13477 96 370 52 42
internal_value=-0.000207575 0.013154 -0.00066062 -0.000423749 -0.00695627 -0.00495118 0.000754773 -0.016195 0.0222784 0.00241962 0.00706843 0.0150002 0.0805211 0.0104299 0.0169462 0.0277579 0.0402909 0.0575798 0.0798224 0.0631042 0.0429395 -0.0103994 0.0186962 0.0632834 0.000291288 0.000517795 0.0151625 0.0224422 0.0434545 0.0863921
internal_weight=1271.05 41.6835 1229.36 1220.95 186.605 177.364 1034.35 70.2305 7.73707 107.134 90.3217 62.1162 4.05023 58.0659 49.3826 35.8271 27.9755 18.8108 13.2404 10.6057 8.42293 28.2056 10.3562 4.9887 1018.06 1013.76 50.6998 45.3355 21.4345 6.32876
internal_count=17953 489 17464 17274 2746 2561 14528 1039 125 1522 1236 766 42 724 596 416 321 209 145 117 95 470 146 62 14319 14210 733 637 267 94
is_linear=0
shrinkage=0.05


Tree=80
num_leaves=31
num_cat=0
split_feature=1 13 8 7 9 15 0 14 3 10 14 13 3 16 1 14 13 12 3 13 14 10 14 16 15 9 4 9 14 2
split_gain=3.00339 2.97129 2.90788 4.94537 7.17783 4.17182 7.90523 15.0587 10.9863 8.06617 7.35036 11.5294 18.6282 10.6424 6.69513 6.32694 7.99804 5.84322 5.74621 6.53848 6.50081 5.88522 6.0468 10.0086 5.9062 12.0201 15.2078 15.1833 12.2663 12.6662
threshold=-1611.4664513899866 3.4618310563081791 1.9623243667528005 1.1209961782486941 0.14987051006446567 1.7350773816224707 -1.0000000180025095e-35 1.7214739996381232 -0.65193257391827131 1.0328479546655747 -1.9626745616951646 -0.44755645308921194 -1.4808082215858491 -0.00044996999999999995 -0.13084959707568911 0.26896650526480231 -0.76634884914815216 -38.590499999932938 -4.3823509025466381 0.3456985387787635 3.1716352121127103 -2.325485449874257 -1.7977502779347485 -0.00047094499999999996 0.91858498720976367 0.32385491201808103 64.07621993633343 0.75326542667771856 1.5631274880833612 -1.6404660923956633
decision_type=2 2 2 2 2 2 2 2 2 2 2 2 2 2 2 2 2 2 2 2 2 2 2 2 2 2 2 2 2 2
left_child=-1 2 5 4 -4 18 8 -8 10 -10 -7 12 13 14 -12 16 -11 -9 19 -2 21 22 23 -20 -23 28 -27 -28 29 -26
right_child=1 -3 3 -5 -6 6 7 17 9 15 11 -13 -14 -15 -16 -17 -18 -19 20 -21 -22 24 -24 -25 25 26 27 -29 -30 -31
leaf_value=-0.050971041792027785 0.0089275030660284829 -0.052807368054334197 0.1200717808648054 0.0056176184124396046 0.011884813356155278 0.095496618878308681 -0.044505207964114127 -0.035799941663746275 -0.052877215034590863 0.08197272068972386 -0.029440854363626385 -0.018423689243366705 0.13693027765338467 0.10110528567806776 0.038008247563454403 -0.035929209951082015 -0.033058145563958308 0.065214401706945438 -0.053795758264988613 0.059331546038518951 -0.047816963155857643 -0.0017516301016413775 -0.031777171510427138 0.19174185168154209 0.042451812941992212 0.0074461217149001755 0.10526583720852441 0.026359791933599826 -0.034760299560857702 -0.0022618440362652788
leaf_weight=2.906525056809186 68.434269880875945 2.6668867375701657 2.3988595381379119 64.038462935015559 4.2482904084026814 2.6639185994863501 29.550569631159306 1.9939373787492511 13.438328780233862 3.9129006508737803 9.3040466569364089 19.283738609403372 3.6956152021884909 2.93629463762045 6.0855973474681386 5.4208776652812958 2.4618257749825698 5.0763549879193297 0.84253054484724998 7.1017666272819033 7.2465515490621319 765.95656536985189 22.117267082445323 0.81793934479356056 19.077824847772717 53.279300997033715 9.2924866266548651 17.726509470492601 22.981663916260004 93.271792491897941
leaf_count=213 493 69 26 754 44 31 680 24 316 27 89 366 33 28 46 96 59 42 20 66 140 10969 463 20 162 687 83 212 354 1341
internal_value=-0.000202881 -8.64472e-05 2.47298e-05 0.00987852 0.0509279 -0.000558636 -0.010036 -0.028822 -9.48453e-05 -0.0263923 0.0149973 0.00980559 0.0345253 0.0138743 -0.00276915 0.00378106 0.0375495 0.0367267 0.000363053 0.0136664 -0.000629315 -0.000289192 -0.0248685 0.0671549 0.000306211 0.00761605 0.0229416 0.0534975 -0.00147732 0.00533088
internal_weight=1270.23 1267.32 1264.66 70.6856 6.64715 1193.97 105.824 36.6209 69.2031 25.2339 43.9692 41.3053 22.0216 18.3259 15.3896 11.7956 6.37473 7.07029 1088.15 75.536 1012.61 1005.36 23.7777 1.66047 981.586 215.63 80.2983 27.019 135.331 112.35
internal_count=17953 17740 17671 824 70 16847 1837 746 1091 498 593 562 196 163 135 182 86 66 15010 559 14451 14311 503 40 13808 2839 982 295 1857 1503
is_linear=0
shrinkage=0.05


Tree=81
num_leaves=31
num_cat=0
split_feature=14 2 3 1 0 15 14 14 5 14 16 14 9 14 16 3 5 3 2 13 2 15 0 14 14 9 4 13 7 3
split_gain=2.93946 2.94009 3.06176 4.47392 4.81847 3.72871 3.20677 3.27259 2.94318 7.44171 11.9002 11.3095 11.2027 9.99374 10.9723 16.6407 12.5634 9.8255 9.55069 7.97354 14.926 13.9943 11.1413 9.93098 14.1009 16.8517 9.38363 16.8639 7.75577 7.67532
threshold=-3.4349995153075681 15.796877144760289 5.583700697654435 0.0019410581672001769 -1.0000000180025095e-35 1.1392808168151505 -0.55654942961445641 -1.0000000180025095e-35 50.000000000000654 -2.3871623731602534 -0.00034768999999999995 -1.3351521450118538 -0.71493462188594681 -1.1364187644683799 -0.00024375499999999999 -0.31254208971015585 79.245283018867198 1.2644716191060013 1.1657346781116844 -1.2800657464179934 0.163739175296397 0.25701336059026647 1.0000000180025095e-35 0.7217797676993708 0.50817970939782608 -0.75913757104023272 45.833333333333734 -0.072980705136992785 -0.1429623546268837 -0.65193257391827131
decision_type=2 2 2 2 2 2 2 2 2 2 2 2 2 2 2 2 2 2 2 2 2 2 2 2 2 2 2 2 2 2
left_child=-1 2 8 -4 5 6 -5 -8 -2 10 12 -11 -10 14 17 -16 -17 -13 -19 21 -21 22 23 24 25 -15 27 -22 -24 -27
right_child=1 -3 3 4 -6 -7 7 -9 9 11 -12 13 -14 19 15 16 -18 18 -20 20 26 -23 28 -25 -26 29 -28 -29 -30 -31
leaf_value=-0.053500726667405213 0.0013454296183266726 -0.051144625829752259 0.067941493465141015 -0.0078064834111757509 -0.027983021584862135 -0.025387625965227145 0.072549648918427995 0.016866864361218006 0.11155624744845186 -0.029231399458227378 -0.033907984575178407 -0.038319803905987465 -0.01458143741289053 0.084200596039330527 0.23893225621867198 -0.053549022043770093 0.10067621543109427 0.15278466528528073 0.014480710355498683 -0.037527696100635978 0.072387661913570572 -0.018686777979352299 0.11897342951696009 -0.059536027632798416 0.14797025395785326 0.059712250173031826 -0.0054213115114535746 -0.04726607595170091 0.023471054104795042 -0.055277500609019072
leaf_weight=2.581520381383597 834.00160893285647 2.8138798158615819 3.6624435931444195 3.5302538834512296 6.5438139941543296 3.319340717047452 5.7935082241892868 4.8457256071269477 5.384892987087369 43.07224028930068 4.1635944042354804 6.6100286617875117 2.6150909438729286 5.2034658826887634 1.3657611664384601 2.0740158297121516 3.6345710214227438 1.6280409842729566 5.3510564994066954 35.892297955229878 9.8634376451373083 18.860019154846668 5.6035053133964539 3.5911537371575823 2.2678827866911879 1.8581790253520019 227.88825484924018 4.198062462732195 3.4254081435501593 6.6252581961452934
leaf_count=69 10684 140 30 27 81 30 30 37 45 1016 100 149 67 29 24 42 48 17 81 661 86 209 32 35 15 11 3976 67 29 86
internal_value=-0.000201153 -9.24426e-05 2.13097e-05 0.0164627 0.00861763 0.0223125 0.0334868 0.0471885 -0.000347339 -0.00386642 0.034645 -0.00507059 0.0703235 -0.00206238 0.0316554 0.0821528 0.0446439 0.00536692 0.0467434 -0.00420433 -0.00743891 0.0147417 0.0368053 0.0155858 0.0324945 0.0133605 -0.00297536 0.036665 0.0827415 -0.0300906
internal_weight=1268.27 1265.69 1262.87 27.6951 24.0326 17.4888 14.1695 10.6392 1235.18 401.176 12.1636 389.013 7.99998 345.94 20.6635 7.07435 5.70859 13.5891 6.9791 325.277 277.842 47.4349 28.5749 19.5459 15.9548 13.6869 241.95 14.0615 9.02891 8.48344
internal_count=17953 17884 17744 235 205 124 94 67 17509 6825 212 6613 112 5597 361 114 90 247 98 5236 4790 446 237 176 141 126 4129 153 61 97
is_linear=0
shrinkage=0.05


Tree=82
num_leaves=31
num_cat=0
split_feature=2 2 11 11 8 9 1 3 14 15 2 16 15 3 2 15 9 14 15 14 14 2 2 13 1 2 14 2 3 10
split_gain=2.89489 2.9159 3.97741 3.88452 5.59973 8.49578 7.3654 5.64209 11.5307 14.7449 9.06952 15.503 8.41717 7.76593 11.7355 7.698 7.54909 6.44103 6.63837 5.46699 5.36092 14.4425 22.6839 8.24254 5.26324 7.57294 6.51613 8.67273 6.333 5.24216
threshold=-835236.14072378271 -6.0070989001338795 -918686.49999618519 -2436258.6500015254 0.81771077454847096 -0.3044251830527584 -0.82484010831364774 -0.84589269165780134 0.52539225361856945 -0.80652919717727267 1.1657346781116844 -1.0000000180025095e-35 1.1392808168151505 1.1677182319473876 -1.0253757701202246 -2.6662488975992238 -2.3776384170865632 1.8141912750666835 -1.3318014315187761 1.0712617984039825 1.7433742988781964 -1.9337214566591272 -1.4565654811782274 2.3824987633323809 -1.3952759089796876 -1.4565654811782274 -1.4159684367107996 -1.8160295677129883 -0.48060238411806205 -0.89158257264088336
decision_type=2 2 2 2 2 2 2 2 2 2 2 2 2 2 2 2 2 2 2 2 2 2 2 2 2 2 2 2 2 2
left_child=-1 2 -2 4 5 7 -7 15 9 16 11 13 -12 14 -11 -3 -9 -10 -19 -17 21 -21 -23 -22 25 26 -5 -28 -27 -26
right_child=1 3 -4 24 -6 6 -8 8 17 10 12 -13 -14 -15 -16 19 -18 18 -20 20 23 22 -24 -25 29 28 27 -29 -30 -31
leaf_value=-0.050947694054011977 0.045177086635083345 0.063097226304575316 -0.013418134123778137 -0.028696660413090137 -0.036714604492349777 0.12619893337425278 0.017220965531968176 0.060603806550531936 -0.049819642607508208 0.16313566454543368 -0.053810425711655729 0.23763369678728946 0.10155204659490452 0.12055602123279757 -0.0023879832785980294 -0.029455249147377183 -0.052694650067472808 0.048028397800202044 -0.042655288920230419 -0.023270408428166942 -0.033623829730436969 0.22531892499237607 -0.00889407899295417 0.074015129221944684 -0.0076877938507243504 0.12046843449292409 0.023021539758070784 -0.05678065911337702 0.0064145618029019039 0.0014939228016154281
leaf_weight=2.8038565781898788 7.9819522649049759 2.9360751938074818 4.5453079156577569 9.3152414169162494 15.273523380979894 2.0577603820711374 6.2890407200902683 1.9310813751071689 10.198478182777764 1.3182141575962285 2.8707684110850087 1.370203299447893 1.2520019970834253 3.4191606286913157 5.7061395682394505 47.608592895790935 6.1607005950063485 4.7591632027179003 3.5039223916828615 5.7690255157649517 13.283682856708763 1.9158931635320184 2.2453912505880016 2.0534710846841326 189.96490280795842 2.9607958756387234 44.827139902859926 3.6844307407736769 2.0666620060801497 855.69836363103241
leaf_count=216 44 29 28 94 273 18 104 30 181 13 51 24 13 30 115 884 157 51 63 83 229 20 50 26 3161 22 342 43 29 11530
internal_value=-0.000198774 -8.61082e-05 0.0239168 -0.000326576 -0.00811506 -0.00466603 0.0440876 -0.00810584 0.00647965 0.0293109 0.0572205 0.0795032 -0.00662998 0.0587563 0.0286747 -0.0162805 -0.0256563 -0.0232359 0.00957441 -0.0194785 -0.000680387 0.0279416 0.0989397 -0.0192122 0.000670575 0.0147231 0.00960574 0.0169606 0.0735837 -0.000174113
internal_weight=1265.77 1262.97 12.5273 1250.44 141.922 126.649 8.3468 118.302 42.4898 24.0283 15.9365 11.8137 4.12277 10.4435 7.02435 75.8121 8.09178 18.4616 8.26309 72.8761 25.2675 9.93031 4.16128 15.3372 1108.52 62.8543 57.8268 48.5116 5.02746 1045.66
internal_count=17953 17737 72 17665 2444 2171 122 2049 728 433 246 182 64 158 128 1321 187 295 114 1292 408 153 70 255 15221 530 479 385 51 14691
is_linear=0
shrinkage=0.05


Tree=83
num_leaves=31
num_cat=0
split_feature=12 16 13 3 14 15 14 13 13 14 15 8 8 11 13 15 13 14 14 0 3 3 9 13 14 5 3 5 14 10
split_gain=2.79756 2.89649 6.40852 5.16658 6.51401 6.36553 8.70408 5.6846 4.12124 6.71792 4.04348 12.5747 7.18005 6.8952 6.77065 13.8914 10.4143 9.78921 8.38546 12.1996 9.89565 9.28896 8.26846 7.94388 7.51797 7.34165 13.5031 15.0933 8.91736 8.6385
threshold=-2250.2834999999027 -0.00072349999999999986 0.33135823958512861 2.7300400364505992 1.859364401927537 1.4084639457866761 1.5631274880833612 1.4671245563796365 -1.1398801515897767 -0.42818467772656704 -0.92276765044522768 0.70292662322770827 2.4968123496833368 1825322.1999969485 0.40625809758096793 -1.3652479777967321 0.94550967251512097 0.0607526482329055 1.6314490102706591 -1.0000000180025095e-35 -3.0341774201558307 -0.80285027375515294 0.73429376703215843 -0.87957101469421317 1.3282105538943065 49.999999999999467 1.027427229251108 33.333333333333826 -2.4597846455210211 -0.013414230990587967
decision_type=2 2 2 2 2 2 2 2 2 2 2 2 2 2 2 2 2 2 2 2 2 2 2 2 2 2 2 2 2 2
left_child=-1 2 8 5 -5 6 -4 -8 9 -2 11 13 -13 14 23 16 22 -18 19 21 -20 -19 -16 24 -3 26 -25 29 -27 -28
right_child=1 10 3 4 -6 -7 7 -9 -10 -11 -12 12 -14 -15 15 -17 17 18 20 -21 -22 -23 -24 25 -26 28 27 -29 -30 -31
leaf_value=-0.033460071792163266 0.045255632362511518 0.01964489708899125 -0.015402651993885639 0.11119288229294422 -0.010523098081214446 -0.044277794772583368 0.096488098923916368 -0.00068256902100042238 -0.031145615695596429 -0.025165484067157847 0.0022990014847245536 -0.021107325111768216 0.037432068766185114 -0.029221429268433737 0.047039172639364732 -0.033909014313955835 -0.051543985806071752 0.093722826768366185 0.082072622743646559 0.11003674658005463 -0.027406363612197251 -0.052834058499860587 0.13873918791336981 -0.014275569615929887 -0.042453690851923201 0.090091445543205806 0.045742461572742685 0.13905712691039457 -0.038405513620660171 -0.059975964208240896
leaf_weight=6.289705757983028 5.3996044760569939 51.645285000093281 8.838148416951304 2.5607806555926791 1.9259934723377226 5.8921539112925521 4.1070255376398555 2.3757736347615719 31.447983535937965 9.0843530851416254 875.28910780558363 102.53858297038823 5.5200544949620953 15.351905758492647 14.329116413369777 9.5732058687135559 4.8198245950043228 1.6998317167162893 2.6885847337543973 5.5789077393710631 8.8858285667374695 2.9706276226788759 2.9673093184828749 37.624572793021798 5.3817994929850093 1.4246220681816364 6.2441421970725051 3.2221037559211245 25.837528886273503 2.7982572354376307
leaf_count=138 59 532 225 35 22 161 46 38 554 89 11974 1533 60 266 201 259 179 35 16 39 128 67 40 569 59 11 42 33 512 31
internal_value=-0.000197067 -3.07629e-05 -0.00979465 0.0101988 0.0589451 -0.00011149 0.0168741 0.0608776 -0.0209814 0.00108744 0.00055876 -0.00433743 -0.0181169 0.00299594 0.0056311 0.0206685 0.0325593 0.0129467 0.0271895 0.0601254 -0.00197583 0.000505886 0.0627709 -0.000366152 0.0137845 -0.0108257 0.000576049 0.0461373 -0.0316907 0.0130269
internal_weight=1264.31 1258.02 71.6318 25.6999 4.48677 21.2131 15.3209 6.4828 45.9319 14.484 1186.39 311.102 108.059 203.043 187.692 53.5132 43.94 26.6436 21.8238 10.2494 11.5744 4.67046 17.2964 134.178 57.0271 77.1512 49.8891 12.2645 27.2622 9.0424
internal_count=17953 17815 1229 527 57 470 309 84 702 148 16586 4612 1593 3019 2753 964 705 464 285 141 144 102 241 1789 591 1198 675 106 523 73
is_linear=0
shrinkage=0.05


Tree=84
num_leaves=31
num_cat=0
split_feature=2 3 1 9 14 14 15 15 7 15 14 3 14 3 14 0 13 3 14 3 1 15 11 3 16 16 13 13 1 5
split_gain=2.78432 2.80515 4.13833 4.63803 3.41938 7.3528 3.95526 3.67706 3.6518 2.7875 6.59091 10.892 8.21621 7.60766 9.4455 14.216 11.3942 15.6108 14.5867 10.0504 9.19783 12.2568 11.1323 13.8116 9.03994 8.47812 8.65434 9.85919 8.27678 14.5387
threshold=15.796877144760289 5.583700697654435 0.0019410581672001769 -0.93040095765441444 -0.55654942961445641 -0.12344322535822048 1.1392808168151505 -0.50836511931083728 0.98852571891027841 -0.47652833560612712 -0.20226466024465115 -2.3939097390864417 -1.1221215213824125 -1.5048208794928482 1.6314490102706591 -1.0000000180025095e-35 -0.87957101469421317 0.069374819757812276 0.33693824371118392 3.2160340060819061 -0.039676783840089568 -1.3473212192192674 -1066428.0999984739 -0.82509197751397023 -0.00050996999999999989 -0.00042778499999999992 -1.7305394661989284 0.69153395322184519 0.437528006316945 81.33830845771142
decision_type=2 2 2 2 2 2 2 2 2 2 2 2 2 2 2 2 2 2 2 2 2 2 2 2 2 2 2 2 2 2
left_child=1 9 -3 -4 7 -6 8 -5 -7 10 11 12 -1 25 15 16 17 -15 -19 28 21 22 -18 -24 -25 26 -12 -28 -17 -30
right_child=-2 2 3 4 5 6 -8 -9 -10 -11 13 -13 -14 14 -16 19 20 18 -20 -21 -22 -23 23 24 -26 -27 27 -29 29 -31
leaf_value=-0.01310465053652079 -0.051089103327416778 0.065522410532055417 -0.045559091259848625 -0.061670486696331774 0.071471775566206305 -0.011229476432708566 -0.060408409653012099 0.0263614096262 0.059546378828179196 0.0012893900980107266 0.061695551346017452 -0.01809867528010212 0.038287727365766619 0.074554240823692136 -0.011425311555831484 0.027139583222596433 -0.053173229475219574 0.03796857651068497 -0.047106786384968437 -0.021723484950040558 -0.035401874542140756 -0.038057264181472789 0.15622058482552678 0.10526372067598654 -0.0040079609688711965 -0.044304022395684345 -0.02734941106248967 0.030945203883174777 0.14676967591196949 0.032349185188511459
leaf_weight=14.345690060406925 2.6816458422690621 3.6208100132644203 3.4393659681081834 2.5009799003601074 6.0828022882342418 4.4212094154208703 2.0494114886969328 2.2564169242978176 3.1007530800998211 806.48251381097361 4.6571626635268322 129.47450002469122 16.984763331711292 9.8215814679861086 58.570599338039756 46.595606379210949 2.8805776219815007 10.648103421553971 9.5636045355349761 8.4223244749009591 27.881121531128883 9.3562456294894201 2.6830491479486218 2.6550789400935155 6.5920231211930549 17.236923622898757 25.516869271174073 10.133546737954019 4.3444296810775977 7.6911998353898525
leaf_count=175 140 30 38 25 32 45 23 19 24 11084 36 2707 193 78 747 382 62 88 105 108 620 170 24 30 93 291 302 138 45 99
internal_value=-0.00019499 -8.66729e-05 0.0157155 0.00815436 0.0172051 0.0284868 0.00116901 -0.0199173 0.0179462 -0.000438885 -0.00371035 -0.0116974 0.014756 0.00113173 0.00558876 0.0122708 -0.0016819 0.0228421 -0.00228666 0.0293505 -0.015833 0.00674341 0.0350449 0.0563455 0.0273667 -0.0149558 -0.00240551 -0.0107793 0.0366873 0.0736509
internal_weight=1262.69 1260.01 27.4717 23.8509 20.4116 15.6542 9.57137 4.7574 7.52196 1232.54 426.055 160.805 31.3305 265.25 207.706 149.135 82.0814 30.0333 20.2117 67.0536 52.0481 24.167 14.8107 11.9302 9.2471 57.5445 40.3076 35.6504 58.6312 12.0356
internal_count=17953 17813 236 206 168 124 92 44 69 17577 6493 3075 368 3418 2651 1904 1270 271 193 634 999 379 209 147 123 767 476 440 526 144
is_linear=0
shrinkage=0.05


Tree=85
num_leaves=31
num_cat=0
split_feature=2 13 5 0 14 2 5 4 13 15 15 9 16 16 15 14 15 9 3 16 13 15 2 3 0 8 7 14 16 5
split_gain=2.79649 2.76477 9.16395 8.5078 13.2223 12.9396 10.8435 10.1993 9.91999 8.89993 7.43192 9.2859 6.90438 6.33451 6.09265 16.861 6.02205 5.84586 8.44712 6.19458 6.24677 5.48004 6.60793 8.82763 7.05711 9.30712 6.68186 5.415 4.80015 6.98753
threshold=-835236.14072378271 0.94550967251512097 97.424845269673156 1.0000000180025095e-35 1.4704043297295746 1.0343985214919462 94.974747474747829 41.975308641975523 1.0115959699398369 -2.4082238427254752 -1.8952966709404968 0.92049325799175075 -0.00012149999999999999 -0.00041597499999999991 1.5701391570440459 -1.9119096991667754 -3.8387687875258685 1.949574374178453 2.7875482232171973 -0.00057998999999999995 1.050368021213602 1.9857881265968707 -0.20110138108500139 0.16500420630745563 -1.0000000180025095e-35 1.8915451471340077 0.68508565026421608 2.0199192620806712 -0.00069961499999999989 49.99999999999978
decision_type=2 2 2 2 2 2 2 2 2 2 2 2 2 2 2 2 2 2 2 2 2 2 2 2 2 2 2 2 2 2
left_child=-1 21 3 4 6 10 14 8 -5 -9 -6 28 17 -7 16 -16 -3 18 19 -11 -21 -2 23 24 25 26 -23 -13 29 -12
right_child=1 2 -4 7 5 13 -8 9 -10 12 11 27 -14 -15 15 -17 -18 -19 -20 20 -22 22 -24 -25 -26 -27 -28 -29 -30 -31
leaf_value=-0.050937158762130598 0.0016983050572653058 0.084683667496283532 -0.038054876604372623 0.10799422000144224 0.04410424723285343 0.10681719545948168 0.13518025454046573 -0.045198931166325465 -0.041727858029496273 -0.011302872695061281 -0.036542193570123963 0.088671265559857243 -0.033985446665458531 -0.0020067755623612996 0.11250842186625952 -0.042897821808626557 -0.037280105617898275 0.099997009417789953 -0.029304571155958376 -0.036452402584814074 0.049903394304858573 0.016463373303481046 -0.040082266388719305 0.101538746396703 -0.04359883593241215 0.12235851305543731 -0.042613608705841702 -0.024909782524014226 -0.052899102114503577 0.09807311168702354
leaf_weight=2.7092228461988261 1021.587099596858 1.0329021047800768 19.617543018423021 1.2172060385346402 6.5586451776325729 4.7448161281645298 1.0276998113840807 4.7340228129178277 12.143798191100357 5.9529504086822191 2.8296639956533935 2.8019032385200253 4.3411532919853917 1.8619836252182711 2.7325868988409638 4.8310972601175299 50.251983261667192 2.9543025791645041 5.7325962744653216 2.2457165513187709 31.033511323854327 15.289387058466675 17.359259062446654 1.9292321950197209 10.034888206049802 1.6127718165516842 6.9674535226076832 1.6776905637234447 11.165223569609223 1.4620924629271028
leaf_count=216 13018 15 543 21 62 41 12 68 290 93 58 28 62 36 33 155 1448 24 93 35 304 193 382 12 242 15 95 30 305 24
internal_value=-0.000192884 -8.35777e-05 -0.00576554 -0.00188736 -0.0118139 0.0135452 -0.0258334 0.0112311 -0.028088 0.0204486 -0.00206524 -0.0172539 0.0263953 0.0761475 -0.0286453 0.0132469 -0.0348237 0.0318654 0.027389 0.035673 0.044076 0.000883616 -0.0147627 -0.00249694 -0.00841677 0.00637392 -0.00203054 0.0461331 -0.0356241 0.00931782
internal_weight=1260.44 1257.73 182.951 163.334 92.9783 33.102 59.8763 70.3553 13.361 56.9943 26.4952 19.9366 52.2602 6.6068 58.8486 7.56368 51.2849 47.9191 44.9648 39.2322 33.2792 1074.78 53.193 35.8337 33.9045 23.8696 22.2568 4.47959 15.457 4.29176
internal_count=17953 17737 3780 3237 2247 584 1663 990 311 679 507 445 611 77 1651 188 1463 549 525 432 339 13957 939 557 545 303 288 58 387 82
is_linear=0
shrinkage=0.05


Tree=86
num_leaves=31
num_cat=0
split_feature=14 3 2 13 14 10 14 15 15 14 13 13 16 9 12 10 16 7 6 6 1 4 3 7 2 13 1 2 7 16
split_gain=2.73277 2.69338 2.77598 4.36574 4.68569 3.49883 5.85956 7.94914 7.45078 9.11316 8.83766 13.7697 9.97116 6.71345 5.25571 4.94944 7.29307 4.75478 7.18688 5.76809 5.75699 7.51026 8.56863 5.78032 5.23617 6.2882 4.926 5.20588 4.21367 4.20026
threshold=-3.4349995153075681 -6520647.096667219 -6.0070989001338795 -1.092758075423016 -0.023127985520905892 -1.5902976062745178 0.83377529835079323 -2.7863084502865192 0.91858498720976367 0.1442032891010617 -0.40442762484147771 0.36273436340289372 -0.0005515749999999999 -2.4364558510825476 -542.76699999999244 0.02988938377002286 -1.0000000180025095e-35 -0.90214159745418387 -1.4927231455224446 1.4752586221855906 -1.5401986231776756 20.000000000000046 -3.0932101207942835 -1.225937251215875 -1.1368127170503384 -1.8153745915204382 -0.9670361349116614 -0.9713436136784962 -1.4977758840817945 -0.00029649999999999994
decision_type=2 2 2 2 2 2 2 2 2 2 2 2 2 2 2 2 2 2 2 2 2 2 2 2 2 2 2 2 2 2
left_child=-1 -2 3 4 -3 6 7 -4 -9 10 13 12 -12 -10 15 -7 -17 18 -16 20 21 -20 -23 -24 25 -22 27 -26 -8 -19
right_child=1 2 5 -5 -6 14 28 8 9 -11 11 -13 -14 -15 17 16 -18 29 19 -21 24 22 23 -25 26 -27 -28 -29 -30 -31
leaf_value=-0.053384364967718367 -0.05129102496066567 0.029897053922917922 0.11718453521782127 0.055136741689168545 -0.056022134411927098 -0.032871194097827613 0.071192262859458247 -0.014316093969553962 0.070130897194863609 0.084647049633949534 0.012764643849144625 -0.029317839107988443 0.15456973400339377 -0.043191824543850746 0.078560631963796923 -0.010555484661365451 0.084898100246967534 0.0012722972975606102 -0.0019825687670054072 0.090670720998475091 0.053040413620258735 0.1265033331918424 -0.03520839845608055 0.075742525921572809 0.12469444864512512 -0.021353115220271876 0.0061871109229194119 0.0069065913349893489 -0.028957757311814072 -0.0077425420832020822
leaf_weight=2.4098966121673575 2.5631725564599028 3.9956131242215633 1.399122443050145 5.8144335485994798 2.6322138048708439 22.229762893170118 1.0843348372727621 48.834276905283332 1.5337663311511285 4.4136442448943844 2.1272119302302599 3.9103712253272533 2.9711046013981104 8.836825670674445 3.5771041624248019 13.242475101724265 2.357300227507948 744.69866998121142 7.2033911980688563 2.038871167227625 3.1364370435476294 3.5521096512675276 2.2122685480862847 2.5010096896439791 1.8278431314975025 30.105395717546344 135.40644478239119 1.9270420651882876 33.425308281555772 156.33701381739229
leaf_count=69 213 33 17 30 17 430 16 975 19 52 28 99 28 135 30 237 33 9826 50 19 18 21 27 20 15 383 1950 26 566 2571
internal_value=-0.000191129 -8.90578e-05 1.56547e-05 0.0235153 -0.00422539 -0.000219974 -0.00879567 -0.000863484 -0.00313761 0.0198059 0.00503827 0.041266 0.0954032 -0.0264319 0.000602006 -0.0177208 0.00386862 0.00123529 0.00834688 0.00702435 0.00611658 0.0353367 0.0678608 0.0236656 0.00349483 -0.0143339 0.00775363 0.0642446 -0.0258109 -0.000291851
internal_weight=1258.3 1255.89 1253.33 12.4423 6.62783 1240.89 108.536 74.0263 72.6272 23.7929 19.3793 9.00869 5.09832 10.3706 1132.35 37.8295 15.5998 1094.52 193.488 189.911 187.872 15.4688 8.26539 4.71328 172.403 33.2418 139.161 3.75489 34.5096 901.036
internal_count=17953 17884 17671 80 50 17591 1935 1353 1336 361 309 155 56 154 15656 700 270 14956 2559 2529 2510 118 68 47 2392 401 1991 41 582 12397
is_linear=0
shrinkage=0.05


Tree=87
num_leaves=31
num_cat=0
split_feature=13 2 6 13 14 14 14 13 13 4 14 6 15 16 14 8 7 13 15 10 16 5 13 2 3 4 2 15 3 9
split_gain=2.65892 2.65659 2.62518 3.79753 3.66375 6.94323 4.61151 6.65824 5.94366 4.14765 4.28667 3.41849 5.42346 4.74925 3.96165 3.89615 4.29017 4.98136 4.03406 8.6598 5.76056 6.68124 6.83046 8.11692 6.32023 6.08 10.3399 6.38911 5.16777 5.38844
threshold=3.4618310563081791 15.796877144760289 1.4521458948956154 -1.7696310549798824 -1.6377500855896134 -1.9392062551894576 1.2502793524237001 0.54184307622674033 1.2670186311759355 30.145154138760159 -0.36355067507838679 1.1207607767787955 -1.2973203964231035 -0.00072349999999999986 -3.070608362623783 1.9623243667528005 1.1021018589430007 -0.39454190669060846 -2.1711803596345036 1.388537520789672 -0.00044213999999999994 50.000000000000419 -0.34768322196287155 -0.18620019115601369 2.7875482232171973 55.555555555555578 1.5754947065415437 -3.3948506169113082 -4.7652570898807802 -1.5153748555667212
decision_type=2 2 2 2 2 2 2 2 2 2 2 2 2 2 2 2 2 2 2 2 2 2 2 2 2 2 2 2 2 2
left_child=1 2 11 -4 5 -5 9 -8 -9 10 -6 14 -13 -14 -1 18 17 -17 19 20 21 28 -23 -24 -25 26 27 -22 -16 -30
right_child=-2 -3 3 4 6 -7 7 8 -10 -11 -12 12 13 -15 15 16 -18 -19 -20 -21 25 22 23 24 -26 -27 -28 -29 29 -31
leaf_value=-0.052688820953724548 -0.052578047707311129 -0.051037987478460049 -0.050449995103666635 -0.013896493836633845 0.071791934231537444 0.14624170335883643 0.0075801744599133213 0.1381885091514512 0.017537610855993993 -0.012018688293704682 -0.0045198819690194965 -0.029754022672967818 -0.047047454370133059 -0.0013527136422614855 0.090069977842745494 0.0073372418201361513 0.010405365785509569 0.11395704921401213 -0.00054110174704722746 -0.046410049802923674 0.092113364879600368 0.18780978968645592 0.15636818549414058 -0.03375632905179643 0.091731250180132354 -0.02254556129411724 0.14568168774988313 -0.007238463742513768 -0.044299720778346464 0.028123887899305929
leaf_weight=3.4753727735951534 2.4170946534723035 2.5530405631288877 2.2760879378765813 1.262712409719825 3.5529687087982893 1.4589565638452757 6.44284515455365 2.4747117422521114 1.7374582365155218 18.705622529610991 3.8175200410187271 23.013843390159309 5.9576027966104439 124.88344905106351 2.2977061718702325 2.1016153767704964 34.15479538589716 2.2883251979947081 962.66414750507101 5.3554660705849519 1.9680260457098473 1.2152216136455534 1.5032681096345184 2.3210095064714542 1.7675013523548839 11.468568427488206 1.6196397468447674 9.1031211353838462 3.5039408486336479 9.6179398056119663
leaf_count=104 69 140 19 27 28 19 60 23 20 257 30 400 133 1752 12 17 392 24 13682 103 20 12 14 55 17 210 9 143 58 104
internal_value=-0.000186946 -8.60071e-05 1.78919e-05 0.0123481 0.015971 0.0719459 0.0118234 0.0395387 0.0884218 0.000498644 0.0322665 -0.000407238 -0.00737043 -0.00343334 0.000606862 0.00078277 0.0163857 0.0629145 0.000189898 0.0137904 0.0207408 0.039111 0.0803702 0.0570211 0.0204931 0.00384015 0.0276847 0.0104225 0.0208971 0.00878458
internal_weight=1256.98 1254.56 1252.01 41.7289 39.4528 2.72167 36.7311 10.655 4.21217 26.0761 7.37049 1210.28 153.855 130.841 1056.43 1052.95 38.5447 4.38994 1014.41 51.7414 46.3859 22.2266 6.807 5.59178 4.08851 24.1594 12.6908 11.0711 15.4196 13.1219
internal_count=17953 17884 17744 483 464 46 418 103 43 315 58 17261 2285 1885 14976 14872 433 41 14439 757 654 272 98 86 72 382 172 163 174 162
is_linear=0
shrinkage=0.05


Tree=88
num_leaves=31
num_cat=0
split_feature=11 14 14 13 9 15 2 5 10 15 9 1 10 2 5 15 1 12 10 14 1 1 13 2 4 6 13 15 0 15
split_gain=2.6169 5.96279 3.65988 3.50664 4.98933 3.97014 10.4154 4.71763 9.30836 3.26259 7.47175 3.28148 4.45285 4.31124 11.8454 10.3033 8.90536 8.92557 7.12951 6.78349 4.30365 7.32058 7.63738 6.65251 8.59389 14.9176 6.82183 8.31378 6.68991 7.65784
threshold=-4498101.6000022879 3.5598394168578094 3.3320943660009941 2.3824987633323809 -1.3866471663013604 -2.6662488975992238 -3.3291270049481887 64.000000000000313 0.34383119473408269 2.8601677370361043 -1.6865115432878592 3.6292691068710368 2.4969299394587297 2.7620111939077381 85.714285714285865 -0.2170119737503948 1.5446341317667425 -212.47200000006703 2.281424837169006 -0.88833728961985881 0.88185177722451868 0.85858086932509703 -0.35801773634497969 1.6756706200416296 55.55555555555555 0.53744130570642223 1.8040841990169325 1.2590289965235231 1.0000000180025095e-35 1.423905638041705
decision_type=2 2 2 2 2 2 2 2 2 2 2 2 2 2 2 2 2 2 2 2 2 2 2 2 2 2 2 2 2 2
left_child=1 3 9 5 -5 6 -1 -7 -9 11 -11 13 -13 20 18 -16 -17 -18 -15 -19 21 -2 -23 26 25 -25 -22 -28 -26 -30
right_child=2 -3 -4 4 -6 7 -8 8 -10 10 -12 12 -14 14 15 16 17 19 -20 -21 23 22 -24 24 28 -27 27 -29 29 -31
leaf_value=0.12256989860167784 0.00096977310090979707 0.078974778096514681 -0.039413216026624488 -0.033019796895537849 0.061923375891064107 -0.033050299334214446 -0.039785211950861633 -0.034960753907026076 0.11251100545503377 0.068937927774374727 -0.044660016065662028 -0.054045625930484537 0.017754026748860102 0.0377790795696464 -0.037533076769893259 0.090197681810801761 0.10033134954228905 0.036682348226770661 0.13318570014165729 -0.041591987166760158 -0.03711352440998246 -0.018659621146185856 0.13282041469360925 0.14054646798271675 -0.026085343237896082 -0.033657859725687272 -0.019032605138917406 0.17854803732773517 -0.0021993061670435889 0.073288665625540192
leaf_weight=1.6601696610450742 1066.6095328535885 1.7418946288526047 5.7835195772349826 2.4101374205201864 3.2492332607507697 30.696995006874204 2.4392342418432227 2.7879734691232434 1.7365020606666801 1.7181711504235853 9.188880018424241 6.1045250045135599 3.3413656987249851 6.483884862624107 10.581301081925632 4.024416500702503 2.1091504711657789 4.5037652291357517 2.805349625647068 7.1815833393484301 26.632057004608217 1.3679684810340407 2.1241639778017989 2.7496245801448813 21.666762439534068 2.2220156900584698 1.4693209854885929 0.8349679447710513 15.563117671757938 4.2845283132046452
leaf_count=7 14434 20 103 66 31 649 47 72 31 22 214 181 27 69 172 33 24 48 24 96 675 23 42 29 463 34 46 13 218 40
internal_value=-0.000182305 -0.0117934 0.000266277 -0.0153084 0.0214902 -0.0206048 0.0259651 -0.026025 0.0216392 0.000456949 -0.0267651 0.000705899 -0.0286474 0.000940234 0.0175794 0.00154825 0.0247557 0.00566358 0.0665919 -0.0114235 0.00039278 0.0012064 0.0734813 -0.011151 0.000564817 0.0626879 -0.0299724 0.0525615 -0.00687486 0.0140963
internal_weight=1256.07 46.7221 1209.35 44.9802 5.65937 39.3209 4.0994 35.2215 4.52448 1203.57 10.9071 1192.66 9.44589 1183.21 37.6895 28.4002 17.8189 13.7945 9.28923 11.6853 1145.52 1070.1 3.49213 75.4224 46.486 4.97164 28.9363 2.30429 41.5144 19.8476
internal_count=17953 923 17030 903 97 806 54 752 103 16927 236 16691 208 16483 466 373 201 168 93 144 16017 14499 65 1518 784 63 734 59 721 258
is_linear=0
shrinkage=0.05


Tree=89
num_leaves=31
num_cat=0
split_feature=1 12 12 16 8 13 5 11 8 9 9 11 9 14 13 16 2 6 1 2 5 14 14 9 16 14 4 2 4 11
split_gain=2.58269 2.57053 9.98823 6.34712 10.4627 10.5729 7.66639 7.82264 5.39554 6.52786 8.99248 5.30103 5.73211 6.88328 5.7339 6.86857 6.11622 5.71583 4.56368 7.08922 4.55756 6.60977 12.2491 11.751 9.11342 7.71333 7.00138 11.0211 7.01101 9.19248
threshold=-1611.4664513899866 -287.08899999991985 -238.25699999998321 -0.00060395499999999988 -1.4106619424110789 -0.92724128067462275 49.99999999999978 -1233791.2999916074 -1.1378729221610597 0.98921837146111058 0.47563462510561288 851207.24999618542 -0.6851335811095115 2.7880630052653914 -0.8281346567814758 -1.0000000180025095e-35 -1.6404660923956633 -0.10386870044647396 -0.57921019196603096 -1.0551483557014352 50.000000000000654 -2.3265227023050339 -1.3009588799040335 -0.71493462188594681 -0.00034768999999999995 -1.1535200825439917 49.92711370262392 0.40124740422791511 66.666666666666643 107224.8999977112
decision_type=2 2 2 2 2 2 2 2 2 2 2 2 2 2 2 2 2 2 2 2 2 2 2 2 2 2 2 2 2 2
left_child=-1 11 3 18 5 -5 7 -7 -6 10 -10 12 -2 14 15 16 -14 -18 -3 -20 -4 23 -23 24 -22 26 -24 -28 -29 -30
right_child=1 2 20 4 8 6 -8 -9 9 -11 -12 -13 13 -15 -16 -17 17 -19 19 -21 21 22 25 -25 -26 -27 27 28 29 -31
leaf_value=-0.050914547620346154 -0.0093821993046141021 -0.051184713827146115 0.0023070962155797678 -0.033542851930799443 -0.044335032926811797 0.14587675158326346 0.1864379548842402 0.028204042291065545 0.020722067526025924 -0.034590542030247508 0.11282321181665152 -0.026423903641309927 0.07172403018914765 0.12063858089059357 -0.0028947969739437219 0.10430962349885405 -0.032855631708229339 0.04182752174702898 0.12006833578934153 -0.012921875488850569 0.097714025780226199 -0.033251056130238529 -0.057040577090191329 -0.039838764511651456 -0.019027607479128687 -0.0045206172329331322 0.13837470910489516 -0.029134568922018364 -0.053724704125144997 0.085613412706852965
leaf_weight=2.5034441356547168 98.651750860735774 4.0547038968652487 671.78863936383277 1.7208294095471499 3.1154766585677853 2.3212786968797445 2.0506502911448479 3.6069406103342754 12.448715597391134 3.5622940082103005 3.3671065121889105 26.10782752558589 3.8769036922603854 1.3845208063721646 38.671900507062674 2.7458489984273902 6.1462782295420766 4.393193731084466 1.3137734439224003 4.2235779995098692 5.9879598636180162 36.752767680212855 1.932629020884632 3.9273381745442739 2.3192391674965602 292.37393069826066 2.5457790009677401 4.0646697795018536 1.5311577022075651 5.2157870111986995
leaf_count=213 1776 47 8077 22 50 22 29 35 170 54 35 510 29 19 668 32 79 47 13 69 52 877 32 117 48 4610 39 99 28 55
internal_value=-0.000180066 -7.86363e-05 0.000855512 0.0248192 0.0354562 0.0788631 0.103106 0.0742805 0.0167383 0.0265572 0.0403299 -0.00557242 -0.00207986 0.0105102 0.00777938 0.0318317 0.018027 -0.00172527 -0.0108812 0.0186309 -0.000118129 -0.00468629 -0.00596919 0.0314289 0.0651216 -0.00271016 0.0319091 0.0447789 0.0227402 0.0539919
internal_weight=1254.71 1252.2 1070.23 41.7853 32.1933 9.6997 7.97887 5.92822 22.4936 19.3781 15.8158 181.978 155.87 57.2186 55.8341 17.1622 14.4164 10.5395 9.59206 5.53735 1028.44 356.651 344.417 12.2345 8.3072 307.664 15.29 13.3574 10.8116 6.74694
internal_count=17953 17740 14580 546 417 108 86 57 309 259 205 3160 2650 874 855 187 155 126 129 82 14034 5957 5740 217 100 4863 253 221 182 83
is_linear=0
shrinkage=0.05


Tree=90
num_leaves=31
num_cat=0
split_feature=13 3 12 2 13 14 11 6 2 2 9 7 7 15 10 14 7 12 16 1 2 14 2 3 14 15 13 13 10 10
split_gain=2.52471 2.47049 2.43991 2.89431 4.41137 4.33242 3.04252 5.19895 6.05139 8.36926 5.72021 8.28097 10.709 6.2456 5.47732 6.69145 5.45332 10.2814 4.94334 4.66734 6.46679 5.84182 7.83822 4.83219 4.62182 4.61101 5.03885 4.46186 4.44419 4.43332
threshold=3.4618310563081791 -6520647.096667219 -2250.2834999999027 -6.0070989001338795 -1.092758075423016 -0.023127985520905892 -2436258.6500015254 -1.1188177590603687 -1.7377782052410455 -1.6113750364953272 -1.591175614800181 -1.3211580335309228 -1.043646435662718 1.4421126287960802 -2.7917409747218884 -0.87207540284578944 -0.079635873865715107 186.58200000016953 -0.00060588499999999991 -1.3952759089796876 -1.4565654811782274 -1.4159684367107996 -1.8160295677129883 -0.48060238411806205 3.1716352121127103 -1.5242369486582497 -1.5445574746345245 -1.2077532828922124 0.91281849705806251 -0.89158257264088336
decision_type=2 2 2 2 2 2 2 2 2 2 2 2 2 2 2 2 2 2 2 2 2 2 2 2 2 2 2 2 2 2
left_child=1 -1 -3 4 5 -4 7 8 14 -10 18 -12 -13 16 15 -5 -14 -18 -11 20 21 27 25 -22 29 -23 -27 -8 -28 -21
right_child=-2 2 3 6 -6 -7 19 -9 9 10 11 12 13 -15 -16 -17 17 -19 -20 24 23 22 -24 -25 -26 26 28 -29 -30 -31
leaf_value=-0.051250535778337464 -0.052479510287127919 -0.032018990680796007 0.029140764401440034 0.13159791461861828 0.057129264073838663 -0.054277739903972437 0.042223202832519569 -0.015180972684008868 0.11946000560261827 -0.053923916446856429 -0.053428338836008199 0.14919400081600001 -0.041939633347273138 0.12867590689118585 -0.027540024008620864 -0.012062007723672462 0.10331168386546022 -0.054600007845517454 0.0083613561074060618 -0.0067422805758268426 0.10609002115953624 -0.034923900334316214 -0.056470236520595476 0.0073028018948470014 -0.041170317044706931 -0.022988975993566602 0.041315629528481917 -0.045440783826415608 -0.0015777623542272629 0.0018052139429085236
leaf_weight=2.3544973037205628 2.3031855020672074 5.9162186244502655 3.992763152346015 1.2888240423053505 5.5818249434232694 2.5508975181728601 1.8187350444495676 80.752092340961099 1.9297759998589743 4.218909407034519 2.1296931412070981 2.3409568835049859 2.9453801643103343 1.326035391539335 17.352918758057058 2.1843426041305092 2.8285192660987413 1.6217832732945678 13.006365431472657 185.01089680381119 3.1661823466420174 3.324919417500495 3.4516606740653506 2.0325684733688822 6.7738778796046963 4.6127413734793654 29.205111591145396 7.1882404498755914 7.612973451614379 842.61060285102576
leaf_count=213 69 137 33 15 27 17 13 1467 25 90 47 34 56 17 249 37 26 31 246 3090 22 35 42 29 127 24 201 78 74 11382
internal_value=-0.000178273 -8.1992e-05 1.44834e-05 0.000166968 0.0244758 -0.00337805 -7.25282e-05 -0.00718692 0.00495326 0.0184875 0.0120815 0.0368578 0.0542389 0.0287524 -0.0160683 0.0412474 0.0108363 0.0457654 -0.0068939 0.000796174 0.0140745 0.00922307 0.016129 0.0674669 -5.01323e-06 0.021728 0.0262745 -0.0277392 0.0324464 0.00026634
internal_weight=1253.43 1251.13 1248.78 1242.86 12.1255 6.54366 1230.73 133.926 53.1735 32.3474 30.4176 13.1924 11.0627 8.72172 20.8261 3.47317 7.39568 4.4503 17.2253 1096.81 62.4131 57.2144 48.2074 5.19875 1034.4 44.7557 41.4308 9.00698 36.8181 1027.62
internal_count=17953 17884 17671 17534 77 50 17457 2340 873 572 547 211 164 130 301 52 113 57 336 15117 518 467 376 51 14599 334 299 91 275 14472
is_linear=0
shrinkage=0.05


Tree=91
num_leaves=31
num_cat=0
split_feature=14 2 3 15 1 15 0 5 15 14 1 4 13 14 15 11 16 15 3 3 13 10 13 4 3 14 0 13 3 14
split_gain=2.45219 2.40521 2.4929 3.83627 5.06459 5.49271 6.46348 4.89332 2.53687 5.84318 9.75726 10.6173 7.79126 11.2932 10.5174 7.90266 11.4128 37.1056 18.4966 6.90271 12.3104 14.8229 8.35782 8.34755 6.84833 8.30385 11.929 10.0091 13.2445 13.2546
threshold=-3.4349995153075681 15.796877144760289 5.583700697654435 1.1392808168151505 0.0019410581672001769 0.12159601394550133 -1.0000000180025095e-35 93.263412666397713 -0.47652833560612712 -0.20226466024465115 -1.3525216378637295 35.504334561149072 0.45206126560672572 -2.2240077775223943 -1.3843294941534374 412320.29999923712 -1.0000000180025095e-35 -0.87221597447687604 -0.19196866434638191 1.027427229251108 -0.029084219161615469 0.37522597910658145 -1.5158416120124734 17.647058823528152 -1.5048208794928482 1.6314490102706591 -1.0000000180025095e-35 -0.87957101469421317 0.069374819757812276 0.33693824371118392
decision_type=2 2 2 2 2 2 2 2 2 2 2 2 2 2 2 2 2 2 2 2 2 2 2 2 2 2 2 2 2 2
left_child=-1 2 8 4 -4 6 7 -6 9 10 11 -2 13 14 -12 16 19 -18 -19 22 -21 -22 23 -15 -11 26 27 28 -26 -30
right_child=1 -3 3 -5 5 -7 -8 -9 -10 24 12 -13 -14 15 -16 -17 17 18 -20 20 21 -23 -24 -25 25 -27 -28 -29 29 -31
leaf_value=-0.05321774072113538 0.012158455580334215 -0.050944705957520792 0.083147633182723127 -0.030479093188414515 0.057766340732664546 0.05925583877129309 -0.046581788570938254 -0.013155921847971687 0.0013309730295046744 -0.014415117687533095 0.077608792499901866 0.14604220059748699 -0.040126038269195606 0.073744489293693524 -0.036136799621697836 -0.032835264650642522 -0.028413713541769525 0.30883528582086206 0.074737374105910803 -0.0067150776804279517 0.18813843701766997 -0.020224190673670484 -0.033214517880288147 -0.054386019126820589 0.067593508322597362 -0.010832129124099546 0.026933589069691868 -0.015056198479630641 0.035165866953672617 -0.046424561354125198
leaf_weight=2.1750868530943981 14.129127662628887 2.3200026210397473 3.0293533280491891 3.9415297694504252 4.9020856544375473 4.9715587459504595 5.1751003265380815 4.8268317990005016 801.0642082085833 55.995656043756753 6.576134942471981 1.654180260375141 25.7593925120309 3.8793177772313276 2.9411839712411147 37.546744992025197 5.9584577325731516 1.5118548870086672 1.9095535464584807 15.064585737884046 1.9663021899759763 1.5082956198602913 34.800903085619218 1.8906558267772196 10.225559610873463 57.562166631221771 68.176108064129949 50.630011504516006 10.829406054690482 9.2119032070040685
leaf_count=69 179 140 15 51 29 31 71 38 11050 767 59 19 931 22 63 667 120 22 31 205 18 29 649 27 78 747 634 999 88 105
internal_value=-0.000174339 -8.20362e-05 1.25437e-05 0.015084 0.0229246 0.0137456 -0.00143527 0.0225795 -0.000318893 -0.00346772 -0.0110955 0.0261902 -0.01526 -0.00971683 0.0424574 -0.0143997 -0.00429321 0.0469439 0.178181 -0.0124238 0.0128524 0.0976899 -0.0239739 0.0317598 0.00109498 0.00529803 0.0115264 -0.00145799 0.0212889 -0.00233683
internal_weight=1252.13 1249.96 1247.64 26.8465 22.9049 19.8756 14.904 9.72892 1220.79 419.728 157.097 15.7833 141.313 115.554 9.51732 106.037 68.4899 9.37987 3.42141 59.1101 18.5392 3.4746 40.5709 5.76997 262.631 206.635 149.073 80.8969 30.2669 20.0413
internal_count=17953 17884 17744 235 184 169 138 67 17509 6459 3041 198 2843 1912 122 1790 1123 173 53 950 252 47 698 49 3418 2651 1904 1270 271 193
is_linear=0
shrinkage=0.05


Tree=92
num_leaves=31
num_cat=0
split_feature=6 13 1 8 1 2 2 10 8 14 11 5 8 15 9 4 10 3 5 2 9 3 14 0 3 5 4 15 11 15
split_gain=2.39756 3.49731 3.24113 6.83375 5.9618 5.27994 5.04856 5.83743 4.53982 4.40736 4.82712 7.99147 4.45001 4.32495 4.09194 4.663 10.2221 11.0525 5.55806 8.62673 7.39971 5.34481 5.06929 5.93235 8.53356 8.45923 5.52724 11.8263 3.86385 4.0083
threshold=1.4521458948956154 -1.7696310549798824 0.76143074409465961 -1.7573828329403962 0.88185177722451868 1.6756706200416296 1.7427991268080687 1.6664005793233434 -1.906285315703206 -1.8614934858934959 3703331.6000022893 74.778691735213258 0.88243539776973134 0.80907309808565964 -1.665067982569117 54.263565891472759 0.48468459954166365 2.7300400364505992 81.33830845771142 2.7620111939077381 2.5835592829368825 5.086455963181657 1.1505556493472933 1.0000000180025095e-35 3.2160340060819061 91.759862357133798 99.999985783507185 -0.31660613797144838 1191590.8999977114 -0.72938029928287251
decision_type=2 2 2 2 2 2 2 2 2 2 2 2 2 2 2 2 2 2 2 2 2 2 2 2 2 2 2 2 2 2
left_child=2 -2 -1 4 -4 9 7 -7 -6 12 -11 -12 13 -5 -8 16 -16 -18 19 20 -17 -21 23 28 26 -26 27 -25 -20 -30
right_child=1 -3 3 5 8 6 14 -9 -10 10 11 -13 -14 -15 15 18 17 -19 22 21 -22 -23 -24 24 25 -27 -28 -29 29 -31
leaf_value=0.00030979615557152331 -0.04950574793886129 0.014991778996005121 0.1276849088776052 0.010258613616550706 -0.021800326078526135 0.088285733654239848 -0.053691435420611625 -0.027882325344951681 0.090319760369375529 -0.035436942459207199 0.15196604194092334 -0.052211050505035966 -0.03301287986348192 0.15334906912178775 -0.052517351432852216 -0.037909730457614664 0.16936852394660987 -0.0025929175461565646 -0.041322392886313203 0.1163534655395968 0.092814249208585914 0.022935077834476379 -0.038835101630537293 0.10294615981587155 0.084182924734547804 -0.055092875181955506 0.092016980498605405 -0.054658480977123051 -0.052654329670922088 0.015748356129426974
leaf_weight=1079.7729642814957 2.2192275784909716 39.715936785563827 1.5853302944451559 1.1980810305103657 2.8460138952359553 3.0324726179242125 4.3257853742688885 1.6807868015021084 1.3223221041262152 33.961444281972945 0.92393390461802372 0.99570822063833475 1.8190895244479177 0.9443005546927451 1.9697819733992208 6.1647076252847892 1.9786134436726572 1.7705661179497836 11.575802471488716 2.7770676463842392 1.3131303656846283 3.4126461260020733 15.335922902449964 2.1047733444720498 1.3910054378211487 5.0420952327549458 4.2352402284741402 2.7395476493984452 2.8159363428130737 8.9443404339253885
leaf_count=14972 20 469 16 31 62 41 93 29 17 872 13 32 35 18 78 121 24 47 225 28 12 24 272 29 16 77 27 42 80 131
internal_value=-0.000174628 0.0115785 -0.00058264 -0.00809887 0.0451556 -0.0106011 -0.00339077 0.0468593 0.0137676 -0.0255512 -0.0310768 0.0460605 0.0244972 0.0733288 -0.00643122 -0.00365244 0.0397058 0.088159 -0.00730692 0.0211864 -0.0149542 0.064848 -0.0144941 -0.00488521 0.0190791 -0.0249778 0.0502946 0.013818 -0.0208155 -0.000630307
internal_weight=1249.91 41.9352 1207.98 128.206 5.75367 122.453 82.6102 4.71326 4.16834 39.8426 35.8811 1.91964 3.96147 2.14238 77.897 73.5712 5.71896 3.74918 67.8522 13.6676 7.47784 6.18971 54.1847 38.8487 15.5127 6.4331 9.07956 4.84432 23.3361 11.7603
internal_count=17953 489 17464 2492 95 2397 1396 70 79 1001 917 45 84 49 1326 1233 149 71 1084 185 133 52 899 627 191 93 98 71 436 211
is_linear=0
shrinkage=0.05


Tree=93
num_leaves=31
num_cat=0
split_feature=1 13 10 1 4 3 5 15 4 12 6 8 8 6 1 15 8 5 12 15 16 13 10 3 2 5 2 4 9 9
split_gain=2.36232 2.3649 2.38372 6.68827 4.72967 6.88626 6.46569 5.52297 9.39655 4.69216 5.05213 5.12324 5.16145 3.56103 8.74704 4.90788 3.82106 3.91752 3.77043 5.53443 6.91813 7.56265 5.13903 3.97747 6.89503 5.15733 14.4186 9.49339 7.04891 15.9486
threshold=-1611.4664513899866 3.4618310563081791 2.2284457712842705 2.8699444623166497 40.32258064516126 3.8138044004716192 85.714285714285865 0.12159601394550133 24.103073135868559 926.83349999971699 0.11419642591640854 1.763515269187417 2.1486642973865693 1.4752586221855906 1.4763671633846436 -1.1623673808476975 -0.093740235161290111 91.415643180347999 761.73949999990884 0.36949786647597954 -0.00038396499999999995 -1.0451809003389319 1.425999984631283 1.851330555616949 -0.088079785035744818 59.362296747967683 1.054613622151223 76.923076923077176 0.32385491201808103 0.75326542667771856
decision_type=2 2 2 2 2 2 2 2 2 2 2 2 2 2 2 2 2 2 2 2 2 2 2 2 2 2 2 2 2 2
left_child=-1 2 3 13 7 9 -7 8 -4 10 11 -6 -13 18 15 -15 -17 -18 23 -20 21 -21 -22 25 -25 26 -2 -27 -29 -30
right_child=1 -3 4 -5 5 6 -8 -9 -10 -11 -12 12 -14 14 -16 16 17 -19 19 20 22 -23 -24 24 -26 27 -28 28 29 -31
leaf_value=-0.050858809628327187 -1.6501354025901907e-05 -0.052325606046706011 0.019307127083855822 -0.04738697380853292 -0.030794327192186294 0.082876159918507816 0.0072082399616635734 0.0001071073660414129 0.12093942716852438 -0.032348857150491565 -0.012221240614228754 0.13384722429550319 0.018007658912276753 -0.047916030407183612 0.11332917260643703 -0.027144470369926323 0.052468926470305523 -0.025437082961794418 -0.033669717441982772 0.071266975119246068 0.0054198030179562207 -0.03770134559676995 0.12730009560010688 0.075217369121720695 0.0053829769824236366 -0.01416073567660224 0.086701909483161033 -0.0082831068243537139 0.083098671003460023 -0.006094734738340709
leaf_weight=2.294552096631377 744.91694086696953 2.1621449543163171 6.2188291531056183 7.5542825465090564 1.5405286122113526 4.1762500796467057 8.7133043035864812 7.8049742169678202 3.585560467094183 14.673753135837613 11.738298611715434 1.963176188990474 1.8848467823117969 3.0974888037890258 2.2777976002544156 3.032523918896918 8.0596763212233693 2.0175958573818216 20.010210486128926 2.0358968973159781 1.6640880471095436 7.3070130571722975 1.8008134476840494 3.6074390336871138 175.00172458216548 155.36324589140713 4.8243935629725447 19.42654842697084 9.0800739638507384 11.186208520084618
leaf_count=213 9851 69 43 213 27 31 89 71 37 243 171 22 22 49 23 37 72 30 390 13 31 146 18 18 2251 3246 38 260 89 140
internal_value=-0.000172423 -7.91364e-05 1.16299e-05 -0.000490683 0.00954406 0.000896199 0.0317248 0.0314912 0.056475 -0.0115994 0.00617809 0.0462588 0.0771064 -0.000189104 0.0215831 0.00868901 0.0220632 0.0368712 -0.000537186 -0.0172426 0.00842226 -0.0139563 0.0687647 -4.91724e-05 0.00679345 -0.00134274 0.000541509 -0.00858525 0.013238 0.0338673
internal_weight=1249.02 1246.73 1244.56 1182.26 62.2995 44.6902 12.8896 17.6094 9.80439 31.8006 17.1269 5.38855 3.84802 1174.71 18.4851 16.2073 13.1098 10.0773 1156.22 32.818 12.8078 9.34291 3.4649 1123.41 178.609 944.797 749.741 195.056 39.6928 20.2663
internal_count=17953 17740 17671 16915 756 605 120 151 80 485 242 71 44 16702 211 188 139 102 16491 598 208 159 49 15893 2269 13624 9889 3735 489 229
is_linear=0
shrinkage=0.05


Tree=94
num_leaves=31
num_cat=0
split_feature=14 15 0 14 3 10 16 14 13 3 10 1 12 3 14 1 2 8 3 4 3 10 3 12 3 5 10 15 15 14
split_gain=2.29642 2.298 8.51662 12.5797 9.47787 9.74098 7.70583 16.8247 8.37553 15.1638 8.0142 6.745 5.39329 4.94393 4.4905 7.0276 10.6105 5.0058 4.17829 4.32167 4.93653 7.85366 6.14812 3.77443 3.58515 5.33223 3.78095 3.51969 9.27354 12.2033
threshold=-3.4349995153075681 1.7350773816224707 -1.0000000180025095e-35 1.7214739996381232 -0.65193257391827131 1.0328479546655747 -1.0000000180025095e-35 1.5631274880833612 -0.72551770273799343 -1.8309073262644111 1.1342161511362858 -0.13084959707568911 -51.482499999925487 -6.5532252707905281 1.2502793524237001 -0.49023431978549731 -1.3574000515925604 -1.4520866461397806 0.4039653549987981 80.000000000000057 2.4564680653370314 1.6187431881651511 0.50733074505707498 176.50649999990131 0.16500420630745563 48.597190883489731 2.819186917013619 0.91858498720976367 1.0712330830925445 -1.8614934858934959
decision_type=2 2 2 2 2 2 2 2 2 2 2 2 2 2 2 2 2 2 2 2 2 2 2 2 2 2 2 2 2 2
left_child=-1 27 4 24 6 -6 8 10 9 11 -8 23 -5 -10 15 16 17 -15 -7 20 22 -22 -20 -3 -4 -26 -27 -2 -29 -30
right_child=1 2 3 12 5 18 7 -9 13 -11 -12 -13 -14 14 -16 -17 -18 -19 19 -21 21 -23 -24 -25 25 26 -28 28 29 -31
leaf_value=-0.053062231520197671 -0.00093659213191956434 -0.049530072673616442 -0.051189966285222335 -0.055102993777751158 -0.052698565327530138 -0.053698792972660239 -0.052926666602522224 0.21959752658024898 0.085950387473900172 0.11261227431541876 0.087329425709106248 0.048766889124464981 0.050250400973277799 0.080487477748631409 -0.037985967826445366 -0.041387680615060291 0.14942965670267616 -0.036699421234308312 0.077147525636692527 -0.029261446646996033 0.15811670481935722 0.013967585767499813 -0.038052189801938079 0.025717320683222564 0.080289432443979875 -0.046468847141514474 0.04477505009591029 0.024047573952279442 0.041030589584741928 -0.0027960873586463032
leaf_weight=2.0487147476524106 871.86191102210432 4.8809742289595315 21.933965964708481 1.4983617663383482 12.507646681740882 2.3270410783588877 1.9426617119461287 1.435688968747854 1.2490537948906446 4.6562422737479201 2.1409259457141161 5.6277162991464147 6.4184560868889085 1.3384783100336788 11.330842418596147 4.2142520640045404 1.6794516015797869 2.8552534841001034 1.8484991360455731 3.3014751784503451 1.7602309435606005 2.039981871843338 3.101377472281456 2.5305036390200257 1.2946144556626658 6.1298674121499062 1.3934485353529451 54.40394378779456 17.328418443445116 190.45914314687252
leaf_count=69 12525 55 586 21 318 50 43 13 8 37 19 36 56 19 185 104 28 55 14 44 14 31 65 23 18 114 12 680 194 2517
internal_value=-0.000169308 -8.23038e-05 -0.00693367 -0.0258955 0.00314255 -0.0204302 0.0169559 0.0723684 0.00937867 0.035157 0.0206062 0.00749808 0.0303109 -0.0107454 -0.0163844 0.00787974 0.0432311 0.000702141 0.00763935 0.0194832 0.0378749 0.0807364 0.00496839 -0.0238383 -0.0403654 -0.0134399 -0.0295689 0.000590941 0.00567043 0.000858833
internal_weight=1247.54 1245.49 111.437 38.6687 72.7683 26.8863 45.882 5.51928 40.3628 17.6954 4.08359 13.0392 7.91682 22.6673 21.4183 10.0874 5.87318 4.19373 14.3786 12.0516 8.75009 3.80021 4.94988 7.41148 30.7519 8.81793 7.52332 1134.05 262.192 207.788
internal_count=17953 17884 1968 807 1161 536 625 75 550 151 62 114 77 399 391 206 102 74 218 168 124 45 79 78 730 144 126 15916 3391 2711
is_linear=0
shrinkage=0.05


Tree=95
num_leaves=31
num_cat=0
split_feature=12 12 16 8 11 14 3 8 8 2 4 11 9 1 10 10 3 10 7 8 3 14 14 14 8 7 16 11 10 14
split_gain=2.25823 8.67453 5.4818 7.14034 9.43773 7.97151 5.99897 5.04258 6.10921 6.96408 8.30118 4.74488 4.98452 6.16171 8.44486 5.28639 6.47455 5.66095 6.79627 9.53582 5.27613 4.51988 4.37913 4.33569 4.5591 4.31276 4.20643 5.47245 7.76837 8.29374
threshold=-287.08899999991985 -238.25699999998321 -0.00058990999999999991 -1.4106619424110789 -1130232.5499992368 0.12359042048302189 1.9326579569929436 -1.1378729221610597 -1.0486463717990049 -0.70981083910335618 45.161290322580633 851207.24999618542 -0.6851335811095115 0.62433827648092055 -1.0000000180025095e-35 -2.2697396281261466 -1.0159778661728536 -0.078072645543618341 -1.2903419550201194 -1.4322896597342212 -2.4437411147327976 0.48789583557264732 1.0000000180025095e-35 1.169822354518375 -0.31870064437703965 -0.85428970375894708 -0.00029649999999999994 2923384.2499961858 -0.20869804387209256 1.5861893401856995
decision_type=2 2 2 2 2 2 2 2 2 2 2 2 2 2 2 2 2 2 2 2 2 2 2 2 2 2 2 2 2 2
left_child=11 2 6 4 -4 -6 -2 -5 -9 -10 -11 12 -1 15 21 -14 17 18 -17 20 -20 -15 -18 24 -19 -12 -3 28 29 -28
right_child=1 26 3 7 5 -7 -8 8 9 10 25 -13 13 14 -16 16 22 23 19 -21 -22 -23 -24 -25 -26 -27 27 -29 -30 -31
leaf_value=-0.0089553390635767702 -0.025558189541980993 0.0012408927200728997 0.12691050453103289 -0.043703065531372209 -0.041593440583289273 0.07635060011281658 0.080516574918875289 0.10552121850929111 -0.037915415584648011 0.10509148426763842 0.034995911331057381 -0.025435959198244307 -0.052858436064492254 0.05611630523906852 0.1232629349672211 -0.035460508758673376 -0.030706267965329034 -0.0069324738582762753 0.03323529935722954 -0.018470711523285846 0.14475837079404474 -0.053551895460344216 0.0095120493201181506 0.13075598015963816 0.095544996409534108 -0.0373401493654325 0.012081450111511604 0.01836197450421681 -0.019086435268166675 -0.039346225926113719
leaf_weight=97.399242846295238 8.5876901238225383 849.7254454898648 4.0559726320207119 2.9458038266748181 2.4315055608749372 3.4872604962438345 1.5777681227773417 2.1721295565366772 4.3724068254232451 3.1859121117740878 6.4164232574403304 25.268457029014826 3.8130448861047617 2.1215729191899304 2.6911880495026699 4.7896315744146714 11.466072563081982 2.2949037905782461 2.0438868813216686 3.7280331095680594 2.2043248247355232 1.6862679347395895 16.51970798522234 1.9810631144791839 2.0591853111982337 3.0353202857077086 49.599791822489351 18.570511252619326 96.551310346927494 9.3113882429897767
leaf_count=1786 129 11320 38 49 31 38 13 20 67 33 77 510 97 35 34 79 233 31 15 55 30 36 194 16 23 57 822 279 1627 179
internal_value=-0.000167899 0.000706905 0.0229042 0.0330368 0.0681587 0.0278977 -0.00909446 0.0172047 0.0265583 0.0164749 0.0352931 -0.0053469 -0.00206766 0.00961992 0.0554661 0.00376616 0.00835157 0.0307938 0.0116186 0.039889 0.0911027 0.00755073 -0.00696582 0.0694334 0.0415323 0.011766 -0.000209563 -0.00729149 -0.0103559 0.00395289
internal_weight=1246.09 1066.03 42.2682 32.1027 9.97474 5.91877 10.1655 22.128 19.1822 17.0101 12.6377 180.067 154.798 57.3989 6.49903 50.8999 47.0868 19.101 12.7659 7.97624 4.24821 3.80784 27.9858 6.33515 4.35409 9.45174 1023.76 174.033 155.462 58.9112
internal_count=17953 14779 552 410 107 69 142 303 254 234 167 3174 2664 878 105 773 676 249 179 100 45 71 427 70 54 134 14227 2907 2628 1001
is_linear=0
shrinkage=0.05


Tree=96
num_leaves=31
num_cat=0
split_feature=13 1 3 16 11 15 4 8 13 10 5 16 5 6 15 16 9 13 10 9 3 15 13 15 14 13 0 15 12 8
split_gain=2.25068 2.24824 2.25343 8.16399 7.02148 6.08872 6.29001 5.44073 7.51921 5.39499 6.94787 5.19166 4.84243 5.43404 4.56133 4.23203 4.20827 10.3095 5.30543 5.10927 12.2792 10.4128 11.2303 17.8535 18.5589 18.5912 14.1681 19.1908 15.2718 13.2829
threshold=3.4618310563081791 -1611.4664513899866 -2.8596488812812564 -0.00050592999999999992 -6826701.7500038138 1.487527075131698 20.000000000000046 -1.3729933607760789 -0.41628849476360635 1.1009956708786555 1.1299795709906795 -0.00053459999999999988 1.0000000180025095e-35 -1.3429006464607085 -1.0644542113450373 -0.00069961499999999989 -2.3776384170865632 -1.2367088645572524 -2.4733172374116754 -0.22419659988483095 -1.3563787207392286 0.35019241030996967 0.015234889475320973 -0.76822863124621887 0.52539225361856945 -0.7384312533113131 -1.0000000180025095e-35 -0.15850490499779255 190.41299999994229 -1.1768150599172285
decision_type=2 2 2 2 2 2 2 2 2 2 2 2 2 2 2 2 2 2 2 2 2 2 2 2 2 2 2 2 2 2
left_child=1 -1 3 5 -4 7 9 8 -3 10 11 -7 15 -14 -5 -10 17 -6 -18 20 -20 22 23 -22 25 -25 28 -28 29 -27
right_child=-2 2 4 14 16 6 -8 -9 12 -11 -12 -13 13 -15 -16 -17 18 -19 19 -21 21 -23 -24 24 -26 26 27 -29 -30 -31
leaf_value=-0.050817902901414407 -0.052257511313543087 -0.031931065868533608 -0.052605279973274258 -0.034572275288591477 0.091641977117548429 -0.0023867001755046181 -0.045455500162644831 0.024118946945372786 0.11571717536063389 0.07288209211585106 -0.056687006452919624 0.062709516001004412 0.076476861050876074 -0.053815393201280481 -0.0026823179020916132 0.027474128312615021 -0.03559832743891863 0.0034557947153479847 -0.01948319587375184 0.0025065221320448531 -0.0037459018641050352 -0.011843677003972215 -0.0096944605934542027 0.020275932074549984 -0.021528319851459837 0.15948820610717979 0.093947523569077637 -0.044251398170508167 0.20879662636587448 0.046377406069305384
leaf_weight=2.1793787283822885 2.0700873425230375 11.497643385082485 6.5384592534974209 13.68043192103505 4.2087907800450948 14.060386843979364 7.9183430075645438 80.411426625214517 1.8778644967824218 2.6660155961289993 4.6650277739390722 3.9159689042717245 1.1087851300835612 2.8758623283356428 62.170545311644673 4.9147208221256715 11.007393819279967 15.592237113974987 106.63305384665728 552.43705426249653 68.519768894650042 118.91165845654905 70.638082669116557 35.927994502708316 13.457810241729019 3.7956325393170109 5.4857315048575401 4.6340550072491169 2.9685475379228601 8.2090348824858648
leaf_count=213 69 110 197 188 40 127 121 579 18 18 63 21 18 60 649 44 279 278 1798 7827 920 2074 1423 354 171 35 52 71 37 99
internal_value=-0.000165457 -7.86965e-05 1.04285e-05 0.00470752 -0.000956242 0.0120416 -0.00656308 0.0180615 -0.00380574 0.00560583 -0.00231593 0.0117939 0.0261996 -0.0175597 -0.00843397 0.0518696 -0.000625944 0.0222001 -0.00107674 -0.000693536 -0.00471882 1.54395e-05 0.00661631 0.0146735 0.0316191 0.0433404 0.076364 0.0306634 0.107251 0.0821407
internal_weight=1244.98 1242.91 1240.73 211.763 1028.97 135.912 33.2257 102.686 22.2749 25.3074 22.6414 17.9764 10.7772 3.98465 75.851 6.79259 1022.43 19.801 1002.63 991.618 439.181 332.548 213.637 142.999 74.4788 61.021 25.093 10.1198 14.9732 12.0047
internal_count=17953 17884 17671 2016 15655 1179 350 829 250 229 211 148 140 78 837 62 15458 318 15140 14861 7034 5236 3162 1739 819 648 294 123 171 134
is_linear=0
shrinkage=0.05


Tree=97
num_leaves=31
num_cat=0
split_feature=3 3 16 11 14 10 7 9 14 15 15 5 1 1 14 15 2 2 14 10 16 13 16 4 7 16 8 11 12 0
split_gain=2.19678 2.26707 7.7143 6.68594 5.54874 7.84021 4.80998 4.54336 4.14893 8.03416 11.6635 7.64098 6.39634 8.7207 6.27808 18.2321 12.5218 7.28899 6.11358 8.84652 7.80466 10.8298 7.67044 10.3253 5.43926 5.78083 5.2148 4.76091 4.69779 4.17854
threshold=-6520647.096667219 -2.8596488812812564 -0.00030072999999999998 -6826701.7500038138 -0.57438164500691824 1.1342161511362858 1.3701966776904284 -1.1198427297507145 1.2699314974382869 0.99553894880718774 0.6319064095996143 33.333333333332909 -1.8216681911204706 -0.15527653872145172 0.21789703030714283 1.1276543197965232 -2.5133918554941079 -1.4565654811782274 -0.25865208955443281 -1.7537442056284867 -0.00051608499999999989 -1.4265247270966261 -0.00046941999999999996 1.0000000180025095e-35 -0.38303337769716111 -0.00061194999999999989 1.191554566607371 810328.79999923718 -274.66950000007631 -1.0000000180025095e-35
decision_type=2 2 2 2 2 2 2 2 2 2 2 2 2 2 2 2 2 2 2 2 2 2 2 2 2 2 2 2 2 2
left_child=-1 2 6 -3 5 -4 8 -6 14 10 -10 -12 -11 -14 17 29 -17 18 20 -20 26 -22 23 -21 -19 -26 27 -2 -23 -16
right_child=1 3 4 -5 7 -7 -8 -9 9 12 11 -13 13 -15 15 16 -18 24 19 22 21 28 -24 -25 25 -27 -28 -29 -30 -31
leaf_value=-0.051255144188846462 0.019001905906422319 -0.052465166060988423 -0.041870700885233196 -0.00073046927593394982 0.039341414532613958 0.074680143647860742 0.040057662888079208 -0.051684356155173729 0.012138557242951035 0.039158291157118427 0.03241966684154015 0.12099101620661463 -0.045838850914840447 0.034390806942067656 -0.053592637788365961 -0.036970644764121957 0.080938629590674355 -0.055831175581382508 -0.029715353045144735 0.078563336074871953 0.062238494988155771 0.0065864690214505282 0.13229511846114816 -0.032825850783953746 0.050706158395511583 -0.028907049035917644 0.071496905634074071 -0.048779832539560447 -0.048980472834006888 -0.0091648350966661313
leaf_weight=2.1005317927338174 34.111132907681167 6.2834210861474267 2.8876920286566046 1023.8155517140403 1.5378724876791263 2.8839160725474358 10.855295922607182 12.621807474642987 18.22350658103824 6.0516900513321188 4.5512527897953969 5.2368510738015175 11.041109805926681 4.8858755044639084 17.245776612311602 3.4437127243727446 6.5050808396190387 7.0161408493295339 3.3420738065615287 5.9433226808905584 3.606083124876025 5.3973583616316363 2.9499028008431187 3.2009440865367651 3.7348261922597894 5.8540688641369316 4.3902633525431147 2.8035446563735595 12.881672874093052 7.6356845814734724
leaf_count=213 308 200 47 15552 28 30 75 207 182 39 35 27 125 33 170 34 43 71 43 28 20 69 21 37 30 62 22 29 123 50
internal_value=-0.000165663 -7.91842e-05 0.00464462 -0.00104604 -0.0249551 0.0163666 0.00773491 -0.0417981 0.00578618 0.0180287 0.0357841 0.0798073 -0.00460031 -0.021227 0.00108066 -0.0170837 0.0401251 0.00772416 0.0140811 0.0422901 0.00719016 -0.0169505 0.0621879 0.0395716 -0.0223766 0.00210189 0.0199809 0.0138541 -0.0325729 -0.0399585
internal_weight=1243.04 1240.94 210.838 1030.1 19.9313 5.77161 190.907 14.1597 180.052 49.9903 28.0116 9.7881 21.9787 15.927 130.062 34.8303 9.94879 95.2313 78.6263 15.4362 63.1901 21.8851 12.0942 9.14427 16.605 9.5889 41.3049 36.9147 18.279 24.8815
internal_count=17953 17740 1988 15752 312 77 1676 235 1601 441 244 62 197 158 1160 297 77 863 700 129 571 212 86 65 163 92 359 337 192 220
is_linear=0
shrinkage=0.05


Tree=98
num_leaves=31
num_cat=0
split_feature=16 15 1 12 3 1 12 6 12 8 7 15 7 13 13 4 7 16 13 6 6 9 13 5 12 12 16 1 1 16
split_gain=2.17915 7.71894 4.13046 3.71109 3.46166 4.0843 5.05447 3.07597 2.92674 2.4669 4.12413 5.84972 3.88336 3.58879 4.37532 4.96611 6.47383 4.7028 4.05619 4.04523 3.57852 3.48945 5.38251 6.27989 8.44661 5.10474 7.18529 3.39652 3.26609 3.67804
threshold=-0.00077949999999999992 -1.3318014315187761 -0.28919125347513808 199.59700000006708 2.7300400364505992 -0.92625998843150048 -166.99800000013781 -0.21388265022494329 -870.75699999975029 1.9199334917521336 1.2813819300468936 -1.1623673808476975 1.3220392302082071 1.0298291471763579 -0.14703197939089799 80.000000000000057 1.3701966776904284 -0.00041197999999999994 -1.0789786241471329 -0.85387806206485062 1.4830687766583472 2.5835592829368825 -0.78662675740315613 79.999999999999972 248.51299999980259 1039.148999999976 -0.00067496499999999992 3.6292691068710368 2.261270404881206 -0.00047897499999999992
decision_type=2 2 2 2 2 2 2 2 2 2 2 2 2 2 2 2 2 2 2 2 2 2 2 2 2 2 2 2 2 2
left_child=1 2 -1 4 5 6 8 -4 -3 21 11 -11 -12 14 18 16 -16 -18 28 -20 -21 25 -23 24 -24 27 -27 -2 29 -14
right_child=9 3 7 -5 -6 -7 -8 -9 -10 10 12 -13 13 -15 15 -17 17 -19 19 20 -22 22 23 -25 -26 26 -28 -29 -30 -31
leaf_value=-0.020180698451238072 -0.00010038725359405637 0.031261026164199811 0.10065164959242155 -0.053834776289645642 0.058153335798532858 -0.036926558762262321 0.07557355727863467 0.016665796925997414 -0.055333991612632583 -0.042160720650177876 -0.049180956951987639 0.036865216950641183 -0.018964090973724961 -0.034858804566631603 0.10022872638410006 0.11350115013098026 -0.033770338097862312 0.041526328665303487 0.040076743908481538 -0.033775546932671895 0.032380291322762982 -0.027807260802036573 0.015549187044335031 -0.013435345164550553 0.12519695746370466 0.065090983633079191 -0.038588863653604907 -0.043655158443213202 0.076040809079776242 0.040672900734044219
leaf_weight=2.2133144903928041 1096.8098232070915 1.6654401803389189 2.4643560340628028 7.7523178094997993 1.5761437499895681 11.402694136835636 2.1446779575198951 1.9551469823345531 2.3562098569236696 2.6665758360177305 3.5375994425266972 19.222156238742173 5.3254858790896824 5.051721202209591 2.1148494482040396 1.7342377118766297 4.335149493068454 3.9752167407423267 2.8855852782726279 14.006764521822342 2.3934110999107352 3.6561352368444195 3.5612666737288219 3.365357993170619 3.4656259138137102 1.8712071692571068 15.624276681803165 4.4944741530343881 2.2845758860930792 5.0247952044010153
leaf_count=38 15727 30 24 187 24 276 27 38 43 51 46 190 47 98 26 18 70 48 29 168 19 37 44 57 37 31 301 160 19 43
internal_value=-0.000162228 -0.0127354 0.0355745 -0.0246485 -0.0128303 -0.0191984 0.0135844 0.0634971 -0.0194734 0.000186937 0.00899657 0.027238 0.00141568 0.00505875 0.00963343 0.0351565 0.0221238 0.0022474 -8.89997e-05 -0.0145155 -0.0241209 -0.000392867 0.0243714 0.0427286 0.0696269 -0.000703823 -0.0274999 -0.000278136 0.0219315 0.00998813
internal_weight=1240.94 33.5303 6.63282 26.8975 19.1452 17.569 6.16633 4.4195 4.02165 1207.41 74.5581 21.8887 52.6694 49.1318 44.0801 12.1595 10.4252 8.31037 31.9206 19.2858 16.4002 1132.85 14.0484 10.3923 7.02689 1118.8 17.4955 1101.3 12.6349 10.3503
internal_count=17953 687 100 587 400 376 100 62 73 17266 872 241 631 585 487 162 144 118 325 216 187 16394 175 138 81 16219 332 15887 109 90
is_linear=0
shrinkage=0.05


Tree=99
num_leaves=31
num_cat=0
split_feature=12 6 9 3 16 13 10 10 13 3 9 13 14 6 1 14 11 4 8 12 15 8 3 10 2 14 2 3 8 14
split_gain=2.17045 2.25713 3.55059 3.85718 2.32745 5.4057 4.64015 7.45115 5.58805 5.34526 4.1164 3.55874 5.88304 3.86397 3.91811 3.47102 3.40794 3.05067 2.90507 3.78828 2.86538 10.7516 6.0539 5.94623 6.81364 15.2931 11.0324 8.54719 12.0561 9.6342
threshold=-2250.2834999999027 -1.4971432633495703 -0.89130063208264176 -3.9625744725056165 -0.00072349999999999986 0.33135823958512861 0.81914338643866746 1.1848860231146654 0.73461177130284094 -3.221644678172809 0.28619034865509724 -1.1398801515897767 -0.42818467772656704 -1.4622002032678043 -1.7344672643077153 1.9129916210691806 -998482.45000457752 16.666666666666696 -0.84026844273100021 -217.82000000006516 -0.92276765044522768 0.70292662322770827 4.4919965077427433 -1.2797304216845766 0.42900609261052641 0.56668692627809925 0.38920652757060775 -1.4317584068956986 -1.1563250665284663 1.3857290219529188
decision_type=2 2 2 2 2 2 2 2 2 2 2 2 2 2 2 2 2 2 2 2 2 2 2 2 2 2 2 2 2 2
left_child=-1 2 3 -2 5 11 9 8 -8 -7 16 12 17 -13 -15 -14 -9 -3 19 -11 21 23 -23 -6 25 26 -25 -27 -29 -30
right_child=1 4 -4 -5 20 6 7 10 -10 18 -12 13 15 14 -16 -17 -18 -19 -20 -21 -22 22 -24 24 -26 27 -28 28 29 -31
leaf_value=-0.031008246909373954 0.055773506589662784 0.086678636159490174 0.075307104971646596 -0.053586399833350701 -0.016272913808743985 0.039979918579655292 0.15533809145564867 -0.018102551492115756 0.026307036242435862 -0.035868782918791642 -0.029778197328087709 0.052390467379560539 -0.046359538780799944 0.018215934249177248 -0.040436505848360227 0.020591954010448433 0.091192705451583644 0.010359170860715833 -0.047821385316470663 0.065384081679515732 0.0018272013886213919 -0.021006071349018718 0.019078573466494008 -0.0073223552690665182 -0.0088830868325887255 -0.0080725249073608056 0.14451325418863789 -0.027498935360735062 0.074312945526400928 0.024950878873950352
leaf_weight=5.675410800613462 1.4865663796663287 2.2316860887222001 2.5472756642848244 1.7619570661336181 33.180895058438182 4.0625299159437409 1.8294173553585991 1.1651770211756232 1.5500606251880524 2.1711342073976998 3.7440123958513141 1.3674729540944124 5.9060837216675246 3.2175866253674057 24.746948122046888 2.8797959061339498 1.8388007897883651 3.1682692198082805 6.5612713545560863 1.6079157926142205 861.52808860037476 92.575123134069145 10.486267338506876 57.851882105693221 47.951447807252407 10.615078097209333 1.2216214258223761 5.5147422906011334 21.287766978144646 18.45366504509002
leaf_count=138 8 20 22 36 673 53 22 23 31 66 75 18 62 29 504 27 26 39 194 36 11926 1448 140 936 845 140 18 61 176 161
internal_value=-0.000158592 -1.67674e-05 0.0311125 -0.00354189 -0.000163603 -0.00915093 0.00961932 0.0355526 0.0961556 -0.00861589 0.00520193 -0.0197314 0.000828817 -0.029675 -0.033688 -0.0244145 0.0487995 0.0419004 -0.0277083 0.00721244 0.00036331 -0.00385274 -0.0169275 0.0030196 0.00694935 0.0135542 -0.00418244 0.0323073 0.0417787 0.051392
internal_weight=1240.19 1234.51 5.7958 3.24852 1228.71 68.0482 24.5303 10.1275 3.37948 14.4029 6.74799 43.5178 14.1858 29.332 27.9645 8.78588 3.00398 5.39996 10.3403 3.77905 1160.67 299.138 103.061 196.077 162.896 114.945 59.0735 55.8713 45.2562 39.7414
internal_count=17953 17815 66 44 17749 1225 526 177 53 349 124 699 148 551 533 89 49 59 296 102 16524 4598 1588 3010 2337 1492 954 538 398 337
is_linear=0
shrinkage=0.05


Tree=100
num_leaves=31
num_cat=0
split_feature=13 3 3 8 13 13 7 14 4 1 2 10 15 15 16 9 10 8 13 4 7 14 15 4 5 11 8 8 1 4
split_gain=2.12511 2.09461 2.13737 5.07203 6.03315 6.69619 6.20458 3.46906 3.743 4.38548 2.65334 2.6502 6.49817 5.83682 7.89447 9.2062 6.39946 5.87342 8.61221 3.89551 3.85433 4.33111 5.58067 3.87698 7.632 6.69807 3.79043 3.71164 6.56859 6.15776
threshold=3.4618310563081791 -6520647.096667219 -5.974688491397143 0.26778898630657139 -2.2181690019474649 -0.49239705841268888 -0.9146894769873436 3.0568962006617322 99.999986750001781 -0.84408924129441287 -6.0070989001338795 -1.8849656319009325 0.91858498720976367 1.4719444834496846 -0.00062890499999999992 -2.6887948022630437 -2.325485449874257 -1.4322896597342212 -0.79838704469614175 20.000000000000046 -0.89139843403172525 -1.619589477614523 -0.25827418496061177 42.857142857142883 25.000000000000075 -332339.40000152582 -2.2585060386225071 -0.45784137803233194 -2.068497744930029 69.742370632462922
decision_type=2 2 2 2 2 2 2 2 2 2 2 2 2 2 2 2 2 2 2 2 2 2 2 2 2 2 2 2 2 2
left_child=1 -1 3 4 -3 6 10 11 9 -9 -6 12 20 14 -14 -16 -17 18 -18 -15 21 22 -4 -23 25 -25 -13 28 -28 -30
right_child=-2 2 7 -5 5 -7 -8 8 -10 -11 -12 26 13 19 15 16 17 -19 -20 -21 -22 23 -24 24 -26 -27 27 -29 29 -31
leaf_value=-0.051194202493367695 -0.052149556556642135 0.067947029471964057 0.11195819355444021 0.035840604976396385 0.037837401221972891 0.037936293038760872 -0.051305934452607241 0.022977473281574436 0.059667015977065696 -0.049211335846212338 -0.017900916237409158 -0.037531489539805729 -0.055296945243189927 0.021160112952598474 0.15143121180814068 -0.027966249407928991 -0.0035977822226929607 -0.022550701359812866 0.14474766154322166 -0.053120354364212086 -0.048773045512204224 -0.033734773275346873 -0.023027153222770661 -0.0095434760607251562 -0.022438138692254438 0.15361683851595723 0.036145880136282227 -0.0012856304742997877 0.0012634789284702943 0.024509774434334955
leaf_weight=2.0005279509350649 1.962140293791889 2.8113836497068396 1.5033386405557396 13.860525676980613 3.8326490223407745 5.6981122978031662 9.8040605681017023 2.684979945421218 1.1782181821763504 9.7206102255731803 4.8207236230373436 6.5276773534715167 2.1285414975136527 2.961938044987618 1.8550669476389892 3.1765065975487223 1.5355631392449125 1.5611112918704746 2.6963352225720887 4.3679140321910381 10.190044105984269 16.862064501270655 1.5604868549853588 1.1427093315869572 6.2704749433323741 1.3992385063320378 16.069766070693731 761.17322706244886 306.11839781235904 31.410646840929985
leaf_count=213 69 13 39 86 20 43 82 37 11 215 40 121 36 40 16 59 21 26 33 106 244 323 30 28 166 17 106 10715 4603 395
internal_value=-0.000155822 -7.33444e-05 9.46953e-06 0.011259 -0.00137553 -0.00944376 -0.0240708 -0.000375164 -0.0254987 -0.0335873 0.00678604 -8.60747e-05 -0.0103955 0.0125518 0.0327286 0.0500379 0.0290678 0.0603416 0.0909199 -0.0231042 -0.0223517 -0.0129833 0.0432066 -0.0196886 0.00718797 0.0802696 0.000458323 0.000680776 0.00491375 0.00342679
internal_weight=1238.88 1236.92 1234.92 40.8275 26.9669 24.1555 18.4574 1194.09 13.5838 12.4056 8.65337 1180.51 59.2113 20.283 12.9531 10.8246 8.96952 5.79301 4.2319 7.32985 38.9284 28.7383 3.06383 25.6745 8.81242 2.54195 1121.3 1114.77 353.599 337.529
internal_count=17953 17884 17671 284 198 185 142 17387 263 252 60 17124 1184 337 191 155 139 80 54 146 847 603 69 534 211 45 15940 15819 5104 4998
is_linear=0
shrinkage=0.05


Tree=101
num_leaves=31
num_cat=0
split_feature=14 0 15 13 16 14 13 9 9 13 15 16 14 13 3 13 3 13 15 1 8 1 9 14 15 3 10 11 11 1
split_gain=2.10399 13.0095 10.1986 13.5406 12.268 9.34926 11.6217 8.94216 8.44279 8.11821 7.96791 9.55564 9.32609 10.0421 7.30683 6.93221 7.84086 6.57566 7.99358 12.4017 16.8715 6.4154 6.33234 6.32651 8.42716 8.74592 9.32739 10.4401 9.93148 9.35597
threshold=-1.3500114310587403 -1.0000000180025095e-35 0.52531792050151682 -0.35801773634497969 -1.0000000180025095e-35 -2.6197971490192526 -0.87023130888869737 -0.55785475721444489 -1.7042427133399525 0.5078580308172348 -1.3163481704191091 -0.00065894499999999987 -2.2240077775223943 0.87082375371249821 1.476664834861398 0.73461177130284094 -2.7063073061533243 0.40625809758096793 -0.78861480933597483 -0.94449819033573001 -0.72776822120891482 -1.3525216378637295 -2.5889180565732808 -0.97844737822285521 -1.2440492871273481 -3.5832390853780915 -0.013414230990587967 3863545.8499984746 1168933.9500007632 0.88185177722451868
decision_type=2 2 2 2 2 2 2 2 2 2 2 2 2 2 2 2 2 2 2 2 2 2 2 2 2 2 2 2 2 2
left_child=1 2 7 -4 -5 6 -3 9 15 17 11 -9 13 -13 -8 16 21 18 22 -20 -21 -7 -1 24 -2 -26 28 -28 29 -27
right_child=23 5 3 4 -6 8 14 10 -10 -11 -12 12 -14 -15 -16 -17 -18 -19 19 20 -22 -23 -24 -25 25 26 27 -29 -30 -31
leaf_value=0.091185395781992432 -0.028300951284658066 0.16762666459783965 0.058285855746212346 -0.036363155471272189 0.053890192392294624 -0.014271741780011971 -0.052250310676535197 0.17177876912480602 -0.033775299659819874 -0.04445236723180896 -0.037974594110864839 0.16489340796237731 -0.03059772451336978 -0.051159269952434396 0.049569490658081666 0.085887516567460784 -0.052839506534459284 0.098169883204711247 -0.057105626081052942 0.19578342170827467 0.035843138022513592 0.11618516009199625 -0.017835282374105307 -0.00060697532793311647 -0.036763674768610637 0.051536470143422122 0.00067067608899979065 0.11034864097200359 -0.042348280126674846 -0.052966033099558434
leaf_weight=1.47234467789531 11.517409517429767 1.2874124608933923 18.25524639710784 10.591310602612795 5.84199862089008 2.0837293229997162 3.1659722430631501 0.88832499552518029 59.527838675305247 5.1747095687314859 24.456125936005265 1.4727679342031472 6.5786259546875945 0.84721834119409312 3.9732988923788071 2.571045232936739 4.4888605400919905 2.6769716162234536 2.2571276277303687 2.162191540002822 6.9447753410786417 1.7205029921606172 13.967877699993549 946.69995074672624 7.0330508607439688 36.663439084775746 45.285940915346146 2.2789215277880421 3.5129908630624405 2.2746621016412965
leaf_count=14 248 12 166 220 93 26 92 24 1285 187 475 17 168 42 36 43 100 19 26 24 65 20 227 12916 106 461 673 26 81 61
internal_value=-0.000153037 -0.00511153 0.0065362 0.0286468 -0.00427833 -0.0204196 0.0293515 -0.0045958 -0.0263777 0.0133095 -0.022717 0.0154094 -0.000200518 0.0859948 0.00441661 0.0141557 -0.00808272 0.0234482 0.0159856 0.0478128 0.0738164 0.0447287 -0.00743932 0.000704055 0.0121362 0.0169352 0.0211307 0.00592555 0.0381676 0.0454317
internal_weight=1237.67 182.406 103.588 34.6886 16.4333 78.8187 8.42668 68.8991 70.392 34.656 34.2431 9.78694 8.89861 2.31999 7.13927 10.8641 8.29309 29.4813 26.8043 11.3641 9.10697 3.80423 15.4402 1055.27 108.566 97.049 90.016 47.5649 42.4511 38.9381
internal_count=17953 3381 1767 479 313 1614 140 1288 1474 562 726 251 227 59 128 189 146 375 356 115 89 46 241 14572 1656 1408 1302 699 603 522
is_linear=0
shrinkage=0.05


Tree=102
num_leaves=31
num_cat=0
split_feature=14 2 3 1 11 15 9 2 11 1 3 16 11 15 15 13 0 14 14 2 2 1 1 3 15 8 10 2 9 15
split_gain=2.06827 2.0654 2.12413 3.57274 3.9612 3.02744 2.61714 4.73767 2.34524 2.28503 2.02045 7.0474 5.40506 5.38743 4.80584 4.54086 4.18437 13.1691 18.055 15.0888 17.1013 13.0306 10.1293 10.9709 9.5007 9.15402 13.2409 11.9157 10.2423 10.6171
threshold=-3.4349995153075681 15.796877144760289 5.583700697654435 0.0019410581672001769 -319865.95000457758 -1.3473212192192674 1.8643233144237661 3.8075197058272461 4902545.2000007639 3.6292691068710368 -2.560200352764197 -0.00050592999999999992 -6826701.7500038138 -1.8952966709404968 -1.4380307006315378 1.1477405812112103 1.0000000180025095e-35 -1.3632296772549959 -2.6197971490192526 -0.65078952713729776 0.40124740422791511 0.14121829393158797 0.056813604156547508 1.1893774964817971 -2.7863084502865192 -1.1768150599172285 0.18060744741196222 -0.28531811297139681 0.21210830930608546 0.14153261483788035
decision_type=2 2 2 2 2 2 2 2 2 2 2 2 2 2 2 2 2 2 2 2 2 2 2 2 2 2 2 2 2 2
left_child=-1 2 9 -4 -5 -6 7 -7 -8 10 11 13 -12 -2 -13 -15 -14 18 -18 24 21 25 -22 -24 -19 -21 -27 -28 29 -29
right_child=1 -3 3 4 5 6 8 -9 -10 -11 12 14 16 15 -16 -17 17 19 -20 20 22 -23 23 -25 -26 26 27 28 -30 -31
leaf_value=-0.052915538832751408 0.04813328018420731 -0.050833895413374845 0.061756497607066654 -0.034849621280898371 -0.034469591075878381 0.0078792021526412123 -0.042669973302664047 0.072715651837323023 0.028993144842821023 -0.054576294353216703 -0.052448684410904389 -0.042815023545200927 -0.0035166080408624931 0.0097946174736051345 -0.0035588895906536002 -0.036848399283822261 0.062441675459109724 0.11965469441991289 -0.030156618358887988 -0.0084051239923108364 -0.038157452923306703 -0.018195245330943105 -0.026458842089985182 0.013841340047608631 -0.016096234874157529 0.061086215645381629 -0.011646948760020683 -0.020133234866769299 0.059389954636656223 0.057433971048330063
leaf_weight=1.8546711103990663 8.8947587180882675 2.0008674846030763 3.4168566428124931 4.5436304584145608 2.4469532500952544 6.0314850173890502 2.2729517538100472 5.2874919027090073 2.2937828153371811 1.9359880257397879 5.1239353306591502 8.6616132725030166 599.65517637971789 138.1981979100965 78.048976012505591 5.4227555841207495 5.9299954716116181 1.3142042160034169 46.886505243368447 12.335270704701541 15.536541245877741 14.585334972478448 21.480614450760186 78.981073862873018 66.86695218924433 36.45754555426538 17.641120819374919 11.474914960563185 23.346663618460298 7.1668319012969723
leaf_count=69 70 140 30 45 40 38 22 39 21 35 168 152 9976 1341 904 115 73 8 1084 154 165 270 370 976 842 334 167 103 137 65
internal_value=-0.000154427 -7.51433e-05 7.27705e-06 0.0140663 0.0069432 0.0173013 0.0252758 0.0381666 -0.00667497 -0.000299251 -0.000211977 0.00390132 -0.0012319 0.0103721 -0.00748023 0.0080335 -0.00095844 0.00330268 -0.0197601 0.007268 0.0131867 0.0261746 -0.00058607 0.0052244 -0.0134796 0.0321434 0.0373488 0.0228357 0.0373234 0.00968753
internal_weight=1236.09 1234.24 1232.24 26.2932 22.8763 18.3327 15.8857 11.319 4.56673 1205.94 1204.01 239.226 964.783 152.516 86.7106 143.621 959.659 360.004 52.8165 307.187 239.006 123.008 115.998 100.462 68.1812 108.422 96.0871 59.6295 41.9884 18.6417
internal_count=17953 17884 17744 235 205 160 120 77 43 17509 17474 2582 14892 1526 1056 1456 14724 4748 1157 3591 2741 1230 1511 1346 850 960 806 472 305 168
is_linear=0
shrinkage=0.05


Tree=103
num_leaves=31
num_cat=0
split_feature=1 13 10 1 7 9 3 3 12 15 16 11 4 6 4 15 8 7 16 3 12 15 16 13 7 15 3 2 13 14
split_gain=2.04752 2.04129 2.02863 6.04135 4.29012 7.53979 8.74082 6.49407 6.54557 6.79191 5.41034 8.49374 4.26118 3.07715 6.69643 4.7243 5.02695 3.89217 3.3811 4.26206 3.1968 4.86711 5.61822 6.1376 5.06361 3.95226 5.69624 9.19055 8.61888 8.04116
threshold=-1611.4664513899866 3.4618310563081791 2.2284457712842705 2.8699444623166497 1.2719026641762092 1.0799174720008773 4.4919965077427433 -1.0689809568035959 460.84400000004104 -1.1623673808476975 -0.00063688999999999987 871775.25000000012 36.136161412115847 1.4752586221855906 99.999985783507185 -1.1623673808476975 -0.093740235161290111 0.40507566539544954 -0.00054495499999999985 -1.3563787207392286 761.73949999990884 0.36949786647597954 -0.00038396499999999995 -1.0451809003389319 1.1630590961467018 -1.9198186913346353 -0.26447257983907507 1.0343985214919462 0.28233697184898782 -2.0106716524027579
decision_type=2 2 2 2 2 2 2 2 2 2 2 2 2 2 2 2 2 2 2 2 2 2 2 2 2 2 2 2 2 2
left_child=-1 2 3 13 5 7 12 -4 -9 -10 -11 -12 -7 20 15 -15 -17 -18 -19 -20 25 -22 23 -23 -24 26 28 -28 29 -2
right_child=1 -3 4 -5 -6 6 -8 8 9 10 11 -13 -14 14 -16 16 17 18 19 -21 21 22 24 -25 -26 -27 27 -29 -30 -31
leaf_value=-0.050843970740580294 0.082675217996677791 -0.052125187022934762 0.10809886959888595 -0.046755594269503653 -0.003879002358311524 0.023103589861449267 0.057817700282858424 -0.031745615733540976 -0.052985727679225395 0.1536585536193657 -0.00078103104680888691 0.13653584556074472 -0.044963544841115394 -0.04740254129082986 0.10009703091828762 -0.038333681894650917 0.089654901807612264 0.06127339214615727 0.048262025986761464 -0.046522438206376387 -0.032161024768775859 0.061470233948941633 0.0094949093172114838 -0.036207518701452217 0.12908802611763179 -0.00086814186138587279 -0.018395611720147066 0.026507119239279644 0.054702701893948547 -0.018295816976108221
leaf_weight=1.9888675343245257 2.3975936435163012 1.8804918844252814 3.4741151742637166 7.0044620279222718 32.101945051923394 3.239111449569462 4.4262928888201705 3.1081495713442564 1.2434312514960755 1.6226275209337453 3.1490031816065338 1.7530609853565691 7.9246241208165884 3.0463340412825408 2.287689756602048 2.7677279654890343 2.6617577169090438 3.0164963323622969 2.066265624016526 2.7839378509670443 19.007108369842175 2.1008611321449271 2.0745455659925933 6.8583416510373345 1.5436988761648534 1034.9693045946769 27.403603952378035 19.507673386484385 15.000553800724445 11.103308144956829
leaf_count=213 13 69 21 213 391 32 32 40 29 18 44 18 131 51 15 39 24 30 15 37 390 13 30 146 19 14733 439 320 210 178
internal_value=-0.000152985 -7.11209e-05 8.48529e-06 -0.000459658 0.00881867 0.022433 -0.0016399 0.0485855 0.0295756 0.0541112 0.074521 0.0483258 -0.0252141 -0.000180251 0.0199765 0.00876095 0.0216288 0.0373917 0.0197081 -0.00614271 -0.000509092 -0.0161946 0.00793385 -0.0133029 0.0605185 -6.29204e-05 0.010988 0.000276824 0.0286178 -0.000364606
internal_weight=1233.51 1231.52 1229.64 1167.6 62.0424 29.9404 15.59 14.3504 10.8763 7.76812 6.52469 4.90206 11.1637 1160.6 18.6302 16.3425 13.2962 10.5285 7.8667 4.8502 1141.97 31.5846 12.5774 8.9592 3.61824 1110.38 75.4127 46.9113 28.5015 13.5009
internal_count=17953 17740 17671 16915 756 365 195 170 149 109 80 62 163 16702 211 196 145 106 82 52 16491 598 208 159 49 15893 1160 759 401 191
is_linear=0
shrinkage=0.05


Tree=104
num_leaves=31
num_cat=0
split_feature=12 15 0 14 3 10 2 13 16 10 14 13 10 14 11 12 1 13 3 4 9 1 3 3 1 10 3 16 14 1
split_gain=2.00757 2.02473 7.52487 12.0048 8.54059 9.13722 6.02578 7.62121 7.82164 16.2969 7.18129 6.48334 5.93866 6.16085 5.23406 4.89089 4.88082 4.10838 3.78071 4.02175 4.16427 4.803 3.85588 3.40025 5.22427 3.41115 3.18382 7.05 5.39008 9.8539
threshold=-2250.2834999999027 1.7350773816224707 -1.0000000180025095e-35 1.7214739996381232 -0.65193257391827131 1.0328479546655747 -2.1667845879551431 -1.4265247270966261 -1.0000000180025095e-35 0.39191112944337742 -1.7977502779347485 0.22211380186626237 -0.50869086301167454 1.4454506228326969 -5991544.7499961844 -51.482499999925487 -0.13084959707568911 -0.037928546265593298 0.4039653549987981 80.000000000000057 0.041768494621680925 0.62433827648092055 2.4564680653370314 0.16500420630745563 -0.14286791542206598 2.819186917013619 -3.0932101207942835 -0.00030072999999999998 2.0463059658233251 -0.49968547935930491
decision_type=2 2 2 2 2 2 2 2 2 2 2 2 2 2 2 2 2 2 2 2 2 2 2 2 2 2 2 2 2 2
left_child=-1 26 4 23 6 -6 10 -8 11 -10 -3 12 13 -9 -12 -5 17 -14 -7 20 -20 22 -22 -4 -25 -26 27 28 -2 -30
right_child=1 2 3 15 5 18 7 8 9 -11 14 -13 16 -15 -16 -17 -18 -19 19 -21 21 -23 -24 24 25 -27 -28 -29 29 -31
leaf_value=-0.030266878515717105 0.0066923642587723335 0.092264738203827454 -0.050866740510072166 -0.05479031771600882 -0.052532784712761786 -0.053461818227758751 0.10373790327419558 0.10977495957482564 -0.053088279669898479 0.14235110649343544 0.061474015130246973 -0.036218109372612904 -0.057481603982453305 0.016506569607932557 -0.03988710410193505 0.048237598049330824 0.033471395590508268 0.037054701100156011 -0.028259791382711508 -0.029419736645604405 0.039211939832297302 -0.010152456924667243 0.12940166998092581 0.080201257227574485 -0.046309234276543654 0.039085192931629313 -0.00046216227818736953 -0.027425105037340827 0.0056882319221049108 0.079473467369086323
leaf_weight=5.508636161684989 125.04764206660911 1.4311261605471379 20.374398729763929 1.4012970626354215 11.750278020277621 2.1811555894091716 2.9735897593200198 3.2462660716846647 1.590433314442637 3.2388171534985304 1.4646922796964634 6.122442999854683 4.1946131866425311 3.8949030879884958 9.762409287039187 6.4724938571453086 5.7563290307298249 1.582942387089133 1.969789007678626 3.2473169285804024 2.5102114267647266 2.0254049059003592 2.2449319735169411 1.2699494473636148 5.9596606958657485 1.4549514614045618 961.37876047100872 13.436479914002119 11.237542141694577 7.5750845931470385
leaf_count=138 1154 13 582 21 319 50 19 27 35 29 14 176 56 40 127 56 66 21 39 44 28 41 16 12 120 12 14347 207 101 43
internal_value=-0.000149932 -1.46987e-05 -0.0065485 -0.0248616 0.00295249 -0.0199282 0.0160611 0.0274295 0.0197706 0.0779864 -0.0132176 0.00843318 0.0230717 0.058905 -0.0266635 0.0299017 0.000885628 -0.0315804 0.00709198 0.0181006 0.0357357 0.0543268 0.0817911 -0.0397002 -0.0135031 -0.0295525 0.000616796 0.00721126 0.0104463 0.0353986
internal_weight=1232.3 1226.8 108.12 36.9328 71.1877 25.9291 45.2586 32.6003 29.6267 4.82925 12.6582 24.7975 18.6751 7.14117 11.2271 7.87379 11.5339 5.77756 14.1788 11.9977 8.75034 6.78055 4.75514 29.059 8.68456 7.41461 1118.68 157.297 143.86 18.8126
internal_count=17953 17815 1963 803 1160 537 623 469 450 64 154 386 210 67 141 77 143 77 218 168 124 85 44 726 144 132 15852 1505 1298 144
is_linear=0
shrinkage=0.05


Tree=105
num_leaves=31
num_cat=0
split_feature=2 8 9 9 7 16 16 8 10 10 7 4 9 14 9 9 11 14 15 8 10 11 12 12 14 3 13 16 14 8
split_gain=1.96229 1.9579 3.98247 4.36691 5.61227 6.46641 5.13341 6.21309 5.90131 3.4309 4.20149 3.31543 4.2805 3.18414 4.51919 3.02611 4.16428 9.24653 4.20043 7.51025 6.8114 5.34451 7.55885 6.59013 4.38296 8.82246 10.2272 9.36298 5.0234 4.9789
threshold=-835236.14072378271 1.9623243667528005 1.9049947457633953 1.7417444222923122 1.2813819300468936 -0.00056691499999999998 -0.00040590999999999994 2.3440864069370857 1.8146561524281093 2.6743377472261627 1.4395955549650534 66.666666666666998 -0.39459091345567499 0.90000734376968505 -0.13060848313094262 2.1841365646729671 1546444.4000053408 -0.70495618408852623 0.9821577642440823 -0.26883291241152041 0.48468459954166365 2437631.8000030522 298.66149999992928 190.41299999994229 1.2699314974382869 -1.0423549153669571 -0.072980705136992785 -0.00050816999999999995 1.7214739996381232 1.3989219135583075
decision_type=2 2 2 2 2 2 2 2 2 2 2 2 2 2 2 2 2 2 2 2 2 2 2 2 2 2 2 2 2 2
left_child=-1 15 3 4 -3 -6 7 8 -7 10 -8 12 -9 14 -12 16 -2 -18 24 -20 -21 22 23 -22 -19 26 -26 -28 29 -27
right_child=1 2 -4 -5 5 6 9 11 -10 -11 13 -13 -14 -15 -16 -17 17 18 19 20 21 -23 -24 -25 25 28 27 -29 -30 -31
leaf_value=-0.050824434802049824 6.0142861274393175e-05 0.03748646655965758 -0.012825406045936273 0.080505469605163471 -0.035822782647311507 0.046500211525899331 -0.04046551733636191 0.089796230042315295 -0.046311783548061487 -0.055485793458622361 -0.055681051047648249 0.11973013639119079 0.0013725710109787367 0.074125545477760721 0.056273824801689291 0.013782784750131101 -0.033759469494686487 -0.017743330838110048 0.068929934583036825 -0.054761484544788866 0.031985203318653919 -0.01570700991873104 -0.034593282627238715 0.15319822690220017 -0.027389259980007137 0.046882759992306962 0.031410794826832615 0.16806530583803594 -0.025780541812725429 -0.054689580571949586
leaf_weight=1.9072745000012208 997.86587975965813 14.883949664421378 17.269240075722337 2.4150013048201791 8.9603249412029928 3.3610376324504578 3.2904845550656372 2.6926081925630569 3.4922543251886964 3.1360254753381023 1.8124090190976851 2.0248317830264568 2.783571558073163 2.4217841289937496 1.7932711690664298 35.638983720913529 30.116869771853089 43.573585785925388 5.3313400559127357 4.1469141924753812 2.5395881328731758 5.6965094171464443 1.8403354752808807 2.0079119019210339 2.5805792976170778 5.6643993761390474 2.6930088307708502 2.3448417801409986 14.618347814306615 1.533007515594363
leaf_count=216 14329 158 206 23 120 35 50 25 47 46 26 19 34 20 18 474 722 691 64 70 39 93 33 16 35 74 25 22 197 26
internal_value=-0.000147742 -6.90673e-05 0.00803069 0.0148177 0.0116858 0.000949721 0.0132405 0.0336203 -0.000794299 -0.0102491 0.00497559 0.0650632 0.04485 0.0297826 -7.2428e-07 -0.000560964 -0.00101635 -0.00963148 -0.00194768 0.0174421 0.000530349 0.0195045 0.0509053 0.0855058 -0.00767439 0.00723139 0.0535538 0.0950159 -0.00894518 0.0252484
internal_weight=1230.44 1228.53 70.3368 53.0676 50.6526 35.7686 26.8083 14.3543 6.85329 12.454 9.31795 7.50101 5.47618 6.02746 3.60568 1158.19 1122.55 124.687 94.5704 21.5626 16.2313 12.0843 6.38784 4.5475 73.0078 29.4342 7.61843 5.03785 21.8158 7.19741
internal_count=17953 17737 827 621 598 440 320 160 82 160 114 78 59 64 44 16910 16436 2107 1385 315 251 181 88 55 1070 379 82 47 297 100
is_linear=0
shrinkage=0.05


Tree=106
num_leaves=31
num_cat=0
split_feature=13 3 2 10 5 15 1 15 9 0 9 3 16 14 15 11 14 10 3 3 13 2 13 3 5 14 12 1 9 10
split_gain=1.92555 1.92979 11.2989 18.8715 11.1886 11.1592 10.1715 6.22553 6.14256 8.47813 5.62039 13.0391 9.30396 8.67336 13.3429 12.6916 7.50694 12.7891 10.3254 20.7238 13.1068 10.1618 11.9499 17.0128 13.786 13.024 9.00569 8.2879 6.85981 6.85021
threshold=3.4618310563081791 0.38594704824729525 0.015576730266139016 0.23619216027709591 46.393480522483095 0.71573413650986839 -0.13084959707568911 -2.4082238427254752 -0.95531898422314909 -1.0000000180025095e-35 -0.79077350709472161 -2.9214329127188052 -0.00014821999999999999 2.0786319698400706 0.18525013985124536 -2048511.6499977109 0.8834678517592951 0.80369137848238059 -1.5048208794928482 -0.28860429157557965 0.83763602366798084 -0.33571230776177691 -0.3247939097856915 -1.0159778661728536 49.99999999999978 1.2105780689257479 227.69949999987151 -0.36519366144893856 -2.5007068225906166 -0.27561133860214354
decision_type=2 2 2 2 2 2 2 2 2 2 2 2 2 2 2 2 2 2 2 2 2 2 2 2 2 2 2 2 2 2
left_child=1 7 3 4 5 -3 -5 8 -1 -10 11 28 -13 14 29 -16 -12 21 -19 20 26 22 25 24 -24 27 -20 -18 -9 -14
right_child=-2 2 -4 6 -6 -7 -8 10 9 -11 16 12 13 -15 15 -17 17 18 19 -21 -22 -23 23 -25 -26 -27 -28 -29 -30 -31
leaf_value=0.05536719290313416 -0.052004149630916457 0.049310491371062908 -0.00050178689360413215 -0.022028021262410588 0.11870413125759056 -0.044099330505232161 0.048997616620199115 -0.030463111563243883 -0.054160064935863367 0.080204557983125119 -0.0028992093105578939 -0.018885899771470423 0.099606676973175087 0.14803269598490981 0.098484214269671966 -0.053324661355417149 -0.015993513270945791 0.0059664816194923706 0.15751487824179677 -0.0038547150998848654 0.013072558213837704 -0.027934076807947808 0.038133811541507329 -0.035966425152883688 0.14522460519108946 -0.029966983926777008 0.051636596695050586 0.08198441285246863 0.0094882794631198294 0.0035274391194694147
leaf_weight=9.2356824837625009 1.7873665327206243 23.286671390756972 431.84411986824125 22.966131681576375 4.8869301732629529 3.7062265239655963 6.4582762327045193 11.917234245687721 3.7110087247565389 1.7172796949744213 282.31317084096372 176.67977918451652 4.4080354943871498 1.2014351030811656 1.6454413533210779 8.4319832324981636 3.6836975906044245 15.972081635147331 6.9875553343445045 8.091143576428296 3.3931280132383099 22.113810690119863 19.649722868576653 6.694924045354127 3.5477920956909648 22.68428430147469 2.8184496834874153 5.2125751227140444 109.1900933701545 3.2033393736928764
leaf_count=108 69 180 6427 257 39 47 44 157 70 17 4341 3316 61 15 32 169 34 167 49 100 43 396 195 97 24 261 29 40 1125 44
internal_value=-0.000145074 -6.9571e-05 0.00234976 0.0224369 0.0490885 0.036485 -0.00643881 -0.00169392 0.0305578 -0.0116528 -0.00235093 -0.00733595 -0.0153199 0.0180325 0.00920281 -0.0285373 0.00156473 0.0119928 0.0363542 0.0591513 0.0977743 0.00113271 0.011589 0.0342479 0.0545121 -0.00985875 0.127083 0.0414145 0.00555697 0.0591706
internal_weight=1229.44 1227.65 493.148 61.3042 31.8798 26.9929 29.4244 734.504 14.664 5.42829 719.84 316.677 195.57 18.8902 17.6888 10.0774 403.162 120.849 37.2624 21.2903 13.1991 83.5868 61.473 29.8924 23.1975 31.5806 9.80601 8.89627 121.107 7.61137
internal_count=17953 17884 6994 567 266 227 301 10890 195 87 10695 4919 3637 321 306 201 5776 1435 388 221 121 1047 651 316 219 335 78 74 1282 105
is_linear=0
shrinkage=0.05


Tree=107
num_leaves=31
num_cat=0
split_feature=16 15 12 7 11 13 14 1 11 8 15 1 14 13 3 14 0 3 11 3 14 13 2 2 1 14 3 13 3 13
split_gain=1.91566 6.42727 3.5797 3.57902 3.67657 3.3111 3.79875 2.35541 5.73071 3.92861 2.28293 5.05505 5.03591 8.2794 7.46562 9.48922 7.53954 8.24546 9.01414 7.69697 23.0141 8.12051 7.88765 16.4089 8.65396 8.1877 8.36128 11.5765 10.4608 7.42839
threshold=-0.00077949999999999992 -1.3318014315187761 199.59700000006708 0.57162851358221323 -700566.00000381458 -0.49239705841268888 -0.67536957757107818 -1.2081865049821547 -577125.70000076282 0.25128447850503804 -0.47652833560612712 3.6292691068710368 -0.16227637029200284 0.90532628456305653 -1.5048208794928482 1.6314490102706591 -1.0000000180025095e-35 2.9733091824643121 -700566.00000381458 -0.82509197751397023 0.86693925114630488 0.99003575128398336 -0.077028609336391954 -0.018664799265205822 -0.88046396588659992 0.97766034346985986 0.04818987386248471 -1.1280584153397268 3.3044357864369842 -1.7305394661989284
decision_type=2 2 2 2 2 2 2 2 2 2 2 2 2 2 2 2 2 2 2 2 2 2 2 2 2 2 2 2 2 2
left_child=1 3 5 4 -1 -3 -7 -8 -9 -10 12 -12 13 -2 29 16 19 18 -18 20 -16 22 24 -24 -21 26 27 -25 -28 -14
right_child=10 2 -4 -5 -6 6 7 8 9 -11 11 -13 14 -15 15 -17 17 -19 -20 21 -22 -23 23 25 -26 -27 28 -29 -30 -31
leaf_value=-0.05386949695365692 -0.0063697868705599641 -0.039763062767384089 -0.053575485847896544 0.071653787131645635 0.046514196380017594 -0.051906226633848841 0.056832085243712242 -0.053376909816149731 0.083577381161772712 -0.02046317182461848 0.0021129514883406089 -0.046239648759306584 0.042753930472285262 -0.047639222788215252 -0.035828948707439578 -0.011845784684199903 0.0069566866339924082 -0.0093294268988570531 0.048757344790269157 0.040272934236644228 0.10224660358345213 -0.052036487908773424 0.14055232822664709 0.13733555569948991 -0.051169823240128011 -0.046287602720320904 -0.014098560969481061 -0.013452081724417734 0.04848522251325698 -0.021979428761478514
leaf_weight=1.7594578824937346 145.3129202243872 6.766267380677168 7.1548500917851916 3.0323763461783528 1.8940150709822763 2.4004750447347805 2.8155856933444756 2.712420657277109 2.2639615889638578 1.5142116975039241 773.56178268883377 5.4434112468734375 4.9076817994937292 13.262107403017579 5.5990872373804432 56.000807980075479 20.585937326774001 14.414131685160099 34.531727589666843 3.3530447185039511 6.5462599564343691 7.9705016016960135 2.348145229741923 2.9748040363192558 11.330364208668469 6.6341149210929862 22.521631712093949 2.2248721718788209 9.4907215917482954 45.702637600246817
leaf_count=45 2502 135 187 33 22 87 35 73 32 38 10644 133 40 602 118 761 207 168 272 31 56 248 18 15 157 134 336 42 90 692
internal_value=-0.000146478 -0.0121592 -0.0235489 0.0314992 -0.00182909 -0.0119192 0.00417419 0.0186398 0.00207219 0.0418801 0.000178431 0.00177508 -0.00281354 -0.00982127 0.00150809 0.00572558 0.0122628 0.0243401 0.0331452 0.00189453 0.0385928 -0.00457933 0.00163407 0.011781 -0.0302883 0.00488474 0.0140077 0.0728155 0.00445569 -0.0157022
internal_weight=1227.03 32.3136 25.6278 6.68585 3.65347 18.4729 11.7067 9.30618 6.49059 3.77817 1194.72 779.005 415.711 158.575 257.136 206.526 150.525 69.5318 55.1177 80.9935 12.1453 68.8482 60.8777 46.1943 14.6834 43.8461 37.212 5.19968 32.0124 50.6103
internal_count=17953 687 587 100 67 400 265 178 143 70 17266 10777 6489 3104 3385 2653 1892 647 479 1245 174 1071 823 635 188 617 483 57 426 732
is_linear=0
shrinkage=0.05


Tree=108
num_leaves=31
num_cat=0
split_feature=15 0 14 3 10 2 13 16 14 10 14 13 10 15 11 1 13 3 14 13 15 13 3 1 16 3 10 15 15 14
split_gain=1.89273 6.99206 11.1718 7.71489 8.62566 5.21119 6.3229 6.39862 12.7121 6.39473 6.19463 5.84468 5.25343 5.37976 5.00801 4.24107 3.86743 3.49698 3.54892 9.32244 4.32336 5.58141 3.32153 5.62129 3.16752 4.95495 3.10359 2.98269 8.0662 9.62593
threshold=1.7350773816224707 -1.0000000180025095e-35 1.7214739996381232 -0.65193257391827131 1.0328479546655747 -2.1667845879551431 -1.4265247270966261 -1.0000000180025095e-35 1.887431366268099 1.1342161511362858 -1.7977502779347485 0.22211380186626237 -0.50869086301167454 2.0504001166934311 -6281324.7499999991 -0.13084959707568911 -0.037928546265593298 0.4039653549987981 0.26896650526480231 0.43522131441320927 1.9857881265968707 -1.3587824731992681 0.16500420630745563 -0.23505260665366481 -0.00042398999999999996 1.8110210253846244 2.819186917013619 0.91858498720976367 1.0712330830925445 -1.8614934858934959
decision_type=2 2 2 2 2 2 2 2 2 2 2 2 2 2 2 2 2 2 2 2 2 2 2 2 2 2 2 2 2 2
left_child=27 3 22 5 -5 10 -7 11 9 -9 -2 12 13 -8 -12 16 -14 -6 20 -20 -19 -22 -3 -24 25 -4 -25 -1 -29 -30
right_child=1 2 24 4 17 6 7 8 -10 -11 14 -13 15 -15 -16 -17 -18 18 19 -21 21 -23 23 26 -26 -27 -28 28 29 -31
leaf_value=-0.00095939606722045549 0.082841427547430666 -0.050619587857514227 0.090487659918026597 -0.052394825046379323 -0.05333867974306683 0.093551063949632918 0.089928844243187159 -0.052666544054489554 0.18751684849144881 0.083375693440684073 0.060958815295483575 -0.035502684776830995 -0.057146510708737774 0.0022482626049061642 -0.038902956435784709 0.030034414537189597 0.034395871837165276 0.095824102707717185 -0.054083992637465272 0.086588371765754069 0.065407675862365622 -0.053503078961494623 0.087948057738498023 -0.045980480990881104 -0.021379028642897729 -0.0036914182644443832 0.034538430015211834 0.022237265129130566 0.035806088115065041 -0.0027210506310963618
leaf_weight=858.75435144640505 1.4953969772905118 19.539490704424683 3.1010672710835934 11.137327752076091 2.0788025930523863 3.0861179269850245 4.3622010052204194 1.7086021173745423 1.5745790898799894 1.7470359466969965 1.4472824987024058 5.9037676388397804 3.9843478649854696 2.9207859877496958 9.472974569536742 5.9210867686197108 1.6240487992763517 2.379363698884843 3.9392402563244104 1.6800448484718797 2.1408201344311242 1.8307060450315473 1.1825462915003297 5.8485486349090916 2.3153888843953601 2.5409194454550743 1.5046526864171026 54.586099273525178 17.747356213629246 187.45812115469016
leaf_count=12581 14 588 20 319 50 19 32 41 10 13 13 178 56 35 128 66 21 20 69 25 12 42 10 122 31 26 12 680 203 2517
internal_value=-0.000145628 -0.00651597 -0.0244307 0.00264876 -0.0195312 0.0149947 0.0254291 0.0183617 0.0697652 0.0161111 -0.0125987 0.00790008 0.0215208 0.0547652 -0.0256681 0.000520871 -0.0306382 0.00652147 0.0169171 -0.012026 0.042526 0.0105948 -0.0392527 -0.0132324 0.0278645 0.0480733 -0.0295043 0.000460723 0.005155 0.000610999
internal_weight=1225.01 106.467 36.0326 70.4345 25.1863 45.2482 32.8326 29.7465 5.03022 3.45564 12.4157 24.7162 18.8125 7.28299 10.9203 11.5295 5.6084 14.049 11.9702 5.61929 6.35089 3.97153 28.0752 8.53575 7.95738 5.64199 7.3532 1118.55 259.792 205.205
internal_count=17953 1972 809 1163 537 626 471 452 64 54 155 388 210 67 141 143 77 218 168 94 74 54 732 144 77 46 134 15981 3400 2720
is_linear=0
shrinkage=0.05


Tree=109
num_leaves=31
num_cat=0
split_feature=14 1 1 11 11 10 9 3 14 15 14 10 15 13 3 15 7 0 13 15 12 13 14 15 8 5 9 2 4 9
split_gain=1.89177 1.86543 1.98392 4.05436 2.58647 4.90782 5.18938 4.54588 9.99866 10.542 11.5393 6.66093 6.47258 7.76398 8.6222 7.70191 8.40648 11.0333 6.45141 6.00874 5.86389 9.55406 5.53129 6.28471 5.42264 6.50154 4.59539 4.96659 4.57104 4.10711
threshold=-3.4349995153075681 -1611.4664513899866 -4.9896979944441844 -1390742.2500076292 -2331420.9500007625 1.425999984631283 -0.15284322976194306 -0.84589269165780134 0.54740673605036549 -0.88879256475775115 0.07877520840452229 -0.84701401870738524 0.66457406446985068 0.40625809758096793 -4.7652570898807802 1.3277271044200132 -0.3344243545794216 -1.0000000180025095e-35 -0.69324372988813632 1.3428387586618828 -4.8600000001024446 -0.52445322613187562 1.8141912750666835 -1.3318014315187761 -1.2892187521210554 66.211556383969494 -1.591175614800181 -1.7043833574249154 54.263565891472759 -2.3776384170865632
decision_type=2 2 2 2 2 2 2 2 2 2 2 2 2 2 2 2 2 2 2 2 2 2 2 2 2 2 2 2 2 2
left_child=-1 -2 3 -3 5 6 7 11 9 29 18 12 13 -4 -15 16 -14 -18 -11 24 21 -12 -10 -24 25 -20 -16 -28 -26 -9
right_child=1 2 4 -5 -6 -7 -8 8 22 10 20 -13 15 14 26 -17 17 -19 19 -21 -22 -23 23 -25 28 -27 27 -29 -30 -31
leaf_value=-0.052752900138076687 -0.050789000602815909 0.046035661856954325 -0.042357023332149198 -0.018701329931083869 0.0006599777985285333 -0.04421632974108046 0.033962441135148173 0.045197889145856332 -0.045323706381286993 -0.040517119235475269 0.17006862974252449 -0.035097639901912107 0.014728934637753016 0.091028641797860965 -0.052728495582221473 -0.015431017960417787 0.014957918557888777 0.18235221727847223 0.16504234929342529 -0.053318787447600983 0.203300151560833 -0.0026446253629543973 0.043442423971440304 -0.043299567438098929 -0.01961130477058011 0.030248062590388255 0.062240297212924678 -0.052697844270394589 0.064181492636069787 -0.043916143092941645
leaf_weight=1.7063840785995115 1.810235226061194 6.4667247971519828 16.587744485586885 3.863527484238146 1068.1694821747951 8.144208229146896 8.3360610855743271 1.6521619893610475 10.893482021056117 3.1030907044187215 1.5061655417084694 25.536891150753945 9.7894650846719724 2.6239062286913386 3.8559036357328287 11.879143325611947 1.9104241617023947 2.0308008696883944 1.9614107115194221 1.4872762970626343 1.3232352100312699 1.7095495872199535 5.1420218888670206 3.516033214516936 2.9052065778523648 1.6446815971285103 2.7503369264304638 1.427795018069445 3.7009586589410901 5.946974937804046
leaf_count=69 213 33 340 36 15044 159 118 28 212 47 15 447 134 18 138 238 24 17 21 38 14 31 55 70 67 24 38 46 49 170
internal_value=-0.000143556 -7.00738e-05 5.19124e-06 0.0218239 -0.000181156 -0.00653686 -0.00423339 -0.00678297 0.00560418 0.0253573 0.0449621 -0.0141294 -0.00399872 -0.0209623 0.0123358 0.0140484 0.0395527 0.101211 0.0235765 0.0405762 0.114706 0.0782502 -0.0216144 0.00821653 0.0542507 0.103565 -0.0133651 0.0229624 0.0273318 -0.0245415
internal_weight=1223.38 1221.67 1219.86 10.3303 1209.53 141.365 133.221 124.885 46.4922 26.9407 19.3416 78.3924 52.8555 27.2457 10.6579 25.6098 13.7307 3.94123 14.8026 11.6995 4.53895 3.21572 19.5515 8.65806 10.2123 3.60609 8.03404 4.17813 6.60617 7.59914
internal_count=17953 17884 17671 69 17602 2558 2399 2281 841 504 306 1440 993 580 240 413 175 41 246 199 60 46 337 125 161 45 222 84 116 198
is_linear=0
shrinkage=0.05


Tree=110
num_leaves=31
num_cat=0
split_feature=12 16 13 6 3 12 16 10 5 14 15 13 3 13 14 14 1 6 4 15 8 8 11 13 15 13 14 9 13 14
split_gain=1.83318 1.92791 5.36711 4.12178 6.31321 3.70448 4.09705 3.88439 3.96235 5.54032 4.59373 4.15694 3.16751 3.12256 5.10255 3.15307 2.96642 3.80102 2.72 2.44333 9.73283 5.9841 5.40504 5.92902 11.0043 7.66961 7.39459 7.30689 6.30507 6.52265
threshold=-2250.2834999999027 -0.00072349999999999986 0.33135823958512861 0.99956419577894573 3.689285400506781 603.01699999999266 -0.00078949999999999995 -2.2697396281261466 24.99999999999984 0.1442032891010617 1.423905638041705 0.79827924973624376 -2.1032590146939447 -1.1398801515897767 -0.42818467772656704 1.9129916210691806 -3.2956942417290525 -1.4749385380657756 16.666666666666696 -0.92276765044522768 0.70292662322770827 2.4968123496833368 1825322.1999969485 0.40625809758096793 -1.2609356388405029 0.94550967251512097 0.0607526482329055 0.73429376703215843 -0.87957101469421317 1.3282105538943065
decision_type=2 2 2 2 2 2 2 2 2 2 2 2 2 2 2 2 2 2 2 2 2 2 2 2 2 2 2 2 2 2
left_child=-1 2 13 4 5 7 -7 -4 -9 -10 11 -11 -13 14 18 -16 -15 -18 -2 20 22 -22 23 28 25 27 -27 -25 29 -3
right_child=1 19 3 -5 -6 6 -8 8 9 10 -12 12 -14 16 15 -17 17 -19 -20 -21 21 -23 -24 24 -26 26 -28 -29 -30 -31
leaf_value=-0.029424860253009055 0.080633414631198191 0.017684442997677532 0.10044572421450876 -0.039848981974999607 0.10136239690087621 -0.0092198910086460396 0.13122680666851413 -0.037767507283094921 -0.051659712860479982 0.1177855077889424 -0.034802241141317622 0.074253995688032051 -0.015843589094876022 0.040854671612095869 -0.045505451076271956 0.018667017996009404 0.046569715995698507 -0.037140440594354611 0.0083767394529276566 0.0018098039831627227 -0.019098787978130208 0.034355483455240698 -0.027069844198333182 0.038316879933389107 -0.039428666212927975 -0.05122334003046395 0.02270675731303148 0.11875471794532957 -0.010061931401953703 -0.042319478599310886
leaf_weight=5.3216028907336286 2.2300736224278817 50.617014688905329 0.93862760718912852 3.494244720786809 2.0852579995989791 0.90064806677401099 1.2262574937194575 5.6423697751015451 2.3934378242120129 1.8996706772595642 1.7747211111709473 1.8845203369855958 2.0223781382664963 1.4492373615503336 5.6560746170580352 2.8933207499794662 1.433657962828877 25.059503716416657 3.1310494784265757 857.526930967113 94.492564755026251 5.5428122086450449 13.807253779843448 14.884843070991339 6.8111072974279514 3.9921512221917537 22.140768111683428 3.4841081555932751 72.571079732850194 4.9740930572152129
leaf_count=138 20 532 20 93 22 26 20 123 97 23 51 12 40 9 62 27 17 528 39 11974 1533 60 266 219 210 191 301 43 1198 59
internal_value=-0.000142645 -1.45975e-05 -0.00831756 0.0103931 0.0188464 0.0096364 0.071754 0.00165619 -0.00428131 0.0146607 0.0355983 0.0571155 0.0276156 -0.0191641 0.00019222 -0.0237879 -0.0288002 -0.0326105 0.0384334 0.000462401 -0.00347679 -0.016137 0.00307562 0.00539475 0.0197571 0.0288156 0.011413 0.0535738 -0.000355585 0.0123155
internal_weight=1222.28 1216.96 66.1151 24.2621 20.7679 18.6826 2.12691 16.5557 15.6171 9.97473 7.58129 5.80657 3.9069 41.8529 13.9105 8.5494 27.9424 26.4932 5.36112 1150.84 293.318 100.035 193.282 179.475 51.313 44.5019 26.1329 18.369 128.162 55.5911
internal_count=17953 17815 1229 527 434 412 46 366 346 223 126 75 52 702 148 89 554 545 59 16586 4612 1593 3019 2753 964 754 492 262 1789 591
is_linear=0
shrinkage=0.05


Tree=111
num_leaves=31
num_cat=0
split_feature=2 3 1 9 14 14 15 14 8 2 12 12 16 8 15 1 2 11 9 9 14 8 16 15 13 15 12 4 15 15
split_gain=1.8086 1.91183 3.41933 3.77863 2.55608 6.22557 3.40036 2.94006 5.90459 2.00272 1.86861 7.49775 5.45562 6.81067 6.29988 4.73213 5.35539 4.49204 4.47879 7.0653 5.353 4.43846 4.21059 5.84103 11.1774 5.9452 5.51686 6.21707 4.69886 6.25615
threshold=15.796877144760289 5.583700697654435 0.0019410581672001769 -0.93040095765441444 -0.55654942961445641 -0.12344322535822048 -0.50836511931083728 0.68344902286881315 1.3025570654222636 4.290532897324538 -287.08899999991985 -238.25699999998321 -0.00060395499999999988 -1.4106619424110789 -0.54116432657397051 -0.57921019196603096 -1.0551483557014352 919160.900001526 0.98921837146111058 1.0000000180025095e-35 -0.96577949616489522 0.26778898630657139 -1.0000000180025095e-35 1.10080571067438 -1.2800657464179934 -0.10265381934063159 -656.07350000017311 43.289300623320607 -0.76822863124621887 -3.8387687875258685
decision_type=2 2 2 2 2 2 2 2 2 2 2 2 2 2 2 2 2 2 2 2 2 2 2 2 2 2 2 2 2 2
left_child=1 9 -3 -4 6 -6 -5 -7 -9 10 17 12 15 14 -14 -12 -17 22 19 20 -15 -21 -1 24 -24 28 -25 -28 29 -26
right_child=-2 2 3 4 5 7 -8 8 -10 -11 11 -13 13 18 -16 16 -18 -19 -20 21 -22 -23 23 26 25 -27 27 -29 -30 -31
leaf_value=-0.0053208433469460652 -0.050740120316728088 0.060870306385772593 -0.044176527551609807 -0.061254870245365627 0.065376316692212999 -0.034125245176643448 0.025421601264930913 -0.038452660047308566 0.067382421377556012 -0.04096235541528373 -0.059456692417767187 -0.00032356580018562078 -0.011415335516733714 -0.053995731589416562 0.084590742400598121 0.099535449673193832 -0.013821197541922806 -0.026086834304410847 -0.036338177350233841 0.10227145853676539 0.022226956211600878 0.009548128557046346 0.13212807409452973 -0.021466624014015133 0.10974584608770749 -0.053275636642822012 0.152124520515212 0.031693639970693098 0.059841349038298144 -0.042371379877608285
leaf_weight=129.6565366233699 1.7634310834109772 3.303272362798455 3.1737799234688344 2.2832871153950691 5.7614234872162422 3.8624794594943328 2.2431464269757351 2.2703412426635623 3.1412874516099691 3.0293220747262231 3.4211293491534889 976.30397603032179 2.1620397716760626 3.0034151254221788 8.1498527312651259 1.4082289095968006 4.0056349039077741 22.154174339026213 3.5327711869031182 3.8283853982575229 9.8827015291899496 1.9469586214981971 1.496883679181338 1.4829431083053348 0.81188223883509447 5.2817798946052799 2.0911768637597552 2.1980603933334351 3.3898755712434641 4.035913998261095
leaf_count=2278 140 30 38 25 32 39 19 29 24 41 47 13851 32 64 73 13 69 474 57 43 123 24 10 34 5 116 21 38 60 104
internal_value=-0.000140355 -6.7175e-05 0.0133356 0.0064293 0.0146397 0.0245565 -0.018301 -0.000802359 0.0229814 -0.000359644 -0.000256305 0.000559587 0.021416 0.0308853 0.0644617 -0.0134242 0.0156646 -0.0050668 0.0152851 0.0250578 0.00446145 0.071013 -0.00197144 0.0189185 0.00248652 -0.0118675 0.0616665 0.0904086 0.0146823 -0.0168956
internal_weight=1221.08 1219.31 26.039 22.7357 19.562 15.0355 4.52643 9.27411 5.41163 1193.27 1190.24 1017.65 41.3411 32.5061 10.3119 8.83499 5.41386 172.599 22.1942 18.6615 12.8861 5.77534 150.445 20.7885 15.0163 13.5195 5.77218 4.28924 8.23767 4.8478
internal_count=17953 17813 236 206 168 124 44 92 53 17577 17536 14396 545 416 105 129 82 3140 311 254 187 67 2666 388 295 285 93 59 169 109
is_linear=0
shrinkage=0.05


Tree=112
num_leaves=31
num_cat=0
split_feature=16 0 15 13 13 9 9 13 8 14 3 15 2 9 1 14 1 10 16 4 3 10 1 13 14 14 8 3 4 10
split_gain=1.81303 8.48135 9.88311 9.20345 17.1575 14.9879 11.8807 11.8126 10.6148 8.92673 10.6101 7.9554 7.62744 11.3201 12.1345 8.75096 7.61124 7.23082 6.42494 6.39083 6.29291 6.45743 8.9527 6.23381 6.32189 8.39302 8.56614 10.6389 12.3035 8.91041
threshold=-0.00042778499999999992 1.0000000180025095e-35 1.2774200603882668 -0.68278031905666281 -0.43749452743241612 -1.0087288880053513 0.39377129477466716 0.10390004194885499 -0.97519100735248998 -2.6197971490192526 -0.23577735308520525 -2.5709330626477707 0.51842462874917372 -0.11074257366783928 0.020941436688809236 1.5861893401856995 -1.0207753780028388 0.46962304280338435 -0.00034584499999999995 35.751491107332718 1.851330555616949 1.2843433736569871 0.062301305102790923 1.4173751415593709 1.4933760434085253 0.8834678517592951 -0.67980774911662867 0.092366842985860537 94.185260311021651 1.0860115645933857
decision_type=2 2 2 2 2 2 2 2 2 2 2 2 2 2 2 2 2 2 2 2 2 2 2 2 2 2 2 2 2 2
left_child=-1 2 23 -4 5 -5 16 -8 -9 -3 -11 -12 13 17 15 -15 -6 18 -13 -10 -14 22 -22 24 25 -2 -27 29 -29 -28
right_child=1 9 3 4 6 -7 7 8 19 10 11 12 20 14 -16 -17 -18 -19 -20 -21 21 -23 -24 -25 -26 26 27 28 -30 -31
leaf_value=0.0012574410827531758 -0.011422034108479612 0.09145123747410995 -0.020626935863890458 0.24235573111918335 0.054502617119844082 0.049044256585419888 -0.037694326774161964 0.17631847064709708 0.094649548319776927 -0.01219427110013393 -0.046094117322012025 0.053998138738451988 -0.024665478809756142 0.056093684531864023 0.11938584883692085 -0.015848582236819179 -0.047149694163393055 -0.043713695906028846 -0.016309614419810738 -0.0027671155582081521 -0.036723184399542752 -0.013502987382302196 0.042434964332187457 -0.041401299908641886 -0.034719402767044751 -0.028267904428038212 0.049009619541227123 -0.025934152167968003 0.12879029869483341 0.16688184661917033
leaf_weight=800.65444208541885 147.36133826524019 2.9950900971889487 12.718332714401184 1.628513107076287 2.3664983045309791 2.6091844085603979 2.9875795803964129 2.0723059661686412 3.4360101353377095 61.019182516960427 5.2164083477109662 7.4309778437018403 13.802298235706983 15.173047429881995 5.5134606901556245 5.8592417351901522 8.2998796664178371 5.8017755430191746 5.7744168555364022 3.300968918018043 4.2852080352604416 13.436045359820126 21.459225695580244 17.57651464920491 23.337501249741763 6.5052370335906771 6.1508712423965353 7.3520053746178728 1.556939424946904 2.1685604378581047
leaf_count=11297 2456 29 171 14 26 37 53 18 30 1019 80 64 246 102 43 39 223 74 88 66 43 170 255 553 413 111 67 129 17 20
internal_value=-0.000137337 -0.00280134 -0.00861086 0.0143788 0.0310529 0.123332 0.0136444 0.0482208 0.077358 0.00590527 0.00435028 0.0140805 0.0172661 0.0322689 0.05336 0.0360518 -0.0245966 0.0028128 0.0232542 0.0469176 0.00436723 0.0145947 0.0292589 -0.0128854 -0.0103076 -0.00697776 0.0206166 0.0390748 0.00110571 0.0797344
internal_weight=1219.85 419.195 251.428 39.4193 26.7009 4.2377 22.4632 11.7969 8.80929 167.766 164.771 103.752 98.5357 45.5529 26.5457 21.0323 10.6664 19.0072 13.2054 6.73698 52.9828 39.1805 25.7444 212.009 194.432 171.095 23.7336 17.2284 8.90894 8.31943
internal_count=17953 6656 4404 638 467 51 416 167 114 2252 2223 1204 1124 410 184 141 249 226 152 96 714 468 298 3766 3213 2800 344 233 146 87
is_linear=0
shrinkage=0.05


Tree=113
num_leaves=31
num_cat=0
split_feature=15 13 5 1 0 3 5 13 5 15 16 16 13 9 14 2 13 14 14 6 12 9 9 16 6 15 3 14 5 10
split_gain=1.80466 5.65131 7.86871 5.09399 6.75863 11.3562 9.59521 8.39954 9.55245 7.46277 7.83074 7.38453 5.88899 5.75624 7.96993 5.4964 5.3842 5.34655 4.92655 4.89272 4.79724 6.93444 4.6762 11.0989 7.7622 5.17711 4.98295 4.94322 6.07256 6.23626
threshold=1.487527075131698 1.6124861868052769 25.957313245449409 0.34244122823641537 1.0000000180025095e-35 2.4564680653370314 87.5 -1.4265247270966261 33.333333333332909 1.6034713961574372 -0.00048684499999999996 -0.00052782999999999986 -0.088235861972852478 0.4577280086530256 -0.10046230962231079 -1.0774913853098946 0.73461177130284094 -2.0374318718970335 3.0568962006617322 0.89086995465049423 -455.06600000010798 0.60198596751452416 -1.0600856519609703 -0.00034017999999999999 0.25545663380870365 2.555309651982578 -2.6172912790086027 0.86693925114630488 1.0000000180025095e-35 -0.7045509630439708
decision_type=2 2 2 2 2 2 2 2 2 2 2 2 2 2 2 2 2 2 2 2 2 2 2 2 2 2 2 2 2 2
left_child=-1 3 -3 4 5 6 7 15 16 10 19 -8 -12 -5 -15 17 22 -2 -11 -6 21 -10 23 24 25 26 -9 28 29 -24
right_child=1 2 -4 13 9 -7 11 8 20 18 12 -13 -14 14 -16 -17 -18 -19 -20 -21 -22 -23 27 -25 -26 -27 -28 -29 -30 -31
leaf_value=0.0006461776194550844 0.061414965720091391 -0.053579877538298175 0.043167887903551562 -0.049766903199552785 -0.034189854880536101 0.08606398170009158 0.020990093816369571 0.014137006447153919 -0.052728076903361246 -0.037330484719238347 0.016366766372828676 0.14418060116834938 0.14321794935069987 0.029113394272381701 -0.038501650700337911 0.076748134283186678 -0.044255072777543036 -0.068812840856334948 0.062141679068663969 0.066780761874195807 -0.042687568049139119 0.1319512573576484 0.097143026127525983 0.14422155546836649 0.10764323750611496 0.075722984906623964 -0.054867237581435503 -0.027632054801331851 -0.039973978631996761 0.0097218982276618543
leaf_weight=1044.3856872098986 1.4917697459459307 2.5710508199408642 11.51153253437951 13.801439894828947 6.0815962934866548 4.0916627421975127 3.3083422482013702 7.0381190795451394 1.0377856343984633 28.463911885861311 1.9931569998152556 1.9239234849810589 1.6913209762424211 8.2572671873495 9.2296384032815677 5.025506252422927 5.1963833263143888 1.6709635122679172 1.301666636019944 1.4946404988877473 21.040118484757841 0.99623903445899475 3.0314898751676074 1.885396027937525 1.9906847774982459 2.0051352437585583 4.1641186513006678 11.76692525949329 3.3803170602768651 6.2373789623379805
leaf_count=15029 8 72 180 375 74 32 43 58 32 619 25 20 17 128 178 34 134 37 12 19 433 10 18 18 17 20 62 140 54 55
internal_value=-0.000138655 -0.00485808 0.0255047 -0.00753725 -0.00312611 0.00474144 0.000741657 -0.00365754 -0.00928001 -0.0198641 0.0148066 0.0662877 0.0745965 -0.0256266 -0.00657402 0.0442502 0.00372515 -0.00738815 -0.0329805 -0.0142704 -0.035599 0.0377255 0.00973301 0.0297983 0.0156035 0.00173078 -0.0115134 -0.00430625 0.0173926 0.038314
internal_weight=1218.07 173.679 14.0826 159.597 128.309 87.2823 83.1906 77.9583 69.7701 41.0263 11.2607 5.23227 3.68448 31.2883 17.4869 8.18824 46.6959 3.16273 29.7656 7.57624 23.0741 2.03402 41.4996 17.0835 15.1981 13.2074 11.2022 24.4161 12.6492 9.26887
internal_count=17953 2924 252 2672 1991 1225 1193 1130 1051 766 135 63 42 681 306 79 576 45 631 93 475 42 442 175 157 140 120 267 127 73
is_linear=0
shrinkage=0.05


Tree=114
num_leaves=31
num_cat=0
split_feature=2 5 3 1 16 10 13 2 5 15 4 13 10 14 11 8 11 11 16 14 6 7 15 14 14 9 16 10 2 11
split_gain=1.80979 1.80486 4.4925 5.95647 7.08834 5.9563 5.2159 5.1455 6.57086 4.79421 8.91752 12.537 11.0309 10.5151 10.4533 8.76648 6.27829 5.95878 5.85471 5.28144 4.78888 4.77866 4.6083 8.45329 7.51663 6.69392 7.65108 7.86436 6.3382 11.8937
threshold=-835236.14072378271 50.000000000000654 2.1726138750636865 1.9899548525626238 -0.00057882499999999993 0.57059440026858932 -2.3937235826605949 1.2850417621258214 59.999999999999922 0.89289971015864056 81.62200774978669 1.5502781722559151 1.6432187682915556 0.90000734376968505 557357.45000457775 -1.0315481764965722 -3080893.4999999995 -5418058.2499999991 -0.00057289999999999999 1.836975764279327 -0.79907378344705493 -1.3520238778756697 -0.27865414107967562 -0.059239141090401216 -0.023127985520905892 0.32385491201808103 -0.00046287999999999993 1.4587115750872715 2.0398812214546429 2187701.3499946599
decision_type=2 2 2 2 2 2 2 2 2 2 2 2 2 2 2 2 2 2 2 2 2 2 2 2 2 2 2 2 2 2
left_child=-1 -2 3 4 -3 -5 -6 8 -4 17 11 16 15 14 -12 -13 -11 -8 -18 -19 -17 -9 23 -23 -24 -26 28 -28 29 -27
right_child=1 2 7 5 6 -7 9 21 -10 10 13 12 -14 -15 -16 20 18 19 -20 -21 -22 22 24 -25 25 26 27 -29 -30 -31
leaf_value=-0.05082915229970171 0.0012875673163505164 -0.023297392127989786 -0.044307600841439899 -0.027045241886391798 0.082537100292905966 0.09298387832871588 0.10283917554696814 0.042623578665933942 0.033273279658958523 0.069908410817143954 -0.027650934757827889 0.15244719847606589 0.17337127028574117 0.12304706012676905 0.080672819902741721 0.054333603682983393 0.086498697218167997 -0.0076053126140873716 -0.020011846321496714 -0.047636962793747378 -0.043913758861025678 -0.045787357266860007 0.025423328837033594 -4.6028995569525678e-05 -0.054834821983331575 -0.032647167254939817 0.086171166449103262 -0.0071502110330046087 -0.054931090753266167 0.13632638444527187
leaf_weight=1.758215567562728 814.1202759006992 56.230570148210973 3.086687263101342 1.6026951856911171 1.756412561982869 2.9106713812798262 1.1766516920179118 6.1380840381607404 23.573134712874889 2.2093335464596739 5.2775738723576051 1.1267349757254121 1.6059742663055656 3.2283051572740069 3.8531530760228634 2.1724319960921998 1.3330079801380623 129.19984080689028 40.184340098872781 8.8004144402220827 2.8907400090247388 14.665120012126861 27.650119533762336 32.452015021815896 6.728236977010968 3.370852673426274 4.2919233627617324 4.762847701087594 6.8896571798250079 1.5069800578057764
leaf_count=216 10709 1242 37 30 10 36 22 81 238 35 70 10 13 31 30 26 21 2492 777 193 64 334 331 513 110 48 43 61 114 16
internal_value=-0.000137848 -6.44805e-05 -0.00281167 -0.00658818 -0.00757282 0.0503616 -0.00325574 0.00461075 0.0242909 -0.00399783 0.00734218 -0.00180733 0.0566056 0.0454848 0.0180615 0.0263106 -0.0122216 -0.00920285 -0.0165921 -0.0101582 -0.00175921 -0.000226882 -0.0027975 -0.0142829 0.00700603 -0.0114779 0.00253194 0.0370837 -0.0240548 0.0195563
internal_weight=1216.55 1214.79 400.675 265.559 261.045 4.51337 204.815 135.116 26.6598 203.059 63.8816 51.5226 7.79588 12.359 9.13073 6.18991 43.7267 139.177 41.5173 138 5.06317 108.456 102.318 47.1171 55.2006 27.5505 20.8223 9.05477 11.7675 4.87783
internal_count=17953 17737 7028 5102 5036 66 3794 1926 275 3784 1077 946 113 131 100 100 833 2707 798 2685 90 1651 1570 847 723 392 282 104 178 64
is_linear=0
shrinkage=0.05


Tree=115
num_leaves=31
num_cat=0
split_feature=14 15 13 5 0 1 3 13 3 6 2 6 15 16 8 4 13 11 3 3 3 16 6 4 10 15 2 2 8 15
split_gain=1.77948 1.79331 4.88087 7.40423 4.93369 6.61077 8.95369 8.26977 8.2684 12.7258 13.3682 7.29313 6.36195 7.3082 7.2934 6.12894 6.07771 7.43549 5.35161 5.29769 5.26704 4.95801 4.66226 4.58236 4.89579 4.21771 5.76487 14.1668 13.0259 10.9564
threshold=-3.4349995153075681 1.4719444834496846 1.5502781722559151 25.957313245449409 1.0000000180025095e-35 0.34244122823641537 2.4564680653370314 -0.43749452743241612 -1.8603799478314444 0.19859155910823598 -2.019326389674212 -0.69218476029822229 1.6034713961574372 -0.00048684499999999996 -0.42625319098071762 34.143169398907112 -0.62884734893563132 -1336675.8000030515 -1.6816856168255758 -2.8057252340928387 -2.8596488812812564 -0.00062393999999999991 1.180781339237875 63.5792584119719 -0.43155773461208002 0.91858498720976367 -0.99121477852040618 -0.10437520847073674 0.43635938587496809 1.0863898971225308
decision_type=2 2 2 2 2 2 2 2 2 2 2 2 2 2 2 2 2 2 2 2 2 2 2 2 2 2 2 2 2 2
left_child=-1 25 4 -4 5 6 7 11 9 -9 -11 16 13 22 -15 18 17 -3 19 21 -12 -13 -6 24 -5 -2 -27 28 -28 -30
right_child=1 2 3 23 12 -7 -8 8 -10 10 20 15 -14 14 -16 -17 -18 -19 -20 -21 -22 -23 -24 -25 -26 26 27 -29 29 -31
leaf_value=-0.052747981267535264 -0.00076129997577788948 -0.044769872111532993 -0.053663854786044601 -0.020049928987449981 -0.032485164542263432 -0.027933716926865849 0.074237148459483177 -0.021987307037216592 -0.040777049860130518 -0.055443775931681032 0.032251341707729995 -0.02862049440961948 -0.031088314589960028 -0.028556545505157144 0.093169808767094658 -0.030781938536040006 0.085224040778664537 0.040783200871474849 0.07028038397129803 -0.057057624542481158 0.14384198419520269 0.046545900254080404 0.061369357603014055 -0.022687034147434872 0.068925676799079863 0.019590919024175681 -0.045729716681368056 0.012882069936957737 0.076633659486724362 -0.01695252936416233
leaf_weight=1.6051561851054419 851.36246066866443 3.2651845021173367 2.6706641903147093 1.8936048401519645 8.7149429116398078 19.034373327158391 4.3795910198241463 13.378544728271661 18.169534412212673 1.7361620329320429 1.5861258041113608 3.3970177639275789 37.201199252158403 1.8383095460012553 3.7221185443922868 10.934197925031183 5.0783435534685841 11.429923998191953 3.7220492660999325 2.9140200689435014 3.172347996383905 6.1938188374042511 1.5600704108364869 2.5139693468809119 8.4231615625321847 64.787773742340505 24.645443810150027 81.751549811568111 4.7259100284427396 9.2459399867802841
leaf_count=69 12525 37 75 57 117 444 33 222 410 25 18 33 819 29 34 161 45 115 28 33 40 44 19 38 106 669 405 1129 50 124
internal_value=-0.000137621 -6.80281e-05 -0.00472042 0.0220788 -0.00729386 -0.00117941 0.00451966 0.000926538 -0.0163986 0.00589005 0.0633157 0.0149694 -0.01979 0.00675241 0.0529264 -0.00184762 0.0380694 0.0217737 0.0176492 0.00198367 0.106646 0.0199224 -0.0182351 0.0378444 0.0525945 0.000726115 0.00756535 0.00109266 -0.0238651 0.0147025
internal_weight=1215.05 1213.45 176.929 15.5014 161.428 108.391 89.3569 84.9773 38.0427 19.8732 6.49464 46.9346 53.0366 15.8354 5.56043 27.1611 19.7735 14.6951 16.2269 12.5049 4.75847 9.59084 10.275 12.8307 10.3168 1036.52 185.157 120.369 38.6173 13.9719
internal_count=17953 17884 2982 276 2706 1688 1244 1211 715 305 83 496 1018 199 63 299 197 152 138 110 58 77 136 201 163 14902 2377 1708 579 174
is_linear=0
shrinkage=0.05


Tree=116
num_leaves=31
num_cat=0
split_feature=13 5 3 4 5 15 2 14 16 14 2 2 14 9 0 9 3 1 2 15 4 8 13 4 1 16 14 3 13 14
split_gain=1.79333 7.71417 7.01132 13.3478 12.2735 7.4215 7.32317 6.33286 8.05897 6.21699 5.9313 13.3337 5.47861 6.13494 5.05116 7.46086 4.79071 4.54755 5.60023 4.96464 4.51854 4.21761 4.07188 4.00217 3.77407 4.20159 3.72932 3.72523 3.53356 3.41069
threshold=0.94550967251512097 97.424845269673156 1.0499290539810895 63.5792584119719 94.317998385795278 -1.8952966709404968 1.0343985214919462 1.0126657021098449 -0.00041916999999999991 2.213477426487831 -0.4365743537043722 -0.34927729447887729 0.7217797676993708 -0.99452293572348693 1.0000000180025095e-35 1.4532667572147455 1.8110210253846244 -0.1122325576124731 -0.69525510262409096 0.76697345559569075 34.999999999999858 -0.47308282571443167 1.1278954841692337 99.999986750001781 -0.03240012729444864 -0.00041197999999999994 1.941512750216327 2.0485270648648179 2.461587265013502 -1.8834184923391308
decision_type=2 2 2 2 2 2 2 2 2 2 2 2 2 2 2 2 2 2 2 2 2 2 2 2 2 2 2 2 2 2
left_child=-1 2 4 7 5 9 14 16 -9 10 -2 -12 -5 -14 15 29 24 18 22 21 -17 -20 -16 -15 25 -4 -22 -18 -24 -7
right_child=1 -3 3 12 -6 6 -8 8 -10 -11 11 -13 13 23 17 20 27 -19 19 -21 26 -23 28 -25 -26 -27 -28 -29 -30 -31
leaf_value=0.00063919264612316475 -0.025080517609320896 -0.036495825776089667 0.013031008495382019 -0.033376035792369245 0.18536285643190251 0.0036659364433705879 0.0919548764217957 0.042587363419969576 -0.046850864190971793 0.08522052051021313 0.19300885089723493 -0.014721101526380731 -0.054621463881849165 0.010161040592562854 0.032016710613845832 0.071062301279729428 0.11539108526535878 -0.037747196951814138 0.059674262153265913 0.079686309429839453 -0.051872105984243688 -0.02142289069297847 -0.050114518630369732 0.081078108379064956 -0.032644954859764916 0.089058731448883904 0.078752863842705148 0.050871315423037682 0.054527835394532889 -0.041833967600137058
leaf_weight=1043.0535711653065 6.2806392554193726 17.345263071358204 4.2633830681443223 14.254843217320738 0.79596946947276492 4.6239249692298463 1.4944734815508116 6.0445419624447823 4.3178912810981256 3.0893550477921954 1.1774754058569672 2.2459949888288966 3.2509903274476555 13.058867566287516 2.971511996351186 2.7023525908589354 4.1016109194606525 7.0628849547356358 2.5462653022259474 3.8234263826161623 2.161696658469737 4.3288092659786344 6.5366075886413455 2.3470113296061745 1.9546499112620983 3.1672341944649824 0.73124300874769677 4.9218096677213907 0.92033539805561293 37.695910813286901
leaf_count=14173 136 543 43 396 7 129 20 49 66 18 13 74 59 185 54 20 25 166 35 27 75 65 168 22 51 33 9 48 23 1221
internal_value=-0.000137357 -0.00489589 -0.00131047 0.0117091 -0.0101173 -0.0118386 -0.0176558 0.0365856 0.00531962 0.0234459 0.00377963 0.056726 -0.0100378 0.00779386 -0.0198082 -0.0296885 0.0541855 -0.0030144 0.00859701 0.0340128 0.0245726 0.0086124 -0.0174769 0.0209649 0.0291752 0.0454371 -0.0188543 0.0801989 -0.0371996 -0.0368626
internal_weight=1213.27 170.217 152.872 61.6828 91.1889 90.3929 77.5994 28.7711 10.3624 12.7935 9.70411 3.42347 32.9117 18.6569 76.105 47.9151 18.4087 28.1898 21.127 10.6985 5.59529 6.87507 10.4285 15.4059 9.38527 7.43062 2.89294 9.02342 7.45694 42.3198
internal_count=17953 3780 3237 977 2260 2253 2012 315 115 241 223 87 662 266 1992 1454 200 538 372 127 104 100 245 207 127 76 84 73 191 1350
is_linear=0
shrinkage=0.05


Tree=117
num_leaves=31
num_cat=0
split_feature=16 0 15 13 13 9 13 4 14 14 1 8 12 9 3 14 2 13 10 4 3 9 3 1 12 12 11 15 15 13
split_gain=1.77712 7.84563 8.29751 7.90235 12.1054 9.56083 9.37638 9.06161 7.50677 10.3139 6.84517 6.67898 6.51409 6.83604 10.7575 11.0198 6.62337 5.73584 6.06034 7.19974 6.05597 6.05086 8.80394 11.3367 9.66365 9.02069 8.02729 6.22203 6.19011 7.6412
threshold=-0.00042778499999999992 1.0000000180025095e-35 1.2774200603882668 -0.68278031905666281 -0.43749452743241612 0.39377129477466716 0.10390004194885499 47.446762277270821 -2.6197971490192526 -1.3009588799040335 -1.0207753780028388 0.10780317433188941 761.73949999990884 1.3930169953329836 -0.28860429157557965 1.6553635538269889 0.55865628181882554 1.4173751415593709 2.2284457712842705 40.32258064516126 3.9392806919678085 -0.89130063208264176 -0.90882227140537208 -0.90005264812056807 186.58200000016953 259.17700000014162 -797433.25000381458 1.115799045805097 1.0000000180025095e-35 -1.0789786241471329
decision_type=2 2 2 2 2 2 2 2 2 2 2 2 2 2 2 2 2 2 2 2 2 2 2 2 2 2 2 2 2 2
left_child=-1 2 17 -4 7 10 -7 -5 -3 -10 -6 -8 13 -11 -15 16 -16 18 21 -20 -21 22 -2 -24 27 -26 -27 28 29 -25
right_child=1 8 3 4 5 6 11 -9 9 12 -12 -13 -14 14 15 -17 -18 -19 19 20 -22 -23 23 24 25 26 -28 -29 -30 -31
leaf_value=0.0012470646927895891 -0.026745195194198712 0.082632445834479623 -0.020222008447530943 0.15832241527658655 0.049921894813426466 -0.036665582945275881 0.11564640150138839 0.016692382262182556 -0.028824344700781143 0.0066981897591898544 -0.04651594909408327 0.029485469932267045 -0.028794627247370363 -0.028364954714846707 0.11414765410379729 -0.010489763160538059 0.043782277841078153 -0.040615080862060789 0.064443798821685633 -0.053697176902687931 0.043307591934884884 -0.018528807896980894 0.11237400202993345 0.053178091274709294 0.14552311846107599 -0.053308079078389248 0.094583336897442472 0.10970898963180296 -0.043004130246531741 -0.014224423557247221
leaf_weight=796.28301368118264 18.94087927788496 3.1036412632092825 12.442360741086302 2.7896284349262741 2.4214686816558251 2.8369557820260516 4.0172130912542325 1.8975989893078802 20.727008570916951 109.18199733668007 7.6633254606276759 5.1105862427502871 10.602450635284184 5.0016219094395664 6.4635307006537932 4.8099960815161458 6.9297785963863134 16.559890316799283 5.8091233372688276 3.7411967106163502 2.8229716718196869 122.91623147204518 2.7686953227967015 6.1395192556083247 2.215661769732832 1.9083770038560035 1.7671896768733857 1.1509765926748503 9.0622541829943639 13.343641983345155
leaf_count=11297 307 29 171 22 26 53 40 29 487 1350 223 74 138 88 34 53 73 553 51 71 23 2130 26 59 34 43 23 13 176 257
internal_value=-0.000135694 -0.00278794 -0.00842168 0.0126953 0.0280138 0.012502 0.0427293 0.100984 0.00559836 0.00413799 -0.0233602 0.0674055 0.00891605 0.0119362 0.0365815 0.0544265 0.0777402 -0.0123775 -0.00994943 0.0239004 -0.0119795 -0.0122735 0.00114555 0.0149184 0.00733641 0.0658343 0.0177972 -0.00426852 -0.00886419 0.00701541
internal_weight=1211.43 415.146 248.326 39.1791 26.7368 22.0495 11.9648 4.68723 166.82 163.716 10.0848 9.1278 142.989 132.387 23.2049 18.2033 13.3933 209.147 192.587 12.3733 6.56417 180.213 57.2972 38.3563 35.5876 5.89123 3.67557 29.6964 28.5454 19.4832
internal_count=17953 6656 4404 638 467 416 167 51 2252 2223 249 114 1736 1598 248 160 107 3766 3213 145 94 3068 938 631 605 100 66 505 492 316
is_linear=0
shrinkage=0.05


Tree=118
num_leaves=31
num_cat=0
split_feature=15 13 5 1 4 12 13 13 13 9 14 0 15 6 14 13 13 3 3 13 5 1 2 15 1 2 2 13 4 14
split_gain=1.76627 4.16673 5.96873 4.46678 6.04094 5.80486 8.43664 6.62956 5.85751 5.41823 6.90387 5.25787 6.57203 7.05372 6.69083 5.80747 4.47704 9.26964 6.44821 4.98266 4.50648 8.85097 4.64921 4.62855 4.03005 3.94856 5.62697 4.82048 3.86176 3.76484
threshold=1.487527075131698 1.6124861868052769 25.957313245449409 0.34244122823641537 61.889880952380977 8.1299999998882431 -0.40442762484147771 0.640755560508811 -0.69324372988813632 0.4577280086530256 -0.10046230962231079 1.0000000180025095e-35 1.6034713961574372 0.87855605227557154 1.7214739996381232 0.3456985387787635 -1.3754393183732221 2.5129539988526166 -1.0904088193828809 -1.1803864008072462 32.713866850637899 0.11483098392611978 -1.5272395832315164 1.6808411243042765 -0.16193097841639645 -1.0774913853098946 -0.80423130780478058 -1.668974114474636 73.598901098900697 2.8538629609550372
decision_type=2 2 2 2 2 2 2 2 2 2 2 2 2 2 2 2 2 2 2 2 2 2 2 2 2 2 2 2 2 2
left_child=-1 3 -3 4 11 6 8 -7 -6 -5 28 16 13 15 -14 -13 25 18 20 -20 22 -22 24 -24 29 27 -27 -2 -11 -18
right_child=1 2 -4 9 5 7 -8 -9 -10 10 -12 12 14 -15 -16 -17 17 -19 19 -21 21 -23 23 -25 -26 26 -28 -29 -30 -31
leaf_value=0.00063549349712441281 -0.065900884823372211 -0.053175053823037027 0.035515552774050954 -0.049254976113106121 0.04199397335465882 -0.054326876045641528 -0.018645982492321706 0.081294966053425968 0.14729964996589481 -0.032881951790867642 -0.037351221470554238 -0.03893477827043252 -0.044870692705014141 0.080114999341712692 0.042029416348999885 0.060512462478010301 -0.019343936494473805 0.11614252301472952 0.040572458804611619 -0.046206567041600838 -0.044814568711288749 0.074711414574404861 -0.034115732711382706 0.042639720405036594 0.067712939532812363 0.10277914279231473 0.011419222531738743 0.033056655801372646 0.04580245119968377 0.045990165568909828
leaf_weight=1040.0537374964915 1.9634621604345737 2.2613566080108276 11.773543722927569 12.764454078860583 2.7785649914294481 3.1559556741267443 2.550853440538047 1.2611726000905035 2.5165396183729172 2.0741127943620103 8.7034936062991601 5.760123973246662 22.759211613796655 2.7132668234407902 2.4538503549993029 1.9701820258051155 17.647987419739358 1.5535670965909947 1.8839767053723324 13.558966632001107 9.7353637563064677 1.8418690841644991 2.3134429436177042 13.007422208786009 1.7599485442042375 3.1474577337503433 3.628263194113968 3.2973062782548368 6.283290826715529 2.5198275754228225
leaf_count=15029 42 72 180 375 33 54 52 11 19 62 178 71 555 28 24 25 224 8 24 309 206 31 34 131 10 17 32 24 66 27
internal_value=-0.000136112 -0.00486682 0.0212254 -0.00722024 -0.00309503 0.0302435 0.056055 -0.0156043 0.0920413 -0.024617 -0.00618355 -0.00669659 -0.0225978 0.0107554 -0.0364132 -0.0135892 0.000585624 -0.00454151 -0.0074588 -0.0356199 0.00144816 -0.0257987 0.00991674 0.0310497 -0.00484878 0.0286237 0.0538577 -0.003877 0.0262748 -0.0111809
internal_weight=1209.69 169.639 14.0349 155.604 125.779 12.2631 7.84596 4.41713 5.2951 29.8254 17.0609 113.515 35.6566 10.4436 25.2131 7.73031 77.8589 65.8224 64.2688 15.4429 48.8259 11.5772 37.2486 15.3209 21.9278 12.0365 6.77572 5.26077 8.3574 20.1678
internal_count=17953 2924 252 2672 1991 169 104 65 52 681 306 1822 703 124 579 96 1119 1004 996 333 663 237 426 165 261 115 49 66 128 251
is_linear=0
shrinkage=0.05


Tree=119
num_leaves=31
num_cat=0
split_feature=13 10 1 15 7 16 3 15 2 9 15 0 6 3 6 13 6 2 14 6 1 15 6 15 3 3 14 8 14 2
split_gain=1.72855 1.75819 5.2698 3.66974 3.67316 6.81408 4.68337 6.26188 5.00966 4.77638 3.47497 3.41727 4.94531 5.09805 4.22683 3.89036 5.04172 3.79887 3.21267 2.77455 5.84734 3.88206 3.02446 3.47542 5.2916 7.3633 9.45576 7.49347 7.45617 7.17174
threshold=3.4618310563081791 2.2284457712842705 2.8699444623166497 -1.8952966709404968 1.1209961782486941 -0.00065077499999999981 0.50733074505707498 -0.15850490499779255 3.4681611500896099 1.2550338437413637 -1.0184984360446447 -1.0000000180025095e-35 1.3931153626379171 1.5986439235790693 0.96422847481125584 -1.092758075423016 -0.93459639347502832 2.2260259883702367 0.35408354505991263 1.4752586221855906 1.4763671633846436 -1.1623673808476975 1.3364627213616869 -1.9198186913346353 -0.5241613088884548 -1.0904088193828809 -2.0106716524027579 0.055749888876058619 2.108992815034751 1.0343985214919462
decision_type=2 2 2 2 2 2 2 2 2 2 2 2 2 2 2 2 2 2 2 2 2 2 2 2 2 2 2 2 2 2
left_child=1 2 19 -3 5 -5 9 8 10 -7 -8 12 15 -14 18 -6 -17 -18 -13 22 21 -21 23 24 25 26 -1 -27 -28 -26
right_child=-2 3 -4 4 11 6 7 -9 -10 -11 -12 14 13 -15 -16 16 17 -19 -20 20 -22 -23 -24 -25 29 27 28 -29 -30 -31
leaf_value=0.078520553808439836 -0.051884105961941263 -0.053845658714804102 -0.04585175517414565 0.1016174156510046 0.034566821787463883 0.087825642743003585 -0.057440927260141939 -0.034652513253031453 0.095636659586178507 -0.0029141633044303186 0.040374054555519651 -0.017658350601525968 0.10373238121276991 0.012904904196811085 -0.041257370924224671 0.067004530256269401 -0.055308889511732066 0.016296663271277777 0.048081851219700281 -0.046320725050520685 0.088898594985142035 0.018942592528532112 -0.011330081290052127 -0.00072728781576518291 -0.015747703706337306 0.11071244781865647 -0.025532506987374678 -0.010018770302516111 0.052457679317837583 0.023590673440748361
leaf_weight=4.3917865063995185 1.611495479941367 2.2935204040259114 6.3714631348848334 2.6868037264794138 5.0534044466912738 3.7170449942350414 1.5210653729736807 6.5811314806342072 2.2178207449615002 2.3780941963195801 2.2527587860822713 4.3461109437048462 2.6744077410548917 3.6581466970965266 8.2414114582352322 1.4573592599481315 6.0685418304055929 2.665967371314764 3.246740598231554 2.7550004571676281 2.5724415201693764 13.176312269177286 61.704673626925796 984.96365282824263 27.890324922278523 4.4531977484002701 11.38802650105208 1.8066582810133693 4.1929789241403332 19.818980695679784
leaf_count=35 69 45 213 33 39 33 32 85 13 36 25 54 24 45 106 17 108 35 35 49 23 140 962 14549 481 49 217 27 31 343
internal_value=-0.000134479 -6.53611e-05 -0.000506034 0.00820161 0.0106232 0.0271688 0.0164537 -0.000983568 0.0359979 0.0524224 0.000949064 0.00117897 0.0141239 0.0512638 -0.0164614 -0.00130323 -0.0190886 -0.0334533 0.0104525 -0.000252399 0.0189511 0.00765661 -0.000569491 5.75509e-05 0.0105122 0.0285506 0.0137204 0.0758682 -0.0045447 0.000593899
internal_weight=1208.16 1206.55 1145.49 61.0603 58.7668 21.3547 18.6679 12.5728 5.99164 6.09514 3.77382 37.4121 21.5778 6.33255 15.8343 15.2453 10.1919 8.73451 7.59285 1139.11 18.5038 15.9313 1120.61 1058.91 73.942 26.2326 19.9728 6.25986 15.581 47.7093
internal_count=17953 17884 17119 765 720 257 224 155 70 69 57 463 268 69 195 199 160 143 89 16906 212 189 16694 15732 1183 359 283 76 248 824
is_linear=0
shrinkage=0.05


end of trees

feature_importances:
z_oi=452
pull_ema50=416
z_ls=379
vol_regime=355
pull_ema21=283
pull_ema8=225
z_cvd_20=217
z_btc_20=173
rsi=169
funding=165
stoch_k=160
cvd_delta=135
z_btc_10=128
macro=117
btc_cvd_mom=95
z_cvd_4=71
z_btc_4=60

parameters:
[boosting: gbdt]
[objective: binary]
[metric: binary_logloss]
[tree_learner: serial]
[device_type: cpu]
[data_sample_strategy: bagging]
[data: ]
[valid: ]
[num_iterations: 120]
[learning_rate: 0.05]
[num_leaves: 31]
[num_threads: 1]
[seed: 0]
[deterministic: 0]
[force_col_wise: 0]
[force_row_wise: 0]
[histogram_pool_size: -1]
[max_depth: -1]
[min_data_in_leaf: 20]
[min_sum_hessian_in_leaf: 0.001]
[bagging_fraction: 1]
[pos_bagging_fraction: 1]
[neg_bagging_fraction: 1]
[bagging_freq: 0]
[bagging_seed: 3]
[bagging_by_query: 0]
[feature_fraction: 1]
[feature_fraction_bynode: 1]
[feature_fraction_seed: 2]
[extra_trees: 0]
[extra_seed: 6]
[early_stopping_round: 0]
[early_stopping_min_delta: 0]
[first_metric_only: 0]
[max_delta_step: 0]
[lambda_l1: 0]
[lambda_l2: 0]
[linear_lambda: 0]
[min_gain_to_split: 0]
[drop_rate: 0.1]
[max_drop: 50]
[skip_drop: 0.5]
[xgboost_dart_mode: 0]
[uniform_drop: 0]
[drop_seed: 4]
[top_rate: 0.2]
[other_rate: 0.1]
[min_data_per_group: 100]
[max_cat_threshold: 32]
[cat_l2: 10]
[cat_smooth: 10]
[max_cat_to_onehot: 4]
[top_k: 20]
[monotone_constraints: ]
[monotone_constraints_method: basic]
[monotone_penalty: 0]
[feature_contri: ]
[forcedsplits_filename: ]
[refit_decay_rate: 0.9]
[cegb_tradeoff: 1]
[cegb_penalty_split: 0]
[cegb_penalty_feature_lazy: ]
[cegb_penalty_feature_coupled: ]
[path_smooth: 0]
[interaction_constraints: ]
[verbosity: -1]
[saved_feature_importance_type: 0]
[use_quantized_grad: 0]
[num_grad_quant_bins: 4]
[quant_train_renew_leaf: 0]
[stochastic_rounding: 1]
[linear_tree: 0]
[max_bin: 255]
[max_bin_by_feature: ]
[min_data_in_bin: 3]
[bin_construct_sample_cnt: 200000]
[data_random_seed: 1]
[is_enable_sparse: 1]
[enable_bundle: 1]
[use_missing: 1]
[zero_as_missing: 0]
[feature_pre_filter: 1]
[pre_partition: 0]
[two_round: 0]
[header: 0]
[label_column: ]
[weight_column: ]
[group_column: ]
[ignore_column: ]
[categorical_feature: ]
[forcedbins_filename: ]
[precise_float_parser: 0]
[parser_config_file: ]
[objective_seed: 5]
[num_class: 1]
[is_unbalance: 0]
[scale_pos_weight: 1]
[sigmoid: 1]
[boost_from_average: 1]
[reg_sqrt: 0]
[alpha: 0.9]
[fair_c: 1]
[poisson_max_delta_step: 0.7]
[tweedie_variance_power: 1.5]
[lambdarank_truncation_level: 30]
[lambdarank_norm: 1]
[label_gain: ]
[lambdarank_position_bias_regularization: 0]
[eval_at: ]
[multi_error_top_k: 1]
[auc_mu_weights: ]
[num_machines: 1]
[local_listen_port: 12400]
[time_out: 120]
[machine_list_filename: ]
[machines: ]
[gpu_platform_id: -1]
[gpu_device_id: -1]
[gpu_use_dp: 0]
[num_gpu: 1]

end of parameters

pandas_categorical:[]
