tree
version=v4
num_class=1
num_tree_per_iteration=1
label_index=0
max_feature_idx=72
objective=binary sigmoid:1
feature_names=Candle Buy_Qty Sell_Qty Candle_Delta Agg._Liq_Long Agg._Liq_Short CVD Long/Short_Ratio_(Account) Whale_Ind Agg._OI Agg._Funding_Rate RSI Net_Shorts Net_Longs Price_Low Price_High Mid_Price Bid_Qty Ask_Qty Bid_USD Ask_USD Delta_Qty Delta_USD Bid_Trades Ask_Trades total_qty atr cvd_delta btc_cvd_mom ema_fast ema_slow macro_score macro z_cvd_4 z_btc_4 z_cvd_10 z_btc_10 z_cvd_20 z_btc_20 vol_regime z_oi z_ls funding liq_long_5 liq_short_5 z_bid_qty z_ask_qty z_delta_qty z_bid_trades z_ask_trades log_ret_1 log_ret_3 log_ret_5 ret_skew_10 ret_kurt_10 ret_skew_20 ret_kurt_20 atr_ratio cvd_accel atr_ratio_lag1 ret_lag1 price_atr ema_8 ema_21 ema_50 pull_ema8 pull_ema21 pull_ema50 rsi stoch_k liq_long_5_mean liq_short_5_mean btc_CVD
feature_infos=[2761:230041] [47263:771613376] [28903:715737216] [-100521264:74828656] [0:18760426] [0:74079360] [-73092079616:-2564107008] [0:5.7306051254272461] [0:2.0887999534606934] [0:1795373440] [-0.008481999859213829:0.01095999963581562] [0:93.120002746582031] [0:797970560] [0:1001600576] [0.0099999997764825821:0.44999998807907104] [0.0099999997764825821:0.44999998807907104] [0.0099999997764825821:0.44999998807907104] [0:14493670] [0:9654534] [0:588172.3125] [0:590530.5] [-8008528:12524060] [-281114.03125:441970.1875] [0:1581] [0:1573] [0:4224878] [4.8571400839136913e-05:0.019285706803202629] [-289755136:476622848] [-16367.84375:7631.125] [0.0100995022803545:0.37023806571960449] [0.010025041177868843:0.36533227562904358] [-23.452188491821289:44.001766204833984] [-1:1] [-1.5:1.4996850490570068] [-1.4993491172790527:1.4977540969848633] [-2.8270442485809326:2.8207833766937256] [-2.8279294967651367:2.8198785781860352] [-4.0559220314025879:4.1535100936889648] [-4.1164565086364746:4.0426177978515625] [-1.965511679649353:9.8999996185302734] [-5.801292896270752:5.9545636177062988] [-5.8167524337768555:6.7014098167419434] [-0.008481999859213829:0.01095999963581562] [0:69505912] [0:166569072] [-1.8965133428573608:2.8137259483337402] [-2.7859294414520264:2.7855136394500732] [-2.7986311912536621:2.7947330474853516] [-1.6591658592224121:2.8087451457977295] [-1.7519530057907104:2.733043909072876] [-0.69314718246459961:0.69314718246459961] [-0.69314718246459961:0.69314718246459961] [-0.69314718246459961:0.69314718246459961] [-3.1622776985168457:3.1622776985168457] [-3:10] [-4.4721360206604004:4.4721360206604004] [-1.2838970422744751:20] [0.30000001192092896:3] [-92502016:121501696] [0.30000001192092896:3] [-0.69314718246459961:0.28768211603164673] [4.6666665077209473:2254.8876953125] [0.012222222052514553:0.36777779459953308] [0.010909090749919415:0.36909103393554688] [0.010392156429588795:0.36965489387512207] [-26.741893768310547:31.72667121887207] [-31.256757736206055:50.255931854248047] [-33.027194976806641:59.770908355712891] [0:99.999992370605469] [0:100] [0:7880537.5] [0:14038666] [-2639628.5:381580.03125]
tree_sizes=2515 2144 2297 2352 2044 2235 2251 2780 2336 2250 2154 2359 2224 2356 2031 2144 2249 2257 2149 2019 2150 2355 2137 1913 2369 2128 2268 2253 2129 2151 2134 2253 2434 2150 2462 2340 1933 2247 2248 2448 2152 2242 1941 1929 2258 2243 2269 2046 2372 1837 2033 2267 2470 2039 2049 2586 2150 2469 2259 2266 2367 2585 2427 2161 2236 2684 2267 2556 2365 2637 2350 2172 2671 2677 2253 1831 2454 2238 2243 2157 2044 2588 2247 2375 2150 2470 2150 2574 2361 2588 2122 2759 2145 2684 2163 2583 2577 2592 2060 2150 2677 2153 2471 2324 2162 2157 2254 2358 2243 2257 2239 2265 2483 1627 2584 2151 2048 2362 1840 2272 2260 2743 1949 2340 1948 2249 2130 1839 2340 2243 2048 2469 1943 2155 2364 2162 2150 2364 2359 2339 2364 1616 2133 2598 2150 2362 2366 2053 1950 2781 2467 2582 2441 2471 2372 1793 2377 1935 2266 2443 2255 2358 2364 2372 2265 2481 2161 2271 2777 2265 2578 2171 1837 2273 1848 2155 1846 2055 2268 2062 2141 2337 2556 2571 2007 1947 2050 2453 2359 2260 2154 2363 2157 2176 2365 2227 2365 2369 1933 2033 2267 2147 2467 1926 1511 2909 2161 2136 1623 2471 1620 2023 2369 2275 1528 2270 1957 1955 1937 1897 2334 2142 2318 2262 1521 2564 2464 2261 2351 2481 1733 2030 2042 2352 2374 2051 2370 2269 2896 2375 2795 1846 1853 2362 2349 1940 1634 2161 2024 1637 2269 2314 1954 2157 1926 1819 2366 2144 2259 1531 2052 2045 2244 1940 2140 2494 2580 2055 2166 1822 2055 2167 2387 2042 2162 2165 2265 2284 2274 2160 1941 1749 2272 1949 2054 2162 1840 2160 1939 2573 2174 2693 2271 2588 2166 2367 2120 2158 1944 1727

Tree=0
num_leaves=23
num_cat=0
split_feature=71 26 17 56 2 65 58 55 1 4 34 33 38 46 55 12 61 37 60 1 3 57
split_gain=175.749 58.0439 17.3277 10.5517 10.5254 10.4962 9.34586 9.84441 8.77606 7.98462 7.67364 7.5818 6.36711 7.37212 6.19149 7.06731 5.68215 3.26363 5.47527 3.09423 2.61332 0.737996
threshold=11921.247558593752 0.0014285732759162786 23753.500000000004 0.8114321529865266 7038409.0000000009 2.792587518692017 -2330623.9999999995 0.53051194548606884 961272.50000000012 1232186.7500000002 0.30619779229164129 -1.4635440707206724 1.2186548113822939 -0.41673167049884791 -2.9034163951873775 197335936.00000003 295.83566284179693 -1.860654294490814 0.00016348212375305596 3554006.0000000005 -499005.99999999994 1.6530030965805056
decision_type=2 2 2 2 2 2 2 2 2 2 2 2 2 2 2 2 2 2 2 2 2 2
left_child=3 2 9 8 14 17 10 -8 12 16 -6 -4 13 -1 -3 -16 -2 18 -5 -10 -19 -13
right_child=1 4 11 5 6 -7 7 -9 19 -11 -12 21 -14 -15 15 -17 -18 20 -20 -21 -22 -23
leaf_value=-0.17964038677662408 -0.16653565528411166 -0.16434563122028209 -0.1749144585966583 -0.18427165939868587 -0.17463627586513952 -0.17670331599406611 -0.19337087207433598 -0.17832876407116643 -0.19997803221823596 -0.18570264228723371 -0.19204177417884735 -0.16423831960484633 -0.17101545769026785 -0.19410641191426389 -0.18279392115055723 -0.17057390248937909 -0.17832876407116643 -0.18730988275168647 -0.19990121023196308 -0.18609645447912868 -0.19778053114682792 -0.1602090458650671
leaf_weight=8.1305563449859637 12.094765901565557 4.6593278646469143 4.7094985842704764 6.0982808470725995 13.583162426948549 3.0240550637245169 12.495404481887819 6.5439999103546134 5.2068427205085746 4.2143359780311576 3.0742257833480826 9.3186557292938215 3.6682754755020133 6.0990080237388637 10.411503911018373 8.4766611456871015 6.5439999103546134 2.8757244348525992 3.7191733717918396 2.6277795433998108 35.554279386997223 29.689399898052216
leaf_count=30 42 16 17 23 49 11 49 24 21 16 12 32 13 24 39 30 24 11 15 10 142 100
internal_value=-0.180009 -0.172723 -0.166313 -0.191902 -0.179942 -0.194536 -0.183342 -0.188148 -0.186614 -0.173447 -0.177909 -0.162606 -0.18269 -0.18577 -0.174745 -0.177363 -0.170623 -0.195675 -0.190295 -0.19545 -0.197023 -0.161146
internal_weight=202.819 125.815 66.5707 77.004 59.2443 51.2715 35.6968 19.0394 25.7325 22.8531 16.6574 43.7176 17.8978 14.2296 23.5475 18.8882 18.6388 48.2475 9.81745 7.83462 38.43 39.0081
internal_count=750 450 231 300 219 202 134 73 98 82 61 149 67 54 85 69 66 191 38 31 153 132
is_linear=0
shrinkage=1


Tree=1
num_leaves=19
num_cat=0
split_feature=11 26 4 56 46 64 1 17 35 45 41 31 41 7 42 23 22 31
split_gain=185.55 66.4603 10.5228 12.4411 10.0615 9.77237 9.01292 8.87224 7.7855 7.4265 6.36781 5.77323 5.60461 4.62343 3.33297 3.13734 3.06277 0.81392
threshold=18.439999580383304 0.0018064273754134776 1519242.7500000002 0.8114321529865266 -0.96636253595352162 0.28124563395977026 961272.50000000012 26539.500000000004 -1.1014665961265562 -0.30985337495803827 0.64198589324951183 -2.6845155954360957 2.3599539995193486 1.5777072906494143 -9.4000002718530582e-05 158.00000000000003 -48169.503906249993 1.6117005348205569
decision_type=2 2 2 2 2 2 2 2 2 2 2 2 2 2 2 2 2 2
left_child=2 7 3 6 -3 8 10 11 -6 -7 -1 -2 13 -5 -13 -8 -9 -18
right_child=1 4 -4 12 5 9 15 16 -10 -11 -12 14 -14 -15 -16 -17 17 -19
leaf_value=-0.003928595516209556 0.00082009512131513672 -0.014655599961182287 0.0061535429902508767 -0.014890073720429232 -0.0044550358200835657 0.019809272817543414 -0.018032411633302717 0.0096405010403249752 0.0042637241886246202 0.0021924184765490691 0.010828266949760816 0.017398845129248258 0.001054048923405904 -0.0015390013008693233 0.0084742070743189374 -0.0041599703309368186 0.021716572089283202 0.018125432606654591
leaf_weight=14.228058367967611 4.316069811582568 3.5209040343761435 3.8687781393527976 46.951832219958305 17.352569729089733 5.3079343736171722 5.4471909403800947 3.3759780526161185 24.888645157217983 4.613157242536543 3.6678703874349585 11.359694853425029 2.4280306100845328 2.9235441237688056 7.5421032458543751 2.6250979602336884 21.745609730482101 16.679902955889702
leaf_count=54 16 14 14 187 66 18 22 12 91 17 13 39 9 11 27 10 73 57
internal_value=0.0018049 0.00969894 -0.00978295 -0.0105834 0.00166067 0.00278117 -0.00486464 0.0165676 0.000658409 0.0117185 -0.000848216 0.011504 -0.0134036 -0.0141275 0.0138907 -0.013645 0.0193562 0.0201837
internal_weight=202.843 120.703 82.1404 78.2716 55.6832 52.1623 25.9682 65.0194 42.2412 9.92109 17.8959 23.2179 52.3034 49.8754 18.9018 8.07229 41.8015 38.4255
internal_count=750 430 320 306 206 192 99 224 157 35 67 82 207 198 66 32 142 130
is_linear=0
shrinkage=0.01


Tree=2
num_leaves=21
num_cat=0
split_feature=71 26 41 17 56 2 7 18 47 0 4 55 12 61 2 6 58 43 54 28
split_gain=168.972 55.5669 18.799 16.623 13.5463 10.1976 10.5254 9.13848 8.94208 8.32582 7.78038 6.03438 6.8835 5.53724 5.375 5.18107 3.31757 3.15438 2.66355 1.12011
threshold=11921.247558593752 0.0014285732759162786 2.3599539995193486 23753.500000000004 0.8114321529865266 7038409.0000000009 2.9118626117706303 234907.50000000003 0.19636292010545733 228333.00000000003 1232186.7500000002 -2.9034163951873775 197335936.00000003 295.83566284179693 7038409.0000000009 -62073827327.999992 -9510911.9999999981 2283235.7500000005 0.44113880395889288 -271.99999999999994
decision_type=2 2 2 2 2 2 2 2 2 2 2 2 2 2 2 2 2 2 2 2
left_child=2 3 4 10 8 11 7 -7 9 -1 13 -3 -13 -2 18 -10 17 -5 -6 -18
right_child=1 5 -4 16 14 6 -8 -9 15 -11 -12 12 -14 -15 -16 -17 19 -19 -20 -21
leaf_value=-0.016661320255631079 0.015006601653649553 0.017220101270511708 0.012886032467308793 0.0031030860541735161 -0.010372213804078566 -0.0084912799809317586 0.017707218596905969 0.0019934853555664896 -0.004006882771638208 0 -0.003903157681278145 -0.00098159423122849568 0.011072761452558661 0.0033723230907796269 0 0.0092649481030859914 0.017378971180902553 0.018221028826686688 -0.016338339022355201 0.021491609634579727
leaf_weight=8.46533450484276 12.120911315083509 4.6684350222349194 3.4213891774415961 2.730693668127059 10.978055626153944 16.007026463747025 2.6289201080799094 17.054826036095619 7.630479022860527 4.5595761537551871 4.2155317366123191 10.413307726383211 8.4888526946306211 6.5511945486068717 2.6746398806571952 4.7551313042640668 14.617174819111822 3.2300870418548584 34.371072098612785 23.269616663455963
leaf_count=34 42 16 12 10 43 62 9 63 29 17 16 39 30 24 10 17 50 11 138 78
internal_value=0.00178689 0.0089192 -0.00989275 0.0151793 -0.0109677 0.0018527 -0.00149537 -0.00305251 -0.00500196 -0.0107935 0.00819362 0.00696479 0.00437904 0.0109782 -0.0141034 0.00100775 0.0188029 0.0114631 -0.0149161 0.0199313
internal_weight=202.852 125.997 76.8557 66.7352 73.4343 59.2614 35.6908 33.0619 25.4105 13.0249 22.8876 23.5706 18.9022 18.6721 48.0238 12.3856 43.8476 5.96078 45.3491 37.8868
internal_count=750 450 300 231 288 219 134 125 97 51 82 85 69 66 191 46 149 21 181 128
is_linear=0
shrinkage=0.01


Tree=3
num_leaves=21
num_cat=0
split_feature=11 26 71 19 56 46 64 1 35 45 19 38 10 6 41 46 47 60 71 34
split_gain=178.627 63.7104 10.3308 19.3277 14.1024 9.85206 9.44065 8.43276 7.57928 7.24079 6.42604 6.2355 6.0285 7.00092 5.93148 3.81856 3.26627 3.07495 2.41824 1.84477
threshold=18.439999580383304 0.0018064273754134776 74913.425781250015 6425.3449707031259 0.8114321529865266 -0.96636253595352162 0.28124563395977026 961272.50000000012 -1.1014665961265562 -0.30985337495803827 2298.7299804687505 1.2186548113822939 -9.4000002718530582e-05 -60514592767.999992 2.2107814550399785 1.393467962741852 1.4661180973052981 0.00036560762964654719 359125.71875000006 -1.4298014044761655
decision_type=2 2 2 2 2 2 2 2 2 2 2 2 2 2 2 2 2 2 2 2
left_child=2 10 4 -4 7 -3 8 11 -7 -8 12 -1 18 -14 15 -6 19 -9 -2 -12
right_child=1 5 3 -5 14 6 9 17 -10 -11 16 -13 13 -15 -16 -17 -18 -19 -20 -21
leaf_value=-0.0038527061514803691 0.011421604524197604 -0.014529418047050673 -0.012189417649813352 0.021299536911230082 -0.015863380582239694 -0.0043991986777654722 0.019489968083941874 -0.017845123432615725 0.0042038348525056425 0.0021047037938704627 0.010578444668841332 0.010748131685316053 -0.0088364788606339721 0.010897456917390637 0.0010018123524805837 -0.0075350580357102454 0.0094331713180694637 -0.0039935905036869125 0.021421182185937925 0.019761313402629113
leaf_weight=14.217073574662214 5.962620362639429 3.515869364142417 4.0655142217874518 2.981186181306839 39.847426265478134 17.342551276087757 5.3193817734718323 5.1876744627952567 24.900715664029125 4.6163621842861158 2.8347129821777335 3.670240491628646 2.5826812982559204 5.6638639867305738 2.4290746450424185 6.96311430633068 4.2276896387338629 2.6201880276203156 5.0686276257038116 38.82853989303112
leaf_count=54 21 14 16 10 160 66 18 21 91 17 10 13 10 20 9 27 15 10 17 131
internal_value=0.00176918 0.00950196 -0.0096189 0.00183655 -0.0107095 0.00162838 0.00273627 -0.00464541 0.000648273 0.011513 0.0162156 -0.000800902 0.0112346 0.00459585 -0.0138537 -0.0146459 0.0182862 -0.0133249 0.0161069 0.0191605
internal_weight=202.845 120.864 81.9815 7.0467 74.9348 55.6949 52.179 25.6952 42.2433 9.93574 65.1687 17.8873 19.2778 8.24655 49.2396 46.8105 45.8909 7.80786 11.0312 41.6633
internal_count=750 430 320 26 294 206 192 98 157 35 224 67 68 30 196 187 156 31 38 141
is_linear=0
shrinkage=0.01


Tree=4
num_leaves=18
num_cat=0
split_feature=11 26 71 19 46 64 17 35 45 41 24 31 30 60 31 22 31
split_gain=175.108 62.3408 10.1452 18.9303 9.66674 9.24486 8.27549 7.42839 7.07841 6.77829 6.34824 5.60185 5.10284 3.87537 3.25761 2.9063 0.785077
threshold=18.439999580383304 0.0018064273754134776 74913.425781250015 6425.3449707031259 -0.96636253595352162 0.28124563395977026 26539.500000000004 -1.1014665961265562 -0.30985337495803827 2.3599539995193486 459.00000000000006 -2.6845155954360957 0.32050578296184545 0.00021532839309656995 6.0854976177215585 -48169.503906249993 1.6117005348205569
decision_type=2 2 2 2 2 2 2 2 2 2 2 2 2 2 2 2 2
left_child=2 6 9 -4 -3 7 11 -6 -7 10 12 -2 -1 -12 -13 -8 -17
right_child=1 4 3 -5 5 8 15 -9 -10 -11 13 14 -14 -15 -16 16 -18
leaf_value=-0.016573871997095396 0.00063099855878417813 -0.014405361595556419 -0.012081406803081965 0.021054881687414807 -0.0043570307204226933 0.019269619307207803 0.0092628729099991612 0.0041602802219212615 0.002083292485167673 0.0053686458694847949 -0.0091671740882170623 0.015523982381463122 -0.01026301749150282 0.0074573425812887884 0.0045031642041261826 0.021033718687063101 0.017511632027933183
leaf_weight=18.594026282429695 4.3224162906408337 3.5107115954160681 4.0608655512332907 2.9856458306312561 17.335327118635174 5.3263708055019379 3.3845362812280646 24.909746542572979 4.6171658486127836 2.4804638475179663 2.8152669817209235 15.372411176562311 48.183199167251587 2.7698612064123154 3.5801450610160819 21.831489562988281 16.741835862398148
leaf_count=75 16 14 16 10 66 18 12 91 17 9 11 53 189 10 13 73 57
internal_value=0.00175171 0.00940196 -0.00953377 0.00181671 0.00161194 0.00270858 0.0160382 0.000641518 0.0113899 -0.0106158 -0.0111775 0.0111489 -0.0120352 -0.000743446 0.0134949 0.0187265 0.019531
internal_weight=202.821 120.932 81.8893 7.04651 55.6993 52.1886 65.2328 42.2451 9.94354 74.8428 72.3624 23.275 66.7772 5.58513 18.9526 41.9579 38.5733
internal_count=750 430 320 26 206 192 224 157 35 294 285 82 264 21 66 142 130
is_linear=0
shrinkage=0.01


Tree=5
num_leaves=20
num_cat=0
split_feature=11 26 71 17 56 1 7 2 18 17 7 41 41 31 54 31 18 22 31
split_gain=171.667 61.0171 9.9618 15.1307 13.8722 8.28341 8.1618 8.6022 8.30468 8.09356 7.80924 6.18688 5.74271 5.47963 3.3767 3.18314 3.02479 2.83913 0.763761
threshold=18.439999580383304 0.0018064273754134776 74913.425781250015 26539.500000000004 0.8114321529865266 961272.50000000012 2.9118626117706303 7038409.0000000009 234907.50000000003 26539.500000000004 1.9612647891044619 0.64198589324951183 2.2107814550399785 -2.6845155954360957 0.44113880395889288 6.0854976177215585 374307.00000000006 -48169.503906249993 1.6117005348205569
decision_type=2 2 2 2 2 2 2 2 2 2 2 2 2 2 2 2 2 2 2
left_child=2 9 4 -4 5 11 7 10 -9 13 -3 -1 14 -2 -6 -15 -7 -11 -19
right_child=1 6 3 -5 12 16 -8 8 -10 17 -12 -13 -14 15 -16 -17 -18 18 -20
leaf_value=-0.0037378376979054491 0.00062465803661896583 0.0081835656278472328 -0.011556744748437636 0.017812929640287471 -0.0095693145144772063 -0.017613023666520549 0.017848838234991272 -0.0079098097785214889 0.0022503861031893096 0.0091649495776979523 -0.0095674860173934114 0.010813489968259348 0.00096007045039408459 0.015353553343154787 -0.016030815708259608 0.0044567144584608661 -0.0038589446738834404 0.020803162334441502 0.017321203980297194
leaf_weight=14.200070098042493 4.3226274251937893 17.884702384471897 3.8078689873218527 3.2374969869852066 11.723687797784804 5.1701012402772895 2.931943714618682 15.244915470480917 16.812344208359718 3.3864815235137931 2.8280712366104117 3.6680939346551886 2.4298253804445258 15.387541279196741 34.94230817258358 3.5812786221504203 2.6157895624637604 21.852596908807755 16.756558686494827
leaf_count=54 16 64 15 11 46 21 10 59 62 12 11 13 9 53 141 13 10 73 57
internal_value=0.0017347 0.00930401 -0.00944937 0.00179731 -0.0105228 -0.00450486 0.00159572 0.000673734 -0.00255013 0.0158653 0.0057116 -0.00069468 -0.013647 0.0110304 -0.014429 0.013349 -0.0131206 0.018523 0.0193179
internal_weight=202.784 120.989 81.7952 7.04537 74.7499 25.6541 55.702 52.77 32.0573 65.2871 20.7128 17.8682 49.0958 23.2914 46.666 18.9688 7.78589 41.9956 38.6092
internal_count=750 430 320 26 294 98 206 196 121 224 75 67 196 82 187 66 31 142 130
is_linear=0
shrinkage=0.01


Tree=6
num_leaves=20
num_cat=0
split_feature=11 26 71 19 56 46 64 24 41 45 31 23 41 10 33 72 46 39 45
split_gain=168.313 59.738 9.78343 18.229 13.6438 9.46497 8.95447 8.1629 7.99656 6.92025 6.84663 6.20968 5.65034 5.29694 4.47647 4.25091 3.74957 2.64115 2.17142
threshold=18.439999580383304 0.0018064273754134776 74913.425781250015 6425.3449707031259 0.8114321529865266 -0.96636253595352162 0.28124563395977026 334.50000000000006 0.64198589324951183 -0.30985337495803827 2.1005116701126103 3.5000000000000004 2.2107814550399785 -9.4000002718530582e-05 -1.4635440707206724 -950622.56249999988 1.393467962741852 -0.1001760959625244 -0.67785224318504322
decision_type=2 2 2 2 2 2 2 2 2 2 2 2 2 2 2 2 2 2 2
left_child=2 11 4 -4 7 -3 10 8 -1 -8 -7 13 16 18 -13 -15 -6 -16 -2
right_child=1 5 3 -5 12 6 9 -9 -10 -11 -12 14 -14 15 17 -17 -18 -19 -20
leaf_value=-0.0094513168206953185 0.019180549078561055 -0.014283414738813702 -0.011890265704985744 0.020621470137342193 -0.015521291001415777 0.0024802413765764842 0.018986371687596714 0.009929237987068646 0.0062372953748267177 0.0019999119745407103 -0.0081961484465894411 0.0074878887399878807 0.00095038833300615589 -0.0059031170265901583 0.01322865080896927 0.010189009777803548 -0.0072539117598140945 0.019617164948378736 0.0079324672135274357
leaf_weight=18.406762748956687 5.3283525556325904 3.5049326866865149 4.0516405552625647 2.9920585155487061 39.642282754182816 35.012350857257843 5.3338155150413513 3.3674642890691748 3.8651667833328238 4.6200553178787214 7.234089031815528 4.4859074354171744 2.4300316125154486 2.8851820081472397 9.2264504879713041 3.6841140985488883 6.9376259297132483 36.633082136511803 3.0884320288896552
leaf_count=72 18 14 16 10 160 129 18 12 14 17 28 16 9 11 32 13 27 123 11
internal_value=0.00171789 0.00920779 -0.00936693 0.00177826 -0.010432 0.00157965 0.00266391 -0.0044628 -0.00668375 0.0112026 0.000628394 0.0156967 -0.0135343 0.00988955 0.0174054 0.00296925 -0.0143114 0.0183537 0.015172
internal_weight=202.73 121.037 81.693 7.0437 74.6493 55.7052 52.2003 25.6394 22.2719 9.95387 42.2464 65.3315 49.0099 14.9861 50.3454 6.5693 46.5799 45.8595 8.41678
internal_count=750 430 320 26 294 206 192 98 86 35 157 224 196 53 171 24 187 155 29
is_linear=0
shrinkage=0.01


Tree=7
num_leaves=25
num_cat=0
split_feature=11 56 71 19 54 22 9 18 35 61 29 34 36 3 17 10 62 10 31 3 49 34 60 4
split_gain=165.029 26.5588 9.60751 17.8635 13.4287 8.30613 8.14019 11.3929 7.92455 7.07916 10.6346 6.72695 6.11458 5.19828 4.92041 7.71348 4.72754 4.04967 2.57405 9.68268 2.45412 1.4479 1.3184 0.960084
threshold=18.439999580383304 13.398769855499269 74913.425781250015 6425.3449707031259 0.75373369455337536 20035.640625000004 305827216.00000006 81384.000000000015 1.5225622057914736 36.666650772094734 0.056862799450755126 -1.1651257276535032 -1.3314724564552305 -193885.99999999997 26539.500000000004 -9.4000002718530582e-05 0.32586789131164556 -1.0000000180025095e-35 4.5010938644409189 -193885.99999999997 -0.55969884991645802 1.0461226701736452 0.00024691155704203999 183474.14062500003
decision_type=2 2 2 2 2 2 2 2 2 2 2 2 2 2 2 2 2 2 2 2 2 2 2 2
left_child=2 6 4 -4 5 8 7 23 -1 10 20 -9 -8 -14 15 -11 -16 -12 21 -20 -3 -6 -7 -2
right_child=1 9 3 -5 18 22 12 11 -10 14 17 -13 13 -15 16 -17 -18 -19 19 -21 -22 -23 -24 -25
leaf_value=-0.0011996458481647997 -0.0083131283749049417 0.020655649734244823 -0.011786932450645474 0.020398178097041256 -0.017039133423977254 -0.017629213055656904 -0.0018381468070139289 0.014238114870888366 -0.017472786248415955 0.014784000132489424 -0.010961319372179932 -0.00032602027700950458 0.0030837554054237515 0.015121434301072954 0.017558002692880256 0.0023433999305286623 0.0041162180235061298 0.0048931114019005245 0.0040463479639225057 -0.017414874971226017 0.0093088364385300743 -0.010668851081311589 -0.0080647458755183019 -0.017764164589112331
leaf_weight=24.367511421442035 2.5681163668632534 3.2888562679290763 4.0463154166936866 2.9945502877235413 24.323591142892841 5.6609985530376417 5.0673486441373852 4.0159788578748747 3.4431921094655982 14.504204466938974 3.3236492872238159 14.499715924262997 6.0120093524456051 9.8512968868017143 35.07503080368042 7.9098396301269522 3.0418815910816184 3.0286124199628821 3.2472712397575378 5.6412138789892179 5.9217437654733649 5.300941362977027 2.5600449442863464 2.9662815779447556
leaf_count=92 10 11 16 10 99 23 19 14 14 50 13 54 22 34 119 29 11 11 12 23 21 21 10 12
internal_value=0.00170148 0.00911324 -0.00928545 0.00175969 -0.0103421 -0.005907 0.00299241 -0.000939282 -0.00325035 0.0127183 0.00658271 0.00277887 0.00755785 0.0106223 0.0142792 0.0104384 0.0165115 -0.00324487 -0.0144655 -0.00946184 0.013469 -0.015933 -0.0147725 -0.0135593
internal_weight=202.66 121.075 81.5856 7.04087 74.5448 36.0317 44.9807 24.0501 27.8107 76.0938 15.5629 18.5157 20.9307 15.8633 60.531 22.414 38.1169 6.35226 38.513 8.88849 9.2106 29.6245 8.22104 5.5344
internal_count=750 430 320 26 294 139 165 90 106 265 56 68 75 56 209 79 130 24 155 35 32 120 33 22
is_linear=0
shrinkage=0.01


Tree=8
num_leaves=21
num_cat=0
split_feature=71 26 41 17 56 2 7 47 55 38 50 33 7 55 12 34 2 39 54 57
split_gain=150.266 49.2753 17.2592 14.8319 12.6115 9.26772 10.0436 8.68408 8.55738 7.39822 11.4824 6.75073 6.60446 5.75981 6.55965 5.28698 4.96364 3.56404 2.55412 0.693804
threshold=11921.247558593752 0.0014285732759162786 2.3599539995193486 23753.500000000004 0.8114321529865266 7038409.0000000009 2.9118626117706303 0.19636292010545733 0.30347417294979101 -1.0711275339126585 -0.062581568956375108 -1.4635440707206724 1.0944562554359438 -2.9034163951873775 197335936.00000003 -0.64827111363410939 7038409.0000000009 8.4579024314880389 0.44113880395889288 1.6530030965805056
decision_type=2 2 2 2 2 2 2 2 2 2 2 2 2 2 2 2 2 2 2 2
left_child=2 3 4 9 7 13 8 12 -7 10 -2 -5 -1 -3 -15 -9 18 -11 -6 -13
right_child=1 5 -4 11 16 6 -8 15 -10 17 -12 19 -14 14 -16 -17 -18 -19 -20 -21
leaf_value=-0.016100349346880226 0.020356280053732724 0.016588938113113294 0.012395703963352418 0.0060757935101327185 -0.0097964065110182196 -0.0069959524193352772 0.017261384440712818 -0.0083569276993205165 0.0034533063303181072 0.017905683954902558 -0.0030438584612415016 0.016068909010196544 -0.0012273073605606284 -0.0011674692260747849 0.010589745691769199 0.0057349433264323691 0 0.0055401437384895577 -0.01566304824427843 0.019945941542676777
leaf_weight=7.9169827848672885 2.6951513886451712 4.6840483546257046 3.4312322586774817 4.7315469831228247 10.891369447112082 20.481588542461395 2.6350919008254996 3.8483875989913932 12.551189363002775 7.0837077647447568 9.289177745580675 9.3911896347999555 5.0392301678657532 10.426868841052057 8.5116515904664976 8.5022416561841947 2.6667664647102347 3.8835960775613785 34.002757743000984 29.926901787519455
leaf_count=32 9 16 12 17 43 79 9 15 46 24 35 32 19 39 30 31 10 14 138 100
internal_value=0.00168488 0.00838316 -0.00938916 0.0142612 -0.0104287 0.00172383 -0.00147079 -0.00466481 -0.00299536 0.0076658 0.00213515 0.0176749 -0.0103928 0.00658974 0.00406384 0.00126303 -0.0134746 0.0136181 -0.0142621 0.0190453
internal_weight=202.591 126.292 76.299 67.0013 72.8677 59.2904 35.6679 25.3068 33.0328 22.9516 11.9843 44.0496 12.9562 23.6226 18.9385 12.3506 47.5609 10.9673 44.8941 39.3181
internal_count=750 450 300 231 288 219 134 97 125 82 44 149 51 85 69 46 191 38 181 132
is_linear=0
shrinkage=0.01


Tree=9
num_leaves=20
num_cat=0
split_feature=11 26 46 4 56 64 1 35 45 38 23 10 41 7 33 72 60 8 57
split_gain=158.966 56.6976 9.2284 9.22452 11.2349 8.57544 8.45645 7.04927 6.74019 5.98356 5.88736 5.05012 4.88468 4.28291 4.28069 4.10692 3.05296 2.18727 2.0674
threshold=18.439999580383304 0.0018064273754134776 -0.96636253595352162 1519242.7500000002 0.8114321529865266 0.28124563395977026 961272.50000000012 -1.1014665961265562 -0.30985337495803827 1.2186548113822939 3.5000000000000004 -9.4000002718530582e-05 2.3599539995193486 1.5777072906494143 -1.4635440707206724 -950622.56249999988 0.00036560762964654719 0.72939997911453258 0.98012837767601024
decision_type=2 2 2 2 2 2 2 2 2 2 2 2 2 2 2 2 2 2 2
left_child=3 10 -3 4 6 7 9 -4 -7 -1 11 17 13 -6 -12 -13 -8 -2 -16
right_child=1 2 5 -5 12 8 16 -9 -10 -11 14 15 -14 -15 18 -17 -18 -19 -20
leaf_value=-0.0035593402623507399 0.0096070221779698557 -0.014175811698439353 -0.0042936155585361563 0.0057715469690307695 -0.014021070566216312 0.01859696426129814 -0.017348712479287116 0.0040041302213275794 0.0018426064672964334 0.010754448621468396 0.0072162511238362146 -0.0058867320490078954 0.00085779179340209641 -0.0011207772971464378 0.013503296650474544 0.0099284473384655108 -0.0036195327237839555 0.020488003550619728 0.019043264526540156
leaf_weight=14.169393777847295 4.5394381880760175 3.498952940106391 17.320631638169285 3.869087189435958 46.328507617115974 5.3411016315221786 5.390432357788085 24.935861572623256 4.6247688084840757 3.6695816516876212 4.4910046607255927 2.8843828737735748 2.4320834428071967 2.9044139534234992 10.135780453681944 3.6888246536254874 2.6065214574337006 3.892460823059082 35.774708718061447
leaf_count=54 16 14 66 14 187 18 22 91 17 13 16 11 9 11 35 13 10 13 120
internal_value=0.00166885 0.00893496 0.00150262 -0.00913524 -0.00989233 0.00257224 -0.0044481 0.000579279 0.0109223 -0.000558853 0.0152515 0.009597 -0.0125955 -0.0132804 0.016915 0.00283647 -0.0129989 0.0147487 0.017842
internal_weight=202.498 121.128 55.7213 81.37 77.5009 52.2224 25.8359 42.2565 9.96587 17.839 65.4066 15.0051 51.665 49.2329 50.4015 6.57321 7.99695 8.4319 45.9105
internal_count=750 430 206 320 306 192 99 157 35 67 224 53 207 198 171 24 32 29 155
is_linear=0
shrinkage=0.01


Tree=10
num_leaves=19
num_cat=0
split_feature=11 26 4 54 58 46 67 62 11 15 17 50 11 36 39 22 41 34
split_gain=155.898 55.5531 9.06035 10.2742 10.7296 9.05701 8.98023 8.2494 10.1317 8.50245 7.39371 5.26796 8.55408 3.69085 3.42388 2.73436 2.0759 0.54634
threshold=18.439999580383304 0.0018064273754134776 1519242.7500000002 0.75373369455337536 231424.00000000003 -0.96636253595352162 -4.218754529953002 0.24776395410299304 55.500000000000007 0.12499999627470972 26539.500000000004 -0.029420232400298115 48.220001220703132 0.89889970421791088 5.1128616333007821 -48169.503906249993 1.8433930277824404 -1.4026446938514707
decision_type=2 2 2 2 2 2 2 2 2 2 2 2 2 2 2 2 2 2
left_child=2 10 3 4 6 -3 -1 9 -9 -7 11 -2 -13 -6 16 -12 -5 -17
right_child=1 5 -4 14 13 7 -8 8 -10 -11 15 12 -14 -15 -16 17 -18 -19
leaf_value=-0.017359859579624319 0.018724806949589532 -0.014058418848880361 0.005711616288373517 -0.014827283238980622 -0.016212259146807212 0.0039527202554389216 0.0014510569916235598 0.016869671797528709 -0.00088614496395209887 -0.0056054501077329533 0.0084708580128348039 -0.0010890260851931031 0.013177976433813528 -0.0059373519035455834 -0.0028669599604776354 0.012986622877430796 -0.005711352693965656 0.018826998496026509
leaf_weight=2.9473615735769298 5.9410351812839535 3.4929188638925543 3.8705800771713248 34.703278005123138 9.3669794648885709 24.058910727500916 17.925818160176277 7.6266973912715894 5.3765507191419601 15.163684025406836 3.3954966068267813 6.7291174978017834 10.675806492567061 6.1879345625638953 3.1634720116853705 2.8978154212236396 3.0899268090724936 35.779022052884102
leaf_count=12 20 14 14 141 38 88 67 26 20 58 12 25 37 24 12 10 12 120
internal_value=0.00165312 0.00884534 -0.00905687 -0.00980848 -0.00589529 0.00148764 -0.0011572 0.00254652 0.00945114 0.00023198 0.0150968 0.0104773 0.00760459 -0.0121891 -0.0132646 0.0176365 -0.0141084 0.0184153
internal_weight=202.392 121.137 81.2554 77.3848 36.4281 55.7188 20.8732 52.2258 13.0032 39.2226 65.4183 23.346 17.4049 15.5549 40.9567 42.0723 37.7932 38.6768
internal_count=750 430 320 306 141 206 79 192 46 146 224 82 62 62 165 142 153 130
is_linear=0
shrinkage=0.01


Tree=11
num_leaves=21
num_cat=0
split_feature=70 26 41 17 56 46 47 62 45 16 4 0 6 33 70 61 46 55 28 43
split_gain=141.265 45.1914 14.7839 13.5162 12.8745 9.80348 8.98577 8.83215 10.9837 8.88113 8.40651 7.88446 5.98002 5.78149 7.03254 5.21866 3.84508 3.61196 2.57401 0.473587
threshold=12638.773925781252 0.0018064273754134776 2.2107814550399785 23753.500000000004 0.8114321529865266 -0.96636253595352162 0.19636292010545733 0.24776395410299304 -0.28670299053192133 0.12499999627470972 1147297.3125000002 228333.00000000003 -62073827327.999992 -1.2964009046554563 206712.00781250003 295.83566284179693 1.2828238606452944 -0.18110813945531842 -617.49999999999989 28551.065429687504
decision_type=2 2 2 2 2 2 2 2 2 2 2 2 2 2 2 2 2 2 2 2
left_child=2 3 4 10 6 -3 11 9 -9 -7 15 -1 -8 14 -5 -2 18 -18 -6 -15
right_child=1 5 -4 13 16 7 12 8 -10 -11 -12 -13 -14 19 -16 -17 17 -19 -20 -21
leaf_value=-0.015958156983486328 0.013776460230267649 -0.01418620196041482 0.010191896028555565 -0.00141086902389435 -0.0053934494309094329 0.0039330158035880344 -0.0035805876773425355 0.017750420362078766 -0.00036955783412063239 -0.0057477318474591687 -0.0048944450783554982 0.00019008154564641153 0.010924590606066691 0.01395490506580553 0.015721685707198781 0.0026801259774339309 -0.013973216511666917 -0.00019105695210419271 -0.015460123539574913 0.019141753290489092
leaf_weight=8.372591048479082 13.323669761419302 3.7321197837591162 3.6788665801286689 3.4763388037681562 3.0746336579322806 24.604754403233528 7.5904172658920288 7.3862403631210327 5.9211010187864286 15.401892989873884 4.4611811488866797 4.543070286512374 4.5005040019750577 3.4929859787225714 7.0444536060094833 6.5761992484331122 3.7100683450698853 4.2103351205587378 35.500159353017807 31.678362682461739
leaf_count=34 46 15 13 13 12 90 29 25 22 59 17 17 16 12 24 24 15 16 145 106
internal_value=0.00163735 0.00806876 -0.0092222 0.0134514 -0.0102351 0.00144131 -0.00438923 0.00255403 0.00961279 0.000181093 0.00736188 -0.0102006 0.00173585 0.0166762 0.0099656 0.0101598 -0.0133576 -0.00677314 -0.0146837 0.0186551
internal_weight=202.28 127.099 75.1806 70.0532 71.5018 57.0461 25.0066 53.314 13.3073 40.0066 24.3611 12.9157 12.0909 45.6921 10.5208 19.8999 46.4952 7.9204 38.5748 35.1713
internal_count=750 453 297 242 284 211 96 196 47 149 87 51 45 155 37 70 188 31 157 118
is_linear=0
shrinkage=0.01


Tree=12
num_leaves=20
num_cat=0
split_feature=71 26 41 19 56 2 7 18 63 28 24 41 55 12 2 33 46 30 62
split_gain=139.304 45.5273 16.2595 12.3475 11.9769 8.86615 9.70687 8.41103 8.38459 10.912 8.25801 6.09891 5.50942 6.27665 4.70538 3.5222 2.53656 0.594591 0.479898
threshold=11921.247558593752 0.0014285732759162786 2.3599539995193486 5374.8510742187509 0.8114321529865266 7038409.0000000009 2.9118626117706303 234907.50000000003 0.086275752633810057 -1383.2499999999998 334.50000000000006 0.64198589324951183 -2.9034163951873775 197335936.00000003 7038409.0000000009 -1.4635440707206724 1.393467962741852 0.32573550939559942 0.057777747511863715
decision_type=2 2 2 2 2 2 2 2 2 2 2 2 2 2 2 2 2 2 2
left_child=2 3 4 8 10 12 7 -7 18 -10 11 -1 -3 -14 16 -5 -6 -17 -2
right_child=1 5 -4 15 14 6 -8 -9 9 -11 -12 -13 13 -15 -16 17 -18 -19 -20
leaf_value=-0.0090985127557846462 0.012862585676347311 0.016188964876752608 0.012038786780982776 0.0087485521369296774 -0.014858559351650358 -0.0082047216338124434 0.016933370749907237 0.0018604367574286099 -0.011407528828368379 0.0081901590430136836 0.0099890573967161052 0.0050416557512205726 -0.0011753664063880915 0.010323536447634897 0 0.01846228977422178 -0.0076637238961190261 0.012487931177128589 0.019781374804590548
leaf_weight=18.30781368911267 2.8968106210231808 4.6888719201087978 3.4360772669315329 5.085093066096305 38.184877440333366 15.943767890334128 2.6379567831754676 17.068721488118172 3.5637526214122817 13.511478692293164 3.3638027459383002 3.5630271434783927 10.424370080232622 8.5157025605440122 2.6600268483161917 34.867521345615387 6.3369947224855414 2.8977578431367865 4.197020947933197
leaf_count=72 10 16 12 18 156 62 9 63 14 48 12 13 39 30 10 117 25 10 14
internal_value=0.00162186 0.00805928 -0.00908363 0.013708 -0.0100997 0.0016562 -0.00146953 -0.00297036 0.0079147 0.00404138 -0.00447833 -0.00674918 0.00641449 0.00394189 -0.013085 0.0169522 -0.0138569 0.0180304 0.017097
internal_weight=202.151 126.299 75.8526 67.0194 72.4165 59.2794 35.6504 33.0125 24.1691 17.0752 25.2346 21.8708 23.6289 18.9401 47.1819 42.8504 44.5219 37.7653 7.09383
internal_count=750 450 300 231 288 219 134 125 86 62 97 85 85 69 191 145 181 127 24
is_linear=0
shrinkage=0.01


Tree=13
num_leaves=21
num_cat=0
split_feature=11 26 71 19 56 24 41 17 64 17 17 28 59 29 31 41 31 22 23 31
split_gain=147.616 52.4902 8.61559 16.9177 12.4892 7.74586 7.55043 6.97022 6.73519 7.84577 9.63605 5.98635 5.67902 5.87161 5.16568 5.02651 3.03399 2.64671 2.06931 0.744597
threshold=18.439999580383304 0.0018064273754134776 74913.425781250015 6425.3449707031259 0.8114321529865266 334.50000000000006 0.64198589324951183 26539.500000000004 0.28124563395977026 7922.0000000000009 47273.500000000007 -204.56249999999997 2.9705882072448735 0.31856721639633184 -2.6845155954360957 2.2107814550399785 6.0854976177215585 -48169.503906249993 287.50000000000006 1.6117005348205569
decision_type=2 2 2 2 2 2 2 2 2 2 2 2 2 2 2 2 2 2 2 2
left_child=2 7 4 -4 5 6 -1 14 9 11 -11 -3 -10 -14 -2 18 -16 -9 -6 -19
right_child=1 8 3 -5 15 -7 -8 17 12 10 -12 -13 13 -15 16 -17 -18 19 -20 -21
leaf_value=-0.009018627422144149 0.00010252132812888722 0.0020380735226405442 -0.01160403850444809 0.019729825665247891 -0.014514511589203787 0.0098797589236932805 0.0062370920188075229 0.0081255243146700455 0.017785565339527156 0.01165797794497051 -0.00083922324567535912 -0.014049610693243276 0.013380492221601021 -0.0055736815966157659 0.014386119785041292 0.00077317153975566314 0.0037725811760769916 0.019364704753381364 -0.0081568803533928411 0.01595693337485099
leaf_weight=18.285393521189697 4.3346026837825802 3.5080804079771042 4.0345252603292456 2.9972304999828339 39.122759506106377 3.3669895976781836 3.8637579381465903 3.3962676972150794 4.1426045596599561 7.9308461397886267 27.284164875745773 6.2695346623659116 2.8914988338947296 3.6808621883392334 15.432616233825685 2.4325382858514777 3.5917944163084021 21.866042256355286 6.7981402426958075 16.780209183692932
leaf_count=72 16 13 16 10 160 12 14 12 14 28 102 25 10 14 53 9 13 73 27 57
internal_value=0.00160699 0.00859782 -0.00884591 0.00160956 -0.00985472 -0.00413642 -0.00631223 0.0146754 0.00144464 -0.000230586 0.0019469 -0.00817529 0.00857234 0.00261302 0.0101892 -0.0128516 0.0124349 0.0171442 -0.0135951 0.0179109
internal_weight=202.01 121.109 80.9013 7.03176 73.8696 25.5161 22.1492 65.4015 55.7076 44.9926 35.215 9.77762 10.715 6.57236 23.359 48.3534 19.0244 42.0425 45.9209 38.6463
internal_count=750 430 320 26 294 98 86 224 206 168 130 38 38 24 82 196 66 142 187 130
is_linear=0
shrinkage=0.01


Tree=14
num_leaves=18
num_cat=0
split_feature=11 59 56 38 67 2 4 56 41 21 41 71 56 48 17 46 31
split_gain=144.802 23.5673 12.5259 10.9797 10.5392 10.6637 8.49249 10.5398 6.67384 6.18588 4.45421 3.61461 2.71129 2.67094 1.87301 3.07668 1.67772
threshold=18.439999580383304 0.41494457423686987 4.9851562976837167 -1.4967882633209226 4.6730723381042489 5684512.5000000009 1519242.7500000002 0.8114321529865266 0.64198589324951183 74975.500000000015 2.3599539995193486 74913.425781250015 2.6342601776123051 -0.59574189782142628 23753.500000000004 -0.36171983182430262 0.82155835628509533
decision_type=2 2 2 2 2 2 2 2 2 2 2 2 2 2 2 2 2
left_child=6 14 3 -3 5 -4 7 8 9 -1 11 -9 -5 -6 15 16 -2
right_child=1 2 4 12 13 -7 -8 10 -10 -11 -12 -13 -14 -15 -16 -17 -18
leaf_value=-0.008883798830877157 0.0018024829416184301 0.007930338155941739 0.010621169661096126 -0.0041767064648099688 0.0071402037658513662 0.0026414589928362791 0.0055262790258796294 -0.013492027328157167 0.0072513661234641083 0.0054057782831728567 0.0006721012981253711 -0.0016011810973144394 -0.018053086369042452 0.018409463934294015 0.01875058038569772 0.02014675360975789 0.01320413391535449
leaf_weight=18.029254943132408 2.7464524060487747 4.463782861828804 28.502670735120773 2.62092576920986 3.0903766900300971 41.708251431584358 3.8665974587202063 45.808704391121864 4.1647762954235068 3.5495549738407126 2.4355202764272681 2.9113536328077307 3.7151677459478378 9.8308190107345563 17.917836263775826 3.5949769914150256 2.8963663578033447
leaf_count=71 10 16 100 10 11 153 14 187 15 13 9 11 15 33 60 12 10
internal_value=0.00159241 0.00851385 0.00612497 -0.00394614 0.00744536 0.00589513 -0.00877214 -0.00950409 -0.00422551 -0.00648693 -0.0121409 -0.012802 -0.0124709 0.0157916 0.0167402 0.0127326 0.00783198
internal_weight=201.853 121.088 93.932 10.7999 83.1321 70.2109 80.7658 76.8992 25.7436 21.5788 51.1556 48.7201 6.33609 12.9212 27.1556 9.2378 5.64282
internal_count=750 430 338 41 297 253 320 306 99 84 207 198 25 44 92 32 20
is_linear=0
shrinkage=0.01


Tree=15
num_leaves=19
num_cat=0
split_feature=11 59 56 38 33 71 19 54 58 9 66 46 53 56 64 56 17 47
split_gain=142.029 23.1234 12.2764 10.773 9.54179 8.31588 16.575 12.31 9.884 8.05826 7.51975 6.5488 3.53727 2.66434 2.22002 3.22179 1.84196 4.60993
threshold=18.439999580383304 0.41494457423686987 4.9851562976837167 -1.4967882633209226 -1.267381966114044 74913.425781250015 6425.3449707031259 0.75373369455337536 231424.00000000003 292761712.00000006 -1.2014678120613096 -0.77985116839408863 -0.65639555454254139 2.6342601776123051 0.33102428913116461 0.50114305317401897 23753.500000000004 -0.22657093405723569
decision_type=2 2 2 2 2 2 2 2 2 2 2 2 2 2 2 2 2 2
left_child=5 16 3 -3 11 7 -7 8 10 -6 -1 -4 -10 -5 15 -9 17 -2
right_child=1 2 4 13 9 6 -8 14 12 -11 -12 -13 -14 -15 -16 -17 -18 -19
leaf_value=-0.010944197382706118 0.019947894823869345 0.0078467059164447159 0.011579903182561899 -0.0041366106196581327 0.0050629585630788581 -0.011516872451842129 0.019508069925913002 -0.0031911189300489842 -0.0018083451945907698 0.011970189819124745 0.00264463991204914 -0.0044172685931418995 -0.014157165648271224 -0.017903942080225818 -0.0049912033291666233 -0.01528893694783234 0.018576268721244169 0.0054361632473815267
leaf_weight=5.5360064059495935 4.4954436421394348 4.4662329256534576 3.4313501864671698 2.6198720782995206 31.518115669488907 4.0290655791759482 2.9968781471252441 2.5909943729639044 3.1248815208673468 38.160063683986664 15.2560103982687 10.029700264334677 11.829281136393545 3.7086870819330215 3.052453711628913 32.218717887997627 17.905171021819115 4.7442527562379855
leaf_count=22 15 16 12 10 114 16 10 10 12 133 57 38 48 15 12 133 60 17
internal_value=0.00157788 0.00842982 0.00606379 -0.00390858 0.00737064 -0.00869844 0.00157432 -0.00969257 -0.00543724 0.00886014 -0.000925379 -0.000265148 -0.0116436 -0.0123626 -0.0136837 -0.0144172 0.0165805 0.0126049
internal_weight=201.713 121.079 93.934 10.7948 83.1392 80.6343 7.02594 73.6083 35.7462 69.6782 20.792 13.4611 14.9542 6.32856 37.8622 34.8097 27.1449 9.2397
internal_count=750 430 338 41 297 320 26 294 139 247 79 50 60 25 155 143 92 32
is_linear=0
shrinkage=0.01


Tree=16
num_leaves=20
num_cat=0
split_feature=11 26 46 4 56 1 9 39 45 38 23 42 41 7 72 33 36 39 8
split_gain=139.323 50.419 8.69511 8.22721 10.2877 8.2648 7.14242 10.2505 10.1146 5.72257 5.35426 4.87387 4.36867 4.05178 3.9734 3.95919 2.93805 2.39069 2.11146
threshold=18.439999580383304 0.0018064273754134776 -0.96636253595352162 1519242.7500000002 0.8114321529865266 961272.50000000012 314032208.00000006 5.6868224143981942 -0.30985337495803827 1.2186548113822939 3.5000000000000004 -9.4000002718530582e-05 2.3599539995193486 1.5777072906494143 -950622.56249999988 -1.4635440707206724 -0.97869277000427235 -0.1001760959625244 0.72939997911453258
decision_type=2 2 2 2 2 2 2 2 2 2 2 2 2 2 2 2 2 2 2
left_child=3 10 -3 4 5 9 7 -4 -8 -1 11 18 13 -6 -13 -12 -7 -17 -2
right_child=1 2 6 -5 12 16 8 -9 -10 -11 15 14 -14 -15 -16 17 -18 -19 -20
leaf_value=-0.0032345933024159734 0.0089252578598092904 -0.013917181536269876 -0.00477464944895248 0.0054482152173150611 -0.01334876227475385 -0.0034003814079941385 0.0130017049537225 0.0083332259869573749 -6.5175001013796101e-05 0.010779201379029886 0.0065698965218765901 -0.0062942348109599443 0.0007260829683827792 -0.00074719641944595528 0.0092655593224412434 0.011912720456219123 -0.016915778668107936 0.017994893346201239 0.019598266196579003
leaf_weight=14.10361827909947 4.5440037101507169 3.4831892699003211 20.452677413821224 3.8638172447681418 45.612454071640968 2.5942557603120804 11.806637197732927 8.4011053144931775 11.58599868416786 3.667676553130149 4.4949891418218604 2.8898635804653168 2.4344072490930548 2.881548509001731 3.6953170597553244 9.2286829203367216 5.3392949700355521 36.589175686240196 3.8969012200832367
leaf_count=54 16 14 78 14 187 10 41 30 43 13 16 11 9 11 13 32 22 123 13
internal_value=0.0015631 0.00834648 0.00133913 -0.00862676 -0.00934947 -0.00413248 0.00237538 -0.000923486 0.00648714 -0.000286127 0.014308 0.0089164 -0.011963 -0.0126206 0.00228539 0.0158983 -0.0126223 0.0167916 0.0139711
internal_weight=201.566 121.069 55.7296 80.4971 76.6333 25.7048 52.2464 28.8538 23.3926 17.7713 65.3389 15.0261 50.9284 48.494 6.58518 50.3128 7.93355 45.8179 8.4409
internal_count=750 430 206 320 306 99 192 108 84 67 224 53 207 198 24 171 32 155 29
is_linear=0
shrinkage=0.01


Tree=17
num_leaves=20
num_cat=0
split_feature=11 26 46 7 56 47 58 41 64 7 35 45 23 42 34 29 33 39 45
split_gain=136.685 49.4671 8.5348 8.0854 9.60836 8.39542 8.08235 8.90581 7.66953 6.82441 6.73327 6.29043 5.26015 4.77803 4.4651 3.90521 3.88818 2.34997 2.04694
threshold=18.439999580383304 0.0018064273754134776 -0.96636253595352162 1.6782447099685671 0.8114321529865266 0.19636292010545733 -5961727.9999999991 2.2107814550399785 0.28124563395977026 1.0944562554359438 -1.1014665961265562 -0.30985337495803827 3.5000000000000004 -9.4000002718530582e-05 -0.64827111363410939 0.090979229658842101 -1.4635440707206724 -0.1001760959625244 -0.67785224318504322
decision_type=2 2 2 2 2 2 2 2 2 2 2 2 2 2 2 2 2 2 2
left_child=3 12 -3 4 5 9 -6 -8 10 -1 -4 -10 13 18 -7 -15 -14 -18 -2
right_child=1 2 8 -5 6 14 7 -9 11 -11 -12 -13 16 15 -16 -17 17 -19 -20
leaf_value=-0.015486210480140292 0.017708137065149881 -0.013804510743611687 -0.0042991315262395566 0.0065750758175040919 0.0017122368162898144 -0.0073530382754292039 -0.013792578199189297 0.0053902069336262013 0.017656892565791799 -9.5694054635951832e-05 0.0038109936102468686 0.0014780543538305013 0.0065040007085264652 0.010420026914469483 0.0059043695976387315 -0.0049051732006270771 0.011797059483993927 0.017831420579984988 0.0068237304203932194
leaf_weight=7.8186165094375628 5.3440261930227271 3.4765357673168173 17.314366742968556 3.3092447072267523 4.0448604375123969 3.5824014246463767 45.875353366136551 2.4775768965482703 5.3424664884805679 4.7709531337022781 24.957270383834842 4.632337883114813 4.4951243847608557 3.1444035321474066 8.4810075014829618 3.4403718560934067 9.2259846031665784 36.555532425642014 3.0960990041494361
leaf_count=32 18 14 66 12 15 14 189 9 18 18 91 17 16 11 31 13 32 123 11
internal_value=0.00154887 0.00826629 0.00132551 -0.0085553 -0.00921811 -0.00400778 -0.0116505 -0.012789 0.00235142 -0.00973324 0.000465448 0.0102436 0.0141737 0.0088286 0.0018845 0.00226115 0.0157511 0.0166372 0.0138339
internal_weight=201.385 121.025 55.723 80.36 77.0508 24.653 52.3978 48.3529 52.2464 12.5896 42.2716 9.9748 65.3015 15.0249 12.0634 6.58478 50.2766 45.7815 8.44013
internal_count=750 430 206 320 308 95 213 198 192 50 157 35 224 53 45 24 171 155 29
is_linear=0
shrinkage=0.01


Tree=18
num_leaves=19
num_cat=0
split_feature=71 26 41 17 54 24 1 46 62 14 67 38 50 33 65 33 31 57
split_gain=124.357 41.3255 15.0408 12.9281 9.54735 8.2833 8.32529 8.16334 8.54809 8.54623 7.8979 6.67995 10.501 5.79608 4.68593 2.40145 1.73544 0.699023
threshold=11921.247558593752 0.0014285732759162786 2.3599539995193486 23753.500000000004 0.75373369455337536 459.00000000000006 276373.00000000006 -0.96636253595352162 0.24776395410299304 0.12499999627470972 -1.3230386972427366 -1.0711275339126585 -0.062581568956375108 -1.4635440707206724 -1.9356264472007749 1.0778947472572329 6.0854976177215585 1.6530030965805056
decision_type=2 2 2 2 2 2 2 2 2 2 2 2 2 2 2 2 2 2
left_child=2 3 4 11 5 6 -1 -3 9 -9 -10 12 -2 -5 -6 -13 -16 -15
right_child=1 7 -4 13 14 -7 -8 8 10 -11 -12 15 -14 17 16 -17 -18 -19
leaf_value=0.0044100042624373934 0.019016638184508616 -0.011791174977213983 0.011655164758252526 0.0054295575322517121 -0.00049472439139179505 0.0084764419946881144 -0.0097415784442320338 0.0037931737515093261 0.017007874655021786 -0.0057056691993720111 0.0022647509228865396 0.016484208286192188 -0.0033690895738418148 0.014526502793635505 -0.015298566025223375 0.0064907030413082116 -0.0090886448583959566 0.018362432956934804
leaf_weight=4.8499665856361416 2.6952944397926322 4.257954701781272 3.4369016438722602 4.7308479100465766 2.8652305155992499 3.5885078608989707 25.792612105607986 24.620421603322029 6.7784803807735434 15.386690735816954 8.2249667644500715 6.4917303919792158 9.2869316339492816 9.3622839003801328 28.107682928442955 4.4887587428092957 6.4323544949293128 29.790032848715782
leaf_count=18 9 17 12 17 11 13 103 90 23 59 30 22 35 32 117 16 26 100
internal_value=0.0015351 0.0076052 -0.00864866 0.0129973 -0.00963674 -0.00576828 -0.0074691 0.00150682 0.0025543 0.000114934 0.00899227 0.0068421 0.00158292 0.0161954 -0.0131502 0.01249 -0.0141711 0.0174707
internal_weight=201.188 126.114 75.0733 66.8459 71.6364 34.2311 30.6426 59.2685 55.0106 40.0071 15.0034 22.9627 11.9822 43.8832 37.4053 10.9805 34.54 39.1523
internal_count=750 450 300 231 288 134 121 219 202 149 53 82 44 149 154 38 143 132
is_linear=0
shrinkage=0.01


Tree=19
num_leaves=18
num_cat=0
split_feature=11 26 46 4 56 24 64 35 45 46 23 71 43 7 33 23 39
split_gain=131.835 47.7257 8.24482 7.88446 9.92234 7.55548 7.40106 6.59127 6.15152 5.9516 5.07548 4.70347 7.1322 3.89327 3.75358 2.63167 2.2607
threshold=18.439999580383304 0.0018064273754134776 -0.96636253595352162 1519242.7500000002 0.8114321529865266 334.50000000000006 0.28124563395977026 -1.1014665961265562 -0.30985337495803827 0.14691904187202456 3.5000000000000004 359125.71875000006 1375310.8125000002 1.6023436188697817 -1.4635440707206724 287.50000000000006 -0.1001760959625244
decision_type=2 2 2 2 2 2 2 2 2 2 2 2 2 2 2 2 2
left_child=3 10 -3 4 5 9 7 -4 -8 -1 11 12 -2 15 -12 -6 -16
right_child=1 2 6 -5 13 -7 8 -9 -10 -11 14 -13 -14 -15 16 -17 -18
leaf_value=-0.0036068815114790112 0.0096479415247306671 -0.013600116191561037 -0.004261927320508869 0.0053541727981673663 -0.013360462478159594 0.0098421831007676572 0.017395497906356389 0.0037629622540201308 0.0013940962923207135 -0.017031798333855135 0.0063863375391184883 0.016005464569588145 -0.0097141918893895157 0 0.011594422426981197 -0.0064264773331851608 0.017524744330014833
leaf_weight=18.138321861624725 6.8365412503480893 3.4634763151407233 17.306418761610981 3.8614352494478217 40.91650378704071 3.3659425377845755 5.3387479484081268 24.962917327880863 4.6339040100574476 4.1393203884363166 4.4949573874473563 5.5907015949487677 2.5924679934978485 2.6459804326295844 9.2165442258119565 7.0138577520847312 36.472454816102982
leaf_count=70 24 14 66 14 169 12 18 91 17 17 16 19 10 10 32 28 123
internal_value=0.0015214 0.00811681 0.00129974 -0.00842404 -0.00913519 -0.00400859 0.00230669 0.000453658 0.0100605 -0.0061462 0.0139255 0.00867238 0.00421835 -0.0117147 0.0154778 -0.0123666 0.0163503
internal_weight=200.99 120.909 55.7055 80.0814 76.2199 25.6436 52.242 42.2693 9.97265 22.2776 65.2037 15.0197 9.42901 50.5763 50.184 47.9304 45.689
internal_count=750 430 206 320 306 99 192 157 35 87 224 53 34 207 171 197 155
is_linear=0
shrinkage=0.01


Tree=20
num_leaves=19
num_cat=0
split_feature=11 26 46 7 56 44 47 64 7 17 45 37 50 38 41 34 22 34
split_gain=129.357 46.842 8.09476 7.80536 9.29333 8.40882 8.20982 7.2578 6.69003 6.37073 6.03352 6.02275 4.96023 9.47393 4.9597 4.38357 2.5618 0.545022
threshold=18.439999580383304 0.0018064273754134776 -0.96636253595352162 1.6782447099685671 0.8114321529865266 128155.48828125001 0.19636292010545733 0.28124563395977026 1.0944562554359438 26539.500000000004 -0.30985337495803827 1.1192751526832583 -0.029420232400298115 -1.0711275339126585 2.2107814550399785 -0.64827111363410939 -48169.503906249993 -1.4026446938514707
decision_type=2 2 2 2 2 2 2 2 2 2 2 2 2 2 2 2 2 2
left_child=3 9 -3 4 6 14 8 11 -1 12 -9 -4 -2 -14 -6 -8 -11 -18
right_child=1 2 7 -5 5 -7 15 10 -10 16 -12 -13 13 -15 -16 -17 17 -19
leaf_value=-0.015275962963050234 0.017511060199659347 -0.013492963330231422 -0.0014079055344940721 0.0065100239872958633 -0.013456470000355745 0.00097066592413671887 -0.0072194894461912506 0.017231510997607877 -1.6289731119969524e-05 0.0073035165122274856 0.0013800630219445609 0.008038357419194701 -0.0021688943024838394 0.012773930469799631 0.00083167437090199945 0.0059251099156986632 0.011579768541607263 0.017333294285514722
leaf_weight=7.7780972421169299 5.9353965371847179 3.4561082273721686 33.85369211435318 3.3082381337881079 44.78504666686058 4.8244769573211661 3.574082300066947 5.3356744349002838 4.7648607790470123 3.3899597972631446 4.6342127174139005 8.4142294079065305 6.9820677638053938 10.430613040924069 2.4299652576446524 8.4770583063364011 2.8850563466548911 35.524114042520523
leaf_count=32 20 14 127 12 186 18 14 18 18 12 17 30 26 36 9 31 10 120
internal_value=0.00150783 0.00804053 0.001287 -0.00835456 -0.00900931 -0.0114133 -0.00388187 0.002284 -0.00955879 0.0137987 0.00996373 0.000448893 0.00950963 0.00672479 -0.0126999 0.00194375 0.0161706 0.0169272
internal_weight=200.783 120.841 55.6939 79.9418 76.6336 52.0395 24.5941 52.2378 12.543 65.1472 9.96989 42.2679 23.3481 17.4127 47.215 12.0511 41.7991 38.4092
internal_count=750 430 206 320 308 213 95 192 50 224 35 157 82 62 195 45 142 130
is_linear=0
shrinkage=0.01


Tree=21
num_leaves=21
num_cat=0
split_feature=71 26 41 17 56 2 7 18 47 4 7 55 6 61 34 46 55 22 50 34
split_gain=117.606 39.1204 14.5207 12.4718 10.6774 8.01688 9.07776 8.00183 7.87111 6.49887 6.06766 5.2021 6.26321 4.9732 4.96272 4.38625 6.93555 3.16849 2.88987 1.95003
threshold=11921.247558593752 0.0014285732759162786 2.3599539995193486 23753.500000000004 0.8114321529865266 7038409.0000000009 2.9118626117706303 234907.50000000003 0.19636292010545733 1232186.7500000002 1.0944562554359438 -2.9034163951873775 -58114875391.999992 295.83566284179693 -0.64827111363410939 1.393467962741852 -0.18110813945531842 -63252.189453124993 -0.0012910052901133893 -1.3675611019134519
decision_type=2 2 2 2 2 2 2 2 2 2 2 2 2 2 2 2 2 2 2 2
left_child=2 3 4 9 8 11 7 -7 10 13 -1 -3 -13 -2 -10 18 -17 -5 -6 -19
right_child=1 5 -4 17 15 6 -8 -9 14 -11 -12 12 -14 -15 -16 16 -18 19 -20 -21
leaf_value=-0.015166137192583765 0.012949789582624563 0.015488696502307813 0.011508292629662405 0.0049553252073520106 -0.0054470052630863465 -0.0080828390257169612 0.016277703695190368 0.0017393387837713564 -0.0078261658552241722 -0.0044684827800836819 -0.00082478400887982988 0.0003849243479488559 0.01415935690990363 0.0019604056202060507 0.005862006679565184 -0.016088415368850688 0.0037507487349410676 0.010802304850980715 -0.014577151670268931 0.017468992160561511
leaf_weight=7.7561877965927142 12.15871879458428 4.6844614744186428 3.4346122890710822 2.7852289080619803 4.2563139349222174 15.895633339881895 2.6387221813201895 17.076187655329704 3.8157847970724097 4.2065719515085211 5.0083895921707153 14.611189082264904 4.3272934108972523 6.5789640247821799 8.4826009422540647 3.0938473641872406 3.96239049732685 6.0133363604545584 34.8411705493927 34.928913339972496
leaf_count=32 42 16 12 10 17 62 9 63 15 16 19 54 15 24 31 13 15 21 146 118
internal_value=0.00149461 0.00739532 -0.00844401 0.0126513 -0.0094203 0.00146241 -0.00151158 -0.00296558 -0.00410567 0.00660528 -0.00961742 0.00598791 0.00358508 0.00914469 0.00153371 -0.0122847 -0.00480613 0.0158009 -0.0136088 0.0165143
internal_weight=200.557 125.905 74.6513 66.6717 71.2167 59.2335 35.6105 32.9718 25.063 22.9443 12.7646 23.6229 18.9385 18.7377 12.2984 46.1537 7.05624 43.7275 39.0975 40.9422
internal_count=750 450 300 231 288 219 134 125 97 82 51 85 69 66 46 191 28 149 163 139
is_linear=0
shrinkage=0.01


Tree=22
num_leaves=19
num_cat=0
split_feature=11 59 56 38 67 7 7 56 47 0 58 41 6 56 5 17 47 22
split_gain=124.814 21.0327 11.3114 10.4474 9.44047 11.6767 7.55748 9.06055 7.92397 7.93998 7.57508 8.41917 4.33579 2.62259 2.53476 1.65735 4.45309 0.0147109
threshold=18.439999580383304 0.41494457423686987 4.9851562976837167 -1.4967882633209226 4.6730723381042489 0.93009793758392345 1.6782447099685671 0.8114321529865266 0.19636292010545733 228333.00000000003 -5961727.9999999991 2.2107814550399785 -62073827327.999992 2.6342601776123051 9351.0800781250018 23753.500000000004 -0.22657093405723569 104517.22265625001
decision_type=2 2 2 2 2 2 2 2 2 2 2 2 2 2 2 2 2 2
left_child=6 15 3 -3 5 -4 7 8 9 -1 -9 -12 -10 -5 -6 16 -2 -17
right_child=1 2 4 13 14 -7 -8 10 12 -11 11 -13 -14 -15 -16 17 -18 -19
leaf_value=-0.015168209762299196 0.019130134956177977 0.0076389478543785966 0.00047845969663629518 -0.0041049772009080525 0.0086841076106290976 0.0088217390657465075 0.0063875813848145828 0.0016799080741740377 -0.0028224915426111963 0.0014264750038002197 -0.013362297502823561 0.0052862394362855562 0.0093981202476150581 -0.017785783787475831 0.018381832675340156 0.018187805790763886 0.0048686249788278211 0.014310415290868628
leaf_weight=8.217062637209894 4.4884769916534424 4.4592481553554535 28.608077391982079 2.6140030622482282 4.814503386616706 41.474620684981346 3.3107554465532294 4.0361173003911963 7.3094790577888489 4.2810915708541861 45.264838069677353 2.4783477485179892 4.7448550611734372 3.6987328231334686 8.02842730283737 14.845206379890444 4.7426148056983966 2.9148718714714041
leaf_count=34 15 16 106 10 17 147 12 15 28 16 189 9 17 15 27 50 17 10
internal_value=0.00148149 0.00789776 0.0056405 -0.0039409 0.00689718 0.00543024 -0.00822905 -0.00887612 -0.003811 -0.00940389 -0.0112586 -0.0123733 0.00190486 -0.0122792 0.0148243 0.0156966 0.0119114 0.0176077
internal_weight=200.331 120.689 93.6976 10.772 82.9256 70.0827 79.6425 76.3318 24.5525 12.4982 51.7793 47.7432 12.0543 6.31274 12.8429 26.9912 9.23109 17.7601
internal_count=750 430 338 41 297 253 320 308 95 50 213 198 45 25 44 92 32 60
is_linear=0
shrinkage=0.01


Tree=23
num_leaves=17
num_cat=0
split_feature=11 26 46 4 56 1 64 35 11 58 31 63 7 18 54 1
split_gain=122.47 44.7289 7.91824 7.49078 9.37148 8.00081 7.05545 6.33961 5.44092 5.11793 4.96364 4.05214 3.6846 3.00401 2.3969 2.34216
threshold=18.439999580383304 0.0018064273754134776 -0.96636253595352162 1519242.7500000002 0.8114321529865266 961272.50000000012 0.28124563395977026 -1.1014665961265562 55.500000000000007 -163839.99999999997 -7.9429955482482901 0.33129292726516729 1.6023436188697817 374307.00000000006 0.60772565007209789 134131036.00000001
decision_type=2 2 2 2 2 2 2 2 2 2 2 2 2 2 2 2
left_child=3 10 -3 4 5 9 7 -4 -8 -1 -2 15 14 -7 -6 -12
right_child=1 2 6 -5 12 13 8 -9 -10 -11 11 -13 -14 -15 -16 -17
leaf_value=0.0078364735567579159 0.00113255763695389 -0.013408884665043537 -0.0042242598771124497 0.0052660877865618443 -0.0081371991417706867 -0.016623426347746863 0.015956385978924795 0.0036472236579230539 0.0006641594445039317 -0.0037664878040686014 0.015261113083222236 0.0038551840022871871 0 -0.0029109989959324235 -0.013443762264198463 0.0057481081704978442
leaf_weight=5.5215535163879457 3.2766584008932105 3.4485911130905142 17.295166537165638 3.8587225377559653 12.844431653618811 5.2926222980022422 5.8776432424783689 24.972891539335254 4.0847078561782837 12.184986665844916 54.71792159974575 3.8809952288866034 2.641144558787345 2.5645784437656403 34.57575549185276 3.0783241093158713
leaf_count=20 12 14 66 14 52 22 20 91 15 47 187 14 10 10 145 11
internal_value=0.00146861 0.00782294 0.00122631 -0.0081628 -0.00886122 -0.00387549 0.00221176 0.000402726 0.00978673 -9.17794e-05 0.0134622 0.014101 -0.0113872 -0.012275 -0.0120275 0.0147717
internal_weight=200.117 120.633 55.679 79.4838 75.6251 25.5637 52.2304 42.2681 9.96235 17.7065 64.9539 61.6772 50.0613 7.8572 47.4202 57.7962
internal_count=750 430 206 320 306 99 192 157 35 67 224 212 207 32 197 198
is_linear=0
shrinkage=0.01


Tree=24
num_leaves=21
num_cat=0
split_feature=11 26 46 71 19 54 58 66 64 35 17 11 71 2 53 22 40 34 34 10
split_gain=120.188 43.9168 7.77506 7.28884 15.7583 11.3443 9.36549 7.43151 6.91891 6.21416 6.14602 5.33526 4.515 5.80168 3.4932 2.46382 2.15486 4.63607 0.541071 0.390685
threshold=18.439999580383304 0.0018064273754134776 -0.96636253595352162 74913.425781250015 6425.3449707031259 0.75373369455337536 231424.00000000003 -1.2014678120613096 0.28124563395977026 -1.1014665961265562 26539.500000000004 55.500000000000007 643241.03125000012 18653234.000000004 -0.65639555454254139 -48169.503906249993 -1.0000000180025095e-35 0.82419812679290783 -1.4026446938514707 -0.00060189500800333906
decision_type=2 2 2 2 2 2 2 2 2 2 2 2 2 2 2 2 2 2 2 2
left_child=3 10 -3 5 -5 6 7 -1 9 -4 12 -10 13 -2 -8 -12 17 -7 -17 -18
right_child=1 2 8 4 -6 16 14 -9 11 -11 15 -13 -14 -15 -16 18 19 -19 -20 -21
leaf_value=-0.010557626724469374 0.01147137188685163 -0.013304980078850503 -0.0041838596763086348 -0.011281864674572116 0.019016584319685528 -0.013673731916494916 -0.0012210405376765876 0.0030149837358990185 0.01580458920374915 0.0036099684027280526 0.0069747753120237774 0.000657508506190084 0.018687463084301231 8.9791588384998487e-05 -0.013559702455314945 0.011111895748548607 -0.012185245489029198 -0.0014737811762367684 0.016831346703029465 -0.016072223329029946
leaf_weight=5.4875224232673654 11.508745446801191 3.4408064633607855 17.287588685750958 4.0080784857273093 2.9918985366821289 9.9856261461973173 3.0858037471771231 15.143595844507217 5.8747685849666578 24.978280320763592 3.3838471621274939 4.0847644209861755 4.181802660226821 7.6244363188743582 11.638554140925406 2.8738746941089621 6.4322677552700034 4.8087837845087043 35.310669139027596 15.751332283020021
leaf_count=22 40 14 66 16 10 42 12 57 20 91 12 15 14 28 48 10 27 19 120 67
internal_value=0.00145566 0.00775043 0.00121431 -0.00809683 0.0015253 -0.00904182 -0.00494579 -0.000546627 0.00219005 0.000398477 0.0133426 0.00969263 0.00912945 0.00698816 -0.0110418 0.0156817 -0.0129311 -0.00977585 0.0164271 -0.0149902
internal_weight=199.883 120.55 55.6662 79.3335 6.99998 72.3335 35.3555 20.6311 52.2254 42.2659 64.8834 9.95953 23.315 19.1332 14.7244 41.5684 36.978 14.7944 38.1845 22.1836
internal_count=750 430 206 320 26 294 139 79 192 157 224 35 82 68 60 142 155 61 130 94
is_linear=0
shrinkage=0.01


Tree=25
num_leaves=19
num_cat=0
split_feature=11 26 46 7 56 44 47 62 45 15 7 17 50 38 41 6 22 31
split_gain=117.97 43.1356 7.63492 7.28979 8.77886 7.92226 7.78234 6.54457 10.7158 7.75991 6.3778 6.06031 4.84459 9.13328 4.67551 4.19337 2.42649 0.744514
threshold=18.439999580383304 0.0018064273754134776 -0.96636253595352162 1.6782447099685671 0.8114321529865266 128155.48828125001 0.19636292010545733 0.24776395410299304 -0.30985337495803827 0.12499999627470972 1.0944562554359438 26539.500000000004 -0.029420232400298115 -1.0711275339126585 2.2107814550399785 -62073827327.999992 -48169.503906249993 1.6117005348205569
decision_type=2 2 2 2 2 2 2 2 2 2 2 2 2 2 2 2 2 2
left_child=3 11 -3 4 6 14 10 9 -9 -4 -1 12 -2 -14 -6 -8 -13 -18
right_child=1 2 7 -5 5 -7 15 8 -10 -11 -12 16 13 -15 -16 -17 17 -19
leaf_value=-0.014872790772627403 0.016960032100963033 -0.013202788841966875 0.0036543477148622107 0.0063218904710161958 -0.013038462801558506 0.00099958628158118893 -0.002673678873113052 0.017377481642330141 -0.00063905926751558649 -0.0054823184172856495 0 0.0069075101504077084 -0.0024381606215276544 0.012243699196001457 0.00083270083760078584 0.0093451838268452589 0.01773758073276337 0.014357479779718289
leaf_weight=7.6888747364282626 5.9169853925704983 3.4328044205903998 24.091918468475342 3.3093069195747367 44.144216373562813 4.8082109093666068 7.2920888811349869 6.5188435912132263 6.480430141091345 15.128209352493284 4.7566761076450348 3.382636919617652 6.9816747903823897 10.406606152653691 2.428744673728942 4.7460506260395032 21.538514703512192 16.574110701680183
leaf_count=32 20 14 88 12 186 18 28 22 24 58 18 12 26 36 9 17 73 57
internal_value=0.00144293 0.00767964 0.00120246 -0.00803276 -0.0086721 -0.0110302 -0.00368261 0.00216859 0.0083189 0.000104604 -0.00924186 0.013227 0.00904281 0.00629119 -0.0122936 0.0019817 0.0155528 0.0162939
internal_weight=199.627 120.453 55.6522 79.1742 75.8649 51.3812 24.4837 52.2194 12.9993 39.2201 12.4456 64.8005 23.3053 17.3883 46.573 12.0381 41.4953 38.1126
internal_count=750 430 206 320 308 213 95 192 46 146 50 224 82 62 195 45 142 130
is_linear=0
shrinkage=0.01


Tree=26
num_leaves=20
num_cat=0
split_feature=71 26 41 19 56 24 1 63 38 46 62 15 67 46 58 22 50 34 47
split_gain=107.295 36.0362 13.6713 10.6137 10.0803 7.50846 9.07185 7.40996 12.0117 7.32575 7.54003 8.1468 7.59075 4.30373 6.8381 2.97808 2.8139 1.52646 0.548564
threshold=11921.247558593752 0.0014285732759162786 2.3599539995193486 5374.8510742187509 0.8114321529865266 334.50000000000006 961272.50000000012 0.086275752633810057 -1.0000000180025095e-35 -0.96636253595352162 0.24776395410299304 0.12499999627470972 -1.3230386972427366 1.393467962741852 -206847.99999999997 -63252.189453124993 -0.0012910052901133893 -1.4806010723114011 1.0000000180025095e-35
decision_type=2 2 2 2 2 2 2 2 2 2 2 2 2 2 2 2 2 2 2
left_child=2 3 4 7 5 6 -1 18 -9 -3 11 -11 -12 16 -15 -5 -6 -17 -2
right_child=1 9 -4 15 13 -7 -8 8 -10 10 12 -13 -14 14 -16 17 -18 -19 -20
leaf_value=-0.0019189872836789849 0.011079919310141555 -0.011300717500304201 0.011243263065887668 0.0046418328868745628 -0.0051179886846232075 0.0098793955341581752 -0.016345372020669824 -0.002674012663474962 0.015177327195557375 0.0036597068881202201 0.016290833504357567 -0.0056186543424813088 0.0018239785085980332 0.006965023259058325 -0.012951531472570292 0.0080675489208561057 -0.014179075430370575 0.016458881003483198 0.018178646671507547
leaf_weight=15.394169047474866 2.8674767166376141 4.2092657685279837 3.4297314286231986 2.7787585854530326 4.2086905241012564 3.3606031388044348 6.1950745135545722 11.451391160488132 5.5750569254159901 24.627901315689087 6.7526385486125937 15.363802775740622 8.2190358489751798 2.9309259355068207 4.0539405643939963 2.8201865404844275 34.313006937503815 36.639554738998413 4.1633947789669037
leaf_count=59 10 17 12 10 17 12 26 43 19 90 23 59 30 11 17 10 146 125 14
internal_value=0.00143054 0.00706459 -0.00812327 0.0121297 -0.00908021 -0.0039119 -0.00610499 0.00675261 0.00311241 0.00137288 0.00236165 7.01896e-05 0.00841572 -0.0118919 -0.00445116 0.0151685 -0.0132151 0.0158845 0.0154257
internal_weight=199.355 125.468 73.8861 66.2958 70.4564 24.9498 21.5892 24.0573 17.0264 59.1726 54.9634 39.9917 14.9717 45.5066 6.98487 42.2385 38.5217 39.4597 7.03087
internal_count=750 450 300 231 288 97 85 86 62 219 202 149 53 191 28 145 163 135 24
is_linear=0
shrinkage=0.01


Tree=27
num_leaves=20
num_cat=0
split_feature=11 26 46 4 56 1 64 35 45 38 23 71 4 41 39 39 59 18 50
split_gain=113.857 41.705 7.37996 7.08832 8.96542 7.73488 6.56558 6.06979 5.77529 5.44508 4.68515 4.51616 6.86207 3.69543 3.03833 2.92386 4.65024 2.92002 1.57896
threshold=18.439999580383304 0.0018064273754134776 -0.96636253595352162 1519242.7500000002 0.8114321529865266 961272.50000000012 0.28124563395977026 -1.1014665961265562 -0.30985337495803827 1.2186548113822939 3.5000000000000004 359125.71875000006 401242.23437500006 2.3599539995193486 5.1128616333007821 -0.1001760959625244 0.41494457423686987 374307.00000000006 -0.16823612153530118
decision_type=2 2 2 2 2 2 2 2 2 2 2 2 2 2 2 2 2 2 2
left_child=3 10 -3 4 5 9 7 -4 -8 -1 11 12 -2 14 -6 16 -12 -7 -17
right_child=1 2 6 -5 13 17 8 -9 -10 -11 15 -13 -14 -15 -16 18 -18 -19 -20
leaf_value=-0.0028962035371332389 0.0089414180130477569 -0.013016891904546008 -0.0041481318041131747 0.0051553831092602618 -0.0123633033047889 -0.016329694973356425 0.016577250620639333 0.0035558701271659471 0.0010554146817389699 0.010795734077515565 0.015874521525232659 0.015157343244878458 -0.010069524109202675 0.00053115271243029955 -0.0013693937750101309 0.0082468623152050398 0.0018972657643381377 -0.0027633464949185448 0.016380947414719352
leaf_weight=14.011834919452673 6.8170182257890684 3.4173525720834723 17.277946010231968 3.8513634800910941 44.204954475164413 5.2430256158113471 5.309312641620636 24.980061203241352 4.6364787667989713 3.6635278761386862 5.2730430513620359 5.5668995380401602 2.5929758697748184 2.4375385493040076 2.8840537071228018 3.1057521849870673 4.668288379907608 2.5519014447927475 36.591188803315163
leaf_count=54 24 14 66 14 187 22 18 91 17 13 18 19 10 9 11 11 17 10 125
internal_value=0.00141829 0.00754661 0.00117902 -0.00791417 -0.00859867 -0.00371804 0.00212747 0.000382286 0.0094419 -1.73423e-06 0.0130124 0.00796047 0.00359658 -0.0110885 -0.0117112 0.0145165 0.00941162 -0.0120166 0.0157698
internal_weight=199.085 120.236 55.6212 78.8482 74.9968 25.4703 52.2038 42.258 9.94579 17.6754 64.6152 14.9769 9.40999 49.5265 47.089 49.6383 9.94133 7.79493 39.6969
internal_count=750 430 206 320 306 99 192 157 35 67 224 53 34 207 198 171 35 32 136
is_linear=0
shrinkage=0.01


Tree=28
num_leaves=19
num_cat=0
split_feature=11 26 46 7 56 47 44 64 7 35 17 45 50 38 41 6 22 28
split_gain=111.763 40.9782 7.24815 7.04168 8.46051 7.64359 7.57179 6.44184 6.23631 5.94978 5.84266 5.67122 4.73146 8.79788 4.46748 4.11285 2.36138 0.54119
threshold=18.439999580383304 0.0018064273754134776 -0.96636253595352162 1.6782447099685671 0.8114321529865266 0.19636292010545733 128155.48828125001 0.28124563395977026 1.0944562554359438 -1.1014665961265562 26539.500000000004 -0.30985337495803827 -0.029420232400298115 -1.0711275339126585 2.2107814550399785 -62073827327.999992 -48169.503906249993 -271.99999999999994
decision_type=2 2 2 2 2 2 2 2 2 2 2 2 2 2 2 2 2 2
left_child=3 10 -3 4 5 8 14 9 -1 -4 12 -9 -2 -14 -6 -7 -12 -18
right_child=1 2 7 -5 6 15 -8 11 -10 -11 16 -13 13 -15 -16 -17 17 -19
leaf_value=-0.014701572752530447 0.016629240479431553 -0.012919323513778169 -0.0041084940272133356 0.0062546475545491474 -0.0127931776028929 -0.0025850876212780353 0.00094300644741516289 0.016432847509835941 0 0.0035196236474235262 0.0066580963319900679 0.0010448258968055869 -0.0024925748211634593 0.011925071657485405 0.00075855176484837972 0.0093206309427870133 0.013953999997142594 0.017067804926480017
leaf_weight=7.6423681080341357 5.8981738686561611 3.4087722748517981 17.270231902599331 3.3083628267049781 43.725732237100601 7.2779537886381149 4.8043293207883826 5.3024424910545349 4.7516665756702423 24.984917730093006 3.3757676780223838 4.6366303414106351 6.9791073352098509 10.383210048079487 2.4290118217468253 4.7449788451194745 14.153315737843512 23.72652330994606
leaf_count=32 20 14 66 12 186 28 18 18 18 91 12 17 26 36 9 17 49 81
internal_value=0.00140622 0.00747892 0.00116761 -0.0078516 -0.00848401 -0.00358247 -0.010813 0.00210678 -0.00910803 0.000378247 0.0129028 0.00935487 0.00879202 0.00607203 -0.0120583 0.00203046 0.0151963 0.0159308
internal_weight=198.803 120.119 55.603 78.6844 75.376 24.417 50.9591 52.1942 12.394 42.2551 64.5161 9.93907 23.2605 17.3623 46.1547 12.0229 41.2556 37.8798
internal_count=750 430 206 320 308 95 213 192 50 157 224 35 82 62 195 45 142 130
is_linear=0
shrinkage=0.01


Tree=29
num_leaves=19
num_cat=0
split_feature=11 26 46 7 56 47 0 4 64 31 17 45 31 34 1 23 22 31
split_gain=109.711 40.2703 7.11907 6.92098 8.34117 7.50929 7.5276 7.25284 6.32098 6.05339 5.76596 5.57018 4.65783 4.13883 2.92755 2.7289 2.32845 0.738138
threshold=18.439999580383304 0.0018064273754134776 -0.96636253595352162 1.6782447099685671 0.8114321529865266 0.19636292010545733 228333.00000000003 1851177.1250000002 0.28124563395977026 2.1005116701126103 26539.500000000004 -0.30985337495803827 -2.6845155954360957 -0.64827111363410939 8984807.0000000019 287.50000000000006 -48169.503906249993 1.6117005348205569
decision_type=2 2 2 2 2 2 2 2 2 2 2 2 2 2 2 2 2 2
left_child=3 10 -3 4 5 6 -1 15 9 -4 12 -10 -2 -7 -14 -6 -12 -18
right_child=1 2 8 -5 7 13 -8 -9 11 -11 16 -13 14 -15 -16 -17 17 -19
leaf_value=-0.014716495074787561 -0.00042229641373672718 -0.012823278074892162 0.0021135015010295185 0.0061894419008212669 -0.012686463450973223 -0.0069243727011562674 0.0014893391780113003 0.0040794437152527271 0.016291712392063042 -0.0079424401724263582 0.0065945009341425789 0.0010343446048013353 0.015179351842281188 0.0058718280492502271 0.0070039314860372986 -0.0055811942868923782 0.017248111914204129 0.013879724155071303
leaf_weight=8.0949222296476382 4.3321143686771419 3.4000046402215949 35.043655246496201 3.3097767829895011 40.952481210231781 3.5516429692506781 4.2739615887403479 3.0085688084363928 5.2949311435222626 7.2083666771650305 3.3742469251155844 4.6367779821157438 8.7874697893857974 8.4727617502212507 10.123486518859862 6.8495130091905585 21.341557681560516 16.451037466526031
leaf_count=34 16 14 129 12 174 14 16 11 18 28 12 17 30 31 36 28 73 57
internal_value=0.00139444 0.00741227 0.00115633 -0.00778995 -0.00841849 -0.00355039 -0.00903586 -0.0107359 0.00208633 0.000374249 0.0127954 0.00926925 0.00871068 0.00200906 0.0108557 -0.0116893 0.0150774 0.0158083
internal_weight=198.507 119.994 55.5837 78.5136 75.2039 24.3933 12.3689 50.8106 52.1837 42.252 64.4099 9.93171 23.2431 12.0244 18.911 47.802 41.1668 37.7926
internal_count=750 430 206 320 308 95 50 213 192 157 224 35 82 45 66 202 142 130
is_linear=0
shrinkage=0.01


Tree=30
num_leaves=19
num_cat=0
split_feature=11 26 46 7 56 44 24 46 64 31 17 45 50 38 54 33 19 11
split_gain=107.696 39.5767 6.99259 6.80217 8.22319 7.40777 7.0128 7.27023 6.20298 5.9367 5.69583 5.47204 4.64344 8.61868 3.15821 2.322 5.24344 0.641927
threshold=18.439999580383304 0.0018064273754134776 -0.96636253595352162 1.6782447099685671 0.8114321529865266 128155.48828125001 334.50000000000006 -0.066485639661550508 0.28124563395977026 2.1005116701126103 26539.500000000004 -0.30985337495803827 -0.029420232400298115 -1.0711275339126585 0.60772565007209789 -1.2964009046554563 23444.138671875004 81.255001068115249
decision_type=2 2 2 2 2 2 2 2 2 2 2 2 2 2 2 2 2 2
left_child=3 10 -3 4 6 14 7 -1 9 -4 12 -10 -2 -14 -6 16 -12 -17
right_child=1 2 8 -5 5 -7 -8 -9 11 -11 15 -13 13 -15 -16 17 -18 -19
leaf_value=-0.0024212781660214425 0.016403079119986026 -0.012728710724873103 0.0020920600111550337 0.0061250596363385396 -0.0074047046933773024 0.00096873838175255223 0.0097859493487967748 -0.016544473631489486 0.016153726583593968 -0.0078699095565317439 0.017348220127592431 0.0010239693036932821 -0.0025409609406935739 0.011734618882436366 -0.013531915319348015 0.016595265505641731 0 0.010762363074244023
leaf_weight=16.210550829768188 5.8841177821159389 3.3910570144653311 35.048761576414108 3.3111143708229056 12.39556075632572 4.8006820529699317 3.3604194521903983 4.7971723079681388 5.2867994010448456 7.2020840793848029 3.8221597969532004 4.6369216293096525 6.9778272509574935 10.366920471191403 33.4702308177948 30.874947562813759 3.2590134143829346 3.1176515072584143
leaf_count=63 20 14 129 12 51 18 12 20 18 28 13 17 26 36 144 106 12 11
internal_value=0.00138273 0.00734622 0.00114514 -0.0077286 -0.00835325 -0.0106589 -0.0035182 -0.00569395 0.00206602 0.000370273 0.0126892 0.00918502 0.00862888 0.00593387 -0.0118978 0.0149611 0.00940213 0.0160897
internal_weight=198.214 119.868 55.5656 78.3457 75.0346 50.6665 24.3681 21.0077 52.1746 42.2508 64.3026 9.92372 23.2289 17.3447 45.8658 41.0738 7.08117 33.9926
internal_count=750 430 206 320 308 213 95 83 192 157 224 35 82 62 195 142 25 117
is_linear=0
shrinkage=0.01


Tree=31
num_leaves=20
num_cat=0
split_feature=11 26 46 4 54 58 55 64 31 17 45 50 38 53 71 31 33 48 11
split_gain=105.725 38.9051 6.86871 6.72065 8.48158 9.55958 6.83499 6.08768 5.82237 5.62471 5.37668 4.56452 8.45821 3.5816 2.93479 2.47556 2.29076 5.16339 0.632454
threshold=18.439999580383304 0.0018064273754134776 -0.96636253595352162 1519242.7500000002 0.75373369455337536 231424.00000000003 5.6894850786193282e-06 0.28124563395977026 2.1005116701126103 26539.500000000004 -0.30985337495803827 -0.029420232400298115 -1.0711275339126585 -0.65639555454254139 74913.425781250015 4.5010938644409189 -1.2964009046554563 -0.15719246864318845 81.255001068115249
decision_type=2 2 2 2 2 2 2 2 2 2 2 2 2 2 2 2 2 2 2
left_child=3 9 -3 4 5 6 -1 8 -4 11 -9 -2 -13 -7 15 -6 17 -11 -18
right_child=1 2 7 -5 14 13 -8 10 -10 16 -12 12 -14 -15 -16 -17 18 -19 -20
leaf_value=-0.0066577351788538585 0.016265809066480657 -0.012635578753160378 0.0020708436715314938 0.0050526511728864699 -0.013865902871344987 -0.00080300617139872062 0.0049408001489053954 0.016018779063528773 -0.0077982188266969054 0.017221260729056293 0.0010136990985144985 -0.0025156146892067188 0.011628315252621868 -0.013300199900500327 -0.0014845002473103774 -0.0073709000944780787 0.016473816166002308 0 0.010671961673429457
leaf_weight=9.2833796441555041 5.8744849860668209 3.3819364607334128 35.053740441799164 3.8510042726993552 27.521511673927307 3.0524086356163016 11.202225044369696 5.2780672311782837 7.1956436783075324 3.8126752078533173 4.6370613873004896 6.9776526987552687 10.357124745845791 11.951998412609099 2.8863235861062995 8.4314402937889081 30.791954934597015 3.2591814696788779 3.1126455068588248
leaf_count=37 20 14 129 14 119 12 42 18 28 13 17 26 36 50 11 35 106 12 11
internal_value=0.00137114 0.00728146 0.00113407 -0.00766764 -0.00834013 -0.00475834 -0.000266447 0.00204596 0.000366339 0.0125858 0.00910213 0.00854987 0.00587737 -0.0108245 -0.0115873 -0.0123706 0.0148474 0.00932087 0.0159707
internal_weight=197.912 119.732 55.5464 78.1803 74.3293 35.49 20.4856 52.1645 42.2494 64.1857 9.91513 23.2093 17.3348 15.0044 38.8393 35.953 40.9765 7.07186 33.9046
internal_count=750 430 206 320 306 141 79 192 157 224 35 82 62 62 165 154 142 25 117
is_linear=0
shrinkage=0.01


Tree=32
num_leaves=22
num_cat=0
split_feature=11 26 7 7 1 58 56 1 41 34 17 41 45 31 61 68 33 19 7 11 18
split_gain=103.797 38.25 6.89163 7.07381 7.59193 6.6459 7.41703 10.5122 7.04881 6.16608 5.55577 5.27823 4.51775 4.97432 3.93455 3.15602 2.26054 5.10497 2.18313 0.623477 0.142383
threshold=18.439999580383304 0.0018064273754134776 2.9118626117706303 1.9612647891044619 8984807.0000000019 -2799615.9999999995 0.8114321529865266 961272.50000000012 2.3599539995193486 -0.93241238594055165 26539.500000000004 0.64198589324951183 -0.70477455854415882 2.389621496200562 365.07525634765631 40.000003814697273 -1.2964009046554563 23444.138671875004 1.5777072906494143 81.255001068115249 110498.50000000001
decision_type=2 2 2 2 2 2 2 2 2 2 2 2 2 2 2 2 2 2 2 2 2
left_child=5 10 3 4 -3 9 7 11 18 -1 12 -7 14 -14 -2 -5 17 -12 -8 -18 -9
right_child=1 2 -4 15 -6 6 8 20 -10 -11 16 -13 13 -15 -16 -17 19 -19 -20 -21 -22
leaf_value=0.0082533074371469832 0.016052664600101702 0.0063865747559159235 0.016047160364931819 -0.00051066894041383332 -0.0018093234568834569 -0.0027287763974084989 -0.012393121364486521 -0.016165517761129299 0.0052143554190361612 -0.011331034382007041 0.01710793446400288 0.010758211173286451 -0.0024602337282533847 0.011568807687167599 0.0036513862012665203 -0.014956352655669755 0.016355105070849585 0 -0.0023107431217958617 0.010582763294651243 -0.010917682965166221
leaf_weight=4.7168027311563492 9.0893240720033663 19.718072727322578 2.9331552386283866 2.6685525327920905 26.204030260443687 13.959043830633169 41.352034330368042 4.50255262851715 2.4826501160860053 2.4204604476690283 3.8046802580356589 3.6624261438846579 5.9050390273332578 4.3137221336364746 3.8802859187126151 4.0024373233318329 30.705730184912682 3.2574117481708527 2.5256149917840949 3.1075177788734427 2.39612677693367
leaf_count=17 31 71 10 10 99 54 178 19 9 10 13 13 22 15 14 16 106 12 10 11 10
internal_value=0.00135953 0.00721765 0.00112314 0.000271799 0.00168806 -0.00760731 -0.00853561 -0.00402266 -0.010901 0.00147156 0.0124844 1.75947e-05 0.00847205 0.00336409 0.0124195 -0.00932764 0.0147361 0.0092409 -0.0118356 0.0158542 -0.0144877
internal_weight=197.608 119.59 55.5262 52.5931 45.9221 78.0177 70.8804 24.5201 46.3603 7.13726 64.0637 17.6215 23.1884 10.2188 12.9696 6.67099 40.8753 7.06209 43.8776 33.8132 6.89868
internal_count=750 430 206 196 170 320 293 96 197 27 224 67 82 37 45 26 142 25 188 117 29
is_linear=0
shrinkage=0.01


Tree=33
num_leaves=19
num_cat=0
split_feature=11 26 7 7 2 7 56 44 1 1 17 50 38 68 54 18 22 31
split_gain=101.903 37.6154 6.75695 6.94023 7.98118 6.55258 7.98762 7.16315 7.1332 5.68485 5.49182 4.47498 8.26865 3.09968 3.09235 2.80817 2.26305 0.747504
threshold=18.439999580383304 0.0018064273754134776 2.9118626117706303 1.9612647891044619 7038409.0000000009 1.6782447099685671 0.8114321529865266 128155.48828125001 961272.50000000012 511014.50000000006 26539.500000000004 -0.029420232400298115 -1.0711275339126585 40.000003814697273 0.60772565007209789 374307.00000000006 -48169.503906249993 1.6117005348205569
decision_type=2 2 2 2 2 2 2 2 2 2 2 2 2 2 2 2 2 2
left_child=5 10 3 4 -3 6 8 14 9 -1 11 -2 -13 -5 -8 -10 -12 -18
right_child=1 2 -4 13 -6 -7 7 -9 15 -11 16 12 -14 -15 -16 -17 17 -19
leaf_value=-0.0041189869178456266 0.016047392241906874 0.0069107380676337871 0.015891552927177376 -0.00050557974153084132 -0.0016240773952706036 0.0060441952665685533 -0.0072232142831118364 0.00098285665636791406 -0.015965212471943192 0.0080058038175194676 0.0062499290656879486 -0.0025475897335656104 0.011442826215013786 -0.014829930127966018 -0.013308830733402841 -0.0024912755856673851 0.016801324359852071 0.013415738130009134
leaf_weight=10.816693842411047 5.8565113097429302 17.845969662070274 2.9322616308927527 2.6684609204530707 28.074257120490074 3.31103591620922 12.320739880204199 4.7936812639236441 4.9374606013298026 6.0125970542430869 3.3609077334403983 6.9766235500574156 10.337636575102803 3.9962228238582611 33.119316041469574 2.5306714028120041 21.108388990163803 16.301301658153534
leaf_count=42 20 64 10 10 106 12 51 18 21 22 12 26 36 16 144 10 73 57
internal_value=0.00134803 0.00715368 0.00111172 0.000268541 0.00167103 -0.00754862 -0.00816589 -0.0104524 -0.00339749 0.000153414 0.012384 0.00839419 0.00574776 -0.00924467 -0.0116808 -0.0115333 0.0146269 0.0153528
internal_weight=197.301 119.459 55.5172 52.5849 45.9202 77.8422 74.5312 50.2337 24.2974 16.8293 63.9414 23.1708 17.3143 6.66468 45.4401 7.46813 40.7706 37.4097
internal_count=750 430 206 196 170 320 308 213 95 64 224 82 62 26 195 31 142 130
is_linear=0
shrinkage=0.01


Tree=34
num_leaves=22
num_cat=0
split_feature=11 26 46 58 56 1 34 64 35 17 45 38 45 71 8 59 61 52 2 23 31
split_gain=100.044 36.997 6.76442 6.50419 7.21086 10.2098 6.01578 5.83902 5.70939 5.42622 5.2792 5.2547 4.4405 6.01422 4.03259 6.81015 3.84886 2.66748 1.71826 1.50792 0.126053
threshold=18.439999580383304 0.0018064273754134776 -0.96636253595352162 -2799615.9999999995 0.8114321529865266 961272.50000000012 -0.93241238594055165 0.28124563395977026 -1.1014665961265562 26539.500000000004 -0.30985337495803827 1.2186548113822939 -0.70477455854415882 572437.53125000012 0.88823699951171886 1.0910782814025881 365.07525634765631 -0.00016991759912343693 82767120.000000015 238.00000000000003 -3.6092842817306514
decision_type=2 2 2 2 2 2 2 2 2 2 2 2 2 2 2 2 2 2 2 2 2
left_child=3 9 -3 6 5 11 -1 8 -4 12 -9 -5 16 -14 17 -16 -2 -6 19 -11 -7
right_child=1 2 7 4 14 20 -8 10 -10 18 -12 -13 13 -15 15 -17 -18 -19 -20 -21 -22
leaf_value=0.0081898248493353573 0.015838261675935709 -0.012578638306232069 -0.0040374751499538336 -0.0027287005271574966 -0.0088839899507865451 -0.010821301955369837 -0.011181548523840479 0.015793497936690024 0.0034375253343093045 0.015927967454675489 0.00091370862714620547 0.010727972175737448 -0.0018170569013785918 0.01462851949045388 -0.01232908118874064 0.0086823808753650894 0.0035621535308065755 -0.014319403176772662 0.0062833928837335296 0.0095038357767423028 -0.015958772742349664
leaf_weight=4.7150421589612961 9.0634371191263217 3.3752091079950324 17.25174984335899 13.956251963973051 17.680459424853325 2.3894693702459335 2.409886270761489 5.2602585256099701 24.98192493617535 32.827658325433731 4.6370605230331403 3.6628705114126197 6.9996490478515607 3.2069438248872757 3.5214500874280921 2.70045205950737 3.8777994662523261 22.16860343515873 2.7753340899944297 5.0607615113258353 4.4669445753097525
leaf_count=17 31 14 66 54 75 10 10 18 91 114 17 13 26 11 15 10 14 97 10 18 19
internal_value=0.00133665 0.00709074 0.00110045 -0.00748984 -0.00841169 -0.00396034 0.00149743 0.00200528 0.000360435 0.0122857 0.0089231 1.20744e-05 0.00831855 0.00325222 -0.0107548 -0.00304889 0.012237 -0.0119329 0.0145194 0.0150963 -0.0143142
internal_weight=196.989 119.318 55.5062 77.6714 70.5465 24.4755 7.12493 52.131 42.2337 63.8116 9.89732 17.6191 23.1478 10.2066 46.071 6.2219 12.9412 39.8491 40.6638 37.8884 6.85641
internal_count=750 430 206 320 293 96 27 192 157 224 35 67 82 37 197 25 45 172 142 132 29
is_linear=0
shrinkage=0.01


Tree=35
num_leaves=21
num_cat=0
split_feature=11 26 46 58 56 1 41 64 62 71 17 45 41 50 11 33 19 46 11 18
split_gain=98.2343 36.3815 6.64524 6.39758 7.11614 10.052 6.91347 5.73165 5.62088 5.41374 5.36332 5.18971 5.16517 4.39221 6.89484 2.24702 5.02395 1.95473 0.626267 0.133653
threshold=18.439999580383304 0.0018064273754134776 -0.96636253595352162 -2799615.9999999995 0.8114321529865266 961272.50000000012 2.3599539995193486 0.28124563395977026 0.11720344051718713 74913.425781250015 26539.500000000004 -0.30985337495803827 0.64198589324951183 -0.029420232400298115 48.220001220703132 -1.2964009046554563 23444.138671875004 1.393467962741852 81.255001068115249 110498.50000000001
decision_type=2 2 2 2 2 2 2 2 2 2 2 2 2 2 2 2 2 2 2 2
left_child=3 10 -3 9 5 12 17 8 -4 -1 13 -9 -5 -2 -15 16 -12 -6 -17 -7
right_child=1 2 7 4 6 19 -8 11 -10 -11 15 -13 -14 14 -16 18 -18 -19 -20 -21
leaf_value=-0.0067283004122320102 0.015840009902265213 -0.012487754675358379 0.0037523461995561942 -0.0027072227680421898 -0.012513284727871698 -0.015879193875126398 0.0052780284894323572 0.015666326219748821 -0.003561730424860108 0.010674957682040147 0.016771527394084412 0.0009045517732443471 0.010630896701038384 -0.0021724021434648172 0.010674722702092295 0.016035418250864672 0 -0.0061224672733240651 0.010254130433797075 -0.010695767435352124
leaf_weight=3.7037968933582297 5.8365481495857265 3.365822657942771 22.760467380285263 13.950937613844877 37.188542693853378 4.4544886201620093 2.4814071208238593 5.2499804049730301 19.469503790140152 3.4166221022605896 3.7758416533470145 4.6371620297431928 3.6656036376953116 6.7234836965799358 10.566800504922865 30.444308176636696 3.2485008537769318 6.2548137605190268 3.0864288061857215 2.3785755634307861
leaf_count=15 20 14 83 54 162 19 9 18 74 12 13 17 13 25 37 106 12 26 11 10
internal_value=0.00132554 0.00702934 0.0010899 -0.00743238 -0.00834853 -0.00392538 -0.0106816 0.00198596 0.000356619 0.00148194 0.0121884 0.00884406 1.13733e-05 0.00824335 0.00562117 0.0144134 0.00892629 -0.0116162 0.0155331 -0.0142212
internal_weight=196.66 119.165 55.4829 77.4948 70.3744 24.4496 45.9248 52.1171 42.23 7.12042 63.6819 9.88714 17.6165 23.1268 17.2903 40.5551 7.02434 43.4434 33.5307 6.83306
internal_count=750 430 206 320 293 96 197 192 157 27 224 35 67 82 62 142 25 188 117 29
is_linear=0
shrinkage=0.01


Tree=36
num_leaves=17
num_cat=0
split_feature=11 59 56 38 33 27 7 56 67 47 44 46 41 56 48 2
split_gain=96.4596 17.458 9.92281 10.04 8.26924 6.94043 6.29936 7.71195 8.89381 8.48818 6.92873 5.98879 4.32276 2.61988 1.51189 2.53601
threshold=18.439999580383304 0.41494457423686987 4.9851562976837167 -1.4967882633209226 -1.267381966114044 -98551807.999999985 1.6782447099685671 0.8114321529865266 4.3067798614501962 0.090742107480764403 128155.48828125001 -0.77985116839408863 2.2107814550399785 2.6342601776123051 -0.91026797890663136 49838206.000000007
decision_type=2 2 2 2 2 2 2 2 2 2 2 2 2 2 2 2
left_child=6 14 3 -3 11 -6 7 8 9 -1 12 -4 -9 -5 -2 -16
right_child=1 2 4 13 5 -7 -8 10 -10 -11 -12 -13 -14 -15 15 -17
leaf_value=-0.012448766333558861 0.0081427153806509604 0.0073128009992794053 0.010417180622609648 -0.0040772543382655187 -0.0057768665431133237 0.0082568465037269074 0.005948593632412541 -0.012206273914488039 0.014266850391503379 7.2418067109124786e-05 0.0010049185579119827 -0.0050103788534309789 0.0011702430054107052 -0.01778654383084589 0.017028394673964435 0.0081002012318241081
leaf_weight=9.5674682408571297 4.2007820755243328 4.4224778264760971 3.3506615757942191 2.5988603830337507 3.6409066617488852 65.015818670392036 3.3102504760026923 42.576734781265259 2.5485732704401007 12.109855353832243 4.7832845896482459 9.9574887603521329 2.4174878746271125 3.6832401305437088 17.671101361513141 4.4645245522260657
leaf_count=40 15 16 12 10 14 233 12 186 9 46 18 38 9 15 61 16
internal_value=0.00131457 0.00696872 0.00491034 -0.00408868 0.00609781 0.00749807 -0.0073757 -0.00798522 -0.00329672 -0.00540778 -0.0102469 -0.00105096 -0.0114653 -0.0122743 0.0141735 0.0152728
internal_weight=196.32 119.006 92.6695 10.7046 81.9649 68.6567 77.3137 74.0034 24.2259 21.6773 49.7775 13.3082 44.9942 6.2821 26.3364 22.1356
internal_count=750 430 338 41 297 247 320 308 95 86 213 50 195 25 92 77
is_linear=0
shrinkage=0.01


Tree=37
num_leaves=20
num_cat=0
split_feature=71 26 17 56 67 47 46 7 7 65 46 4 0 61 37 72 22 68 34
split_gain=87.9172 30.2528 10.8629 6.62116 8.67362 7.13636 6.40866 6.65392 6.80808 6.19622 5.9279 5.8407 4.83769 4.57153 2.77048 3.25737 2.71278 2.04692 1.64405
threshold=11921.247558593752 0.0014285732759162786 23753.500000000004 0.8114321529865266 4.3067798614501962 0.19636292010545733 -0.96636253595352162 2.9118626117706303 1.9612647891044619 2.792587518692017 -0.77985116839408863 1232186.7500000002 229213.00000000003 295.83566284179693 -1.860654294490814 -2542327.6249999995 -63252.189453124993 66.666675567626967 -1.3675611019134519
decision_type=2 2 2 2 2 2 2 2 2 2 2 2 2 2 2 2 2 2 2
left_child=3 2 11 4 5 12 -3 8 -8 14 -7 13 -1 -2 15 -5 -4 -16 -18
right_child=1 6 16 9 -6 10 7 -9 -10 -11 -12 -13 -14 -15 17 -17 18 -19 -20
leaf_value=-0.014650464229899341 0.01156724190080124 -0.010759588782830292 0.0040127179044246539 -0.014793296074671001 0.014104512127046248 -0.012537604295468265 0.0026829859292047294 0.016082095783114803 -0.0079358837743152572 0.0040776750702581502 0.0043770932270221245 -0.0050773212983415755 0.00052742602106419184 0.00099347152252807496 -0.0099235563687578594 -0.0014673077713446877 0.0094863416907331171 -0.015192662315118026 0.015700646923120919
leaf_weight=8.4844481945037895 11.98951786756516 4.1358504295349112 2.7529182434082022 2.6929569989442825 2.552109330892562 2.725723683834075 44.645085543394089 3.2267270535230628 6.9523986577987662 2.9544938653707495 8.6058425158262235 4.1758311390876761 2.6242429167032233 6.5348088443279257 21.717177629470825 6.4050802290439588 5.9029976725578299 13.258500844240187 33.697072565555573
leaf_count=36 42 17 10 12 9 11 164 11 27 11 32 16 10 24 94 26 21 59 118
internal_value=0.0013035 0.00641131 0.0111153 -0.00747784 -0.00325804 -0.00527723 0.00120423 0.002125 0.00123279 -0.00969912 0.00022014 0.00546145 -0.0109749 0.00789113 -0.0106453 -0.00552162 0.014122 -0.0119495 0.0147996
internal_weight=196.034 124.013 65.0531 72.0206 24.9924 22.4403 58.9601 54.8242 51.5975 47.0282 11.3316 22.7002 11.1087 18.5243 44.0737 9.09804 42.353 34.9757 39.6001
internal_count=750 450 231 300 98 89 219 202 191 202 43 82 46 66 191 38 149 153 139
is_linear=0
shrinkage=0.01


Tree=38
num_leaves=20
num_cat=0
split_feature=11 26 7 7 2 7 56 67 47 4 17 45 36 41 61 7 33 48 11
split_gain=93.1164 35.0536 6.44092 6.60615 7.68052 6.14391 7.53225 8.54337 8.2509 6.52796 5.24963 4.32023 7.41792 4.07493 3.77313 3.04754 2.19772 4.92752 0.615659
threshold=18.439999580383304 0.0018064273754134776 2.9118626117706303 1.9612647891044619 7038409.0000000009 1.6782447099685671 0.8114321529865266 4.3067798614501962 0.090742107480764403 1851177.1250000002 26539.500000000004 -0.70477455854415882 -0.86696788668632496 2.2107814550399785 365.07525634765631 2.3209587335586552 -1.2964009046554563 -0.15719246864318845 81.255001068115249
decision_type=2 2 2 2 2 2 2 2 2 2 2 2 2 2 2 2 2 2 2
left_child=5 10 3 4 -3 6 7 8 -1 13 11 14 -13 -8 -2 -5 17 -12 -18
right_child=1 2 -4 15 -6 -7 9 -9 -10 -11 16 12 -14 -15 -16 -17 18 -19 -20
leaf_value=-0.012286190268452299 0.015483809429427977 0.0067150935055296139 0.015471551372274073 -0.017369630340637571 -0.0016624230029688495 0.0058867120669201479 -0.011743504009486688 0.013945597400179066 7.8334426516252762e-05 0.0039399486651093048 0.016518611512804739 -0.0075985744464558596 0.009864595487088566 0.0012284193281818937 0.0033156089984194524 -0.0031806870535049381 0.015762467762258862 -1.3941356050215831e-05 0.010010868545160746
leaf_weight=9.5124198198318535 9.0131163448095339 17.819972321391106 2.9251630902290335 2.6997059881687155 28.059513628482819 3.3099582940340033 44.061566174030304 2.5553629249334326 12.107382640242575 2.9975040555000296 3.7493174076080322 3.9275790452957153 6.252122297883032 2.4157817661762229 3.8722255527973166 3.9479753375053406 30.186689838767052 3.2417411953210822 3.0654927790164939
leaf_count=40 31 64 10 11 106 12 193 9 46 11 13 15 22 9 14 15 106 12 11
internal_value=0.00129256 0.00684943 0.00102471 0.00020115 0.00156968 -0.00726952 -0.00787436 -0.00323832 -0.00531563 -0.0101195 0.0119356 0.00803063 0.00302864 -0.0110477 0.0119047 -0.00909342 0.0141488 0.00870946 0.0152623
internal_weight=195.721 118.761 55.4523 52.5272 45.8795 76.96 73.65 24.1752 21.6198 49.4749 63.3083 23.065 10.1797 46.4773 12.8853 6.64768 40.2432 6.99106 33.2522
internal_count=750 430 206 196 170 320 308 95 86 213 224 82 37 202 45 26 142 25 117
is_linear=0
shrinkage=0.01


Tree=39
num_leaves=22
num_cat=0
split_feature=71 56 41 56 58 2 2 71 39 24 1 38 10 43 33 27 59 71 2 46 54
split_gain=84.8178 14.8448 11.9912 8.75859 7.90432 8.16115 6.67163 6.54564 6.33674 5.80273 6.22175 5.26433 4.7111 4.39163 5.26855 4.14055 4.03544 3.84617 3.54156 3.22426 2.38026
threshold=11921.247558593752 13.398769855499269 2.3599539995193486 0.91547101736068737 -2799615.9999999995 5684512.5000000009 55722574.000000007 517768.75000000006 1.0000000180025095e-35 414.50000000000006 961272.50000000012 -1.4632723927497862 0.00054243000340648006 17075.645507812504 -1.2964009046554563 -18343935.999999996 2.3055320978164677 933755.84375000012 7038409.0000000009 -0.61740800738334645 0.385430857539177
decision_type=2 2 2 2 2 2 2 2 2 2 2 2 2 2 2 2 2 2 2 2 2
left_child=2 4 3 9 12 11 13 19 -7 10 -1 -6 15 16 -15 -2 -3 -9 20 -8 -5
right_child=1 6 -4 18 5 8 7 17 -10 -11 -12 -13 -14 14 -16 -17 -18 -19 -20 -21 -22
leaf_value=-0.0020788877368527574 0.0027577983136434169 0.0091287012698894072 0.010830956992443944 -0.0069027704790317682 -0.0074749586907369141 0.0066038484213746061 0.0043855870847274419 0.017428233656611749 -0.0094552189296318832 0.0092293496360575759 -0.013725009253795779 0.0069262399213865415 -0.0027857540999427703 0.0047364125003138378 0.012686439732811288 0.015436211971602047 -0.007080495456197905 0.0011175086519570132 0 -0.0082889865780182165 -0.013165958589471703
leaf_weight=16.52972428500653 4.3352662175893775 3.6289799064397803 3.4010543376207343 8.4882023930549604 3.1268377453088751 2.9876762926578513 3.2936716228723517 3.5051580071449271 12.416134551167486 3.0240487903356543 6.5024537444114676 12.462941572070124 3.1564361900091162 10.678377985954283 46.692811638116837 7.2239718288183203 2.6115783154964447 2.6964139938354492 2.5528747588396064 4.8904229700565329 31.168785482645035
leaf_count=64 16 13 12 36 12 11 12 12 49 11 28 45 12 39 165 25 10 10 10 19 139
internal_value=0.00128216 0.00630155 -0.007368 -0.00828933 0.0017492 -0.00108793 0.00895657 0.00271173 -0.00627553 -0.00367281 -0.00541024 0.00397365 0.00779261 0.0103531 0.0112241 0.0107677 0.00218516 0.0104977 -0.0111154 -0.00306594 -0.0118506
internal_weight=195.374 123.707 71.6671 68.2661 45.7093 30.9936 77.9974 14.3857 15.4038 26.0562 23.0322 15.5898 14.7157 63.6117 57.3712 11.5592 6.24056 6.20157 42.2099 8.18409 39.657
internal_count=750 450 300 288 170 117 280 53 60 103 92 57 53 227 204 41 23 22 185 31 175
is_linear=0
shrinkage=0.01


Tree=40
num_leaves=19
num_cat=0
split_feature=11 26 7 7 2 7 56 47 44 7 17 50 38 41 34 7 22 28
split_gain=89.9202 34.2478 6.26454 6.46456 7.44862 5.99065 7.37704 6.99132 6.55601 5.88983 5.20272 4.29639 7.84243 4.12762 4.00878 3.01427 2.18264 0.570731
threshold=18.439999580383304 0.0018064273754134776 2.9118626117706303 1.9612647891044619 7038409.0000000009 1.6782447099685671 0.8114321529865266 0.19636292010545733 128155.48828125001 1.0944562554359438 26539.500000000004 -0.029420232400298115 -1.0711275339126585 2.2107814550399785 -0.64827111363410939 2.3209587335586552 -48169.503906249993 -271.99999999999994
decision_type=2 2 2 2 2 2 2 2 2 2 2 2 2 2 2 2 2 2
left_child=5 10 3 4 -3 6 7 9 13 -1 11 -2 -13 -8 -9 -5 -12 -18
right_child=1 2 -4 15 -6 -7 8 14 -10 -11 16 12 -14 -15 -16 -17 17 -19
leaf_value=-0.014075615747318731 0.015431784466466897 0.0065897903365669018 0.01523701123265056 -0.017269577756097804 -0.0016610406409910971 0.0058230784205422041 -0.011932504592342271 -0.0066419347269458867 0.00093812017300933654 4.8068103971181312e-06 0.0057364170838993082 -0.0027780743471375047 0.010875690728343473 0.0011365556162421045 0.0059824411371801603 -0.0031481995668694823 0.012697773428769184 0.015869873706371138
leaf_weight=7.4422192275524157 5.7902641594409969 17.818267464637756 2.9215555340051642 2.6957752704620352 28.050484210252762 3.3092941492795935 41.969657495617867 3.52565112709999 4.7797623723745337 4.7093990743160248 3.3350942134857169 6.9687683731317565 10.257694736123081 2.4169895201921454 8.4468069076538068 3.9446866363286972 13.728990092873572 22.971474558115005
leaf_count=32 20 64 10 11 106 12 186 14 18 18 12 26 36 9 31 15 49 81
internal_value=0.00127135 0.00673459 0.000980825 0.000168582 0.00152229 -0.00716605 -0.00776619 -0.00317591 -0.00999813 -0.00853641 0.011777 0.00788791 0.00529417 -0.0111983 0.00218129 -0.00903153 0.0139879 0.0147105
internal_weight=195.083 118.483 55.4308 52.5092 45.8688 76.5998 73.2905 24.1241 49.1664 12.1516 63.0523 23.0167 17.2265 44.3866 11.9725 6.64046 40.0356 36.7005
internal_count=750 430 206 196 170 320 308 95 213 50 224 82 62 195 45 26 142 130
is_linear=0
shrinkage=0.01


Tree=41
num_leaves=20
num_cat=0
split_feature=11 26 46 58 56 1 41 34 64 17 17 11 58 71 45 22 7 28 28
split_gain=88.2959 33.7048 6.42845 5.97183 6.62392 7.19383 6.55386 5.74368 5.45845 5.46963 5.14617 5.13009 4.70707 4.28068 7.77782 2.15805 2.13933 1.42175 0.564509
threshold=18.439999580383304 0.0018064273754134776 -0.96636253595352162 -2799615.9999999995 0.91547101736068737 961272.50000000012 2.3599539995193486 -0.93241238594055165 0.28124563395977026 7922.0000000000009 26539.500000000004 55.500000000000007 -387071.99999999994 643241.03125000012 -0.70477455854415882 -48169.503906249993 1.5777072906494143 292.80078125000006 -271.99999999999994
decision_type=2 2 2 2 2 2 2 2 2 2 2 2 2 2 2 2 2 2 2
left_child=3 10 -3 7 5 12 16 -1 9 -4 13 -10 -5 14 -2 -12 -6 -7 -17
right_child=1 2 8 4 6 17 -8 -9 11 -11 15 -13 -14 -15 -16 18 -18 -19 -20
leaf_value=0.0080577267646052865 0.010955964648596698 -0.012408792370716142 -0.0068607747235296295 0.010108775101258866 -0.011939016848708501 -0.015599474084853713 0.0051022103892157814 -0.010952655696252448 0.014602319840228821 0.0020981888995624622 0.005682849469118424 0 -0.0029769675420889697 0.017207110442722814 -0.0020581845120184227 0.012606554126612567 -0.0018823740497193792 -0.005387174356969583 0.015768544648534118
leaf_weight=4.6967912316322327 11.380064561963085 3.3542814701795569 8.5324946641921979 3.3496746271848741 38.648385405540466 4.8551282733678809 2.4846364855766288 2.3821108341217032 5.7896771132945997 33.679141238331795 3.3328772634267798 4.0599489212036133 15.118716984987257 4.0981635451316825 7.5099890530109414 13.690242171287535 2.4903561919927588 2.3847212940454483 22.888315454125404
leaf_count=17 40 14 33 12 172 21 9 10 20 124 12 15 59 14 28 49 10 10 81
internal_value=0.00126114 0.00667697 0.000970915 -0.00711172 -0.00800739 -0.00391824 -0.0103943 0.00151931 0.00185217 0.000263569 0.0116882 0.00855877 -0.000549416 0.0078188 0.00572908 0.0138918 -0.0113545 -0.0123738 0.0146124
internal_weight=194.726 118.315 55.4155 76.4105 69.3316 25.7082 43.6234 7.0789 52.0613 42.2116 62.8997 9.84963 18.4684 22.9882 18.8901 39.9114 41.1387 7.23985 36.5786
internal_count=750 430 206 320 293 102 191 27 192 157 224 35 71 82 68 142 182 31 130
is_linear=0
shrinkage=0.01


Tree=42
num_leaves=17
num_cat=0
split_feature=11 59 54 9 31 3 58 54 58 67 34 53 40 31 48 5
split_gain=86.7101 16.391 8.48687 7.2694 9.54505 6.32802 5.87486 6.32682 7.76423 7.93055 5.63614 3.6156 3.4309 2.56104 1.51365 1.46734
threshold=18.439999580383304 0.41494457423686987 0.19414236396551135 292761712.00000006 -2.6845155954360957 -1108960.4999999998 -2799615.9999999995 0.75373369455337536 231424.00000000003 -4.218754529953002 -0.93241238594055165 -0.65639555454254139 -2.1970829963684078 6.0854976177215585 -0.91026797890663136 574426.09375000012
decision_type=2 2 2 2 2 2 2 2 2 2 2 2 2 2 2 2
left_child=6 14 -3 4 -4 -5 10 8 9 -8 -1 -10 -9 -14 -2 -16
right_child=1 2 3 5 -6 -7 7 12 11 -11 -12 -13 13 -15 15 -17
leaf_value=0.0079755033469455765 0.007613710543361474 -0.0098465162477587836 -0.014139452675731665 0.0024799384151582326 0.0036330710941743427 0.01055389926656067 -0.016006330372828777 -0.00029919364951908165 -9.6565422910264867e-05 0.0021750388400061833 -0.010870789460605204 -0.012760618074491935 -0.013251249114090254 -0.0058415452523936685 0.016034547366926652 0.0085812638880769249
leaf_weight=4.6977553814649582 4.1608192622661617 3.8349255174398413 3.2587315589189521 14.552184522151945 39.033956721425056 31.492689400911331 2.8159888237714794 2.9869182854890814 2.992847427725791 16.066069573163986 2.3760799318552008 11.664173990488051 26.304953008890152 6.3198083043098441 17.958100229501728 3.8526485115289679
leaf_count=17 15 15 13 54 144 112 12 12 12 62 10 50 118 27 63 14
internal_value=0.0012508 0.00662009 0.00462649 0.00526611 0.00224002 0.00802389 -0.00705819 -0.0079485 -0.00477832 -0.000483492 0.00150372 -0.0102429 -0.0109061 -0.0118466 0.0136569 0.0147638
internal_weight=194.369 118.144 92.1725 88.3376 42.2927 46.0449 76.2246 69.1508 33.5391 18.8821 7.07384 14.657 35.6117 32.6248 25.9716 21.8107
internal_count=750 430 338 323 157 166 320 293 136 74 27 62 157 145 92 77
is_linear=0
shrinkage=0.01


Tree=43
num_leaves=17
num_cat=0
split_feature=11 59 56 38 67 7 7 56 67 47 4 41 45 56 48 2
split_gain=85.1274 16.1587 9.1424 9.74822 7.13753 9.92123 5.77366 7.17119 8.27656 8.00854 6.1621 4.51471 2.86147 2.57064 1.49571 2.51492
threshold=18.439999580383304 0.41494457423686987 4.9851562976837167 -1.4967882633209226 4.6730723381042489 0.93009793758392345 1.6782447099685671 0.8114321529865266 4.3067798614501962 0.19636292010545733 1851177.1250000002 2.3599539995193486 -0.63049980998039235 2.6342601776123051 -0.91026797890663136 49838206.000000007
decision_type=2 2 2 2 2 2 2 2 2 2 2 2 2 2 2 2
left_child=6 14 3 -3 5 -4 7 8 9 -1 11 -9 -6 -5 -2 -16
right_child=1 2 4 13 12 -7 -8 10 -10 -11 -12 -13 -14 -15 15 -17
leaf_value=-0.011415261539579575 0.0075464717520606012 0.0071781949055592653 -5.6910768556871718e-05 -0.0040111695941817665 0.0032778537636821781 0.007612520182595537 0.0057462233046586013 -0.011438648681942191 0.013846300524967887 0.00071978318237087187 0.0038480277985848423 0.0029404495587350777 0.015370676889767326 -0.017616734007990759 0.016426732573588274 0.0074850179057535859
leaf_weight=10.434301361441618 4.1559376567602184 4.4120995700359344 28.329370975494385 2.5914661139249784 2.7374087721109381 40.772848591208458 3.3075256645679465 43.521135926246643 2.5535766035318366 11.057653963565825 2.9909375160932532 2.1840378791093817 9.6169686913490278 3.6708379536867142 17.340410888195041 4.4033678770065299
leaf_count=44 15 16 106 10 10 147 12 194 9 42 11 8 34 15 61 16
internal_value=0.00124001 0.0065605 0.0045823 -0.00406506 0.00572776 0.00445386 -0.00700441 -0.00759792 -0.00306891 -0.00512523 -0.00981376 -0.0107297 0.0127722 -0.0121462 0.0135588 0.0146619
internal_weight=194.08 118.031 92.131 10.6744 81.4566 69.1022 76.0492 72.7416 24.0455 21.492 48.6961 45.7052 12.3544 6.2623 25.8997 21.7438
internal_count=750 430 338 41 297 253 320 308 95 86 213 202 44 25 92 77
is_linear=0
shrinkage=0.01


Tree=44
num_leaves=20
num_cat=0
split_feature=11 26 46 58 56 1 41 38 64 31 17 45 71 71 45 47 48 28 31
split_gain=83.5772 32.6852 6.31461 5.74037 6.41418 7.05664 6.35331 5.73427 5.27984 5.42252 5.1117 5.10864 4.88802 4.48858 7.59626 2.77053 1.86788 1.41046 0.762048
threshold=18.439999580383304 0.0018064273754134776 -0.96636253595352162 -2799615.9999999995 0.91547101736068737 961272.50000000012 2.3599539995193486 1.2186548113822939 0.28124563395977026 2.1005116701126103 23753.500000000004 -0.30985337495803827 74913.425781250015 643241.03125000012 -0.70477455854415882 1.4661180973052981 -0.72914156317710865 292.80078125000006 1.6117005348205569
decision_type=2 2 2 2 2 2 2 2 2 2 2 2 2 2 2 2 2 2 2
left_child=3 10 -3 12 5 7 16 -5 9 -4 13 -10 -1 14 -2 18 -6 -7 -12
right_child=1 2 8 4 6 17 -8 -9 11 -11 15 -13 -14 -15 -16 -17 -18 -19 -20
leaf_value=-0.0063495734159412648 0.010337390302882448 -0.012381679561211372 0.0018479082271317202 -0.003301970829538905 -0.014811893573164621 -0.015444872182218355 0.0050457074352210831 0.010669422283932766 0.015183932456654059 -0.0076867628343546433 0.015911261116422236 0.00050726673090460651 0.010249455282168727 0.016961737912549152 -0.0031536386104730574 0.0054021125642683262 -0.0097358999246149741 -0.0052457711701265723 0.012508405143564192
leaf_weight=3.6524037569761267 10.755265310406688 3.3496477752923957 35.030715733766556 14.772899270057684 11.19341531395912 4.8162270188331595 2.4854031056165686 3.658797249197959 5.1950366795063019 7.1819156706333152 20.731880664825439 4.6326220631599409 3.4062482565641403 4.0768349766731253 6.6704922020435342 4.1327192634344092 29.500711530447006 2.3725107610225677 16.137878715991974
leaf_count=15 38 14 129 58 51 21 9 13 18 28 74 17 12 14 25 15 131 10 58
internal_value=0.00122997 0.00650269 0.000889776 -0.00695141 -0.00783496 -0.00380845 -0.0102009 -0.000474315 0.00176323 0.000202022 0.0114607 0.00836731 0.00151884 0.00740819 0.00511571 0.0135615 -0.0111567 -0.012218 0.014449
internal_weight=193.754 117.895 55.3899 75.8586 68.8 25.6204 43.1795 18.4317 52.0403 42.2126 62.5051 9.82766 7.05865 21.5026 17.4258 41.0025 40.6941 7.18874 36.8698
internal_count=750 430 206 320 293 102 191 71 192 157 224 35 27 77 63 147 182 31 132
is_linear=0
shrinkage=0.01


Tree=45
num_leaves=20
num_cat=0
split_feature=11 26 46 58 54 58 67 35 1 57 17 49 50 38 53 40 31 47 31
split_gain=82.0859 32.1668 6.2044 5.6467 6.15392 7.59917 7.78596 5.19376 6.28579 6.20511 5.06161 4.34296 4.20196 7.59248 3.57714 3.36633 2.54628 1.60193 0.81947
threshold=18.439999580383304 0.0018064273754134776 -0.96636253595352162 -2799615.9999999995 0.75373369455337536 231424.00000000003 -4.218754529953002 -1.1014665961265562 2961757.5000000005 1.7129619121551516 26539.500000000004 -0.31194539368152613 -0.029420232400298115 -1.0711275339126585 -0.65639555454254139 -2.1970829963684078 6.0854976177215585 1.4661180973052981 1.6117005348205569
decision_type=2 2 2 2 2 2 2 2 2 2 2 2 2 2 2 2 2 2 2
left_child=3 10 -3 11 5 6 -5 8 -4 -9 12 -1 -2 -14 -7 -6 -17 18 -12
right_child=1 2 7 4 15 14 -8 9 -10 -11 17 -13 13 -15 -16 16 -18 -19 -20
leaf_value=-0.0068415678969094354 0.015031103132539721 -0.012293703749954771 0.0092011304118260837 -0.015842333053136842 -0.00018979757535931346 0 0.0022340724369548201 -0.0096662094161869654 -0.0047742421859557696 0.0057711605219468599 0.015792649076425389 0.0088494042133954662 -0.0029717937756505797 0.010489659606371722 -0.012595055704450122 -0.013064014511953239 -0.005646712967307236 0.0069543603368742634 0.01223940807012339
leaf_weight=3.2375581711530685 5.7366835474967983 3.3399309217929831 3.9419222772121456 2.7952526360750225 2.9755483567714682 2.9804380387067786 16.030417010188103 2.822836950421336 16.910872459411621 28.348647758364677 20.071249395608902 3.8142302930355063 6.9582232385873839 10.189451977610585 11.570621788501738 25.995644122362137 6.2695644944906226 3.879819229245185 15.51007169485092
leaf_count=13 20 14 14 12 12 12 62 11 65 102 72 14 26 36 50 118 27 14 56
internal_value=0.00122008 0.00644824 0.000881289 -0.00689952 -0.00777769 -0.00464728 -0.00039681 0.00174634 -0.00208444 0.0043411 0.0113758 0.00150369 0.00753502 0.00496892 -0.0100777 -0.0107141 -0.0116537 0.0135778 0.0142719
internal_weight=193.379 117.71 55.3642 75.6693 68.6175 33.3767 18.8257 52.0243 20.8528 31.1715 62.3455 7.05179 22.8844 17.1477 14.5511 35.2408 32.2652 39.4611 35.5813
internal_count=750 430 206 320 293 136 74 192 79 113 224 27 82 62 62 157 145 142 128
is_linear=0
shrinkage=0.01


Tree=46
num_leaves=20
num_cat=0
split_feature=71 26 41 17 50 4 7 40 7 1 62 33 0 61 45 55 64 57 26
split_gain=74.9945 26.9169 10.9996 10.2768 5.89195 5.40353 5.36035 5.29027 5.25055 9.53707 6.5523 4.60972 4.57297 4.39438 4.09908 8.55739 2.59999 0.877939 0.179328
threshold=11921.247558593752 0.0014285732759162786 2.3599539995193486 23753.500000000004 -0.00018213857401860875 1232186.7500000002 2.9118626117706303 1.4757983088493349 1.903550982475281 8984807.0000000019 0.24776395410299304 -1.4635440707206724 229213.00000000003 295.83566284179693 -0.16200628131628034 -0.18110813945531842 0.32958334684371954 1.6530030965805056 0.00038677772681694483
decision_type=2 2 2 2 2 2 2 2 2 2 2 2 2 2 2 2 2 2 2
left_child=2 3 4 5 7 13 8 12 9 -3 -10 -5 -1 -2 16 -16 -6 -13 -9
right_child=1 6 -4 11 14 -7 -8 18 10 -11 -12 17 -14 -15 15 -17 -18 -19 -20
leaf_value=-0.0039604918390588545 0.010908456717503344 0.0066750581298959744 0.010455204560973756 0.0037142476300520604 -0.014990387114653557 -0.0052457114320191046 0.013132660415716643 -0.0094299324667220519 -0.014796722183226181 -0.0023458814763741807 0.0038691936569809939 0.011400830297325805 0.0081481140731705162 0.00050462330582137695 -0.014863720322844887 -0.0011719236068071051 -0.0066685429554741472 0.015581777867383666 -0.015288480878552167
leaf_weight=15.613791599869733 11.843771412968641 20.534557193517685 3.3834828138351432 4.6301597058773032 17.618611171841625 4.1461550146341315 3.4525264501571646 2.2352929562330237 4.6980995982885352 27.097251251339912 3.0190202444791794 8.8035941869020444 3.8649347871541968 6.4930230230092993 7.7105555683374432 11.625287309288977 5.397128000855445 27.900812610983849 2.9506733119487762
leaf_count=65 42 74 12 17 80 16 12 10 19 103 11 32 15 24 35 47 23 100 13
internal_value=0.00120998 0.00593744 -0.00700988 0.0104365 -0.00790657 0.00492481 0.00103753 -0.00395449 0.000264994 0.00152214 -0.00736483 0.0134103 -0.00150659 0.00727901 -0.0101846 -0.00668352 -0.0130824 0.0146062 -0.0129561
internal_weight=193.019 122.619 70.3998 63.8175 67.0163 22.4829 58.8015 24.6647 55.3489 47.6318 7.71712 41.3346 19.4787 18.3368 42.3516 19.3358 23.0157 36.7044 5.18597
internal_count=750 450 300 231 288 82 219 103 207 177 30 149 80 66 185 82 103 132 23
is_linear=0
shrinkage=0.01


Tree=47
num_leaves=18
num_cat=0
split_feature=11 26 46 7 56 67 44 7 7 50 41 57 50 33 19 71 51
split_gain=79.3313 31.217 6.10534 5.53921 6.99289 8.06225 6.19129 5.22383 7.52729 5.15596 4.48944 3.89685 4.13864 7.53931 2.45704 3.89521 1.6005
threshold=18.439999580383304 0.0018064273754134776 -0.96636253595352162 1.6782447099685671 0.8114321529865266 4.3067798614501962 128155.48828125001 2.9118626117706303 1.9612647891044619 0.00024703075177967554 2.3599539995193486 0.98012837767601024 -0.029420232400298115 -0.59654036164283741 3547.1149902343755 497125.89062500006 -0.16823612153530118
decision_type=2 2 2 2 2 2 2 2 2 2 2 2 2 2 2 2 2
left_child=3 11 -3 4 5 9 10 8 -4 -1 -6 12 -2 -14 15 -13 -16
right_child=1 2 7 -5 6 -7 -8 -9 -10 -11 -12 14 13 -15 16 -17 -18
leaf_value=-0.0015915914555007654 0.015913311752979147 -0.01222234944525004 0.0024939424474756857 0.0056880819103360871 -0.011532826636883533 0.013784859384267423 0.0010567434889684254 0.014762927848519665 -0.0089544130246853818 -0.012322834995069679 0.0028175220334453422 0.0056279076183997504 -0.006150339807011883 0.011182497354590275 0.0065549200092930686 0.01684477800449774 0.014859060669690498
leaf_weight=14.777447566390043 3.3841422498226157 3.3312538713216773 42.459408894181252 3.3041678518056861 41.159742370247841 2.5519505739212027 4.7455659955739966 2.9103638380765906 6.6223764866590491 6.6010078638792029 2.1853687316179267 10.768986850976942 4.7023331820964804 5.2912193089723578 3.0016353279352144 4.6333031952381125 30.239886522293094
leaf_count=58 12 14 156 12 187 9 18 10 26 28 8 39 18 19 11 16 109
internal_value=0.00119999 0.00634547 0.000864762 -0.00680258 -0.00738951 -0.00291197 -0.00959679 0.00172252 0.000928895 -0.00495184 -0.0107862 0.0112182 0.00628666 0.0029267 0.0125538 0.00906708 0.0141393
internal_weight=192.67 117.345 55.3234 75.3253 72.0211 23.9304 48.0907 51.9921 49.0818 21.3785 43.3451 62.0215 13.3777 9.99355 48.6438 15.4023 33.2415
internal_count=750 430 206 320 308 95 213 192 182 86 195 224 49 37 175 55 120
is_linear=0
shrinkage=0.01


Tree=48
num_leaves=21
num_cat=0
split_feature=11 26 46 40 38 54 24 1 35 1 49 17 71 45 48 35 19 47 28 33
split_gain=77.9104 30.7345 5.99889 5.34868 7.63747 7.15261 7.17496 9.70133 5.04937 6.11703 5.51147 4.91782 4.37481 7.41301 3.58512 3.22788 4.93796 2.72049 0.540709 0.265995
threshold=18.439999580383304 0.0018064273754134776 -0.96636253595352162 -2.0297425985336299 0.7080628275871278 0.75373369455337536 459.00000000000006 276373.00000000006 -1.1014665961265562 2961757.5000000005 -0.049645533785223954 23753.500000000004 643241.03125000012 -0.70477455854415882 -0.53210216760635365 -0.18880052119493482 5374.8510742187509 1.4661180973052981 -271.99999999999994 -0.3836576640605926
decision_type=2 2 2 2 2 2 2 2 2 2 2 2 2 2 2 2 2 2 2 2
left_child=3 11 -3 4 14 6 7 -5 9 -4 -10 12 13 -2 -1 16 -7 18 -13 -17
right_child=1 2 8 5 -6 15 -8 -9 10 -11 -12 17 -14 -15 -16 19 -18 -19 -20 -21
leaf_value=-0.00027206319559552314 0.010071905755910113 -0.01213661904124343 0.0090626170606539942 0.0079364859415532139 -0.014604915681199676 -0.015152011985386696 0.0091909919277371431 -0.0083267872167165531 0.0082832024566037131 -0.0047292907063470916 -7.1994237447019894e-05 0.012144013856480489 0.016633166547475965 -0.0032774092762037632 0.015433809096110362 -0.0092733862261934995 -0.0038636888337616024 0.0051151630987368614 0.015248363399435525 -0.014571684262355434
leaf_weight=2.8076838403940201 10.700223922729496 3.3212873041629782 3.9383761584758785 4.2566446065902737 2.2078411430120468 6.0025634914636639 3.5082471221685401 24.353875875473022 16.289440006017688 16.892348453402519 14.865246221423147 13.697890609502791 4.0408383309841147 6.6589664369821557 2.7651573717594138 2.2258015125989941 11.949170738458632 4.1097853332757941 22.647146359086037 15.057908356189726
leaf_count=11 38 14 14 16 10 27 13 102 58 65 55 50 14 25 10 10 51 15 82 70
internal_value=0.00119056 0.00629228 0.00085618 -0.0067515 0.00098548 -0.00766012 -0.00419575 -0.0058722 0.00170551 -0.00207371 0.00426448 0.0111367 0.00715697 0.00489352 0.00734151 -0.0107897 -0.0076939 0.0132173 0.0141059 -0.0139472
internal_weight=192.296 117.162 55.3067 75.1349 7.78068 67.3542 32.1188 28.6105 51.9854 20.8307 31.1547 61.8549 21.4 17.3592 5.57284 35.2354 17.9517 40.4548 36.345 17.2837
internal_count=750 430 206 320 31 289 131 118 192 79 113 224 77 63 21 158 78 147 132 80
is_linear=0
shrinkage=0.01


Tree=49
num_leaves=16
num_cat=0
split_feature=11 26 46 7 41 58 7 7 17 50 38 50 33 19 11
split_gain=76.518 30.2604 5.89445 5.41173 5.80473 6.6549 5.11193 7.38651 4.87296 4.12558 7.38664 4.00316 2.16989 4.7971 0.637821
threshold=18.439999580383304 0.0018064273754134776 -0.96636253595352162 1.6782447099685671 2.3599539995193486 -5961727.9999999991 2.9118626117706303 1.9612647891044619 26539.500000000004 -0.029420232400298115 -1.0711275339126585 0.00024703075177967554 -1.2964009046554563 23444.138671875004 81.255001068115249
decision_type=2 2 2 2 2 2 2 2 2 2 2 2 2 2 2
left_child=3 8 -3 4 5 -1 7 -4 9 -2 -11 -7 13 -10 -14
right_child=1 2 6 -5 -6 11 -8 -9 12 10 -12 -13 14 -15 -16
leaf_value=0.0044880671631317235 0.014743366852524739 -0.012052069204968832 0.0024537004399523468 0.005645607560570939 0.006687273132757781 -0.0068581248814402716 0.014597598106352814 -0.0088925178799397018 0.015664020718325455 -0.0030893448511847294 0.010210541156275146 -0.012269194695544336 0.014878209115055711 -0.00084985732541431602 0.0090230085732040752
leaf_weight=4.0030107349157324 5.6891578584909466 3.3111921697854987 42.452428206801414 3.3028113394975653 2.781296268105506 43.700621128082275 2.9064283370971671 6.6153836548328391 3.6373509764671317 6.9504632055759474 10.129033535718914 21.170905157923698 29.109711453318596 3.1965603232383728 2.9731758385896674
leaf_count=15 20 14 156 12 10 188 10 26 13 26 36 95 106 12 11
internal_value=0.0011808 0.00623978 0.00084757 -0.00670027 -0.00728328 -0.00786195 0.00168862 0.000903609 0.0110563 0.00728317 0.00473963 -0.00863945 0.0132381 0.00779333 0.0143668
internal_weight=191.93 116.971 55.2854 74.9586 71.6558 68.8745 51.9742 49.0678 61.6855 22.7687 17.0795 64.8715 38.9168 6.83391 32.0829
internal_count=750 430 206 320 308 298 192 182 224 82 62 283 142 25 117
is_linear=0
shrinkage=0.01


Tree=50
num_leaves=18
num_cat=0
split_feature=11 26 46 7 54 58 44 26 7 7 17 71 45 53 47 41 11
split_gain=75.1417 29.8012 5.79215 5.31906 5.74691 7.58226 7.46139 6.98234 5.01846 7.24472 4.8297 4.3053 7.27542 3.47535 2.67981 1.98652 0.515651
threshold=18.439999580383304 0.0018064273754134776 -0.96636253595352162 1.6782447099685671 0.75373369455337536 231424.00000000003 128155.48828125001 0.00041142957343254244 2.9118626117706303 1.9612647891044619 23753.500000000004 643241.03125000012 -0.70477455854415882 -0.65639555454254139 1.4661180973052981 1.8433930277824404 81.255001068115249
decision_type=2 2 2 2 2 2 2 2 2 2 2 2 2 2 2 2 2
left_child=3 10 -3 4 5 7 15 -1 9 -4 11 12 -2 -7 16 -6 -12
right_child=1 2 8 -5 6 13 -8 -9 -10 -11 14 -13 -14 -15 -16 -17 -18
leaf_value=0.003760273706918461 0.0099277087114517763 -0.011968668007282097 0.0024289743210216745 0.0055879405689871296 -0.012277674852751703 0 0.0020031195537458667 -0.0095640874742333477 0.014472065240148574 -0.008812548116188576 0.014354147876129528 0.016458818596376951 -0.0033083813239748422 -0.012253925865728363 0.0049995998644670565 -0.0030720753493663623 0.0089532399970659975
leaf_weight=13.720703378319742 10.668234050273899 3.3009741753339759 42.455716475844383 3.303523361682891 30.747217044234276 2.9603200554847708 4.5006893426179877 5.5123962461948386 2.9023430794477454 6.6086945235729209 33.099649220705032 4.0195767879486075 6.6535248309373864 11.185399666428564 4.0991871058940879 2.8590282648801795 2.9664150178432456
leaf_count=53 38 14 156 12 142 12 17 23 10 26 121 14 25 49 15 12 11
internal_value=0.0011714 0.00618805 0.00083917 -0.00664813 -0.00722757 -0.00414624 -0.00990035 -6.62606e-06 0.00167198 0.000894424 0.0109781 0.00703125 0.00478581 -0.00970393 0.0130503 -0.0115243 0.0139377
internal_weight=191.564 116.774 55.2677 74.7893 71.4858 33.3788 38.1069 19.2331 51.9668 49.0644 61.5066 21.3413 17.3218 14.1457 40.1653 33.6062 36.0661
internal_count=750 430 206 320 308 137 171 76 192 182 224 77 63 61 147 154 132
is_linear=0
shrinkage=0.01


Tree=51
num_leaves=20
num_cat=0
split_feature=11 26 46 58 56 41 41 47 34 64 17 45 17 71 45 33 43 48 11
split_gain=73.8005 29.3462 5.69186 5.25611 6.16831 5.93497 5.32479 5.98543 5.2849 4.98981 5.26632 5.04729 4.78687 4.00663 7.16403 2.16105 4.79573 1.86495 0.629173
threshold=18.439999580383304 0.0018064273754134776 -0.96636253595352162 -2799615.9999999995 0.91547101736068737 2.3599539995193486 0.64198589324951183 0.090742107480764403 -0.93241238594055165 0.28124563395977026 7922.0000000000009 -0.30985337495803827 26539.500000000004 643241.03125000012 -0.70477455854415882 -1.2964009046554563 1216513.3125000002 -0.72914156317710865 81.255001068115249
decision_type=2 2 2 2 2 2 2 2 2 2 2 2 2 2 2 2 2 2 2
left_child=3 12 -3 8 6 17 7 -5 -1 10 -4 -11 13 14 -2 16 -14 -6 -17
right_child=1 2 9 4 5 -7 -8 -9 -10 11 -12 -13 15 -15 -16 18 -18 -19 -20
leaf_value=0.007789106199051452 0.010201129315770878 -0.011886383316360931 -0.0068595695098578532 -0.010979450266924711 -0.01445938153441638 0.004898272422576279 0.0064794431632998386 -0.00021526019856193241 -0.010562579114994246 0.014899366987931054 0.0019395795484733942 0.00028948288616817376 -0.0010150015770140032 0.016349079648363199 -0.0023451152437679893 0.014715967753094288 0.015540504400838855 -0.0093280389784954395 0.0088841814552883518
leaf_weight=4.674498975276947 11.226161405444149 3.2906391322612754 8.5188486725091916 10.446209341287618 10.879695758223532 2.4874163419008246 4.3401631265878668 10.603246718645094 2.3408258706331244 5.1575019359588623 33.651631757616997 4.6306927949190122 3.188839077949523 4.0061587691307059 7.4707749933004388 28.869240239262584 3.6114647090435028 28.832604363560677 2.959613010287284
leaf_count=17 40 14 33 45 51 9 16 41 10 18 124 17 12 14 28 106 13 131 11
internal_value=0.00116206 0.00613666 0.000830863 -0.00659812 -0.00745584 -0.00981242 -0.00349963 -0.00560471 0.0015231 0.00165552 0.000138352 0.00808975 0.0108999 0.00715747 0.00513451 0.0130735 0.00763015 -0.010759 0.0142051
internal_weight=191.186 116.582 55.2493 74.6047 67.5893 42.1997 25.3896 21.0495 7.01532 51.9587 42.1705 9.78819 61.3323 22.7031 18.6969 38.6292 6.8003 39.7123 31.8289
internal_count=750 430 206 320 293 191 102 86 27 192 157 35 224 82 68 142 25 182 117
is_linear=0
shrinkage=0.01


Tree=52
num_leaves=22
num_cat=0
split_feature=11 26 46 40 38 54 58 67 35 34 57 36 23 71 4 48 33 35 19 61 33
split_gain=72.4924 28.8972 5.59386 5.1887 7.40332 6.9941 8.12706 7.20663 4.93034 6.00637 5.98274 4.4394 3.94572 4.14703 6.15759 3.53705 3.31662 3.20294 4.88105 1.90352 0.265559
threshold=18.439999580383304 0.0018064273754134776 -0.96636253595352162 -2.0297425985336299 0.7080628275871278 0.75373369455337536 231424.00000000003 -4.218754529953002 -1.1014665961265562 -1.2665612101554868 1.7129619121551516 0.89889970421791088 3.5000000000000004 359125.71875000006 401242.23437500006 -0.53210216760635365 -1.4635440707206724 -0.18880052119493482 5374.8510742187509 227.49987792968753 -0.3836576640605926
decision_type=2 2 2 2 2 2 2 2 2 2 2 2 2 2 2 2 2 2 2 2 2
left_child=3 12 -3 4 15 6 7 -5 9 -4 -10 -8 13 14 -2 -1 -14 18 -7 -18 -19
right_child=1 2 8 5 -6 17 11 -9 10 -11 -12 -13 16 -15 -16 -17 19 20 -20 -21 -22
leaf_value=-0.00023826071762102143 0.0071162308118810341 -0.011805185053636648 0.0090163155905673385 -0.0155192782623479 -0.014394464517211943 -0.014949893275609508 -0.015079565007353446 0.0026330280796105195 -0.0095927975949589694 -0.004713015067591972 0.0055748797020381251 -0.0030438615404795662 0.0036455175517849017 0.013161384885565269 -0.011053648929126384 0.015380657539822129 0.014311917788293721 -0.0090629050738070122 -0.0036579110359207041 0.0088304112278850284 -0.014374099694607057
leaf_weight=2.7979785948991776 6.6618758440017682 3.2801924496889105 3.8919373899698284 2.5251957327127519 2.1746443510055542 5.915916949510577 7.5675925463438016 16.278236761689186 2.8194771409034756 16.916190400719643 28.314692616462708 5.5536912679672241 4.3630666881799689 5.380872815847396 2.5669263750314713 2.7584047913551322 32.953242912888527 2.1981208771467236 11.839875206351278 9.2273394167423231 14.803289338946341
leaf_count=11 24 14 14 11 10 27 34 63 11 65 102 23 16 19 10 10 121 10 51 34 70
internal_value=0.0011529 0.0060864 0.000822957 -0.00654925 0.00109385 -0.00745038 -0.00402036 0.000142093 0.00163969 -0.00209703 0.00416919 -0.0100616 0.010823 0.00615026 0.00195405 0.0073356 0.0122683 -0.0105721 -0.00747652 0.0131365 -0.0137462
internal_weight=190.789 116.376 55.2225 74.4129 7.73103 66.6819 31.9247 18.8034 51.9423 20.8081 31.1342 13.1213 61.1533 14.6097 9.2288 5.55638 46.5436 34.7572 17.7558 42.1806 17.0014
internal_count=750 430 206 320 31 289 131 74 192 79 113 57 224 53 34 21 171 158 78 155 80
is_linear=0
shrinkage=0.01


Tree=53
num_leaves=18
num_cat=0
split_feature=11 26 7 7 7 56 67 47 44 17 70 41 71 45 7 47 28
split_gain=71.2066 28.4601 5.56586 5.87007 5.13098 6.75317 7.78484 7.70246 5.97555 4.71881 4.31646 4.28628 4.16122 6.98652 2.96629 2.66845 0.555909
threshold=18.439999580383304 0.0018064273754134776 2.9118626117706303 1.9612647891044619 1.6782447099685671 0.8114321529865266 4.3067798614501962 0.19636292010545733 128155.48828125001 23753.500000000004 66639.203125000015 2.3599539995193486 643241.03125000012 -0.70477455854415882 2.3209587335586552 1.4661180973052981 -271.99999999999994
decision_type=2 2 2 2 2 2 2 2 2 2 2 2 2 2 2 2 2
left_child=4 9 3 10 5 6 7 -1 11 12 -3 -7 13 -2 -5 16 -11
right_child=1 2 -4 14 -6 8 -8 -9 -10 15 -12 -13 -14 -15 -16 -17 -18
leaf_value=-0.010942359533005871 0.009692448637646664 -0.010606288430243844 0.014311194935233744 -0.016947608932876338 0.0055166679831581767 -0.011206376038669594 0.013749775468500485 0.0010449243669630294 0.0012190289547245605 0.011715167937344638 0.0021462313880591202 0.0028204057651036378 0.016160723940315164 -0.003289789476326225 -0.0029003807649309876 0.0047630216923956878 0.014862706387508416
leaf_weight=10.221918061375623 10.621532335877422 2.8103904128074637 2.8958320170640937 2.6760967671871176 3.3013293147087088 40.274427250027657 2.5479567795991889 10.984429746866224 4.7152585834264746 13.449233770370482 42.899211883544922 2.1844652742147437 3.9811017811298361 6.651131048798562 3.9246299713850021 4.0774025171995154 22.196576938033104
leaf_count=44 38 11 10 11 12 187 9 42 18 50 159 8 14 25 15 15 82
internal_value=0.00114335 0.00603579 0.000814588 4.83167e-05 -0.00650075 -0.00707419 -0.00266647 -0.00468605 -0.00927248 0.0107465 0.00134028 -0.0104612 0.00684139 0.00463552 -0.00874697 0.0128107 0.0137032
internal_weight=190.413 116.183 55.2062 52.3103 74.2298 70.9285 23.7543 21.2063 47.1742 60.977 45.7096 42.4589 21.2538 17.2727 6.60073 39.7232 35.6458
internal_count=750 430 206 196 320 308 95 86 213 224 170 195 77 63 26 147 132
is_linear=0
shrinkage=0.01


Tree=54
num_leaves=18
num_cat=0
split_feature=11 26 46 58 56 41 41 47 34 7 7 17 71 45 47 7 31
split_gain=69.9341 28.0358 5.49956 5.1035 5.96238 5.75188 5.16631 5.80452 5.13037 4.82465 6.9577 4.67585 4.10422 6.86061 2.64302 2.06007 0.807106
threshold=18.439999580383304 0.0018064273754134776 -0.96636253595352162 -2799615.9999999995 0.91547101736068737 2.3599539995193486 0.64198589324951183 0.090742107480764403 -0.93241238594055165 2.9118626117706303 1.9612647891044619 23753.500000000004 643241.03125000012 -0.70477455854415882 1.4661180973052981 1.5777072906494143 1.6117005348205569
decision_type=2 2 2 2 2 2 2 2 2 2 2 2 2 2 2 2 2
left_child=3 11 -3 8 6 15 7 -5 -1 10 -4 12 13 -2 16 -6 -13
right_child=1 2 9 4 5 -7 -8 -9 -10 -11 -12 14 -14 -15 -16 -17 -18
leaf_value=0.0077275616796104157 0.0096108576739856524 -0.011734188291712919 0.0023566128451491799 -0.010814561580077334 -0.011173367378542708 0.0048321336080703577 0.0064151535103991733 -0.00019069562475496204 -0.010401340359125204 0.014191072161861773 -0.0086720981714568084 0.015137650860354089 0.016057587049050345 -0.0032562833013593888 0.0047192154389572531 -0.001188524460760895 0.011624129816216983
leaf_weight=4.6682035624980927 10.604670897126201 3.2706439942121497 42.442031040787697 10.367435276508337 36.823392942547798 2.4882543832063666 4.3390751332044593 10.593919724225996 2.3228910565376273 2.8911640942096701 6.5923641026020041 19.911713868379593 3.9666776061058036 6.6523669511079797 4.0741151869297019 2.4285977631807318 15.58656559884548
leaf_count=17 38 14 156 45 172 9 16 41 10 10 26 74 14 25 15 10 58
internal_value=0.0011345 0.00598554 0.000806218 -0.00645257 -0.00730315 -0.00963828 -0.00341115 -0.00549294 0.00156094 0.00161536 0.000853479 0.0106714 0.00678266 0.00459279 0.0127317 -0.0105811 0.0136231
internal_weight=190.024 115.992 55.1962 74.0318 67.0407 41.7402 25.3004 20.9614 6.99109 51.9256 49.0344 60.7961 21.2237 17.257 39.5724 39.252 35.4983
internal_count=750 430 206 320 293 191 102 86 27 192 182 224 77 63 147 182 132
is_linear=0
shrinkage=0.01


Tree=55
num_leaves=23
num_cat=0
split_feature=11 26 46 40 38 56 67 47 64 15 11 39 59 34 37 23 48 23 45 33 58 51
split_gain=68.6966 27.6157 5.40496 5.06579 7.21166 6.11775 8.04953 6.33802 4.88665 5.17997 5.00497 3.87325 8.3202 5.80109 3.49598 6.64457 3.47152 2.43177 3.8011 2.04718 1.59117 0.736932
threshold=18.439999580383304 0.0018064273754134776 -0.96636253595352162 -2.0297425985336299 0.7080628275871278 0.8114321529865266 4.3067798614501962 0.29271605610847479 0.28124563395977026 0.12499999627470972 55.500000000000007 -0.056707967072725289 0.41494457423686987 -0.43773493170738215 -1.8121189475059507 94.500000000000014 -0.53210216760635365 3.5000000000000004 -0.67785224318504322 -1.4635440707206724 -909311.99999999988 -1.0000000180025095e-35
decision_type=2 2 2 2 2 2 2 2 2 2 2 2 2 2 2 2 2 2 2 2 2 2
left_child=3 11 -3 4 16 6 7 -5 9 -4 -10 12 21 -14 15 -7 -1 18 -13 -19 -16 -2
right_child=1 2 8 5 -6 14 -8 -9 10 -11 -12 17 13 -15 20 -17 -18 19 -20 -21 -22 -23
leaf_value=-0.00020093511909021668 0.015779798637271896 -0.01165496080228832 0.0031571956076235498 -0.010817151888810319 -0.014233810637939505 -0.010923379122258856 0.013630569803391047 0.00037026657756952179 0.013996091310890722 -0.0039251754131051217 -0.00030619724232377007 0.012376948554512971 -0.012654547272615675 0.0068513654126851984 -0.0044550434584439084 0.003581838812507729 0.015284289964162374 0.0055885362759235634 0.00043086146593129235 0.014088442883424456 -0.012181644875694628 0.0080480399234280995
leaf_weight=2.7901619672775269 4.4271774291992188 3.2600017786025992 24.091642931103706 9.9610755592584663 2.1483408361673355 7.701553598046301 2.5486396402120581 9.9627015590667707 5.7235684692859632 18.061071008443832 4.039874330163002 7.0345631986856461 3.0537333786487579 2.9841311573982239 3.4269491881132117 5.2172347903251648 2.7540449202060691 3.5524453818798056 4.573660656809805 32.316410899162292 27.325057923793796 2.6704350262880308
leaf_count=11 16 14 88 43 10 34 9 38 20 69 15 25 12 11 15 21 10 13 17 120 129 10
internal_value=0.00112558 0.00593647 0.000798253 -0.00640529 0.00116397 -0.00730072 -0.00299577 -0.00517279 0.0015995 9.8906e-05 0.00797573 0.0105973 0.00564528 -0.0028484 -0.0094931 -0.00498806 0.00731087 0.0119464 0.00775632 0.0132745 -0.0113531 0.0130117
internal_weight=189.624 115.789 55.1762 73.8358 7.69255 66.1432 22.4724 19.9238 51.9162 42.1527 9.76344 60.6126 13.1355 6.03786 43.6708 12.9188 5.54421 47.4771 11.6082 35.8689 30.752 7.09761
internal_count=750 430 206 320 31 289 90 81 192 157 35 224 49 23 199 55 21 175 42 133 144 26
is_linear=0
shrinkage=0.01


Tree=56
num_leaves=19
num_cat=0
split_feature=11 26 7 7 2 58 56 1 34 46 31 30 8 57 2 52 7 56
split_gain=67.484 27.2067 5.36353 5.62054 6.69715 4.96437 5.814 6.7879 5.01456 4.45543 4.37105 3.97598 3.72214 5.59892 3.68616 3.36235 2.93706 1.3581
threshold=18.439999580383304 0.0018064273754134776 2.9118626117706303 1.9612647891044619 7038409.0000000009 -2799615.9999999995 0.91547101736068737 961272.50000000012 -0.93241238594055165 0.419418215751648 -7.9429955482482901 0.33877034485340124 0.88823699951171886 1.1142985224723818 120230476.00000001 -0.00016991759912343693 2.3209587335586552 0.13793786615133288
decision_type=2 2 2 2 2 2 2 2 2 2 2 2 2 2 2 2 2 2
left_child=5 10 3 4 -3 8 7 9 -1 -7 -2 14 15 -14 -12 -8 -5 -9
right_child=1 2 -4 16 -6 6 12 17 -10 -11 11 -13 13 -15 -16 -17 -18 -19
leaf_value=0.0076429884143259831 -0.00067912326196149385 0.006127392176957811 0.014065046406274961 -0.016761529811655598 -0.0017159430069651899 0.0023324136509808905 -0.0072669655331859132 -0.014956152763597191 -0.010307420700625904 -0.010007509179623768 0.012379912180017938 -0.00046957023669734851 -0.010966467458213298 0.0084490053716325553 0.0008960556954017918 -0.013640780472451111 -0.0027636605830177099 -0.0048426771474606315
leaf_weight=4.6649831086397171 3.133100137114524 17.706711113452911 2.8849627971649161 2.6640112102031699 27.977720037102699 14.581145137548452 16.228386342525482 4.6672049611806861 2.3127597421407691 3.6581009328365317 51.495657846331596 2.6410687118768683 3.2495644837617865 2.6985846012830734 3.1550904363393775 19.249466806650162 3.9179611206054688 2.333564966917038
leaf_count=17 12 64 10 11 106 56 74 21 10 15 190 10 15 10 12 92 15 10
internal_value=0.00111681 0.00588836 0.000790263 3.83989e-05 0.00130215 -0.00635807 -0.00720079 -0.00335592 0.00155005 -8.768e-05 0.010525 0.0111551 -0.00951926 -0.00198984 0.0117352 -0.0107534 -0.00858114 -0.0117279
internal_weight=189.22 115.576 55.1514 52.2664 45.6844 73.6438 66.666 25.24 6.97774 18.2392 60.4249 57.2918 41.426 5.94815 54.6507 35.4779 6.58197 7.00077
internal_count=750 430 206 196 170 320 293 102 27 71 224 212 191 25 202 166 26 31
is_linear=0
shrinkage=0.01


Tree=57
num_leaves=22
num_cat=0
split_feature=71 26 41 17 56 2 47 58 4 47 34 7 55 10 38 46 58 22 50 22 34
split_gain=61.9376 22.7822 9.72225 9.51989 7.68939 5.62851 7.57791 8.3911 4.94553 4.85444 7.24318 6.17147 4.65657 6.67862 4.4094 3.09099 7.74246 2.71857 2.59898 2.45531 1.48252
threshold=11921.247558593752 0.0014285732759162786 2.3599539995193486 23753.500000000004 0.91547101736068737 7038409.0000000009 -1.3820436000823972 -2062335.9999999998 2158210.0000000005 0.29271605610847479 -0.64827111363410939 1.0944562554359438 -0.53051051497459401 -0.00070350000169128169 -1.0711275339126585 1.393467962741852 -206847.99999999997 9347.8403320312518 -6.088799818826373e-05 -63252.189453124993 -1.3675611019134519
decision_type=2 2 2 2 2 2 2 2 2 2 2 2 2 2 2 2 2 2 2 2 2
left_child=2 3 4 8 9 12 -7 -8 14 11 -11 -1 17 -14 -2 18 -17 -3 -6 -5 -21
right_child=1 5 -4 19 15 6 7 -9 -10 10 -12 -13 13 -15 -16 16 -18 -19 -20 20 -22
leaf_value=-0.012304680120489256 0.0015164817175121071 0.018086209593593219 0.010004400423437105 0.0028783449463308341 -0.0078167242026804806 0.010054331801820214 0.0018418941670374656 -0.0086178576431736962 -0.0079011087766492558 -0.0099586075575885842 0.0069318742604238641 0.0013992877411062722 -0.013019678378934458 0.0046292949835719426 0.011211950072558166 0.0088021041162270486 -0.01402619705585091 0.0041747817846443484 -0.013707519785884335 0.008147664013175078 0.014169463364402468
leaf_weight=8.5440313518047351 10.170441493391994 3.51694989204407 3.3482938110828391 2.6872331053018561 13.841791391372679 4.8036333173513404 14.991644665598871 15.44145083427429 2.812993422150611 3.662486419081687 8.153919190168379 5.1427893936634055 2.496391668915753 14.566572651267048 9.1670229882001877 2.7578486204147339 3.1617640405893317 2.7079554796218872 19.764333873987198 5.6934746056795111 31.401580333709717
leaf_count=38 38 12 12 10 64 17 56 61 11 15 30 20 10 53 33 11 15 10 95 21 118
internal_value=0.00110757 0.00542704 -0.00648723 0.00965635 -0.00735175 0.000934347 -0.00156547 -0.00343242 0.00433299 -0.00301478 0.00161205 -0.00708238 0.00475974 0.00198856 0.00616438 -0.0101248 -0.00322194 0.0121951 -0.011311 0.0125952 0.0132722
internal_weight=188.835 120.457 68.3773 61.9327 65.029 58.5246 35.2367 30.4331 22.1505 25.5032 11.8164 13.6868 23.2879 17.063 19.3375 39.5257 5.91961 6.22491 33.6061 39.7823 37.0951
internal_count=750 450 300 231 288 219 134 117 82 103 45 58 85 63 71 185 26 22 159 149 139
is_linear=0
shrinkage=0.01


Tree=58
num_leaves=20
num_cat=0
split_feature=71 26 41 19 56 63 38 46 27 47 34 7 7 46 58 50 22 34 47
split_gain=60.848 22.4329 9.55451 8.45399 7.59899 5.939 9.8522 5.21262 5.45043 4.76986 7.10338 6.0845 4.70986 3.0554 7.61798 2.58318 2.40609 1.32698 0.546732
threshold=11921.247558593752 0.0014285732759162786 2.3599539995193486 5374.8510742187509 0.91547101736068737 0.086275752633810057 0.23926222324371341 -0.96636253595352162 -98551807.999999985 0.29271605610847479 -0.64827111363410939 1.0944562554359438 2.9118626117706303 1.393467962741852 -206847.99999999997 -6.088799818826373e-05 -63252.189453124993 -1.4806010723114011 1.0000000180025095e-35
decision_type=2 2 2 2 2 2 2 2 2 2 2 2 2 2 2 2 2 2 2
left_child=2 3 4 5 9 18 -7 -3 -9 11 -11 -1 -10 15 -15 -6 -5 -18 -2
right_child=1 7 -4 16 13 6 -8 8 12 10 -12 -13 -14 14 -16 -17 17 -19 -20
leaf_value=-0.012230124453694303 0.0084443781221297046 -0.010051668780661991 0.0099105330928532936 0.0028506330012998916 -0.0077611995624575379 -0.0031825240907280752 0.01410403264017414 -0.010254155561898102 0.0017877864582845641 -0.009878883701368673 0.0068568739561447644 0.0013849395332504407 0.014428284059404065 0.0086968354121980881 -0.01396402193520749 -0.013645887101473389 0.0057304191905064236 0.01372744737156739 0.015552013831601728
leaf_weight=8.5103243738412875 2.6795590668916729 4.0027868747711173 3.346217304468154 2.6862277537584296 13.80161117017269 12.039462000131609 4.5212401896715155 3.5053011775016776 47.812671348452568 3.6551596075296393 8.1606413424015027 5.1441021561622611 3.1781220883131018 2.7632903456687927 3.1441716551780692 19.655610352754593 2.6868418753147116 33.256190448999405 3.8869621753692627
leaf_count=38 10 17 12 10 64 46 16 14 177 15 30 20 11 11 15 95 10 125 14
internal_value=0.00109907 0.00538239 -0.00644103 0.00958775 -0.00730037 0.00473594 0.0014765 0.000925746 0.0017504 -0.00298821 0.00159512 -0.00702762 0.00259525 -0.0100651 -0.00319484 -0.0112483 0.0124666 0.0131575 0.0128039
internal_weight=188.436 120.255 68.1811 61.7565 64.8349 23.1272 16.5607 58.4989 54.4961 25.4702 11.8158 13.6544 50.9908 39.3647 5.90746 33.4572 38.6293 35.943 6.56652
internal_count=750 450 300 231 288 86 62 219 202 103 45 58 188 185 26 159 145 135 24
is_linear=0
shrinkage=0.01


Tree=59
num_leaves=20
num_cat=0
split_feature=11 26 46 40 38 56 67 21 49 46 34 17 50 38 41 48 58 22 31
split_gain=64.1885 26.0976 5.19948 4.91078 6.97296 5.87766 7.84746 5.08968 4.71378 7.84246 6.37033 4.51997 4.08132 6.93728 3.51027 3.374 3.29014 2.01923 0.853919
threshold=18.439999580383304 0.0018064273754134776 -0.96636253595352162 -2.0297425985336299 0.7080628275871278 0.8114321529865266 4.3067798614501962 74975.500000000015 -0.049645533785223954 -0.24169486761093137 -0.49638406932353968 26539.500000000004 -0.029420232400298115 -1.0711275339126585 2.3599539995193486 -0.53210216760635365 -9510911.9999999981 -48169.503906249993 1.6117005348205569
decision_type=2 2 2 2 2 2 2 2 2 2 2 2 2 2 2 2 2 2 2
left_child=3 11 -3 4 15 6 7 -5 9 -4 -10 12 -2 -14 16 -1 -7 -13 -19
right_child=1 2 8 5 -6 14 -8 -9 10 -11 -12 17 13 -15 -16 -17 -18 18 -20
leaf_value=-0.00014336712585297318 0.014173908039087095 -0.011495705649508452 0.0017434275938492255 -0.0074381071566656356 -0.014043699109193144 0.0011433094269946275 0.013524072816324416 0.0056897677204959659 -0.0075190544352153081 0.015308844934547193 0.0031900557494714508 0.0044710744914534329 -0.0034413475534946264 0.0095178692426739989 0.0027023461521247512 0.015140629342114287 -0.010662455727596358 0.014782406716045341 0.011139513096514495
leaf_weight=2.7790423482656479 5.5699566304683712 3.2362913042306891 24.513398408889771 16.301761016249664 2.1136953979730606 2.3530361652374259 2.5458255261182776 3.5190705657005301 10.637397184967996 5.2246895283460644 11.477833136916159 3.2511546909809104 6.9205433130264327 9.9468515813350642 2.1847433149814597 2.746385544538497 38.511423483490944 19.187461167573929 15.015874356031416
leaf_count=11 20 14 91 68 10 9 9 13 41 18 42 12 26 36 8 10 182 73 57
internal_value=0.00109055 0.00575221 0.00076511 -0.00623276 0.00124353 -0.00712111 -0.00289724 -0.00505688 0.00154962 0.00416036 -0.00191579 0.0103227 0.00667659 0.00414153 -0.00929244 0.00727248 -0.00995819 0.0124803 0.0132123
internal_weight=188.036 114.981 55.0896 73.055 7.63912 65.4159 22.3667 19.8208 51.8533 29.7381 22.1152 59.8918 22.4374 16.8674 43.0492 5.52543 40.8645 37.4545 34.2033
internal_count=750 430 206 320 31 289 90 81 192 109 83 224 82 62 199 21 191 142 130
is_linear=0
shrinkage=0.01


Tree=60
num_leaves=21
num_cat=0
split_feature=11 59 56 38 33 27 46 3 62 52 23 54 56 48 60 56 37 48 2 56
split_gain=63.0533 13.6484 7.78262 9.26579 7.22745 6.00955 5.54921 4.78525 7.45047 6.48846 5.8294 5.20743 4.87231 7.81296 8.54007 2.5564 1.84064 1.56203 2.60645 1.13006
threshold=18.439999580383304 0.41494457423686987 4.9851562976837167 -1.4967882633209226 -1.267381966114044 -98551807.999999985 -0.77985116839408863 -82046.999999999985 0.32909286022186285 0.00076985513442195963 177.00000000000003 1.3246845602989199 1.5756984353065493 1.4401414394378664 -0.00013677230890607459 2.6342601776123051 -1.8121189475059507 -0.91026797890663136 49838206.000000007 0.13793786615133288
decision_type=2 2 2 2 2 2 2 2 2 2 2 2 2 2 2 2 2 2 2 2
left_child=7 17 3 -3 6 -6 -4 8 9 10 -1 -10 13 14 -9 -5 -14 -2 -19 -11
right_child=1 2 4 15 5 -7 -8 12 11 19 -12 -13 16 -15 -16 -17 -18 18 -20 -21
leaf_value=-0.0056250691161499038 0.0061349164439083448 0.0068906504367300574 0.0095122797403731727 -0.0038796595255330491 -0.0061390474569928358 0.0070271730876873542 -0.0055784092870686591 -0.015476580280466801 0.0155464968055704 -0.0056015404839689286 0.0064755009100992203 -0.0028268311676655522 -0.0035750702798335704 0.011269727268533855 -0.0014152760979507318 -0.017501450308137049 -0.014013193938066087 0.015323635929220647 0.0060583993039851295 -0.014362918917528847
leaf_weight=14.447434172034269 4.003412917256358 4.3719938993453979 3.2121448665857306 2.5695379823446256 3.5873298943042746 62.952220305800438 9.8255749493837339 7.8438230901956603 3.125884234905242 2.371186822652815 5.4360877573490134 2.8961425125598907 2.2103300094604519 2.4476920217275611 10.002904519438744 3.6413628607988358 14.743260473012922 16.395923227071766 4.2097792625427237 7.3357625305652618
leaf_count=62 15 16 12 10 14 233 38 35 11 10 21 13 10 9 42 15 72 61 16 35
internal_value=0.00108226 0.00570567 0.0038878 -0.00411723 0.00496495 0.00630232 -0.00178377 -0.00618678 -0.00351849 -0.00560017 -0.00226652 0.00654425 -0.00871107 -0.00532006 -0.0076514 -0.0120269 -0.0127113 0.0123251 0.0134793 -0.0123257
internal_weight=187.63 114.769 90.1602 10.5829 79.5773 66.5396 13.0377 72.8605 35.6125 29.5905 19.8835 6.02203 37.248 20.2944 17.8467 6.2109 16.9536 24.6091 20.6057 9.70695
internal_count=750 430 338 41 297 247 50 320 152 128 83 24 168 86 77 25 82 92 77 45
is_linear=0
shrinkage=0.01


Tree=61
num_leaves=23
num_cat=0
split_feature=11 26 46 40 38 54 58 67 64 31 45 17 0 50 38 48 35 19 33 19 11 38
split_gain=61.9231 25.5674 5.1205 4.83501 6.83151 6.61342 7.70443 7.08191 4.67039 5.0909 4.92885 4.5042 4.16393 4.01022 6.78276 3.29226 3.12363 4.81492 2.14916 4.65971 0.66721 0.328251
threshold=18.439999580383304 0.0018064273754134776 -0.96636253595352162 -2.0297425985336299 0.7080628275871278 0.75373369455337536 231424.00000000003 -4.218754529953002 0.28124563395977026 2.1005116701126103 -0.30985337495803827 26539.500000000004 227569.50000000003 -0.029420232400298115 -1.0711275339126585 -0.53210216760635365 -0.18880052119493482 5374.8510742187509 -1.2964009046554563 23444.138671875004 81.255001068115249 1.7794574499130251
decision_type=2 2 2 2 2 2 2 2 2 2 2 2 2 2 2 2 2 2 2 2 2 2
left_child=3 11 -3 4 15 6 7 -5 9 -4 -10 13 -8 -2 -15 -1 17 -7 19 -13 -20 -18
right_child=1 2 8 5 -6 16 12 -9 10 -11 -12 18 -14 14 -16 -17 21 -19 20 -21 -22 -23
leaf_value=-9.0593025437332218e-05 0.014013454509362594 -0.011455877950934577 0.0016358186908395113 -0.015278566663443006 -0.013935631420208721 -0.014583353019183289 -0.014758200333089203 0.0028528061049318872 0.014534689636949441 -0.0076141668431986744 5.309782240131954e-05 0.014871876382503282 -0.0030151132180255098 -0.0034495869918448109 0.0093759789262826028 0.015001243099133999 -0.01396622309946517 -0.0032150511481720979 0.014047967854221452 -0.0016672198960230983 0.0080324994448002125 -0.0080445015885260672
leaf_weight=2.7767336368560791 5.5369174480438259 3.2297184020280829 34.943954348564148 2.4830504506826463 2.0934609472751617 5.7343212813138988 7.1509103477001172 16.126593917608261 5.0979611724615097 7.1692681312561026 4.6202667206525785 3.4883589446544638 5.6585566848516464 6.9179565906524703 9.9091773927211726 2.7479961216449729 14.414395317435266 11.570302829146383 27.702062308788303 3.1402288377285004 2.8572423905134192 1.9204453378915776
leaf_count=11 20 14 129 11 10 27 33 63 18 28 17 13 24 26 36 10 71 51 106 12 11 9
internal_value=0.00107313 0.00565646 0.000724963 -0.00614113 0.00128615 -0.00702622 -0.00367697 0.000379835 0.00150327 3.73747e-05 0.00775271 0.0101993 -0.00964878 0.00655675 0.00404372 0.00723507 -0.0101247 -0.00704001 0.0123629 0.00688578 0.0135183 -0.0133312
internal_weight=187.29 114.613 55.0612 72.6768 7.61819 65.0586 31.4191 18.6096 51.8315 42.1132 9.71823 59.5519 12.8095 22.3641 16.8271 5.52473 33.6395 17.3046 37.1879 6.62859 30.5593 16.3348
internal_count=750 430 206 320 31 289 131 74 192 157 35 224 57 82 62 21 158 78 142 25 117 80
is_linear=0
shrinkage=0.01


Tree=62
num_leaves=22
num_cat=0
split_feature=11 26 7 7 1 62 40 38 54 22 63 17 71 1 35 19 49 47 20 31 38
split_gain=60.8427 25.1927 5.06 5.52667 6.40596 4.87146 4.7553 6.71538 6.53647 6.92842 6.86213 4.47064 4.08801 5.4745 3.10627 4.76297 2.84611 2.5567 1.73644 0.830694 0.327542
threshold=18.439999580383304 0.0018064273754134776 2.9118626117706303 1.903550982475281 8984807.0000000019 0.24776395410299304 -2.0297425985336299 0.7080628275871278 0.75373369455337536 18127.550781250004 0.32909096777439123 23753.500000000004 643241.03125000012 8984807.0000000019 -0.18880052119493482 5374.8510742187509 -0.55969884991645802 1.4661180973052981 94363.355468750015 1.6117005348205569 1.7794574499130251
decision_type=2 2 2 2 2 2 2 2 2 2 2 2 2 2 2 2 2 2 2 2 2
left_child=6 11 3 4 -3 -5 7 16 9 10 -8 12 13 -2 15 -10 -1 19 -11 -13 -16
right_child=1 2 -4 5 -6 -7 8 -9 14 18 -12 17 -14 -15 20 -17 -18 -19 -20 -21 -22
leaf_value=0 0.009411362834594943 0.0057982289026756936 0.013660144611777059 -0.014276176100082749 -0.0018504062611594629 0.0023230777510870855 -0.0038652463172386413 -0.013872778242599956 -0.014515509451787301 -0.01499579186944072 0.0090115612816986674 0.014639199301012285 0.015653287172134406 -0.0018588534611435155 -0.013910341762262713 -0.0031860359565209291 0.014348461206778658 0.0042669778423266328 -0.0035600266595324577 0.011048261346018285 -0.007988011333167214
leaf_weight=2.7694690823554993 9.1565009355545097 18.741097003221512 2.863774061203002 4.6438484936952582 26.077119052410126 2.7047130614519119 18.484357520937927 2.0819738507270813 5.7036652415990856 5.4951603263616553 5.3129781037569037 19.22809711098671 3.896858036518096 7.9124069958925238 14.328011691570284 11.558973595499991 2.7578299343585959 4.0211764276027671 2.0822865515947342 15.137097790837286 1.9147150814533223
leaf_count=11 33 68 10 19 99 10 77 10 27 25 20 74 14 30 71 51 10 15 9 58 9
internal_value=0.00106456 0.00561156 0.000718116 0 0.00132562 -0.00803057 -0.00609644 0.00127202 -0.00697605 -0.00364578 -0.000948357 0.0101318 0.00631819 0.00412839 -0.0100647 -0.00698728 0.00715754 0.0121887 -0.0119852 0.0130866 -0.0132738
internal_weight=186.872 114.383 55.0306 52.1668 44.8182 7.34856 72.4894 7.60927 64.8801 31.3748 23.7973 59.3521 20.9658 17.0689 33.5054 17.2626 5.5273 38.3864 7.57745 34.3652 16.2427
internal_count=750 430 206 196 167 29 320 31 289 131 97 224 77 63 158 78 21 147 34 132 80
is_linear=0
shrinkage=0.01


Tree=63
num_leaves=19
num_cat=0
split_feature=11 26 46 44 54 58 67 58 49 4 17 71 1 53 64 23 22 31
split_gain=59.7758 24.8201 5.04067 4.67976 7.41436 7.43471 7.94747 4.59031 6.29591 5.25295 4.43594 3.81395 7.09393 3.40712 2.65632 3.30052 1.97411 0.860124
threshold=18.439999580383304 0.0018064273754134776 -0.96636253595352162 703328.68750000012 0.75373369455337536 231424.00000000003 -4.218754529953002 4024320.0000000005 -0.049645533785223954 34895.650390625007 26539.500000000004 643241.03125000012 8984807.0000000019 -0.65639555454254139 0.33102428913116461 287.50000000000006 -48169.503906249993 1.6117005348205569
decision_type=2 2 2 2 2 2 2 2 2 2 2 2 2 2 2 2 2 2
left_child=3 10 -3 4 5 6 -1 8 -4 -9 11 12 -2 -7 15 -6 -12 -18
right_child=1 2 7 -5 14 13 -8 9 -10 -11 16 -13 -14 -15 -16 -17 17 -19
leaf_value=-0.015267887605736837 0.010030353793288791 -0.011393006299414105 0.0060784444059076171 0.0043311005898998165 -0.012161605370473989 0.00029815311006497444 0.0031613233792171934 0.00077710630754106776 -0.0017501921466151339 -0.014515991040740696 0.0042864272533333862 0.015561143899505157 -0.0023851184135040382 -0.011628416904753967 -0.00089827716678792869 -0.002944156170412496 0.014544183440910678 0.010869741883960201
leaf_weight=2.7053145021200207 10.246734425425535 3.2200785130262366 25.298656865954396 3.984893560409545 26.926233738660816 2.8889377266168585 17.129630535840988 5.9593552500009519 17.027716875076297 3.499354675412178 3.2343407720327368 3.8808137774467459 8.1640229523181898 10.558978810906408 3.2208721637725821 4.8894564360380164 18.835543513298035 14.799641013145445
leaf_count=12 37 14 92 15 130 12 67 22 64 14 12 14 31 48 14 22 73 57
internal_value=0.00105608 0.00556643 0.000711257 -0.00605179 -0.00667204 -0.00324717 0.000597323 0.00148323 0.00290539 -0.00477502 0.0100636 0.00644621 0.00447055 -0.00899194 -0.00989694 -0.0107765 0.0122236 0.0129571
internal_weight=186.471 114.166 55.0052 72.3043 68.3194 33.2829 19.8349 51.7851 42.3264 9.45871 59.1611 22.2916 18.4108 13.4479 35.0366 31.8157 36.8695 33.6352
internal_count=750 430 206 320 305 139 79 192 156 36 224 82 68 60 166 152 142 130
is_linear=0
shrinkage=0.01


Tree=64
num_leaves=20
num_cat=0
split_feature=11 26 7 7 1 63 40 38 56 67 47 17 71 45 41 58 48 47 31
split_gain=58.7165 24.4593 4.93873 5.43695 6.2637 4.77676 4.6851 6.58449 5.62478 7.58119 5.95808 4.40315 3.98479 6.62393 3.39502 3.19589 3.1738 2.52062 0.826841
threshold=18.439999580383304 0.0018064273754134776 2.9118626117706303 1.903550982475281 8984807.0000000019 0.25263760983943945 -2.0297425985336299 0.7080628275871278 0.8114321529865266 4.3067798614501962 0.29271605610847479 23753.500000000004 643241.03125000012 -0.70477455854415882 2.3599539995193486 -9510911.9999999981 -0.53210216760635365 1.4661180973052981 1.6117005348205569
decision_type=2 2 2 2 2 2 2 2 2 2 2 2 2 2 2 2 2 2 2
left_child=6 11 3 4 -3 -5 7 16 9 10 -8 12 13 -2 15 -10 -1 18 -13
right_child=1 2 -4 5 -6 -7 8 -9 14 -11 -12 17 -14 -15 -16 -17 -18 -19 -20
leaf_value=-6.3334460984037916e-05 0.0090367584203091544 0.0057341280050894885 0.01350956240841506 -0.014173451734370799 -0.0018310461078497428 0.0022678977326074006 -0.010429964543379369 -0.013769304106722762 0.0012456596802034347 0.013405839752973065 0.00047982616599922704 0.014505756854411106 0.015470899730734813 -0.0036820829427024649 0.0027644717838276006 -0.01040653437763899 0.014749265847066715 0.0041769969285819887 0.010909917453960961
leaf_weight=2.7728973627090454 10.439013198018078 18.728607013821602 2.855349287390708 4.6326431632041922 26.066487014293671 2.7043888568878174 9.7680621594190651 2.0612295120954514 2.3481984734535208 2.5410284847021094 9.9266965836286527 19.023849099874496 3.8644984662532798 6.601949706673623 2.1813524812459937 37.77631513774395 2.7498789131641379 4.012107089161872 15.026477932929991
leaf_count=11 38 68 10 19 99 10 43 10 9 9 38 74 14 25 8 182 10 15 58
internal_value=0.00104771 0.00552124 0.000703988 0 0.00130959 -0.00797697 -0.00600641 0.00131875 -0.00688266 -0.0027457 -0.00488036 0.00999637 0.00620953 0.00405059 -0.00903339 -0.00969969 0.00713103 0.01205 0.0129483
internal_weight=186.081 113.955 54.9875 52.1321 44.7951 7.33703 72.1257 7.58401 64.5417 22.2358 19.6948 58.9679 20.9055 17.041 42.3059 40.1245 5.52278 38.0624 34.0503
internal_count=750 430 206 196 167 29 320 31 289 90 81 224 77 63 199 191 21 147 132
is_linear=0
shrinkage=0.01


Tree=65
num_leaves=24
num_cat=0
split_feature=11 26 46 3 45 32 48 41 2 56 48 60 35 34 57 17 71 45 20 38 37 2 23
split_gain=57.6848 24.1022 4.96175 4.653 7.54253 7.84838 8.72954 7.073 6.60218 4.74878 7.56091 8.3904 4.5801 5.97974 5.65418 4.37044 3.71926 6.57874 2.06952 1.86001 1.84006 1.79189 1.51565
threshold=18.439999580383304 0.0018064273754134776 -0.96636253595352162 -82046.999999999985 -0.39014165103435511 -1.0000000180025095e-35 1.0000000180025095e-35 0.64198589324951183 558574.00000000012 1.5756984353065493 1.4401414394378664 -0.00013677230890607459 -1.1014665961265562 -1.2665612101554868 1.7129619121551516 26539.500000000004 643241.03125000012 -0.70477455854415882 7245.2099609375009 1.5667607188224795 -1.8121189475059507 82767120.000000015 238.00000000000003
decision_type=2 2 2 2 2 2 2 2 2 2 2 2 2 2 2 2 2 2 2 2 2 2 2
left_child=3 15 -3 4 7 8 -7 19 -6 10 11 -5 13 -4 -14 16 17 -2 -9 -1 -11 22 -17
right_child=1 2 12 9 5 6 -8 18 -10 20 -12 -13 14 -15 -16 21 -18 -19 -20 -21 -22 -23 -24
leaf_value=-0.01456788840249662 0.0093219001139675083 -0.011330772338485548 0.0089434281817419702 -0.015263257012874025 0.0075449278462912306 0.020178877167295856 0.0003212772764048907 0.0077175149593405705 -0.011602123863658269 -0.003301850342212143 0.011188499070689969 -0.0012462684584240954 -0.0094902547220305743 -0.0047667030526255642 0.0052759265367050877 0.013587600977391258 0.015382498470722317 -0.0027977921978818588 -0.0052385432130079524 -0.0036411212146831842 -0.01379982013791993 0.0034752804011540356 0.0069511370572467295
leaf_weight=9.319252625107767 10.97604234516621 3.2103639841079703 3.8874254822731045 7.7290346771478697 2.4776187241077423 3.3460580855607986 6.8567821830511093 2.6601712554693213 6.1707480698823929 2.1829360872507122 2.4474488198757163 9.9284354448318481 2.8120663166046169 16.835049465298653 28.216271042823792 29.329760164022446 3.8479231894016257 7.3961307406425485 2.2280859500169754 2.181812420487403 14.397407352924345 2.5654775649309149 4.6554446965456
leaf_count=44 40 14 14 35 10 12 28 10 28 10 9 42 11 65 102 114 14 28 10 10 72 10 18
internal_value=0.00103987 0.00547723 0.000697275 -0.00596275 -0.00332077 0.000945419 0.00693166 -0.00828882 -0.00600117 -0.00847343 -0.00512116 -0.00743842 0.00146276 -0.0021465 0.00390545 0.00993032 0.0063373 0.00438842 0.00160752 -0.012582 -0.012478 0.0120873 0.0127079
internal_weight=185.658 113.732 54.9612 71.9258 35.2405 18.8512 10.2028 16.3893 8.64837 36.6853 20.1049 17.6575 51.7508 20.7225 31.0283 58.7708 22.2201 18.3722 4.88826 11.5011 16.5803 36.5507 33.9852
internal_count=750 430 206 320 152 78 40 74 38 168 86 77 192 79 113 224 82 68 20 54 82 142 132
is_linear=0
shrinkage=0.01


Tree=66
num_leaves=20
num_cat=0
split_feature=11 59 54 19 5 58 3 45 32 48 41 2 58 24 60 50 38 48 2
split_gain=56.6714 12.9062 7.59605 6.03372 7.35286 5.75323 4.5906 7.42519 7.69533 8.53327 6.97929 6.4926 5.1082 4.09471 3.15695 4.83553 1.84362 1.56776 2.60026
threshold=18.439999580383304 0.41494457423686987 0.19414236396551135 749.84182739257824 81547.710937500015 -16849919.999999996 -82046.999999999985 -0.39014165103435511 -1.0000000180025095e-35 1.0000000180025095e-35 0.64198589324951183 558574.00000000012 -387071.99999999994 523.50000000000011 -0.00049099487659987051 -0.00018213857401860875 1.5667607188224795 -0.91026797890663136 49838206.000000007
decision_type=2 2 2 2 2 2 2 2 2 2 2 2 2 2 2 2 2 2 2
left_child=6 17 -3 4 -4 -5 7 10 11 -10 16 -9 -12 14 -8 -16 -1 -2 -19
right_child=1 2 3 5 -6 -7 13 8 9 -11 12 -13 -14 -15 15 -17 -18 18 -20
leaf_value=-0.014501390483575356 0.0057205411836020363 -0.010111738242797753 -0.006809578230481169 -0.0045931025455969131 0.0056101772201702692 0.0065442676139963445 -0.014551583312236577 0.0074552382600948644 0.01994088737344404 0.00031804307454124807 0.010910139665776 -0.011527656432592829 -0.0095967137760117078 0.0044418095468285457 -0.0016915284243336996 -0.01081300449983358 -0.0036093374716017531 0.014984942722401907 0.0056602351206572312
leaf_weight=9.2686210274696368 3.9487588554620769 3.7886279374361029 9.6452686935663241 4.9076848924159995 9.3914331048727018 61.685248494148254 8.8332964181900007 2.4823272675275803 3.3521015793085098 6.8572404384613037 2.7145237922668457 6.1486153453588486 2.1722616553306571 2.2201337069272986 9.6127287745475751 15.891351550817491 2.1790292412042609 16.006279498338703 4.1438269317150107
leaf_count=44 15 15 38 19 35 231 42 10 12 28 10 28 10 9 42 75 10 61 16
internal_value=0.00103167 0.005433 0.00366638 0.00428766 -0.000629973 0.00570846 -0.00591954 -0.0032936 0.000936928 0.00685889 -0.00823435 -0.00595216 0.00158985 -0.0084188 -0.00927945 -0.00741424 -0.0125155 0.0119465 0.013117
internal_weight=185.249 113.517 89.4183 85.6296 19.0367 66.5929 71.7322 35.1747 18.8403 10.2093 16.3344 8.63094 4.88679 36.5575 34.3374 25.5041 11.4477 24.0989 20.1501
internal_count=750 430 338 323 73 250 320 152 78 40 74 38 20 168 159 117 54 92 77
is_linear=0
shrinkage=0.01


Tree=67
num_leaves=23
num_cat=0
split_feature=11 26 46 40 38 54 58 67 49 46 56 36 17 71 1 35 23 48 33 37 11 38
split_gain=55.6525 23.653 4.86147 4.57317 6.39996 6.34227 7.30993 6.76619 4.50003 7.48721 6.02447 4.41637 4.32769 3.9037 5.22483 3.07729 4.44654 3.04178 2.57811 6.31261 0.711293 0.324205
threshold=18.439999580383304 0.0018064273754134776 -0.96636253595352162 -2.0297425985336299 0.7080628275871278 0.75373369455337536 231424.00000000003 -4.218754529953002 -0.049645533785223954 -0.24169486761093137 4.9851586818695077 0.89889970421791088 23753.500000000004 643241.03125000012 8984807.0000000019 -0.18880052119493482 30.500000000000004 -0.53210216760635365 -1.2964009046554563 -2.023524165153503 81.255001068115249 1.7794574499130251
decision_type=2 2 2 2 2 2 2 2 2 2 2 2 2 2 2 2 2 2 2 2 2 2
left_child=3 12 -3 4 17 6 7 -5 9 -4 -10 -8 13 14 -2 16 -7 -1 19 -14 -20 -17
right_child=1 2 8 5 -6 15 11 -9 10 -11 -12 -13 18 -15 -16 21 -18 -19 20 -21 -22 -23
leaf_value=0 0.0091107653297717844 -0.011270064010973843 0.0016057631898737483 -0.014973286332097841 -0.013623131094075503 -0.014145984179046523 -0.014479433080325836 0.0028949566893112801 -0.010459149016109788 0.014887718935165913 0.0011914359799253212 -0.0022578175928934479 0.013084338935031175 0.01527360665814404 -0.0019258439762884156 -0.013702337033430736 -0.0030821331957487392 0.014547109075796951 0.013725404589001899 -0.0062498311054318767 0.0075250924303314108 -0.007765374851557481
leaf_weight=2.76284459233284 9.0892412215471321 3.2004465013742438 24.456923350691795 2.4368359148502412 2.0319192558526993 5.5531020313501385 7.2165735363960248 16.072329208254814 6.0869660675525674 5.2011213600635555 15.993101119995117 5.3770923167467117 4.7966291606426239 3.827018827199935 7.8932291269302359 13.988074004650114 11.476507440209387 2.7475175708532324 27.50474546849728 2.5263088941574088 2.7928292006254187 1.8823890686035145
leaf_count=11 33 14 91 11 10 27 34 63 24 18 59 23 18 14 30 71 51 10 108 10 11 9
internal_value=0.00102312 0.00538587 0.000655749 -0.00587599 0.00137957 -0.00674663 -0.00345921 0.000488474 0.00141279 0.00396873 -0.00197507 -0.0093406 0.00981624 0.00605787 0.00392221 -0.00982408 -0.00674861 0.00709322 0.0118686 0.00627777 0.0131869 -0.0130612
internal_weight=184.914 113.369 54.9386 71.5452 7.54228 64.0029 31.1028 18.5092 51.7381 29.658 22.0801 12.5937 58.43 20.8095 16.9825 32.9001 17.0296 5.51036 37.6205 7.32294 30.2976 15.8705
internal_count=750 430 206 320 31 289 131 74 192 109 83 57 224 77 63 158 78 21 147 28 119 80
is_linear=0
shrinkage=0.01


Tree=68
num_leaves=21
num_cat=0
split_feature=11 26 7 7 1 62 44 54 58 66 17 50 38 36 33 31 33 43 7 11
split_gain=54.6825 23.3106 4.78566 5.33234 6.06275 4.68729 4.4992 7.19078 7.07466 6.72081 4.29641 3.96671 6.56501 3.29636 2.7765 5.9408 2.15997 4.68889 0.773141 0.697712
threshold=18.439999580383304 0.0018064273754134776 2.9118626117706303 1.903550982475281 8984807.0000000019 0.24776395410299304 703328.68750000012 0.75373369455337536 231424.00000000003 -1.2014678120613096 26539.500000000004 -0.029420232400298115 -1.0711275339126585 0.89889970421791088 -0.3836576640605926 6.0854976177215585 -1.2964009046554563 1216513.3125000002 1.4285261631011965 81.255001068115249
decision_type=2 2 2 2 2 2 2 2 2 2 2 2 2 2 2 2 2 2 2 2
left_child=6 10 3 4 -3 -5 7 8 9 -1 11 -2 -13 -10 15 -9 17 -12 -16 -18
right_child=1 2 -4 5 -6 -7 -8 14 13 -11 16 12 -14 -15 18 -17 19 -19 -20 -21
leaf_value=-0.0090441226894081034 0.013663337091845562 0.0056114292581340994 0.013285438429803054 -0.014096813453747269 -0.0018357616991631521 0.0021949942195677091 0.0043822605553033231 -0.0092196271360255027 -0.013012949163648611 0.0042023931093135595 -0.002238877339457102 -0.0036905915611843716 0.008980588107167578 -0.0026451014484195211 -0.013714966081820804 0.0069478991100442268 0.01363391442588659 0.014532318096238561 -0.0078382695559314416 0.0074690322222146378
leaf_weight=5.1815122961997995 5.4477770179510143 18.702234268188477 2.842476710677146 4.6223778575658789 26.047305628657341 2.7028504461050034 3.9553176909685126 14.208914220333101 7.6758491247892362 14.569288864731789 3.0992212891578665 6.891082808375363 9.7799013257026637 5.5715641379356384 13.786034002900125 2.6336231380701056 26.827580496668819 3.3990764766931534 3.7716999202966681 2.7856892943382254
leaf_count=22 20 68 10 19 99 10 15 67 36 57 12 26 36 24 70 11 106 13 18 11
internal_value=0.00101495 0.00534281 0.000649434 -2.10935e-05 0.00125431 -0.00794898 -0.00583385 -0.00644822 -0.00306862 0.000676613 0.00975198 0.00618624 0.00368287 -0.00872795 -0.00966101 -0.00663218 0.0119083 0.00637978 -0.0125095 0.0130878
internal_weight=184.501 113.148 54.9172 52.0748 44.7495 7.32523 71.3538 67.3985 32.9982 19.7508 58.2303 22.1188 16.671 13.2474 34.4003 16.8425 36.1116 6.4983 17.5577 29.6133
internal_count=750 430 206 196 167 29 320 305 139 79 224 82 62 60 166 78 142 25 88 117
is_linear=0
shrinkage=0.01


Tree=69
num_leaves=24
num_cat=0
split_feature=11 26 3 15 52 23 56 60 21 17 71 1 24 47 49 22 22 17 33 37 37 56 11
split_gain=53.724 22.9765 4.46526 6.93455 7.13754 5.12818 4.69017 6.4515 6.0918 4.26688 3.85366 5.12927 3.78478 3.75373 5.30361 8.33742 8.23014 3.51405 2.53771 6.19707 1.84075 1.10649 0.703207
threshold=18.439999580383304 0.0018064273754134776 -82046.999999999985 0.33002500236034399 0.00076985513442195963 177.00000000000003 1.5756984353065493 -0.00013677230890607459 27761.500000000004 23753.500000000004 643241.03125000012 8984807.0000000019 117.00000000000001 -1.878141403198242 -0.11130566149950026 22230.128906250004 -6925.0900878906241 131208.00000000003 -1.2964009046554563 -2.023524165153503 -1.8121189475059507 0.13793786615133288 81.255001068115249
decision_type=2 2 2 2 2 2 2 2 2 2 2 2 2 2 2 2 2 2 2 2 2 2 2
left_child=2 9 3 4 5 -1 7 17 -9 10 11 -2 -5 -3 15 -15 -16 -4 19 -11 -8 -6 -20
right_child=1 13 6 12 21 -7 20 8 -10 18 -12 -13 -14 14 16 -17 -18 -19 22 -21 -22 -23 -24
leaf_value=-0.0047327707221630558 0.0089875123468398359 0.0093781891707443495 -0.015045118967369445 -0.0012797853848932361 -0.0053479767624270884 0.0066464671036329795 -0.0030844456773799745 0.0048674040590931849 -0.011289244774686236 0.012964180422541598 0.015147682178742232 -0.0019607361652713806 0.015352209565949857 0 0.0079514281716943566 0.01366689163209076 -0.0077859800102659665 0 0.013597063338914804 -0.0062164425618706802 -0.013635394788477914 -0.014042936479920559 0.0074134253993493561
leaf_weight=14.457005307078367 9.0576839894056373 4.5179534852504721 6.5464858859777468 2.4954424798488608 2.3376156538724882 5.4075742810964575 2.1608552038669613 7.8896713107824308 3.3132282346487045 4.7640701681375504 3.7993491590023032 7.8828772455453864 2.778954952955246 25.760297968983654 4.2140811979770687 5.4286318570375434 14.968763694167135 2.1862555593252182 27.215646192431453 2.5253824740648261 14.109491899609564 7.4921823441982269 2.7785542458295813
leaf_count=63 33 16 30 11 10 21 10 32 15 18 14 30 10 98 15 19 58 9 108 10 72 37 11
internal_value=0.00100706 0.00530074 -0.00579049 -0.00319499 -0.00509168 -0.00158475 -0.00826968 -0.00493379 0 0.00968944 0.00595476 0.00383398 0.00729362 0.000643255 -0.000120347 0.00240394 -0.00427666 -0.0113775 0.0117401 0.006182 -0.0122956 -0.0120769 0.0130576
internal_weight=184.088 112.913 71.1748 34.9688 29.6944 19.8646 36.206 19.9356 11.2029 58.0236 20.7399 16.9406 5.2744 54.8897 50.3718 31.1889 19.1828 8.73274 37.2837 7.28945 16.2703 9.8298 29.9942
internal_count=750 430 320 152 131 84 168 86 47 224 77 63 21 206 190 117 73 39 147 28 82 47 119
is_linear=0
shrinkage=0.01


Tree=70
num_leaves=21
num_cat=0
split_feature=11 26 46 40 38 54 58 67 34 9 36 17 50 38 48 57 59 47 10 31
split_gain=52.7838 22.6474 4.78135 4.49891 6.26705 6.16523 7.0337 6.60449 4.42471 5.74237 4.34115 4.23611 3.8528 5.95662 2.9745 2.54259 5.27709 2.51608 1.01468 0.863331
threshold=18.439999580383304 0.0018064273754134776 -0.96636253595352162 -2.0297425985336299 0.7080628275871278 0.75373369455337536 231424.00000000003 -4.218754529953002 -1.3675611019134519 314032208.00000006 0.89889970421791088 23753.500000000004 -0.029420232400298115 -1.0711275339126585 -0.53210216760635365 1.2474149465560915 1.3666892647743227 1.4661180973052981 -0.00060189500800333906 1.6117005348205569
decision_type=2 2 2 2 2 2 2 2 2 2 2 2 2 2 2 2 2 2 2 2
left_child=3 11 -3 4 14 6 7 -5 -4 -10 -8 12 -2 -14 -1 18 -17 19 -7 -13
right_child=1 2 8 5 -6 15 10 -9 9 -11 -12 17 13 -15 -16 16 -18 -19 -20 -21
leaf_value=0 0.013467379829670738 -0.011208924901032811 0.011202157913543372 -0.014855391588393144 -0.013502559935994925 -0.0071825156186997472 -0.014321416843991399 0.0028621335535458448 -0.002626308720546333 0.0043601704148937426 -0.0021580786073383848 0.014192990682346356 -0.0040094662054791664 0.0085090019404875789 0.01446261588739459 -0.00042871945004165952 -0.012446121163873135 0.003774422422109373 -0.013679858810711782 0.010500787101048537
leaf_weight=2.7569159269332886 5.1493662893772152 3.1905795186758033 4.2275915145874015 2.4165860116481843 2.0052021890878677 3.8161263167858115 7.1205305904149991 16.066896915435791 26.13061535358429 21.330519050359726 5.3592262715101242 18.491224497556686 6.3480968922376642 9.2105047106742823 2.7472536116838446 7.4870925545692426 7.4875178933143616 3.9600971192121497 13.727965801954271 14.66236527264118
leaf_count=11 19 14 15 11 10 19 34 63 99 78 23 74 24 34 10 32 37 15 70 58
internal_value=0.000999078 0.00525816 0.000637268 -0.00574827 0.00146278 -0.00661703 -0.00337353 0.000491589 0.00138784 0.000492564 -0.0091782 0.00962663 0.0059044 0.00333704 0.00709643 -0.00967463 -0.00650437 0.0116765 -0.0123236 0.0125903
internal_weight=183.692 112.701 54.8793 70.9913 7.50937 63.4819 30.9632 18.4835 51.6887 47.4611 12.4798 57.8217 20.708 15.5586 5.50417 32.5187 14.9746 37.1137 17.5441 33.1536
internal_count=750 430 206 320 31 289 131 74 192 177 57 224 77 58 21 158 69 147 89 132
is_linear=0
shrinkage=0.01


Tree=71
num_leaves=19
num_cat=0
split_feature=11 26 46 35 34 49 44 54 24 63 17 50 38 64 23 34 28 54
split_gain=51.8668 22.3262 4.70039 4.41382 5.77903 4.94526 4.38967 6.98426 6.22529 6.51548 4.20304 3.86946 6.32299 2.61514 3.27934 1.79989 4.22759 0.554967
threshold=18.439999580383304 0.0018064273754134776 -0.96636253595352162 -1.1014665961265562 -1.2665612101554868 -0.049645533785223954 703328.68750000012 0.75373369455337536 459.00000000000006 0.32909096777439123 26539.500000000004 -0.029420232400298115 -1.0711275339126585 0.33102428913116461 287.50000000000006 -1.134804844856262 -1882.9999999999998 9.9986486434936541
decision_type=2 2 2 2 2 2 2 2 2 2 2 2 2 2 2 2 2 2
left_child=6 10 -3 4 -4 -5 7 8 9 -1 11 -2 -13 14 -9 16 -12 -17
right_child=1 2 3 5 -6 -7 -8 13 -10 -11 15 12 -14 -15 -16 17 -18 -19
leaf_value=-0.0070422608300791251 0.013459960503372535 -0.011136105415052855 0.0087195644728750993 0.0076039818434340259 -0.0047513116078769339 -0.00033282052916966496 0.0043867316860083235 -0.011809550618923661 0.0096589213496492896 0.0041671416772081846 0.014212094305556684 -0.0036665759073876377 0.00878678762405718 -0.00051064631952723466 -0.0025184304688899272 0.0095101435267862262 -0.00027968994592685335 0.013776695378902417
leaf_weight=22.82963086664677 5.3943263143301037 3.1793847382068625 3.8923090398311642 16.159610241651539 16.809291630983353 14.818970188498495 3.9507254511117926 26.047985419631008 3.4356746524572364 6.5894923210144034 4.077645942568779 6.8876551240682646 9.7177591472864115 3.1615848094224921 4.7808274030685416 5.5951806455850628 3.7155303806066504 22.228775545954704
leaf_count=100 20 14 14 58 65 55 15 130 13 26 16 26 36 14 22 22 15 89
internal_value=0.000991145 0.00521635 0.000630928 0.00137419 -0.00217022 0.00377504 -0.00570749 -0.00631904 -0.00298672 -0.00449751 0.00956497 0.00603376 0.00356111 -0.00951062 -0.0104012 0.011718 0.00717457 0.0129547
internal_weight=183.272 112.476 54.8596 51.6802 20.7016 30.9786 70.7959 66.8452 32.8548 29.4191 57.6169 21.9997 16.6054 33.9904 30.8288 35.6171 7.79318 27.824
internal_count=750 430 206 192 79 113 320 305 139 126 224 82 62 166 152 142 31 111
is_linear=0
shrinkage=0.01


Tree=72
num_leaves=24
num_cat=0
split_feature=11 26 7 7 1 62 40 38 54 58 26 53 57 59 29 35 19 48 19 71 51 51 50
split_gain=50.9509 22.0106 4.64242 5.23479 5.88653 4.58243 4.43538 6.14506 6.03373 6.91625 6.48684 3.82403 3.71328 7.74185 3.41187 3.03772 4.68882 2.91229 2.17471 3.72926 1.65431 0.791586 0.357848
threshold=18.439999580383304 0.0018064273754134776 2.9118626117706303 1.903550982475281 8984807.0000000019 0.24776395410299304 -2.0297425985336299 0.7080628275871278 0.75373369455337536 231424.00000000003 0.00041142957343254244 -0.65639555454254139 0.98012837767601024 0.41494457423686987 0.12195456027984621 -0.18880052119493482 5374.8510742187509 -0.53210216760635365 3547.1149902343755 359125.71875000006 -0.16823612153530118 -1.0000000180025095e-35 0.00076777057256549608
decision_type=2 2 2 2 2 2 2 2 2 2 2 2 2 2 2 2 2 2 2 2 2 2 2
left_child=6 12 3 4 -3 -5 7 17 9 10 -8 -11 13 21 -15 16 -10 -1 19 -14 -20 -2 -17
right_child=1 2 -4 5 -6 -7 8 -9 15 11 -12 -13 18 14 -16 22 -18 -19 20 -21 -22 -23 -24
leaf_value=0 0.014866767901690121 0.0055254856951642926 0.013100126698604232 -0.013990775971883439 -0.0018168604162841692 0.0021249406224463372 0.0046465840966761476 -0.013406231230200601 -0.014134929083409692 0.00074632157533477211 -0.0080268676428966162 -0.012131579280093532 0.0033924510136683849 0.0047306496575824919 -0.010438451590091073 -0.013501553956231521 -0.0027149643997069458 0.014357871867415698 0.0045885629375928202 0.01392056608294673 0.01323649961691912 0.0067729333678090481 -0.0073165110912532527
leaf_weight=2.752738818526268 4.168202742934227 18.676989838480949 2.8294053226709357 4.6086934655904761 26.022982954978943 2.701229065656662 12.513855963945394 1.984229505062103 5.4873012602329281 2.8495362997055045 5.9487725794315329 9.5687119513750059 9.0196100473403913 2.5708541572093964 3.3270808011293411 13.641337707638739 11.308818802237509 2.746137559413909 2.8067513555288306 5.7194848656654349 27.276690378785137 2.5221594423055631 1.8189648836851109
leaf_count=11 16 68 10 19 99 10 49 10 27 12 25 45 34 10 13 71 51 10 11 21 109 10 9
internal_value=0.000983405 0.0051748 0.000624472 -3.49921e-05 0.00122862 -0.00789875 -0.0056646 0.00150707 -0.00653043 -0.00332116 0.000508956 -0.00909604 0.00950389 0.00456633 -0.00365683 -0.00957184 -0.00650541 0.00707028 0.0108683 0.00754572 0.0124629 0.011965 -0.0128385
internal_weight=182.871 112.25 54.8393 52.0099 44.7 7.30992 70.6204 7.48311 63.1373 30.8809 18.4626 12.4182 57.4108 12.5883 5.89793 32.2564 16.7961 5.49888 44.8225 14.7391 30.0834 6.69036 15.4603
internal_count=750 430 206 196 167 29 320 31 289 131 74 57 224 49 23 158 78 21 175 55 120 26 80
is_linear=0
shrinkage=0.01


Tree=73
num_leaves=24
num_cat=0
split_feature=11 26 46 40 38 54 58 67 35 34 49 36 39 59 36 35 19 45 23 45 33 52 50
split_gain=50.066 21.6965 4.6277 4.36213 6.0427 5.96661 6.80745 6.48225 4.30265 5.68129 4.83129 4.2898 3.66631 7.62087 6.62149 3.02288 4.64035 2.799 2.27055 3.71972 2.03648 0.784108 0.357407
threshold=18.439999580383304 0.0018064273754134776 -0.96636253595352162 -2.0297425985336299 0.7080628275871278 0.75373369455337536 231424.00000000003 -4.218754529953002 -1.1014665961265562 -1.2665612101554868 -0.049645533785223954 0.89889970421791088 -0.056707967072725289 0.41494457423686987 -1.019301652908325 -0.18880052119493482 5374.8510742187509 -0.33806005120277399 3.5000000000000004 -0.67785224318504322 -1.4635440707206724 -1.0000000180025095e-35 0.00076777057256549608
decision_type=2 2 2 2 2 2 2 2 2 2 2 2 2 2 2 2 2 2 2 2 2 2 2
left_child=3 12 -3 4 17 6 7 -5 9 -4 -10 -8 13 21 -15 16 -7 -1 19 -14 -20 -2 -17
right_child=1 2 8 5 -6 15 11 -9 10 -11 -12 -13 18 14 -16 22 -18 -19 20 -21 -22 -23 -24
leaf_value=0 0.014792878237964008 -0.01107625779366949 0.0086489506866870083 -0.014751980458033954 -0.013351964050649139 -0.014075272929641591 -0.014189036870101195 0.002847256666568414 0.0075141430217723218 -0.0047070996804358571 -0.00033275749335228289 -0.0020547995404296602 0.011379070173681673 -0.013208182627080347 0.0079988943591379289 -0.013453548376145756 -0.0026902041025696549 0.014122997860448766 0.0044010627165002886 -0.00015654536070979576 0.013004740420362447 0.00672065329435828 -0.0072652619514304304
leaf_weight=2.7469651997089386 4.1472375988960266 3.169403374195098 3.8933507949113872 2.4019292294979158 1.9724304080009458 5.4556117504835155 7.037135496735571 16.059393748641014 16.143466264009479 16.791804596781731 14.812721833586691 5.3386174440383911 6.7930099219083786 3.2776786237955093 2.6191434860229492 13.553553268313406 11.298825666308401 2.7532814145088187 3.4317148476839021 4.463741183280943 29.959158211946491 2.5163906067609769 1.8135055005550373
leaf_count=11 16 14 14 11 10 27 34 63 58 65 55 23 25 13 10 71 51 10 13 17 120 10 9
internal_value=0.000975894 0.00513428 0.000618544 -0.0056237 0.00149189 -0.00648414 -0.0032924 0.000503323 0.00135566 -0.00214489 0.00372705 -0.00903541 0.0094433 0.00453164 -0.00361922 -0.00951713 -0.00645712 0.00699682 0.0108027 0.00671591 0.0121505 0.0118946 -0.0127883
internal_weight=182.45 112.019 54.8107 70.4312 7.47268 62.9586 30.8371 18.4613 51.6413 20.6852 30.9562 12.3758 57.2081 12.5605 5.89682 32.1215 16.7544 5.50025 44.6476 11.2568 33.3909 6.66363 15.3671
internal_count=750 430 206 320 31 289 131 74 192 79 113 57 224 49 23 158 78 21 175 42 133 26 80
is_linear=0
shrinkage=0.01


Tree=74
num_leaves=20
num_cat=0
split_feature=11 26 7 7 40 62 3 45 62 41 40 56 48 60 31 30 17 37 27
split_gain=49.1972 21.3939 4.55367 5.14371 5.20195 4.50373 4.35461 7.02133 8.88666 4.67215 4.63479 4.59037 7.11354 8.13823 4.1446 3.66564 2.32605 1.84819 0.385675
threshold=18.439999580383304 0.0018064273754134776 2.9118626117706303 1.903550982475281 -1.138164162635803 0.24776395410299304 -82046.999999999985 -0.51285240054130543 0.32909286022186285 0.64198589324951183 -0.73094999790191639 1.5756984353065493 1.4401414394378664 -0.00013677230890607459 -7.9429955482482901 0.33877034485340124 23753.500000000004 -1.8121189475059507 727040.00000000012
decision_type=2 2 2 2 2 2 2 2 2 2 2 2 2 2 2 2 2 2 2
left_child=6 14 3 4 -3 -5 7 9 10 18 -9 12 13 -8 -2 16 -16 -13 -1
right_child=1 2 -4 5 -6 -7 11 8 -10 -11 -12 17 -14 -15 15 -17 -18 -19 -20
leaf_value=-0.014167140210656792 -0.0017432862675350852 0.0086180621231871056 0.012985969568156026 -0.013895470229284399 -0.00033551277573867674 0.0020884071230634193 -0.014885059777829493 0.0057392829123182887 0.015061081661432512 0 -0.0055384482009908174 -0.0028227332177835078 0.01105942138076089 -0.00092682087206651814 0.0075591033716876192 -0.0012766350576184052 0.01221929345835022 -0.013457408493050535 -0.0077562050958762934
leaf_weight=6.9516086727380735 3.0169234424829474 7.831319421529769 2.8215781301259986 4.5962415337562552 36.840486377477646 2.7000680416822433 7.5056356936693218 5.0099412351846722 3.5133925825357428 4.2237944304943076 12.881609991192819 2.1337773352861413 2.4448613673448554 9.7928702831268328 17.965250536799431 2.5751468390226355 33.440535306930542 13.768914550542828 2.0121377855539322
leaf_count=34 12 28 10 19 139 10 35 20 13 18 57 10 9 42 67 10 135 72 10
internal_value=0.000968141 0.00509374 0.000612217 -4.03661e-05 0.00121173 -0.00784343 -0.00558369 -0.00300973 0.000482357 -0.00875362 -0.0023246 -0.00805352 -0.0047489 -0.00704096 0.00938411 0.0100245 0.0106101 -0.0120934 -0.0128396
internal_weight=182.026 111.788 54.7897 51.9681 44.6718 7.29631 70.2385 34.5925 21.4049 13.1875 17.8916 35.6461 19.7434 17.2985 56.9979 53.9809 51.4058 15.9027 8.96375
internal_count=750 430 206 196 167 29 320 152 90 62 77 168 86 77 224 212 202 82 44
is_linear=0
shrinkage=0.01


Tree=75
num_leaves=16
num_cat=0
split_feature=71 54 41 56 56 24 45 2 71 24 1 46 58 35 50
split_gain=46.0486 10.6663 8.10862 7.59167 6.91181 5.85455 7.72285 5.5495 5.04987 4.95612 5.59407 3.0047 7.07153 2.9127 2.59033
threshold=11921.247558593752 0.19414236396551135 2.3599539995193486 13.398769855499269 0.91547101736068737 262.50000000000006 0.84862229228019725 55722574.000000007 517768.75000000006 414.50000000000006 961272.50000000012 1.393467962741852 -206847.99999999997 1.4261325597763064 -6.088799818826373e-05
decision_type=2 2 2 2 2 2 2 2 2 2 2 2 2 2 2
left_child=2 -2 4 5 9 6 -3 13 -9 10 -1 14 -13 -5 -6
right_child=1 3 -4 7 11 -7 -8 8 -10 -11 -12 12 -14 -15 -16
leaf_value=-0.00098533743397624099 -0.0099280470336620564 0.0014733499445156485 0.0094250721488960271 0.00992272849511577 -0.0069928578961799904 -0.011519955448173703 0.016887781956286495 -0.0038094419869132098 0.0085567711671218471 0.0095684408305663129 -0.012411785743714382 0.0091118088840024935 -0.013290576149352418 0.0043872190503073238 -0.01306659323346928
leaf_weight=15.967421978712087 4.7177604138851157 34.284297198057175 3.2794157415628424 44.554906710982323 12.997393772006037 2.9877359420061103 3.6211293488740912 7.615408852696417 5.7702087908983231 2.9623899012804022 5.9743698090314856 2.6859104037284851 2.9207423478364936 13.0141604244709 18.267247602343559
leaf_count=64 19 131 12 172 64 12 13 30 22 11 28 11 15 51 95
internal_value=0.000960348 0.00472674 -0.00577291 0.00535382 -0.0065959 0.001889 0.00297228 0.0073366 0.00144662 -0.00247109 -0.00414214 -0.00935482 -0.00238018 0.00868873 -0.0105736
internal_weight=181.62 116.566 65.0549 111.848 61.7755 40.8932 37.9054 70.9547 13.3856 24.9042 21.9418 36.8713 5.60665 57.5691 31.2646
internal_count=750 450 300 431 288 156 144 275 52 103 92 185 26 223 159
is_linear=0
shrinkage=0.01


Tree=76
num_leaves=22
num_cat=0
split_feature=11 26 46 34 9 3 45 62 41 25 56 48 60 17 71 45 33 37 37 11 38
split_gain=47.5808 20.9881 4.53387 4.26474 5.4509 4.26245 6.88223 8.67626 4.60311 4.55843 4.52838 6.93234 8.052 4.1164 3.80303 6.26414 2.53077 6.04767 1.83612 0.722102 0.365655
threshold=18.439999580383304 0.0018064273754134776 -0.96636253595352162 -1.3675611019134519 314032208.00000006 -82046.999999999985 -0.51285240054130543 0.32909286022186285 0.64198589324951183 298260.00000000006 1.5756984353065493 1.4401414394378664 -0.00013677230890607459 23753.500000000004 643241.03125000012 -0.70477455854415882 -1.2964009046554563 -2.023524165153503 -1.8121189475059507 81.255001068115249 1.120620131492615
decision_type=2 2 2 2 2 2 2 2 2 2 2 2 2 2 2 2 2 2 2 2 2
left_child=5 13 -3 -4 -5 6 8 9 20 -8 11 12 -7 14 15 -2 17 -15 -12 -18 -1
right_child=1 2 3 4 -6 10 7 -9 -10 -11 18 -13 -14 16 -16 -17 19 -19 -20 -21 -22
leaf_value=-0.014070200511750933 0.0084146074875573098 -0.011015970784412075 0.010948344853717391 -0.0026112129126589895 0.0042026028456058021 -0.014796100761417552 0.00039251207690662183 0.014895954286263254 0 -0.011593669769897957 -0.0027488048287437174 0.010908132435070392 -0.0008766030051951413 0.01256674820044942 0.014833928638602299 -0.0040448216444077621 0.013233041742482275 -0.0065315530628878606 -0.013375981308537278 0.0069311979165698236 -0.0077643877700150302
leaf_weight=6.8715906739234907 10.228318363428119 3.1594946831464759 4.2224434465169898 26.096631988883018 21.279646366834641 7.4495790004730251 13.773455098271375 3.5141413211822501 4.2139351665973654 4.0683700591325751 2.1247289031744012 2.447432428598403 9.7731802761554736 4.6492158621549606 3.7200133055448523 6.5414242893457422 26.319506049156193 2.5008965730667105 13.610109925270077 2.7087363898754111 2.0151346325874329
leaf_count=34 38 14 15 99 78 35 58 13 18 19 10 9 42 18 14 25 108 10 72 11 10
internal_value=0.000952405 0.00501366 0.000579089 0.00130846 0.00042819 -0.0055108 -0.00296053 0.000495665 -0.00867096 -0.00228458 -0.00796452 -0.00468196 -0.00695544 0.00928112 0.00560235 0.00349489 0.011337 0.00574687 -0.0120045 0.0126794 -0.0127528
internal_weight=181.288 111.426 54.7582 51.5987 47.3763 69.8617 34.4566 21.356 13.1007 17.8418 35.405 19.6702 17.2228 56.6681 20.4898 16.7697 36.1784 7.15011 15.7348 29.0282 8.88673
internal_count=750 430 206 192 177 320 152 90 62 77 168 86 77 224 77 63 147 28 82 119 44
is_linear=0
shrinkage=0.01


Tree=77
num_leaves=20
num_cat=0
split_feature=11 59 54 19 5 58 40 38 54 22 63 35 19 45 20 37 2 45 38
split_gain=46.752 11.7119 7.02145 5.65693 7.02007 5.37139 4.23773 5.8969 5.81385 6.58984 6.18806 2.97745 4.56498 2.68213 1.65865 1.55294 0.978699 0.530559 0.344869
threshold=18.439999580383304 0.41494457423686987 0.19414236396551135 749.84182739257824 81547.710937500015 -16849919.999999996 -2.0297425985336299 0.7080628275871278 0.75373369455337536 18127.550781250004 0.32909096777439123 -0.18880052119493482 5374.8510742187509 -0.33806005120277399 94363.355468750015 2.9317336082458501 49838206.000000007 -0.82824361324310292 1.7794574499130251
decision_type=2 2 2 2 2 2 2 2 2 2 2 2 2 2 2 2 2 2 2
left_child=6 15 -3 4 -4 -5 7 13 9 10 -8 12 -10 -1 -11 16 17 -2 -13
right_child=1 2 3 5 -6 -7 8 -9 11 14 -12 18 -14 -15 -16 -17 -18 -19 -20
leaf_value=0 0.0091751493018604243 -0.009987139756882658 -0.0069443622512861845 -0.004682842529741266 0.0052517188293908605 0.0061123185734955343 -0.003347298637374165 -0.013232694968914854 -0.013934507973365515 -0.014477987789247396 0.0089730467626375106 -0.013303485123579414 -0.0025661361052240379 0.013973371912998545 -0.0031137880313725527 0.0036365599226814926 0.007316945985115497 0.014544754787173578 -0.007168128547778433
leaf_weight=2.7340237200260162 3.5310346633195939 3.7682354450225821 9.5581139177083987 4.8825968056917182 9.2753222435712797 60.555144503712654 18.062534347176559 1.9419142454862592 5.3644804656505647 5.2776659876108161 5.2529229372739783 13.253641709685324 11.219935908913611 2.7452775985002509 2.0200473070144653 2.6930379420518866 4.0588596016168585 12.873366817831995 1.8012793213129032
leaf_count=11 14 15 38 19 35 231 77 10 27 25 20 71 51 10 9 11 16 51 9
internal_value=0.000944935 0.00497411 0.00329364 0.00389937 -0.000884789 0.00529156 -0.00547107 0.00156451 -0.00632586 -0.00316942 -0.000528661 -0.00934832 -0.00630371 0.00699128 -0.0114693 0.01132 0.0122823 0.0134499 -0.0126358
internal_weight=180.869 111.196 88.0394 84.2712 18.8334 65.4377 69.6737 7.42122 62.2525 30.6132 23.3155 31.6393 16.5844 5.4793 7.29771 23.1563 20.4633 16.4044 15.0549
internal_count=750 430 338 323 73 250 320 31 289 131 97 158 78 21 34 92 81 65 80
is_linear=0
shrinkage=0.01


Tree=78
num_leaves=20
num_cat=0
split_feature=11 54 58 4 38 23 27 61 9 44 54 22 63 24 41 31 33 31 56
split_gain=45.9215 11.0457 6.78067 6.4967 6.76093 5.75727 5.39775 4.57467 5.52045 4.23131 6.62181 6.44736 5.58397 3.94424 3.67032 3.29291 2.65946 5.74839 1.40236
threshold=18.439999580383304 8.7100052833557147 -2799615.9999999995 65464.236328125007 -0.67070776224136341 222.50000000000003 -98551807.999999985 23.916666984558109 314032208.00000006 703328.68750000012 0.75373369455337536 7756.1914062500009 0.32909096777439123 373.50000000000006 -2.581694364547729 1.0000000180025095e-35 -0.3836576640605926 6.0854976177215585 0.99593469500541698
decision_type=2 2 2 2 2 2 2 2 2 2 2 2 2 2 2 2 2 2 2
left_child=9 2 7 5 -5 -4 -3 -2 -9 10 11 12 -1 -13 -8 -16 17 -12 -18
right_child=1 6 3 4 -6 -7 14 8 -10 -11 16 13 -14 -15 15 -17 18 -19 -20
leaf_value=-0.0021488319646843284 0.016959796614283453 -0.0057700720716682627 0.0039866906884401974 -0.017915615818555428 0 -0.011179950872453269 -0.0021273728387760527 -0.0040719451309349144 0.011914171578754193 0.0045173819465941329 -0.008829069331135371 -0.011320466033084807 0.010409698238467628 0.0026077923260861631 0.0051771293458098321 0.0099160284603220846 -0.0040373295961914548 0.0071737759019910334 -0.013251327097508196
leaf_weight=15.621949702501299 3.21863068640232 3.0019862204790106 13.660299867391592 4.5266668647527695 4.1228467524051648 3.0488273054361335 3.4278367012739173 4.8903125673532468 3.7981711626052856 3.9185240715742102 13.756497502326967 9.8919151276350004 4.5639527291059485 2.4211882054805747 23.82880474627018 43.517061814665794 2.2346826195716885 2.6130061298608771 14.465061873197554
leaf_count=66 11 12 52 19 16 12 14 19 14 15 67 46 17 10 92 169 10 11 78
internal_value=0.000937006 0.00493146 0.000465019 -0.00242903 -0.00947691 0.00115947 0.00717401 0.00671248 0.00280129 -0.00543183 -0.00604167 -0.00279168 0.000641063 -0.00850047 0.00773718 0.00825413 -0.00920539 -0.0062135 -0.0120782
internal_weight=180.528 111.041 37.2658 25.3586 8.64951 16.7091 73.7757 11.9071 8.68848 69.4868 65.5683 32.499 20.1859 12.3131 70.7737 67.3459 33.0692 16.3695 16.6997
internal_count=750 430 143 99 35 64 287 44 33 320 305 139 83 56 275 261 166 78 88
is_linear=0
shrinkage=0.01


Tree=79
num_leaves=19
num_cat=0
split_feature=11 26 7 7 1 63 23 19 55 44 56 58 31 61 8 64 34 6
split_gain=45.096 20.5207 4.41562 5.04205 5.60663 4.3679 4.17662 9.97394 5.63092 5.14902 5.97988 5.3037 4.04046 3.21555 3.9742 2.86596 2.51571 2.33879
threshold=18.439999580383304 0.0018064273754134776 2.9118626117706303 1.903550982475281 8984807.0000000019 0.25263760983943945 287.50000000000006 70048.382812500015 0.39655949175357824 703328.68750000012 0.91547101736068737 231424.00000000003 -7.9429955482482901 365.07525634765631 0.77048450708389293 0.33102428913116461 -0.38154527544975275 -58290085887.999992
decision_type=2 2 2 2 2 2 2 2 2 2 2 2 2 2 2 2 2 2
left_child=6 12 3 4 -3 -5 9 8 -8 10 11 -1 -2 16 -15 -12 -14 -9
right_child=1 2 -4 5 -6 -7 7 17 -10 -11 15 -13 13 14 -16 -17 -18 -19
leaf_value=0.00063365239829801367 -0.0018841691821538853 0.0053119556518289139 0.012741067170802327 -0.013829936522678572 -0.0018619962065202611 0.0019098292364805067 -0.00063689773820153146 -0.014284161862098249 0.019930734003595973 0.0044709696120533004 -0.01078707548510832 -0.0098968136335162767 0.0084744626453836219 -0.0066494756526887834 0.0089493311923936909 -0.00035860284134995929 0.01335337776796903 -0.00059622409742387346
leaf_weight=13.640840440988542 2.9972436577081671 18.621242806315422 2.8025561571121207 4.5858192890882483 26.000781640410423 2.6991305500268936 2.3574498891830427 3.3206754773855209 2.808787927031517 3.9196041375398627 30.666592910885811 7.2380233705043784 24.898021534085274 2.4931786805391303 4.5128939002752304 3.1011292189359656 21.268457934260368 2.2540158480405807
leaf_count=55 12 68 10 19 99 10 10 16 10 15 157 33 99 10 17 14 86 10
internal_value=0.000929204 0.00488917 0.000510747 -0.000130326 0.00110936 -0.00786096 -0.00539162 0.000251634 0.0103518 -0.00644365 -0.00724482 -0.00296902 0.00913596 0.00977595 0.00325561 -0.00985897 0.0107438 -0.0089291
internal_weight=180.186 110.879 54.7095 51.907 44.622 7.28495 69.3071 10.7409 5.16624 58.5662 54.6466 20.8789 56.1698 53.1726 7.00607 33.7677 46.1665 5.57469
internal_count=750 430 206 196 167 29 320 46 20 274 259 88 224 212 27 171 185 26
is_linear=0
shrinkage=0.01


Tree=80
num_leaves=18
num_cat=0
split_feature=11 59 54 19 5 58 58 41 56 1 71 9 7 36 17 47 5
split_gain=44.3052 11.4446 6.82454 5.50917 6.85458 5.2389 4.11636 5.12758 4.99061 5.28759 3.91061 2.80546 2.54569 1.498 2.24061 6.05434 0.0820598
threshold=18.439999580383304 0.41494457423686987 0.19414236396551135 749.84182739257824 81547.710937500015 -16849919.999999996 -2799615.9999999995 1.8433930277824404 0.91547101736068737 961272.50000000012 74913.425781250015 285786320.00000006 1.5777072906494143 -0.97869277000427235 23753.500000000004 -0.22657093405723569 296763.46875000006
decision_type=2 2 2 2 2 2 2 2 2 2 2 2 2 2 2 2 2
left_child=6 13 -3 4 -4 -5 10 8 9 -8 -1 -9 -10 -2 15 -15 -16
right_child=1 2 3 5 -6 -7 7 11 12 -11 -12 -13 -14 14 16 -17 -18
leaf_value=-0.0053227211206018426 0.014493093732877153 -0.0099102815810396035 -0.0069283939123105584 -0.0046849813103898089 0.0051369937072713095 0.0059806390734718088 -0.00034778508457262443 0.0098219362979792817 -0.010172571715486647 -0.010963989819950695 0.0098024069812305045 -0.0048800472785189546 0.0012834130677369857 0.014920177960709609 0.013554233379208538 -0.0054242292150405921 0.0090998535253946616
leaf_weight=3.452010676264762 9.1018407940864581 3.7634040713310233 9.5398448556661624 4.8796460628509513 9.2464898377656919 60.316191881895065 16.729602292180065 2.9231061935424796 31.926784008741379 6.6366113126277915 3.3177969604730606 2.2360258400440216 1.9016417264938343 2.7078339755535126 5.6751926988363248 3.0915462225675574 2.3366528302431107
leaf_count=15 36 15 38 19 35 231 67 11 166 31 12 10 8 10 24 12 10
internal_value=0.000921867 0.00485012 0.00319076 0.00378975 -0.000936672 0.00516702 -0.00535233 -0.00616034 -0.00702721 -0.00340586 0.0019422 0.0032561 -0.00949902 0.011161 0.00889264 0.0039025 0.0123799
internal_weight=179.782 110.659 87.7456 83.9822 18.7863 65.1958 69.1236 62.3538 57.1946 23.3662 6.76981 5.15913 33.8284 22.9131 13.8112 5.79938 8.01185
internal_count=750 430 338 323 73 250 320 293 272 98 27 21 174 92 56 22 34
is_linear=0
shrinkage=0.01


Tree=81
num_leaves=23
num_cat=0
split_feature=11 26 46 34 35 3 45 62 25 56 48 60 17 50 38 33 48 7 58 27 11 27
split_gain=43.5163 20.1367 4.40426 4.19135 5.29447 4.12605 6.71233 8.25344 4.46635 4.422 6.67034 7.984 4.07344 3.74246 6.02232 2.1638 4.48616 1.92709 2.95017 1.64304 0.726583 0.393263
threshold=18.439999580383304 0.0018064273754134776 -0.96636253595352162 -1.3675611019134519 -0.873399257659912 -82046.999999999985 -0.51285240054130543 0.32909286022186285 298260.00000000006 1.5756984353065493 1.4401414394378664 -0.00013677230890607459 26539.500000000004 -0.029420232400298115 -1.0711275339126585 -1.2964009046554563 -0.15719246864318845 1.1912327408790591 -387071.99999999994 -1167359.9999999998 81.255001068115249 1.0000000180025095e-35
decision_type=2 2 2 2 2 2 2 2 2 2 2 2 2 2 2 2 2 2 2 2 2 2
left_child=5 12 -3 -4 -5 6 17 8 -8 10 11 -7 13 -2 -15 16 -14 21 -19 -11 -17 -1
right_child=1 2 3 4 -6 9 7 -9 -10 19 -12 -13 15 14 -16 20 -18 18 -20 -21 -22 -23
leaf_value=-0.013809900513631868 0.012958509862227177 -0.010972625588941647 0.010754914661021759 -0.0033469633136316069 0.0033723846297840756 -0.014634788653465515 0.00054372770377873704 0.014663760553346519 -0.011396607961306131 -0.0033712162119466961 0.010786637344777595 -0.00069201100713375081 0.013875291879169407 -0.0039463099076182222 0.0082840205456504497 0.013004623225303907 -0.0028359039977450262 0.0032711907088310327 -0.010613280668208267 -0.013202158877909374 0.0066452323442951836 -0.0068930785935881643
leaf_weight=5.1213007271289808 5.2437734007835415 3.1496528536081305 4.2175226211547843 21.327917441725731 25.975879475474358 7.3370286971330669 13.677987888455396 3.5107599049806586 4.0130662471055976 2.2832036465406427 2.4445680677890769 9.6938923895359057 3.2257266640663147 6.8467423468828246 9.5292204469442332 25.270451262593273 3.042488604784011 2.7464250773191452 3.243387371301651 13.069633066654202 2.66482850909233 1.7917982786893842
leaf_count=26 20 14 15 82 95 35 58 13 19 11 9 42 13 26 36 106 12 11 16 71 11 9
internal_value=0.000914395 0.00480893 0.000475866 0.00119516 0.000321685 -0.00531373 -0.00279527 0.000621772 -0.00210831 -0.00775116 -0.00450389 -0.00675736 0.00903465 0.00554458 0.00310949 0.0112115 0.00560442 -0.00848759 -0.00408008 -0.0118053 0.0124338 -0.0121618
internal_weight=179.427 110.494 54.671 51.5213 47.3038 68.9331 34.1047 21.2018 17.6911 34.8283 19.4755 17.0309 55.8232 21.6197 16.376 34.2035 6.26822 12.9029 5.98981 15.3528 27.9353 6.9131
internal_count=750 430 206 192 177 320 152 90 77 168 86 77 224 82 62 142 25 62 27 82 117 35
is_linear=0
shrinkage=0.01


Tree=82
num_leaves=20
num_cat=0
split_feature=71 26 17 41 54 24 1 2 60 64 4 55 10 52 33 66 24 34 57
split_gain=40.9515 17.0828 8.18518 7.55943 6.67807 6.23298 6.46583 4.53569 5.82506 5.66159 4.51246 4.48169 5.93042 3.99991 3.90184 2.88131 2.26841 2.19504 1.07916
threshold=11921.247558593752 0.0014285732759162786 23753.500000000004 2.3599539995193486 0.75373369455337536 459.00000000000006 276373.00000000006 7038409.0000000009 0.0064999933820217856 0.057926299050450332 2158210.0000000005 -0.53051051497459401 -0.00070350000169128169 0.066765706986188902 -1.4635440707206724 -2.9426360130310054 71.500000000000014 1.2167142033576968 1.6530030965805056
decision_type=2 2 2 2 2 2 2 2 2 2 2 2 2 2 2 2 2 2 2
left_child=3 2 10 4 5 6 -1 11 9 -9 13 16 -13 -2 -4 -6 -3 -17 -16
right_child=1 7 14 -5 15 -7 -8 8 -10 -11 -12 12 -14 -15 18 17 -18 -19 -20
leaf_value=0.006050214607632505 0.0028318452376503546 0.016922270415981745 0.0021397238128119242 0.0092202164731287825 0 0.0096237616034369651 -0.0068321186784963892 0.0060415251896465049 0.0082913234504812666 -0.0053488533393618413 -0.0085345673022099774 -0.012879369707428496 0.0038663837689614402 0.014877142036685196 0.0088222573216085228 -0.011986730660370086 0.0040337749884383168 -0.0038730533663949031 0.013603896276504983
leaf_weight=4.6156267523765626 15.052626401185995 3.4339977800846126 4.394100919365882 3.2485961765050879 2.6601992994546917 3.4150183498859397 22.855305895209312 5.2247937023639706 5.0105269998311988 24.689615577459335 2.7229994833469382 2.4657586961984679 14.384978190064427 3.4813980758190146 7.6611704528331783 22.602150529623035 2.6710249036550522 4.3659501224756232 24.048247262835503
leaf_count=18 58 12 17 12 12 13 103 19 18 97 11 10 53 13 32 120 10 22 100
internal_value=0.000907277 0.00446989 0.00833885 -0.0055159 -0.0063235 -0.00302271 -0.00463125 0.000618415 -0.00163068 -0.003326 0.00334856 0.00408376 0.00135664 0.00514837 0.0112493 -0.00973065 0.0114472 -0.0107103 0.0124802
internal_weight=179.004 115.241 57.3605 63.7628 60.5143 30.886 27.4709 57.8807 34.9249 29.9144 21.257 22.9558 16.8507 18.534 36.1035 29.6283 6.10502 26.9681 31.7094
internal_count=750 450 231 300 288 134 121 219 134 116 82 85 63 71 149 154 22 142 132
is_linear=0
shrinkage=0.01


Tree=83
num_leaves=21
num_cat=0
split_feature=11 26 46 34 35 40 54 22 35 38 17 50 38 35 19 33 43 20 11 50
split_gain=42.0814 19.6086 4.30871 4.11022 5.1545 4.09932 5.58056 6.38361 6.08746 5.09798 3.99847 3.71661 5.88535 2.93413 4.53478 2.14697 4.51725 1.59918 0.722373 0.379104
threshold=18.439999580383304 0.0018064273754134776 -0.96636253595352162 -1.3675611019134519 -1.013280928134918 -2.0297425985336299 0.75373369455337536 18127.550781250004 1.5225622057914736 1.0000000180025095e-35 26539.500000000004 -0.029420232400298115 -1.0711275339126585 -0.18880052119493482 5374.8510742187509 -1.2964009046554563 1216513.3125000002 94363.355468750015 81.255001068115249 0.00076777057256549608
decision_type=2 2 2 2 2 2 2 2 2 2 2 2 2 2 2 2 2 2 2 2
left_child=5 10 -3 -4 -5 9 7 8 -7 -1 11 -2 -13 14 -8 16 -12 -9 -17 -15
right_child=1 2 3 4 -6 6 13 17 -10 -11 15 12 -14 19 -16 18 -18 -19 -20 -21
leaf_value=0.0080588593464737072 0.012876513807413382 -0.010885206944636395 0.010644457717245656 -0.0036177316697527792 0.0030891331530856631 0.0014447423550467285 -0.013768155277742104 -0.01423988912258441 -0.014378442755341682 -0.0092603621130693831 -0.0029825142100607855 -0.0039276144871113038 0.008175156757493713 -0.013115457527429285 -0.0023243930278709301 0.012900836579501911 0.013838643745380096 -0.0030033577581594119 0.0065397195576354129 -0.0067095875232688548
leaf_weight=4.708442509174346 5.2183794528245953 3.1350929588079444 4.2161523401737204 19.434138387441635 27.839201018214226 20.392061620950706 5.2375126481056276 5.1713610291481009 2.7561873644590369 2.6306065022945404 3.0292457789182654 6.8449831604957625 9.4861105382442439 12.862025201320646 11.064861431717871 24.98476538062096 3.2036764472723007 2.0025798380374908 2.6472738534212104 1.7335699200630177
leaf_count=18 20 14 15 75 102 84 27 25 13 13 12 26 36 71 51 106 13 9 11 9
internal_value=0.000900625 0.00473688 0.000465798 0.00117636 0.000310778 -0.00524205 -0.00609236 -0.00299525 -0.000396073 0.00171471 0.00892903 0.0054693 0.00304119 -0.0090994 -0.00606231 0.011101 0.005503 -0.0112426 0.0123276 -0.0124231
internal_weight=178.598 110.039 54.6246 51.4895 47.2733 68.5592 61.2202 30.3222 23.1482 7.33905 55.4144 21.5495 16.3311 30.898 16.3024 33.865 6.23292 7.17394 27.632 14.5956
internal_count=750 430 206 192 177 320 289 131 97 31 224 82 62 158 78 142 25 34 117 80
is_linear=0
shrinkage=0.01


Tree=84
num_leaves=19
num_cat=0
split_feature=11 59 54 9 31 3 23 19 55 22 52 15 41 46 6 48 2 61
split_gain=41.3511 11.0161 6.6535 5.33814 7.26543 5.57626 4.07501 9.66223 5.41446 4.57065 5.76472 6.80299 5.15937 3.30694 2.2941 1.57654 2.73723 1.17309
threshold=18.439999580383304 0.41494457423686987 0.19414236396551135 292761712.00000006 -2.6845155954360957 -1108960.4999999998 287.50000000000006 70048.382812500015 0.39655949175357824 7756.1914062500009 1.0000000180025095e-35 0.33002500236034399 1.5076959729194643 1.1968807578086855 -58290085887.999992 -0.91026797890663136 49838206.000000007 1227.869079589844
decision_type=2 2 2 2 2 2 2 2 2 2 2 2 2 2 2 2 2 2
left_child=6 15 -3 4 -4 -5 9 8 -8 10 12 -12 -1 17 -9 -2 -17 -11
right_child=1 2 3 5 -6 -7 7 14 -10 13 11 -13 -14 -15 -16 16 -18 -19
leaf_value=-0.0027438376756457302 0.0046105235082089671 -0.0098759811597205534 -0.013363342173803092 0.00077978196168944618 0.0022970468339546159 0.0085881954415557588 -0.00049639908434121133 -0.014093070064537246 0.019702962599011366 -0.013071680305510876 -0.012154099770573036 0.0020564851269134574 0.011704828920947794 0.00090484176525878969 -0.00044876681714638259 0.014164350648225486 0.0043605935087013851 -0.0041506739292888053
leaf_weight=19.165503352880481 3.7722174823284176 3.7548819035291663 3.2084282189607611 13.715415507555006 37.248101308941841 29.338741108775139 2.33862257003784 3.261075958609581 2.8078201115131378 13.996755719184881 13.249660953879358 4.3654592782258979 2.8263460248708716 2.1029835492372504 2.2320756316184998 14.848299115896227 3.918966516852378 2.0326244086027137
leaf_count=87 15 15 13 54 144 112 10 16 10 72 67 19 11 9 10 61 16 9
internal_value=0.000893472 0.0046998 0.00307411 0.00366836 0.00103037 0.00612396 -0.00520422 0.000394868 0.0103298 -0.00625328 -0.00430645 -0.0085756 -0.000841454 -0.0104507 -0.00873092 0.0109496 0.0121704 -0.0120028
internal_weight=178.184 109.805 87.2656 83.5107 40.4565 43.0542 68.3789 10.6396 5.14644 57.7393 39.607 17.6151 21.9918 18.1324 5.49315 22.5395 18.7673 16.0294
internal_count=750 430 338 323 157 166 320 46 20 274 184 86 98 90 26 92 77 81
is_linear=0
shrinkage=0.01


Tree=85
num_leaves=22
num_cat=0
split_feature=11 26 7 7 1 62 3 45 31 22 2 41 58 56 48 60 31 30 2 38 27
split_gain=40.6151 19.2559 4.33024 4.89798 5.28912 4.22601 4.02418 6.54457 7.85303 7.47232 6.56212 6.52195 5.83663 4.3677 6.37227 7.88419 3.90466 3.48128 3.62595 1.94981 1.63393
threshold=18.439999580383304 0.0018064273754134776 2.9118626117706303 1.903550982475281 8984807.0000000019 0.24776395410299304 -82046.999999999985 -0.39014165103435511 -0.1785253435373306 -28223.929687499996 558574.00000000012 0.64198589324951183 -473087.99999999994 1.5756984353065493 1.4401414394378664 -0.00013677230890607459 -7.9429955482482901 0.33877034485340124 120230476.00000001 1.5667607188224795 -1167359.9999999998
decision_type=2 2 2 2 2 2 2 2 2 2 2 2 2 2 2 2 2 2 2 2 2
left_child=6 16 3 4 -3 -5 7 11 10 -10 -9 19 -13 14 15 -8 -2 18 -18 -1 -15
right_child=1 2 -4 5 -6 -7 13 8 9 -11 -12 12 -14 20 -16 -17 17 -19 -20 -21 -22
leaf_value=-0.013906436538556258 -0.0020509622410019119 0.0051108960163305083 0.01257322244158369 -0.013716717296006953 -0.0018653960124609488 0.0017703971971324583 -0.014476735995471654 0.0080430601347943973 -0.0024033933303917194 0.015041234997808227 -0.011219811938088924 0.012844454400156476 -0.0093171597102721278 -0.0032293017008703452 0.010578310990665042 -0.00054945167416402642 0.01074510580494158 -0.0016124819961310924 -0.00034459559632516812 -0.0024275503786930757 -0.013079369558471282
leaf_weight=8.6740807741880399 2.9665597379207602 18.562914445996284 2.7903714179992667 4.5693712681531897 25.970048442482948 2.6972174346446991 7.2354218959808376 2.4279244840145111 4.2120818048715591 5.6116999089717865 6.1142251789569855 2.487789586186409 2.2421534061431876 2.263938397169114 2.4432295858860007 9.6346808671951312 46.581834435462952 2.538850173354148 2.9616153538227072 2.0501866191625586 12.80644533038139
leaf_count=44 12 68 10 19 99 10 35 10 18 21 29 9 11 11 9 42 190 10 12 10 71
internal_value=0.000886213 0.0046602 0.000432516 -0.000202182 0.00102011 -0.00783058 -0.00516588 -0.00267082 0.00131826 0.00745982 -0.00562768 -0.00747619 0.00212768 -0.00759095 -0.00435936 -0.006582 0.00883448 0.0094737 0.010062 -0.0118052 -0.011666
internal_weight=177.843 109.639 54.5899 51.7996 44.533 7.26659 68.2039 33.8201 18.3659 9.82378 8.54215 15.4542 4.72994 34.3837 19.3133 16.8701 55.0489 52.0823 49.5434 10.7243 15.0704
internal_count=750 430 206 196 167 29 320 152 78 39 39 74 20 168 86 77 224 212 202 54 82
is_linear=0
shrinkage=0.01


Tree=86
num_leaves=19
num_cat=0
split_feature=11 59 54 9 31 33 40 54 22 61 36 47 24 5 37 20 2 45
split_gain=39.9106 10.7916 6.52246 5.18645 7.0521 6.79444 4.00592 5.51257 6.27037 6.10624 5.14615 2.4599 5.95618 2.96829 1.57271 1.56382 1.0002 0.551556
threshold=18.439999580383304 0.41494457423686987 0.19414236396551135 292761712.00000006 -2.6845155954360957 -1.241206109523773 -2.0297425985336299 0.75373369455337536 18127.550781250004 798.81817626953136 -0.35813687741756434 1.3638004660606386 99.500000000000014 6737.2700195312509 2.9317336082458501 94363.355468750015 49838206.000000007 -0.82824361324310292
decision_type=2 2 2 2 2 2 2 2 2 2 2 2 2 2 2 2 2 2
left_child=6 14 -3 4 -4 -5 10 8 9 -8 -1 13 -13 -9 16 -10 17 -2
right_child=1 2 3 5 -6 -7 7 11 15 -11 -12 12 -14 -15 -16 -17 -18 -19
leaf_value=0.0094587081422444347 0.0086433701738068223 -0.0098110100824698558 -0.013202543940191562 -0.0030105285175788879 0.0022515115026932697 0.0077691802307666459 -0.0057710510195583256 -0.011160090892305836 -0.01410541102756145 0.0045317237031167962 -0.0073547566932577347 -0.012928960876311195 0.0091174079938427573 0.0018484591727759023 0.0030240601517629992 -0.002948567061659072 0.0067692632555406045 0.014151180827052084
leaf_weight=4.0195768177509308 3.4121683537960079 3.7518287599086753 3.1973957717418662 6.8300137072801581 37.193971455097198 36.088614672422409 10.940984636545187 23.925047636032112 5.1068731844425193 12.102525055408476 3.2842804789543143 2.5488832443952552 2.3251592516899109 1.7525121271610249 2.6170894205570212 1.9934389591217039 3.9501013159751883 12.376129671931269
leaf_count=15 14 15 13 27 144 139 48 127 25 49 16 14 10 7 11 9 16 51
internal_value=0.000879035 0.00462285 0.00301552 0.00360516 0.0010034 0.00603041 -0.00513041 -0.00597622 -0.00289306 -0.000316605 0.00176139 -0.00898549 -0.00220658 -0.0102333 0.0108377 -0.0111139 0.0118231 0.0130242
internal_weight=177.417 109.417 87.0618 83.31 40.3914 42.9186 67.9993 60.6954 30.1438 23.0435 7.30386 30.5516 4.87404 25.6776 22.3555 7.10031 19.7384 15.7883
internal_count=750 430 338 323 157 166 320 289 131 97 31 158 24 134 92 34 81 65
is_linear=0
shrinkage=0.01


Tree=87
num_leaves=23
num_cat=0
split_feature=11 26 46 49 46 34 17 3 45 31 2 48 41 60 72 19 71 45 47 54 31 38
split_gain=39.2013 18.8754 4.24493 4.12551 6.79398 6.18434 4.01427 3.9606 6.46004 7.7611 6.28893 5.52922 4.40605 3.92528 4.18383 4.99911 3.81811 6.04558 2.54089 2.51634 0.985284 0.455011
threshold=18.439999580383304 0.0018064273754134776 -0.96636253595352162 -0.049645533785223954 -0.24169486761093137 -0.49638406932353968 23753.500000000004 -82046.999999999985 -0.51285240054130543 1.1649314165115359 558574.00000000012 1.0000000180025095e-35 0.64198589324951183 -0.00054243014892563213 -2542327.6249999995 66003.855468750015 643241.03125000012 -0.70477455854415882 1.4661180973052981 -0.80524998903274525 1.6117005348205569 1.3162757754325869
decision_type=2 2 2 2 2 2 2 2 2 2 2 2 2 2 2 2 2 2 2 2 2 2
left_child=7 6 -3 4 -4 -5 16 8 12 10 -10 -11 21 -9 19 -16 17 -2 20 -15 -8 -1
right_child=1 2 3 5 -6 -7 18 13 9 11 -12 -13 -14 14 15 -17 -18 -19 -20 -21 -22 -23
leaf_value=-0.013720712973649874 0.0078724203743640812 -0.010874213974779756 0.0013163096489923547 -0.007673792997140683 0.014049233456493544 0.0029067749428348345 0.013533779153278127 -0.013851116736437147 0.0084670375775628259 0.017653162637845905 -0.0082613040610315484 0.001153954630418614 0 -0.0001676380987342058 0.0010622038982670617 -0.013538983850340707 0.014458831314445515 -0.0044689785637644685 0.0027654069919030313 -0.012183710626112763 0.0095267543628929259 -0.0066312890119223176
leaf_weight=6.7631710022687894 10.010519206523899 3.1306695342063895 24.311221435666084 10.580630242824556 5.1273647546768215 11.391672044992445 17.138530120253566 7.7573318332433692 2.8910456746816662 3.5525679886341077 9.4995694756507856 5.0762382447719574 4.1262774914503089 2.3281413763761529 11.367381289601324 2.926143243908883 3.619453787803649 6.4698002487421045 3.8045570552349082 9.769393637776373 13.664651498198507 1.7581983357667921
leaf_count=35 38 14 91 41 18 42 74 40 12 13 44 21 18 10 50 15 14 25 15 53 58 9
internal_value=0.000871952 0.00458392 0.000401758 0.00110786 0.00356799 -0.00214272 0.00873512 -0.0050932 -0.00261352 0.000740818 -0.00427745 0.00806274 -0.00826723 -0.00750864 -0.00560645 -0.00185696 0.00508596 0.00296679 0.0108256 -0.00995391 0.0117887 -0.0123753
internal_weight=177.065 109.249 54.5416 51.4109 29.4386 21.9723 54.7075 67.8155 33.6671 21.0194 12.3906 8.62881 12.6476 34.1484 26.3911 14.2935 20.0998 16.4803 34.6077 12.0975 30.8032 8.52137
internal_count=750 430 206 192 109 83 224 320 152 90 56 34 62 168 128 65 77 63 147 63 132 44
is_linear=0
shrinkage=0.01


Tree=88
num_leaves=21
num_cat=0
split_feature=11 26 7 7 1 62 17 40 36 56 24 1 71 1 37 23 33 43 69 11
split_gain=38.5185 18.6098 4.1879 4.77558 5.164 4.11795 3.98378 3.92463 5.03686 4.84972 5.52977 6.75977 3.57592 6.46226 3.04734 6.0046 2.13523 4.43771 1.69634 0.74527
threshold=18.439999580383304 0.0018064273754134776 2.9118626117706303 1.903550982475281 8984807.0000000019 0.24776395410299304 26539.500000000004 -2.0297425985336299 -0.35813687741756434 0.8114321529865266 334.50000000000006 853253.50000000012 643241.03125000012 8984807.0000000019 -1.8121189475059507 32.500000000000007 -1.2964009046554563 1216513.3125000002 55.596500396728523 81.255001068115249
decision_type=2 2 2 2 2 2 2 2 2 2 2 2 2 2 2 2 2 2 2 2
left_child=7 6 3 4 -3 -5 12 8 -1 10 11 -9 13 -2 15 -11 17 -8 -16 -18
right_child=1 2 -4 5 -6 -7 16 9 -10 14 -12 -13 -14 -15 18 -17 19 -19 -20 -21
leaf_value=0.0093737001481401985 0.0087729927244982846 0.0050276169717452723 0.012376780526934153 -0.013593338598655684 -0.0018693284289359345 0.0017019247628405996 -0.0031375658918464545 -0.00033779918205250524 -0.0072836925536174518 -0.014098326731957697 0.0098050859259122911 -0.01399593420910177 0.014390242084029949 -0.0033011789564111344 -0.0070673080314974934 0.00099474771624976765 0.012705733132796437 0.013649819474681291 -0.012389467653633732 0.006223799084479985
leaf_weight=4.0211454182863235 9.7824364453554207 18.536932915449142 2.7731777578592292 4.5529764741659156 25.958125814795494 2.6957749128341675 3.0116112530231467 13.092556118965154 3.2653450667858115 3.8081462681293479 3.2961590886116019 5.0967744141817084 3.6004337519407263 7.9541522264480582 12.678499668836595 8.2258789390325529 24.414257243275646 3.1379218846559525 14.151562973856924 2.6000403463840476
leaf_count=15 37 68 10 19 99 10 12 53 16 19 12 25 14 31 66 36 106 13 78 11
internal_value=0.000865343 0.00454819 0.000397916 -0.000224757 0.00098151 -0.00776715 0.00868134 -0.00505599 0.00177167 -0.00589692 -0.00202172 -0.00421988 0.00521977 0.00330183 -0.00801354 -0.00369833 0.0108783 0.00526592 -0.00991176 0.0121189
internal_weight=176.654 109.018 54.517 51.7438 44.4951 7.24875 54.5009 67.6361 7.28649 60.3496 21.4855 18.1893 21.337 17.7366 38.8641 12.034 33.1638 6.14953 26.8301 27.0143
internal_count=750 430 206 196 167 29 224 320 31 289 90 78 82 68 199 55 142 25 144 117
is_linear=0
shrinkage=0.01


Tree=89
num_leaves=23
num_cat=0
split_feature=11 54 9 30 33 28 27 18 24 43 3 45 62 22 41 56 48 60 65 36 27 36
split_gain=37.852 9.95312 6.42555 15.5969 8.16624 6.69674 5.10829 4.61617 4.36148 4.08022 3.89709 6.32177 7.7608 4.39757 4.35141 4.29802 6.17662 7.73062 3.22594 2.71704 1.6243 0.441039
threshold=18.439999580383304 9.9986486434936541 305827216.00000006 0.13329274207353595 -0.24654242396354673 -55.624999999999993 -98551807.999999985 14130.500000000002 168.50000000000003 17075.645507812504 -82046.999999999985 -0.51285240054130543 0.32909286022186285 -35813.880859374993 0.64198589324951183 1.5756984353065493 1.4401414394378664 -0.00013677230890607459 10.888869285583498 1.4443684220314028 -1167359.9999999998 1.0483114719390871
decision_type=2 2 2 2 2 2 2 2 2 2 2 2 2 2 2 2 2 2 2 2 2 2
left_child=10 2 3 5 7 -2 -3 -4 -6 18 11 14 13 -13 21 16 17 -12 -8 -11 -17 -1
right_child=1 6 4 -5 8 -7 9 -9 -10 19 15 12 -14 -15 -16 20 -18 -19 -20 -21 -22 -23
leaf_value=-0.013633348128175446 0.0073147932011935644 -0.0059038012652863295 0.0069444251687953819 -0.017448737316365065 0.013170985485411848 -0.0073379050524813505 -0.0078070041714759231 -0.0092790329714465998 -0.0014095226427530017 0.0074054922080270189 -0.014317012248055686 -0.0099958695434615753 0.014377038688340773 0.0011383779902151242 1.4159864477659792e-05 -0.0030821926028188457 0.010489705806481665 -0.00045409379705536385 0.0069916710360502831 0.015140986312337788 -0.012952038578521841 -0.0066149096146842857
leaf_weight=6.6788197308778745 8.8854101449251175 2.9684922397136679 2.6697068512439754 5.7582092583179465 8.9485947191715223 4.7584799081087121 3.0349284261465064 4.8937333822250366 2.5065773129463187 56.248653501272202 7.1277983784675625 4.8783246129751232 3.5036905556917182 12.589194342494013 4.1152707636356345 2.2443955242633828 2.440276935696601 9.5918259024620074 2.8428457826375961 5.2604737728834143 12.520625382661816 1.7583778649568556
leaf_count=35 33 12 10 24 33 19 12 20 10 224 35 23 13 54 18 11 9 42 12 21 71 9
internal_value=0.000858786 0.00451311 0.000392064 -0.00362826 0.00454603 0.00213119 0.00674937 -0.00342034 0.00989324 0.0073216 -0.00501981 -0.00255602 0.000760131 -0.00191394 -0.00817591 -0.00742498 -0.00421748 -0.00642385 -0.000479341 0.00808332 -0.0115195 -0.0122892
internal_weight=176.225 108.776 38.4207 19.4021 19.0186 13.6439 70.3554 7.56344 11.4552 67.3869 67.4486 33.5237 20.9712 17.4675 12.5525 33.9249 19.1599 16.7196 5.87777 61.5091 14.765 8.4372
internal_count=750 430 149 76 73 52 281 30 43 269 320 152 90 77 62 168 86 77 24 245 82 44
is_linear=0
shrinkage=0.01


Tree=90
num_leaves=19
num_cat=0
split_feature=54 58 12 41 61 69 46 1 0 59 33 44 42 1 43 42 12 4
split_gain=36.0297 13.6005 6.81068 6.2754 4.75494 5.50291 4.4433 4.30482 8.69125 5.89465 8.34346 4.22155 5.7396 3.80854 3.53379 6.56484 2.95352 2.98108
threshold=9.9986486434936541 -2799615.9999999995 197335936.00000003 0.94465014338493358 23.916666984558109 91.80475234985353 0.14691904187202456 8984807.0000000019 181513.00000000003 0.50004959106445324 -1.3731080889701841 2768819.1250000005 0.00054243000340648006 75874980.000000015 125275.27343750001 -0.00037499998870771373 237161184.00000003 356117.43750000006
decision_type=2 2 2 2 2 2 2 2 2 2 2 2 2 2 2 2 2 2
left_child=1 4 11 -4 -1 6 -6 14 9 13 -11 12 -3 -9 15 -2 17 -16
right_child=7 2 3 -5 5 -7 -8 8 -10 10 -12 -13 -14 -15 16 -17 -18 -19
leaf_value=0.016653806013054759 -0.010498030504257141 -0.0057217640561895416 -0.003061561038491767 0.015676036528915079 -0.011026645259400357 0.010586345398603161 0.0062009520484342566 0.012311945021762104 -0.011558917150920318 -0.014965872133052553 0.0041274251531395719 -0.016665368027925998 0.0061153547746131192 0 0.014574679345982389 0.011461358288346418 0.00022714496901477834 0.0066167185369019757
leaf_weight=3.2151858210563651 2.4486606419086456 69.726438567042351 4.2803287059068671 2.9927299171686172 3.4987373352050763 4.8920754045248032 2.5417552143335342 13.329294189810755 3.2808822095394126 2.5077296346426037 24.609515577554703 3.3416725546121588 4.2709706276655188 3.1478787362575522 14.16506083309651 3.0333712548017528 2.6628066748380652 7.9161185920238486
leaf_count=11 10 328 17 11 15 18 10 56 14 10 97 14 17 13 54 12 11 32
internal_value=0.000851691 -0.00314099 -0.00466505 0.00451112 0.00590315 0.00264999 -0.00361196 0.00597893 0.00404239 0.00523947 0.00232485 -0.00554092 -0.00502504 0.0099755 0.00894909 0.00147034 0.0105656 0.011767
internal_weight=175.861 98.7599 84.6121 7.27306 14.1478 10.9326 6.04049 77.1013 46.8753 43.5944 27.1172 77.3391 73.9974 16.4772 30.226 5.48203 24.744 22.0812
internal_count=750 441 387 28 54 43 25 309 190 176 107 359 345 69 119 22 97 86
is_linear=0
shrinkage=0.01


Tree=91
num_leaves=25
num_cat=0
split_feature=54 9 44 26 14 37 56 1 39 7 2 6 19 63 1 37 13 27 2 39 19 41 28 22
split_gain=35.3827 8.61829 9.24802 8.07061 6.8869 7.77355 6.761 7.21532 6.15808 5.90814 5.60917 8.25242 5.45968 5.5499 6.85521 4.30355 3.88337 3.34303 3.13182 2.9367 2.32604 2.32319 1.64717 1.09919
threshold=9.9986486434936541 305827216.00000006 175973.66406250003 0.0014285732759162786 0.12499999627470972 -1.3454260826110838 0.8114321529865266 961272.50000000012 2.1804738044738774 2.3209587335586552 3063526.0000000005 -59843590143.999992 3547.1149902343755 0.086275752633810057 10908815.500000002 -1.860654294490814 188426280.00000003 -37685247.999999993 82767120.000000015 1.4572978019714358 37924.121093750007 -0.40802215039730066 1.0000000180025095e-35 -40345.216796874993
decision_type=2 2 2 2 2 2 2 2 2 2 2 2 2 2 2 2 2 2 2 2 2 2 2 2
left_child=1 4 19 12 5 17 7 -6 -7 10 -5 -12 13 -2 -15 -8 20 -1 23 -3 -4 -18 -21 -14
right_child=3 2 16 9 6 8 15 -9 -10 -11 11 -13 18 14 -16 -17 21 -19 -20 22 -22 -23 -24 -25
leaf_value=0 0.01255693403477477 0.0010320949971727911 0.01767054558874737 0.0088778876634486269 0.0013520138913601031 -0.0014091370479915714 -0.002343129451824192 -0.013824732796312782 0.015497647761697026 0.014957486190669379 -0.017725526269942182 8.5964272211018597e-05 0.0046704421239143401 0.0080788831758242061 -0.0062113270920023103 -0.010226702583391622 -0.0024173948934686908 -0.015165846044304404 0.00096035419709804867 -0.016590253384392958 0.0046999748282284546 0.0085486078795200329 -0.0040511406619458843 0.012415896413889831
leaf_weight=3.1008914113044739 5.2983846217393902 3.1098287403583553 4.0544470548629743 5.1529091596603456 16.793253779411319 3.8601133823394758 9.2689815908670408 3.8319547176361075 4.6069348901510239 2.8460924923419944 3.1243592053651872 14.890185877680773 2.4284043461084392 6.2938399165868741 7.1747159957885742 32.198614716529846 4.3420168012380609 2.8021294325590125 3.1573757827281943 2.6472896486520767 2.4707429260015488 3.3582833409309378 2.1563968062400818 26.578945636749268
leaf_count=12 21 13 14 19 67 17 43 19 16 10 13 56 10 24 29 166 17 12 13 12 10 13 10 114
internal_value=0.000844904 -0.0031144 0.00234986 0.00593157 -0.00470959 0.00147293 -0.00615651 -0.00141919 0.00767177 0.00135377 -0.000274261 -0.00294767 0.00825006 0.00387992 0.000392224 -0.00848865 0.0072032 -0.00724903 0.0107688 -0.00624823 0.0129125 0.00223527 -0.0111696 0.0118019
internal_weight=175.547 98.6019 22.139 76.9452 76.4629 14.3701 62.0928 20.6252 8.46705 26.0135 23.1675 18.0145 50.9317 18.7669 13.4686 41.4676 14.2255 5.90302 32.1647 7.91352 6.52519 7.7003 4.80369 29.0073
internal_count=750 441 89 309 352 57 295 86 33 98 88 69 211 74 53 209 54 24 137 35 24 30 22 124
is_linear=0
shrinkage=0.01


Tree=92
num_leaves=19
num_cat=0
split_feature=54 58 26 12 17 41 34 7 2 6 63 1 63 71 44 10 2 47
split_gain=34.7754 13.2357 7.96442 6.60969 6.22721 6.15003 5.9903 5.79875 5.50501 8.11035 4.58965 6.72766 4.55284 4.70094 4.15135 5.56919 3.143 1.12517
threshold=9.9986486434936541 -2799615.9999999995 0.0014285732759162786 197335936.00000003 15237.500000000002 0.94465014338493358 0.30619779229164129 2.3209587335586552 3063526.0000000005 -59843590143.999992 0.086275752633810057 10908815.500000002 0.07920344173908235 670763.37500000012 2768819.1250000005 0.00054243000340648006 82767120.000000015 0.86673143506050121
decision_type=2 2 2 2 2 2 2 2 2 2 2 2 2 2 2 2 2 2
left_child=1 6 4 14 10 -5 12 8 -4 -10 -2 -12 -1 -14 15 -3 17 -6
right_child=2 3 7 5 16 -7 -8 -9 9 -11 11 -13 13 -15 -16 -17 -18 -19
leaf_value=0.018752484333503003 0.012281790539218039 -0.0056394825068117665 0.0088051737022183506 -0.003033507680163416 0.012658441046372737 0.015547867878854836 -0.0073940797745128944 0.014828962303490232 -0.01758856959060718 8.5104323429280283e-05 0.0080153572140819508 -0.0061494020307969032 -0.0031789542571568712 0.012024695856747477 -0.016516221027350328 0.0060202691276818581 0.00095097263398920208 0.0066485630290111118
leaf_weight=3.441373258829115 4.3573955744504955 69.425182536244392 5.1435547918081346 4.2775870710611335 25.34810803830624 2.9761096388101578 2.6870834529399863 2.8420722633600226 3.1172363013029161 14.89025861024856 6.2803526073694211 7.1744974106550217 3.7717068493366241 4.222826287150383 3.3286957144737235 4.2711183130741111 3.1566430777311316 4.4253899455070487
leaf_count=12 17 328 19 17 110 11 12 10 13 56 24 29 15 15 14 17 13 18
internal_value=0.000838582 -0.00308975 0.0058891 -0.00459772 0.00819884 0.00445236 0.00583828 0.00134168 -0.000270856 -0.00291881 0.00335371 0.000387994 0.00903491 0.00472674 -0.00546298 -0.00495016 0.0107893 0.0117987
internal_weight=175.137 98.4017 76.7355 84.2787 50.7424 7.2537 14.123 25.9931 23.151 18.0075 17.8122 13.4549 11.4359 7.99453 77.025 73.6963 32.9301 29.7735
internal_count=750 441 309 387 211 28 54 98 88 69 70 53 42 30 359 345 141 128
is_linear=0
shrinkage=0.01


Tree=93
num_leaves=24
num_cat=0
split_feature=71 26 41 54 22 23 33 71 43 63 2 47 60 55 31 46 71 68 31 34 22 49 57
split_gain=34.1761 15.2274 7.02743 6.52836 7.32764 4.79084 5.3264 4.52464 8.37232 4.28841 4.0942 6.85763 6.51348 4.2329 5.40864 4.07736 3.09236 2.93395 5.33794 2.67521 2.56611 2.21153 1.23174
threshold=11921.247558593752 0.0014285732759162786 2.3599539995193486 0.75373369455337536 7756.1914062500009 11.500000000000002 -1.4635440707206724 359125.71875000006 886469.03125000012 0.32909096777439123 7038409.0000000009 -1.3820436000823972 0.0064999933820217856 -0.53051051497459401 -0.27824817597866053 1.393467962741852 142847.41406250003 25.486206054687504 1.1649314165115359 1.2167142033576968 9347.8403320312518 -0.74432474374771107 1.6530030965805056
decision_type=2 2 2 2 2 2 2 2 2 2 2 2 2 2 2 2 2 2 2 2 2 2 2
left_child=2 5 3 4 9 7 16 8 -2 -1 13 -12 -13 20 -15 -6 -7 18 -5 -19 -3 -9 -8
right_child=1 10 -4 17 15 6 22 21 -10 -11 11 12 -14 14 -16 -17 -18 19 -20 -21 -22 -23 -24
leaf_value=-0.0014233281732784256 0.0080508167465404307 0.01677421172260532 0.0091567074160665476 -0.012902501830378292 -0.012580236141070004 -0.0074994812533193548 0.0076142775861788893 0.015184230548707957 -0.0094362591332318585 0.00995104904619948 0.0094267646615619153 -0.0053408867449557529 0.0080863241426275007 -0.0060767317760353724 0.0056273169545435131 0.0013665806567596127 0.0080674363105790077 -0.012657275965796171 0.0064734919116656246 -0.0034680617991121199 0.0030476593624565642 0.0039191991726921019 0.012646353060520029
leaf_weight=15.041079759597784 5.5956099629402178 3.4196981191635158 3.2085165232419959 2.7169052958488491 8.3980668336153013 2.4909586757421485 7.5760367214679745 3.7086877077817917 5.3495756238698959 4.225081503391265 4.7719673365354529 25.820338234305385 4.1486370265483847 6.3200966566801133 10.400539278984064 2.6277249902486792 2.6041133105754852 18.556543305516247 2.9183642566204071 4.2050851583480826 2.6026864498853683 3.8644017577171317 24.198744118213654
leaf_count=65 22 12 12 15 42 10 33 14 22 16 17 102 15 25 38 11 10 104 13 22 10 15 105
internal_value=0.000832221 0.00411184 -0.00513213 -0.00593034 -0.00265493 0.00785489 0.009955 0.00361957 -0.000404813 0.00101918 0.000487864 -0.00165143 -0.00344878 0.00379969 0.00114359 -0.00916566 0.00026057 -0.00938911 -0.00269071 -0.0110036 0.0110081 0.00956795 0.011478
internal_weight=174.769 112.872 61.8974 58.6889 30.292 55.3881 36.8699 18.5183 10.9452 19.2662 57.484 34.7409 29.969 22.743 16.7206 11.0258 5.09507 28.3969 5.63527 22.7616 6.02238 7.57309 31.7748
internal_count=750 450 300 288 134 231 158 73 44 81 219 134 117 85 63 53 20 154 28 126 22 29 138
is_linear=0
shrinkage=0.01


Tree=94
num_leaves=19
num_cat=0
split_feature=11 26 46 34 35 17 23 19 52 44 62 3 52 50 38 6 22 31
split_gain=34.8368 17.4935 4.05314 4.00596 4.8127 3.94055 3.79638 9.25399 4.90796 4.63459 4.13661 6.67401 4.03783 3.57182 5.57938 2.20076 1.96743 1.05822
threshold=18.439999580383304 0.0018064273754134776 -0.96636253595352162 -1.3675611019134519 -1.013280928134918 26539.500000000004 287.50000000000006 70048.382812500015 -0.00031819134892430151 703328.68750000012 0.32909286022186285 -50377.499999999993 -0.00016991759912343693 -0.029420232400298115 -1.0711275339126585 -58290085887.999992 -48169.503906249993 1.6117005348205569
decision_type=2 2 2 2 2 2 2 2 2 2 2 2 2 2 2 2 2 2
left_child=6 5 -3 -4 -5 13 9 8 -8 10 12 -12 -1 -2 -15 -9 -7 -18
right_child=1 2 3 4 -6 16 7 15 -10 -11 11 -13 -14 14 -16 -17 17 -19
leaf_value=-0.0048602143828886408 0.012361372922198788 -0.010734108651545034 0.010389660310203542 -0.0036406367799768588 0.0028596080216430363 0.0025281990818437129 -0.00014128340037037186 -0.013839857414195777 0.0191266768158577 0.0045565809084280734 0.0059676334000176284 -0.0086273254077897429 -0.011361642784029052 -0.0042197917007833529 0.0076588936951194706 -0.0002952523704245976 0.013274225945008924 0.0090563400914623979
leaf_weight=19.207964926958081 5.0332940369844463 3.1056099086999884 4.1942821741104117 19.33636599779129 27.667811095714569 3.03108787536621 2.2949446588754654 3.1674285978078842 2.8237724453210813 3.8476332128047934 5.989956870675087 6.5040765106677991 20.611953139305118 6.7867754846811339 9.2644198387861216 2.1801067143678665 16.293798297643665 13.003514498472212
leaf_count=92 20 14 15 75 102 12 10 16 10 15 25 33 109 26 36 10 73 57
internal_value=0.000826195 0.0043467 0.000330797 0.00102151 0.000164292 0.00841089 -0.00485038 0.00059283 0.0102926 -0.00588259 -0.00666949 -0.00155009 -0.00825066 0.0049579 0.00257404 -0.00850494 0.010632 0.0114363
internal_weight=174.345 107.717 54.3041 51.1985 47.0042 53.4129 66.6278 10.4663 5.11872 56.1616 52.314 12.494 39.8199 21.0845 16.0512 5.34754 32.3284 29.2973
internal_count=750 430 206 192 177 224 320 46 20 274 259 58 201 82 62 26 142 130
is_linear=0
shrinkage=0.01


Tree=95
num_leaves=23
num_cat=0
split_feature=11 26 7 7 1 17 62 3 62 52 23 56 60 31 50 71 1 33 19 37 56 11
split_gain=34.2305 17.2518 4.02731 4.56755 4.85337 3.91041 3.79338 3.76268 5.9779 5.89631 5.00867 4.29481 5.90248 4.09294 3.95256 3.53591 6.15835 2.14913 4.43491 1.84712 1.11543 0.75605
threshold=18.439999580383304 0.0018064273754134776 2.9118626117706303 1.903550982475281 8984807.0000000019 26539.500000000004 0.24776395410299304 -82046.999999999985 0.32909286022186285 0.00076985513442195963 177.00000000000003 1.5756984353065493 -0.00054243014892563213 3.150677084922791 -0.00074193577165715386 643241.03125000012 8984807.0000000019 -1.2964009046554563 23444.138671875004 -1.8121189475059507 0.13793786615133288 81.255001068115249
decision_type=2 2 2 2 2 2 2 2 2 2 2 2 2 2 2 2 2 2 2 2 2 2
left_child=7 5 3 4 -3 15 -5 8 9 10 -1 12 -9 -10 -14 16 -2 18 -7 -13 -11 -19
right_child=1 2 -4 6 -6 17 -8 11 13 20 -12 19 14 -15 -16 -17 -18 21 -20 -21 -22 -23
leaf_value=-0.0044360739314763401 0.0084072666036480014 0.0048323020597791201 0.012127143436735899 -0.013320247740817828 -0.0018675947519174404 0.013410521182955762 0.0013869733034597598 -0.014130847747275434 -0.0042723428723881966 -0.0043612638397532086 0.0070219325971335256 -0.0018974852628889224 0.0088422739144959055 0.0130811388899503 -0.0036867008577594063 0.014136580973509522 -0.0034510635032691242 0.012449930732528532 -0.0035623198276628276 -0.012820372235938569 -0.0133646448536534 0.0058645617657771846
leaf_weight=13.382920131087308 9.6240093559026771 18.438647791743279 2.7499458640813819 4.5058691501617423 25.904881864786148 3.062685325741767 2.6838102638721466 4.4136924296617517 2.0252226293086997 2.2167702913284284 5.3018636852502814 2.0218338072299966 3.2221055328845969 3.7363251894712448 11.292967200279236 3.5239620357751837 7.8922107815742484 23.607317000627521 2.9585403650999069 12.378382027149197 6.4604490548372269 2.5347410291433325
leaf_count=62 37 68 10 19 99 13 10 22 10 10 21 10 13 14 51 14 31 106 12 72 35 11
internal_value=0.000819849 0.00431284 0.000327419 -0.000282839 0.000895763 0.00836035 -0.00769115 -0.004815 -0.00238274 -0.0043545 -0.00113131 -0.00720226 -0.00398929 0.00680771 -0.000836582 0.00491877 0.00300722 0.0105806 0.00490481 -0.0113562 -0.0111798 0.0118497
internal_weight=173.939 107.487 54.2832 51.5332 44.3435 53.2035 7.18968 66.4525 33.1236 27.362 18.6848 33.329 18.9288 5.76155 14.5151 21.0402 17.5162 32.1633 6.02123 14.4002 8.67722 26.1421
internal_count=750 430 206 196 167 224 29 320 152 128 83 168 86 24 64 82 68 142 25 82 45 117
is_linear=0
shrinkage=0.01


Tree=96
num_leaves=23
num_cat=0
split_feature=11 26 7 7 1 17 62 3 45 62 22 56 48 60 41 71 1 33 43 27 11 38
split_gain=33.6401 17.0095 3.95915 4.48362 4.75872 3.88486 3.73629 3.71257 6.16083 7.32862 4.32518 4.26556 5.85032 7.67728 4.25483 3.49619 6.05042 2.13491 4.34056 1.61137 0.753327 0.478336
threshold=18.439999580383304 0.0018064273754134776 2.9118626117706303 1.903550982475281 8984807.0000000019 26539.500000000004 0.24776395410299304 -82046.999999999985 -0.51285240054130543 0.32909286022186285 -35813.880859374993 1.5756984353065493 1.4401414394378664 -0.00013677230890607459 0.64198589324951183 643241.03125000012 8984807.0000000019 -1.2964009046554563 1216513.3125000002 -1167359.9999999998 81.255001068115249 1.3162757754325869
decision_type=2 2 2 2 2 2 2 2 2 2 2 2 2 2 2 2 2 2 2 2 2 2
left_child=7 5 3 4 -3 15 -5 8 14 10 -10 12 13 -9 21 16 -2 18 -7 -13 -19 -1
right_child=1 2 -4 6 -6 17 -8 11 9 -11 -12 19 -14 -15 -16 -17 -18 20 -20 -21 -22 -23
leaf_value=-0.013490253150513436 0.0083433986312360132 0.0047859041766404303 0.012042191045637805 -0.013229611559445797 -0.0018492311352439721 -0.0034500022240034024 0.0013731175418545288 -0.014107794486402776 -0.0097954892595371167 0.0141526204786191 0.0013341090231946957 -0.0028563958167682475 0.010355347043689064 -0.00017609537813851976 0.00014882197951666709 0.014073719855019363 -0.0034147954248012124 0.012403246277633055 0.013359517636766833 -0.012774387492820763 0.005820648099921482 -0.0061972706205682994
leaf_weight=6.544247090816496 9.6008199751377159 18.431267514824867 2.7416934370994559 4.4914438724517813 25.90052841603756 2.9741975367069271 2.683782547712326 6.9688335955143001 4.7987287938594845 3.4965116530656806 12.451337650418283 2.2081763148307809 2.4361110776662818 9.4912544190883654 4.0739591270685187 3.5044030398130408 7.896252214908599 23.459949791431431 3.0307911038398743 12.1027138531208 2.5283578783273688 1.7043990790843961
leaf_count=35 37 68 10 19 99 12 10 35 23 13 54 11 9 42 18 14 31 106 13 71 11 9
internal_value=0.000813502 0.00427979 0.000324345 -0.000279975 0.000886818 0.00830996 -0.00762832 -0.00478031 -0.00236321 0.000920169 -0.00170402 -0.00715726 -0.00395632 -0.00613522 -0.00797233 0.00487867 0.00297989 0.0105311 0.00486744 -0.0113139 0.0118013 -0.0121046
internal_weight=173.52 107.243 54.2487 51.507 44.3318 52.9948 7.17523 66.2763 33.0692 20.7466 17.2501 33.2071 18.8962 16.4601 12.3226 21.0015 17.4971 31.9933 6.00499 14.3109 25.9883 8.24865
internal_count=750 430 206 196 167 224 29 320 152 90 77 168 86 77 62 82 68 142 25 82 117 44
is_linear=0
shrinkage=0.01


Tree=97
num_leaves=23
num_cat=0
split_feature=11 26 46 34 35 17 3 45 31 2 48 56 60 41 50 50 38 33 19 37 11 38
split_gain=33.0602 16.7709 3.99798 3.93891 4.67389 3.8595 3.66545 6.06523 7.24836 6.19146 5.34148 4.23407 5.75781 4.21142 3.85138 3.54087 5.44679 2.12084 4.36385 1.83455 0.750696 0.475964
threshold=18.439999580383304 0.0018064273754134776 -0.96636253595352162 -1.3675611019134519 -1.013280928134918 26539.500000000004 -82046.999999999985 -0.51285240054130543 1.1649314165115359 558574.00000000012 1.0000000180025095e-35 1.5756984353065493 -0.00054243014892563213 0.64198589324951183 -0.00074193577165715386 -0.029420232400298115 -1.0711275339126585 -1.2964009046554563 23444.138671875004 -1.8121189475059507 81.255001068115249 1.3162757754325869
decision_type=2 2 2 2 2 2 2 2 2 2 2 2 2 2 2 2 2 2 2 2 2 2
left_child=6 5 -3 -4 -5 15 7 13 9 -9 -10 12 -8 21 -14 -2 -17 18 -7 -13 -19 -1
right_child=1 2 3 4 -6 17 11 8 10 -11 -12 19 14 -15 -16 16 -18 20 -20 -21 -22 -23
leaf_value=-0.01344224288550209 0.012246850117710539 -0.010685358404425124 0.010304695184961086 -0.0035963832023393179 0.0028147374474615976 0.013331488409070389 -0.014011941526503533 0.0086879006159871486 0.017418678677015319 -0.0080173097132485178 0.0011551305411169545 -0.0018380487194757582 0.0087227708186669705 0.00014732896349817774 -0.0036412175586987799 -0.0042459689254708381 0.0075146253640844271 0.012357152610889956 -0.003549091833711911 -0.012748008203141752 0.0057770287036713053 -0.0061532384149142177
leaf_weight=6.5021553784608823 4.9867641478776958 3.0961208045482627 4.1872311383485785 19.301296070218086 27.62918558716774 3.0320248305797604 4.3627094030380258 2.8645418584346798 3.543023541569708 9.2946254312992078 5.0337458848953247 2.015816643834115 3.2264434248208991 4.0740925073623648 11.26776111125946 6.7757572829723367 9.2000189125537837 23.312722340226177 2.9566645324230194 12.206098064780232 2.5220057666301718 1.6994545608758924
leaf_count=35 20 14 15 75 102 13 22 12 13 44 21 10 13 18 51 26 36 106 12 72 11 9
internal_value=0.000807366 0.00424704 0.000321302 0.00100752 0.000156701 0.00826003 -0.00474631 -0.00234348 0.000911383 -0.00399954 0.00799012 -0.00711402 -0.00392508 -0.00792301 -0.000819972 0.00483897 0.00246405 0.0104821 0.00483043 -0.0112719 0.0117535 -0.0120538
internal_weight=173.09 107 54.2138 51.1177 46.9305 52.786 66.0905 33.0116 20.7359 12.1592 8.57677 33.0788 18.8569 12.2757 14.4942 20.9625 15.9758 31.8234 5.98869 14.2219 25.8347 8.20161
internal_count=750 430 206 192 177 224 320 152 90 56 34 168 86 62 64 82 62 142 25 82 117 44
is_linear=0
shrinkage=0.01


Tree=98
num_leaves=18
num_cat=0
split_feature=11 26 46 49 46 34 31 44 54 22 63 24 30 2 33 31 56
split_gain=32.4861 16.5418 3.93166 3.92089 6.31302 5.94256 3.7222 3.65568 6.10121 5.91366 4.99411 3.54596 3.388 3.49859 2.52715 5.31698 1.41626
threshold=18.439999580383304 0.0018064273754134776 -0.96636253595352162 -0.049645533785223954 -0.24169486761093137 -0.49638406932353968 -7.9429955482482901 703328.68750000012 0.75373369455337536 7756.1914062500009 0.32909096777439123 373.50000000000006 0.33877034485340124 120230476.00000001 -0.3836576640605926 6.0854976177215585 0.99593469500541698
decision_type=2 2 2 2 2 2 2 2 2 2 2 2 2 2 2 2 2
left_child=7 6 -3 4 -4 -5 -2 8 9 10 -1 -11 13 -8 15 -10 -16
right_child=1 2 3 5 -6 -7 12 -9 14 11 -12 -13 -14 -15 16 -17 -18
leaf_value=-0.0015458165078492221 -0.0025681307355838118 -0.01061828841220676 0.0012335842407615539 -0.0076095493931350117 0.013576232826401668 0.0027844708765035354 0.010157856268593704 0.0046244030065855984 -0.0081744479352277664 -0.010600470995554181 0.010416122598219935 0.002805073552581991 -0.0021957406057367315 -0.00089039560836402462 -0.003231821236925685 0.0073725750124852005 -0.01270506250766658
leaf_weight=15.171126499772077 2.8837112188339225 3.0845785588026038 24.173196405172348 10.535512715578081 5.0663527846336391 11.332856222987173 44.313018828630447 3.8352598696947089 12.912286013364794 9.3267849385738355 4.5056145489215842 2.3637851625680915 2.4875002205371848 2.8876691013574591 2.1310061216354361 2.5850145220756522 13.078950867056845
leaf_count=66 12 14 91 41 18 42 190 15 67 46 17 10 10 12 10 11 78
internal_value=0.000801217 0.00421415 0.000318019 0.000997637 0.0034064 -0.00217732 0.00821135 -0.00471206 -0.00530502 -0.00216016 0.00114243 -0.00780439 0.00885708 0.00946075 -0.00848492 -0.00551661 -0.0114436
internal_weight=172.674 106.764 54.1925 51.1079 29.2395 21.8684 52.5719 65.9098 62.0746 31.3673 19.6767 11.6906 49.6882 47.2007 30.7073 15.4973 15.21
internal_count=750 430 206 192 109 83 224 320 305 139 83 56 212 202 166 78 88
is_linear=0
shrinkage=0.01


Tree=99
num_leaves=19
num_cat=0
split_feature=11 26 46 34 49 40 54 22 61 36 31 61 8 34 57 59 69 68
split_gain=31.913 16.2971 3.86672 3.86821 4.60102 3.7348 5.24311 6.0399 5.72598 4.6577 3.67093 3.32028 3.89971 2.56361 2.50964 4.86559 1.55305 1.1669
threshold=18.439999580383304 0.0018064273754134776 -0.96636253595352162 -1.3675611019134519 -0.049645533785223954 -2.0297425985336299 0.75373369455337536 18127.550781250004 798.81817626953136 -0.35813687741756434 -7.9429955482482901 365.07525634765631 0.77048450708389293 -0.38154527544975275 1.2474149465560915 1.3666892647743227 94.039558410644545 19.538882255554203
decision_type=2 2 2 2 2 2 2 2 2 2 2 2 2 2 2 2 2 2
left_child=5 10 -3 -4 -5 9 7 8 -7 -1 -2 13 -13 -12 17 -16 -9 -8
right_child=1 2 3 4 -6 6 14 16 -10 -11 11 12 -14 -15 15 -17 -18 -19
leaf_value=0.0093464658435054391 -0.002541252744653139 -0.010551908285077695 0.010205328476512 0.0028525708542269531 -0.0034824832505753029 -0.0053208198271671491 -0.0052355369733731658 -0.013770424389890049 0.0047597403365584375 -0.0068400571924346603 0.0074855069011407465 -0.007920984597260438 0.0078957529749910989 0.012584176406911356 0.00033516054706299016 -0.011455604212278264 -0.0025063694281189921 -0.012786313945477133
leaf_weight=3.9835668206214905 2.8850624412298194 3.0730014145374289 4.1837119162082663 27.016465932130814 19.892341166734695 10.673733755946165 3.0450896471738842 4.9037673473358145 11.936044931411741 3.1580571085214606 23.293846666812897 2.4065051823854438 4.2904190272092819 19.508667781949043 7.0902827233076078 6.6191622912883759 1.9434917569160459 12.383204534649847
leaf_count=15 12 14 15 101 76 48 16 25 49 16 99 10 17 86 32 37 9 73
internal_value=0.000794811 0.0041803 0.000314993 0.000988164 0.000144784 -0.00467741 -0.00551426 -0.00249104 0 0.00204869 0.00815793 0.00880174 0.00206277 0.00983276 -0.0085363 -0.00528469 -0.0107193 -0.0113608
internal_weight=172.286 106.55 54.1655 51.0925 46.9088 65.7364 58.5948 29.457 22.6098 7.14162 52.3845 49.4994 6.69692 42.8025 29.1377 13.7094 6.84726 15.4283
internal_count=750 430 206 192 177 320 289 131 97 31 224 212 27 185 158 69 34 89
is_linear=0
shrinkage=0.01


Tree=100
num_leaves=24
num_cat=0
split_feature=43 26 67 46 17 58 67 62 56 72 70 21 18 71 43 26 17 33 46 39 39 7 57
split_gain=30.659 11.7563 6.40396 6.03443 5.50614 5.36472 7.1148 5.70622 5.11619 4.79252 4.36883 4.30326 4.39686 4.06071 10.9045 3.27553 3.18493 3.16975 2.73992 1.48056 1.29386 0.859039 0.318579
threshold=17075.645507812504 0.0018064273754134776 4.3067798614501962 0.8971768617630006 23753.500000000004 4024320.0000000005 2.9440597295761113 0.24776395410299304 4.7468304634094247 -2552180.2499999995 769109.68750000012 -76026.499999999985 95559.000000000015 359125.71875000006 1059252.6250000002 0.0021428598556667571 2240.0000000000005 -1.4635440707206724 -0.36171983182430262 -0.1001760959625244 -0.1001760959625244 0.72358629107475292 2.9563118219375615
decision_type=2 2 2 2 2 2 2 2 2 2 2 2 2 2 2 2 2 2 2 2 2 2 2
left_child=2 4 8 9 13 6 7 -3 11 -4 -7 -1 -13 14 -2 -8 -15 -6 -11 -19 -10 -12 -22
right_child=1 5 3 -5 17 10 15 -9 20 18 21 12 -14 16 -16 -17 -18 19 -20 -21 22 -23 -24
leaf_value=-0.013108096117747664 0.0089152863029801285 -0.0023588277705597614 -0.015088457615332789 0.016404353331039775 0.0015849948279549021 0.0009062482206447076 0.0050551629986603655 0.0065341733217989251 -0.0053137964037593133 0.0070881917804616413 -0.016665990006480863 -0.0052701122810183756 0.0026970984537703574 0.014912196532943128 -0.0100121943922079 0.017977032232172591 0.0020432396054899005 0.0056960098634783645 -0.0045195425283600299 0.012148365051182518 -0.012623846260640136 -0.0073587347549802385 -0.019219106624376134
leaf_weight=5.1135614961385718 6.14825087785721 24.713214740157127 2.0742872804403296 2.3023059219121924 4.27342964708805 4.600725591182707 5.1947662085294706 10.179300382733343 2.6415073573589334 4.579082712531088 2.6264612525701523 26.635720744729042 9.1771294772624952 4.1150942444801313 6.0193378329277039 3.4830843210220337 3.9963052719831467 4.9202779829502132 3.5655363649129868 24.175521686673164 7.1945842951536143 2.4757961332798004 1.6973042488098142
leaf_count=28 24 96 11 9 17 17 19 38 15 20 11 129 39 16 25 12 16 22 17 109 43 10 7
internal_value=0.000788379 0.00408564 -0.00462163 0.00174207 0.00739204 0.0007372 0.00225142 0.000206895 -0.00615959 -0.00146346 -0.00595919 -0.0044629 -0.00320057 0.00320909 -0.000366002 0.0103569 0.00869523 0.00990411 0.0018838 0.0110916 -0.0120936 -0.0123458 -0.0139952
internal_weight=171.903 106.922 64.981 12.5212 53.6482 53.2733 43.5704 34.8925 52.4598 10.2189 9.70298 40.9264 35.8129 20.279 12.1676 8.67785 8.1114 33.3692 8.14462 29.0958 11.5334 5.10226 8.89189
internal_count=750 432 318 57 229 203 165 134 261 48 38 196 168 81 49 31 32 148 37 131 65 21 50
is_linear=0
shrinkage=0.01


Tree=101
num_leaves=19
num_cat=0
split_feature=43 56 38 27 65 56 33 41 24 2 58 23 36 34 25 60 42 61
split_gain=30.1265 9.53443 7.23004 6.16424 5.601 6.71422 5.50135 5.68823 5.22043 4.364 3.32822 3.23179 3.08041 2.7333 2.46198 3.96142 1.91199 1.7789
threshold=17075.645507812504 4.9851562976837167 -1.4967882633209226 -98551807.999999985 2.792587518692017 2.1094585657119755 -1.267381966114044 0.42148084938526159 459.00000000000006 1879550.5000000002 11801088.000000002 24.500000000000004 -1.7116101980209348 -0.86372974514961232 248857.00000000003 0.00012212245928822088 -0.00060189500800333906 36.666650772094734
decision_type=2 2 2 2 2 2 2 2 2 2 2 2 2 2 2 2 2 2
left_child=4 2 12 13 5 8 7 -5 9 -1 -8 -6 -2 -3 16 -16 -7 -4
right_child=1 3 17 6 11 14 10 -9 -10 -11 -12 -13 -14 -15 15 -17 -18 -19
leaf_value=-0.0024774059483628733 -0.0039505873496873548 0.0011061132944480828 -0.0050265491003133678 -0.0022917174884790415 -0.0045409054126742988 -0.0050559683822160306 0.0077462817266979924 0.0091301317779552537 0.010096193660850713 -0.013630601781654877 0.00033859320359398178 0.010150178233486079 0.011314916374687282 -0.013542933521614984 0.0066675455251534611 -0.012478448231937779 -0.013021297865775834 -0.016845860071907002
leaf_weight=28.271008476614952 2.4527461379766464 2.5236685872077942 2.4490290582180005 14.477731823921205 2.3538597375154486 4.3598141521215501 62.956554636359215 6.2044069766998282 2.8630170971155158 4.087205082178115 7.0261114090681067 3.8171826303005219 2.71145860850811 2.3580371588468543 2.1628983020782462 2.1027436554431915 14.799124345183371 3.533676490187645
leaf_count=129 10 10 10 59 10 24 253 25 11 21 30 16 10 10 10 12 85 15
internal_value=0.00078236 0.004054 -0.00465132 0.00508007 -0.00458758 -0.00554872 0.00567504 0.00108636 -0.0027496 -0.00391708 0.00701685 0.00438442 0.0038709 -0.00576505 -0.00971478 -0.00253602 -0.0112609 -0.0121748
internal_weight=171.51 106.693 11.1469 95.5465 64.8169 58.6458 90.6648 20.6821 35.2212 32.3582 69.9827 6.17104 5.1642 4.88171 23.4246 4.26564 19.1589 5.98271
internal_count=750 432 45 387 318 292 367 84 161 150 283 26 20 20 131 22 109 25
is_linear=0
shrinkage=0.01


Tree=102
num_leaves=22
num_cat=0
split_feature=11 26 17 7 7 1 40 54 22 61 36 62 50 38 57 59 33 43 18 68 11
split_gain=30.3396 15.8172 3.83951 3.80382 4.41548 4.57951 3.62691 5.16561 5.96736 5.58883 4.52828 3.60621 3.49268 5.25161 2.48707 4.77825 2.10531 4.25637 1.8536 1.17058 0.758463
threshold=18.439999580383304 0.0018064273754134776 26539.500000000004 2.9118626117706303 1.903550982475281 8984807.0000000019 -2.0297425985336299 0.75373369455337536 18127.550781250004 798.81817626953136 -0.35813687741756434 0.24776395410299304 -0.029420232400298115 -1.0711275339126585 1.2474149465560915 1.3666892647743227 -1.2964009046554563 1216513.3125000002 465776.00000000006 19.538882255554203 81.255001068115249
decision_type=2 2 2 2 2 2 2 2 2 2 2 2 2 2 2 2 2 2 2 2 2
left_child=6 2 12 4 5 -3 10 8 9 -8 -1 -6 -2 -14 19 -16 17 -4 -10 -9 -18
right_child=1 3 16 -5 11 -7 7 14 18 -11 -12 -13 13 -15 15 -17 20 -19 -20 -21 -22
leaf_value=0.0092488059340708646 0.012032279492113286 0.0046812519150550612 -0.0035924709174918056 0.011823361113575634 -0.013135227959212467 -0.0018365077583933976 -0.0052123942217122887 -0.0051207932446143897 -0.013697682226546251 0.0047641725025284109 -0.006750426680552625 0.0012216609190696889 -0.0043336117161162594 0.0072562883444212177 0.00037547400478870013 -0.011362363921892087 0.012180212703609252 0.01317714066496207 -0.0010045379649357678 -0.01271102809707157 0.005527043392332529
leaf_weight=3.9767836481332779 4.9034676551818874 18.371377974748611 2.9601270705461529 2.7162842005491248 4.4702474474906913 25.852705031633377 10.610904708504682 3.0223115086555508 5.0658574998378745 11.922341242432593 3.1329661309719077 2.6786896884441376 6.7595005333423623 9.0842543542385066 7.0651735216379148 6.5253987908363342 22.727847591042522 2.9600991755723953 1.7155677229166029 12.191468238830565 2.4789278358221045
leaf_count=15 20 68 12 10 19 99 48 16 26 49 16 10 26 36 32 37 106 13 8 73 11
internal_value=0.000775712 0.00408367 0.00802956 0.000280882 -0.000309947 0.00084846 -0.00458271 -0.00541227 -0.0024091 2.18287e-05 0.00205797 -0.00761586 0.00460904 0.00224851 -0.00843393 -0.00518677 0.0102773 0.00462338 -0.010634 -0.0112689 0.0115656
internal_weight=171.192 105.964 51.8742 54.0893 51.373 44.2241 65.2288 58.119 29.3147 22.5332 7.10975 7.14894 20.7472 15.8438 28.8044 13.5906 31.127 5.92023 6.78143 15.2138 25.2068
internal_count=750 430 224 206 196 167 320 289 131 97 31 29 82 62 158 69 142 25 34 89 117
is_linear=0
shrinkage=0.01


Tree=103
num_leaves=21
num_cat=0
split_feature=11 59 54 19 5 58 23 19 52 22 52 14 41 46 6 36 17 47 61 3
split_gain=29.8182 9.44727 5.9982 4.84021 6.35282 4.55046 3.59903 8.71918 4.60861 4.39617 5.51519 6.38197 4.79913 3.61078 2.17678 1.62737 2.24907 5.85299 1.03389 0.146003
threshold=18.439999580383304 0.41494457423686987 0.19414236396551135 749.84182739257824 81547.710937500015 -16849919.999999996 287.50000000000006 70048.382812500015 -0.00031819134892430151 7756.1914062500009 1.0000000180025095e-35 0.3298999965190888 1.5076959729194643 1.2828238606452944 -58290085887.999992 -0.97869277000427235 23753.500000000004 -0.22657093405723569 1227.869079589844 8974640.5000000019
decision_type=2 2 2 2 2 2 2 2 2 2 2 2 2 2 2 2 2 2 2 2
left_child=6 15 -3 4 -4 -5 9 8 -8 10 12 -12 -1 18 -9 -2 17 -17 -11 -18
right_child=1 2 3 5 -6 -7 7 14 -10 13 11 -13 -14 -15 -16 16 19 -19 -20 -21
leaf_value=-0.0020981306568834683 0.013692810764869206 -0.009808400265076676 -0.0071659471695552611 -0.0047638173076499776 0.0045954698291769411 0.0052390923928050739 0 -0.013603963070095927 0.018707870005660411 -0.012573693795498438 -0.011582123786327787 0.0024920083022859289 0.011989650429802436 0.0028839808750135759 0 0.013968008702797935 0.012750902786305059 -0.0065846230084433549 -0.0042638875511467993 0.00770647949665216
leaf_weight=18.413415193557743 8.2841285914182681 3.7145662903785697 9.3392651975154894 4.830155834555625 8.9587409347295743 57.965700462460518 2.2698510438203812 3.0711611062288284 2.8244115859270078 12.97792921960354 12.382102429866793 4.2091620415449134 2.7806577533483496 1.861062467098235 2.1320117861032486 2.5284517109394073 5.0206971019506454 3.0032729804515821 2.1283299773931494 2.0700965076684952
leaf_count=87 36 15 38 19 35 231 10 16 10 72 67 19 11 8 10 10 24 12 10 10
internal_value=0.000769824 0.00405274 0.00255268 0.00313122 -0.00135288 0.00445376 -0.00454997 0.000789368 0.0101772 -0.00557242 -0.00363147 -0.00795128 -0.000202634 -0.00983586 -0.00820976 0.0100899 0.00764614 0.00262884 -0.0114691 0.0114193
internal_weight=170.765 105.715 84.8084 81.0939 18.298 62.7959 65.0501 10.2974 5.09426 54.7527 37.7853 16.5913 21.1941 16.9673 5.20317 20.9066 12.6225 5.53172 15.1063 7.09079
internal_count=750 430 338 323 73 250 320 46 20 274 184 86 98 90 26 92 56 22 82 34
is_linear=0
shrinkage=0.01


Tree=104
num_leaves=19
num_cat=0
split_feature=11 59 54 9 31 33 40 54 22 35 36 35 45 18 37 36 43 50
split_gain=29.2892 9.34464 5.8832 4.43293 6.18775 6.17174 3.56993 5.12463 5.86659 5.8111 4.4212 2.82398 4.20712 1.82331 1.6315 0.801306 1.54123 0.429137
threshold=18.439999580383304 0.41494457423686987 0.19414236396551135 292761712.00000006 -2.6845155954360957 -1.241206109523773 -2.0297425985336299 0.75373369455337536 18127.550781250004 1.5225622057914736 -0.35813687741756434 -0.18880052119493482 -0.57882931828498829 465776.00000000006 2.9317336082458501 -0.97869277000427235 886469.03125000012 0.00076777057256549608
decision_type=2 2 2 2 2 2 2 2 2 2 2 2 2 2 2 2 2 2
left_child=6 14 -3 4 -4 -5 10 8 9 -8 -1 12 -9 -10 15 -2 -17 -13
right_child=1 2 3 5 -6 -7 7 11 13 -11 -12 17 -14 -15 -16 16 -18 -19
leaf_value=0.0091755805376719009 0.013642119927358696 -0.0097162967521566019 -0.012727973710065324 -0.0033061676646723927 0.0018651273672836441 0.0070894289035716464 0.0019514547283173886 -0.013016550113946992 -0.013608469995713197 -0.013873235745496957 -0.0066590720029825303 -0.012588244284787661 -0.0016642102624792694 -0.00098426326536601191 0.0018975402857703779 0.011974273016667989 0.0034465894083704034 -0.0056768273611512874
leaf_weight=3.9755437970161438 8.2320225834846532 3.7122913002967826 3.1500486880540839 6.6896498054265967 36.395649209618568 34.79873263835907 19.852847918868072 4.9103859066963187 5.0134793967008582 2.6268534809350959 3.113759219646453 11.581150457262991 10.511530771851541 1.7106872648000715 2.4642150700092307 6.3389998972415924 3.7664123028516769 1.5824890136718739
leaf_count=15 36 15 13 27 144 139 84 28 26 13 16 71 50 8 11 28 17 9
internal_value=0.00076351 0.00401873 0.00252878 0.00310209 0.000677413 0.00538912 -0.00451684 -0.00534337 -0.00234937 5.77844e-05 0.00207964 -0.00836715 -0.00534367 -0.0105455 0.0100408 0.0110805 0.00889486 -0.0118333
internal_weight=170.427 105.548 84.7464 81.0341 39.5457 41.4884 64.8787 57.7894 29.2039 22.4797 7.0893 28.5856 15.4219 6.72417 20.8016 18.3374 10.1054 13.1636
internal_count=750 430 338 323 157 166 320 289 131 97 31 158 78 34 92 81 45 80
is_linear=0
shrinkage=0.01


Tree=105
num_leaves=19
num_cat=0
split_feature=54 58 26 8 17 46 45 12 11 61 69 38 53 50 11 4 22 39
split_gain=28.8453 12.0935 6.91401 6.13741 5.90317 5.61412 7.32824 5.56855 5.40847 4.56281 4.9321 6.10165 4.52164 4.20995 4.33215 3.18666 2.86291 0.910894
threshold=9.9986486434936541 -2799615.9999999995 0.0014285732759162786 1.0984500050544741 15237.500000000002 0.8971768617630006 -0.77685987949371327 197335936.00000003 18.439999580383304 23.916666984558109 91.80475234985353 -1.2108752727508543 -1.0000000180025095e-35 -0.021348611451685425 64.814998626708999 356117.43750000006 -40345.216796874993 -0.1001760959625244
decision_type=2 2 2 2 2 2 2 2 2 2 2 2 2 2 2 2 2 2
left_child=1 9 4 5 8 6 -4 13 -2 -1 11 -11 -9 -3 -15 -10 -6 -18
right_child=2 7 3 -5 16 -7 -8 12 15 10 -12 -13 -14 14 -16 -17 17 -19
leaf_value=0.016242756968411303 -0.010619285461069446 -0.016376778479519523 0.0079676008972813482 0.012832961018356822 0.00025723543167312474 0.0081430867500432488 -0.0074621892126270333 0.011507647669833466 0.0091870649025508379 0.0050693167669261623 0.010048662258255847 -0.015323100575777071 -0.0043306848712774257 -0.0051388930050289021 0.0071808779046135113 -2.7281419717980937e-05 0.0063672731534739034 0.012025385669974242
leaf_weight=3.205032303929328 2.4835355877876308 3.2642674446105948 4.0136487782001558 3.8694700449705115 2.7984914779663113 5.2647792845964423 12.649212121963503 3.8226372748613358 8.6074402928352338 3.3794540017843238 4.8143233805894852 2.5396104305982581 3.2955246716737738 68.51750773191452 2.9120012223720542 6.2747425138950339 4.1540820300579133 24.2186956256628
leaf_count=11 11 14 15 14 12 19 50 15 34 13 18 12 13 334 11 25 19 110
internal_value=0.000757138 -0.00286454 0.00543571 0.00120621 0.00766306 -0.000799909 -0.00368554 -0.00433841 0.0029099 0.00571463 0.00247772 -0.00351123 0.00403442 -0.00514971 -0.00462265 0.00523485 0.010279 0.0112322
internal_weight=170.084 95.7504 74.3341 25.7971 48.537 21.9276 16.6629 81.8119 17.3657 13.9384 10.7334 5.91906 7.11816 74.6938 71.4295 14.8822 31.1713 28.3728
internal_count=750 441 309 98 211 84 65 387 70 54 43 25 28 359 345 59 141 129
is_linear=0
shrinkage=0.01


Tree=106
num_leaves=20
num_cat=0
split_feature=54 58 26 8 46 45 12 41 19 63 28 61 69 46 44 10 2 71 47
split_gain=28.3423 11.8741 6.82532 6.02571 5.50348 7.1851 5.46636 5.92234 5.0722 5.13162 5.91253 4.46999 4.83958 4.22 4.17726 5.07967 3.05395 3.93089 1.34487
threshold=9.9986486434936541 -2799615.9999999995 0.0014285732759162786 1.0984500050544741 0.8971768617630006 -0.77685987949371327 197335936.00000003 0.94465014338493358 3547.1149902343755 0.086275752633810057 -1383.2499999999998 23.916666984558109 91.80475234985353 0.14691904187202456 2768819.1250000005 0.00054243000340648006 49838206.000000007 265704.06250000006 0.86673143506050121
decision_type=2 2 2 2 2 2 2 2 2 2 2 2 2 2 2 2 2 2 2
left_child=1 11 8 4 5 -4 14 -8 9 -2 -11 -1 13 -13 15 -3 18 -18 -10
right_child=2 6 3 -5 -6 -7 7 -9 16 10 -12 12 -14 -15 -16 -17 17 -19 -20
leaf_value=0.016088995724702598 0.011954133829298283 -0.0052540551207140894 0.0078891810591448647 0.012727193739958056 0.0080638174067566622 -0.0073898891317970266 -0.003361557761716157 0.015094150940727644 0.012784460730171034 -0.013063055826988235 0.0034968325123235834 -0.010784454349929451 0.0099602216491891642 0.0061960311458828781 -0.016242109763580398 0.0059889943778079682 -0.0052747718371403711 0.010566892018625524 0.0052975612019115458
leaf_weight=3.2033141851425162 5.029032543301585 67.084639266133308 4.0130127668380799 3.8626445531845084 5.2633749842643729 12.645257502794268 4.2195554524660102 2.8888949453830719 20.603605061769493 2.7168500423431405 10.438535720109936 3.4251921027898771 4.808529868721962 2.4810387939214706 3.2909479588270178 4.1925881952047339 2.6593628525733939 3.6367532163858414 3.2666245102882376
leaf_count=11 21 328 15 14 19 50 17 11 96 12 41 15 18 10 14 17 11 16 14
internal_value=0.000751406 -0.00284034 0.00539634 0.00119514 -0.000791217 -0.0036491 -0.00430218 0.00399822 0.00761605 0.00336162 8.70162e-07 0.00566644 0.00245715 -0.00348212 -0.00510686 -0.0045787 0.0101475 0.00371684 0.0118018
internal_weight=169.73 95.5947 74.1351 25.7843 21.9216 16.6583 81.6766 7.10845 48.3508 18.1844 13.1554 13.9181 10.7148 5.90623 74.5682 71.2772 30.1663 6.29612 23.8702
internal_count=750 441 309 98 84 65 387 28 211 74 53 54 43 25 359 345 137 27 110
is_linear=0
shrinkage=0.01


Tree=107
num_leaves=21
num_cat=0
split_feature=54 58 26 8 34 46 45 12 41 19 11 63 71 56 41 11 4 2 71 47
split_gain=27.8533 11.658 6.74208 5.91639 5.71672 5.39517 7.04492 5.36622 5.83383 5.02264 5.58985 4.26046 4.37307 4.18356 4.35851 4.03062 3.11648 3.02836 3.87104 1.34097
threshold=9.9986486434936541 -2799615.9999999995 0.0014285732759162786 1.0984500050544741 0.30619779229164129 0.8971768617630006 -0.77685987949371327 197335936.00000003 0.94465014338493358 3547.1149902343755 18.439999580383304 0.07920344173908235 670763.37500000012 0.8114321529865266 0.64198589324951183 64.814998626708999 356117.43750000006 49838206.000000007 265704.06250000006 0.86673143506050121
decision_type=2 2 2 2 2 2 2 2 2 2 2 2 2 2 2 2 2 2 2 2
left_child=1 4 9 5 11 6 -4 13 -9 10 -2 -1 -13 14 -3 -15 -12 19 -19 -11
right_child=2 7 3 -5 -6 -7 -8 8 -10 17 16 12 -14 15 -16 -17 -18 18 -20 -21
leaf_value=0.018192431810894381 -0.01050893993426405 -0.0034885107656404215 0.0078117281793694607 0.012623016124350371 -0.0075840076064296602 0.0079855452742675741 -0.0073184486469213775 -0.0033272844707041239 0.015014020479251558 0.012740553970143566 0.0093341531241501047 -0.0031321058059234851 0.011599922087419621 -0.0073755670940665319 0.0079913944551961817 0.0037133995779803433 0.00012293061410022747 -0.0052205029058071204 0.010514327280019409 0.0052552500587139386
leaf_weight=3.3977141827344877 2.4694614261388805 18.539374470710758 4.0122772902250352 3.8556129336357108 2.5887923985719672 5.2618230432271949 12.641030639410021 4.2203851938247672 2.8753379732370377 20.468540877103813 9.1783310920000059 3.7284741699695587 4.188481867313385 48.516179755330086 3.993119850754737 3.3914169371128073 6.4961096793413153 2.6601338237524024 3.6184771507978439 3.2600289434194556
leaf_count=12 11 82 15 14 12 19 50 17 11 96 37 15 15 249 15 13 26 11 16 14
internal_value=0.000745856 -0.00281634 0.00535848 0.00118421 0.0056164 -0.000782628 -0.00361309 -0.00426655 0.00396407 0.0075718 0.00333551 0.00872502 0.00453559 -0.00506454 -0.00140971 -0.0066318 0.00558046 0.0101 0.00368849 0.0117543
internal_weight=169.361 95.4393 73.9218 25.7707 13.9035 21.9151 16.6533 81.5358 7.09572 48.1511 18.1439 11.3147 7.91696 74.4401 22.5325 51.9076 15.6744 30.0072 6.27861 23.7286
internal_count=750 441 309 98 54 84 65 387 28 211 74 42 30 359 97 262 63 137 27 110
is_linear=0
shrinkage=0.01


Tree=108
num_leaves=20
num_cat=0
split_feature=54 58 26 8 17 34 46 31 12 53 63 38 62 71 56 1 49 2 47
split_gain=27.3742 11.4437 6.6592 5.80937 5.73301 5.60975 5.28912 7.09 5.26882 4.43073 4.22604 6.13689 4.18908 4.2914 4.11881 6.36926 3.86319 3.02481 1.13497
threshold=9.9986486434936541 -2799615.9999999995 0.0014285732759162786 1.0984500050544741 15237.500000000002 0.30619779229164129 0.8971768617630006 0.82155835628509533 197335936.00000003 -1.0000000180025095e-35 0.086275752633810057 0.44168242812156683 0.077738929539918913 670763.37500000012 0.8114321529865266 961272.50000000012 1.4657732844352724 82767120.000000015 0.86673143506050121
decision_type=2 2 2 2 2 2 2 2 2 2 2 2 2 2 2 2 2 2 2
left_child=1 5 4 6 10 12 7 -4 14 -10 -2 -12 -1 -14 15 -3 -16 18 -6
right_child=2 8 3 -5 17 -7 -8 -9 9 -11 11 -13 13 -15 16 -17 -18 -19 -20
leaf_value=0.018046535709067561 0.011637565658123064 0.0017613000391538194 0.0008011193756342805 0.012520381926319315 0.012083513909725237 -0.0075137957876188722 0.0079082500165530596 -0.013134591547974918 0.011363474196670735 -0.0043522974638763885 -0.0040793343615105641 0.011373381636374904 -0.0031015471640712736 0.011495064859122217 -0.005560800763996958 -0.010235760422468819 -0.014266838175420689 0.0003342645793202912 0.0059270920771715375
leaf_weight=3.3909646123647672 4.1454996764659908 16.507011041045192 11.345395252108583 3.8483828157186499 23.414268746972091 2.586862936615943 5.2601280659437171 5.3025906831026068 3.7964602559804916 3.2863696515560141 9.6073603481054288 3.508308380842208 3.7275621443986893 4.1844421476125717 45.826402232050896 6.0094043016433707 5.9551673829555503 3.0473012626171103 4.2309000790119162
leaf_count=12 17 67 43 14 110 12 19 22 15 13 39 14 15 15 231 30 31 13 18
internal_value=0.000740343 -0.00279304 0.00532082 0.00117342 0.00752759 0.00556502 -0.00077414 -0.00357751 -0.00423186 0.00393031 0.00283603 0 0.00864679 0.00449181 -0.00502342 -0.00139618 -0.00658136 0.0101335 0.0111775
internal_weight=168.981 95.2706 73.7101 25.7565 47.9536 13.8898 21.9081 16.648 81.3808 7.08283 17.2612 13.1157 11.303 7.912 74.298 22.5164 51.7816 30.6925 27.6452
internal_count=750 441 309 98 211 54 84 65 387 28 70 53 42 30 359 97 262 141 128
is_linear=0
shrinkage=0.01


Tree=109
num_leaves=20
num_cat=0
split_feature=54 58 26 8 17 34 12 41 11 47 45 63 71 56 41 11 4 2 47
split_gain=26.9039 11.2332 6.57343 5.70458 5.67247 5.50508 5.17316 5.74254 5.11459 4.84558 5.92302 4.11984 4.2115 4.05336 4.25651 3.97741 3.05988 2.99637 1.13281
threshold=9.9986486434936541 -2799615.9999999995 0.0014285732759162786 1.0984500050544741 15237.500000000002 0.30619779229164129 197335936.00000003 0.94465014338493358 18.439999580383304 -1.3820436000823972 -0.86894795298576344 0.07920344173908235 670763.37500000012 0.8114321529865266 0.64198589324951183 64.814998626708999 356117.43750000006 82767120.000000015 0.86673143506050121
decision_type=2 2 2 2 2 2 2 2 2 2 2 2 2 2 2 2 2 2 2
left_child=1 5 4 9 8 11 13 -8 -2 -4 -11 -1 -13 14 -3 -15 -10 18 -6
right_child=2 6 3 -5 17 -7 7 -9 16 10 -12 12 -14 15 -16 -17 -18 -19 -20
leaf_value=0.01790414848226439 -0.01040772252812398 -0.0034419269191968173 0.010084715735721141 0.012419247278609925 0.012037306870209182 -0.0074442977471296584 -0.0033277919173700173 0.014909057899336466 0.0089859366763152745 0.010034503408170485 -0.0053479848808755583 -0.0030712919228042456 0.011391745402039764 -0.0072732258502606608 0.0079028869710499172 0.0037448554594614099 -7.0377802077661484e-05 0.00033095106531247712 0.0058798180955580981
leaf_weight=3.3837885409593564 2.4589371532201794 18.502253681421283 3.4305452108383241 3.8409616053104392 23.269831255078323 2.5849129110574713 4.2167954295873633 2.8561557978391647 8.5130759626626951 2.950387239456183 15.514757513999934 3.7266441583633423 4.1801910400390625 48.272841200232506 3.9946666508913031 3.3911829888820639 6.256010264158248 3.0470363646745673 4.2223109006881705
leaf_count=12 11 82 12 14 110 12 17 11 34 11 61 15 15 249 15 13 25 13 18
internal_value=0.000734751 -0.00276995 0.00528323 0.00116297 0.00748226 0.00551438 -0.00419731 0.00389512 0.00281319 -0.000765947 -0.00283599 0.00856976 0.00444856 -0.00498259 -0.00138303 -0.00653065 0.00508208 0.0100835 0.011128
internal_weight=168.613 95.1094 73.5039 25.7367 47.7672 13.8755 81.2339 7.07295 17.228 21.8957 18.4651 11.2906 7.90684 74.1609 22.4969 51.664 14.7691 30.5392 27.4921
internal_count=750 441 309 98 211 54 387 28 70 84 72 42 30 359 97 262 59 141 128
is_linear=0
shrinkage=0.01


Tree=110
num_leaves=20
num_cat=0
split_feature=54 58 26 8 34 12 41 19 63 1 47 2 50 51 62 70 2 70 47
split_gain=26.4377 11.027 6.48984 5.602 5.40266 5.07921 5.65759 4.87061 4.95081 5.95607 4.75098 5.7349 4.1307 4.17866 4.05268 4.01914 2.99067 3.7666 1.33577
threshold=9.9986486434936541 -2799615.9999999995 0.0014285732759162786 1.0984500050544741 0.30619779229164129 197335936.00000003 0.94465014338493358 3547.1149902343755 0.086275752633810057 10908815.500000002 -1.3820436000823972 3063526.0000000005 -0.021348611451685425 0.001668550481554121 0.077738929539918913 859171.06250000012 49838206.000000007 303004.35937500006 0.86673143506050121
decision_type=2 2 2 2 2 2 2 2 2 2 2 2 2 2 2 2 2 2 2
left_child=1 4 7 10 14 12 -7 8 -2 -10 -4 -12 -3 -14 -1 -16 18 -18 -9
right_child=2 5 3 -5 -6 6 -8 16 9 -11 11 -13 13 -15 15 -17 17 -19 -20
leaf_value=0.017765148664106001 0.011776781307644405 -0.016111511417506247 0.0099890644292220925 0.012319570022572637 -0.0073755028754651022 -0.0032938898686268626 0.014832360826012558 0.012616375358887478 0.0073061332316525897 -0.0062284823551015779 0.0081761020399298504 -0.0056484334531925699 -0.003011584697482196 -0.0087340941799497144 -0.0024714925933178246 0.011633388861092515 -0.0048504534631883126 0.010631724069193046 0.0051187647489508801
leaf_weight=3.376199543476103 4.9487992823123959 3.2341955900192252 3.4287696778774324 3.8333565294742575 2.5829433351755133 4.2175903171300879 2.842285081744194 20.077679574489601 6.0509291589260084 7.027154877781868 3.7210917919874218 14.739910930395125 53.56779208779335 17.217804774641991 3.977924719452858 3.9235314726829529 2.781339392066001 3.455356240272522 3.2386441528797141
leaf_count=12 21 14 12 14 12 17 11 96 24 29 14 58 259 86 16 14 12 15 14
internal_value=0.000729224 -0.00274707 0.00524527 0.00115235 0.00546446 -0.00416317 0.00386204 0.00743701 0.00325743 0 -0.000757577 -0.00280772 -0.00494211 -0.00441765 0.0084939 0.00440584 0.00995266 0.00356689 0.0116178
internal_weight=168.243 94.9403 73.303 25.7231 13.8606 81.0797 7.05988 47.5799 18.0269 13.0781 21.8898 18.461 74.0198 70.7856 11.2777 7.90146 29.553 6.2367 23.3163
internal_count=750 441 309 98 54 387 28 211 74 53 84 72 359 345 42 30 137 27 110
is_linear=0
shrinkage=0.01


Tree=111
num_leaves=20
num_cat=0
split_feature=54 58 34 38 13 33 2 56 62 71 14 59 58 52 56 14 47 17 1
split_gain=25.9857 10.822 5.30122 4.44351 4.51908 7.59126 4.20783 4.11907 3.98898 4.08205 3.80615 3.27714 6.43652 5.86099 4.55294 3.71396 2.62382 1.25625 0.420012
threshold=9.9986486434936541 -2799615.9999999995 0.30619779229164129 -2.0078655481338497 157951512.00000003 -0.7774548828601836 93313444.000000015 0.8114321529865266 0.077738929539918913 670763.37500000012 0.085000000894069686 0.86200872063636791 -2799615.9999999995 -0.034496460109949105 13.398769855499269 0.26430000364780432 -0.13718092441558835 15237.500000000002 586563.00000000012
decision_type=2 2 2 2 2 2 2 2 2 2 2 2 2 2 2 2 2 2 2
left_child=1 2 8 18 7 -6 11 -5 -1 -10 -8 15 13 -13 -14 17 -17 -2 -3
right_child=6 3 -4 4 5 -7 10 -9 9 -11 -12 12 14 -15 -16 16 -18 -19 -20
leaf_value=0.017629421117191874 0.0066547119810269175 -0.0083682735029330553 -0.0073074005604353964 -0.00075516250341547107 -0.012735026219131385 0.0074535960861547602 0.0042016648907475139 -0.0061916000309637014 -0.0030371192341711022 0.011206809609753551 -0.0099038843599674308 -0.011867367876649508 -0.0056058778205429509 0.0060519941604833044 0.0073214088623399587 0.0098867222502266663 -0.003434704210378899 0.012708702764330219 -0.01594409189120255
leaf_weight=3.3682105988264066 5.6774198263883653 1.9169859886169422 2.580955281853675 20.888688668608665 2.419350728392601 7.8524716645479185 4.4703141301870337 44.73317477107048 3.7254470437765121 4.1732837408781052 3.29156094789505 4.2559025883674622 2.9129206687211981 3.1161110997200003 29.472845301032066 2.4552563279867172 3.5844706296920767 13.846271961927412 3.1439848393201828
leaf_count=12 23 10 12 90 10 31 18 232 15 15 14 18 12 13 120 10 15 66 14
internal_value=0.00072359 -0.00272378 0.00541411 -0.00412818 -0.00350524 0.00260116 0.00520916 -0.00447632 0.00841703 0.00436204 -0.00165121 0.00603967 0.00419555 -0.0041573 0.00612779 0.00886863 0.00181512 0.0109994 -0.0132721
internal_weight=167.886 94.8026 13.8479 80.9547 75.8937 10.2718 73.0831 65.6219 11.2669 7.89873 7.76188 65.3212 39.7578 7.37201 32.3858 25.5634 6.03973 19.5237 5.06097
internal_count=750 441 54 387 363 41 309 322 42 30 32 277 163 31 132 114 25 89 24
is_linear=0
shrinkage=0.01


Tree=112
num_leaves=22
num_cat=0
split_feature=11 59 54 19 5 58 3 45 31 2 48 56 60 50 7 33 11 48 72 35 35
split_gain=25.5794 8.61156 5.4951 4.53616 5.9835 4.42617 3.52522 5.8145 6.90574 6.12902 5.13636 4.10043 5.73368 3.77348 1.73282 2.74651 1.68917 2.17202 1.06851 0.482262 0.036771
threshold=18.439999580383304 0.41494457423686987 0.19414236396551135 749.84182739257824 81547.710937500015 -16849919.999999996 -82046.999999999985 -0.51285240054130543 1.1649314165115359 558574.00000000012 1.0000000180025095e-35 1.5756984353065493 -0.00054243014892563213 -0.00074193577165715386 1.1912327408790591 -0.7774548828601836 75.81000137329103 -0.93956640362739552 -2533353.4999999995 -0.18880052119493482 -2.3067445755004878
decision_type=2 2 2 2 2 2 2 2 2 2 2 2 2 2 2 2 2 2 2 2 2
left_child=6 16 -3 4 -4 -5 7 14 9 -9 -10 12 -8 -14 19 -16 17 -2 -13 -1 -19
right_child=1 2 3 5 -6 -7 11 8 10 -11 -12 18 13 -15 15 -17 -18 20 -20 -21 -22
leaf_value=-0.013035966700210341 0.0016821701158789139 -0.0095055891054840729 -0.0071027357776790694 -0.0048989929783663138 0.004368761907316155 0.0049930250200687391 -0.013745772953289359 0.0091479622545530652 0.017522250927800489 -0.0076617076159269165 0.0014600698788771039 -0.012406856412530354 0.0091427066308493385 -0.0032178388495588328 -0.0087851802563151289 0.0054664439230785438 0.0035094355541928262 0.0095456182749684374 -0.0047505267312373881 -0.0053107160253114604 0.013301496824939241
leaf_weight=4.5757486075162888 2.3096797019243285 3.6923695355653754 9.262488782405855 4.8106203824281684 8.8452568650245649 57.151937082409859 4.2112068682909056 2.8171447664499309 3.5189841538667661 8.9654422551393491 4.9366199374198914 10.573259949684141 3.176756143569949 10.990985035896298 3.4788768142461777 2.126687154173851 4.0140414983034125 2.5142655670642897 2.7671741843223563 1.5915996134281138 11.227638781070704
leaf_count=26 10 15 38 19 35 231 22 12 13 44 21 67 13 51 17 10 19 11 15 9 52
internal_value=0.000717602 0.00378381 0.00235844 0.00291803 -0.00144392 0.00420889 -0.0042621 -0.00187716 0.00133158 -0.00355775 0.00826296 -0.00663745 -0.00349364 -0.000375718 -0.0074781 -0.00319988 0.00968407 0.0111659 -0.0108937 -0.0112045 0.0126871
internal_weight=167.559 103.828 83.7627 80.0703 18.1077 61.9626 63.7305 32.0111 20.2382 11.7826 8.4556 31.7194 18.3789 14.1677 11.7729 5.60556 20.0656 16.0516 13.3404 6.16735 13.7419
internal_count=750 430 338 323 73 250 320 152 90 56 34 168 86 64 62 27 92 73 82 35 63
is_linear=0
shrinkage=0.01


Tree=113
num_leaves=14
num_cat=0
split_feature=43 54 27 27 41 54 22 59 54 63 46 47 71
split_gain=25.2198 8.28931 5.99888 5.58895 5.44593 4.52974 6.81708 5.1493 4.40881 3.91216 3.87453 2.43499 2.3565
threshold=17075.645507812504 0.19414236396551135 -98551807.999999985 -70199295.999999985 2.3599539995193486 0.75373369455337536 7756.1914062500009 0.41494457423686987 9.6868038177490252 0.32909096777439123 1.393467962741852 0.17137294262647632 517768.75000000006
decision_type=2 2 2 2 2 2 2 2 2 2 2 2 2
left_child=4 -2 12 -4 5 6 9 -7 -5 -1 -8 -9 -3
right_child=1 2 3 8 -6 7 10 11 -10 -11 -12 -13 -14
leaf_value=-0.00089980449226760518 -0.0093660104831092862 -0.012491961684851456 0.017843742487405161 0.0012316411158753687 0.0089314658552500249 0.0056399775606166503 -0.012047184768659886 -0.011969590129021015 0.0060024940619092327 0.010024219686631643 0.0018002757626459538 -0.005876496605293248 1.4086120940222506e-05
leaf_weight=14.653702527284628 4.5699962079524985 2.6108895540237418 3.3009002506732932 29.127216145396233 2.9220662266015998 2.5855154842138317 7.8986369371414167 13.742685332894327 61.473734334111214 4.1815254241228095 2.5553819686174393 14.419404968619345 3.1912457346916199
leaf_count=65 19 11 12 115 11 12 42 81 262 16 11 80 13
internal_value=0.000711722 0.00373437 0.00434486 0.00496018 -0.00427857 -0.00493818 -0.0020767 -0.00763141 0.00447975 0.0014723 -0.00856665 -0.00888535 -0.00544113
internal_weight=167.233 104.274 99.704 93.9019 62.9589 60.0369 29.2892 30.7476 90.601 18.8352 10.454 28.1621 5.80214
internal_count=750 432 413 389 318 307 134 173 377 81 53 161 24
is_linear=0
shrinkage=0.01


Tree=114
num_leaves=23
num_cat=0
split_feature=43 26 67 46 17 56 58 67 62 4 72 21 4 26 18 33 26 26 46 39 39 57
split_gain=24.7644 10.2894 5.524 5.47469 5.11644 5.06282 4.76236 6.54634 5.27806 4.63027 4.55209 4.27253 4.25308 4.3638 4.21449 3.15799 3.08694 2.658 2.63328 1.49748 1.36974 0.306862
threshold=17075.645507812504 0.0018064273754134776 4.3067798614501962 0.8971768617630006 23753.500000000004 4.7468304634094247 4024320.0000000005 2.9440597295761113 0.24776395410299304 34895.650390625007 -2552180.2499999995 -76026.499999999985 2158210.0000000005 0.00071428564842790376 95559.000000000015 -1.4635440707206724 0.0021428598556667571 0.0028571435250341897 -0.36171983182430262 -0.1001760959625244 -0.1001760959625244 2.9563118219375615
decision_type=2 2 2 2 2 2 2 2 2 2 2 2 2 2 2 2 2 2 2 2 2 2
left_child=2 4 5 10 12 11 7 8 -3 17 -4 -1 13 -2 -13 -6 -9 -8 -12 -17 -7 -22
right_child=1 6 3 -5 15 20 9 16 -10 -11 18 14 -14 -15 -16 19 -18 -19 -20 -21 21 -23
leaf_value=-0.012829851987744088 -0.0010695498367538716 -0.0024296341152335995 -0.014956628115790188 0.015995202018480002 0.0010313464047946733 -0.0046607332862340627 -0.0065472021599591659 0.0046740827629207305 0.0061726860970196945 -0.013863398652064152 0.0071145305512884992 -0.0048098519051426106 -0.0089463506202101389 0.0090294392544221641 0.0030784746907770201 0.0050992056388203212 0.017278529134039575 0.0072961336161125956 -0.0044387166083751893 0.011733199048599612 -0.012334148095360948 -0.018886960490284294
leaf_weight=4.8746350556612006 7.2892276644706788 24.522634491324425 1.9786861985921849 2.2179584950208655 4.1785708665847805 2.5097826570272455 2.8495091050863248 5.1829742640256864 10.05482843518257 4.0669835358858109 4.4572622030973426 25.855859339237213 2.6068773269653311 9.8352250158786756 9.0148590356111509 4.685338616371161 3.4349830448627472 2.698558583855629 3.4433489888906479 22.748748019337651 6.7427787780761683 1.6928674429655073
leaf_count=28 30 96 11 9 17 15 11 19 38 17 20 129 11 40 39 22 12 10 17 109 43 7
internal_value=0.000705858 0.0037014 -0.00424729 0.00176152 0.00689087 -0.00570101 0.000581549 0.00201552 4.29259e-05 -0.00575655 -0.00133281 -0.00400428 0.00282233 0.00467229 -0.00274187 0.00939866 0.00981405 5.89968e-06 0.00195267 0.0106367 -0.0117708 -0.0137677
internal_weight=166.942 104.154 62.788 12.0973 51.344 50.6908 52.8105 43.1954 34.5775 9.61505 9.8793 39.7454 19.7313 17.1245 34.8707 31.6127 8.61796 5.54807 7.90061 27.4341 10.9454 8.43565
internal_count=750 432 318 57 229 261 203 165 134 38 48 196 81 70 168 148 31 21 37 131 65 50
is_linear=0
shrinkage=0.01


Tree=115
num_leaves=19
num_cat=0
split_feature=54 58 26 17 8 34 11 12 41 47 2 44 11 62 71 62 2 10
split_gain=24.395 10.4292 6.27737 5.50885 5.44669 5.18308 4.85576 4.77115 5.52845 4.62644 5.71606 4.07035 6.25599 3.90422 3.9699 2.98571 2.91167 1.15572
threshold=9.9986486434936541 -2799615.9999999995 0.0014285732759162786 15237.500000000002 1.0984500050544741 0.30619779229164129 18.439999580383304 197335936.00000003 0.94465014338493358 -1.3044688701629636 2509484.5000000005 2768819.1250000005 64.814998626708999 0.077738929539918913 670763.37500000012 0.28254967927932745 82767120.000000015 -0.0004044100060127675
decision_type=2 2 2 2 2 2 2 2 2 2 2 2 2 2 2 2 2 2
left_child=1 5 3 6 9 13 -2 11 -9 -4 -11 12 -3 -1 -15 -8 17 -5
right_child=2 7 4 16 -6 -7 15 8 -10 10 -12 -13 -14 14 -16 -17 -18 -19
leaf_value=0.017455430209076743 -0.010287247471546317 -0.0048528158319193397 0.0086138330067743966 0.0083109340803955226 0.012097607815568985 -0.0072698819259778306 0.0074984639770369222 -0.0033007275550432143 0.014683576212655898 0.009401436516138199 -0.0057040748045364374 -0.015860546225943743 0.011260605893634583 -0.0029975686326670554 0.011062735984061725 -0.0027708672394137109 0.00020969034449470022 0.01287657708075007
leaf_weight=3.3540145307779294 2.4420863538980511 67.573792725801468 4.1412658244371476 11.751259595155719 3.8078364431858054 2.5655601322650901 10.955235898494719 4.2103419899940482 2.8110160678625107 2.978993400931361 14.721800252795218 3.2459751218557349 2.4631275683641425 3.7176181674003601 4.1633680611848831 3.6507890224456778 3.0225591063499442 14.999877512454987
leaf_count=12 11 336 15 54 14 12 44 17 11 11 58 14 9 15 15 15 13 74
internal_value=0.000700232 -0.00265111 0.00506576 0.00724778 0.00104369 0.00534825 0.00263427 -0.00403828 0.00375691 -0.000837616 -0.00310537 -0.0047988 -0.00427184 0.00831866 0.00430332 0.00486317 0.00985584 0.0109084
internal_weight=166.577 94.1048 72.4717 46.8218 25.6499 13.8006 17.0481 80.3043 7.02136 21.8421 17.7008 73.2829 70.0369 11.235 7.88099 14.606 29.7737 26.7511
internal_count=750 441 309 211 98 54 70 387 28 84 69 359 345 42 30 59 141 128
is_linear=0
shrinkage=0.01


Tree=116
num_leaves=18
num_cat=0
split_feature=43 56 38 27 41 33 41 56 24 65 46 40 17 36 34 50 33
split_gain=23.9567 8.20635 6.8303 5.39208 5.33364 5.24122 5.25735 4.69146 5.92019 5.66767 5.19217 3.32558 3.03663 2.82138 2.50484 2.19092 1.51859
threshold=17075.645507812504 4.9851562976837167 -1.4967882633209226 -98551807.999999985 2.3599539995193486 -1.267381966114044 0.42148084938526159 0.8114321529865266 459.00000000000006 2.792587518692017 0.419418215751648 1.7653750181198122 169030.50000000003 -1.7116101980209348 -0.86372974514961232 -6.088799818826373e-05 -0.3022323846817016
decision_type=2 2 2 2 2 2 2 2 2 2 2 2 2 2 2 2 2
left_child=4 2 13 14 7 6 -5 8 10 15 -1 -7 -11 -2 -3 -9 -4
right_child=1 3 16 5 -6 11 -8 9 -10 12 -12 -13 -14 -15 -16 -17 -18
leaf_value=-0.00065565101975185894 -0.0036862460603554552 0.00099672024546539431 -0.01655348908229097 -0.0025947096235878386 0.008888585297714871 0.0057321158951160103 0.0085962423135333317 -0.0050339974165702671 0.01327393273670735 -0.0040228112869053062 -0.014373272191981841 0.013082466981199537 0.011193489239680294 0.011032545614050211 -0.013125429944757714 -0.010656273591900516 -0.0055799759667810389
leaf_weight=16.447861507534988 2.4022252857685089 2.4880713522434235 3.2761706560850143 14.201838299632074 2.9195432364940634 60.643845915794373 5.937607303261756 11.874509513378142 2.496554270386695 2.9303815662860861 3.3617225438356391 7.1507266014814368 2.3021111488342285 2.67511385679245 2.313368931412696 20.17175355553627 2.6220546960830671
leaf_count=72 10 10 14 59 11 254 25 67 9 13 16 29 10 10 10 120 11
internal_value=0.000694906 0.00364734 -0.00448313 0.00462039 -0.00418794 0.00518978 0.000655006 -0.00484545 -0.00116398 -0.00702147 -0.00303404 0.00652215 0.00248071 0.00387174 -0.00559916 -0.00860418 -0.0118448
internal_weight=166.215 103.711 10.9756 92.7355 62.5044 87.934 20.1394 59.5849 22.3061 37.2788 19.8096 67.7946 5.23249 5.07734 4.80144 32.0463 5.89823
internal_count=750 432 45 387 318 367 84 307 97 210 88 283 23 20 20 187 25
is_linear=0
shrinkage=0.01


Tree=117
num_leaves=21
num_cat=0
split_feature=54 58 26 17 34 7 28 41 31 45 49 63 1 63 71 66 51 69 33 33
split_gain=23.6376 10.1688 6.19985 5.46739 5.03683 4.96945 4.72781 5.71657 5.46962 4.52313 6.20194 4.02333 5.72406 3.82074 3.8862 3.17255 4.19722 3.59922 2.70835 0.951735
threshold=9.9986486434936541 -2799615.9999999995 0.0014285732759162786 15237.500000000002 0.30619779229164129 2.3209587335586552 38.875000000000007 1.8433930277824404 -5.3208425045013419 -0.86894795298576344 0.48955433070659643 0.086275752633810057 10908815.500000002 0.07920344173908235 670763.37500000012 2.6337366104125981 0.001526382227893919 65.501705169677749 -1.4635440707206724 1.0778947472572329
decision_type=2 2 2 2 2 2 2 2 2 2 2 2 2 2 2 2 2 2 2 2
left_child=1 4 3 11 13 9 15 8 -8 -4 -11 -2 -13 -1 -15 17 -17 -3 -5 -20
right_child=2 6 5 18 -6 -7 7 -9 -10 10 -12 12 -14 14 -16 16 -18 -19 19 -21
leaf_value=0.01728064077507176 0.011302155221454216 -0.0047597030371779297 0.010440227268528399 0.0025420312978318531 -0.0071690465262074241 0.013679269475170893 -0.013791674754293196 0.0096025914330651694 -0.0010354961022925413 -0.0063470133166251413 0.0055305149342377681 0.0070451713991942326 -0.0062830525006729188 -0.0029796580204552131 0.010942119309104515 0.01225665572769161 -0.0060056621821635934 -0.011110337746641604 0.012202225005740154 0.0068835264376297589
leaf_weight=3.3420791029930097 4.0315743982791927 25.863961026072502 3.2189837545156541 4.696931421756747 2.5556050091981879 2.7629783302545539 3.898730710148814 4.2831787317991248 26.25095234811306 13.07983808219433 6.5461767464876166 5.9760036021471006 6.9873887747526169 3.7113927751779556 4.1562032252550125 2.076363965868949 3.150775745511055 14.457988902926443 19.584180638194088 5.2639990895986548
leaf_count=12 17 123 12 19 12 10 21 18 124 52 24 24 29 15 15 8 16 77 95 27
internal_value=0.000689082 -0.00261537 0.00499665 0.00717469 0.00529237 0.00099923 -0.00398883 -0.00115655 -0.0027182 -0.000490578 -0.00233436 0.00257519 -6.17246e-05 0.00822256 0.00424767 -0.00610794 0.00105732 -0.00706161 0.00978657 0.0111157
internal_weight=165.895 93.7472 72.1481 46.5401 13.7653 25.608 79.982 34.4329 30.1497 22.845 19.626 16.995 12.9634 11.2097 7.8676 45.5491 5.22714 40.3219 29.5451 24.8482
internal_count=750 441 309 211 54 98 387 163 145 88 76 70 53 42 30 224 24 200 141 122
is_linear=0
shrinkage=0.01


Tree=118
num_leaves=16
num_cat=0
split_feature=54 58 27 34 28 41 31 62 71 27 1 43 66 69 69
split_gain=23.2314 9.98244 5.64764 4.94427 4.65052 5.60876 5.40394 3.7622 3.81497 3.6205 4.03246 3.40135 3.11961 3.8742 3.56216
threshold=9.9986486434936541 -2799615.9999999995 -98551807.999999985 0.30619779229164129 38.875000000000007 1.8433930277824404 -5.3208425045013419 0.077738929539918913 670763.37500000012 -70199295.999999985 109655744.00000001 17075.645507812504 2.6337366104125981 96.954860687255874 65.501705169677749
decision_type=2 2 2 2 2 2 2 2 2 2 2 2 2 2 2
left_child=1 3 -2 7 12 6 -6 -1 -9 -4 11 -11 14 -14 -3
right_child=2 4 9 -5 5 -7 -8 8 -10 10 -12 -13 13 -15 -16
leaf_value=0.017156093887183029 -0.0073458828335897074 -0.0047187848719087502 0.017726889735839805 -0.0071031535895761068 -0.013739702629752333 0.0095152391493624096 -0.0010254138085087276 -0.0029506007706881954 0.010846642571358865 -0.0016442728026856491 -0.0055018161738016758 0.0064376328010744615 -0.0087032446713497767 0.0086577845908338575 -0.011047381865004646
leaf_weight=3.3327246159315091 3.4782278388738623 25.827537164092064 2.4419068098068228 2.5535295605659476 3.8744650483131435 4.2792940437793723 26.244006276130676 3.7104672342538834 4.150886669754982 5.5175325721502295 3.2893462777137747 57.224028453230858 2.2316177338361731 2.9896464645862579 14.39529202878475
leaf_count=12 15 123 9 12 21 18 124 15 15 24 14 247 12 12 77
internal_value=0.000683808 -0.00259384 0.00496107 0.00524553 -0.00395619 -0.00114619 -0.00269419 0.00815178 0.0042073 0.00560084 0.00513725 0.00571097 -0.00606115 0.00104599 -0.00700858
internal_weight=165.541 93.5895 71.951 13.7476 79.8419 34.3978 30.1185 11.1941 7.86135 68.4728 66.0309 62.7416 45.4441 5.22126 40.2228
internal_count=750 441 309 54 387 163 145 42 30 294 285 271 224 24 200
is_linear=0
shrinkage=0.01


Tree=119
num_leaves=20
num_cat=0
split_feature=11 59 54 19 5 58 3 62 52 11 56 60 50 54 37 11 48 56 37
split_gain=22.8196 8.29185 5.11513 4.29702 5.74278 4.30383 3.35605 5.4411 5.41392 4.66756 4.10683 5.68399 3.69076 3.5065 1.87714 1.72712 1.20353 1.12789 0.0295078
threshold=18.439999580383304 0.41494457423686987 0.19414236396551135 749.84182739257824 81547.710937500015 -16849919.999999996 -82046.999999999985 0.32909286022186285 0.00076985513442195963 13.584999561309816 1.5756984353065493 -0.00054243014892563213 -0.00074193577165715386 1.3246845602989199 -1.8121189475059507 75.81000137329103 -0.91026797890663136 0.13793786615133288 -2.8264129161834712
decision_type=2 2 2 2 2 2 2 2 2 2 2 2 2 2 2 2 2 2 2
left_child=6 15 -3 4 -4 -5 7 8 9 -1 11 -8 -13 -9 -12 16 -2 -10 -18
right_child=1 2 3 5 -6 -7 10 13 17 -11 14 12 -14 -15 -16 -17 18 -19 -20
leaf_value=0.0016927048916773194 0.004942354881072304 -0.0092896289526903809 -0.0070718077731227007 -0.0049966035307748664 0.0042050903165469699 0.0047786143628226014 -0.013589008722944163 0.014388780263497769 -0.0035741956493363144 -0.011775132492337864 -0.00096066910252963467 0.0092864439770508206 -0.0029908345148449257 -0.0011740729800896199 -0.01233063116088777 0.0031565893021450304 0.0094610814825225979 -0.012843965149564554 0.013118605017080946
leaf_weight=14.875454932451257 3.185413971543313 3.6699165552854529 9.2239622622728366 4.7948435842990866 8.754168823361395 56.568193197250366 4.1192143261432692 3.0596940815448752 2.113315820693968 3.1018785685300818 1.8946134597063053 3.1586670875549343 10.843089625239369 2.5403667688369751 11.067639410495756 3.924171343445777 2.6252456456422815 5.9016275703907013 9.8499594926834089
leaf_count=69 14 15 38 19 35 231 22 11 10 14 10 13 51 13 72 19 12 35 47
internal_value=0.000677763 0.00358723 0.00219066 0.00273429 -0.00152508 0.00399849 -0.0040689 -0.00173005 -0.00368182 -0.000575462 -0.00641388 -0.00325993 -0.000149774 0.0071504 -0.0107459 0.00945559 0.0109701 -0.0105246 0.0124291
internal_weight=165.271 102.596 83.0111 79.3412 17.9781 61.363 62.6756 31.5923 25.9923 17.9773 31.0832 18.121 14.0018 5.60006 12.9623 19.5848 15.6606 8.01494 12.4752
internal_count=750 430 338 323 73 250 320 152 128 83 168 86 64 24 82 92 73 45 59
is_linear=0
shrinkage=0.01


Tree=120
num_leaves=20
num_cat=0
split_feature=43 56 38 67 27 33 41 56 72 31 21 18 40 57 34 61 48 39 70
split_gain=22.4396 7.83403 6.68859 5.18987 5.1345 5.1441 5.11496 5.01909 4.37341 5.70502 4.24727 4.06735 3.30618 2.59044 2.43704 1.74094 1.61824 1.37817 0.312245
threshold=17075.645507812504 4.9851562976837167 -1.4967882633209226 4.3067798614501962 -98551807.999999985 -1.267381966114044 0.42148084938526159 4.7468304634094247 -2536367.9999999995 4.0942518711090097 -76026.499999999985 95559.000000000015 1.7653750181198122 1.4043642878532412 -0.86372974514961232 36.666650772094734 -0.3874764740467071 -0.1001760959625244 83925.984375000015
decision_type=2 2 2 2 2 2 2 2 2 2 2 2 2 2 2 2 2 2 2
left_child=3 2 16 7 14 6 -6 10 9 -5 -1 -12 -7 -10 -3 -4 -2 -9 -19
right_child=1 4 15 8 5 12 -8 17 13 -11 11 -13 -14 -15 -16 -17 -18 18 -20
leaf_value=-0.012708717336182944 0.0094775276924878426 0.0010014972962570361 -0.0045864239069238069 -0.014019553889052707 -0.0026576247364038658 0.0055849821876698055 0.0084312021262004239 -0.004420666630725237 -0.0014126539758935524 0.0065741238458265861 -0.0045978517392261907 0.0031874405277814008 0.012944172461861182 0.011639613991885437 -0.012951229232620496 -0.016374258213862822 -0.0015571107916068222 -0.012269978504038909 -0.019185014332236541
leaf_weight=4.7664024233818045 2.5737869441509247 2.4844785183668137 2.4039943516254407 3.0168796628713608 14.150996923446657 60.230553239583969 5.8731111884117118 2.4574467688798896 2.1109952628612501 2.353448748588562 25.526534631848335 8.94899173080921 7.0856971591711035 4.4709229916334152 2.2997977882623664 3.4714774936437607 2.4836800843477249 6.7541215866804105 1.4904554188251493
leaf_count=28 10 10 10 18 59 254 25 15 10 10 129 39 29 19 10 15 10 44 6
internal_value=0.000672068 0.00353564 -0.00442176 -0.00407964 0.00449084 0.00504938 0.000544811 -0.00550114 0.00177659 -0.00480854 -0.0038076 -0.00254798 0.00637446 0.00730148 -0.00549655 -0.0117214 0.00386078 -0.0116175 -0.0136414
internal_weight=164.954 103.058 10.9329 61.8962 92.1246 87.3404 20.0241 49.944 11.9522 5.37033 39.2419 34.4755 67.3163 6.58192 4.78428 5.87547 5.05747 10.702 8.24458
internal_count=750 432 45 318 387 367 84 261 57 28 196 168 283 29 20 25 20 65 50
is_linear=0
shrinkage=0.01


Tree=121
num_leaves=25
num_cat=0
split_feature=54 11 18 24 4 26 56 17 8 67 31 11 31 49 17 19 21 63 35 64 22 49 39 5
split_gain=22.161 6.29789 6.74856 8.43496 7.45512 6.14357 5.659 5.42511 5.29888 5.20926 5.17065 4.62015 4.03141 3.97091 8.22003 6.4162 3.89694 3.12411 5.0951 2.94492 2.83567 1.48956 0.994692 0.0857308
threshold=9.9986486434936541 27.489999771118168 76518.500000000015 262.50000000000006 65464.236328125007 0.0014285732759162786 0.8114321529865266 15237.500000000002 1.0984500050544741 4.3067798614501962 1.7959768176078799 18.439999580383304 0.25318197906017309 0.48955433070659643 286692.00000000006 37924.121093750007 74975.500000000015 0.32494381070137029 1.0550812482833865 0.2873543798923493 -40345.216796874993 0.66419580578804027 -0.1001760959625244 19544.250000000004
decision_type=2 2 2 2 2 2 2 2 2 2 2 2 2 2 2 2 2 2 2 2 2 2 2 2
left_child=1 6 4 10 12 7 9 11 13 16 -4 -2 -3 14 -7 -15 -1 21 -19 -13 -9 -8 -22 -6
right_child=5 2 3 -5 23 8 17 20 -10 -11 -12 19 -14 15 -16 -17 -18 18 -20 -21 22 -23 -24 -25
leaf_value=-0.004356160732393817 -0.010191120467717859 -0.006784092754418285 0.0096783975141845231 -0.010387429637729989 -0.016559459235064512 0 -0.011650426881526036 0 0.011838147223652786 0.013154609906454204 -0.0021992807841643394 0.0072807152183984305 0.010108719307382141 -0.006874494024021357 -0.01810137379799211 0.013342413533328719 0.0066969355304530359 -0.00064355051187935152 -0.012548539199528598 -0.0029680050119908503 0.0054775589252967702 -0.0047118987631536513 0.011514806166326387 -0.011135493722566218
leaf_weight=16.868790701031692 2.4261744320392635 2.5692510157823545 14.351034507155424 3.378169670701026 2.8335601687431335 12.062494590878492 13.501816466450693 2.7065632045269039 3.7746036797761908 2.4514842182397834 4.7523754090070716 10.826868534088133 3.0595636814832687 2.4929412603378287 3.1837215870618811 4.0466417521238327 3.8772793412208548 13.411139205098154 5.0151449441909781 3.6231175214052191 3.8840626180172029 4.7326714396476737 22.544359236955639 2.2685123831033707
leaf_count=77 11 11 54 14 12 47 80 12 14 9 19 44 12 10 13 14 15 72 31 15 19 25 110 10
internal_value=0.000666281 -0.00254394 0.00092338 0.00406345 -0.00556198 0.00485479 -0.00448449 0.00704167 0.000879056 -0.000571998 0.00667123 0.00245011 0.0022204 -0.000973813 -0.00380878 0.00548265 -0.00224222 -0.00693289 -0.00393804 0.0046418 0.00966697 -0.00990441 0.0106654 -0.0143438
internal_weight=164.642 93.0708 33.2125 22.4816 10.7309 71.5715 59.8583 46.0111 25.5604 23.1976 19.1034 16.8762 5.62881 21.7858 15.2462 6.53958 20.7461 36.6608 18.4263 14.45 29.135 18.2345 26.4284 5.10207
internal_count=750 441 132 87 45 309 309 211 98 101 73 70 23 84 60 24 92 208 103 59 141 105 129 22
is_linear=0
shrinkage=0.01


Tree=122
num_leaves=17
num_cat=0
split_feature=54 58 27 34 28 41 7 62 71 27 23 22 58 66 51 69
split_gain=21.7798 9.63361 5.4161 4.77692 4.54463 5.40375 4.47204 3.64849 3.71905 3.56424 3.97072 5.19528 3.23211 3.01734 4.00277 3.50852
threshold=9.9986486434936541 -2799615.9999999995 -98551807.999999985 0.30619779229164129 38.875000000000007 1.8433930277824404 1.1237105131149294 0.077738929539918913 670763.37500000012 -70199295.999999985 5.5000000000000009 1996.2070312500002 -12865535.999999998 2.6337366104125981 0.001526382227893919 65.501705169677749
decision_type=2 2 2 2 2 2 2 2 2 2 2 2 2 2 2 2
left_child=1 3 -2 7 13 6 -6 -1 -9 -4 11 -11 -12 15 -15 -3
right_child=2 4 9 -5 5 -7 -8 8 -10 10 12 -13 -14 14 -16 -17
leaf_value=0.016950260388510739 -0.0072531401098908897 -0.0046229206960118193 0.017513944761057266 -0.0069961337240755164 -0.0065084820060500297 0.0094125011373347028 0.0011792253154916308 -0.0029127691518509376 0.010728166847190504 0.0096960291324996121 -0.0013980429261010591 -0.0028996449964921855 0.0072199778021026948 0.012023573751927658 -0.0058877374630449458 -0.010938886657322467
leaf_weight=3.312830522656439 3.4646621048450461 25.653007835149765 2.4276603460311881 2.5324230790138236 14.873934268951418 4.2526888996362677 15.038595303893088 3.6998078972101212 4.1377523094415665 4.5569477826356914 4.6095279455184928 11.536755368113516 44.780821278691292 2.0620847642421714 3.1135589927434921 14.199994042515753
leaf_count=12 15 123 9 12 76 18 69 15 15 18 20 48 199 8 16 77
internal_value=0.000660783 -0.00252439 0.00481941 0.00519264 -0.00387033 -0.00108427 -0.00261004 0.00805058 0.00416122 0.00545005 0.00498754 0.000604696 0.00639542 -0.00596203 0.00105529 -0.00689845
internal_weight=164.253 92.8767 71.3764 13.6828 79.1939 34.1652 29.9125 11.1504 7.83756 67.9117 65.4841 16.0937 49.3903 45.0286 5.17564 39.853
internal_count=750 441 309 54 387 163 145 42 30 294 285 66 219 224 24 200
is_linear=0
shrinkage=0.01


Tree=123
num_leaves=21
num_cat=0
split_feature=54 58 26 17 8 46 31 11 28 41 31 61 18 66 51 4 4 22 18 57
split_gain=21.3841 9.45692 6.10128 5.34465 5.1952 4.74791 6.62576 4.53612 4.4711 5.30153 5.27702 3.80615 4.06403 2.96684 3.92648 3.4213 2.95738 2.80521 1.87835 0.983809
threshold=9.9986486434936541 -2799615.9999999995 0.0014285732759162786 15237.500000000002 1.0984500050544741 0.8971768617630006 0.82155835628509533 18.439999580383304 38.875000000000007 1.8433930277824404 -5.3208425045013419 23.916666984558109 147754.50000000003 2.6337366104125981 0.001526382227893919 39638.429687500007 356117.43750000006 -40345.216796874993 605377.00000000012 1.6530030965805056
decision_type=2 2 2 2 2 2 2 2 2 2 2 2 2 2 2 2 2 2 2 2
left_child=1 11 3 7 5 6 -4 -2 13 10 -10 -1 -13 15 -15 -3 -9 -5 -14 -19
right_child=2 8 4 17 -6 -7 -8 16 9 -11 -12 12 18 14 -16 -17 -18 19 -20 -21
leaf_value=0.014840066460415196 -0.010139002956593464 -0.0056701430626253258 0.00055709911938336412 0 0.011692928526251317 0.0072284475676489728 -0.01295811564806712 0.0084986255368161845 -0.01361359871992294 0.0093274151999876605 -0.00094072053498647616 -0.0062861601814309612 0.012989570616670242 0.01190926843656738 -0.0058384978827729864 -0.014594803095394045 -0.00051565037644141622 0.0068170785201508988 0.0020241213446300643 0.011774248490573583
leaf_weight=3.1524346321821204 2.4173742532730129 34.626457124948502 11.277200996875772 2.7000398039817837 3.7609269171953192 5.2274771928787223 5.2595007419586173 8.2650374174118024 3.8014113008976009 4.2485884130001059 26.078335255384445 3.6235476881265622 2.8621393889188766 2.0610629469156256 3.1084451824426651 5.1286724060773841 6.1490314453840247 6.454462572932246 4.025678887963295 19.738401591777802
leaf_count=11 11 178 43 12 14 19 22 34 21 18 124 16 11 8 16 22 25 32 16 97
internal_value=0.000655204 -0.0025035 0.00477965 0.00696905 0.000818492 -0.0010147 -0.00368095 0.00240983 -0.00383852 -0.00107403 -0.00258648 0.00514722 0.00214513 -0.00591639 0.00104403 -0.00684664 0.00458377 0.0095904 0.00672585 0.0105909
internal_weight=163.966 92.7168 71.2495 45.7243 25.5251 21.7642 16.5367 16.8314 79.053 34.1283 29.8797 13.6638 10.5114 44.9246 5.16951 39.7551 14.4141 28.8929 6.88782 26.1929
internal_count=750 441 309 211 98 84 65 70 387 163 145 54 43 224 24 200 59 141 27 129
is_linear=0
shrinkage=0.01


Tree=124
num_leaves=17
num_cat=0
split_feature=43 56 38 41 27 33 41 56 24 3 1 40 29 36 33 36
split_gain=21.1034 7.44327 6.51662 4.98749 4.89086 5.03282 4.9838 4.65725 5.68444 5.10901 4.70612 3.24777 3.18358 2.70154 1.50292 0.633829
threshold=17075.645507812504 4.9851562976837167 -1.4967882633209226 2.3599539995193486 -98551807.999999985 -1.267381966114044 0.42148084938526159 0.91547101736068737 459.00000000000006 4719697.0000000009 961272.50000000012 1.7653750181198122 0.32933679223060613 -1.7116101980209348 -0.3022323846817016 -1.4248282313346861
decision_type=2 2 2 2 2 2 2 2 2 2 2 2 2 2 2 2
left_child=3 2 13 7 15 6 -6 8 10 12 -1 -7 -9 -2 -4 -3
right_child=1 4 14 -5 5 11 -8 9 -10 -11 -12 -13 -14 -15 -16 -17
leaf_value=-2.6020699674372898e-05 -0.0035805364619726299 -0.0011840473987644359 -0.016268569165101145 0.0087048911605761854 -0.0027109620547509168 0.0054519713856660502 0.0082905946793497658 -0.0094420960959531643 0.013119573306464028 0.0067198130678857507 -0.011050978236740462 0.012785806062778992 -0.0010542890701230971 0.010870595288344984 -0.0053129733220184947 -0.0090679258079398566
leaf_weight=15.53979010879994 2.3789561092853546 2.3440929800271988 3.2436608076095581 2.8978818356990805 14.082291081547739 59.771320968866348 5.8035786449909201 26.916351065039635 2.4842787683010092 2.4698740094900122 5.2394563853740683 7.0048436671495429 5.7704644054174414 2.659946396946907 2.600815221667288 2.4170703440904608
leaf_count=66 10 10 14 11 59 254 25 161 9 11 28 29 32 10 11 10
internal_value=0.000650075 0.00343564 -0.00433602 -0.00398121 0.00437175 0.00491995 0.000449493 -0.00462761 -0.00110528 -0.00692993 -0.00285407 0.00623627 -0.00799192 0.0038495 -0.0115644 -0.00539644
internal_weight=163.625 102.307 10.8834 61.3181 91.4232 86.662 19.8859 58.4202 23.2635 35.1567 20.7792 66.7762 32.6868 5.0389 5.84448 4.76116
internal_count=750 432 45 318 387 367 84 307 103 204 94 283 193 20 25 20
is_linear=0
shrinkage=0.01


Tree=125
num_leaves=20
num_cat=0
split_feature=43 26 17 41 56 24 65 7 67 2 13 71 43 18 17 33 17 68 2
split_gain=20.724 9.45904 4.91648 4.89948 4.59333 5.5731 5.2508 4.49506 4.63471 6.47081 5.96944 3.81457 9.48718 3.50539 3.33749 3.15124 2.9223 2.65457 1.50996
threshold=17075.645507812504 0.0018064273754134776 23753.500000000004 2.3599539995193486 0.91547101736068737 459.00000000000006 2.792587518692017 2.9118626117706303 2.9440597295761113 5084850.0000000009 118179784.00000001 359125.71875000006 1059252.6250000002 132829.00000000003 2240.0000000000005 -1.4635440707206724 169030.50000000003 28.418855667114261 2509484.5000000005
decision_type=2 2 2 2 2 2 2 2 2 2 2 2 2 2 2 2 2 2 2
left_child=3 2 11 4 5 13 17 8 9 -3 -10 12 -2 -1 -13 -4 -8 -6 -17
right_child=1 7 15 -5 6 -7 16 -9 10 -11 -12 14 -14 -15 -16 18 -18 -19 -20
leaf_value=-0.0011454625836536476 0.0079889864490913891 0.0036173543663080756 0.00065881631381418655 0.0086247619717310618 -0.0020517315477382369 0.012986023357010733 -0.0041049878868602511 0.01258262071010784 0.00017378888767783849 -0.0049643609222394317 0.015955862840630587 0.01446553574192903 -0.010031059996846751 -0.01327081845119712 0.00099439680632842703 0.0029163873876889698 0.010954059607585455 -0.0099422030825706675 0.011174600494726968
leaf_weight=17.95075426995755 5.7800191789865512 13.439083397388456 4.1233639568090465 2.8955684006214133 5.5778697878122356 2.4847268164157859 2.8994436711072913 2.8748796582221976 7.5049563497304899 24.94302099943161 3.6145872473716736 3.9300679564476004 5.8813613057136536 2.800283581018447 3.7788602411746979 2.8185572028160122 2.2523538768291473 24.293283045291901 23.47138386964798
leaf_count=79 24 51 17 11 32 9 13 11 28 100 13 16 25 15 16 14 10 149 117
internal_value=0.000644531 0.00340591 0.00652842 -0.00395208 -0.00459434 -0.00109561 -0.00688699 0.000418879 -0.000267347 -0.00193351 0.00539394 0.00251872 -0.00101358 -0.00282993 0.0079918 0.00904933 0.00228469 -0.00850228 0.0103273
internal_weight=163.314 102.16 49.7836 61.1543 58.2587 23.2358 35.023 52.3765 49.5016 38.3821 11.1195 19.3703 11.6614 20.751 7.70893 30.4133 5.1518 29.8712 26.2899
internal_count=750 432 229 318 307 103 204 203 192 151 41 81 49 94 32 148 23 181 131
is_linear=0
shrinkage=0.01


Tree=126
num_leaves=19
num_cat=0
split_feature=11 26 34 35 65 31 31 40 56 24 1 38 61 8 2 37 24 69
split_gain=20.3859 12.9571 3.6291 3.44378 4.84314 4.84122 3.40453 3.26571 4.14368 5.55617 6.33811 4.03167 3.24611 3.70686 3.6609 2.59925 5.74625 1.85829
threshold=18.439999580383304 0.0018064273754134776 -1.3675611019134519 -1.013280928134918 -1.0445479750633238 -0.27824817597866053 -7.9429955482482901 -2.0297425985336299 0.8114321529865266 459.00000000000006 853253.50000000012 1.0000000180025095e-35 365.07525634765631 0.77048450708389293 120230476.00000001 -1.8121189475059507 39.500000000000007 55.596500396728523
decision_type=2 2 2 2 2 2 2 2 2 2 2 2 2 2 2 2 2 2
left_child=7 6 -3 4 -4 -5 -2 11 9 10 -9 -1 14 -14 -8 16 -10 -17
right_child=1 2 3 5 -6 -7 12 8 15 -11 -12 -13 13 -15 -16 17 -18 -19
leaf_value=0.0081937698409093058 -0.0034172711906246783 0.0088110982479894118 0 -0.0040329322093374054 -0.010192108525680572 0.0044246386979485955 0.0097667991253263583 0.00034597581767133227 -0.013879141518540248 0.012854823668374924 -0.013206530343371284 -0.0079065732704810664 -0.0088636541538147113 0.0069389732993594046 -0.0019005613507148398 -0.0056573494413316777 0.0017829881286845258 -0.01158219264410661
leaf_weight=4.488970920443534 2.7335131764411917 4.303773805499076 11.905981317162516 10.45404562354088 7.7190543413162223 18.884983345866203 36.18627505004406 13.345402598381048 3.2877111583948118 2.4849842488765708 4.5931762754917136 2.3329470455646515 2.3185316473245612 4.0576824992895126 2.7527335137128821 11.20650200545788 7.8799742609262466 11.986585542559622
leaf_count=18 12 16 46 41 32 71 173 56 17 9 25 13 10 17 12 66 38 78
internal_value=0.000639949 0.00340355 0 -0.000766723 -0.00402245 0.00137696 0.0071689 -0.00388878 -0.00470772 -0.00108202 -0.0030684 0.00254122 0.00782955 0.00103596 0.00891631 -0.00683369 -0.00273832 -0.00876253
internal_weight=162.923 101.317 53.2678 48.9641 19.625 29.339 48.0487 61.6063 54.7843 20.4236 17.9386 6.82192 45.3152 6.37621 38.939 34.3608 11.1677 23.1931
internal_count=750 430 206 190 78 112 224 320 289 90 81 31 212 27 185 199 55 144
is_linear=0
shrinkage=0.01


Tree=127
num_leaves=16
num_cat=0
split_feature=54 58 27 34 28 41 23 8 62 71 27 1 66 59 51
split_gain=20.1214 9.15705 5.13727 4.61205 4.36452 5.09105 4.63345 3.59795 3.55234 3.58666 3.52954 3.89806 3.52765 3.3937 2.74661
threshold=9.9986486434936541 -2799615.9999999995 -98551807.999999985 0.30619779229164129 38.875000000000007 0.68216437101364147 21.500000000000004 0.80140501260757457 0.077738929539918913 670763.37500000012 -70199295.999999985 109655744.00000001 3.4517346620559697 0.8261534869670869 0.0020773275755345826
decision_type=2 2 2 2 2 2 2 2 2 2 2 2 2 2 2
left_child=1 3 -2 8 12 6 -6 -7 -1 -10 -4 13 14 -12 -3
right_child=2 4 10 -5 5 7 -8 -9 9 -11 11 -13 -14 -15 -16
leaf_value=0.016732044274775443 -0.0071381624610519804 -0.0053866401509101705 0.017319328822296622 -0.006939261226183685 -0.010905508104301628 -0.0057507507350688181 -0.00084451197367341223 0.0085826174461244575 -0.0028906478041574543 0.010534420575072126 0.0084473051558830014 -0.0056969208473659043 0.006973363095034592 0.0035185005862393005 -0.012959328792642446
leaf_weight=3.2895845770835859 3.4408702850341788 36.738012500107288 2.4100596010684958 2.5048852264881125 6.2501453012228039 2.217161223292349 18.095336094498634 7.302041158080101 3.6818720400333405 4.1192143261432648 23.077303186058998 3.2595451027154914 1.983129709959029 38.38545635342598 5.8063221126794806
leaf_count=12 15 185 9 12 32 12 87 32 15 15 109 14 8 162 31
internal_value=0.000634754 -0.00243972 0.0046563 0.00510534 -0.00376101 -0.00101942 -0.00346852 0.00513912 0.00791584 0.00407002 0.00527572 0.0048118 -0.00582363 0.00538538 -0.00644364
internal_weight=162.561 91.9877 70.5732 13.5956 78.3921 33.8647 24.3455 9.5192 11.0907 7.80109 67.1324 64.7223 44.5275 61.4628 42.5443
internal_count=750 441 309 54 387 163 119 44 42 30 294 285 224 271 216
is_linear=0
shrinkage=0.01


Tree=128
num_leaves=21
num_cat=0
split_feature=43 26 17 41 56 24 65 1 7 67 2 13 71 43 23 17 68 34 65 44
split_gain=19.8015 9.11032 4.87074 4.78797 4.53496 5.31718 5.04243 4.57124 4.38964 4.49488 6.36382 5.85587 3.73494 9.25561 3.77139 2.86863 2.64699 2.08418 5.39612 1.20924
threshold=17075.645507812504 0.0018064273754134776 23753.500000000004 2.3599539995193486 0.91547101736068737 459.00000000000006 2.792587518692017 961272.50000000012 2.9118626117706303 2.9440597295761113 5084850.0000000009 118179784.00000001 359125.71875000006 1059252.6250000002 6.5000000000000009 169030.50000000003 28.418855667114261 -1.134804844856262 -6.5865626335144034 1.0000000180025095e-35
decision_type=2 2 2 2 2 2 2 2 2 2 2 2 2 2 2 2 2 2 2 2
left_child=3 2 12 4 5 7 16 -1 9 10 -3 -11 13 -2 -14 -8 -6 18 -4 -19
right_child=1 8 17 -5 6 -7 15 -9 -10 11 -12 -13 14 -15 -16 -17 -18 19 -20 -21
leaf_value=0 0.0078603868731240943 0.0035931001673278331 0.010537960533007047 0.0085701208969398111 -0.0019531406913420868 0.01271098774927314 -0.0041365652368704495 -0.010901237064049503 0.012459391736655716 0.00013521757772108953 -0.004924033877231399 0.015779346895383843 0.012549504653964519 -0.0099820046154414591 -0.0023676856091906806 0.010835334917439196 -0.0098590456705439714 0.0030814982866244063 -0.004949962820189972 0.011657259426533178
leaf_weight=15.501280471682554 5.7324940115213412 13.420168682932852 6.1984197646379471 2.8855282217264167 5.5435217171907452 2.4838871359825125 2.8903281539678565 5.155208393931388 2.8596147596836081 7.5000617951154691 24.893732637166977 3.607129693031311 5.3132458031177512 5.8703474402427673 2.338051438331604 2.2316321283578873 24.004726655781269 2.1670088022947338 3.43002997338772 18.266681402921677
leaf_count=66 24 51 28 11 32 9 13 28 11 28 100 13 22 25 10 10 149 11 16 93
internal_value=0.000629262 0.00333441 0.00641901 -0.0038823 -0.00452115 -0.00104163 -0.00681468 -0.00274375 0.000405576 -0.000271651 -0.00191465 0.00530578 0.0024205 -0.00108062 0.00786048 0.00219144 -0.00840967 0.00894671 0.0049167 0.0107967
internal_weight=162.293 101.597 49.3163 60.6961 57.8106 23.1404 34.6702 20.6565 52.2807 49.4211 38.3139 11.1072 19.2541 11.6028 7.6513 5.12196 29.5482 30.0621 9.62845 20.4337
internal_count=750 432 229 318 307 103 204 94 203 192 151 41 81 49 32 23 181 148 44 104
is_linear=0
shrinkage=0.01


Tree=129
num_leaves=20
num_cat=0
split_feature=11 59 67 45 19 40 41 1 38 45 55 2 45 0 11 48 17 34 37
split_gain=19.4783 7.76717 3.80187 5.38543 9.26818 3.17601 3.95629 5.04247 3.90738 3.1459 7.01142 4.8202 2.79581 1.86299 1.79088 1.20308 1.07062 0.979895 0.0468842
threshold=18.439999580383304 0.41494457423686987 4.6730723381042489 -0.91951358318328846 749.84182739257824 -2.0297425985336299 1.5076959729194643 341970.50000000006 -1.0000000180025095e-35 -0.16200628131628034 -0.18110813945531842 324153.00000000006 -0.63049980998039235 228333.00000000003 75.81000137329103 -0.91026797890663136 4516.0000000000009 0.94387653470039379 -2.8264129161834712
decision_type=2 2 2 2 2 2 2 2 2 2 2 2 2 2 2 2 2 2 2
left_child=5 14 3 16 -5 8 9 -8 -1 11 -11 -7 -4 -9 15 -2 -3 -14 -17
right_child=1 2 12 4 -6 6 7 13 -10 10 -12 -13 17 -15 -16 18 -18 -19 -20
leaf_value=0.0080977452955861944 0.0046066400553968143 0.015743587095623061 -0.00080007057937668807 -0.0074551196311757597 0.0021698556946093289 0 0.015619058197917049 -0.0099648198365047663 -0.0078050755457695267 -0.0095678800657967456 0.0015929835014666758 -0.010547679756584147 0.013141056106239408 0.0027660694737815868 0.0026180384944754433 0.0091022134241775746 0.0056192260988755672 0.0041389754621977484 0.012909287591039096
leaf_weight=4.4763550460338593 3.1021158099174508 2.6457425951957694 2.6235395967960358 12.243372738361357 54.455455079674721 5.7035165429115322 2.0561212152242652 2.1661452203989029 2.3116170912981024 9.4202910512685794 13.697636142373083 19.046954303979874 5.4868536591529828 2.2692819237709045 3.7815222442150107 2.5357777774333963 2.40403151512146 2.0180669575929642 9.4541003853082639
leaf_count=18 14 10 11 51 220 29 8 11 13 51 65 114 26 11 19 12 10 10 47
internal_value=0.000624669 0.0033322 0.00198351 0.00115747 0.000388083 -0.00382005 -0.00463198 0.00258897 0.00253478 -0.00563212 -0.00291168 -0.00813271 0.0077363 -0.0032259 0.00913012 0.0106956 0.0111217 0.0108536 0.0121875
internal_weight=161.898 100.751 81.8771 71.7486 66.6988 61.1479 54.3599 6.49155 6.78797 47.8684 23.1179 24.7505 10.1285 4.43543 18.8735 15.092 5.04977 7.50492 11.9899
internal_count=750 430 338 291 271 320 289 30 31 259 116 143 47 22 92 73 20 36 59
is_linear=0
shrinkage=0.01


Tree=130
num_leaves=18
num_cat=0
split_feature=54 58 27 34 38 52 62 70 41 59 35 5 3 14 47 1 1
split_gain=19.2109 8.91492 4.98924 4.52123 4.39203 3.83741 3.50427 3.51374 3.49476 3.14417 4.27438 7.50944 4.93569 3.21351 2.47627 1.37046 0.363206
threshold=9.9986486434936541 -2799615.9999999995 -98551807.999999985 0.30619779229164129 -2.0078655481338497 -0.077075351029634462 0.077738929539918913 859171.06250000012 1.8433930277824404 0.86200872063636791 1.4261325597763064 322571.00000000006 -4611247.4999999991 0.26430000364780432 -0.13718092441558835 75874980.000000015 586563.00000000012
decision_type=2 2 2 2 2 2 2 2 2 2 2 2 2 2 2 2 2
left_child=1 3 -2 6 16 -6 -1 -8 -7 13 12 -12 -11 15 -15 -4 -3
right_child=2 4 9 -5 5 8 7 -9 -10 10 11 -13 -14 14 -16 -17 -18
leaf_value=0.016625698771131063 -0.0070810877556550748 -0.0081173070372504794 0.010873216286684948 -0.0068915359869762194 0.011895088348253447 -0.0041611864791256618 -0.0024507826182640878 0.010832094534180374 0.0032302505783102331 -0.0018546421840393529 -0.011549097849245602 0.008093950721348761 0.0071858211464357422 0.0092422424458898297 -0.003973212494668945 0.0029450685880700752 -0.015493653565221251
leaf_weight=3.2761811167001706 3.4271087050437918 1.815980553627013 17.441819116473205 2.4921789318323126 1.6451923996210087 64.45539952814579 3.9119995087385178 3.8689036667346954 6.9468703120946875 7.7681666761636725 4.5704828500747672 3.339677482843399 24.817445293068886 2.3473415076732635 3.4904584288597098 2.9061188697814933 3.0615198165178299
leaf_count=12 15 10 85 12 6 326 16 14 31 33 19 14 105 10 15 13 14
internal_value=0.000619976 -0.00239151 0.00456347 0.00506409 -0.00370069 -0.00306925 0.00784924 0.00402535 -0.00342805 0.00517695 0.00338734 -0.00312936 0.00499995 0.00790636 0.00116934 0.00979005 -0.0129523
internal_weight=161.583 91.4742 70.1086 13.5493 77.925 73.0475 11.0571 7.7809 71.4023 66.6815 40.4958 7.91016 32.5856 26.1857 5.8378 20.3479 4.8775
internal_count=750 441 309 54 387 363 42 30 357 294 171 33 138 123 25 98 24
is_linear=0
shrinkage=0.01


Tree=131
num_leaves=22
num_cat=0
split_feature=43 26 17 11 41 56 65 58 67 27 4 47 7 34 4 33 26 17 68 26 39
split_gain=18.88 8.85218 4.81677 4.87188 4.63382 4.51295 4.87926 4.33516 5.79482 4.95425 4.23451 3.63328 6.32324 4.7122 3.25254 3.14637 2.85829 2.78918 2.64349 2.58451 1.53254
threshold=17075.645507812504 0.0018064273754134776 23753.500000000004 18.439999580383304 2.3599539995193486 0.91547101736068737 2.792587518692017 4024320.0000000005 2.9440597295761113 2945024.0000000005 34895.650390625007 0.19636292010545733 1.0944562554359438 -0.64827111363410939 8516.0446777343768 -1.4635440707206724 0.0021428598556667571 169030.50000000003 28.418855667114261 0.0028571435250341897 -0.1001760959625244
decision_type=2 2 2 2 2 2 2 2 2 2 2 2 2 2 2 2 2 2 2 2 2
left_child=4 2 3 -2 5 11 18 8 9 -3 19 12 -1 -13 -5 -4 -10 -8 -7 -9 -17
right_child=1 7 15 14 -6 6 17 10 16 -11 -12 13 -14 -15 -16 20 -18 -19 -20 -21 -22
leaf_value=-0.011677975909938925 -0.010321255735602552 0.0014646651927336361 0.00044258712169929006 0.0116117437479476 0.0084567549938379203 -0.0018512256307105111 -0.0040960418975436504 -0.0066776977856757604 0.0042047007662901047 -0.0094589168077244233 -0.013522292118274248 -0.0062265173900443371 0.0034496864202107425 0.0071701309863831343 0.0015471923607046801 0.0044254063277004603 0.016438280658971009 0.010711479701586393 -0.009779595905645878 0.0070175517522393172 0.011305200447130369
leaf_weight=6.3518497347831744 2.5830469131469753 29.332182586193085 4.0839755088090923 4.5462723374366787 2.8776138424873343 5.5059286355972317 2.8842145055532447 2.8321707844734174 5.1536495834588987 4.8349963128566733 4.0064689666032791 3.8095848262310019 4.7509826421737671 8.127743646502493 11.994419023394583 4.4323256611824098 3.3526953011751175 2.211455225944519 23.747968345880508 2.6836672276258469 21.208587765693661
leaf_count=34 12 114 17 19 11 32 13 11 19 20 17 17 20 32 50 22 12 10 149 10 109
internal_value=0.000614781 0.00326224 0.00632315 0.00233676 -0.00380736 -0.00443973 -0.0067414 0.000378456 0.00175777 -5.18627e-05 -0.00569781 -0.000964872 -0.00511467 0.00281106 0.00437393 0.00885419 0.00914401 0.00213399 -0.00832157 0 0.0101549
internal_weight=161.312 101.044 48.8486 19.1237 60.2673 57.3897 34.3496 52.1958 42.6735 34.1672 9.52231 23.0402 11.1028 11.9373 16.5407 29.7249 8.50634 5.09567 29.2539 5.51584 25.6409
internal_count=750 432 229 81 318 307 204 203 165 134 38 103 54 49 69 148 31 23 181 21 131
is_linear=0
shrinkage=0.01


Tree=132
num_leaves=17
num_cat=0
split_feature=54 58 27 38 52 61 61 69 38 59 33 35 6 1 17 1
split_gain=18.601 8.66996 4.89432 4.31945 3.75712 3.72629 3.65833 3.91914 5.41233 3.10403 5.42034 6.02719 3.95254 4.74789 1.27625 0.356116
threshold=9.9986486434936541 -2799615.9999999995 -98551807.999999985 -2.0078655481338497 -0.077075351029634462 46.333345413208015 23.916666984558109 91.80475234985353 -1.2108752727508543 0.86200872063636791 -1.3731080889701841 1.4261325597763064 -59843590143.999992 12833417.500000002 1.0000000180025095e-35 586563.00000000012
decision_type=2 2 2 2 2 2 2 2 2 2 2 2 2 2 2 2
left_child=1 6 -2 15 -5 -6 -1 8 -8 12 -11 -12 13 -4 -14 -3
right_child=2 3 9 4 5 -7 7 -9 -10 10 11 -13 14 -15 -16 -17
leaf_value=0.014531939753637734 -0.0070440052423843729 -0.0080363823305678334 0.0090114048023119606 0.01180103566275967 -0.010733617230348045 -0.0026434430121257684 0.0047196858574061811 0.0088741580544421314 -0.014865416948240846 -0.0079399560350620988 0.0066716752590764766 -0.0031203528345971863 0.0049310374290091521 -0.0040779353901836098 0.012774553767665855 -0.01538581795452521
leaf_weight=3.1307308226823798 3.4197846204042426 1.8015922605991352 6.2425423711538333 1.6406024545431126 6.3660487532615653 64.773556500673294 3.2860683500766745 4.6818091124296188 2.4174270629882804 3.8008267432451239 28.668438419699669 7.8964693844318381 3.0712261497974387 4.8625992089509964 11.832715854048727 3.0429752618074417
leaf_count=11 15 10 28 6 28 329 13 18 12 16 122 33 13 23 59 14
internal_value=0.000610244 -0.00235763 0.00450015 -0.00365208 -0.00302548 -0.00338146 0.00500264 0.00203367 -0.00340613 0.00511 0.00333075 0.00452966 0.00783291 0.00318994 0.0112254 -0.0128591
internal_weight=160.935 91.1408 69.7946 77.6248 72.7802 71.1396 13.516 10.3853 5.7035 66.3748 40.3657 36.5649 26.0091 11.1051 14.9039 4.84457
internal_count=750 441 309 387 363 357 54 43 25 294 171 155 123 51 72 24
is_linear=0
shrinkage=0.01


Tree=133
num_leaves=19
num_cat=0
split_feature=43 26 17 11 41 54 22 7 11 2 39 44 34 46 4 22 64 45
split_gain=18.319 8.65848 4.74962 4.77344 4.56913 4.47862 6.61343 4.29213 4.40194 6.4328 4.59375 4.20853 3.83685 3.64736 3.20496 2.54621 2.39886 1.50607
threshold=17075.645507812504 0.0018064273754134776 23753.500000000004 18.439999580383304 2.3599539995193486 0.75373369455337536 7756.1914062500009 2.9118626117706303 67.865001678466811 5084850.0000000009 5.4530375003814706 703328.68750000012 -0.64827111363410939 1.393467962741852 8516.0446777343768 -63252.189453124993 0.32757462561130529 0.12081780284643175
decision_type=2 2 2 2 2 2 2 2 2 2 2 2 2 2 2 2 2 2
left_child=4 2 3 -2 5 6 12 8 9 -3 -10 16 -1 -8 -5 -4 -7 -17
right_child=1 7 15 14 -6 11 13 -9 10 -11 -12 -13 -14 -15 -16 17 -18 -19
leaf_value=-0.0054099645968417581 -0.010258018667451477 0.0036213165928663908 -0.00028266271843323222 0.011530561798600713 0.0084200986494123303 -0.010678640878256675 -0.011623026065431568 0.012344239075859883 0.000275536690868858 -0.0047269807665896793 0.015109305161303786 0.0047207022443525801 0.0048315779602859897 0.0020497082423999963 0.0015112543545009677 0.0076577246262250218 -0.0041560718418135172 0.012815702747102205
leaf_weight=4.9641399532556578 2.5731153339147594 14.208463206887243 2.6085403710603741 4.5139355510473278 2.8757131546735755 16.883120499551303 7.4553182572126371 2.8332113027572623 5.7221619933843595 25.935520902276039 3.4213408231735229 2.600267067551612 13.359789952635765 2.4850607812404633 11.971837311983107 16.424140453338627 9.3848720043897611 10.456128448247908
leaf_count=24 12 54 11 19 11 106 42 11 22 104 12 11 57 11 50 84 56 53
internal_value=0.000605022 0.00321733 0.0062574 0.00229529 -0.00376066 -0.00439127 -0.00151664 0.000366481 -0.000301752 -0.00174729 0.00593544 -0.00717112 0.00200247 -0.00810429 0.00431528 0.00878424 -0.00838637 0.00970132
internal_weight=160.677 100.668 48.5477 19.0589 60.0083 57.1326 28.2643 52.1207 49.2875 40.144 9.1435 28.8683 18.3239 9.94038 16.4858 29.4888 26.268 26.8803
internal_count=750 432 229 81 318 307 134 203 192 158 34 173 81 53 69 148 162 137
is_linear=0
shrinkage=0.01


Tree=134
num_leaves=21
num_cat=0
split_feature=54 58 26 17 8 46 31 34 38 63 38 41 57 28 63 70 2 70 47 1
split_gain=18.0187 8.51363 5.60987 5.10576 4.96324 4.48542 6.33359 4.42482 4.26647 3.83651 5.57135 3.62288 5.89824 3.82721 3.42853 3.39848 2.91628 3.09527 1.48577 0.352359
threshold=9.9986486434936541 -2799615.9999999995 0.0014285732759162786 15237.500000000002 1.0984500050544741 0.8971768617630006 0.82155835628509533 0.30619779229164129 -2.0078655481338497 0.086275752633810057 0.44168242812156683 1.8433930277824404 1.3576353788375857 -799.24999999999989 0.07920344173908235 859171.06250000012 49838206.000000007 303004.35937500006 0.86673143506050121 586563.00000000012
decision_type=2 2 2 2 2 2 2 2 2 2 2 2 2 2 2 2 2 2 2 2
left_child=1 7 3 9 5 6 -4 14 19 -2 -11 13 -13 -10 -1 -16 18 -18 -5 -3
right_child=2 8 4 16 -6 -7 -8 -9 11 10 -12 12 -14 -15 15 -17 17 -19 -20 -21
leaf_value=0.01645250802291006 0.010856624418498377 -0.0079644267272450438 0.0004064885754934934 0.012059672958250887 0.011369699401409019 0.0068882727101509189 -0.012842582651796927 -0.0069070742640652202 0.0062487692010456657 -0.0045036412069909453 0.010603219817084494 0.013094272665490625 -0.0049031155268027069 -0.0043251789076401278 -0.0024280061828938922 0.010656359517431498 -0.0043622019616909834 0.0097933817727585762 0.0039563211413317628 -0.015305973206814512
leaf_weight=3.2537894397973997 3.8529901206493404 1.7885939478874195 11.225389391183862 18.558075904846199 3.7027055770158759 5.1977660655975333 5.2243854254484168 2.468859836459159 3.5487627387046805 9.3305267691612226 3.297983691096305 3.4873731434345236 3.7109182476997375 61.799763359129429 3.8971386700868607 3.8558101058006287 2.893889144062995 3.1799283027648926 3.0184209644794455 3.0278173536062241
leaf_count=12 17 10 43 99 14 19 22 12 16 39 14 14 18 315 16 14 13 15 14 14
internal_value=0.000600557 -0.00232425 0.00443875 0.00659486 0.00064578 -0.0011423 -0.00374057 0.00497989 -0.00360945 0.00211015 -0.000479241 -0.00298635 0.0036772 -0.00373566 0.00773704 0.00395032 0.00923189 0.00288427 0.0109724 -0.0127873
internal_weight=160.321 90.8388 69.4821 44.1318 25.3502 21.6475 16.4498 13.4756 77.3632 16.4815 12.6285 72.5468 7.19829 65.3485 11.0067 7.75295 27.6503 6.07382 21.5765 4.81641
internal_count=750 441 309 211 98 84 65 54 387 70 53 363 32 331 42 30 141 28 113 24
is_linear=0
shrinkage=0.01


Tree=135
num_leaves=19
num_cat=0
split_feature=11 26 54 46 22 54 70 63 52 46 23 64 11 47 31 2 61 28
split_gain=17.7388 11.8033 5.3477 3.38036 3.18459 5.44351 8.73747 4.50379 5.08637 3.63409 3.59446 3.14155 4.36089 4.00248 2.99826 2.86125 2.32307 1.14742
threshold=18.439999580383304 0.0018064273754134776 4.3088910579681405 -0.96636253595352162 7756.1914062500009 0.75373369455337536 219929.23437500003 0.32909096777439123 0.0023366905516013507 1.393467962741852 300.50000000000006 0.28124563395977026 55.500000000000007 -1.878141403198242 4.5010938644409189 120230476.00000001 365.07525634765631 -1044.6249999999998
decision_type=2 2 2 2 2 2 2 2 2 2 2 2 2 2 2 2 2 2
left_child=4 2 -2 -3 5 7 14 8 -1 10 17 13 -13 -5 -7 16 -4 -6
right_child=1 3 15 11 9 6 -8 -9 -10 -11 -12 12 -14 -15 -16 -17 -18 -19
leaf_value=0.002614053467313943 -0.0084025830120114317 -0.010350160063850372 0.0093023095996798734 0.0089928246187397365 -0.0021663211988988628 -0.010933716044214595 0.0086891910375246992 0.010674852029732361 -0.010828880743589477 0.002926003796058986 0.0012358275948281322 0.011805856923381024 -0.0019923011810996853 -0.0016242673416275075 -0.0016349205278212153 -0.0020270357894082193 0.0026314537616874871 -0.011953786889197458
leaf_weight=10.85043975710869 2.1283951252698889 2.9977834522724143 35.151074424386024 3.9155201166868201 1.6102735251188303 12.895693451166158 3.5586907416582099 4.4228811115026465 3.7837862223386756 2.983962193131446 2.7849102914333335 5.2953033745288831 3.8465255349874496 36.931691065430641 5.1104106605052939 2.7237832844257346 6.6488782912492743 12.350507304072382
leaf_count=47 9 14 174 14 8 82 14 17 20 13 14 20 15 143 29 12 29 76
internal_value=0.000595959 0.00319279 0.00686093 -1.79429e-05 -0.00367478 -0.00203899 -0.00549186 0.00181576 -0.000793383 -0.00699206 -0.00881911 0.000581664 0.00589074 -0.000582056 -0.00835011 0.00761304 0.00826514 -0.0108965
internal_weight=159.991 99.639 46.6521 52.9868 60.3516 40.6219 21.5648 19.0571 14.6342 19.7297 16.7457 49.989 9.14183 40.8472 18.0061 44.5237 41.8 13.9608
internal_count=750 430 224 206 320 209 125 84 67 111 98 192 35 157 111 215 203 84
is_linear=0
shrinkage=0.01


Tree=136
num_leaves=19
num_cat=0
split_feature=43 26 17 11 67 68 46 56 8 7 11 2 39 21 56 71 33 39
split_gain=17.5065 8.28698 4.66385 4.61441 4.43976 5.0531 4.70428 4.73993 4.28647 4.19975 4.32696 6.27545 4.50965 3.98026 3.74804 3.16441 3.12994 1.54188
threshold=17075.645507812504 0.0018064273754134776 23753.500000000004 18.439999580383304 4.3067798614501962 80.42596817016603 0.8971768617630006 0.8114321529865266 0.68068501353263866 2.9118626117706303 67.865001678466811 5084850.0000000009 5.4530375003814706 -76026.499999999985 2.1094585657119755 611104.12500000012 -1.4635440707206724 -0.1001760959625244
decision_type=2 2 2 2 2 2 2 2 2 2 2 2 2 2 2 2 2 2
left_child=4 2 3 -2 5 13 7 -6 -9 10 11 -3 -12 -1 -15 -5 -4 -18
right_child=1 9 16 15 6 -7 -8 8 -10 -11 12 -13 -14 14 -16 -17 17 -19
leaf_value=-0.012358464268875515 -0.010160130338262774 0.0035772338144983659 0.00026116106278933237 0.0019694895295621967 0.011906540906386393 -0.013882410585211044 0.01534998115096369 -0.013692556667999603 0.0015570443079058886 0.012250153606299231 0.00028074415677354335 -0.0046758557145666338 0.014992791176037213 -0.00028701548912422935 -0.0069625244330947453 0.01324826049909803 0.0042053478745677575 0.011164931354571734
leaf_weight=4.8775537312030783 2.5587077587842968 14.183090060949324 4.0494645684957531 13.216441452503206 2.1229462623596174 5.7671127542853347 2.1089580953121176 3.2179844453930855 4.081891342997551 2.8166502118110648 5.7132944911718351 25.880589097738266 3.4151633083820343 24.238791137933731 13.161077268421648 3.1645933836698523 4.3513380885124269 20.690943464636799
leaf_count=31 12 54 17 55 8 34 9 19 21 11 22 104 12 114 82 14 22 109
internal_value=0.000591242 0.00315234 0.00614863 0.00221535 -0.00369256 -0.00503557 0.00181608 -0.00110687 -0.00502841 0.000365968 -0.00029417 -0.00172919 0.0058944 -0.00380511 -0.00266288 0.00420944 0.00867495 0.00999557
internal_weight=159.617 100.04 48.0315 18.9397 59.5763 48.0445 11.5318 9.42282 7.29988 52.0088 49.1921 40.0637 9.12846 42.2774 37.3999 16.381 29.0917 25.0423
internal_count=750 432 229 81 318 261 57 48 40 203 192 158 34 227 196 69 148 131
is_linear=0
shrinkage=0.01


Tree=137
num_leaves=21
num_cat=0
split_feature=43 26 17 41 56 65 58 67 27 4 4 37 41 7 33 26 17 68 26 30
split_gain=17.2028 8.16738 4.61089 4.4224 4.38612 4.55795 4.15411 5.53217 4.82237 4.13042 3.85612 4.25529 3.51101 4.55283 3.10014 2.80266 2.66552 2.63713 2.53731 1.53931
threshold=17075.645507812504 0.0018064273754134776 23753.500000000004 2.3599539995193486 0.91547101736068737 2.792587518692017 4024320.0000000005 2.9440597295761113 2945024.0000000005 34895.650390625007 2158210.0000000005 -0.1603412330150604 -1.6014001369476316 0.96790245175361644 -1.4635440707206724 0.0021428598556667571 169030.50000000003 28.418855667114261 0.0028571435250341897 0.32573550939559942
decision_type=2 2 2 2 2 2 2 2 2 2 2 2 2 2 2 2 2 2 2 2
left_child=3 2 10 4 12 17 7 8 -3 18 11 -2 -1 -14 -4 -9 -7 -6 -8 -16
right_child=1 6 14 -5 5 16 9 15 -10 -11 -12 -13 13 -15 19 -17 -18 -19 -20 -21
leaf_value=-0.013616579712344761 0.00033676527193145039 0.0014432546944900945 0.00025856372172457573 0.008341919294121862 -0.0016386394284075775 -0.0040619812728565638 -0.0065964777044337343 0.004064255778671289 -0.0093607984774298787 -0.013363171381191433 -0.0091649614523927319 0.011273056440410214 -0.0031156443736305261 0.006631141905301138 0.01069909199129903 0.016214932537622372 0.010505799562992531 -0.0096164040576379502 0.0069920320588878516 0.0010506640372139359
leaf_weight=1.9751697033643747 10.953346893191341 29.218851774930954 4.049241557717326 2.8631313741207114 5.4268099963665035 2.8658691197633734 2.8245518058538419 5.1448643952608091 4.8100240230560294 3.9767675250768661 2.5331033766269675 5.4170454442501077 13.480814859271051 7.4197266250848761 22.870197921991352 3.3224431425333023 2.1733773648738861 23.220123931765556 2.6759807020425797 2.0328431874513617
leaf_count=10 47 114 17 11 32 13 11 19 20 17 11 23 63 30 121 12 10 149 10 10
internal_value=0.000586928 0.00312811 0.00611029 -0.00366522 -0.0042907 -0.00659008 0.000362955 0.0017161 -5.45249e-05 -0.00559904 0.00219745 0.00401673 -0.000860966 0.000296635 0.00863052 0.0089501 0.00202252 -0.00814002 0 0.00995164
internal_weight=159.254 99.8293 47.8558 59.425 56.5619 33.6862 51.9735 42.4962 34.0289 9.4773 18.9035 16.3704 22.8757 20.9005 28.9523 8.46731 5.03925 28.6469 5.50053 24.903
internal_count=750 432 229 318 307 204 203 165 134 38 81 70 103 93 148 31 23 181 21 131
is_linear=0
shrinkage=0.01


Tree=138
num_leaves=21
num_cat=0
split_feature=54 58 26 17 8 34 46 31 38 11 41 57 51 62 71 2 71 62 47 1
split_gain=16.927 8.23138 5.32209 4.97272 4.82653 4.3572 4.30674 6.21781 4.21483 3.93384 3.47983 5.76285 3.58483 3.38309 3.33756 2.90183 3.0772 2.80167 1.51415 0.34335
threshold=9.9986486434936541 -2799615.9999999995 0.0014285732759162786 15237.500000000002 1.0984500050544741 0.30619779229164129 0.8971768617630006 0.82155835628509533 -2.0078655481338497 18.439999580383304 1.8433930277824404 1.3576353788375857 0.0014012170140631499 0.077738929539918913 670763.37500000012 49838206.000000007 265704.06250000006 0.28254967927932745 0.86673143506050121 586563.00000000012
decision_type=2 2 2 2 2 2 2 2 2 2 2 2 2 2 2 2 2 2 2 2
left_child=1 5 3 9 6 13 7 -4 19 -2 12 -12 -10 -1 -15 18 -17 -11 -5 -3
right_child=2 8 4 15 -6 -7 -8 -9 10 17 11 -13 -14 14 -16 16 -18 -19 -20 -21
leaf_value=0.016356152257433487 -0.0098107754573540547 -0.0078784170148131286 0.00042743596786591013 0.011958102336608406 0.011242746299069569 -0.0069235016527857953 0.0067467243074603176 -0.012722322898344095 -0.0021695820979326795 0.0067206179593588466 0.012963435200615879 -0.0048842547596772709 -0.0074898858881084418 -0.002831326699630553 0.010173391280820199 -0.0047617452936302863 0.0094683117393055943 -0.0033987034908578313 0.0037335546509744888 -0.015192083089703852
leaf_weight=3.2359760701656324 2.3578544110059765 1.7663822919130314 11.20398375391961 18.1427999585867 3.6792538315057746 2.4443956613540641 5.1834990233182898 5.2027797102928153 46.988737143576145 10.450220555067061 3.4711932986974707 3.6781690120697021 17.82342404872179 3.648346871137619 4.0819517821073532 2.7744678556919089 3.2274145781993866 3.5604455918073645 2.9784057140350333 3.0063502043485641
leaf_count=12 11 10 43 99 14 12 19 22 234 44 14 18 97 15 15 12 16 15 14 14
internal_value=0.000582471 -0.00226075 0.00432444 0.00644766 0.000630566 0.00493651 -0.00113157 -0.00368156 -0.00353163 0.00201598 -0.00291 0.00364137 -0.0036481 0.00767132 0.0039064 0.00908526 0.00272362 0.00407768 0.0108457 -0.0126948
internal_weight=158.906 90.1449 68.7611 43.4916 25.2695 13.4107 21.5903 16.4068 76.7343 16.3685 71.9615 7.14936 64.8122 10.9663 7.7303 27.1231 6.00188 14.0107 21.1212 4.77273
internal_count=750 441 309 211 98 54 84 65 387 70 363 32 331 42 30 141 28 59 113 24
is_linear=0
shrinkage=0.01


Tree=139
num_leaves=21
num_cat=0
split_feature=43 26 17 11 67 56 46 56 8 7 11 62 39 47 3 4 22 45 39 70
split_gain=16.6961 7.93968 4.53528 4.43536 4.32534 4.90249 4.5636 4.63047 4.23079 4.10087 4.21309 4.50661 4.3953 3.43328 3.43293 3.14851 2.49216 1.5343 1.38489 0.212805
threshold=17075.645507812504 0.0018064273754134776 23753.500000000004 18.439999580383304 4.3067798614501962 4.7468304634094247 0.8971768617630006 0.8114321529865266 0.68068501353263866 2.9118626117706303 67.865001678466811 0.24776395410299304 5.4530375003814706 -0.96259611845016468 80037.000000000015 8516.0446777343768 -63252.189453124993 0.12081780284643175 -0.1001760959625244 83925.984375000015
decision_type=2 2 2 2 2 2 2 2 2 2 2 2 2 2 2 2 2 2 2 2
left_child=4 2 3 -2 5 13 7 -6 -9 10 11 -3 -12 -1 -15 -5 -4 -18 -7 -20
right_child=1 9 16 15 6 18 -8 8 -10 -11 12 -13 -14 14 -16 -17 17 -19 19 -21
leaf_value=-0.012231898142674258 -0.010019707054388583 -0.0037128674760207874 -0.00044471453794308843 0.011337160223681511 0.011815151195464231 -0.0037810428072107744 0.015237770773342542 -0.013615556117515509 0.0015989676349325056 0.012154996560182648 0.00027583939927130314 0.0039107474148527077 0.014823205823687197 0 -0.0067164106707242625 0.0013335357106943233 0.0074036978452944255 0.012678633678189324 -0.011966276323507987 -0.018281160629730838
leaf_weight=3.8796749114990225 2.5400606393814114 29.599478334188461 2.5857744514942196 4.4345496147871044 2.1199838966131193 2.2977723181247711 2.0874039232730857 3.1828237548470497 4.0610531270503998 2.7938128411769858 5.699658274650572 10.398064687848089 3.4046826809644699 22.5793322250247 11.262867107987402 11.86281807720661 15.978133499622347 10.116975948214529 6.2051842436194402 1.4849480539560316
leaf_count=25 12 118 11 19 8 15 9 19 21 11 22 40 12 110 61 50 84 53 44 6
internal_value=0.000577768 0.00308634 0.00604106 0.00215762 -0.00362072 -0.00495116 0.00183498 -0.00104599 -0.00494796 0.000361582 -0.000289077 -0.00170597 0.00582585 -0.00326418 -0.00220658 0.0041169 0.00855681 0.00948709 -0.0112223 -0.0133157
internal_weight=158.575 99.414 47.5183 18.8374 59.161 47.7098 11.4513 9.36386 7.24388 51.8957 49.1019 39.9975 9.10434 37.7219 33.8422 16.2974 28.6809 26.0951 9.9879 7.69013
internal_count=750 432 229 81 318 261 57 48 40 203 192 158 34 196 171 69 148 137 65 50
is_linear=0
shrinkage=0.01


Tree=140
num_leaves=21
num_cat=0
split_feature=54 58 26 17 8 46 31 28 3 39 11 61 69 46 66 2 71 4 51 47
split_gain=16.4088 8.04908 5.18139 4.86866 4.71662 4.20616 6.10705 4.15165 4.94334 5.02298 3.80165 3.55163 3.67741 3.77243 3.26773 2.90023 3.02772 2.81803 2.71007 1.51714
threshold=9.9986486434936541 -2799615.9999999995 0.0014285732759162786 15237.500000000002 1.0984500050544741 0.8971768617630006 0.82155835628509533 38.875000000000007 -2020072.4999999998 3.5097037553787236 18.439999580383304 23.916666984558109 91.80475234985353 0.14691904187202456 3.4517346620559697 49838206.000000007 265704.06250000006 356117.43750000006 0.0020773275755345826 0.86673143506050121
decision_type=2 2 2 2 2 2 2 2 2 2 2 2 2 2 2 2 2 2 2 2
left_child=1 11 3 10 5 6 -4 14 -9 -10 -2 -1 13 -13 18 19 -17 -12 -3 -5
right_child=2 7 4 15 -6 -7 -8 8 9 -11 17 12 -14 -15 -16 16 -18 -19 -20 -21
leaf_value=0.01430767593865959 -0.0096775346872675604 -0.0050757834182643766 0.00043220691945198723 0.011901776523193592 0.011141253280276729 0.0066749295422931188 -0.012614065062580455 -0.014532966505897013 -0.0012232325759711804 0.011027097817907512 0.0079412604053031716 -0.01038585951573842 0.0086066203645233791 0.0060723703249765939 0.006903163064853635 -0.004778188317252287 0.0093773846866162056 -0.00099660387292935379 -0.01271591958293947 0.0036485300940827694
leaf_weight=3.1123356372117987 2.3421624898910549 35.809072598814964 11.193670168519029 17.919177785515792 3.6628382056951514 5.1756889820098868 5.1879035383462897 2.4268606752157202 26.863263368606571 3.8185133785009375 7.9464392215013486 3.2852832823991758 4.6321693062782288 2.3418384343385696 1.944179132580756 2.7723375558853141 3.1928668022155762 6.0230030119419098 5.6132495030760756 2.9636520296335211
leaf_count=11 11 185 43 99 14 19 22 12 135 16 34 15 18 10 8 12 16 25 31 14
internal_value=0.000573392 -0.00222869 0.00426978 0.00637663 0.000624637 -0.00111588 -0.00363839 -0.00348791 -0.00078597 0.000268795 0.00198851 0.00489825 0.00194627 -0.00335873 -0.00552767 0.00900539 0.00263092 0.00401607 -0.00613526 0.0107784
internal_weight=158.227 89.8468 68.3797 43.1596 25.2201 21.5573 16.3816 76.4751 33.1086 30.6818 16.3116 13.3716 10.2593 5.62712 43.3665 26.848 5.9652 13.9694 41.4223 20.8828
internal_count=750 441 309 211 98 84 65 387 163 151 70 54 43 25 224 141 28 59 216 113
is_linear=0
shrinkage=0.01


Tree=141
num_leaves=14
num_cat=0
split_feature=43 54 27 27 56 41 54 22 44 34 31 24 34
split_gain=16.1852 6.74953 4.50668 5.2288 4.55768 4.26573 4.37022 6.37005 3.93574 3.73052 3.02126 2.03035 1.99343
threshold=17075.645507812504 0.19414236396551135 -98551807.999999985 -70199295.999999985 13.398769855499269 2.3599539995193486 0.75373369455337536 7756.1914062500009 703328.68750000012 -0.64827111363410939 4.5010938644409189 373.50000000000006 -0.86372974514961232
decision_type=2 2 2 2 2 2 2 2 2 2 2 2 2
left_child=5 -2 12 -4 -5 6 7 9 10 -1 -8 -9 -3
right_child=1 2 3 4 -6 -7 8 11 -10 -11 -12 -13 -14
leaf_value=-0.0052568026043477338 -0.0089096259482082125 0 0.016842694451208059 0.00078297546056895601 0.0055450613058681091 0.0082384205016325165 -0.010052874191959937 -0.010186297339461329 0.0045897206771043286 0.0048934203448797228 -0.0016302130531414311 0.00081737471218281939 -0.012349763617892678
leaf_weight=4.898852184414868 4.4618942141532889 3.3842647224664688 3.1856743246316901 33.570713594555855 52.146557584404945 2.8522627502679816 19.771339237689979 7.7928663790225965 2.5609155446290961 13.291250199079514 5.8073875308036795 1.9278197288513181 2.2240500301122657
leaf_count=24 19 14 12 137 240 11 128 44 11 57 34 9 10
internal_value=0.000569081 0.00304462 0.00361956 0.00417417 0.00369168 -0.00357354 -0.00419247 -0.00134419 -0.00698204 0.00210485 -0.00817969 -0.00790116 -0.00499382
internal_weight=157.876 98.9732 94.5113 88.9029 85.7173 58.9027 56.0504 27.9108 28.1396 18.1901 25.5787 9.72069 5.60831
internal_count=750 432 413 389 377 318 307 134 173 81 162 53 24
is_linear=0
shrinkage=0.01


Tree=142
num_leaves=19
num_cat=0
split_feature=43 26 17 41 54 22 7 67 2 13 44 4 37 34 46 33 62 57
split_gain=15.8904 7.67567 4.44953 4.18962 4.30998 6.26543 4.01444 4.02076 5.9245 5.66487 3.87645 3.71902 4.17767 3.65578 3.5317 3.09327 2.99324 1.56803
threshold=17075.645507812504 0.0018064273754134776 23753.500000000004 2.3599539995193486 0.75373369455337536 7756.1914062500009 2.9118626117706303 2.9440597295761113 5084850.0000000009 118179784.00000001 703328.68750000012 2158210.0000000005 -0.1603412330150604 -0.64827111363410939 1.393467962741852 -1.4635440707206724 0.32647289335727697 1.6530030965805056
decision_type=2 2 2 2 2 2 2 2 2 2 2 2 2 2 2 2 2 2
left_child=3 2 11 4 5 13 7 8 -3 -9 16 12 -2 -1 -7 -4 -6 -17
right_child=1 6 15 -5 10 14 -8 9 -10 -11 -12 -13 -14 -15 -16 17 -18 -19
leaf_value=-0.0052143075844696277 0.00023485110707405872 0.0034641876802964152 7.1241886777314819e-05 0.0081637690676594193 -0.011081830727401565 -0.011396920746721415 0.012051560746272965 0 -0.004783271976136527 0.015368243470499957 0.0045493127478058318 -0.0090878214462038389 0.011133912830873038 0.0048385795695470007 0.0021733310747872334 0.0052747509051657556 -0.003949748372382704 0.011374367625273536
leaf_weight=4.889435857534413 10.863397568464283 13.333033651113508 4.0180398076772716 2.8495746403932563 14.7950004413724 7.226708270609377 2.7746739685535422 7.45339687168598 24.665442541241646 3.5613666623830795 2.5578409284353247 2.5227460861206046 5.3437839448452005 13.307393714785576 2.4540725201368332 6.4516262263059643 10.682455100119112 17.867648735642433
leaf_count=24 47 51 17 11 96 42 11 28 100 13 11 11 23 57 11 34 66 97
internal_value=0.000564251 0.00301775 0.00594198 -0.00354621 -0.00416088 -0.00133207 0.000340762 -0.000301792 -0.00186306 0.00499344 -0.00693812 0.00208876 0.00389016 0.00208244 -0.00785357 0.00845352 -0.00813067 0.00979733
internal_weight=157.618 98.8552 47.0672 58.7625 55.9129 27.8776 51.7879 49.0132 37.9985 11.0148 28.0353 18.7299 16.2072 18.1968 9.68078 28.3373 25.4775 24.3193
internal_count=750 432 229 318 307 134 203 192 151 41 173 81 70 81 53 148 162 131
is_linear=0
shrinkage=0.01


Tree=143
num_leaves=23
num_cat=0
split_feature=11 26 54 34 33 37 17 19 25 63 24 45 60 52 2 61 49 49 55 1 47 14
split_gain=15.6235 10.6931 5.09055 3.47759 3.7293 3.02708 7.13135 4.57519 4.55062 4.53838 3.82969 2.92221 2.91915 2.83536 2.83155 2.25892 1.76526 5.69506 1.4534 1.36884 0.744525 0.51155
threshold=18.439999580383304 0.0018064273754134776 4.3088910579681405 -1.3675611019134519 -1.2964009046554563 1.0000000180025095e-35 30398.000000000004 78241.882812500015 37422.500000000007 0.32494381070137029 131.50000000000003 -0.91951358318328846 0.000398258533095941 0.0023366905516013507 120230476.00000001 365.07525634765631 -0.5360581874847411 -0.27701939642429346 0.75939843058586132 853253.50000000012 0.19636292010545733 0.18500000238418582
decision_type=2 2 2 2 2 2 2 2 2 2 2 2 2 2 2 2 2 2 2 2 2 2
left_child=5 2 -2 -3 20 6 16 10 9 12 -8 -6 -7 18 15 -4 21 -18 -10 -11 -5 -1
right_child=1 3 14 4 11 8 7 -9 13 19 -12 -13 -14 -15 -16 -17 17 -19 -20 -21 -22 -23
leaf_value=-0.004980186729858469 -0.0083441487477614006 0.0086026877786887068 0.0090370705006961038 -0.012995168586329525 0.010724400318166103 -0.012461426503744188 -5.0705288129040053e-05 -0.0098758618230373723 -0.012931490621907932 0.01236800289219543 0.0089190856771246083 -0.0005030221533682454 0.0038786559167462908 -0.00069880033292474947 -0.0023463386009646894 0.0024089592753415725 0.008533491979354697 -0.012539243254991748 -0.0042092328845864816 5.5299037012124926e-05 -0.0044277571458846638 -0.013344932716402094
leaf_weight=1.365821376442909 2.1183789521455756 4.2677656561136237 34.016886904835701 2.5478526353836051 2.4551599472761145 3.195374473929407 11.356470562517648 2.878306344151496 10.668550685048105 2.3758223876357079 7.9320027306675902 40.951551720499992 1.5431997105479238 3.4319178089499465 2.6793038845062247 6.5679252892732611 2.2070114016532898 2.9740994051098806 2.7778311446309081 1.7249340265989301 2.4773324877023697 4.767014242708683
leaf_count=7 9 16 174 11 9 20 57 16 66 10 34 160 8 18 12 29 10 18 18 10 10 28
internal_value=0.000560153 0.00301419 0.00657241 -3.10052e-05 -0.000812444 -0.0034889 -0.00146748 0.00179298 -0.00608162 -0.000153158 0.0035861 0.000108983 -0.00692896 -0.00912717 0.00732589 0.00798907 -0.00794391 -0.00336983 -0.011204 0.00743267 -0.00897058 -0.0116451
internal_weight=157.281 98.0822 45.3825 52.6997 48.4319 59.1984 33.4807 22.1668 25.7176 8.83933 19.2885 43.4067 4.73857 16.8783 43.2641 40.5848 11.3139 5.18111 13.4464 4.10076 5.02519 6.13284
internal_count=750 430 224 206 190 320 170 107 150 48 91 169 28 102 215 203 63 28 84 20 21 35
is_linear=0
shrinkage=0.01


Tree=144
num_leaves=19
num_cat=0
split_feature=43 26 17 11 67 68 7 11 2 10 21 56 72 56 71 33 57 29
split_gain=15.3992 7.45806 4.38826 4.1789 4.12387 5.01666 3.95268 4.0063 5.98944 4.3572 3.92283 3.56706 3.55881 5.41531 3.1563 3.07233 2.4539 1.65966
threshold=17075.645507812504 0.0018064273754134776 23753.500000000004 18.439999580383304 4.3067798614501962 80.42596817016603 2.9118626117706303 67.865001678466811 5084850.0000000009 0.0007524999964516611 -76026.499999999985 2.1094585657119755 -2536367.9999999995 0.99593469500541698 611104.12500000012 -1.4635440707206724 1.4043642878532412 0.31856721639633184
decision_type=2 2 2 2 2 2 2 2 2 2 2 2 2 2 2 2 2 2
left_child=4 2 3 -2 5 10 7 8 -3 -9 -1 -12 13 -6 -5 -4 -14 -17
right_child=1 6 15 14 12 -7 -8 9 -10 -11 11 -13 16 -15 -16 17 -18 -19
leaf_value=-0.012221904629604145 -0.0098401030204468692 0.0035078101189759104 2.1922538942280131e-05 0.0017101655307188066 0.0072326226943191085 -0.013736234916646495 0.011984583432692139 0.011964302302582039 -0.0045699244419714754 -0.0017764903468494389 -0.00012698570912235847 -0.0067097611539373029 -0.0017959021847702089 -0.01348076574239891 0.01308155706711632 0.010493016680606546 0.011223318265537739 0.00011775560403308525
leaf_weight=4.7114652767777434 2.5137637853622463 14.136911213397978 4.0096718966960934 13.04837788641453 2.1960224658250809 5.6251207292079917 2.7627568840980521 4.9942881017923337 25.7568519115448 4.0850109755992889 23.999498419463634 12.790831089019774 2.0013634562492353 2.857622928917408 3.0948873460292807 22.210955217480663 4.2937017232179642 1.8669204711914051
leaf_count=31 12 54 17 55 9 34 11 18 104 16 114 82 10 19 14 122 19 9
internal_value=0.000555286 0.00297442 0.0058709 0.00204026 -0.00350174 -0.00481088 0.000338052 -0.000298553 -0.0016824 0.00567182 -0.00357705 -0.00244279 0.0018465 -0.00428205 0.00395216 0.00837979 0.00692532 0.00973008
internal_weight=156.956 98.4804 46.7446 18.657 58.4756 47.1269 51.7358 48.9731 39.8938 9.0793 41.5018 36.7903 11.3487 5.05365 16.1433 28.0875 6.29507 24.0779
internal_count=750 432 229 81 318 261 203 192 158 34 227 196 57 28 69 148 29 131
is_linear=0
shrinkage=0.01


Tree=145
num_leaves=21
num_cat=0
split_feature=43 26 17 11 41 54 22 58 67 62 4 44 34 46 71 33 31 66 26 29
split_gain=15.1342 7.35152 4.3389 4.10779 4.08323 4.23787 6.10183 3.96015 5.16425 4.57381 4.03181 3.75423 3.55726 3.4798 3.12309 3.04315 3.00697 2.72444 2.49264 1.64568
threshold=17075.645507812504 0.0018064273754134776 23753.500000000004 18.439999580383304 2.3599539995193486 0.75373369455337536 7756.1914062500009 4024320.0000000005 2.9440597295761113 0.24776395410299304 34895.650390625007 703328.68750000012 -0.64827111363410939 1.393467962741852 611104.12500000012 -1.4635440707206724 4.5010938644409189 3.4517346620559697 0.0028571435250341897 0.31856721639633184
decision_type=2 2 2 2 2 2 2 2 2 2 2 2 2 2 2 2 2 2 2 2
left_child=4 2 3 -2 5 6 12 8 9 -3 18 16 -1 -8 -5 -4 -7 -10 -9 -17
right_child=1 7 15 14 -6 11 13 10 17 -11 -12 -13 -14 -15 -16 19 -18 -19 -20 -21
leaf_value=-0.0051363068283549031 -0.0097765368583550664 -0.0024285459857337432 2.1703343464634391e-05 0.0016938975212593783 0.0080932406390496654 -0.0099328042856134825 -0.011310252034564728 -0.0065166577025537664 0.013464617346195867 0.005670811019518952 -0.013211306557828229 0.0044686005412054534 0.0047994959609165763 0.0021995194058658531 0.013036077656521762 0.010453004282159917 -0.0014852189952805554 0.0015340227394412549 0.006976239578614719 0.00011658260097226264
leaf_weight=4.8627619296312377 2.5048518478870418 24.05305278301239 4.0096527487039593 13.041988074779512 2.8436341136693946 19.440210126340396 7.1364165991544706 2.8144343942403776 4.9484352320432645 9.814364552497862 3.9447260797023773 2.5433206409215918 13.296646878123283 2.4448558539152145 3.0747288763523093 22.073704302310947 5.7518398314714423 3.4568096548318863 2.6659059226512909 1.8668440282344807
leaf_count=24 12 96 17 55 11 128 42 11 18 38 17 11 57 11 14 122 34 13 10 9
internal_value=0.000551035 0.0029515 0.00583458 0.00202375 -0.00347663 -0.00408771 -0.00127959 0.000334935 0.00166001 -5.19242e-05 -0.0055021 -0.00686032 0.0020838 -0.00775859 0.00391979 0.00833773 -0.00804375 0.00867692 0 0.00968876
internal_weight=156.589 98.2695 46.5718 18.6216 58.3197 55.4761 27.7407 51.6977 42.2727 33.8674 9.42507 27.7354 18.1594 9.58127 16.1167 27.9502 25.192 8.40524 5.48034 23.9405
internal_count=750 432 229 81 318 307 134 203 165 134 38 173 81 53 69 148 162 31 21 131
is_linear=0
shrinkage=0.01


Tree=146
num_leaves=21
num_cat=0
split_feature=54 58 26 17 8 34 38 46 45 63 38 50 39 40 62 71 2 71 47 1
split_gain=14.9392 7.76862 4.89551 4.70162 4.57901 4.25937 4.1786 4.04475 5.94895 3.6314 5.30361 3.38956 4.80757 4.06703 3.29848 3.21868 2.92288 2.95023 1.55801 0.340661
threshold=9.9986486434936541 -2799615.9999999995 0.0014285732759162786 15237.500000000002 1.0984500050544741 0.30619779229164129 -2.0078655481338497 0.8971768617630006 -0.77685987949371327 0.086275752633810057 0.44168242812156683 0.00018708148127188909 5.1128616333007821 2.2176516056060795 0.077738929539918913 670763.37500000012 49838206.000000007 265704.06250000006 0.86673143506050121 586563.00000000012
decision_type=2 2 2 2 2 2 2 2 2 2 2 2 2 2 2 2 2 2 2 2
left_child=1 5 3 9 7 14 19 8 -4 -2 -11 13 -13 -8 -1 -16 18 -18 -5 -3
right_child=2 6 4 16 -6 -7 11 -9 -10 10 -12 12 -14 -15 15 -17 17 -19 -20 -21
leaf_value=0.016206662585426287 0.010539693501012829 -0.00771193881163323 0.0069415440601937918 0.011779512411584177 0.010978009520063508 -0.0069511298978949324 -0.00040429551753672663 0.0064995651860148161 -0.0070791739575223889 -0.0045992297456975686 0.010314208672695217 -0.0076148326003758924 0.0072832064467826538 -0.011431088783629721 -0.0027810338390650514 0.0100311691320457 -0.0049190830121715887 0.0091664749940332645 0.003354078707074722 -0.015066936333456878
leaf_weight=3.2061350047588331 3.7194004654884365 1.7230770736932743 3.9403874278068605 17.389070138335235 3.6274380981922141 2.4034467786550513 44.85755929350853 5.1542719900608054 12.378706932067873 9.2063802480697614 3.2066013514995566 19.995998561382297 2.3611742556095114 3.6382422521710387 3.6213345378637314 4.0551964640617371 2.760704740881919 3.1088555753231049 2.9106118381023398 2.9738062471151352
leaf_count=12 17 10 15 99 14 12 220 19 50 39 14 115 9 19 15 15 12 16 14 14
internal_value=0.000547009 -0.00213908 0.00410209 0.00618054 0.000559501 0.00488189 -0.00338701 -0.0011539 -0.00363247 0.00185544 -0.000666133 -0.00276338 -0.0059967 -0.00125217 0.00758712 0.00385686 0.0088086 0.00237107 0.0106207 -0.0125816
internal_weight=156.238 88.836 67.4024 42.3016 25.1008 13.2861 75.5499 21.4734 16.3191 16.1324 12.413 70.853 22.3572 48.4958 10.8827 7.67653 26.1692 5.86956 20.2997 4.69688
internal_count=750 441 309 211 98 54 387 84 65 70 53 363 124 239 42 30 141 28 113 24
is_linear=0
shrinkage=0.01


Tree=147
num_leaves=18
num_cat=0
split_feature=54 50 26 17 8 55 9 33 17 46 31 63 38 2 70 47 33
split_gain=14.6854 5.1462 4.83191 4.65365 4.49906 4.29467 3.98293 5.48017 4.15577 3.96644 5.89628 3.57926 5.21378 2.8999 2.92219 1.55321 0.894376
threshold=9.9986486434936541 -0.11157178133726119 0.0014285732759162786 15237.500000000002 1.0984500050544741 -1.1808445453643797 305827216.00000006 -0.24654242396354673 902602.50000000012 0.8971768617630006 0.82155835628509533 0.086275752633810057 0.44168242812156683 49838206.000000007 303004.35937500006 0.86673143506050121 1.0000000180025095e-35
decision_type=2 2 2 2 2 2 2 2 2 2 2 2 2 2 2 2 2
left_child=1 -1 3 11 9 16 8 -8 -7 10 -4 -2 -13 15 -15 -5 -3
right_child=2 5 4 13 -6 6 7 -9 -10 -11 -12 12 -14 14 -16 -17 -18
leaf_value=0.010224083982387906 0.010489056501052764 -0.01353371079139893 0.00040265363337235825 0.011747935527710042 0.010897672105235002 -0.0039126429122220566 -0.0041861333507381615 0.0067166958352680483 0.0064611985237107619 0.0064393665892831841 -0.012449860036032641 -0.0045519067385452064 0.010260225271948793 -0.0046824232082840747 0.0093345561791483463 0.0033256959546600112 -0.0053613166361935949
leaf_weight=3.2212193608283988 3.700079798698428 3.9480699822306624 11.157361313700685 17.262088328599937 3.617686688899993 55.877083890140057 7.913117557764056 10.845065243542193 4.0798209160566321 5.1504514664411536 5.1541587412357321 9.2090577334165555 3.1913146674633017 2.8452024459838858 3.0093742460012436 2.9061202108860007 2.8189836218953133
leaf_count=12 17 24 43 99 14 289 35 46 16 19 22 39 14 13 15 14 19
internal_value=0.000542738 -0.00212123 0.00407388 0.00614537 0.000554792 -0.00259814 -0.00192528 0.00206404 -0.00319007 -0.00114204 -0.00359721 0.00184064 -0.000659268 0.0087703 0.00235179 0.0105839 -0.0102771
internal_weight=155.906 88.7034 67.2029 42.1232 25.0797 85.4821 78.7151 18.7582 59.9569 21.462 16.3115 16.1005 12.4004 26.0228 5.85458 20.1682 6.76705
internal_count=750 441 309 211 98 429 386 81 305 84 65 70 53 141 28 113 43
is_linear=0
shrinkage=0.01


Tree=148
num_leaves=17
num_cat=0
split_feature=54 50 26 17 8 55 9 33 17 47 45 63 38 33 33 33
split_gain=14.4348 5.05001 4.76801 4.60551 4.4207 4.24182 3.90815 5.37688 4.07797 3.87064 5.0383 3.52791 5.12556 2.60115 1.1027 0.888674
threshold=9.9986486434936541 -0.11157178133726119 0.0014285732759162786 15237.500000000002 1.0984500050544741 -1.1808445453643797 305827216.00000006 -0.24654242396354673 902602.50000000012 -1.3820436000823972 -0.77685987949371327 0.086275752633810057 0.44168242812156683 -1.4635440707206724 1.0778947472572329 1.0000000180025095e-35
decision_type=2 2 2 2 2 2 2 2 2 2 2 2 2 2 2 2
left_child=1 -1 3 11 9 15 8 -8 -7 -4 -11 -2 -13 -5 -15 -3
right_child=2 5 4 13 -6 6 7 -9 -10 10 -12 12 -14 14 -16 -17
leaf_value=0.010130922577873095 0.010438814221479067 -0.013489486641421883 0.0086274639132787254 0.0015408699598891749 0.010818223323230403 -0.0038789340590075715 -0.0041449817532578275 0.0066574352070103539 0.0063982392486268361 0.0068801583817756796 -0.0058325552386001974 -0.0045051163414671922 0.010206678968051759 0.011426098766840909 0.0053773367219820739 -0.0053234779087118636
leaf_weight=3.2183468341827384 3.6808062940835979 3.9215363562107077 3.3728935867548051 4.4852613955736187 3.6078617721796027 55.79943535476923 7.9117692857980755 10.832250200212 4.0787723660469046 3.9380774050951066 14.134459570050234 9.2116436064243299 3.1760530173778525 16.865115448832515 4.5282297432422629 2.8106723576784134
leaf_count=12 17 24 12 19 14 289 35 46 16 15 57 39 14 95 27 19
internal_value=0.000538699 -0.00210315 0.00404608 0.00611017 0.000550217 -0.00257616 -0.00190817 0.00204443 -0.00316217 -0.00113059 -0.00300707 0.00182597 -0.000652468 0.00873167 0.0101925 -0.0102287
internal_weight=155.573 88.5728 67.0004 41.9471 25.0533 85.3544 78.6222 18.744 59.8782 21.4454 18.0725 16.0685 12.3877 25.8786 21.3933 6.73221
internal_count=750 441 309 211 98 429 386 81 305 84 72 70 53 141 122 43
is_linear=0
shrinkage=0.01


Tree=149
num_leaves=25
num_cat=0
split_feature=11 26 34 33 31 17 71 45 3 45 31 22 2 41 60 56 50 34 28 38 27 8 47 6
split_gain=14.0152 9.93189 3.42237 3.61143 3.50855 3.37983 3.36455 5.70751 2.98938 5.27802 6.32143 6.25472 6.18253 5.10831 3.99512 5.65831 3.58305 2.35738 4.19757 2.28049 2.27537 1.24283 0.732329 0.670774
threshold=18.439999580383304 0.0018064273754134776 -1.3675611019134519 -1.2964009046554563 2.1005116701126103 26539.500000000004 643241.03125000012 -0.70477455854415882 -82046.999999999985 -0.39014165103435511 -0.1785253435373306 -28223.929687499996 558574.00000000012 0.64198589324951183 -0.00054243014892563213 1.5756984353065493 -0.00074193577165715386 -1.134804844856262 -1882.9999999999998 1.5667607188224795 -962559.99999999988 0.81990548968315136 0.19636292010545733 -62328348671.999992
decision_type=2 2 2 2 2 2 2 2 2 2 2 2 2 2 2 2 2 2 2 2 2 2 2 2
left_child=8 5 -3 22 -5 6 7 -2 9 13 12 -12 -11 19 -10 16 -16 18 -7 -1 -17 -15 -4 -19
right_child=1 2 3 4 -6 17 -8 -9 14 10 11 -13 -14 21 15 20 -18 23 -20 -21 -22 -23 -24 -25
leaf_value=-0.01273521247584025 0.0062840794740024446 0.0085237594587479031 -0.012882476072410902 0.0012900464474458523 -0.0067209075784968979 0.011839492576490336 0.012845004959199388 -0.0058010192947846075 -0.012746830569717775 0.0095249520748550941 -0.0012481429558236874 0.015277808023871469 -0.01013207411377089 -0.0031799381712643232 0.010024260121246711 0.0012148905260971172 -0.0022793525260935074 0.0050405682565610914 -0.0051621895267303097 0 -0.011904281274779462 0.0075761066109852736 -0.0043590994097415974 0.011224448267142004
leaf_weight=7.0747142657637614 9.3624941259622609 4.2556835711002341 2.5333592295646659 36.822065830230713 6.4165460616350165 2.7712831795215607 2.9986367076635352 6.6582699418067941 6.2842163667082813 2.257320880889897 3.8392666727304459 5.3171582221984828 5.2494552135467529 1.7146229669451702 3.0613355189561871 1.4366197288036344 10.30767262727022 2.6590151041746166 2.9614852070808437 1.7159610390663145 7.6121587529778463 2.521373376250267 2.4663677364587784 16.960731536149979
leaf_count=44 40 16 11 143 26 16 14 28 40 10 18 21 29 10 13 8 51 15 15 10 56 10 10 96
internal_value=0.000534696 0.00287297 -5.21106e-05 -0.000829422 7.81052e-05 0.006356 0.00308776 0.00119906 -0.00332712 -0.00106076 0.00262588 0.0082393 -0.00408791 -0.00585333 -0.00563664 -0.00359889 0.000463221 0.00876839 0.00288217 -0.0102267 -0.00971092 0.00298626 -0.0088779 0.0104373
internal_weight=155.258 96.8659 52.494 48.2383 43.2386 44.3719 19.0194 16.0208 58.3919 29.6899 16.6632 9.15642 7.50678 13.0267 28.702 22.4178 13.369 25.3525 5.73277 8.79068 9.04878 4.236 4.99973 19.6197
internal_count=750 430 206 190 169 224 82 68 320 152 78 39 39 74 168 128 64 142 31 54 64 20 21 111
is_linear=0
shrinkage=0.01


Tree=150
num_leaves=22
num_cat=0
split_feature=43 26 17 41 56 24 1 65 11 58 67 27 4 4 68 26 26 28 43 46 44
split_gain=13.9891 6.91488 4.13128 3.98459 4.25573 4.78899 4.38596 3.93289 3.88349 3.77345 5.02033 4.69333 3.95432 3.06184 2.7059 2.65914 2.42515 2.30029 4.29165 2.02739 1.46305
threshold=17075.645507812504 0.0018064273754134776 23753.500000000004 2.3599539995193486 0.91547101736068737 459.00000000000006 961272.50000000012 2.792587518692017 18.439999580383304 4024320.0000000005 2.9440597295761113 2945024.0000000005 34895.650390625007 8516.0446777343768 28.418855667114261 0.0021428598556667571 0.0028571435250341897 -271.99999999999994 1059252.6250000002 0.71242216229438793 23813.415039062504
decision_type=2 2 2 2 2 2 2 2 2 2 2 2 2 2 2 2 2 2 2 2 2
left_child=3 2 8 4 5 6 -1 14 -2 10 11 -3 16 -10 -6 -12 -11 18 -4 -9 -19
right_child=1 9 17 -5 7 -7 -8 19 13 12 15 -13 -14 -15 -16 -17 -18 20 -20 -21 -22
leaf_value=0.00035050885289071484 -0.009594200701264181 0.0014068730657239936 -0.0021499130054440799 0.0080828451181235907 -0.0010901921880881803 0.012547872809990084 -0.010488317450391705 -0.0039680377309882636 0.011040156604108156 -0.0063764384806376043 0.0037970488631182821 -0.0092969158446940311 -0.013054616883056274 0.0010465078723181503 -0.0093169966665929606 0.01572648713574875 0.0069412301943836486 0.0025834771186070021 0.0095122859657078545 0.0087810701626683182 0.012352329261610789
leaf_weight=15.164120003581052 2.4730305820703533 28.985816270112991 4.9777617752552059 2.8340574204921714 5.2227496206760433 2.4512826502323142 4.8850588500499716 2.6287661194801322 4.301652565598487 2.8095023334026319 5.1196954697370511 4.7685121893882743 3.9210482835769653 11.645471110939978 22.187191642820835 3.2495266050100327 2.662551686167717 2.0618838667869559 8.0888958573341352 2.2916577011346817 12.164568915963171
leaf_count=66 12 114 25 11 32 9 28 12 19 11 19 20 17 50 149 12 10 11 43 11 69
internal_value=0.000530524 0.00285046 0.00568284 -0.00336383 -0.00397372 -0.000584988 -0.00224054 -0.00630119 0.00195173 0.000317747 0.00161407 -7.56375e-05 -0.00538917 0.00380495 -0.00778593 0.00854839 0 0.00816432 0.00499302 0.00176655 0.0110068
internal_weight=154.895 97.2299 45.7133 57.6649 54.8308 22.5005 20.0492 32.3304 18.4202 51.5167 42.1236 33.7543 9.3931 15.9471 27.4099 8.36922 5.47205 27.2931 13.0667 4.92042 14.2265
internal_count=750 432 229 318 307 103 94 204 81 203 165 134 38 69 181 31 21 148 68 23 80
is_linear=0
shrinkage=0.01


Tree=151
num_leaves=23
num_cat=0
split_feature=54 58 26 17 34 2 44 5 47 38 61 1 50 40 58 62 71 2 71 28 47 1
split_gain=13.8035 7.34477 4.60047 4.47744 4.16972 4.1602 5.26449 4.67143 4.53834 4.112 3.35246 4.31987 3.29961 3.97186 3.33418 3.17926 3.14615 2.90499 2.82919 2.65776 1.57663 0.333843
threshold=9.9986486434936541 -2799615.9999999995 0.0014285732759162786 15237.500000000002 0.30619779229164129 3063526.0000000005 757237.50000000012 1197461.0625000002 0.27667139470577246 -2.0078655481338497 55.999979019165046 10908815.500000002 0.00018708148127188909 2.2176516056060795 -1.0000000180025095e-35 0.077738929539918913 670763.37500000012 49838206.000000007 265704.06250000006 -55.624999999999993 0.86673143506050121 586563.00000000012
decision_type=2 2 2 2 2 2 2 2 2 2 2 2 2 2 2 2 2 2 2 2 2 2
left_child=1 4 3 10 15 19 8 -8 -7 21 -2 -12 13 -11 -14 -1 -17 20 -19 -4 -5 -3
right_child=2 9 5 17 -6 6 7 -9 -10 12 11 -13 14 -15 -16 16 -18 18 -20 -21 -22 -23
leaf_value=0.015972668852765156 0.012745813520085135 -0.0075884556003872321 0.00049927347959513222 0.011656737308994688 -0.0069870120820776319 -0.013973214633954746 0.0061822899213223653 -0.0092140391365274892 0.0009124334228500057 -0.00032886852324841439 0.0063665832113495666 -0.0050188416663545154 -0.0016801782218509847 -0.011286420600593806 -0.0095963678177895268 -0.0027734359409642435 0.009913553384029954 -0.0049392251333408525 0.0089579609515323053 0.015020931183533993 0.0031193942881795095 -0.014929130252115111
leaf_weight=3.1765172481536847 2.3765624165534964 1.7007155716419209 2.5315572172403336 16.862393409013755 2.3801646232604972 4.8031619191169757 8.9747289270162565 2.4865178018808356 3.3626073002815247 44.531660974025726 5.8368001282215101 7.7592761069536209 10.507097452878954 3.5959788188338271 11.573748625814913 3.6097629368305206 4.0410624891519547 2.7508888691663733 3.028573602437973 2.8414338082075146 2.8660132884979239 2.9431315213441849
leaf_count=12 11 10 10 99 12 20 34 10 13 220 25 34 57 19 67 15 15 12 16 11 14 14
internal_value=0.000526631 -0.00206266 0.00397144 0.00601614 0.00478191 0.000538839 -0.00155265 0.00275481 -0.00772095 -0.00328373 0.00178487 -5.75243e-05 -0.00266279 -0.00116837 -0.00587476 0.00746142 0.00379696 0.00862649 0.0021702 0.00836497 0.0104672 -0.0124561
internal_weight=154.54 88.0598 66.4805 41.4805 13.2075 25 19.627 11.4612 8.16577 74.8523 15.9726 13.5961 70.2085 48.1276 22.0808 10.8273 7.65083 25.5079 5.77946 5.37299 19.7284 4.64385
internal_count=750 441 309 211 54 98 77 44 33 387 70 59 363 239 124 42 30 141 28 21 113 24
is_linear=0
shrinkage=0.01


Tree=152
num_leaves=22
num_cat=0
split_feature=43 26 17 7 11 2 39 11 56 24 65 62 50 33 31 31 71 33 25 0 57
split_gain=13.5611 6.73937 4.04846 3.82062 3.8873 5.79018 4.16187 3.78309 3.56684 4.49559 4.12004 3.82458 7.69344 6.23136 3.20413 6.33288 3.04005 2.96926 2.58797 2.00177 1.61684
threshold=17075.645507812504 0.0018064273754134776 23753.500000000004 2.9118626117706303 67.865001678466811 5084850.0000000009 5.4530375003814706 18.439999580383304 2.1094585657119755 459.00000000000006 2.792587518692017 0.32909286022186285 -0.00019611859170254317 0.70935297012329113 6.0854976177215585 8.6848063468933123 611104.12500000012 -1.4635440707206724 248857.00000000003 191253.50000000003 1.6530030965805056
decision_type=2 2 2 2 2 2 2 2 2 2 2 2 2 2 2 2 2 2 2 2 2
left_child=8 2 7 4 5 -3 -6 -2 9 11 14 12 -1 -13 18 -16 -9 -4 -10 -12 -19
right_child=1 3 17 -5 6 -7 -8 16 10 -11 19 13 -14 -15 15 -17 -18 20 -20 -21 -22
leaf_value=0.0014876993023410136 -0.0095023099031824355 0.003434865566408739 0 0.011864650394377493 0.00015858995521927507 -0.0045249652010584005 0.014379628336753686 0.0015601455651291251 -0.012268264126756337 0.010394251489264797 0.0091171897423878087 0.0096433774854581128 -0.010246922460294291 -0.0094668959629051353 0.014956481206079481 -0.011681330356242997 0.012883513441851695 0.0047886622795034915 -0.0018982851719162085 -0.0036798642967827478 0.011113048655556155
leaf_weight=10.750806376338009 2.459652632474902 14.077474623918532 3.9638808071613338 2.7163129001855841 5.6485401093959791 25.620157241821289 3.3748642206192017 12.895438000559805 12.686343804001813 3.0365298092365256 2.1753751933574668 5.4230574071407309 11.351302124559879 2.4474004507064819 1.6136394888162606 1.9957173168659208 2.9928351342678061 6.1589266061782864 3.2637136131525031 2.6681955456733704 16.910303503274918
leaf_count=51 12 54 17 11 22 104 12 55 89 12 11 22 66 13 8 14 14 34 20 12 97
internal_value=0.000522327 0.00281134 0.00562156 0.000312557 -0.000310974 -0.00167708 0.00558826 0.00192417 -0.00332039 -0.00114006 -0.00622868 -0.00234196 -0.00449378 0.00357378 -0.00828313 0 0.00375604 0.00809406 -0.010209 0.00186117 0.00946794
internal_weight=154.23 96.8184 45.381 51.4373 48.721 39.6976 9.0234 18.3479 57.4121 33.0091 24.403 29.9726 22.1021 7.87046 19.5594 3.60936 15.8883 27.0331 15.9501 4.84357 23.0692
internal_count=750 432 229 203 192 158 34 81 318 164 154 152 117 35 131 22 69 148 109 23 131
is_linear=0
shrinkage=0.01


Tree=153
num_leaves=22
num_cat=0
split_feature=54 58 26 17 8 34 28 3 61 46 31 64 1 62 70 2 70 31 3 40 28
split_gain=13.396 7.19642 4.48448 4.38763 4.26184 4.10139 3.91893 4.75972 3.97206 3.79576 5.7291 3.3919 4.81628 3.13539 3.15151 2.88921 2.80457 2.48143 8.3689 2.45448 1.11956
threshold=9.9986486434936541 -2799615.9999999995 0.0014285732759162786 15237.500000000002 1.0984500050544741 0.30619779229164129 38.875000000000007 -2020072.4999999998 227.49987792968753 0.8971768617630006 0.82155835628509533 0.088477171957492842 10908815.500000002 0.077738929539918913 859171.06250000012 49838206.000000007 303004.35937500006 4.0942518711090097 -26935.499999999996 -1.138164162635803 -562.09374999999989
decision_type=2 2 2 2 2 2 2 2 2 2 2 2 2 2 2 2 2 2 2 2 2
left_child=1 5 3 11 9 13 17 -8 -9 10 -4 -2 -13 -1 -15 20 -17 19 -19 -3 -5
right_child=2 6 4 15 -6 -7 7 8 -10 -11 -12 12 -14 14 -16 16 -18 18 -20 -21 -22
leaf_value=0.015884243601356346 0.01029383119185154 -0.002011750914264867 0.00041969686467252347 0.0066660416269519532 0.010666481988552974 -0.0069502475479730668 -0.014270301451539116 0.0062795397174239057 -0.0017951018968260669 0.0063128824701821767 -0.012283393876658999 0.0060742319125868137 -0.0064696419928564142 -0.0024168311072429848 0.010273635427350429 -0.0047677952945917972 0.0090946797113682972 0.0099630723800888509 -0.0094805293529725745 -0.0082183370604620772 0.012199695391986199
leaf_weight=3.1620655655860883 3.6158614605665198 9.312892980873583 11.124900430440912 6.501913174986842 3.5750887691974631 2.3690497055649749 2.3634801656007758 8.4672218114137667 21.537605002522469 5.1328226625919333 5.1199602186679831 5.6129326969385129 6.6888608485460281 3.8361324071884155 3.8010808378458023 2.8265889734029761 2.9215107709169388 4.0860560238361359 4.8182543367147428 23.99546480178833 12.999477982521059
leaf_count=12 17 46 43 36 14 12 12 35 116 19 22 24 29 16 14 13 15 18 30 130 77
internal_value=0.000518589 -0.00203519 0.00392289 0.00595295 0.000533613 0.00474936 -0.0032465 -0.000593776 0.000450196 -0.00111418 -0.00352243 0.00176162 -0.000664966 0.00740852 0.00376834 0.00855563 0.00210393 -0.0052569 -0.000445844 -0.00651302 0.010406
internal_weight=153.869 87.7493 66.1199 41.1671 24.9528 13.1683 74.581 32.3683 30.0048 21.3777 16.2449 15.9177 12.3018 10.7993 7.63721 25.2495 5.7481 42.2127 8.90431 33.3084 19.5014
internal_count=750 441 309 211 98 54 387 163 151 84 65 70 53 42 30 141 28 224 48 176 113
is_linear=0
shrinkage=0.01


Tree=154
num_leaves=21
num_cat=0
split_feature=43 26 41 56 19 11 3 47 0 34 67 13 34 2 28 28 50 29 22 32
split_gain=13.1342 6.56557 3.87081 4.1817 3.71468 4.789 3.71034 3.42096 4.42802 4.32778 3.41022 5.7253 6.68585 4.42022 11.0241 6.46166 3.19147 3.11577 2.52736 1.60134
threshold=17075.645507812504 0.0018064273754134776 2.3599539995193486 0.91547101736068737 7375.0551757812509 18.439999580383304 4719697.0000000009 0.19636292010545733 228333.00000000003 -0.64827111363410939 2.9440597295761113 118179784.00000001 -1.0000000180025095e-35 5084850.0000000009 -34.624999999999993 -65.437499999999986 -0.029420232400298115 0.32933679223060613 -63252.189453124993 1.0000000180025095e-35
decision_type=2 2 2 2 2 2 2 2 2 2 2 2 2 2 2 2 2 2 2 2
left_child=2 4 3 7 5 -2 17 8 -1 -9 13 12 -12 14 -3 -15 -7 -5 -6 -20
right_child=1 10 -4 6 18 16 -8 9 -10 -11 11 -13 -14 15 -16 -17 -18 -19 19 -21
leaf_value=-0.0097252314440553073 -0.009974924003029054 -0.0063742640625374693 0.0080276285308909026 -0.0087027632713587537 -0.00088263441186758483 0.010845499541866093 0.0057589198264744561 -0.0056704008429489475 0.003398567925357956 0.0073359345954620674 0.0078724029607043639 0.014826482868403835 -0.01145041413250905 0.00012206659600839029 0.011725219121734591 -0.010189322669137399 0.0014948424439863112 -8.7248081023655642e-05 0.012684269461505178 0.0068658872160513142
leaf_weight=6.6277385130524653 2.6791394948959377 6.0428153723478317 2.8217946588993064 24.250828333199031 2.5208551436662701 5.2888378351926866 2.3101454824209204 3.6744140386581412 4.0566047132015228 8.0249570459127408 4.368170291185379 3.9781471490859985 3.0345752239227277 17.191584929823875 7.4834576696157438 9.2453094422817248 12.856359779834742 5.3611451387405387 9.0739278644323349 12.633063659071922
leaf_count=37 13 24 11 161 11 27 11 17 17 32 16 15 12 69 28 39 56 32 50 72
internal_value=0.000514655 0.00277196 -0.00327679 -0.00388259 0.00555939 0.00239403 -0.00620927 -0.000519775 -0.00464883 0.00316557 0.000306648 0.00515098 0 -0.00104792 0.00356541 -0.00344613 0.00427542 -0.00717672 0.0082388 0.00934415
internal_weight=153.524 96.3962 57.1276 54.3058 45.0522 20.8243 31.9221 22.3837 10.6843 11.6994 51.3441 11.3809 7.40275 39.9632 13.5263 26.4369 18.1452 29.612 24.2278 21.707
internal_count=750 432 318 307 229 96 204 103 54 49 203 43 28 160 52 108 83 193 133 122
is_linear=0
shrinkage=0.01


Tree=155
num_leaves=16
num_cat=0
split_feature=54 13 33 28 39 27 41 17 27 1 43 59 52 43 22
split_gain=12.9984 4.25871 5.70234 5.14938 5.06958 4.1729 4.16252 4.00108 3.60562 3.59502 3.11566 3.07958 2.93113 1.54434 0.433301
threshold=9.9986486434936541 157951512.00000003 -0.8863316774368285 -799.24999999999989 0.43604181706905371 -98551807.999999985 -1.835940361022949 8848.5000000000018 -70199295.999999985 109655744.00000001 972733.75000000012 0.8261534869670869 -0.0031002491014078255 4828040.7500000009 -13456.070800781248
decision_type=2 2 2 2 2 2 2 2 2 2 2 2 2 2 2
left_child=1 3 -3 4 -1 -2 14 -8 -7 11 -4 -10 -6 -12 -5
right_child=5 2 10 6 12 8 7 -9 9 -11 13 -13 -14 -15 -16
leaf_value=-0.0084586921048980159 -0.006984754135132297 -0.0082983922051745127 0 -0.0070674650988460366 0 0.016832880934080651 -0.0081325168754317889 -0.0017779812259318664 0.0076453155169507259 -0.0063653052773992823 0.015625374310261647 0.0027469091225215017 0.015131374589675861 0.0046007114842617483 -0.014880953267908656
leaf_weight=2.0404607057571402 3.2895792424678794 3.2469881176948538 4.1970296204090101 1.6454842388629911 1.9645444601774213 2.3189284205436698 12.701313324272631 48.431300707161427 20.796337485313416 3.1112284213304511 3.6560338288545609 36.23622989654541 3.6132214292883873 2.4217865169048309 3.4918693080544463
leaf_count=12 15 14 18 10 9 9 72 249 109 14 14 162 14 10 19
internal_value=0.000510852 -0.00200826 0.00311558 -0.00295948 0.00476813 0.00387493 -0.00386292 -0.0031146 0.00446286 0.00396929 0.00681987 0.0045506 0.00978605 0.011397 -0.012573
internal_weight=153.162 87.41 13.5218 73.8882 7.61823 65.7523 66.27 61.1326 62.4627 60.1438 10.2748 57.0326 5.57777 6.07782 5.13735
internal_count=750 441 56 385 35 309 350 321 294 285 42 271 23 24 29
is_linear=0
shrinkage=0.01


Tree=156
num_leaves=21
num_cat=0
split_feature=54 58 26 8 38 34 19 63 1 47 45 50 39 40 62 70 22 57 1 14
split_gain=12.7605 6.99133 4.34794 4.17643 4.04747 3.96892 3.78702 4.60233 6.16328 3.71349 4.82807 3.16174 4.6018 3.89211 3.08699 3.06462 3.00797 1.34918 0.322342 0.103247
threshold=9.9986486434936541 -2799615.9999999995 0.0014285732759162786 1.0984500050544741 -2.0078655481338497 0.30619779229164129 7375.0551757812509 0.086275752633810057 10908815.500000002 -1.3820436000823972 -0.77685987949371327 0.00018708148127188909 5.1128616333007821 2.2176516056060795 0.077738929539918913 859171.06250000012 -40345.216796874993 1.6530030965805056 586563.00000000012 0.044999999925494201
decision_type=2 2 2 2 2 2 2 2 2 2 2 2 2 2 2 2 2 2 2 2
left_child=1 5 6 9 18 14 7 19 -9 -4 -11 13 -13 -6 -1 -16 -8 -18 -3 -2
right_child=2 4 3 -5 11 -7 16 8 -10 10 -12 12 -14 -15 15 -17 17 -19 -20 -21
leaf_value=0.015762042267712339 0.0071363661218573149 -0.0074931448551518991 0.0084463851831431749 0.010568363079305447 -0.00027235563411210934 -0.0068357304026812459 -0.001057774320556958 0.0070289780514939809 -0.0059517776194748673 0.0067240196350009385 -0.0057463181738508983 -0.0073591561654233681 0.0072762678740155183 -0.01117721698495194 -0.0023832559296637357 0.010140222189158903 0.0048958702329581242 0.011828694261159544 -0.014790705017752453 0.012338465593493685
leaf_weight=3.1442418545484525 1.7721420079469705 1.6779189854860295 3.3611117303371492 3.5545150488615027 44.212426953017712 2.3550121113657942 2.5003119409084347 6.5955955982208243 8.2037818878889066 3.9217729419469896 14.053299322724337 19.45746956020594 2.3473132997751227 3.5561365187168112 3.8334500044584274 3.7901658415794373 4.2015779018402108 14.042195454239845 2.9131894707679749 3.4416985660791397
leaf_count=12 9 10 12 14 220 12 12 29 37 15 57 115 9 19 16 14 25 81 14 18
internal_value=0.000506351 -0.00199116 0.00384233 0.000505008 -0.00318968 0.00470617 0.00585592 0.00268049 -9.91115e-05 -0.00112463 -0.00296993 -0.00257139 -0.00573777 -0.0011051 0.00732334 0.00371176 0.00887127 0.0102869 -0.0123415 0.0107621
internal_weight=152.935 87.2873 65.648 24.8907 74.1645 13.1229 40.7573 20.0132 14.7994 21.3362 17.9751 69.5733 21.8048 47.7686 10.7679 7.62362 20.7441 18.2438 4.59111 5.21384
internal_count=750 441 309 98 387 54 211 93 66 84 72 363 124 239 42 30 118 106 24 27
is_linear=0
shrinkage=0.01


Tree=157
num_leaves=17
num_cat=0
split_feature=54 50 26 17 8 13 3 43 43 46 31 43 63 38 33 33
split_gain=12.542 4.73505 4.28901 4.2778 4.10402 3.87158 6.70389 3.89396 6.11755 3.67439 5.57211 3.43591 3.29172 4.92086 2.5836 1.151
threshold=9.9986486434936541 -0.11157178133726119 0.0014285732759162786 15237.500000000002 1.0984500050544741 157951512.00000003 -879224.49999999988 4472750.5000000009 1375310.8125000002 0.8971768617630006 0.82155835628509533 1272631.8125000002 0.086275752633810057 0.44168242812156683 -1.4635440707206724 1.0778947472572329
decision_type=2 2 2 2 2 2 2 2 2 2 2 2 2 2 2 2
left_child=1 -1 3 12 9 7 -7 8 -3 10 -4 -8 -2 -14 -5 -16
right_child=2 5 4 14 -6 6 11 -9 -10 -11 -12 -13 13 -15 15 -17
leaf_value=0.0099244278187397058 0.01015952658519762 -0.0029670853567022705 0.00039817171779145513 0.0012181809179594514 0.010492581759110702 -0.0080793517259342106 0.00056622850746258985 0.0052904611687729346 -0.013200963903299494 0.0062003773923632079 -0.012152010765640911 0.013263895647626579 -0.004496922277323713 0.010029919994574933 0.011214698506138075 0.0049194860365921441
leaf_weight=3.1888656914234152 3.5580140799283972 59.715670295059681 11.108942925930032 4.4090522825717917 3.5444358438253394 4.0052135586738578 4.1785109341144544 4.7553225755691519 6.5681447088718405 5.1217993646860114 5.0950992405414572 4.748029425740242 9.1176864355802518 3.1202778220176688 16.072879567742355 4.3191092908382407
leaf_count=12 17 327 43 19 14 17 18 19 29 19 22 19 39 14 95 27
internal_value=0.00050234 -0.00197451 0.00381517 0.00582096 0.000500796 -0.00243829 0.00255061 -0.00336053 -0.00399626 -0.00111299 -0.00348632 0.00743215 0.00167399 -0.000711343 0.00842188 0.00993038
internal_weight=152.627 87.1598 65.4673 40.597 24.8703 83.9709 12.9318 71.0391 66.2838 21.3258 16.204 8.92654 15.796 12.238 24.801 20.392
internal_count=750 441 309 211 98 429 54 375 356 84 65 37 70 53 141 122
is_linear=0
shrinkage=0.01


Tree=158
num_leaves=20
num_cat=0
split_feature=54 50 26 17 55 2 44 5 9 33 33 21 63 37 2 70 28 57 33
split_gain=12.3255 4.64637 4.23025 4.22982 4.05633 4.0175 5.05675 4.52434 3.46111 4.97634 3.87282 3.36729 3.24454 4.62363 2.89159 2.76291 2.56795 1.21844 0.890462
threshold=9.9986486434936541 -0.11157178133726119 0.0014285732759162786 15237.500000000002 -1.1808445453643797 3063526.0000000005 757237.50000000012 1197461.0625000002 305827216.00000006 -0.24654242396354673 0.49500964581966406 -118907.49999999999 0.086275752633810057 -2.1746037006378169 49838206.000000007 303004.35937500006 -55.624999999999993 1.6530030965805056 1.0000000180025095e-35
decision_type=2 2 2 2 2 2 2 2 2 2 2 2 2 2 2 2 2 2 2
left_child=1 -1 3 12 18 16 11 -8 10 -10 -6 -7 -2 -14 17 -16 -4 -5 -3
right_child=2 4 5 14 8 6 7 -9 9 -11 -12 -13 13 -15 15 -17 -18 -19 -20
leaf_value=0.0098355806367131978 0.010111713163178156 -0.013321675885353178 0.0004935765329297005 0.0050182425872661706 -0.001075506385223949 -0.015251137761199808 0.0060625972327385379 -0.0091267498860054409 -0.0040012815353018209 0.0064524165817666851 -0.0065255341468560971 -0.0019133472269464223 -0.0081016005867379955 0.0043671937311073961 -0.0049249163113419163 0.0089326202869477369 0.014833883411204585 0.011654743004581396 -0.005034451370390298
leaf_weight=3.1855115592479697 3.5391844809055319 3.8058440685272208 2.5240239799022675 4.1284910291433379 38.721305787563324 3.4017401933670044 8.9148804694414121 2.4754101634025565 7.8276672512292889 10.680330477654932 20.112552009522915 4.7249315083026904 5.052423655986785 7.1728425770997992 2.8077939599752417 2.8651863783597946 2.8017215281724956 14.871716171503067 2.7196385636925697
leaf_count=12 17 24 10 25 194 14 34 10 35 46 111 19 22 31 13 15 11 88 19
internal_value=0.00049872 -0.00195695 0.00378872 0.00578642 -0.00241678 0.000496735 -0.001561 0.00267376 -0.00176227 0.00197716 -0.00295561 -0.00761946 0.00166068 -0.000704077 0.00838194 0.00189767 0.00822537 0.0102654 -0.010021
internal_weight=152.333 87.0528 65.2803 40.4376 83.8673 24.8427 19.517 11.3903 77.3419 18.508 58.8339 8.12667 15.7645 12.2253 24.6732 5.67298 5.32575 19.0002 6.52548
internal_count=750 441 309 211 429 98 77 44 386 81 305 33 70 53 141 28 21 113 43
is_linear=0
shrinkage=0.01


Tree=159
num_leaves=22
num_cat=0
split_feature=54 58 26 17 1 0 38 2 44 5 22 34 0 33 62 71 71 11 65 57 1
split_gain=12.1131 6.75641 4.17463 4.18566 4.04588 8.45689 3.98739 3.94936 4.95957 4.43663 4.42787 3.88332 3.58675 3.04898 2.99608 2.95933 2.81306 4.13636 2.43187 1.11421 0.314816
threshold=9.9986486434936541 -2799615.9999999995 0.0014285732759162786 30398.000000000004 10908815.500000002 159182.50000000003 -2.0078655481338497 3063526.0000000005 757237.50000000012 1197461.0625000002 9347.8403320312518 0.30619779229164129 211084.50000000003 -1.4635440707206724 0.077738929539918913 670763.37500000012 933755.84375000012 32.369998931884773 -1.3421983718872068 1.6530030965805056 586563.00000000012
decision_type=2 2 2 2 2 2 2 2 2 2 2 2 2 2 2 2 2 2 2 2 2
left_child=1 11 3 4 12 -6 20 18 10 -10 -9 14 -2 -5 -1 -16 17 -8 -4 -15 -3
right_child=2 6 7 13 5 -7 16 8 9 -11 -12 -13 -14 19 15 -17 -18 -19 -20 -21 -22
leaf_value=0.015595777592383595 0.012386123873153038 -0.0074139747142511229 0.014698001574617203 0 0.0035377312380839468 -0.016542471383488775 -0.0035473126408316221 -0.0003486415511034558 0.00600294176294931 -0.0090421486482924127 -0.015389625758950611 -0.0067768606153382725 -0.0023354883594975716 0.0055167323984768478 -0.0026836376000325692 0.0096504850136119886 -0.012219223923825106 0.0021285373835772566 0.00071237397066853836 0.011649796668329257 -0.014670981429578884
leaf_weight=3.1243229210376722 5.1908044815063503 1.668893590569495 2.7596467286348343 3.2439893335104015 7.7210793197154981 2.8623507022857666 49.268559187650681 4.3003385365009326 8.9134461134672147 2.4735943078994742 3.8215792924165726 2.3479514718055716 2.2769758105278015 4.6355208903551111 3.5957307815551758 4.0105134695768356 2.8996810317039481 17.130426362156868 2.5518743395805386 14.344201013445854 2.8922550156712532
leaf_count=12 23 10 11 14 35 13 279 17 34 10 16 12 10 28 15 15 13 71 10 88 14
internal_value=0.000494679 -0.00194019 0.00376194 0.0057524 0.00210184 -0.00179859 -0.00312139 0.000491833 -0.00154655 0.00264689 -0.00754895 0.00465406 0.0077635 0.00867257 0.00724845 0.00368825 -0.00250712 -0.00206793 0.008167 0.0102046 -0.0122349
internal_weight=152.034 86.9383 65.0954 40.2749 18.0512 10.5834 73.8598 24.8205 19.509 11.387 8.12192 13.0785 7.46778 22.2237 10.7306 7.60624 69.2987 66.399 5.31152 18.9797 4.56115
internal_count=750 441 309 211 81 48 387 98 77 44 33 54 33 130 42 30 363 350 21 116 24
is_linear=0
shrinkage=0.01


Tree=160
num_leaves=20
num_cat=0
split_feature=43 26 41 54 22 17 7 11 2 39 34 11 46 44 62 71 33 4 11
split_gain=11.9607 6.11676 3.82994 4.36031 6.02626 3.78636 3.67164 3.78838 5.49037 4.04385 3.49632 3.45735 3.38367 3.37321 3.11475 3.00206 2.97423 4.59544 1.31746
threshold=17075.645507812504 0.0018064273754134776 2.3599539995193486 0.75373369455337536 7756.1914062500009 23753.500000000004 2.9118626117706303 67.865001678466811 5084850.0000000009 5.4530375003814706 -0.64827111363410939 18.439999580383304 1.393467962741852 703328.68750000012 0.32647289335727697 611104.12500000012 -1.2964009046554563 401242.23437500006 79.840000152587905
decision_type=2 2 2 2 2 2 2 2 2 2 2 2 2 2 2 2 2 2 2
left_child=2 5 3 4 10 11 7 8 -3 -9 -1 -2 -6 14 -5 -13 17 -7 -18
right_child=1 6 -4 13 12 16 -8 9 -10 -11 -12 15 -14 -15 -16 -17 18 -19 -20
leaf_value=-0.0048030864635480409 -0.0092194445712293384 0.0033115929000441025 0.00810435731864898 -0.01090316590467314 -0.011062485080370041 -0.0075976149978102649 0.011704323818066945 0.00013568682043328887 -0.0044655464366239669 0.014196052134844607 0.0051631684001478715 0.0013702748571135328 0.0024153159461945471 0.0042080898681282064 -0.0034451400310744813 0.012746301759323363 0.010916275829389806 0.0083425780895200891 0.0010646272046549109
leaf_weight=4.7191600650548979 2.4191804230213192 13.97673463821411 2.818382889032363 13.929736621677881 6.8624008670449239 2.7968023121356991 2.6714901626110068 5.6108492612838727 25.444814652204514 3.3579094409942627 13.105827257037163 12.709605246782301 2.4034400433301926 2.4794801771640769 10.17342636734247 2.9196639060974112 16.628686144948009 4.9621009528636932 1.7261937707662571
leaf_count=24 12 54 11 96 42 13 11 22 104 12 57 55 11 11 66 14 101 24 10
internal_value=0.00049061 0.00265893 -0.00314667 -0.00375609 -0.000889935 0.0053855 0.000281201 -0.000328772 -0.00168283 0.0055114 0.0024685 0.00179113 -0.00745859 -0.00663942 -0.00779678 0.00355938 0.00783145 0.00246783 0.0100443
internal_weight=151.716 95.224 56.4919 53.6735 27.0908 44.1622 51.0618 48.3903 39.4215 8.96876 17.825 18.0484 9.26584 26.5826 24.1032 15.6293 26.1138 7.7589 18.3549
internal_count=750 432 318 307 134 229 203 192 158 34 81 81 53 173 162 69 148 37 111
is_linear=0
shrinkage=0.01


Tree=161
num_leaves=21
num_cat=0
split_feature=54 58 26 17 8 38 34 47 2 63 38 62 70 2 41 57 28 70 47 1
split_gain=11.7571 6.63435 4.07573 4.10863 3.94392 3.93764 3.83408 3.6163 4.74821 3.16721 4.76841 2.95968 2.92444 2.88273 2.82622 5.62101 3.66517 2.71593 1.63266 0.31216
threshold=9.9986486434936541 -2799615.9999999995 0.0014285732759162786 15237.500000000002 1.0984500050544741 -2.0078655481338497 0.30619779229164129 -1.3820436000823972 2509484.5000000005 0.086275752633810057 0.44168242812156683 0.077738929539918913 859171.06250000012 49838206.000000007 1.8433930277824404 1.3576353788375857 -799.24999999999989 303004.35937500006 0.86673143506050121 586563.00000000012
decision_type=2 2 2 2 2 2 2 2 2 2 2 2 2 2 2 2 2 2 2 2
left_child=1 6 3 9 7 19 11 -4 -9 -2 -11 -1 -13 18 16 -16 -7 -15 -5 -3
right_child=2 5 4 13 -6 14 -8 8 -10 10 -12 12 -14 17 15 -17 -18 -19 -20 -21
leaf_value=0.015527190848590723 0.010022324570645095 -0.0073488018085269618 0.0083592905962135491 0.011433916376823412 0.010335579016851889 0.006748333924580777 -0.0067505271136508883 0.0087211493352139548 -0.0052146855202180034 -0.004437889439439761 0.0099252828496247444 -0.0022841610532697561 0.0099702328405430578 -0.0049666725700740983 0.01276938263069642 -0.0051192486827814658 -0.0037618001355446936 0.008830331629743126 0.002611375768062522 -0.014604360542981285
leaf_weight=3.1107973456382734 3.5014604330062857 1.6568295210599888 3.3536894470453325 15.911779254674917 3.5079618245363227 3.4525058120489112 2.3391475081443778 2.8766043037176159 15.032333627343176 9.0859874039888364 3.0868545770645133 3.8219054639339447 3.7691741436719894 2.8014841079711905 3.4025114327669135 3.5367870032787323 58.666172936558723 2.826886773109436 2.7687930613756171 2.8762224540114403
leaf_count=12 17 10 12 99 14 16 12 11 61 39 14 16 14 13 14 18 315 15 14 14
internal_value=0.000487106 -0.00191464 0.00371577 0.0056929 0.000484029 -0.00308775 0.00462856 -0.00109427 -0.00292042 0.001621 -0.000713449 0.00720917 0.00366874 0.00827731 -0.0024769 0.00350789 -0.00316156 0.00178529 0.0101798 -0.0121731
internal_weight=151.386 86.6321 64.7538 39.9832 24.7706 73.591 13.041 21.2626 17.9089 15.6743 12.1728 10.7019 7.59108 24.3089 69.058 6.9393 62.1187 5.62837 18.6806 4.53305
internal_count=750 441 309 211 98 387 54 84 72 70 53 42 30 141 363 32 331 28 113 24
is_linear=0
shrinkage=0.01


Tree=162
num_leaves=21
num_cat=0
split_feature=43 26 17 41 54 3 33 69 7 11 24 39 11 17 19 63 71 33 70 51
split_gain=11.6275 5.94917 3.71352 3.70952 4.32496 4.94413 4.81513 4.17935 3.60006 3.71924 4.3504 3.99332 3.36786 3.1065 9.74815 3.05583 2.96471 2.95624 3.87331 1.55556
threshold=17075.645507812504 0.0018064273754134776 23753.500000000004 2.3599539995193486 0.75373369455337536 80037.000000000015 -0.7774548828601836 96.954860687255874 2.9118626117706303 67.865001678466811 262.50000000000006 5.4530375003814706 18.439999580383304 178092.50000000003 70048.382812500015 0.32730956375598913 611104.12500000012 -1.2964009046554563 273335.25000000006 0.091160804033279433
decision_type=2 2 2 2 2 2 2 2 2 2 2 2 2 2 2 2 2 2 2 2
left_child=3 2 12 4 5 6 -1 -7 9 10 -3 -11 -2 15 -15 -6 -14 18 -4 -19
right_child=1 8 17 -5 13 7 -8 -9 -10 11 -12 -13 16 14 -16 -17 -18 19 -20 -21
leaf_value=-0.0048794708738780215 -0.0091325396590588321 -0.00044666959537796911 -0.0051575616639770554 0.007976763104290404 -0.011708477352081741 -0.0099534565505754041 0.0061402392224864689 0.0063129167290677758 0.011630266110303855 0.00012474814674981853 -0.010985198592662351 0.014110297885058715 0.0013401838115190969 0.014416522584546041 -0.010407801364657084 -0.0034040237491824621 0.01269490019258292 0.011545156961054933 0.008971740471961677 0.0039331510250040589
leaf_weight=5.9918826967477825 2.4059756249189403 34.913807794451714 3.5154902935028103 2.8099161833524695 12.223836809396749 7.7251124754548055 11.3962848931551 1.9063415452837942 2.654798060655593 5.6031355708837491 4.4499163776636115 3.351167619228363 12.677231803536413 2.6024937629699698 4.021339163184166 7.5811172351241103 2.8899751752614966 14.307234868407251 4.2080949246883392 3.8416865915060034
leaf_count=31 12 140 16 11 87 45 49 9 11 22 18 12 55 12 25 49 14 86 21 25
internal_value=0.000483411 0.00262607 0.00532816 -0.00311007 -0.00371164 -0.000855611 0.00228539 -0.00663005 0.000282166 -0.00032065 -0.00166341 0.00547055 0.00176402 -0.00659369 -0.000503393 -0.00858012 0.00351237 0.00776545 0.00241113 0.00998898
internal_weight=151.077 94.8185 43.8457 56.2583 53.4484 27.0196 17.3882 9.63145 50.9728 48.318 39.3637 8.9543 17.9732 26.4288 6.62383 19.805 15.5672 25.8725 7.72359 18.1489
internal_count=750 432 229 318 307 134 80 54 203 192 158 34 81 173 37 136 69 148 37 111
is_linear=0
shrinkage=0.01


Tree=163
num_leaves=21
num_cat=0
split_feature=54 58 26 2 38 8 34 31 46 31 62 19 44 62 56 41 3 51 10 61
split_gain=11.4243 6.47179 3.97995 3.99168 3.89637 3.85486 3.78184 3.56702 3.55098 5.45772 2.97628 4.02115 2.96265 2.92044 2.7456 2.74505 4.80707 3.46074 1.14938 0.276104
threshold=9.9986486434936541 -2799615.9999999995 0.0014285732759162786 49838206.000000007 -2.0078655481338497 1.0984500050544741 0.30619779229164129 -0.27824817597866053 0.8971768617630006 0.82155835628509533 0.28254967927932745 5374.8510742187509 2488421.7500000005 0.077738929539918913 5.1317062377929696 1.8433930277824404 -50377.499999999993 0.0014012170140631499 -0.0010030649718828497 798.81817626953136
decision_type=2 2 2 2 2 2 2 2 2 2 2 2 2 2 2 2 2 2 2 2
left_child=1 6 3 10 19 8 13 -5 9 -4 18 -12 -9 -1 -15 17 -17 -6 -2 -3
right_child=2 4 5 7 15 -7 -8 12 -10 -11 11 -13 -14 14 -16 16 -18 -19 -20 -21
leaf_value=0.015435033947712963 0.0032989371941003869 -0.014485243934203784 0.00042957888520810881 -0.010338847547678007 -0.0016458049825333952 0.010243935689252593 -0.006739223843009178 -0.00030760596777792086 0.0061185713508211956 -0.012022951300103193 -0.004933904388499076 0.0096262477390731144 0.012368225867583932 0.008880130997323113 -0.003125672102075316 0.011707727050587596 -0.0048400442309822749 -0.00700740425204858 0.010467716307612548 -0.0074739750211535718
leaf_weight=3.0949360728263837 3.0367761403322246 2.841032162308692 11.061606466770181 2.3845885396003714 45.079389028251171 3.491608038544654 2.3313734233379355 5.8078767806291562 5.1059425324201575 5.0669336616992942 3.8702675104141226 3.6457617878913879 2.6074449121952057 4.3479246348142624 3.2308881282806396 3.5327147394418716 3.3890478014945975 16.830756537616253 18.328972510993484 1.6657774001359937
leaf_count=12 16 14 43 11 234 14 12 28 19 22 17 20 13 17 13 15 17 97 106 10
internal_value=0.000479747 -0.00189021 0.00367239 0.00563709 -0.00305129 0.000478896 0.00458052 0.000352691 -0.00107969 -0.0034205 0.00757848 0.00199566 0.00350111 0.00714668 0.00363005 -0.00244327 0.0034611 -0.00311955 0.0094956 -0.0121157
internal_weight=150.752 86.3438 64.4078 39.6817 73.3387 24.7261 13.0051 10.7999 21.2345 16.1285 28.8818 7.51603 8.41532 10.6737 7.57881 68.8319 6.92176 61.9101 21.3657 4.50681
internal_count=750 441 309 211 387 98 54 52 84 65 159 37 41 42 30 363 32 331 122 24
is_linear=0
shrinkage=0.01


Tree=164
num_leaves=20
num_cat=0
split_feature=43 26 17 41 50 29 21 67 9 35 7 11 2 39 11 31 14 2 68
split_gain=11.2756 5.78129 3.66625 3.61234 4.19401 4.73055 4.91293 4.72562 4.33924 3.74747 3.52759 3.64074 5.40941 3.92548 3.37801 3.14876 2.36983 2.36242 0.178574
threshold=17075.645507812504 0.0018064273754134776 30398.000000000004 2.3599539995193486 -0.00018213857401860875 0.32846157252788549 -434268.49999999994 4.6730723381042489 293741264.00000006 1.4744395017623904 2.9118626117706303 67.865001678466811 5084850.0000000009 5.4530375003814706 18.439999580383304 -2.4044650793075557 0.3298999965190888 82767120.000000015 51.682338714599616
decision_type=2 2 2 2 2 2 2 2 2 2 2 2 2 2 2 2 2 2 2
left_child=3 2 14 4 8 6 -6 -7 9 -1 11 12 -3 -13 -2 -16 17 -4 -10
right_child=1 10 16 -5 5 7 -8 -9 18 -11 -12 13 -14 -15 15 -17 -18 -19 -20
leaf_value=0.0048580416962277278 -0.0090901706407805431 0.0033159903723568329 0.0099552446485792496 0.0078788636156441501 0.0066241269241892158 -0.0030163391911415816 -0.0092763653953650705 0.015227463057613055 -0.005933212979431314 -0.0081882732883010716 0.011553693002276036 0.00011829898315590686 -0.00441173842790817 0.01400059878310035 -0.0042563357991010214 0.0059679382818486563 -0.0030143565693897595 0.00014350360634129584 -0.012680234203729497
leaf_weight=12.376011140644552 2.3963147699832943 13.956516429781912 19.816285878419883 2.8044979870319358 2.0448414459824553 7.721312649548052 23.339254856109623 1.7371608465909956 1.460765823721885 2.6342272832989684 2.6370118409395209 5.5969766527414304 25.364481389522552 3.3421052545309067 3.8303701579570832 12.718644678592677 1.7366751581430424 3.0379439443349829 1.9080957546830175
leaf_count=62 12 54 120 11 10 45 146 7 10 16 11 22 104 12 16 58 9 14 11
internal_value=0.00047578 0.00259012 0.00526676 -0.00307014 -0.00366588 -0.00570554 -0.00795609 0.000228626 0.000146431 0.00250185 0.00028094 -0.000314301 -0.00164344 0.00542042 0.00189059 0.00354104 0.00782716 0.00869476 -0.0100515
internal_weight=150.459 94.4333 43.5362 56.0262 53.2217 34.8426 25.3841 9.45847 18.3791 15.0102 50.8971 48.2601 39.321 8.93908 18.9453 16.549 24.5909 22.8542 3.36886
internal_count=750 432 229 318 307 208 156 52 99 78 203 192 158 34 86 74 143 134 21
is_linear=0
shrinkage=0.01


Tree=165
num_leaves=22
num_cat=0
split_feature=43 54 26 56 25 55 65 46 65 33 34 9 24 46 31 31 11 19 25 11 0
split_gain=11.0772 5.79333 5.56033 3.60395 4.35002 6.54522 5.57518 3.65068 3.64022 3.52019 5.39427 4.41842 3.32274 3.22998 3.18263 6.14522 2.94224 3.81258 2.62341 1.93216 1.86605
threshold=17075.645507812504 0.19414236396551135 0.0018064273754134776 2.1094585657119755 47714.000000000007 -1.0000000180025095e-35 -1.0445479750633238 -0.57992434501647938 2.792587518692017 -0.3022323846817016 -1.2665612101554868 294853904.00000006 48.500000000000007 -0.60417994856834401 6.0854976177215585 8.6848063468933123 21.380000114440922 5374.8510742187509 248857.00000000003 78.739997863769545 191253.50000000003
decision_type=2 2 2 2 2 2 2 2 2 2 2 2 2 2 2 2 2 2 2 2 2
left_child=3 -2 16 4 6 13 -1 -7 14 10 -4 -11 -8 -6 18 -16 17 -3 -5 -18 -10
right_child=1 2 9 8 5 7 12 -9 20 11 -12 -13 -14 -15 15 -17 19 -19 -20 -21 -22
leaf_value=0.017588483283651982 -0.0086224230436394676 -0.0064940774173983511 0.00747951058048752 -0.012118605065424488 0.0015324051161280819 -0.009098662313299621 -0.0057056484902624893 0.0045423006419359003 0.0088468774117398032 -0.0013116942186892485 -0.0037215454455948377 0.0079533822125523786 0.0073962397583895046 -0.012050686286181805 0.014941929808031135 -0.01153587419113814 0.0081150905510724534 0.0064245021647350541 -0.0015205541742672752 0.00027133587526435859 -0.0036898721521220084
leaf_weight=2.4717071801424026 4.3631210178136817 4.0213930606842023 5.29291404783726 12.122862935066228 2.0654694288969013 2.4520412534475335 4.1886898651719076 9.3812942355871183 2.0895425826311103 8.8678863793611544 22.223069593310356 11.758077949285505 3.5875997245311737 8.2069097459316271 1.6120090633630746 1.9154474809765814 28.642547331750393 5.2405434548854828 3.1700581461191168 3.8254464268684378 2.6329780668020248
leaf_count=10 19 19 20 89 10 13 24 43 11 35 91 45 16 48 8 14 156 26 20 21 12
internal_value=0.00047213 0.00256991 0.00312441 -0.00304659 -0.000844486 -0.00336707 0.00449933 0.00163119 -0.00603034 0.000784529 -0.00153059 0.00392149 0.000210326 -0.00922218 -0.00800952 0.000280702 0.00579985 0.000707481 -0.00998713 0.00722172 0.00164543
internal_weight=150.132 94.235 89.8719 55.8966 32.3537 22.1057 10.248 11.8333 23.5429 48.1419 27.516 20.626 7.77629 10.2724 18.8204 3.52746 41.7299 9.26194 15.2929 32.468 4.72252
internal_count=750 432 413 318 164 114 50 56 154 191 111 80 40 58 131 22 222 45 109 177 23
is_linear=0
shrinkage=0.01


Tree=166
num_leaves=19
num_cat=0
split_feature=54 58 38 27 34 26 35 2 26 17 1 50 39 40 61 56 33 1
split_gain=10.9056 6.3083 3.86916 3.86479 3.70886 3.35708 3.99735 4.91583 3.78782 3.65677 3.17484 3.00832 4.40612 3.78959 2.88625 2.25237 2.23676 0.305303
threshold=9.9986486434936541 -2799615.9999999995 -2.0078655481338497 -98551807.999999985 0.30619779229164129 0.0014285719371400776 1.4261325597763064 2509484.5000000005 0.0021428598556667571 30398.000000000004 10908815.500000002 0.00018708148127188909 5.1128616333007821 2.2176516056060795 23.916666984558109 5.1317062377929696 -1.4635440707206724 586563.00000000012
decision_type=2 2 2 2 2 2 2 2 2 2 2 2 2 2 2 2 2 2
left_child=1 4 17 -2 14 9 7 -7 -8 10 -5 13 -13 -4 -1 -16 -11 -3
right_child=3 2 11 5 -6 6 8 -9 -10 16 -12 12 -14 -15 15 -17 -18 -19
leaf_value=0.015936590724855731 -0.0069347646013151049 -0.0072341856319779844 -0.00013304617947882663 0.0074285886318898606 -0.0067060645122980446 0.014758929351449564 -0.014139298964865139 0.0012979961534378621 0.0022867915112290554 0.00082639634533902308 -0.001604285366188653 -0.0071377990038328345 0.0072485617014779215 -0.010990634457413667 0.008673171683673082 -0.0019162725246673004 0.010656684253243483 -0.014476802426225168
leaf_weight=2.7929010391235334 3.23438537120819 1.6324239596724499 43.628755055367947 7.1417734473943701 2.3137080296874037 3.2638053447008195 2.8502265065908423 17.505895018577576 2.5928481370210648 2.9645256698131552 8.2522443085908872 19.005986563861374 2.3297139406204215 3.4890276640653601 4.3400925397872925 3.506292536854744 16.125515468418602 2.8477664887905121
leaf_count=10 15 10 220 32 12 13 12 72 10 13 38 115 9 19 17 15 104 14
internal_value=0.000468281 -0.00185179 -0.00300219 0.00360076 0.00454851 0.00417865 0.00143144 0.00346143 -0.00613089 0.00623792 0.00252139 -0.00239469 -0.00552004 -0.000958264 0.00709001 0.00381365 0.00918251 -0.0120611
internal_weight=149.818 85.8867 72.9337 63.9312 12.953 60.6968 26.2128 20.7697 5.44307 34.4841 15.394 68.4535 21.3357 47.1178 10.6393 7.84639 19.09 4.48019
internal_count=750 441 387 309 54 294 107 85 22 187 70 363 124 239 42 32 117 24
is_linear=0
shrinkage=0.01


Tree=167
num_leaves=20
num_cat=0
split_feature=54 58 38 26 17 8 34 47 45 33 50 39 34 63 38 63 71 57 61
split_gain=10.7154 6.19121 3.81828 3.77055 3.95461 3.75001 3.64069 3.51913 4.61884 2.9778 2.96243 4.33291 3.48563 2.96048 4.77622 2.86449 2.86565 1.16499 0.267364
threshold=9.9986486434936541 -2799615.9999999995 -2.0078655481338497 0.0014285732759162786 30398.000000000004 1.0984500050544741 0.30619779229164129 -1.3820436000823972 -0.77685987949371327 -1.4635440707206724 0.00018708148127188909 5.1128616333007821 -0.27663634717464441 0.086275752633810057 0.44168242812156683 0.07920344173908235 670763.37500000012 1.6530030965805056 798.81817626953136
decision_type=2 2 2 2 2 2 2 2 2 2 2 2 2 2 2 2 2 2 2
left_child=1 6 18 4 13 7 15 -5 -9 -6 12 -12 -4 -2 -15 -1 -17 -11 -3
right_child=3 2 10 5 9 -7 -8 8 -10 17 11 -13 -14 14 -16 16 -18 -19 -20
leaf_value=0.015279810037890112 0.010011636001737228 -0.014352722133424693 -0.0043925235323223448 0.0082689711711123135 -0.00015031361277834964 0.010135877757307241 -0.0066454556439273496 0.0066287250898243956 -0.0056074271180432799 0.0051247807520259933 -0.0070906905367967774 0.007179703747301769 0.0011801559522243053 -0.0034124500333417248 0.010133162348369132 -0.0027309543844007862 0.0094456684311679875 0.011499433558123159 -0.007382531935406389
leaf_weight=3.067998602986334 3.6251282393932369 2.8094793781638137 18.177459523081776 3.3428817093372407 3.2138870060443905 3.4660166352987281 2.3114729151129714 3.8981702774763169 13.935968026518816 4.4469757676124582 18.941259868443016 2.3285426348447791 28.923562124371532 10.706471204757689 3.4376544952392569 3.5790129601955414 3.9780201315879822 13.701530754566193 1.6502551883459089
leaf_count=12 18 14 93 12 14 14 12 15 57 28 115 9 146 47 16 15 15 88 10
internal_value=0.000464353 -0.00183622 -0.00297685 0.00357395 0.005506 0.000465376 0.00450806 -0.00107016 -0.00287679 0.00841977 -0.0023738 -0.0054814 -0.000949249 0.00194676 -4.95603e-05 0.00702863 0.00354649 0.00999254 -0.0119977
internal_weight=149.542 85.7671 72.8306 63.7747 39.1316 24.643 12.9365 21.177 17.8341 21.3624 68.3708 21.2698 47.101 17.7693 14.1441 10.625 7.55703 18.1485 4.45973
internal_count=750 441 387 309 211 98 54 84 72 130 363 124 239 81 63 42 30 116 24
is_linear=0
shrinkage=0.01


Tree=168
num_leaves=25
num_cat=0
split_feature=43 26 56 25 55 68 58 7 17 65 7 11 24 10 11 31 31 31 25 33 70 69 0 11
split_gain=10.556 5.49986 3.59794 4.2447 6.49446 5.44866 4.16092 3.91462 3.54113 3.5167 3.45827 3.55063 4.2545 3.80715 3.23647 3.15591 6.03241 3.06614 2.62901 2.53872 4.36155 2.52601 1.83225 1.3328
threshold=17075.645507812504 0.0018064273754134776 2.1094585657119755 47714.000000000007 -1.0000000180025095e-35 36.447120666503913 174080.00000000003 1.2760254144668581 30398.000000000004 2.792587518692017 2.9118626117706303 67.865001678466811 262.50000000000006 0.0007524999964516611 18.439999580383304 6.0854976177215585 8.6848063468933123 -2.4044650793075557 248857.00000000003 -1.2964009046554563 273335.25000000006 43.498830795288093 191253.50000000003 79.840000152587905
decision_type=2 2 2 2 2 2 2 2 2 2 2 2 2 2 2 2 2 2 2 2 2 2 2 2
left_child=2 8 3 5 21 -1 -7 -6 14 15 11 12 -3 -13 -2 18 -17 -16 -4 20 -10 -5 -11 -21
right_child=1 10 9 4 7 6 -8 -9 19 22 -12 13 -14 -15 17 16 -18 -19 -20 23 -22 -23 -24 -25
leaf_value=0.01601435908295195 -0.0089652329086900677 -0.00043178070075309004 -0.012073906564480912 -0.013367822699745109 -0.0020887571942739048 0.0045683454216056425 -0.012273837180642341 0.010278322695016946 -0.0052986807723936855 0.0087674127244514125 0.011483401196488193 0.01128452731987043 -0.010868431763754179 -0.001671303416991789 -0.0042542971103963576 0.014784659575329576 -0.011493976282158763 0.0058572438000497051 -0.0014344793569094475 0.010696358172642537 0.010450477271104635 -0.0028966561644743821 -0.0037007272340099447 0.00065126087752503416
leaf_weight=2.9318703263998014 2.3774312287569073 34.765888243913651 11.980766706168657 5.9880276396870613 8.1104906946420652 5.2569067925214767 2.0337696075439453 3.691359445452691 3.4902562648057964 2.0679911524057379 2.610853672027587 4.9031521677970868 4.4382486641407004 4.0027942508459091 3.818199619650847 1.617808282375335 1.8923357427120207 12.6112560480833 3.1547985002398482 15.528641082346441 3.4637790322303772 4.2034849897027016 2.6262170821428299 1.6775994151830662
leaf_count=12 12 140 89 34 41 25 13 15 16 11 11 18 18 16 16 8 14 58 20 99 18 24 12 10
internal_value=0.000460735 0.00251451 -0.0029847 -0.000782768 -0.00328385 0.00450037 0 0.00169466 0.00514826 -0.00598116 0.000263664 -0.000324426 -0.00163881 0.00534922 0.00182429 -0.00793812 0.00033283 0.00344646 -0.00992234 0.00769432 0.00240211 -0.00914712 0.00157897 0.00977508
internal_weight=149.244 93.6881 55.5558 32.2159 21.9934 10.2225 7.29068 11.8019 42.9672 23.3399 50.7209 48.1101 39.2041 8.90595 18.8069 18.6457 3.51014 16.4295 15.1356 24.1603 6.95404 10.1915 4.69421 17.2062
internal_count=750 432 318 164 114 50 38 56 229 154 203 192 158 34 86 131 22 74 109 143 34 58 23 109
is_linear=0
shrinkage=0.01


Tree=169
num_leaves=20
num_cat=0
split_feature=43 26 56 24 1 24 17 46 7 35 65 11 31 31 31 14 2 23 6
split_gain=10.3717 5.42232 3.54942 4.10584 3.80177 3.83673 3.50427 3.49982 4.04614 4.33485 3.47001 3.18128 3.12203 5.90921 3.01251 2.35854 2.34057 1.82813 1.80237
threshold=17075.645507812504 0.0018064273754134776 2.1094585657119755 459.00000000000006 2123322.0000000005 51.500000000000007 30398.000000000004 -0.96636253595352162 2.9118626117706303 -1.1014665961265562 2.792587518692017 18.439999580383304 6.0854976177215585 8.6848063468933123 -2.4044650793075557 0.3298999965190888 82767120.000000015 177.00000000000003 -59962279935.999992
decision_type=2 2 2 2 2 2 2 2 2 2 2 2 2 2 2 2 2 2 2
left_child=2 6 3 4 5 -1 11 -3 9 -9 12 -2 17 -14 -13 16 -8 -4 -12
right_child=1 7 10 -5 -6 -7 15 8 -10 -11 18 14 13 -15 -16 -17 -18 -19 -20
leaf_value=0.0045819398162113487 -0.0089086236921528186 -0.010296732979551859 -0.011970599661638468 0.010320762346055357 -0.012606303144522419 -0.0034767572475097419 0.0098192896302246434 -0.0032649799260199455 0.013610294548446183 0.0029686786720979734 -0.003660565721397733 -0.0042093436073439086 0.014543136284748133 -0.011467146689144711 0.0058129756829691038 -0.0032312617645068611 2.6144185072330393e-06 -0.0035696125722550925 0.0087171659889783357
leaf_weight=8.9427148103714043 2.3686571270227459 2.9421408325433722 11.187213502824312 2.9953719228506079 3.0130610764026633 17.22189623862505 19.307338319718845 19.687694430351257 2.3940568119287482 25.671715885400772 2.6284685730934143 3.8203749358654084 1.6281763613224023 1.8778681531548498 12.580378666520113 1.7136895358562458 3.0120491534471503 3.8592266738414756 2.0591566413640967
leaf_count=44 12 14 84 12 19 89 120 80 10 99 12 16 8 14 58 9 14 25 11
internal_value=0.000456859 0.0024944 -0.00296303 -0.000776128 -0.0019496 -0.000684183 0.00511656 0.000260783 0.000932183 0.00024099 -0.00594749 0.00180862 -0.00789914 0.000326579 0.00341741 0.0076584 0.00853931 -0.00988231 0.00156333
internal_weight=148.911 93.4981 55.4132 32.173 29.1777 26.1646 42.8025 50.6956 47.7535 45.3594 23.2401 18.7694 18.5525 3.50604 16.4008 24.0331 22.3194 15.0464 4.68763
internal_count=750 432 318 164 152 133 229 203 189 179 154 86 131 22 74 143 134 109 23
is_linear=0
shrinkage=0.01


Tree=170
num_leaves=23
num_cat=0
split_feature=54 58 38 26 2 71 2 47 43 34 17 64 50 39 34 61 69 52 39 47 61 61
split_gain=10.2581 5.9802 3.7839 3.62583 3.90113 5.90588 3.75399 4.28026 4.12285 3.57115 3.12832 3.93366 2.87766 4.24846 3.41132 2.82936 2.5099 2.39288 1.9598 1.68908 1.31435 0.26319
threshold=9.9986486434936541 -2799615.9999999995 -2.0078655481338497 0.0014285732759162786 49838206.000000007 359125.71875000006 3063526.0000000005 -1.3820436000823972 185642.91406250003 0.30619779229164129 15237.500000000002 0.2873543798923493 0.00018708148127188909 5.1128616333007821 -0.27663634717464441 23.916666984558109 91.80475234985353 -0.028579243458807465 9.372960567474367 0.86673143506050121 84.000000000000014 798.81817626953136
decision_type=2 2 2 2 2 2 2 2 2 2 2 2 2 2 2 2 2 2 2 2 2 2
left_child=1 9 21 4 10 18 17 -8 -9 15 11 -2 14 -14 -4 -1 -17 -5 -6 -12 -7 -3
right_child=3 2 12 6 5 20 7 8 -10 -11 19 -13 13 -15 -16 16 -18 -19 -20 -21 -22 -23
leaf_value=0.015744849230440557 0.0076835766296113753 -0.014281907046476377 -0.0043350121814254286 0.014904757107088145 -0.012677022358301759 0.012685231402661612 0.0098119489809040724 -0.014372773010892164 -0.001129470662376446 -0.0066378954039646842 0.011254333761882705 -0.0050029419659679639 -0.0070070983153944742 0.0071473746084947448 0.0011906571045221467 -0.0010447795171507244 0.010225774270668671 0.0009508448374676297 -0.00062731932951429106 0.0021563970036744145 0.0014368830056893469 -0.0073269726568152985
leaf_weight=2.7698450684547407 6.4473006874322909 2.7926070839166632 18.089776694774624 2.5756899565458298 2.7687160819768888 2.9090937077999115 2.7992084920406404 2.8982816636562339 13.642097964882849 2.2960241809487334 15.096985183656217 3.8436830043792725 18.777899503707889 2.3218713849782935 28.805159024894241 4.43482306599617 3.3755237758159637 2.6662953197956112 2.9975676983594894 2.6856454312801352 1.9556520432233808 1.6392376422882078
leaf_count=10 29 14 93 10 13 15 10 12 55 12 99 17 115 9 146 19 13 11 14 14 10 10
internal_value=0.00045306 -0.00180236 -0.0029271 0.00350891 0.00541897 0.000163019 0.000460762 -0.00153049 -0.00351048 0.00444649 0.0073737 0.00284799 -0.00232526 -0.00540211 -0.000919552 0.00694645 0.00369816 0.00799797 -0.00658648 0.00993654 0.0083689 -0.0119351
internal_weight=148.589 85.3028 72.4266 63.2862 38.7046 10.631 24.5816 19.3396 16.5404 12.8762 28.0736 10.291 67.9947 21.0998 46.8949 10.5802 7.81035 5.24199 5.76628 17.7826 4.86475 4.43184
internal_count=750 441 387 309 211 52 98 77 67 54 159 46 363 124 239 42 32 21 27 113 25 24
is_linear=0
shrinkage=0.01


Tree=171
num_leaves=19
num_cat=0
split_feature=54 58 38 27 34 26 48 61 35 2 26 33 50 39 40 62 70 1
split_gain=10.0805 5.86946 3.73493 3.72679 3.50702 3.16776 4.02787 5.31316 3.89389 4.81324 3.68471 3.57574 2.83423 4.17777 3.72758 2.80415 2.81262 0.295418
threshold=9.9986486434936541 -2799615.9999999995 -2.0078655481338497 -98551807.999999985 0.30619779229164129 0.0014285719371400776 -0.71337834000587452 295.83566284179693 1.4261325597763064 2509484.5000000005 0.0021428598556667571 -1.4635440707206724 0.00018708148127188909 5.1128616333007821 2.2176516056060795 0.077738929539918913 859171.06250000012 586563.00000000012
decision_type=2 2 2 2 2 2 2 2 2 2 2 2 2 2 2 2 2 2
left_child=1 4 17 -2 15 6 7 -5 9 -7 -10 -8 14 -14 -4 -1 -17 -3
right_child=3 2 12 5 -6 8 11 -9 10 -11 -12 -13 13 -15 -16 16 -18 -19
leaf_value=0.01510409940664087 -0.0069015118521149298 -0.0070672091628106604 -9.1330667748241569e-05 0.0069605071343178185 -0.0065779378798208775 0.014639570265719066 -0.0011966021868168495 -0.0065075388652992526 -0.014002045974324374 0.0012573428144270846 0.0022251367073558219 0.010281343382277311 -0.0069606547368963054 0.0070796886301936488 -0.010904019160411775 -0.0024088288822871448 0.0096652022178277692 -0.014273510665526215
leaf_weight=3.035460561513899 3.2085062265396109 1.6078169643878926 43.42229700833559 7.0912363082170469 2.2937939912080756 3.2305997610092225 2.9937052577733985 4.946479819715023 2.8395006954669944 17.427462592720985 2.5821903198957443 18.794953674077991 18.714478768408302 2.3206353634595862 3.4588927030563346 3.7949302792549133 3.7303418815135956 2.8033726438879967
leaf_count=12 15 10 220 38 12 13 13 23 12 72 10 113 115 9 19 16 14 14
internal_value=0.000449458 -0.00178701 -0.00290199 0.00348373 0.00440877 0.00405665 0.00608473 0.00134321 0.00138781 0.00339852 -0.00608908 0.00865841 -0.00230456 -0.00536416 -0.000910421 0.00688977 0.00344349 -0.0118736
internal_weight=148.297 85.182 72.3275 63.1146 12.8545 59.9061 33.8264 12.0377 26.0798 20.6581 5.42169 21.7887 67.9163 21.0351 46.8812 10.5607 7.52527 4.41119
internal_count=750 441 387 309 54 294 187 61 107 85 22 126 363 124 239 42 30 24
is_linear=0
shrinkage=0.01


Tree=172
num_leaves=16
num_cat=0
split_feature=54 50 27 13 3 56 67 18 13 59 33 3 6 1 17
split_gain=9.90383 4.17661 3.66102 3.37264 6.41666 3.76822 4.15964 3.57002 3.16449 2.62568 5.02578 4.82081 3.76669 4.33752 1.29953
threshold=9.9986486434936541 -0.11157178133726119 -98551807.999999985 157951512.00000003 -879224.49999999988 0.8114321529865266 4.3067798614501962 62943.000000000007 182855504.00000003 0.86200872063636791 -1.3731080889701841 2497548.0000000005 -59843590143.999992 12833417.500000002 1.0000000180025095e-35
decision_type=2 2 2 2 2 2 2 2 2 2 2 2 2 2 2
left_child=1 -1 -2 5 -5 6 -3 -7 -6 12 -11 -12 13 -4 -14
right_child=2 3 9 4 8 7 -8 -9 -10 10 11 -13 14 -15 -16
leaf_value=0.0095215339578821074 -0.0068385500724779504 -0.0011556312149969387 0.0079151994673819556 -0.0080092045477523129 0.015947431766954918 -0.0080345617497606086 0.012868022507863969 -0.0023808676682920775 0.0028808316429353754 -0.0087775684452480861 0.0055620525406836407 -0.0036484523285626562 0.0038416492257815024 -0.0052968376787509344 0.012138433123072917
leaf_weight=3.1210734844207755 3.2056803554296485 19.020441778004173 5.6091375350952166 3.9396753013133994 2.8875072747468931 19.041546300053596 2.3748865872621527 28.777877360582352 5.8952099680900574 3.6136561930179587 26.374329254031181 7.1063251793384543 2.812907099723815 4.3853606432676315 9.8515217453241331
leaf_count=12 15 90 28 17 11 124 9 152 26 16 123 32 13 23 59
internal_value=0.00044557 -0.00177211 0.00345756 -0.0022145 0.0024742 -0.00309078 0.000354259 -0.00465306 0.00729062 0.00402667 0.0023467 0.00357724 0.00673276 0.002018 0.0103746
internal_weight=148.017 85.0582 62.9589 81.9371 12.7224 69.2148 21.3953 47.8194 8.78272 59.7532 37.0943 33.4807 22.6589 9.9945 12.6644
internal_count=750 441 309 429 54 375 99 276 37 294 171 155 123 51 72
is_linear=0
shrinkage=0.01


Tree=173
num_leaves=20
num_cat=0
split_feature=54 58 27 34 50 34 58 34 26 48 61 35 2 26 35 27 62 71 34
split_gain=9.72488 5.73818 3.5952 3.46762 4.45576 4.78541 3.87392 3.44613 3.12442 3.98269 5.22086 3.79252 4.7479 3.61685 2.76398 3.05579 2.74502 2.76382 2.21667
threshold=9.9986486434936541 -2799615.9999999995 -98551807.999999985 -0.27663634717464441 0.00018708148127188909 0.06604205816984178 -163839.99999999997 0.30619779229164129 0.0014285719371400776 -0.71337834000587452 295.83566284179693 1.4261325597763064 2509484.5000000005 0.0021428598556667571 1.4261325597763064 -1167359.9999999998 0.077738929539918913 670763.37500000012 -1.134804844856262
decision_type=2 2 2 2 2 2 2 2 2 2 2 2 2 2 2 2 2 2 2
left_child=1 7 -2 14 5 -5 -6 16 9 10 -4 12 -10 -13 15 -3 -1 -18 -11
right_child=2 3 8 4 6 -7 -8 -9 11 18 -12 13 -14 -15 -16 -17 17 -19 -20
leaf_value=0.014996511729412243 -0.0067761938847527275 -0.0027990418377281268 0.0068916403641333234 0.010596199106963983 0.00051261075823356419 -0.00052675003458245646 -0.0099209503809783144 -0.0065276924109877055 0.014543021357757995 0.0042009179834429089 -0.0064779101527904304 -0.013874103780799488 0.0012109126497992556 0.0022038092892209017 0.0026049286707944246 -0.0098914998016413642 -0.0027375270628772824 0.0092511607778431437 0.011091985576507543
leaf_weight=3.018143877387045 3.2028423100709906 11.670211672782903 7.0531058534979802 4.5765427574515369 5.8276169225573531 24.176687777042389 8.4865555018186551 2.2874839752912512 3.2073323279619279 7.9721773713827124 4.9418324455618858 2.838787466287612 17.411384612321854 2.5806217938661575 3.4888690561056128 13.881252825260161 3.5661904737353325 3.9506193250417709 13.62173365801573
leaf_count=12 15 55 38 20 33 126 51 12 13 42 23 12 72 10 19 83 15 15 84
internal_value=0.000441842 -0.00175694 0.00342996 -0.00286144 -0.00103207 0.00120887 -0.00560336 0.00437631 0.00399495 0.00601918 0.00130011 0.00134532 0.00333328 -0.00603358 -0.00554 -0.00669127 0.00683884 0.00343035 0.00859421
internal_weight=147.76 84.9302 62.8298 72.1077 43.0674 28.7532 14.3142 12.8224 59.627 33.5888 11.9949 26.0381 20.6187 5.41941 29.0403 25.5515 10.535 7.51681 21.5939
internal_count=750 441 309 387 230 146 84 54 294 187 61 107 85 22 157 138 42 30 126
is_linear=0
shrinkage=0.01


Tree=174
num_leaves=16
num_cat=0
split_feature=43 54 26 7 7 41 54 22 34 44 62 61 48 34 36
split_gain=9.57106 5.4475 5.02115 4.08846 4.31278 3.52006 4.27419 5.89696 3.34731 3.23475 3.10904 2.81807 3.24734 3.09155 1.87433
threshold=17075.645507812504 0.19414236396551135 0.0018064273754134776 2.9118626117706303 1.903550982475281 2.3599539995193486 0.75373369455337536 7756.1914062500009 -0.64827111363410939 703328.68750000012 0.32647289335727697 365.07525634765631 -0.71337834000587452 -0.38154527544975275 0.27462452650070196
decision_type=2 2 2 2 2 2 2 2 2 2 2 2 2 2 2
left_child=5 -2 11 4 -4 6 7 8 -1 10 -8 13 -13 -3 -9
right_child=1 2 3 -5 -6 -7 9 14 -10 -11 -12 12 -14 -15 -16
leaf_value=-0.0044917924220103838 -0.0085190074361958436 0.0041444267863815993 0.0013304526443281034 0.013529409637129682 -0.0074188644743017418 0.0079804525986964525 -0.010737863300072656 -0.012471465491938094 0.0053593517207687893 0.0043227703996953819 -0.003146781190244904 -0.0091621286810528654 0.0067659756143758258 0.010349445581695907 -0.0029195932613705583
leaf_weight=4.5957617536187216 4.3052360713481894 21.868601247668266 38.826058998703957 2.3722351044416419 6.5883824527263632 2.7866101115941992 13.297133691608911 3.9466343149542791 12.957753270864487 2.435111626982688 9.8446895629167539 2.6227007955312729 2.4596778601407996 13.557058364152907 5.0306114554405212
leaf_count=24 19 117 153 10 28 11 96 25 57 11 66 12 12 81 28
internal_value=0.000438303 0.00240551 0.00294951 0.000729761 3.91487e-05 -0.00286191 -0.00346093 -0.000607058 0.00272321 -0.00638214 -0.00755178 0.00554343 -0.00125677 0.00654726 -0.00723024
internal_weight=147.494 92.6 88.2947 47.7867 45.4144 54.8943 52.1077 26.5308 17.5535 25.5769 23.1418 40.508 5.08238 35.4257 8.97725
internal_count=750 432 413 191 181 318 307 134 81 173 162 222 24 198 53
is_linear=0
shrinkage=0.01


Tree=175
num_leaves=19
num_cat=0
split_feature=43 26 41 56 24 1 17 29 72 23 46 7 7 71 43 33 43 51
split_gain=9.39991 5.04046 3.45677 4.02628 4.21668 4.28521 3.41139 3.36911 6.26688 5.07471 3.35881 3.92433 3.88752 3.13765 3.63328 2.92336 3.56522 1.65622
threshold=17075.645507812504 0.0018064273754134776 2.3599539995193486 0.91547101736068737 459.00000000000006 1383051.5000000002 23753.500000000004 0.32933679223060613 -2542327.6249999995 177.00000000000003 -0.96636253595352162 2.9118626117706303 1.9612647891044619 611104.12500000012 1059252.6250000002 -1.2964009046554563 3239406.8750000005 0.091160804033279433
decision_type=2 2 2 2 2 2 2 2 2 2 2 2 2 2 2 2 2 2
left_child=2 6 3 4 5 -1 13 9 -9 -5 -3 12 -12 14 -2 16 -8 -17
right_child=1 10 -4 7 -6 -7 15 8 -10 -11 11 -13 -14 -15 -16 17 -18 -19
leaf_value=0.00027131620953069121 0.0057219513350087467 -0.010164247625561952 0.007908760192221212 -0.010720195888034821 0.012295432274611429 -0.012509308095528967 -0.0032374344659646848 -0.00814314868660416 0.013126197374730829 -0.0010212750961039628 0.0014191258947414127 0.01347484477468071 -0.0070235139061669795 0.010923704654891189 -0.0044605936678836127 0.011325408282405334 0.010907724994140314 0.0032525323225708271
leaf_weight=16.340000472962863 5.8177781403064754 2.9121532142162314 2.783766195178031 16.055009424686439 2.4142379611730567 3.0950144976377478 4.6483450829982784 3.136707492172718 2.4650748074054709 8.4861831218004209 38.82246695458889 2.3580937087535849 6.3369877487421027 2.9491486251354209 8.7672759145498258 13.402531564235689 2.8358241021633148 3.5993290469050399
leaf_count=75 27 14 11 117 9 19 22 22 12 53 152 10 27 15 39 86 15 25
internal_value=0.000434639 0.00238549 -0.00283971 -0.00343444 -0.000118955 -0.00171254 0.00494469 -0.00580451 0.00103795 -0.00740712 0.000233219 0.000891481 0.000212271 0.00150548 -0.000330353 0.00736664 0.00198869 0.00967518
internal_weight=147.226 92.4499 54.776 51.9922 21.8493 19.435 42.0202 30.143 5.60178 24.5412 50.4297 47.5175 45.1595 17.5342 14.5851 24.486 7.48417 17.0019
internal_count=750 432 318 307 103 94 229 204 34 170 203 189 179 81 66 148 37 111
is_linear=0
shrinkage=0.01


Tree=176
num_leaves=16
num_cat=0
split_feature=54 50 55 27 12 70 39 26 48 61 35 2 33 26 33
split_gain=9.27411 4.02188 3.81941 3.53606 3.07272 3.43702 3.24916 3.03234 3.89851 5.04804 3.66937 4.70283 3.54524 3.53481 0.158159
threshold=9.9986486434936541 -0.11157178133726119 -1.6334078907966612 -98551807.999999985 172546648.00000003 1573892.7500000002 5.4530375003814706 0.0014285719371400776 -0.71337834000587452 295.83566284179693 1.4261325597763064 2509484.5000000005 -1.4635440707206724 0.0021428598556667571 1.0000000180025095e-35
decision_type=2 2 2 2 2 2 2 2 2 2 2 2 2 2 2
left_child=1 -1 14 -2 5 -4 -6 8 9 -5 11 -9 -10 -12 -3
right_child=3 2 4 7 6 -7 -8 10 12 -11 13 -13 -14 -15 -16
leaf_value=0.00938314200016639 -0.0067714691082082683 -0.013484486439133119 -0.0029611098448835659 0.0067921940940745334 0.0078006665371682599 0.0063100839214289411 -0.0049985284084027989 0.014468637035637109 -0.0013231770732986009 -0.0063784628670074004 -0.013698803682708944 0.0011623171116467519 0.010151046903317263 0.0022040481923778867 -0.0072571424686863374
leaf_weight=3.1083200275897971 3.196489453315734 2.683880850672721 63.791830435395241 6.9928590506315214 6.329830199480055 4.2030342668294898 2.7903282344341278 3.186560854315764 2.9795847088098517 4.9406249821186066 2.8372531831264487 17.377780213952065 18.345866084098819 2.5751980394124985 1.5705647617578504
leaf_count=12 15 17 344 38 27 17 12 13 13 23 12 72 113 10 12
internal_value=0.000431364 -0.00172077 -0.00215723 0.00335945 -0.00163319 -0.00237331 0.00377508 0.00392302 0.00593135 0.00125556 0.00131319 0.00327283 0.00850098 -0.0059476 -0.0114207
internal_weight=146.91 84.4778 81.3695 62.4322 77.115 67.9949 9.12016 59.2357 33.2589 11.9335 25.9768 20.5643 21.3255 5.41245 4.25445
internal_count=750 441 429 309 400 361 39 294 187 61 107 85 126 22 29
is_linear=0
shrinkage=0.01


Tree=177
num_leaves=18
num_cat=0
split_feature=54 58 38 27 34 26 48 50 35 2 33 26 71 11 62 70 25
split_gain=9.10974 5.49695 3.66803 3.47364 3.40655 2.99377 3.85784 4.13165 3.59734 4.64217 3.51277 3.46474 2.76803 3.47518 2.69363 2.71337 0.286358
threshold=9.9986486434936541 -2799615.9999999995 -2.0078655481338497 -98551807.999999985 0.30619779229164129 0.0014285719371400776 -0.71337834000587452 -0.062581568956375108 1.4261325597763064 2509484.5000000005 -1.4635440707206724 0.0021428598556667571 933755.84375000012 32.369998931884773 0.077738929539918913 859171.06250000012 70415.000000000015
decision_type=2 2 2 2 2 2 2 2 2 2 2 2 2 2 2 2 2
left_child=1 4 16 -2 14 6 7 -5 9 -7 -8 -10 13 -4 -1 -16 -3
right_child=3 2 12 5 -6 8 10 -9 11 -11 -12 -13 -14 -15 15 -17 -18
leaf_value=0.014883765842124337 -0.0067098265779440402 -0.014001121990433865 -0.0031448635570747079 0.011797777984594192 -0.006566962154098706 0.014401458877730325 -0.0013096129173556343 -0.0019627615789781796 -0.013559729504988433 0.001150766181367094 0.010114487346196733 0.0021827247062294599 -0.011903642337267643 0.0021104069009579163 -0.0023776443135028135 0.0095111676163609632 -0.0067092696333360688
leaf_weight=2.9950139522552472 3.1936112791299811 2.8662003725767127 47.551477573812008 2.8499051108956328 2.2717252746224394 3.1694964617490831 2.9803366065025321 9.0679439380764943 2.8376873433589926 17.376694455742836 18.228645205497745 2.5743563920259476 2.8495688736438742 16.876082330942154 3.7719879075884819 3.7118816077709198 1.4802326038479803
leaf_count=12 15 15 279 17 12 13 13 44 12 72 113 10 13 71 16 14 9
internal_value=0.000427775 -0.00170567 -0.00279111 0.00333419 0.0043131 0.003894 0.00589536 0.00124388 0.00130143 0.00324352 0.008462 -0.00588672 -0.00219759 -0.00175278 0.00676723 0.0033854 -0.0117479
internal_weight=146.653 84.3742 71.6236 62.2787 12.7506 59.0851 33.1268 11.9178 25.9582 20.5462 21.209 5.41204 67.2771 64.4276 10.4789 7.48387 4.34643
internal_count=750 441 387 309 54 294 187 61 107 85 126 22 363 350 42 30 24
is_linear=0
shrinkage=0.01


Tree=178
num_leaves=20
num_cat=0
split_feature=25 55 69 48 38 59 67 57 52 2 0 70 35 36 33 23 27 49 67
split_gain=8.90596 6.29107 5.86871 6.07389 5.36793 4.21007 3.8867 4.39797 11.0498 3.17293 3.84678 2.74458 2.66572 2.61335 2.00921 1.43045 2.81579 1.05364 0.203695
threshold=47714.000000000007 -0.18110813945531842 25.864682197570804 -0.15719246864318845 0.44168242812156683 0.41494457423686987 4.6730723381042489 1.6530030965805056 -1.0000000180025095e-35 49838206.000000007 215528.00000000003 118041.80859375001 1.5225622057914736 -1.5848813056945799 -0.59654036164283741 170.50000000000003 -1.0000000180025095e-35 -0.92284470796585072 4.3067798614501962
decision_type=2 2 2 2 2 2 2 2 2 2 2 2 2 2 2 2 2 2 2
left_child=5 15 -3 18 -5 9 7 8 -7 10 17 -9 14 -11 -8 -2 -17 -1 -4
right_child=1 2 3 4 -6 6 12 11 -10 13 -12 -13 -14 -15 -16 16 -18 -19 -20
leaf_value=0.0039099094620165809 -0.01238873542763139 0.012327771963872644 -0.012102692020072827 -0.0034000908851949635 0.0113649401558972 0.0026963400040447266 0.0018145685985862486 -0.0027086124334258629 -0.011193632400542795 0.005224303483584704 -0.0050750642926483229 0.0026271017993205483 -0.0018250095446133104 -0.0088548917826836125 0.01319956326162554 0.0016217256971966017 -0.012560483578971412 0.01228742150226597 -0.0058164811856166801
leaf_weight=2.2335484921932212 7.7057778164744359 2.9823028147220638 4.7499914616346386 7.2001712098717672 3.7086893171072006 12.562506429851057 2.513279415667057 11.811901457607744 10.401806116104124 3.3551158010959625 1.6705926358699787 49.297471664845943 2.5659098401665688 2.1660694032907477 5.2321851775050146 2.7103360891342163 2.6775346398353577 9.4640671014785784 1.3662795051932333
leaf_count=13 54 13 34 40 17 61 14 55 61 17 8 212 15 11 27 14 17 58 9
internal_value=0.000424141 -0.00412984 -0.00054988 -0.0028644 0.00152791 0.00176373 0.000888855 0.000165978 -0.00355165 0.00608232 0.00871797 0.00157939 0.00668585 -0.000118121 0.00963442 -0.00952374 -0.00524061 0.0107733 -0.0108619
internal_weight=146.376 33.1011 20.0074 17.0251 10.9089 113.274 94.3851 84.0737 22.9643 18.8894 13.3682 61.1094 10.3114 5.52119 7.74546 13.0936 5.38787 11.6976 6.11627
internal_count=750 198 113 100 57 552 445 389 122 107 79 267 56 28 41 85 31 71 43
is_linear=0
shrinkage=0.01


Tree=179
num_leaves=18
num_cat=0
split_feature=54 50 55 1 64 47 59 12 70 39 35 42 38 41 22 59 36
split_gain=8.80701 3.88036 3.74045 2.97452 6.33437 4.46903 4.4373 2.96857 3.3218 3.18773 2.94746 1.88521 2.34303 1.40268 0.644536 0.449019 0.0783931
threshold=9.9986486434936541 -0.11157178133726119 -1.6334078907966612 8984807.0000000019 0.23838494718074801 -1.3820436000823972 0.71377483010292064 172546648.00000003 1573892.7500000002 5.4530375003814706 1.4261325597763064 -0.00043949999962933356 -0.8785596191883086 -1.2170381546020506 11427.294921875002 0.99195060133934032 -0.45681262016296381
decision_type=2 2 2 2 2 2 2 2 2 2 2 2 2 2 2 2 2
left_child=1 -1 16 10 5 15 -7 8 -4 -9 11 12 -2 -6 -13 -5 -3
right_child=3 2 7 4 13 6 -8 9 -10 -11 -12 14 -14 -15 -16 -17 -18
leaf_value=0.0092517362317295002 0.00084295364353305965 -0.014064758031367822 -0.0029009849551748278 0.0074318545058643408 -0.015670380834947817 0.0066194801841307953 -0.0014951884544641852 0.007727863668360751 0.0062294178799615933 -0.0049558997762603205 -0.0015597576201261674 0.013437633807339897 0.0098115040109819952 -0.0033936753843580576 0.005848282849480883 0.014994044293963516 -0.0086720735889065197
leaf_weight=3.0938547700643531 6.6390925198793447 1.8882080167531965 63.515287585556507 2.1343632638454428 2.1865306496620178 10.567204222083094 18.265560738742352 6.3094541877508146 4.1878603398799887 2.7897126525640488 4.0225385278463355 5.7532706633210191 5.5973244160413742 2.0615945607423773 2.0626239404082298 2.7256484776735306 2.3182704001665106
leaf_count=12 31 11 344 12 10 63 83 27 17 12 19 30 28 10 11 12 18
internal_value=0.000420545 -0.00167978 -0.00210961 0.00328502 0.00150522 0.00297897 0.00144415 -0.00159157 -0.00232144 0.00372925 0.00604837 0.00762445 0.00502718 -0.00994795 0.0115627 0.0118787 -0.0113305
internal_weight=146.118 84.1026 81.0088 62.0158 37.9409 33.6928 28.8328 76.8023 67.7031 9.09917 24.0749 20.0523 12.2364 4.24813 7.81589 4.86001 4.20648
internal_count=750 441 429 309 190 170 146 400 361 39 119 100 59 20 41 24 29
is_linear=0
shrinkage=0.01


Tree=180
num_leaves=19
num_cat=0
split_feature=54 12 27 56 18 49 64 67 56 26 48 0 33 43 2 24 23 37
split_gain=8.64856 3.44463 3.39895 3.03134 4.99023 5.89425 4.0882 3.83042 4.29751 2.93696 3.78308 4.91886 3.48186 3.40323 5.23554 2.60418 3.93618 0.623526
threshold=9.9986486434936541 172546648.00000003 -98551807.999999985 0.8114321529865266 76518.500000000015 1.4657732844352724 0.32651112973690039 4.3067798614501962 0.36163802444934851 0.0014285719371400776 -0.71337834000587452 211084.50000000003 -1.4635440707206724 125275.27343750001 7038409.0000000009 168.50000000000003 32.500000000000007 1.4725352525711062
decision_type=2 2 2 2 2 2 2 2 2 2 2 2 2 2 2 2 2 2
left_child=1 3 -2 7 6 -6 -5 8 -1 10 11 -4 -12 17 -15 16 -3 -11
right_child=2 15 9 4 5 -7 -8 -9 -10 13 12 -13 -14 14 -16 -17 -18 -19
leaf_value=-0.0034049880544837624 -0.0066762626270027974 0 0.0039878383430916198 -0.010635574252057562 0.00078994540599986568 -0.011572602386625172 -0.0015627362084334212 0.012709892074862431 0.0075774302632609074 -0.0097335748434282197 -0.0013591913200338619 -0.013979798913554593 0.010040763059362016 0.010175536082274745 -0.00039672207978095258 -0.0046718554498430412 0.014421040315323921 -0.0019973344928184834
leaf_weight=14.899322815239435 3.1926589310169211 3.7744931578636152 10.075510419905184 13.972607254981996 25.549164518713955 4.5232389196753493 8.1417870521545392 2.3661025613546363 4.6611057668924323 2.5210106670856502 2.9714775532484046 1.7844272553920735 17.974705047905449 6.9133021086454418 14.010449111461638 2.533010333776474 3.5802188813686371 2.4519010633230209
leaf_count=73 15 16 53 90 127 27 53 9 20 10 13 8 113 29 58 11 15 10
internal_value=0.000417074 -0.00166501 0.00325892 -0.00241297 -0.00372687 -0.00103627 -0.00734048 0.000668601 -0.000736835 0.00381629 0.00581216 0.00120014 0.0083758 0.0012493 0.00304861 0.0038402 0.00690777 -0.0061203
internal_weight=145.896 84.0011 61.8954 74.1133 52.1868 30.0724 22.1144 21.9265 19.5604 58.7028 32.8061 11.8599 20.9462 25.8967 20.9238 9.88772 7.35471 4.97291
internal_count=750 441 309 399 297 154 143 102 93 294 187 61 126 107 87 42 31 20
is_linear=0
shrinkage=0.01


Tree=181
num_leaves=21
num_cat=0
split_feature=25 45 21 57 28 14 27 59 67 57 52 45 34 2 0 36 35 41 19 24
split_gain=8.53402 6.43813 6.47135 5.57295 4.89476 4.06792 5.20596 4.06131 3.78628 4.20729 10.8243 4.69908 3.37606 3.1662 3.75293 2.57474 1.85376 1.78512 1.42868 1.18381
threshold=47714.000000000007 -0.28670299053192133 8277.0000000000018 1.2658228278160097 21.468750000000004 0.3267000019550324 -1.0000000180025095e-35 0.41494457423686987 4.6730723381042489 1.6530030965805056 -1.0000000180025095e-35 -0.91951358318328846 0.98415949940681469 49838206.000000007 215528.00000000003 -1.5848813056945799 1.5225622057914736 1.6174503564834597 28645.702148437504 5.5000000000000009
decision_type=2 2 2 2 2 2 2 2 2 2 2 2 2 2 2 2 2 2 2 2
left_child=7 18 3 4 -3 17 -7 13 9 10 -9 -11 16 14 19 -15 -10 -4 -2 -1
right_child=1 2 5 -5 -6 6 -8 8 12 11 -12 -13 -14 15 -16 -17 -18 -19 -20 -21
leaf_value=0.0028144424395625737 -0.012297790071873873 -0.011981669060023141 -0.012610973190795934 0.018173652810902496 0.0090380346584194807 0.0084905487493076477 -0.0077260099677115305 0.0026925293010536498 0.012401629080999408 0.011459614112705779 -0.011088446545413464 0.00074142867994983366 -0.003682101360646377 0.0051164875038018243 -0.0049609199261214263 -0.0088774573534610105 0.00027721542350419458 0 -0.0019644477198857407 0.012174883011563963
leaf_weight=1.9115653783082986 8.5933074876666051 1.9462845027446771 5.8142552748322469 2.6851022765040398 2.5716277658939362 3.8908483982086182 4.0243628025054932 12.533749379217626 6.104681156575678 4.440622352063655 10.329083412885664 56.508471600711346 2.32076196372509 3.3339054584503174 1.6685185283422459 2.1626239717006674 1.804835572838783 1.4893923997879026 1.8683311119675625 9.6156683340668661
leaf_count=10 61 13 39 11 11 19 24 61 31 19 61 248 14 17 8 11 11 8 12 61
internal_value=0.000413315 -0.00406001 -0.000988248 0.00676395 0 -0.00472304 0.000119159 0.00172701 0.000868353 0.000155095 -0.00348977 0.00153874 0.006614 0.00599346 0.0086522 -0.000207534 0.00976145 -0.0101076 -0.010548 0.0107094
internal_weight=145.618 32.8835 22.4219 7.20301 4.51791 15.2189 7.91521 112.734 94.0422 83.8119 22.8628 60.9491 10.2303 18.6923 13.1958 5.49653 7.90952 7.30365 10.4616 11.5272
internal_count=750 198 125 35 24 90 43 552 445 389 122 267 56 107 79 28 42 47 73 71
is_linear=0
shrinkage=0.01


Tree=182
num_leaves=23
num_cat=0
split_feature=25 45 21 57 28 14 27 59 17 27 28 24 46 17 18 46 17 1 58 41 19 10
split_gain=8.38996 6.36681 6.35298 5.42915 4.81453 4.02028 5.10354 4.00253 3.31758 4.44006 6.61894 4.12038 4.94566 3.80692 3.55919 2.92762 3.73122 2.93025 2.1117 1.77268 1.42262 0.424118
threshold=47714.000000000007 -0.28670299053192133 -1.0000000180025095e-35 1.2658228278160097 21.468750000000004 0.3267000019550324 -1.0000000180025095e-35 0.41494457423686987 7922.0000000000009 1652736.0000000002 -204.56249999999997 67.500000000000014 -0.74403044581413258 110613.50000000001 19059.000000000004 -0.36171983182430262 23753.500000000004 12833417.500000002 -7718911.9999999991 1.6174503564834597 28645.702148437504 8.6000000010244562e-05
decision_type=2 2 2 2 2 2 2 2 2 2 2 2 2 2 2 2 2 2 2 2 2 2
left_child=7 20 3 4 -3 19 -7 15 9 10 -9 12 -10 -13 -11 16 17 -1 -18 -4 -2 -17
right_child=1 2 5 -5 -6 6 -8 8 11 14 -12 13 -14 -15 -16 21 18 -19 -20 -21 -22 -23
leaf_value=0.0048005554613959238 -0.01226909929107153 -0.011949253184008982 -0.012577362081442356 0.017923791903119383 0.0089342374829778776 0.0083819255359521509 -0.007677700130769796 0.0010716277952765123 -0.00010562488147272582 0.010867641690689038 -0.011136563864562573 -0.0052574163151328894 0.0086084102891507627 0.0017991295197665276 -0.0018169680890841209 0.012696345762694457 -0.00095212069772904076 -0.010019460801071821 0.011526147677123438 0 -0.0019464878422736644 0.0056062179596463096
leaf_weight=2.3292388468980807 8.5275979712605459 1.932119749486447 5.7717083692550659 2.6952560320496559 2.5754701495170593 3.9018024355173111 4.0092640891671181 8.6061775758862513 10.592358388006689 3.8346391171216947 8.8886943534016627 10.15925047546625 16.031378865242004 30.868298001587391 4.9816680029034615 5.2955640479922286 1.7181295454502112 2.9585673213005066 4.622869372367858 1.4893923997879026 1.8667219281196583 1.6937501132488249
leaf_count=11 61 13 39 11 11 19 24 41 52 17 49 49 69 145 23 30 8 14 33 8 12 11
internal_value=0.000409941 -0.00403417 -0.000980444 0.0066962 0 -0.00469077 0.000116633 0.00171239 0.000860616 -0.00213388 -0.00507388 0.00204003 0.00510394 2.74122e-05 0.00358676 0.00595744 0.00276782 -0.00330224 0.00798739 -0.0100662 -0.0105115 0.0111212
internal_weight=145.35 32.7693 22.375 7.20285 4.50759 15.1722 7.91107 112.581 93.9625 26.3112 17.4949 67.6513 26.6237 41.0275 8.81631 18.6181 11.6288 5.28781 6.341 7.2611 10.3943 6.98931
internal_count=750 198 125 35 24 90 43 552 445 130 90 315 121 194 40 107 66 25 41 47 73 41
is_linear=0
shrinkage=0.01


Tree=183
num_leaves=23
num_cat=0
split_feature=54 58 38 34 26 2 71 2 44 17 47 17 62 71 11 62 56 52 39 47 61 1
split_gain=8.22543 5.19374 3.62495 3.31349 3.24425 3.75375 5.72871 3.4016 4.62229 4.13913 4.10135 3.03903 3.55579 2.75726 3.25785 2.66324 2.62471 2.26582 1.85302 1.75729 1.35027 0.291949
threshold=9.9986486434936541 -2799615.9999999995 -2.0078655481338497 0.30619779229164129 0.0014285732759162786 49838206.000000007 359125.71875000006 3063526.0000000005 757237.50000000012 162921.50000000003 0.27667139470577246 15237.500000000002 0.28254967927932745 933755.84375000012 32.369998931884773 0.077738929539918913 7.1895580291748056 -0.028579243458807465 9.372960567474367 0.86673143506050121 84.000000000000014 586563.00000000012
decision_type=2 2 2 2 2 2 2 2 2 2 2 2 2 2 2 2 2 2 2 2 2 2
left_child=1 3 21 15 5 11 18 17 10 -10 -9 12 -2 14 -4 -1 -17 -6 -7 -13 -8 -3
right_child=4 2 13 -5 7 6 20 8 9 -11 -12 19 -14 -15 -16 16 -18 -19 -20 -21 -22 -23
leaf_value=0.014766047048525591 0.0072556430499605556 -0.0067712396320835566 -0.0030132633438359159 -0.0065332474736923716 0.014433584631306437 -0.012752377781247255 0.012574517680338255 -0.01338138216219641 -0.0024579742222720661 0.0098167847300125906 0.00086052198644881743 0.011059183696434041 -0.0049142573423126244 -0.01180929686139532 0.0020894585092377117 0.0078106211368649293 -0.0044078596892379541 0.00068447013816543543 -0.00092879040152596501 0.0016041568678459412 0.00099887615673736755 -0.014031061409962992
leaf_weight=2.9723835885524732 6.2446594685316104 1.5511703118681897 46.940869808197021 2.2547139748930922 2.4958450496196747 2.7412183135747892 2.8016006946563721 4.7312549799680728 6.5850439667701703 4.6145907193422318 3.3129835277795792 14.146771326661112 3.8087117224931717 2.8332246840000144 16.823036715388298 4.7773743197321892 2.6707561612129211 2.6185592561960247 2.9525830745697021 2.5787750631570807 1.8867050260305402 2.7469417899847031
leaf_count=12 29 10 279 12 10 13 15 20 27 17 13 99 17 13 71 19 11 11 14 14 10 14
internal_value=0.00040643 -0.00162853 -0.00269127 0.00423674 0.00318706 0.00504815 0 0.000306715 -0.00157688 0.00251031 -0.00739161 0.00702719 0.00254562 -0.00209848 -0.00165131 0.00666304 0.00329505 0.00758961 -0.00679676 0.00966118 0.00812945 -0.0116437
internal_weight=145.09 83.5705 70.8952 12.6752 61.5193 37.161 10.3821 24.3583 19.2439 11.1996 8.04424 26.7789 10.0534 66.5971 63.7639 10.4205 7.44813 5.1144 5.6938 16.7255 4.68831 4.29811
internal_count=750 441 387 54 309 211 52 98 77 44 33 159 46 363 350 42 30 21 27 113 25 24
is_linear=0
shrinkage=0.01


Tree=184
num_leaves=18
num_cat=0
split_feature=25 45 55 34 68 59 61 31 2 0 17 38 45 19 25 24 48
split_gain=8.13186 6.31103 5.40206 4.31522 4.19477 3.91728 3.32359 4.49673 3.08457 3.69167 2.84022 2.48388 2.03039 1.42338 1.23572 1.16484 0.269961
threshold=47714.000000000007 -0.28670299053192133 -0.18110813945531842 -0.64827111363410939 81.14579010009767 0.41494457423686987 1133.9482421875002 -7.1415884494781485 49838206.000000007 215528.00000000003 7922.0000000000009 -1.5481600165367124 0.18690480291843417 28645.702148437504 298260.00000000006 5.5000000000000009 1.4401414394378664
decision_type=2 2 2 2 2 2 2 2 2 2 2 2 2 2 2 2 2
left_child=5 13 12 14 -5 8 7 -7 9 15 -9 -10 -3 -2 -4 -1 -14
right_child=1 2 3 4 -6 6 -8 10 11 -11 -12 -13 16 -15 -16 -17 -18
leaf_value=0.0027854794136277557 -0.012234580932702029 0 -0.012136909193558948 0.0088582582396986003 -0.0072761570930584621 -0.011826385682371281 0.012178066780785675 -0.0020384739462848442 0.0050484931747679998 -0.0049422367190730468 0.0020125268065822833 -0.008701311998009614 -0.012385600129599737 -0.0018952274160252383 0 0.01211324782153771 -0.0057392823437707897
leaf_weight=1.9015467986464525 8.446739122271536 2.4587578922510147 1.9413174316287016 8.8321535885334033 1.9030154868960369 2.8460552990436545 2.5259594321250907 23.37988755106926 3.312887117266655 1.6635272800922383 64.975730545818806 2.1685890406370154 4.1443708091974258 1.8629551976919163 1.5280245840549467 9.4226004704833013 1.4906463623046873
leaf_count=10 61 14 13 41 11 17 12 115 17 8 301 11 28 12 8 61 10
internal_value=0.000403207 -0.00398343 -0.000942605 0.00272131 0.00590497 0.00168702 0.000845096 0.000520249 0.00590547 0.008563 0.000929269 -0.000208791 -0.0074963 -0.0104633 -0.00684163 0.0106352 -0.0108049
internal_weight=144.805 32.608 22.2983 14.2045 10.7352 112.197 93.7276 91.2017 18.4692 12.9877 88.3556 5.48148 8.09378 10.3097 3.46934 11.3241 5.63502
internal_count=750 198 125 73 52 552 445 433 107 79 416 28 52 73 21 71 38
is_linear=0
shrinkage=0.01


Tree=185
num_leaves=17
num_cat=0
split_feature=54 58 34 3 50 27 34 24 62 56 49 24 17 27 60 58
split_gain=7.99503 5.07525 3.32838 4.80514 5.52453 3.32015 3.24953 3.07895 2.63389 2.58036 2.43895 5.55168 5.50156 3.22182 2.3838 1.77447
threshold=9.9986486434936541 -2799615.9999999995 -0.27663634717464441 -2020072.4999999998 0.00018708148127188909 -98551807.999999985 0.30619779229164129 5.5000000000000009 0.077738929539918913 5.1317062377929696 0.48955433070659643 242.50000000000003 110613.50000000001 -70199295.999999985 -0.00087159103713929642 -1183743.9999999998
decision_type=2 2 2 2 2 2 2 2 2 2 2 2 2 2 2 2
left_child=1 6 7 -4 -5 -2 8 -3 -1 -10 11 13 -12 -7 -9 -14
right_child=5 2 3 4 -6 10 -8 14 9 -11 12 -13 15 -15 -16 -17
leaf_value=0.014686365945062719 -0.0066900990930880847 0.0070771340796491949 -0.013863958104387879 0.0027055536397956855 -0.0051654542699795317 0.016544174482634587 -0.0064780422708329219 -0.00057536103832383438 0.0084097350890758489 -0.0033385712812559368 -0.00386390880072767 -0.013427398889667088 0.003411527111311213 0.0027626339728995747 -0.0078471063578523688 0.013850116822064473
leaf_weight=2.9561234861612302 3.1803250908851615 1.8017243072390581 2.6611594781279555 26.108561486005783 13.542427957057951 1.8070305883884419 2.2506965547800055 6.1771014928817811 4.2620176076889038 3.1806320399045944 3.0519926100969306 2.0434183478355399 2.4565822035074225 41.472232766449451 20.405291818082329 7.2550165504217139
leaf_count=12 15 9 14 135 81 7 12 29 17 13 15 10 12 210 119 40
internal_value=0.000399335 -0.00160867 -0.00266116 -0.000855756 0 0.00314731 0.00419451 -0.00531725 0.00660062 0.00325471 0.00370314 0.00258216 0.0076053 0.00336116 -0.00619495 0.0113126
internal_weight=144.612 83.3457 70.6963 42.3121 39.651 61.2666 12.6495 28.3841 10.3988 7.44265 58.0863 45.3227 12.7636 43.2793 26.5824 9.7116
internal_count=750 441 387 230 216 309 54 157 42 30 294 227 67 217 148 52
is_linear=0
shrinkage=0.01


Tree=186
num_leaves=18
num_cat=0
split_feature=43 54 26 56 24 1 24 65 31 31 35 5 34 71 28 23 6
split_gain=7.85844 5.02071 4.51631 3.45778 3.60418 3.7654 3.64139 3.0435 3.10013 5.70217 3.03946 5.26944 3.95287 2.77351 3.53689 1.84225 1.61657
threshold=17075.645507812504 0.19414236396551135 0.0018064273754134776 2.1094585657119755 459.00000000000006 2123322.0000000005 51.500000000000007 2.792587518692017 6.0854976177215585 8.6848063468933123 -1.1014665961265562 1197461.0625000002 -1.2665612101554868 595479.00000000012 270.76562500000006 177.00000000000003 -59962279935.999992
decision_type=2 2 2 2 2 2 2 2 2 2 2 2 2 2 2 2 2
left_child=3 -2 13 4 5 6 -1 8 15 -10 12 -12 -4 14 -3 -5 -9
right_child=1 2 10 7 -6 -7 -8 16 9 -11 11 -13 -14 -15 -16 -17 -18
leaf_value=0.0048456746832940519 -0.0083510735078154187 0.0022655566230844193 0.0069093428620691658 -0.011784543802494621 0.0099866412172764565 -0.012424015681710103 -0.0030960947862603339 -0.0034601888150606209 0.014615886760058207 -0.011280817388507801 0.0045176950683919817 -0.0090091200455759343 -0.0043654739333515288 0.011268622732078562 0.01047238617210524 -0.0031892291381732723 0.0084592399789141376
leaf_weight=8.7879613563418477 4.257635384798049 25.860659584403038 3.7643314749002483 10.511174000799661 2.9633859843015662 2.8858691230416289 16.738637514412403 2.593652755022049 1.618882775306701 1.7788138464093206 23.650922581553463 3.238555133342742 16.755304083228111 6.5393626093864432 6.7768003270030013 3.7292209342122069 1.9585905596613873
leaf_count=44 19 141 14 84 12 19 89 12 8 14 93 14 70 41 40 25 11
internal_value=0.000395766 0.00219308 0.00272311 -0.00263365 -0.000462158 -0.00158715 -0.000322832 -0.00565896 -0.00755001 0.000763733 0.000622989 0.00285134 -0.00224837 0.00523901 0.00400025 -0.00960386 0.00144844
internal_weight=144.41 90.8436 86.5859 53.5662 31.3759 28.4125 25.5266 22.1903 17.6381 3.3977 47.4091 26.8895 20.5196 39.1768 32.6375 14.2404 4.55224
internal_count=750 432 413 318 164 152 133 154 131 22 191 107 84 222 181 109 23
is_linear=0
shrinkage=0.01


Tree=187
num_leaves=22
num_cat=0
split_feature=25 45 21 57 28 14 27 59 17 5 40 28 70 40 28 2 48 36 41 37 18
split_gain=7.77959 6.23533 6.17609 5.26312 4.7069 3.9589 4.92496 3.80907 3.11566 4.38193 5.24907 4.08963 6.87211 4.69762 3.24559 3.0569 3.66539 2.44251 1.75549 1.3175 0.385914
threshold=47714.000000000007 -0.28670299053192133 8277.0000000000018 1.2658228278160097 21.468750000000004 0.3267000019550324 -1.0000000180025095e-35 0.41494457423686987 7922.0000000000009 81547.710937500015 -1.0000000180025095e-35 -271.99999999999994 253943.77343750003 -0.21101145446300504 322.50000000000006 49838206.000000007 -0.91026797890663136 -1.5848813056945799 1.6174503564834597 -1.9144100546836851 5480.0000000000009
decision_type=2 2 2 2 2 2 2 2 2 2 2 2 2 2 2 2 2 2 2 2 2
left_child=7 19 3 4 -3 18 -7 15 9 10 -9 12 -10 -13 -11 16 -1 -17 -4 -2 -18
right_child=1 2 5 -5 -6 6 -8 8 11 14 -12 13 -14 -15 -16 17 20 -19 -20 -21 -22
leaf_value=-0.0020254847424656139 -0.0023937747192874356 -0.011898036731360613 -0.012502916973716374 0.017684656873302094 0.0088356993380286526 0.0082870338113276449 -0.0075400625328367315 0.0017899539378914173 -0.008511304392076981 0.0068908666189688222 -0.0096339338306997251 -0.00061806957683090147 0.0026521323329080919 0.0062136439362087768 -0.0061836368154531288 0.00496843713788068 0.0054290637865995282 -0.0086723150541367505 0 -0.012195596098136011 0.012088985710139395
leaf_weight=2.5046190321445474 1.9664452150464047 1.9043286889791513 5.669572561979292 2.7065083459019661 2.5760000646114349 3.9020651131868362 3.954373836517334 6.3886580392718342 8.5948420092463511 6.9296340197324735 10.293147757649423 15.248603031039236 15.217290371656416 28.24060795456171 2.5418402403593063 3.3008621633052826 1.6255877315998084 2.1690500974655142 1.4813540056347845 8.2197211980819684 8.7202696204185468
leaf_count=13 12 13 39 11 11 19 24 33 41 31 55 77 68 129 11 17 9 11 8 61 57
internal_value=0.000392409 -0.00391459 -0.00089231 0.00667424 0 -0.00458247 0.000193513 0.00164906 0.000819249 -0.00209131 -0.00519896 0.00196515 -0.00133525 0.00379525 0.00327651 0.00582744 0.00849553 -0.000257876 -0.00996949 -0.0104015 0.0111392
internal_weight=144.155 32.3804 22.1942 7.18684 4.48033 15.0074 7.85644 111.775 93.4546 26.1533 16.6818 67.3013 23.8121 43.4892 9.47147 18.3204 12.8505 5.46991 7.15093 10.1862 10.3459
internal_count=750 198 125 35 24 90 43 552 445 130 88 315 109 206 42 107 79 28 47 73 66
is_linear=0
shrinkage=0.01


Tree=188
num_leaves=21
num_cat=0
split_feature=25 55 69 49 34 67 65 2 9 43 39 36 66 4 52 21 23 27 69 19
split_gain=7.64724 6.08244 5.52957 5.09579 6.19822 3.85189 5.73514 5.63495 4.52376 8.08074 4.1474 3.75559 3.31103 2.0518 2.4317 4.74812 1.41195 2.70961 0.290528 0.218349
threshold=47714.000000000007 -0.18110813945531842 25.864682197570804 -0.19376574456691739 1.2167142033576968 4.6730723381042489 -0.83115482330322255 5084850.0000000009 305827216.00000006 1216513.3125000002 5.4530375003814706 -1.3314724564552305 -4.781085491180419 1519242.7500000002 0.047655094414949424 -19377.499999999996 170.50000000000003 -1.0000000180025095e-35 90.000259399414077 82925.796875000015
decision_type=2 2 2 2 2 2 2 2 2 2 2 2 2 2 2 2 2 2 2 2
left_child=5 16 -3 18 -5 6 7 11 10 -10 -8 -1 -9 14 15 -7 -2 -18 -4 -16
right_child=1 2 3 4 -6 13 8 12 9 -11 -12 -13 -14 -15 19 -17 17 -19 -20 -21
leaf_value=-0.003410206141888748 -0.012222268808389542 0.01212625234177892 -0.012073790960804702 -0.0022185440676617796 0.017262592557118567 -0.0046764842990174712 -0.006575745045541319 0.0039948598792428477 -0.0027877476599527783 0.011422754733368932 0.0029892135513869085 0.010830584514248889 -0.0019333851036567244 -0.0034335867730413585 0.01200576398665971 0.012209976358600083 0.0016882063087445556 -0.01237562473251288 -0.0048709542768231133 0.0060804048164549412
leaf_weight=2.0816226899623862 7.3802551999688131 2.9838979914784458 4.1917773634195354 9.2064960151910764 1.9762191548943508 3.7183330953121185 20.423957660794262 19.201889663934704 11.49732565879822 6.088942512869834 5.6657160669565192 11.676288977265356 18.258466519415382 1.875370681285857 6.6657489687204343 2.9534161612391499 2.6889710947871208 2.5860156640410423 1.2536733523011205 1.5327150151133535
leaf_count=12 54 13 31 52 8 19 108 104 53 26 22 54 77 9 42 15 14 17 9 11
internal_value=0.000388954 -0.00388974 -0.000348973 -0.00264777 0.00113476 0.00163459 0.000842039 0.0031194 -0.0018057 0.00207553 -0.00446026 0.00860322 0.00107869 0.00606608 0.00733139 0.00264884 -0.00929792 -0.00501689 -0.0105992 0.01102
internal_weight=143.907 32.2673 19.6121 16.6282 11.1827 111.64 94.8942 51.2183 43.6759 17.5863 26.0897 13.7579 37.4604 16.7456 14.8702 6.67175 12.6552 5.27499 5.44545 8.19846
internal_count=750 198 113 100 60 552 456 247 209 79 130 66 181 96 87 34 85 31 40 53
is_linear=0
shrinkage=0.01


Tree=189
num_leaves=20
num_cat=0
split_feature=25 45 21 57 28 62 37 67 65 57 27 1 52 9 4 61 29 19 17
split_gain=7.51606 6.12745 6.02068 5.12478 4.59915 3.89777 4.50349 3.79506 5.62663 5.56663 5.55128 6.80429 4.41791 3.96836 2.02418 3.11269 3.78635 1.42925 0.655885
threshold=47714.000000000007 -0.28670299053192133 8277.0000000000018 1.2658228278160097 21.468750000000004 0.32545271515846258 1.0000000180025095e-35 4.6730723381042489 -0.83115482330322255 1.7129619121551516 2945024.0000000005 8984807.0000000019 -1.0000000180025095e-35 305827216.00000006 1519242.7500000002 189.97703552246097 0.32846157252788549 28645.702148437504 67363.000000000015
decision_type=2 2 2 2 2 2 2 2 2 2 2 2 2 2 2 2 2 2 2
left_child=7 17 3 4 -3 18 -7 8 10 12 11 -1 -10 -11 15 -9 -17 -2 -4
right_child=1 2 5 -5 -6 6 -8 14 9 13 -12 -13 -14 -15 -16 16 -18 -19 -20
leaf_value=0.0079576081628338034 -0.012146641261871321 -0.011860256345660925 -0.0026197999699272747 0.017432872616192013 0.0086916018236123174 0.0063573382896542551 -0.0078435837018803641 0.011849192089266705 0.0024396192494423709 -0.0031059083779304548 -0.010651382915521224 0.00039289162359631112 -0.010845160333139755 0.0040512192316182862 -0.0033957022458331702 -0.0017589763003731766 0.014340889084414134 -0.0017211695170175415 -0.012442305966260661
leaf_weight=22.255428448319435 8.2261602655053121 1.8852528855204607 1.1068572252988804 2.7154213115572929 2.5776350647211075 4.7220914959907514 4.2262935861945152 7.5070154517889041 3.2513671666383734 15.328278556466104 2.7428296953439704 26.164324820041656 9.4542807564139348 15.585943356156347 1.8773208558559407 5.319577619433403 1.9767421483993528 1.8409738987684239 4.8655069693922997
leaf_count=106 61 13 7 11 11 23 26 50 18 65 14 127 58 68 9 28 9 12 34
internal_value=0.000385658 -0.00386351 -0.000868156 0.00660069 0 -0.00452841 -0.00023796 0.00162086 0.000834517 -0.00178972 0.00309142 0.00389056 -0.00736689 0.000470135 0.00602905 0.00729182 0.0024658 -0.0103395 -0.0107893
internal_weight=143.629 32.1662 22.0991 7.17831 4.46289 14.9207 8.94839 111.463 94.7825 43.6199 51.1626 48.4198 12.7056 30.9142 16.6807 14.8033 7.29632 10.0671 5.97236
internal_count=750 198 125 35 24 90 49 552 456 209 247 233 76 133 96 87 37 73 41
is_linear=0
shrinkage=0.01


Tree=190
num_leaves=19
num_cat=0
split_feature=25 45 67 7 68 28 67 65 57 27 1 52 9 4 61 64 19 54
split_gain=7.38969 6.05908 5.17985 4.39905 4.68232 4.37008 3.73892 5.52094 5.47187 5.45492 6.69111 4.35659 3.89182 1.99713 3.09814 3.73356 1.42321 0.606437
threshold=47714.000000000007 -0.28670299053192133 -2.3838728666305538 1.1237105131149294 66.665672302246108 38.875000000000007 4.6730723381042489 -0.83115482330322255 1.7129619121551516 2945024.0000000005 8984807.0000000019 -1.0000000180025095e-35 305827216.00000006 1519242.7500000002 189.97703552246097 0.32958334684371954 28645.702148437504 0.60772565007209789
decision_type=2 2 2 2 2 2 2 2 2 2 2 2 2 2 2 2 2 2
left_child=6 16 17 4 -4 -5 7 9 11 10 -1 -9 -10 14 -8 -16 -2 -3
right_child=1 2 3 5 -6 -7 13 8 12 -11 -12 -13 -14 -15 15 -17 -18 -19
leaf_value=0.0078953673867828596 -0.012119854024711845 -0.013021494609826522 0.0031738890756081543 -0.0017118201730064618 -0.010296741450996497 0.013867866673153824 0.011825719373143664 0.0024129823097837795 -0.003075635474572039 -0.010584435234488172 0.00038898145540266062 -0.010779981009268708 0.0040138889401584313 -0.0033582844770199721 -0.0017407194481253133 0.014278002369797742 -0.0017052584284163405 -0.0034486880172344457
leaf_weight=22.206808820366859 8.1622188314795476 3.1836660951375988 5.8665882274508494 2.88751496374607 4.5147671848535538 4.3646523505449295 7.4469976425170916 3.2543713003396979 15.324379675090315 2.7326277866959563 26.163073122501373 9.4165199622511846 15.573649495840071 1.8792455196380604 5.3216061517596245 1.9656497687101362 1.8395768627524365 1.2353895008563993
leaf_count=106 61 18 34 17 29 18 50 18 65 14 127 58 68 9 28 9 12 9
internal_value=0.00038233 -0.00383911 -0.000861511 0.00151518 -0.00258805 0.00752679 0.00160726 0.000827135 -0.00177371 0.00306413 0.00385587 -0.0073126 0.00046536 0.00599255 0.00725305 0.00244291 -0.0103043 -0.0105716
internal_weight=143.339 32.0544 22.0526 17.6335 10.3814 7.25217 111.285 94.6714 43.5689 51.1025 48.3699 12.6709 30.898 16.6135 14.7343 7.28726 10.0018 4.41906
internal_count=750 198 125 98 63 35 552 456 209 247 233 76 133 96 87 37 73 27
is_linear=0
shrinkage=0.01


Tree=191
num_leaves=21
num_cat=0
split_feature=25 45 55 34 69 67 66 3 57 52 52 66 48 28 37 45 38 19 24 8
split_gain=7.26459 5.99254 5.14139 4.06414 4.0811 3.68359 5.42313 5.08355 4.96781 5.43331 4.55693 4.15998 3.31963 4.23721 3.27965 2.63812 2.24047 1.41723 0.552309 0.32473
threshold=47714.000000000007 -0.28670299053192133 -0.18110813945531842 1.2167142033576968 28.008154869079593 4.6730723381042489 -2.5432566404342647 -1108960.4999999998 1.7129619121551516 -1.0000000180025095e-35 -0.0039458537939935914 -4.781085491180419 -0.72914156317710865 209.12500000000003 -1.3454260826110838 0.12081780284643175 1.2186548113822939 28645.702148437504 373.50000000000006 0.86860099434852611
decision_type=2 2 2 2 2 2 2 2 2 2 2 2 2 2 2 2 2 2 2 2
left_child=5 17 15 4 -4 6 7 11 9 -8 -9 -1 13 -7 -10 -3 18 -2 -14 -17
right_child=1 2 3 -5 -6 12 8 10 14 -11 -12 -13 16 -15 -16 19 -18 -19 -20 -21
leaf_value=0.0035868580851108594 -0.01209339788370563 0.00205893878642805 0.012773841439766228 0.014175609714477211 -0.002608089613889762 -0.0083397950456185737 0.001711005028455061 0.0058360010449230839 -0.0041078526078218817 -0.010713792888321503 0.021708710709848124 -0.0050787202828784682 0.0126547749975319 0.010490865042144226 0.002398489515126541 -0.012168007748388443 0.00063745351891376716 -0.0016894835909591975 0.0049359586192133488 -0.0047843871610874986
leaf_weight=17.769067898392677 8.0985931977629679 2.0401351079344794 2.1081860363483385 2.539364457130433 9.4469959661364538 3.0082514733076122 5.3826225250959387 12.642619408667086 10.591509997844694 9.5261072963476163 2.2001022920012465 8.000137887895109 7.2180537357926351 1.97021909058094 28.448542065918446 4.6273286193609238 2.7543942779302588 1.83819269388914 1.5956874117255209 1.2551665902137754
leaf_count=97 61 11 9 11 53 14 29 63 46 59 9 34 42 12 119 33 17 12 11 8
internal_value=0.000378938 -0.00381383 -0.000854878 0.00271652 0.000111727 0.00159376 0.000819817 0.00358635 -0.00124425 -0.00616089 0.00825615 0.000857794 0.00595627 -0.000686737 0.000607714 -0.00733469 0.0089016 -0.0102694 0.0113708 -0.0107625
internal_weight=143.061 31.954 22.0172 14.0945 11.5552 111.107 94.5607 40.6119 53.9488 14.9087 14.8427 25.7692 16.5466 4.97847 39.0401 7.92263 11.5681 9.93679 8.81374 5.8825
internal_count=750 198 125 73 62 552 456 203 253 88 72 131 96 26 165 52 70 73 53 41
is_linear=0
shrinkage=0.01


Tree=192
num_leaves=19
num_cat=0
split_feature=43 54 26 7 7 56 24 22 2 71 63 65 31 35 15 60 6 68
split_gain=7.11856 4.76378 4.21081 3.95097 4.07306 3.47377 3.37243 3.46979 3.31767 5.03036 3.18339 2.84991 3.0301 5.45596 2.13606 1.84138 1.5714 0.43009
threshold=17075.645507812504 0.19414236396551135 0.0018064273754134776 2.9118626117706303 1.903550982475281 2.1094585657119755 459.00000000000006 20035.640625000004 49838206.000000007 359125.71875000006 0.32909096777439123 2.792587518692017 6.0854976177215585 1.0000000180025095e-35 0.34499999880790716 -7.6416181400418268e-05 -59962279935.999992 69.745464324951186
decision_type=2 2 2 2 2 2 2 2 2 2 2 2 2 2 2 2 2 2
left_child=5 -2 8 4 -4 6 7 10 14 -10 -1 12 15 -14 -3 -7 -13 -9
right_child=1 2 3 -5 -6 11 -8 17 9 -11 -12 16 13 -15 -16 -17 -18 -19
leaf_value=-0.0021569093822573163 -0.0081837927549386329 0.0076187549520676393 0.0011672298526506663 0.013322532605653874 -0.0073891712157946364 -0.0034060498657986914 0.0097541605628449161 -0.012216037232311199 -0.0057854606469848278 0.0080352875878856866 0.0061465252217502361 -0.0035378648451818797 0.01422631851910602 -0.011204735123118563 -0.0032617927052315571 -0.011867389152709375 0.0083114360026742447 -0.0039268130551826279
leaf_weight=17.566622450947772 4.252504050731658 26.11369697004557 38.399429470300674 2.3164557069540015 6.5036956518888465 3.9719064161181477 2.9630675315856925 2.8718962594866744 5.9567049890756589 4.7113606631755829 6.263005979359149 2.5666108578443527 1.6269220188260072 1.7397186756134031 1.8044050782918919 9.9282164201140422 1.9216611683368672 1.3291816487908361
leaf_count=96 19 159 153 10 28 30 12 19 28 26 28 12 8 14 9 79 11 9
internal_value=0.000375929 0.00209072 0.00261158 0.000585035 -4.97952e-05 -0.00253278 -0.000348273 -0.00145186 0.00506563 0.000224488 0 -0.00559903 -0.00745354 0.000787736 0.0068797 -0.00952154 0.00131263 -0.00983144
internal_weight=142.807 90.0583 85.8057 47.2196 44.9031 52.7488 30.9938 28.0307 38.5862 10.6681 23.8296 21.755 17.2668 3.36664 27.9181 13.9001 4.48827 4.20108
internal_count=750 432 413 191 181 318 164 152 222 54 124 154 131 22 168 109 23 28
is_linear=0
shrinkage=0.01


Tree=193
num_leaves=19
num_cat=0
split_feature=25 55 69 48 34 26 17 71 27 60 46 34 49 57 33 1 50 7
split_gain=7.04579 5.88394 5.26229 5.55218 5.36829 3.48781 5.44608 3.82287 5.76068 3.38075 3.21654 3.20046 3.30401 2.91098 2.73555 1.73855 0.623949 0.236846
threshold=47714.000000000007 -0.18110813945531842 25.864682197570804 -0.15719246864318845 1.2167142033576968 0.0018064273754134776 15237.500000000002 359125.71875000006 -4904959.9999999991 -0.00037009413063060487 -0.96636253595352162 -1.3675611019134519 -0.049645533785223954 1.2658228278160097 -1.4635440707206724 197338.00000000003 -0.00074193577165715386 1.2760254144668581
decision_type=2 2 2 2 2 2 2 2 2 2 2 2 2 2 2 2 2 2
left_child=5 15 -3 17 -5 6 7 8 -1 -8 -7 -12 -13 -9 -11 -2 -17 -4
right_child=1 2 3 4 -6 10 9 13 -10 14 11 12 -14 -15 -16 16 -18 -19
leaf_value=-0.012461597054738267 3.16220277541936e-05 0.011856076336512698 -0.011887512390282131 -0.0016792465634971887 0.016434235752680656 -0.010270706939063538 -0.0041840039495274449 -0.002600145568133096 0.00049062831709473188 -0.00014585467152380149 0.0089243397744595693 0.0018329214888136974 -0.003640956692184861 0.011365039297772042 0.0081293977087306749 -0.0057036143731934198 -0.0121122683191926 -0.0052055688988507974
leaf_weight=4.4664459973573747 1.5781923681497598 2.9934766963124302 4.4088513255119386 8.7015392929315514 1.9997728243470181 3.0468425303697577 2.9140047281980506 2.1655021458864203 14.297590233385561 4.4395207017660168 3.9731702804565421 26.376781180500984 18.861932709813118 4.1739703565835953 26.042935661971569 2.7155320793390265 8.0856498554348928 1.2917943969368932
leaf_count=21 9 13 34 49 8 15 19 10 82 20 15 107 76 20 167 16 60 9
internal_value=0.000372591 -0.00376919 -0.000277962 -0.00255348 0.0016122 0.00156983 0.00324848 -0.000232538 -0.00253913 0.00589505 -0.000290176 0.000307426 -0.000427265 0.00643693 0.00689137 -0.0091583 -0.0105936 -0.0105488
internal_weight=142.534 31.7748 19.3954 16.402 10.7013 110.759 58.5 25.1035 18.764 33.3965 52.2587 49.2119 45.2387 6.33947 30.4825 12.3794 10.8012 5.70065
internal_count=750 198 113 100 57 552 339 133 103 206 213 198 183 30 187 85 76 43
is_linear=0
shrinkage=0.01


Tree=194
num_leaves=21
num_cat=0
split_feature=25 45 21 57 28 62 59 47 67 57 52 45 34 2 0 36 54 49 34 38
split_gain=6.92383 5.90145 5.78522 4.93991 4.42863 3.79985 3.58661 3.44452 3.40764 3.77833 9.94678 4.53592 3.35365 2.98053 3.64723 2.40664 1.43186 1.30591 1.20031 0.608311
threshold=47714.000000000007 -0.28670299053192133 8277.0000000000018 1.2658228278160097 21.468750000000004 0.32545271515846258 0.41494457423686987 0.52533745765686046 4.6730723381042489 1.6530030965805056 -1.0000000180025095e-35 -0.91951358318328846 0.98415949940681469 49838206.000000007 215528.00000000003 -1.5848813056945799 -0.62963366508483876 -0.98536336421966542 -0.76469802856445301 0.6500823199748994
decision_type=2 2 2 2 2 2 2 2 2 2 2 2 2 2 2 2 2 2 2 2
left_child=6 16 3 4 -3 19 13 -7 9 10 -8 -11 18 14 17 -15 -2 -1 -10 -4
right_child=1 2 5 -5 -6 7 8 -9 12 11 -12 -13 -14 15 -16 -17 -18 -19 -20 -21
leaf_value=0.0020675340763929148 -0.0012884180219415483 -0.011796230061739854 -0.012457390625457088 0.017115078105129938 0.0084921710566218962 -0.01236004775965832 0.0024903378882333823 0.0029119703109991846 0.0035278029204630725 0.011197118382679601 -0.010842688226438116 0.00060506677751740855 -0.0041053778212175561 0.0048492090880119538 -0.005124839501621392 -0.0087312580025800633 -0.011996223353660495 0.012049777125457562 0.012490560638518795 -0.0033158461063221719
leaf_weight=1.8259243667125691 1.7323333248496045 1.8512786477804208 4.6111614629626265 2.7240342870354652 2.5688234567642212 1.8675070032477359 12.46423337608576 7.0124403908848763 2.6493803635239601 4.3870676457881919 10.026787102222441 55.875803597271442 2.2554167062044144 3.2731734812259674 1.6478019058704365 2.1565037071704856 8.0618135929107684 9.0627076104283351 4.9796987473964673 1.2469656765460966
leaf_count=11 10 13 32 11 11 12 61 37 15 19 61 248 14 17 8 11 63 60 27 9
internal_value=0.00036922 -0.00374363 -0.000806198 0.00652267 0 -0.00442665 0.00155615 -0.000187215 0.000750664 7.55727e-05 -0.00340923 0.00139275 0.00630142 0.00565383 0.00833842 -0.000360369 -0.0102044 0.0104677 0.00950911 -0.0106822
internal_weight=142.281 31.6764 21.8822 7.14414 4.4201 14.7381 110.604 8.87995 92.6384 82.7539 22.491 60.2629 9.8845 17.9661 12.5364 5.42968 9.79415 10.8886 7.62908 5.85813
internal_count=750 198 125 35 24 90 552 49 445 389 122 267 56 107 79 28 73 71 42 41
is_linear=0
shrinkage=0.01


Tree=195
num_leaves=20
num_cat=0
split_feature=25 45 21 14 27 59 59 67 65 2 17 34 2 48 36 41 19 34 49
split_gain=6.80743 5.83644 5.67982 3.75994 4.51508 3.56717 3.53407 3.35046 3.3501 6.38268 4.70369 3.30486 2.9476 3.61565 2.35593 1.76886 1.42626 1.19009 0.43094
threshold=47714.000000000007 -0.28670299053192133 8277.0000000000018 0.3267000019550324 -1.0000000180025095e-35 1.0726253986358645 0.41494457423686987 4.6730723381042489 -0.49927242100238794 5084850.0000000009 7922.0000000000009 0.98415949940681469 49838206.000000007 -0.91026797890663136 -1.5848813056945799 1.6174503564834597 28645.702148437504 -0.76469802856445301 -0.81465500593185414
decision_type=2 2 2 2 2 2 2 2 2 2 2 2 2 2 2 2 2 2 2
left_child=6 16 5 15 -5 -3 12 8 9 -8 -10 17 13 -1 -14 -4 -2 -9 -15
right_child=1 2 3 4 -6 -7 7 11 10 -11 -12 -13 14 18 -16 -17 -18 -19 -20
leaf_value=-0.0021941338727703907 -0.012027141880579399 -0.0021193622886823251 -0.012365187908501921 0.0079451061531673577 -0.007289425477008225 0.012118632052637088 0.0073596060491421932 0.0034967589676749657 -0.0078827259109554432 -0.00071508049934281546 0 -0.0040599730437941312 0.0048083109087277169 0.0052596778451005797 -0.0086221102723463075 0 -0.0015233160068204121 0.012435047880929029 0.012051408493895539
leaf_weight=2.471769094467164 7.9148896411061305 2.7683291137218502 5.4699977189302427 3.9136963710188866 3.8572997599840164 4.3732909113168716 14.725993297994135 2.6461883410811424 10.168458834290503 28.658194832503796 29.155246891081333 2.2578215599060059 3.268029972910881 1.697111681103707 2.1619374901056281 1.4550216868519781 1.8145850822329519 4.9520487040281278 8.2969736829400045
leaf_count=13 61 16 39 19 24 19 72 15 57 129 131 14 17 11 11 8 12 27 55
internal_value=0.000366155 -0.00371993 -0.000799981 -0.00439581 0.000254438 0.00645949 0.00154293 0.000743972 7.4958e-05 0.00200268 -0.00202639 0.00625659 0.00561954 0.00830213 -0.000354838 -0.00975855 -0.0101709 0.00945378 0.0109982
internal_weight=142.027 31.5671 21.8376 14.696 7.771 7.14162 110.46 92.564 82.7079 43.3842 39.3237 9.85606 17.8958 12.4659 5.42997 6.92502 9.72947 7.59824 9.99409
internal_count=750 198 125 90 43 35 552 445 389 201 188 56 107 79 28 47 73 42 66
is_linear=0
shrinkage=0.01


Tree=196
num_leaves=21
num_cat=0
split_feature=43 54 56 25 55 65 58 7 7 4 72 48 20 37 65 31 31 25 68 6
split_gain=6.72735 4.613 3.45493 3.55739 5.74162 4.89715 3.99975 3.30021 3.25415 4.73881 5.59497 3.93704 5.14675 3.21047 2.72551 2.95654 5.25101 2.61092 2.3065 1.53703
threshold=17075.645507812504 0.19414236396551135 2.1094585657119755 47714.000000000007 5.6894850786193282e-06 -1.0445479750633238 174080.00000000003 1.2760254144668581 0.72358629107475292 2663433.8750000005 -1050377.9687499998 1.2430022954940798 126685.89062500001 1.4241362214088442 2.792587518692017 6.0854976177215585 8.6848063468933123 248857.00000000003 45.666276931762702 -59962279935.999992
decision_type=2 2 2 2 2 2 2 2 2 2 2 2 2 2 2 2 2 2 2 2
left_child=2 -2 3 5 18 -1 -7 -6 9 10 -3 13 -13 -10 15 17 -17 -4 -5 -16
right_child=1 8 14 4 7 6 -8 -9 11 -11 -12 12 -14 -15 19 16 -18 -19 -20 -21
leaf_value=0.016716907682079857 -0.0080965906310821473 -0.010395145949973183 -0.011771608587416894 -0.012860072774005067 -0.00156586709691096 0.0048012082397181867 -0.011974353656460395 0.0098923741447799248 0.0040737982213219495 -0.014463716482784765 0.0026124158853894938 -0.010698647907869667 0.008119315915050395 0.01179601349033957 -0.0035729293102045078 0.013799503510777163 -0.011175787142371585 -0.00081276989233011699 -0.0025296851922584685 0.0082118064865501945
leaf_weight=2.4964484870433807 4.2358918935060492 3.7043954059481612 10.701794259250169 5.3260826021432894 7.7099578678607923 5.5592256411910075 1.9036161452531812 3.6603210866451263 37.28769938647747 2.0653321593999854 29.663824826478958 3.7138023898005477 2.3373224064707756 6.5334744527935973 2.5540918186306953 1.6429689675569528 1.7143406420946119 2.9799822121858588 4.107464425265789 1.8940280303359021
leaf_count=10 19 18 89 33 41 27 13 15 184 10 141 18 10 32 12 8 14 20 25 11
internal_value=0.000362905 0.00203295 -0.00247993 -0.000296413 -0.00267969 0.00458158 0.000388113 0.00203482 0.00254766 0.000200774 0.0011384 0.00419504 -0.00326472 0.00524795 -0.00555952 -0.00738809 0.000748531 -0.00945779 -0.00846812 0.00122025
internal_weight=141.792 89.5417 52.2503 30.7631 20.8038 9.95929 7.46284 11.3703 85.3059 35.4336 33.3682 49.8723 6.05112 43.8212 21.4872 17.0391 3.35731 13.6818 9.43355 4.44812
internal_count=750 432 318 164 114 50 40 56 413 169 159 244 28 216 154 131 22 109 58 23
is_linear=0
shrinkage=0.01


Tree=197
num_leaves=21
num_cat=0
split_feature=43 54 26 7 7 56 25 55 68 58 46 46 2 71 65 31 35 25 61 6
split_gain=6.60664 4.52713 4.01663 3.88198 3.98669 3.40621 3.48979 5.65518 4.79575 3.72737 3.32114 3.23641 3.20355 4.83955 2.68988 2.92334 5.24743 2.59473 2.54676 1.51157
threshold=17075.645507812504 0.19414236396551135 0.0018064273754134776 2.9118626117706303 1.903550982475281 2.1094585657119755 47714.000000000007 5.6894850786193282e-06 36.447120666503913 174080.00000000003 -0.57992434501647938 -0.60417994856834401 49838206.000000007 359125.71875000006 2.792587518692017 6.0854976177215585 1.0000000180025095e-35 248857.00000000003 431.64123535156256 -59962279935.999992
decision_type=2 2 2 2 2 2 2 2 2 2 2 2 2 2 2 2 2 2 2 2
left_child=5 -2 12 4 -4 6 8 11 -1 -10 -9 -8 18 -14 15 17 -17 -7 -3 -16
right_child=1 2 3 -5 -6 14 7 10 9 -11 -12 -13 13 -15 19 16 -18 -19 -20 -21
leaf_value=0.015202418074909168 -0.0080261610051922221 0.0077732321614767041 0.001126003806250326 0.013242423253862162 -0.0073479961127282355 -0.011741452158275345 0.0025854896847311891 -0.0085813474968615463 0.0044666545987471738 -0.011958786670792282 0.004801974445057455 -0.011467148365234632 -0.0056984926806428462 0.0079181903574137118 -0.0035344914704315551 0.013816079805395657 -0.011168874167452294 -0.00080501267356831356 -0.0020452759400779803 0.0081634639602950528
leaf_weight=2.9614308476448077 4.2303591370582572 24.722557678818706 38.334032043814659 2.2930099666118613 6.4886320978403083 10.622386068105703 1.9636051431298271 2.2941286265850058 5.1049700379371643 1.8941559195518491 9.07576986402273 7.4277317523956299 5.9525177925825101 4.6409219950437546 2.5560391992330551 1.6379242315888398 1.7148676589131353 2.9786171317100516 2.7831058949232093 1.8862309083342541
leaf_count=12 19 154 153 10 28 89 10 13 25 13 43 48 28 26 12 8 14 20 14 11
internal_value=0.000359522 0.00201472 0.00252492 0.000548667 -7.84018e-05 -0.00246195 -0.000293989 -0.00265895 0.00453501 0 0.00201364 -0.00842245 0.00494262 0.000172496 -0.0055281 -0.00735195 0.000738653 -0.0094199 0.00674341 0.00120746
internal_weight=141.563 89.4451 85.2148 47.1157 44.8227 52.1179 30.7218 20.7612 9.96056 6.99913 11.3699 9.39134 38.0991 10.5934 21.3961 16.9538 3.35279 13.601 27.5057 4.44227
internal_count=750 432 413 191 181 318 164 114 50 38 56 58 222 54 154 131 22 109 168 23
is_linear=0
shrinkage=0.01


Tree=198
num_leaves=17
num_cat=0
split_feature=43 54 26 7 7 54 22 35 36 41 28 71 44 62 20 66
split_gain=6.48921 4.44409 3.95589 3.8295 3.91155 3.38186 5.05822 5.87884 6.02856 3.73707 2.81482 3.51101 2.76628 3.05347 1.3437 0.544698
threshold=17075.645507812504 0.19414236396551135 0.0018064273754134776 2.9118626117706303 1.903550982475281 0.75373369455337536 20035.640625000004 1.5225622057914736 -0.7413516342639922 2.3599539995193486 270.76562500000006 595479.00000000012 703328.68750000012 0.32647289335727697 126685.89062500001 -6.3636360168457022
decision_type=2 2 2 2 2 2 2 2 2 2 2 2 2 2 2 2
left_child=5 -2 10 4 -4 6 7 8 -1 12 11 -3 13 -7 -8 -12
right_child=1 2 3 -5 -6 9 14 -9 -10 -11 15 -13 -14 -15 -16 -17
leaf_value=-0.0033964990197472835 -0.007956421659290747 0.0019154364464670569 0.0011147683164281119 0.013192270379997293 -0.0072833119010745238 -0.010505230847702425 -0.012156238527786214 -0.012670346375557669 0.0081994240427727249 0.010279685698568698 0.0046017140163015701 0.011010543426604742 0.0040378729663395809 -0.0027175801958987346 -5.6687328426181224e-05 0.012079122156541292
leaf_weight=6.8771689906716427 4.2247925549745551 25.247515343129638 38.333190947771072 2.2787813991308203 6.4808352738618842 12.185824215412149 3.6565013974905005 2.3533859103918067 12.396842144429684 1.4473015218973149 1.7575239539146421 5.2245861515402785 2.3283792287111273 9.2886444553732854 1.4500614553689954 5.7494294047355643
leaf_count=37 19 141 153 10 28 96 25 14 55 6 11 33 11 66 8 37
internal_value=0.00035646 0.00199783 0.00250393 0.000543458 -7.74159e-05 -0.00244381 0 0.00214868 0.00400999 -0.00506841 0.00490853 0.00350765 -0.00604364 -0.0071833 -0.00891627 0.0104617
internal_weight=141.281 89.2967 85.0719 47.0928 44.814 51.9841 26.734 21.6274 19.274 25.2501 37.9791 30.4721 23.8028 21.4745 5.10656 7.50695
internal_count=750 432 413 191 181 318 139 106 92 179 222 174 173 162 33 48
is_linear=0
shrinkage=0.01


Tree=199
num_leaves=18
num_cat=0
split_feature=11 26 54 34 33 31 54 22 35 36 44 2 31 40 21 41 20
split_gain=6.34316 6.04998 3.41856 3.08053 3.24137 3.64356 2.85005 5.09421 5.671 6.28412 4.53784 2.69429 2.69193 2.45489 3.78002 1.9498 1.47149
threshold=18.439999580383304 0.0018064273754134776 4.3088910579681405 -1.3675611019134519 -1.334641635417938 2.1005116701126103 0.75373369455337536 20035.640625000004 1.5225622057914736 -0.7413516342639922 703328.68750000012 120230476.00000001 -7.9429955482482901 -1.0003718733787534 55576.000000000007 1.2038645148277285 142146.71875000003
decision_type=2 2 2 2 2 2 2 2 2 2 2 2 2 2 2 2 2
left_child=6 2 -2 -3 -5 -6 7 8 9 -1 13 12 -4 14 -8 -15 -9
right_child=1 3 11 4 5 -7 10 16 -10 -11 -12 -13 -14 15 -16 -17 -18
leaf_value=-0.003640211092734776 -0.0074170811702432326 0.0080189274524784058 -0.0040494245484674809 -0.0097589790313635637 0.0010453810475784602 -0.0070159568672280058 -0.0058281633437656391 -0.012118787493966346 -0.012629900059459779 0.0081040711230124587 0.0067660529026866848 -0.004276270995540345 0.0072356367683783195 -0.010340356665825915 0.011103020945878931 -0.0014269101855941433 0
leaf_weight=7.0593684241175731 2.0248598009347907 4.1112475842237464 2.1494994014501563 3.8807108402252188 36.037790283560753 6.631330579519271 4.7998235821724 3.884148195385932 2.3373934403061858 12.417174018919468 2.9165769964456549 2.3868329375982276 31.386102221906185 12.457134269177912 1.8031512349843977 3.393843747675418 1.3554301112890241
leaf_count=38 9 16 11 17 145 28 34 27 14 55 13 12 192 100 10 22 7
internal_value=0.000353504 0.00199093 0.0050114 -0.000251789 -0.00100373 -0.000184018 -0.00239504 -9.91928e-05 0.00199006 0.00379595 -0.00480376 0.0057398 0.00648249 -0.00635112 -0.00105312 -0.00849499 -0.00898823
internal_weight=141.032 88.6084 37.9473 50.6611 46.5498 42.6691 52.424 27.0535 21.8139 19.4765 25.3705 35.9224 33.5356 22.454 6.60297 15.851 5.23958
internal_count=750 430 224 206 190 173 320 141 107 93 179 215 203 166 44 122 34
is_linear=0
shrinkage=0.01


Tree=200
num_leaves=20
num_cat=0
split_feature=43 54 26 7 7 56 25 65 48 66 24 71 1 65 31 35 25 53 6
split_gain=6.29684 4.31415 3.83066 3.77527 3.84582 3.31761 3.39959 4.64421 4.6138 7.66823 2.95252 2.75025 3.20533 2.59721 2.89364 5.13333 2.58928 1.69001 1.48143
threshold=17075.645507812504 0.19414236396551135 0.0018064273754134776 2.9118626117706303 1.903550982475281 2.1094585657119755 47714.000000000007 -1.0445479750633238 -0.30728343129158014 -1.2014678120613096 48.500000000000007 595479.00000000012 109655744.00000001 2.792587518692017 6.0854976177215585 1.0000000180025095e-35 248857.00000000003 0.41401059925556188 -59962279935.999992
decision_type=2 2 2 2 2 2 2 2 2 2 2 2 2 2 2 2 2 2 2
left_child=5 -2 11 4 -4 6 7 -1 17 -10 -9 12 -3 14 16 -16 -7 -8 -15
right_child=1 2 3 -5 -6 13 8 10 9 -11 -12 -13 -14 18 15 -17 -18 -19 -20
leaf_value=0.016258868663759304 -0.0078488373250538684 0.0044881717785365443 0.0011076319696010717 0.013140837398061073 -0.0072253465824180171 -0.011692756191202034 -0.012255097423000367 -0.0053949274180078279 -0.013210539856316353 0.0046866285694990321 0.0072201054625439156 0.011031729239731811 -0.0080053492707519297 -0.0035225092829369669 0.01365907945198 -0.011123191521640265 -0.00072020461975410178 -0.00015196141038357816 0.0080929677827240813
leaf_weight=2.5120237469673157 4.2152906060218802 29.43361005187035 38.315216302871704 2.2645080536603919 6.4709608107805243 10.457298047840601 5.1025448963046118 3.9483934342861193 3.0734259039163634 10.744618110358706 3.4798967316746712 6.1686959862709037 2.1540433913469306 2.5521080493927002 1.6430024430155747 1.6885803863406179 2.9572089761495581 1.7095968276262281 1.8696238994598378
leaf_count=10 19 171 153 10 28 89 35 24 17 51 16 41 10 12 8 14 20 11 11
internal_value=0.000350185 0.0019688 0.00246857 0.000540731 -7.40357e-05 -0.00241552 -0.000273825 0.00449348 -0.00261934 0.00063355 0.000380158 0.0048445 0.00360455 -0.00546131 -0.00727005 0.000798269 -0.00934842 -0.00936445 0.00116266
internal_weight=140.761 89.0223 84.807 47.0507 44.7862 51.7383 30.5705 9.94031 20.6302 13.818 7.42829 37.7563 31.5877 21.1678 16.7461 3.33158 13.4145 6.81214 4.42173
internal_count=750 432 413 191 181 318 164 50 114 68 40 222 181 154 131 22 109 46 23
is_linear=0
shrinkage=0.01


Tree=201
num_leaves=19
num_cat=0
split_feature=25 45 21 57 28 72 60 59 61 57 26 28 46 17 1 2 19 5
split_gain=6.19144 5.68505 5.41567 4.66255 4.25308 3.665 4.21121 3.39247 3.13647 5.0373 4.08863 4.08692 2.93543 3.55706 2.65108 1.8852 1.42442 0.528107
threshold=47714.000000000007 -0.28670299053192133 8277.0000000000018 1.2658228278160097 21.468750000000004 -2549532.1249999995 0.00016348212375305596 0.41494457423686987 1133.9482421875002 1.6530030965805056 0.0014285732759162786 -1567.5439453124998 -0.36171983182430262 23753.500000000004 12833417.500000002 55722574.000000007 28645.702148437504 574426.09375000012
decision_type=2 2 2 2 2 2 2 2 2 2 2 2 2 2 2 2 2 2
left_child=7 16 3 4 -3 -4 -7 12 9 11 -11 -9 13 14 -1 -15 -2 -14
right_child=1 2 5 -5 -6 6 -8 8 -10 10 -12 -13 17 15 -16 -17 -18 -19
leaf_value=0.0042249740176755488 -0.011941573195733001 -0.011729501906489376 -0.012123967897865327 0.016638049685411015 0.0082890201396584959 0.0036370257188568173 -0.0098265962427263962 -0.016378892280491546 0.011704288862414786 0.0059053321316596217 0.00026231099942645926 -0.002130404259395596 0.012441982397103469 0.011335432290075512 -0.010048588860903224 -0.00040455833544419245 -0.0013419135997607104 0.0042154471284109058
leaf_weight=2.2214536815881747 7.6885418891906756 1.8132074475288416 4.2159201055765179 2.7330177053809166 2.5593163520097733 6.693313084542746 3.5332593694329262 2.2544137015938785 2.5191335752606383 17.896995693445206 46.90916445851326 22.267977707087994 5.1582641229033461 4.1175783574581146 2.9323946237564087 1.8083539605140684 1.7807000428438184 1.3957672491669653
leaf_count=11 61 13 32 11 11 35 23 12 12 106 192 123 31 32 14 9 12 10
internal_value=0.000347071 -0.0035875 -0.00069944 0.00639195 0 -0.00425756 -0.000916843 0.00147091 0.000687144 0.000365257 0.00183613 -0.00348109 0.00549654 0.00224392 -0.00370225 0.00758411 -0.0100539 0.0108426
internal_weight=140.499 31.0173 21.548 7.10554 4.37252 14.4425 10.2266 109.481 91.8477 89.3286 64.8062 24.5224 17.6338 11.0798 5.15385 5.92593 9.46924 6.55403
internal_count=750 198 125 35 24 90 58 552 445 433 298 135 107 66 25 41 73 41
is_linear=0
shrinkage=0.01


Tree=202
num_leaves=22
num_cat=0
split_feature=43 54 56 25 55 68 24 7 18 64 33 48 20 67 7 65 31 35 25 69 6
split_gain=6.11268 4.22354 3.26974 3.2989 5.39161 4.5275 3.51891 3.1809 4.03232 9.0708 3.92593 3.81714 5.05833 3.70805 3.11724 2.54049 2.85819 5.02894 2.57648 2.49157 1.45845
threshold=17075.645507812504 0.19414236396551135 2.1094585657119755 47714.000000000007 5.6894850786193282e-06 36.447120666503913 48.500000000000007 0.72358629107475292 194878.50000000003 0.069607842713594451 1.0778947472572329 1.2430022954940798 126685.89062500001 2.459929466247559 0.96790245175361644 2.792587518692017 6.0854976177215585 1.0000000180025095e-35 248857.00000000003 43.498830795288093 -59962279935.999992
decision_type=2 2 2 2 2 2 2 2 2 2 2 2 2 2 2 2 2 2 2 2 2
left_child=2 -2 3 5 19 -1 -7 8 9 -3 -10 13 -13 -9 -6 16 18 -18 -4 -5 -17
right_child=1 7 15 4 14 6 -8 11 10 -11 -12 12 -14 -15 -16 20 17 -19 -20 -21 -22
leaf_value=0.01474360513626909 -0.0077814948731134035 0.0090025751397369812 -0.011661467904431263 -0.012728391253961831 -0.0041830045109562744 -0.0070970780066670703 0.0071197090031723054 0.0035581245298472669 0.004495150286555151 -0.010729176894932992 -0.0054937092067548297 -0.010690570519281963 0.0080288367160817591 0.010811330336870095 0.0064161332738601464 -0.0035118760957667046 0.013463492427883172 -0.011096906735331809 -0.00068413586477031861 -0.0018430836543511778 0.0080390205768628483
leaf_weight=2.9805077910423297 4.2078894823789588 3.2630412355065328 10.346038773655897 5.3580661714077014 4.6499803364276868 3.4799744859337807 3.4840912818908691 34.148626029491425 19.233418390154842 7.8468045145273209 4.8690860196948043 3.6876370683312407 2.3204473555088043 9.1920215636491758 6.6641644239425659 2.5479475259780884 1.6498181447386735 1.6725201755762098 2.9441511034965506 3.8541149944067001 1.8578628301620472
leaf_count=12 19 16 89 34 26 22 16 168 90 37 26 18 10 48 30 12 8 14 20 24 11
internal_value=0.000344166 0.00194033 -0.00238824 -0.000260716 -0.00258184 0.0044297 0 0.00243592 0.00011058 -0.00484381 0.00243575 0.00407489 -0.0032943 0.00511951 0.00197163 -0.00542499 -0.00722417 0.000798388 -0.00930492 -0.00828284 0.00113199
internal_weight=140.258 88.769 51.4892 30.4709 20.5263 9.94457 6.96407 84.5611 35.2124 11.1098 24.1025 49.3487 6.00808 43.3406 11.3141 21.0183 16.6125 3.32234 13.2902 9.21218 4.40581
internal_count=750 432 318 164 114 50 38 413 169 53 116 244 28 216 56 154 131 22 109 58 23
is_linear=0
shrinkage=0.01


Tree=203
num_leaves=17
num_cat=0
split_feature=43 54 54 22 35 36 7 4 72 36 36 13 52 34 20 8
split_gain=6.00426 4.14562 3.24054 4.87322 5.61139 5.658 3.12441 4.54351 5.43658 3.84213 3.69069 2.85186 3.0068 3.97875 1.41112 0.133977
threshold=17075.645507812504 0.19414236396551135 0.75373369455337536 20035.640625000004 1.5225622057914736 -0.7413516342639922 0.72358629107475292 2663433.8750000005 -1050377.9687499998 1.3335865736007693 0.78221341967582714 140134768.00000003 -0.0023471522144973274 1.2167142033576968 142146.71875000003 0.77915000915527355
decision_type=2 2 2 2 2 2 2 2 2 2 2 2 2 2 2 2
left_child=2 -2 3 4 5 -1 7 8 -3 10 -8 12 -4 -14 -5 -11
right_child=1 6 11 14 -6 -7 9 -9 -10 15 -12 -13 13 -15 -16 -17
leaf_value=-0.0032859652777086096 -0.0077141487098077747 -0.010360290862752322 0.0034075987423563066 -0.01204306838176067 -0.012533535851789917 0.0079785860621175257 0.0040370665202884527 -0.01427743541352311 0.002494686956972083 0.0088266132194912469 -0.0056073612563856843 0.0036395795442590397 -0.0098173976910501948 0.0020315186448038444 0 0.014461893396833878
leaf_weight=6.8097722306847652 4.2022076398134223 3.6878267750143996 2.6603857427835527 3.6609176173806182 2.2988421916961661 12.406465567648411 39.94710947573185 2.0575141012668601 29.433717101812363 1.9899858757853497 4.3238396495580664 3.2047453820705405 15.662179827690126 3.2972316890954962 1.3574052974581716 3.00820641964674
leaf_count=37 19 18 18 26 14 55 199 10 141 11 19 15 123 23 7 15
internal_value=0.000341073 0.00192353 -0.00237098 2.13146e-05 0.00212859 0.00393466 0.00241495 0.000109296 0.00103319 0.00404093 0.00307253 -0.00496823 -0.00629044 -0.00770401 -0.00881394 0.0124183
internal_weight=140.008 88.6504 51.3579 26.5334 21.5151 19.2162 84.4482 35.1791 33.1215 49.2691 44.2709 24.8245 21.6198 18.9594 5.01832 4.99819
internal_count=750 432 318 139 106 92 413 169 159 244 218 179 164 146 33 26
is_linear=0
shrinkage=0.01


Tree=204
num_leaves=13
num_cat=0
split_feature=70 54 4 26 0 13 54 23 29 2 28 31
split_gain=5.91718 5.45801 4.13986 3.90903 3.54199 3.77096 4.52715 3.33709 3.20398 3.78782 3.09788 2.41205
threshold=118041.80859375001 0.19414236396551135 356117.43750000006 0.0014285732759162786 11996.500000000002 136518136.00000003 0.75373369455337536 83.500000000000014 0.056862799450755126 7038409.0000000009 209.12500000000003 1.1649314165115359
decision_type=2 2 2 2 2 2 2 2 2 2 2 2
left_child=2 -2 4 7 -1 6 -6 10 -5 -10 -3 -7
right_child=1 3 -4 8 5 11 -8 -9 9 -11 -12 -13
leaf_value=0.012215193272223077 -0.0098893108757219569 0.0015685079675594286 -0.015713769417523657 0.009414730087194307 0.00024555590841264459 -0.0010074544512091094 -0.0054966123264392017 0.011861295129738159 0.0037597407851400937 -0.0025773742010770729 0.010067028936378791 0.013008396312310346
leaf_weight=1.8257841169834126 3.5234577208757392 17.627733208239086 2.1193211600184432 3.9604626148939124 26.950610913336277 2.0626764297485343 27.332718931138515 6.7011481076478949 15.798680499196051 23.402220830321312 5.8491611629724494 2.6455383375287056
leaf_count=11 16 96 10 15 141 10 192 48 64 98 36 13
internal_value=0.000338044 0.00220577 -0.00192707 0.00280049 -0.0014302 -0.00186948 -0.00262732 0.00556753 0.000842637 0 0.00372847 0.00665563
internal_weight=139.8 76.8629 62.9366 73.3394 60.8173 58.9915 54.2833 30.178 43.1614 39.2009 23.4769 4.70821
internal_count=750 373 377 357 367 356 333 180 177 162 132 23
is_linear=0
shrinkage=0.01


Tree=205
num_leaves=26
num_cat=0
split_feature=44 26 17 28 43 12 12 48 47 39 37 17 19 23 27 56 21 71 39 26 33 14 54 36 23
split_gain=5.83564 4.36094 3.55446 3.45714 4.8195 3.40653 4.29655 4.4487 3.95329 5.75721 3.04235 5.31411 5.7472 4.01286 3.46412 3.14415 3.8385 2.60421 2.76321 2.48585 1.53597 1.14376 1.01278 0.727866 0.28536
threshold=1.0000000180025095e-35 0.0018064273754134776 30398.000000000004 -271.99999999999994 1059252.6250000002 172546648.00000003 216235288.00000003 -0.067953452467918382 -1.878141403198242 6.0370469093322763 1.0000000180025095e-35 30398.000000000004 70048.382812500015 287.50000000000006 612352.00000000012 1.9709402918815615 15693.000000000002 643241.03125000012 0.70991456508636486 0.00033785615232773131 -0.86602497100830067 0.31242500245571142 6.1144871711730966 0.60816624760627758 222.50000000000003
decision_type=2 2 2 2 2 2 2 2 2 2 2 2 2 2 2 2 2 2 2 2 2 2 2 2 2
left_child=10 2 17 4 -4 8 -7 -8 -3 -10 11 19 13 -13 22 16 -16 18 -2 -1 -14 -17 -12 -21 -5
right_child=1 5 3 24 -6 6 7 -9 9 -11 14 12 20 -15 15 21 -18 -19 -20 23 -22 -23 -24 -25 -26
leaf_value=0.00047677498407739489 -0.0061204457013212411 0.0080258603693709324 -0.0052131312191803008 0.011755367260553335 0.0089732163045774856 0.01179153732857138 0.0056968177423475123 -0.011270366938455685 -0.0050016739801868075 0.0048054087447261832 -0.012887667850428853 0.0027330851918825746 -0.00064360804762128576 0.01533418343701628 0.0051116074180339614 -0.00086917896891919755 -0.0067657424620548136 0.010242215361994041 0.0026925259161272841 -0.013650030298700121 -0.013640376181412098 -0.011922964906112183 -0.0021447316357574402 -0.004825652129676279 0.0050847820672212584
leaf_weight=2.7461566925048846 5.5323885679245022 3.8104525357484809 4.1748532503843325 9.85109845548868 5.4668247029185295 4.8886010348796827 4.1625701934099197 2.4487083703279495 25.445422545075417 7.7315104603767386 5.5654429793357876 13.26460818201304 1.8362716287374494 3.2230786308646193 7.0134294107556361 1.5280336365103711 4.427943728864193 2.6712061613798133 9.8792960047721845 3.6013545170426369 2.207379810512065 3.6801828891038895 1.3192651048302648 1.8255082592368124 1.285464659333228
leaf_count=17 25 14 24 71 36 19 17 10 108 31 40 75 10 13 37 11 24 15 47 25 14 33 12 13 9
internal_value=0.000335352 0.00192281 0.00441905 0.00724944 0.0027268 -5.72273e-05 0.0046748 -0.000436291 -0.00155552 -0.0026861 -0.0022999 -7.91975e-05 0.00260018 0.00525705 -0.00496596 -0.0024214 0.000427534 0.00111147 -0.000406213 -0.00693239 -0.00798569 -0.00887191 -0.0109743 -0.0108659 0.0110752
internal_weight=139.587 87.3484 38.8611 20.7782 9.64168 48.4873 11.4999 6.61128 36.9874 33.1769 52.2387 28.7044 20.5313 16.4877 23.5343 16.6496 11.4414 18.0829 15.4117 8.17302 4.04365 5.20822 6.88471 5.42686 11.1366
internal_count=750 426 227 140 60 199 46 27 153 139 324 167 112 88 157 105 61 87 72 55 24 44 52 38 80
is_linear=0
shrinkage=0.01


Tree=206
num_leaves=19
num_cat=0
split_feature=25 45 55 49 34 59 61 57 28 26 46 17 45 1 48 56 5 8
split_gain=5.79318 5.58699 4.5274 3.86445 4.25391 3.27444 3.04675 4.77619 4.02418 3.929 2.89754 3.4738 2.58793 2.56782 2.07571 1.35282 0.532142 0.327433
threshold=47714.000000000007 -0.28670299053192133 -0.18110813945531842 -0.35570497810840601 -0.64827111363410939 0.41494457423686987 1133.9482421875002 1.6530030965805056 -1567.5439453124998 0.0014285732759162786 -0.36171983182430262 23753.500000000004 0.12081780284643175 12833417.500000002 -0.42095369100570673 -0.3372084349393844 574426.09375000012 0.86860099434852611
decision_type=2 2 2 2 2 2 2 2 2 2 2 2 2 2 2 2 2 2
left_child=5 15 12 -4 -5 10 7 8 -7 -9 11 13 -3 -1 -13 -2 -12 -14
right_child=1 2 3 4 -6 6 -8 9 -10 -11 16 14 17 -15 -16 -17 -18 -19
leaf_value=0.0041265577730128528 -0.0012629038043037123 0.0024694384821387126 -0.008448086841779499 -0.0054010589839907685 0.0087314300380371308 -0.016267839564612988 0.011502969157173797 0.0057880455034155422 -0.0020818433164366441 0.00022774752227119218 0.01238071252977482 0.011600051680033838 -0.011949976668673709 -0.0099551681925683713 -0.00075041886250746224 -0.011807366228742238 0.0040788873504692723 -0.0044033503669495119
leaf_weight=2.2023858726024645 1.7095265388488767 1.983220696449284 2.4786417186260268 2.7368528023362186 8.6145284846424932 2.2396738156676319 2.5214802622795096 17.665544979274273 22.094523712992668 46.766212701797485 5.0718429982662192 3.9702572524547586 4.3113033846020699 2.9257228821516037 1.8485506251454342 7.5880738869309443 1.3758020997047422 1.2020779997110365
leaf_count=11 10 11 16 17 40 12 12 106 123 192 31 29 33 14 12 63 10 8
internal_value=0.000332598 -0.00349966 -0.000629271 0.00271116 0.00523595 0.00142165 0.000651485 0.000331973 -0.00342859 0.00176776 0.005406 0.00215862 -0.00692523 -0.00371244 0.00750463 -0.00997614 0.0107644 -0.010486
internal_weight=139.306 30.6242 21.3266 13.83 11.3514 108.682 91.2874 88.766 24.3342 64.4318 17.3946 10.9469 7.4966 5.12811 5.81881 9.2976 6.44765 5.51338
internal_count=750 198 125 73 57 552 445 433 135 298 107 66 52 25 41 73 41 41
is_linear=0
shrinkage=0.01


Tree=207
num_leaves=19
num_cat=0
split_feature=43 54 26 7 7 54 58 67 26 41 53 23 2 71 30 41 7 61
split_gain=5.70296 3.95903 3.57398 3.71444 3.78133 3.154 4.5616 5.72966 4.05173 3.54695 3.52125 3.27865 3.06381 4.63687 2.5588 3.39807 3.1772 2.47431
threshold=17075.645507812504 0.19414236396551135 0.0018064273754134776 2.9118626117706303 1.903550982475281 0.75373369455337536 231424.00000000003 -4.218754529953002 0.00041963905096054083 2.3599539995193486 -0.65639555454254139 287.50000000000006 49838206.000000007 359125.71875000006 0.32757420837879186 0.2319854870438576 0.93009793758392345 431.64123535156256
decision_type=2 2 2 2 2 2 2 2 2 2 2 2 2 2 2 2 2 2
left_child=5 -2 12 4 -4 6 7 -1 -9 14 -8 -12 17 -14 16 -16 -7 -3
right_child=1 2 3 -5 -6 9 10 8 -10 -11 11 -13 13 -15 15 -17 -18 -19
leaf_value=-0.012621968981442629 -0.0075693678771617725 0.0075180660532778911 0.0010642701474677489 0.013062823766952884 -0.0072067480418780937 -0.0033939550853453082 0.0049119643504006976 0.0090039784336517544 -0.0021057562290819672 0.010120010690241052 -0.012217058479934753 0.0042446286101939035 -0.0057688368825583444 0.0077048127814025539 -0.0060489751880658154 0.0097831289800760293 -0.012172534791990295 -0.0022393282703898967
leaf_weight=1.9729574620723767 4.1777218729257575 23.925156652927402 38.198550328612328 2.2421046197414389 6.4578281641006461 8.7132773995399564 2.3776852637529373 10.089342430233954 4.6742744520306596 1.429921656846999 5.884942948818205 1.4198085889220236 5.8870759606361371 4.5106018334627151 3.6230883449316016 2.165281280875206 8.586627893149851 2.7449581772088996
leaf_count=12 19 154 153 10 28 67 12 44 23 6 41 7 28 26 28 12 66 14
internal_value=0.000329644 0.00187528 0.00235711 0.00049899 -0.000109421 -0.00232537 3.4358e-05 0.00323237 0.00541882 -0.00490882 -0.00539028 -0.00888054 0.00468104 0 -0.00588291 0 -0.00780892 0.00647631
internal_weight=139.081 88.144 83.9663 46.8985 44.6564 50.9372 26.419 16.7366 14.7636 24.5182 9.68244 7.30475 37.0678 10.3977 23.0883 5.78837 17.2999 26.6701
internal_count=750 432 413 191 181 318 139 79 67 179 60 48 222 54 173 40 133 168
is_linear=0
shrinkage=0.01


Tree=208
num_leaves=14
num_cat=0
split_feature=70 54 4 26 45 39 13 29 54 29 2 70 20
split_gain=5.63543 5.23991 4.06582 3.70259 3.32369 3.61917 3.27886 3.6718 3.6953 3.11905 3.69533 2.37644 1.4502
threshold=118041.80859375001 0.19414236396551135 356117.43750000006 0.0014285732759162786 0.12081780284643175 1.9254060387611391 142591976.00000003 0.028059542179107669 0.75373369455337536 0.056862799450755126 7038409.0000000009 12638.773925781252 16138.854980468752
decision_type=2 2 2 2 2 2 2 2 2 2 2 2 2
left_child=2 -2 6 4 5 -3 7 11 -9 -5 -11 -1 -8
right_child=1 3 -4 9 -6 -7 12 8 -10 10 -12 -13 -14
leaf_value=-0.0010900214084079063 -0.009728728735677596 -0.00057698180662317869 -0.015588943968384438 0.0092998432104024718 0.011902942409266462 0.0072447306423307854 0.013117322533474219 -5.7568388788752638e-05 -0.0054239044142216702 0.0037242484617084808 -0.0025425911463630951 0.013438714297390152 0.00038744160127579904
leaf_weight=1.8999488577246655 3.5031668543815604 10.629332296550279 2.1086980476975432 3.955960050225257 6.4150980785489073 12.745548218488691 2.0834633857011791 25.904336236417294 26.193389423191547 15.756372064352034 23.356159016489983 2.3998699635267258 1.8652087599039076
leaf_count=10 16 59 10 15 45 76 10 137 187 64 98 13 10
internal_value=0.000326804 0.00215511 -0.00189259 0.00274023 0.00545699 0.00364516 -0.00139743 -0.00202813 -0.00277482 0.000837858 0 0.00678637 0.00735744
internal_weight=138.817 76.3616 62.4549 72.8585 29.79 23.3749 60.3462 56.3975 52.0977 43.0685 39.1125 4.29982 3.94867
internal_count=750 373 377 357 180 135 367 347 324 177 162 23 20
is_linear=0
shrinkage=0.01


Tree=209
num_leaves=22
num_cat=0
split_feature=25 45 21 57 14 33 67 53 1 40 39 45 47 11 48 28 3 38 19 7 24
split_gain=5.55912 5.52853 5.15154 4.47295 3.59359 4.01267 3.2334 4.66466 4.36278 4.18588 3.93991 7.47685 5.4885 3.36946 3.14178 3.98738 2.98295 2.23155 1.42468 0.984216 0.578484
threshold=47714.000000000007 -0.28670299053192133 8277.0000000000018 1.2658228278160097 0.3267000019550324 0.5976485311985017 4.6730723381042489 -2.5042671580877135e-07 8984807.0000000019 0.80307489633560192 5.4016463756561288 -0.5580557882785796 -1.3820436000823972 31.720000267028812 -0.72914156317710865 209.12500000000003 -50377.499999999993 1.2186548113822939 28645.702148437504 1.0349583029747011 373.50000000000006
decision_type=2 2 2 2 2 2 2 2 2 2 2 2 2 2 2 2 2 2 2 2 2
left_child=6 18 3 16 19 -6 7 8 13 -10 12 -12 -9 -1 15 -8 -3 20 -2 -4 -16
right_child=1 2 4 -5 5 -7 14 10 9 -11 11 -13 -14 -15 17 -17 -18 -19 -20 -21 -22
leaf_value=0.0023852559421208841 -0.011858018553877836 0.008613072538352572 -0.012155145312636012 0.016362837255798356 0.0060328100534957612 -0.0090875884278242055 -0.0083241403458744426 0.0064021056634292915 0.0012242414837973876 -0.010062959154219243 0.013873834461400494 -0.0030497018202508964 -0.0061056072874911705 0.0094399769464294549 0.01245347257118197 0.010333704412552784 -0.0080309040612273671 0.00015615277065096075 -0.0011562089913875128 -0.0029574181448518149 0.0044128198996893613
leaf_weight=17.887153506278995 7.4418072775006312 2.0822221413254738 4.5859024748206121 2.7303536310791969 4.8603847995400429 2.7359787747263908 2.9687693268060675 4.084146827459338 21.417364813387398 3.8703850731253615 4.0163723826408386 7.2946487665176374 22.433492973446846 11.439604572951792 6.7915956005454046 1.8488754630088804 2.2300071045756367 2.6376897618174544 1.7493661716580389 1.9879818335175512 1.5118573755025861
leaf_count=98 61 10 35 11 25 18 14 17 109 18 16 30 114 54 42 12 14 17 12 12 11
internal_value=0.00032399 -0.00344459 -0.000587455 0.00634734 -0.00410461 0.000455261 0.00139218 0.000666145 0.00254378 -0.000463762 -0.00201823 0.00287118 -0.00414151 0.00517122 0.00558772 -0.000956218 0 0.00856057 -0.00992993 -0.00952581 0.0111099
internal_weight=138.606 30.404 21.2128 7.04258 14.1702 7.59636 108.202 92.4432 54.6145 25.2877 37.8287 11.311 26.5176 29.3268 15.7588 4.81764 4.31223 10.9411 9.19117 6.57388 8.30345
internal_count=750 198 125 35 90 43 552 456 279 127 177 46 131 152 96 26 24 70 73 47 53
is_linear=0
shrinkage=0.01


Tree=210
num_leaves=14
num_cat=0
split_feature=70 54 4 0 13 54 50 27 33 31 38 37 11
split_gain=5.47785 5.09643 4.0087 3.37278 3.53798 4.3531 3.33621 4.20735 2.9892 2.37615 2.36338 2.84926 0.363103
threshold=118041.80859375001 0.19414236396551135 356117.43750000006 11996.500000000002 136518136.00000003 0.75373369455337536 -0.091160751879215227 -98551807.999999985 -1.0291270017623899 1.1649314165115359 -1.6844920516014097 -1.3454260826110838 25.270000457763675
decision_type=2 2 2 2 2 2 2 2 2 2 2 2 2
left_child=2 -2 3 -1 5 -5 10 -8 -9 -6 12 -12 -3
right_child=1 6 -4 4 9 -7 7 8 -10 -11 11 -13 -14
leaf_value=0.012112535192218412 -0.009617718855929179 0.0091058492122961399 -0.015490325178144028 0.00027716175418203594 -0.0011022392342448027 -0.0053834758576756401 -0.009498634965607284 -0.0012030929907392645 0.003799730265081131 0.012897922571707146 -0.0059269183822102658 0.010002051873120405 0.01561166325470072
leaf_weight=1.7792247384786595 3.48838086426258 3.0943442434072495 2.1025686860084525 26.762312412261963 2.0482188612222663 26.941858522593975 3.0873773097991934 16.135696277022362 43.216827668249607 2.5954465270042419 2.0902455151081085 2.3408034518361074 2.6752735450863838
leaf_count=11 16 18 10 141 10 192 15 80 210 13 10 11 13
internal_value=0.000321382 0.00212652 -0.00187087 -0.00137799 -0.0018065 -0.002544 0.00270427 0.00181733 0.0024228 0.00650741 0.00803538 0.00226225 0.0122958
internal_weight=138.359 76.1289 62.2296 60.1271 58.3478 53.7042 72.6406 62.4399 59.3525 4.64367 10.2007 4.43105 5.76962
internal_count=750 373 377 367 356 333 357 305 290 23 52 21 31
is_linear=0
shrinkage=0.01


Tree=211
num_leaves=18
num_cat=0
split_feature=25 45 21 62 37 59 59 61 31 47 46 1 6 54 22 38 38
split_gain=5.40846 5.47407 5.05073 3.55603 3.92405 3.24283 3.16601 3.01333 4.09206 2.89726 2.83185 2.83424 4.08997 1.45918 1.41151 0.62562 0.471422
threshold=47714.000000000007 -0.28670299053192133 8277.0000000000018 0.32545271515846258 1.0000000180025095e-35 1.0726253986358645 0.41494457423686987 1133.9482421875002 -7.1415884494781485 0.17137294262647632 -0.36171983182430262 12833417.500000002 -58735925247.999992 -0.62963366508483876 4108.8298339843759 0.6500823199748994 1.120620131492615
decision_type=2 2 2 2 2 2 2 2 2 2 2 2 2 2 2 2 2
left_child=6 13 5 15 -5 -3 10 8 -8 -10 11 14 -13 -2 -1 -4 -12
right_child=1 2 3 4 -6 -7 7 -9 9 -11 16 12 -14 -15 -16 -17 -18
leaf_value=0.01173929860526843 -0.00074521093168961679 -0.0020202941176340168 -0.012225457495169647 0.0061428501807666517 -0.0073740468930925326 0.01167272671223425 -0.011815858664606476 0.011404960024352657 -0.00099888322369299891 0.0026836381360489498 0.012256496417206161 -0.012939627755023797 0.0038199354348740118 -0.011792779257537361 0 -0.0027097996213855651 0.004316547170214618
leaf_weight=3.2065810412168521 1.6585185229778288 2.6889060735702541 4.2965965121984473 4.6729487925767881 3.9736395925283432 4.3489552065730095 2.695153981447219 2.5217724144458762 46.057727105915546 39.494568429887295 4.9424096122384062 2.2837765812873849 3.8959588631987563 7.4576008990407008 1.4326122328639028 1.1675476655364034 1.3883420899510381
leaf_count=21 10 16 32 23 26 19 17 12 228 188 32 11 25 63 9 9 9
internal_value=0.000318513 -0.00340787 -0.000565356 -0.00405991 0 0.00629904 0.0013728 0.000615825 0.000296182 0.000689436 0.00532101 0.0020967 -0.00221189 -0.00989256 0.00805161 -0.0103752 0.0106732
internal_weight=138.184 30.2647 21.1486 14.1107 8.64659 7.03786 107.919 90.7692 88.2474 85.5523 17.1497 10.8189 6.17974 9.11612 4.63919 5.46414 6.33075
internal_count=750 198 125 90 49 35 552 445 433 416 107 66 36 73 30 41 41
is_linear=0
shrinkage=0.01


Tree=212
num_leaves=21
num_cat=0
split_feature=71 41 47 22 3 50 36 0 59 59 67 55 36 58 45 67 22 19 22 67
split_gain=5.34049 3.66539 3.62509 4.16803 4.92988 3.57813 4.19748 4.38994 3.50305 3.35954 3.30869 6.62071 5.15036 3.13801 2.84962 2.6554 1.85445 0.889998 0.784608 0.59893
threshold=52099.144531250007 1.6174503564834597 0.17137294262647632 -48169.503906249993 -82046.999999999985 -0.11157178133726119 1.2757652997970583 87865.500000000015 1.3666892647743227 0.50004959106445324 2.9440597295761113 -4.0026171177487408e-07 0.49117161333560949 -12865535.999999998 -0.16200628131628034 4.4821939468383798 -870.02667236328114 90694.906250000015 9347.8403320312518 6.2350423336029062
decision_type=2 2 2 2 2 2 2 2 2 2 2 2 2 2 2 2 2 2 2 2
left_child=1 2 9 17 -5 13 10 15 16 -1 11 -7 -12 -2 -11 -8 -3 -4 -15 -9
right_child=5 8 3 4 -6 6 7 19 -10 14 12 -13 -14 18 -16 -17 -18 -19 -20 -21
leaf_value=0.0061835168208186353 -0.00052715968792076281 0.015035675224841673 -0.004112519984164161 0.0067382949200226758 -0.0030279287142266015 0.0013571771434142577 -0.0085506713997183549 0.014646964306297921 -0.0050856693383391381 -0.0093677228463008057 0.0074612201004507998 -0.0068153457849649901 -0.0053694214888290901 0.014341372969642763 -0.0015020949919383067 0.0079144994277442239 0.0021263029037383342 -0.015095191407790988 0.0060906988259228989 0.0061317509467491592
leaf_weight=2.0599330067634609 2.93478724360466 2.696149617433548 1.70992570370436 9.5031768754124695 11.188826821744437 32.00931616127491 2.1339774578809725 4.4484353512525558 2.4362323060631752 15.301172852516176 12.008922830224039 14.287222065031527 4.1392122805118552 4.2552586048841459 7.0563528984785071 1.7874898537993429 2.2419698536396018 1.9210674390196798 2.2957684919238091 1.5884624347090719
leaf_count=12 13 11 9 50 73 155 9 20 15 114 60 63 23 23 40 12 13 11 13 11
internal_value=0.000315545 -0.00205218 -0.00305852 -0.000282644 0.00140906 0.00195026 0.00117733 0.00720965 0.00446353 -0.0057827 0.000199312 -0.00114328 0.00411045 0.0077444 -0.00692995 -0.000790483 0.00937716 -0.0101986 0.0116026 0.012572
internal_weight=138.004 56.1148 48.7405 24.323 20.692 81.8889 72.403 9.95837 7.37435 24.4175 62.4447 46.2965 16.1481 9.48581 22.3575 3.92147 4.93812 3.63099 6.55103 6.0369
internal_count=750 348 309 143 123 402 353 52 39 166 301 218 83 49 154 21 24 20 36 31
is_linear=0
shrinkage=0.01


Tree=213
num_leaves=20
num_cat=0
split_feature=25 45 67 29 49 67 65 2 57 70 35 52 14 36 11 18 26 54 54
split_gain=5.26261 5.3694 4.62007 3.95042 3.32139 3.14989 4.52476 5.02396 4.64239 4.68885 3.46979 3.24555 2.88926 2.5509 1.92592 2.46329 1.55638 1.45523 0.604649
threshold=47714.000000000007 -0.28670299053192133 -2.3838728666305538 0.31759870052337652 -0.19376574456691739 4.6730723381042489 -0.49927242100238794 5084850.0000000009 1.7129619121551516 66639.203125000015 2.5904302597045903 -1.0000000180025095e-35 0.12499999627470972 -1.3314724564552305 78.739997863769545 318730.50000000006 0.0003757125668926165 -0.62963366508483876 0.60772565007209789
decision_type=2 2 2 2 2 2 2 2 2 2 2 2 2 2 2 2 2 2 2
left_child=5 17 18 -4 -5 6 7 13 11 -10 14 -8 -9 -1 16 -16 -7 -2 -3
right_child=1 2 3 4 -6 10 8 12 9 -11 -12 -13 -14 -15 15 -17 -18 -19 -20
leaf_value=-0.001153728757688472 -0.00069499544120210839 -0.0126272463864288 -0.011215297702420898 -0.0056825420192820166 0.0059322311147981463 0.0010652941687882237 0.0042077301941941692 0.0028898079882379878 -0.014552284114036529 0.0012636091162884675 -0.0084085144400940382 -0.010272821071650881 -0.0026998992668998962 0.0092652079488349231 -0.0067235913280463211 0.0081165587250118885 0.011719413294877325 -0.011758247266033707 -0.0027157593541641419
leaf_weight=2.6835270524024954 1.6515314206480978 2.9641170054674175 2.0510445684194591 3.0190044119954171 11.931819677352896 1.9300042763352339 1.7803232669830311 22.32230619341135 2.0167031362652805 26.381870813667774 1.5466035306453711 8.5684609785675985 15.680944398045538 12.63463584333658 1.9512542486190803 2.5441598668694496 7.6376163139939308 7.3603923320770281 1.1322334110736845
leaf_count=15 10 18 19 20 59 10 10 111 11 112 8 56 78 63 10 17 51 63 9
internal_value=0.000312881 -0.00337338 -0.000563076 0.00168356 0.00351999 0.00135296 0.000636418 0.00253438 -0.00194961 0.000105242 0.00551519 -0.00768507 0.000557063 0.00737467 0.00711758 0.00145268 0.00967476 -0.00984175 -0.0101318
internal_weight=137.789 30.1101 21.0982 17.0019 14.9508 107.678 92.0688 53.3214 38.7474 28.3986 15.6096 10.3488 38.0033 15.3182 14.063 4.49541 9.56762 9.01192 4.09635
internal_count=750 198 125 98 79 552 456 267 189 123 96 66 189 78 88 27 61 73 27
is_linear=0
shrinkage=0.01


Tree=214
num_leaves=13
num_cat=0
split_feature=70 54 4 26 45 39 0 13 54 29 2 20
split_gain=5.18579 4.95161 3.93712 3.5837 3.30733 3.56549 3.27056 3.3781 4.0463 2.99416 3.53524 1.43169
threshold=118041.80859375001 0.19414236396551135 356117.43750000006 0.0014285732759162786 0.12081780284643175 1.9254060387611391 11996.500000000002 142591976.00000003 0.75373369455337536 0.056862799450755126 7038409.0000000009 16138.854980468752
decision_type=2 2 2 2 2 2 2 2 2 2 2 2
left_child=2 -2 6 4 5 -3 -1 8 -8 -5 -11 -9
right_child=1 3 -4 9 -6 -7 7 11 -10 10 -12 -13
leaf_value=0.012054854302601083 -0.0095313145082675955 -0.00067182865635448646 -0.015362090702639915 0.0090793448285675891 0.011843627127169203 0.0071348720128817603 0.00031742505538930239 0.012962019547450063 -0.0051229676419990971 0.0036003419442168028 -0.0025383680518770496 0.00021435047440671539
leaf_weight=1.7500240728259076 3.4738716334104529 10.553695850074297 2.0922384187579146 3.9409931451082221 6.2746971845626822 12.555520981550215 26.618634060025215 2.0435206219553943 27.419033594429493 15.691931113600729 23.309398055076599 1.8386293202638624
leaf_count=11 16 59 10 15 45 76 141 10 195 64 98 10
internal_value=0.000309871 0.00206868 -0.00183252 0.00263967 0.00533649 0.00352637 -0.00134136 -0.00176339 -0.00242456 0.000771037 -4.28579e-05 0.00718217
internal_weight=137.562 75.8001 61.7621 72.3262 29.3839 23.1092 59.6698 57.9198 54.0377 42.9423 39.0013 3.88215
internal_count=750 373 377 357 180 135 367 356 336 177 162 20
is_linear=0
shrinkage=0.01


Tree=215
num_leaves=20
num_cat=0
split_feature=25 45 21 57 72 60 59 36 39 70 65 1 35 60 2 0 36 54 49
split_gain=5.1233 5.31747 4.89688 4.31613 3.53392 4.1464 3.05115 2.89003 5.99292 4.50356 4.29007 5.14189 5.08994 2.78595 2.7724 3.50129 2.24829 1.44676 1.27215
threshold=47714.000000000007 -0.28670299053192133 8277.0000000000018 1.2658228278160097 -2549532.1249999995 0.00016348212375305596 0.41494457423686987 -1.3758402466773985 1.0000000180025095e-35 111311.43750000001 -0.83115482330322255 3815935.5000000005 -1.4318673014640806 -0.00037009413063060487 49838206.000000007 215528.00000000003 -1.5848813056945799 -0.62963366508483876 -0.98536336421966542
decision_type=2 2 2 2 2 2 2 2 2 2 2 2 2 2 2 2 2 2 2
left_child=6 17 3 13 -4 -6 14 8 -8 -10 11 -9 -12 -3 15 18 -16 -2 -1
right_child=1 2 4 -5 5 -7 7 10 9 -11 12 -13 -14 -15 16 -17 -18 -19 -20
leaf_value=0.0017352182233012286 -0.00069132402240303288 0.0082183077587079621 -0.0119768361304877 0.016023954328932409 0.0038087434290344042 -0.0097184663458452225 -0.01466086858057233 0.010415259877313907 -0.010955970965819279 0.0018552573809334665 -0.0098257692421724711 0.00099448573570703851 0.00098247941245785571 -0.0078924109680354963 0.0045376165294298398 -0.0053315260407243601 -0.0087609591062994211 -0.011734538568689525 0.011828124546849533
leaf_weight=1.7518975287675846 1.651282727718353 2.0931626409292221 3.9926453083753612 2.7374010235071182 6.5872928053140587 3.4344803616404533 3.4264957234263447 10.227596938610079 3.2988596484065082 16.188828721642494 4.9098547250032416 13.978331185877321 38.395388789474964 2.202943421900275 3.1377284601330757 1.6118241846561421 2.114248812198638 7.2874077185988444 8.334932893514635
leaf_count=11 10 10 32 11 35 23 18 47 17 75 29 62 197 14 17 8 11 63 60
internal_value=0.000307396 -0.00333762 -0.000542957 0.00621023 -0.00400358 -0.000727274 0.00133464 0.00059232 -0.00245888 -0.000262102 0.00164275 0.00501631 -0.000219845 0 0.00523568 0.00795246 -0.000625486 -0.00980635 0.0101743
internal_weight=137.363 29.9866 21.0479 7.03351 14.0144 10.0218 107.376 90.4254 22.9142 19.4877 67.5112 24.2059 43.3052 4.29611 16.9506 11.6987 5.25198 8.93869 10.0868
internal_count=750 198 125 35 90 58 552 445 110 92 335 109 226 24 107 79 28 73 71
is_linear=0
shrinkage=0.01


Tree=216
num_leaves=17
num_cat=0
split_feature=44 54 7 18 63 70 6 47 60 39 57 45 41 28 33 7
split_gain=5.05409 3.58939 3.4273 4.3898 8.17578 3.29249 3.18286 3.15242 2.95045 4.15565 4.62112 6.31017 3.7076 2.75616 2.39795 1.71349
threshold=1.0000000180025095e-35 0.19414236396551135 0.78360781073570263 194878.50000000003 0.059896372258663184 1420741.4375000002 -56920137727.999992 0.090742107480764403 0.0018069501966238024 1.5454614758491518 1.2474149465560915 -0.16200628131628034 1.6174503564834597 -395.18749999999994 -0.24654242396354673 1.5289293527603152
decision_type=2 2 2 2 2 2 2 2 2 2 2 2 2 2 2 2
left_child=8 -2 3 4 -3 -5 7 -4 9 10 12 -12 -1 -11 -10 -15
right_child=1 2 6 5 -6 -7 -8 -9 14 13 11 -13 -14 15 -16 -17
leaf_value=-0.0042644625042697016 -0.0072527729805840135 0.0085784482887439617 0.00079917403072218623 0.0010466199362779789 -0.010414855749771754 0.013191150759964501 0.014605538545321029 0.0062981608881566269 0.013517847445969318 0.0014701759877905293 -0.0050014902490587701 0.014553611314593482 0.006625153267399056 -0.012236776678836115 -0.0022976370509266387 -0.0028172152776969289
leaf_weight=23.771998189389709 4.1255494356155387 3.0663912743329993 22.855536736547947 22.481397598981861 8.2750637307763082 2.5167834907770148 2.7597647532820693 19.936226814985275 2.0810420662164693 2.5361533388495436 2.7278416380286217 3.965352125465869 3.5367889404296866 7.9481485113501531 1.607009783387183 2.9483350589871407
leaf_count=162 19 15 113 114 40 10 12 103 9 16 20 17 18 56 11 15
internal_value=0.000304718 0.00179109 0.00225891 -4.12681e-06 -0.00519146 0.00230932 0.00408625 0.00338446 -0.00217662 -0.00286106 -0.000966888 0.00643443 -0.00281752 -0.00758133 0.00635536 -0.00977984
internal_weight=137.139 86.0167 81.8912 36.3396 11.3415 24.9982 45.5515 42.7918 51.1227 47.4346 34.002 6.69319 27.3088 13.4326 3.68805 10.8965
internal_count=750 426 407 179 55 124 228 216 324 304 217 37 180 87 20 71
is_linear=0
shrinkage=0.01


Tree=217
num_leaves=17
num_cat=0
split_feature=25 45 57 60 66 59 61 57 28 26 46 17 1 48 19 5
split_gain=4.99738 5.24548 4.17662 5.10808 4.74702 2.99897 2.99219 4.35335 3.94641 3.69583 2.79068 3.40665 2.35883 2.01219 1.43918 0.558143
threshold=47714.000000000007 -0.28670299053192133 0.82499518990516674 -0.00063621372100897123 -1.2014678120613096 0.41494457423686987 1133.9482421875002 1.6530030965805056 -1567.5439453124998 0.0014285732759162786 -0.36171983182430262 23753.500000000004 12833417.500000002 -0.42095369100570673 28645.702148437504 574426.09375000012
decision_type=2 2 2 2 2 2 2 2 2 2 2 2 2 2 2 2
left_child=5 14 -3 -4 -5 10 7 8 -7 -9 11 12 -1 -13 -2 -12
right_child=1 2 3 4 -6 6 -8 9 -10 -11 15 13 -14 -15 -16 -17
leaf_value=0.0037884567249866262 -0.01175551224585349 -0.011912715208223726 0.013276924821346243 -0.012477942225994434 0.0015802411482084414 -0.016154741247018441 0.011333631942417318 0.0055917804084197765 -0.0020119117824968797 0.00014887484866305748 0.012241009293381495 0.011505762846499514 -0.0098205144825746701 -0.000846145471634396 -0.00086940333696574159 0.0036335771035545181
leaf_weight=2.1347357332706469 7.1471933573484439 2.8091891109943417 2.9356156140565934 2.969682961702353 12.25752982497214 2.2099483311176327 2.5203288197517386 17.257399514317513 21.779588118195534 46.486969470977783 4.8778214678168288 3.831751562654973 2.9071102440357208 1.7915953323245037 1.7076633647084234 1.3163363039493559
leaf_count=11 61 21 14 20 70 12 12 106 123 192 31 29 14 12 12 10
internal_value=0.000302237 -0.00330837 -0.000532843 0.00117219 -0.00109578 0.00131698 0.000581303 0.000261023 -0.00335645 0.00163811 0.00519604 0.00197927 -0.00386009 0.00739262 -0.00976905 0.0105733
internal_weight=136.94 29.8269 20.972 18.1628 15.2272 107.114 90.2542 87.7339 23.9895 63.7444 16.8594 10.6652 5.04185 5.62335 8.85486 6.19416
internal_count=750 198 125 104 90 552 445 433 135 298 107 66 25 41 73 41
is_linear=0
shrinkage=0.01


Tree=218
num_leaves=17
num_cat=0
split_feature=71 54 26 17 1 41 39 5 54 22 52 54 46 11 22 2
split_gain=4.93152 3.68333 3.55924 4.19104 5.07326 3.54663 3.35963 3.17578 3.83793 3.37874 3.35331 2.78162 3.08913 2.30336 1.95624 1.88705
threshold=52099.144531250007 0.19414236396551135 0.0018064273754134776 30398.000000000004 10908815.500000002 1.6174503564834597 1.9254060387611391 67508.523437500015 0.75373369455337536 7756.1914062500009 -0.0023471522144973274 1.4982204437255862 0.8971768617630006 27.489999771118168 -870.02667236328114 82767120.000000015
decision_type=2 2 2 2 2 2 2 2 2 2 2 2 2 2 2 2
left_child=5 -2 3 4 -3 7 14 8 9 -1 -10 13 -13 -4 -7 -5
right_child=1 2 11 15 -6 6 -8 -9 10 -11 -12 12 -14 -15 -16 -17
leaf_value=0.0020487899896008553 -0.0077987258410952935 0.0082051845435446111 -0.0034482276040374632 0.0096084218086347397 -0.0035656037248713258 0.013964334928396153 -0.0061859260354877703 0.010002823561319344 -0.00056010973907275345 -0.0059226188867583318 -0.0090109372288643061 -0.0024816706920492162 0.0050314857753651814 0.0072299951378373981 0.0011070680265855648 0
leaf_weight=15.517075397074224 3.7088411152362815 5.9908114373683921 2.4782972633838645 14.801882676780226 9.3225044757127744 3.0524348020553589 2.0365262106060982 1.7722207084298123 7.062715820968152 8.0417835339903814 15.739117190241814 26.7374537140131 6.8284828811883918 8.8282290101051313 2.2277505323290816 2.5819309651851645
leaf_count=77 17 30 11 113 46 13 13 10 41 52 129 112 26 34 13 13
internal_value=0.000299664 0.00187465 0.00235006 0.00486302 0.000974012 -0.00199093 0.00444102 -0.00298943 -0.00350765 -0.000629792 -0.00643721 0.000496656 -0.00092344 0.00480097 0.00872914 0.00823131
internal_weight=136.728 81.2784 77.5696 32.6971 15.3133 55.4496 7.31671 48.1329 46.3607 23.5589 22.8018 44.8725 33.5659 11.3065 5.28019 17.3838
internal_count=750 402 385 202 76 348 39 309 299 129 170 183 138 45 26 126
is_linear=0
shrinkage=0.01


Tree=219
num_leaves=17
num_cat=0
split_feature=70 50 67 2 66 53 4 4 43 7 59 41 38 71 71 34
split_gain=4.85188 4.00665 4.15311 4.90424 4.67799 3.91211 3.87124 3.31446 4.1788 3.01244 2.90244 3.30848 1.91245 1.21236 0.948993 0.288831
threshold=118041.80859375001 -0.091160751879215227 2.9440597295761113 5084850.0000000009 -4.781085491180419 -1.0000000180025095e-35 356117.43750000006 1851177.1250000002 28551.065429687504 1.7083508968353274 0.41494457423686987 1.8433930277824404 -1.3794069290161131 61320.367187500007 159890.16406250003 -1.0767836570739744
decision_type=2 2 2 2 2 2 2 2 2 2 2 2 2 2 2 2
left_child=6 12 3 5 -5 -3 9 8 -4 10 13 -12 14 -1 -2 -16
right_child=1 2 7 4 -6 -7 -8 -9 -10 -11 11 -13 -14 -15 15 -17
leaf_value=0.011511739544316241 0.00373942996628681 0.0078459759204005091 -0.003862767748705016 0.0026970082528706475 -0.0056224617201947281 -0.0031218205351223635 -0.015237398352128987 -0.0061365358832566018 0.0086764100026255325 0.01000839685798979 -0.0031117526290872226 0.0058647293789761915 0 0 0.014537382498361983 0.0083291884913077839
leaf_weight=2.2050861865282054 2.1357541009783745 9.6795147061347944 3.1359885409474435 9.8673477247357351 20.62792776525021 4.7408384084701529 2.0804038122296324 2.3243674784898749 14.432497687637804 2.2421081215143195 48.966403856873512 4.4120695963501921 2.4828551635146123 1.3041415140032766 3.5922584533691406 2.251631498336792
leaf_count=15 11 49 16 54 91 21 10 11 77 10 312 22 12 8 18 13
internal_value=0.00029721 0.00200375 0.00105886 -0.000606075 -0.00289774 0.00417085 -0.001785 0.00486834 0.00638124 -0.00129479 -0.00175786 -0.00235106 0.00776117 0.00698024 0.0101462 0.0123165
internal_weight=136.481 75.271 64.8085 44.9156 30.4953 14.4204 61.2102 19.8929 17.5685 59.1298 56.8877 53.3785 10.4625 3.50923 7.97964 5.84389
internal_count=750 373 319 215 145 70 377 104 93 367 357 334 54 23 42 31
is_linear=0
shrinkage=0.01


Tree=220
num_leaves=21
num_cat=0
split_feature=25 55 45 34 21 67 66 3 58 37 52 71 35 49 11 21 21 23 27 11
split_gain=4.7888 5.2517 5.6011 4.70442 4.40412 3.02264 4.15341 4.74179 4.52575 4.86593 4.10385 3.61596 3.40716 2.58851 1.93461 2.43026 1.44878 1.41984 2.43579 1.33021
threshold=47714.000000000007 -0.18110813945531842 -0.16200628131628034 1.2167142033576968 15693.000000000002 4.6730723381042489 -2.5432566404342647 -1108960.4999999998 -649215.99999999988 -1.4820888042449949 -0.0039458537939935914 517768.75000000006 2.5904302597045903 1.2431396245956423 78.739997863769545 -285819.99999999994 46116.500000000007 170.50000000000003 -1.0000000180025095e-35 54.034999847412116
decision_type=2 2 2 2 2 2 2 2 2 2 2 2 2 2 2 2 2 2 2 2
left_child=5 17 16 4 -4 6 7 11 13 -10 -9 -1 14 -8 19 -16 -3 -2 -19 -7
right_child=1 2 3 -5 -6 12 8 10 9 -11 -12 -13 -14 -15 15 -17 -18 18 -20 -21
leaf_value=-0.0017782633413514321 -0.011820484628219014 -0.011378728578410774 0.0074862314632275452 0.016948904311008883 -0.0053407881648288727 0.0024741355149037118 0.0039652308113960356 0.0052580370924252395 -0.011588441241573091 -0.0016219798189989448 0.020370918709110973 0.0071301510233534975 -0.008425890898356889 -0.0078048121057548436 0.0080825858716679425 -0.0067609951416530145 0 0.0021291335562328428 -0.011810070906565899 0.011811913085592705
leaf_weight=18.529929012060169 6.3971956595778483 4.1212901100516364 5.1870767325162834 2.2105503827333459 5.4872426092624664 2.3178660273551888 16.920470111072067 12.07329363375902 6.0660454258322707 27.44569355994463 2.2037165835499755 6.0249916836619368 1.5366328135132796 2.0519420355558387 2.4682655483484268 1.9525690674781806 1.3757087066769598 2.5686520785093307 2.2842384055256844 7.0566788092255592
leaf_count=99 54 37 25 9 34 12 75 63 34 134 9 32 8 10 16 11 8 14 17 49
internal_value=0.000294808 -0.0032519 0 0.00364706 0.000798689 0.00128963 0.000587495 0.00307431 -0.0012334 -0.00345587 0.00766082 0.000366851 0.00540625 0.00263955 0.00701947 0.00130036 -0.00840931 -0.00863335 -0.00422594 0.00960981
internal_weight=136.28 29.632 18.3819 12.8849 10.6743 106.648 91.3161 38.8319 52.4842 33.5117 14.277 24.5549 15.332 18.9724 13.7954 4.42083 5.497 11.2501 4.85289 9.37454
internal_count=750 198 113 68 59 552 456 203 253 168 72 131 96 85 88 27 45 85 31 61
is_linear=0
shrinkage=0.01


Tree=221
num_leaves=19
num_cat=0
split_feature=71 54 26 19 1 41 47 21 34 18 39 31 55 32 29 31 54 22
split_gain=4.70829 3.57189 3.44493 4.201 3.70932 3.42459 3.52733 4.23338 3.4517 3.42209 3.28047 2.92254 7.98633 7.40167 2.75494 2.52633 2.2807 1.89722
threshold=52099.144531250007 0.19414236396551135 0.0018064273754134776 7375.0551757812509 10908815.500000002 1.6174503564834597 0.17137294262647632 23927.000000000004 1.2167142033576968 28889.000000000004 1.9254060387611391 -0.27824817597866053 -0.40815976262092585 1.0000000180025095e-35 0.028059542179107669 1.6117005348205569 0.44113880395889288 -870.02667236328114
decision_type=2 2 2 2 2 2 2 2 2 2 2 2 2 2 2 2 2 2
left_child=5 -2 3 4 -3 6 14 9 -9 -8 17 12 -4 -13 -1 -5 -16 -7
right_child=1 2 11 15 -6 10 7 8 -10 -11 -12 13 -14 -15 16 -17 -18 -19
leaf_value=0.0055632199060793846 -0.0077061096701614134 0.0077557506089667837 0.008682392095382279 0.011777220711570264 -0.0022615425327605428 0.013785258698786385 0 -0.0049707280230877901 0.0078911738078823405 0.013488749307819677 -0.006138591889861481 0.008979339767051479 -0.0077459297315612876 -0.0013503879384449335 -0.0029475868927365035 0.0034893375833545139 -0.0096164740399968598 0.0010901326098638573
leaf_weight=1.914458461105826 3.6969015896320334 5.6054667830467251 4.0540236830711374 9.4771475195884722 10.657480984926222 3.0432728976011276 4.0698496326804188 14.130076698958876 2.39698801934719 3.3699174225330353 2.0296006873250008 10.691650852560999 10.640168920159336 19.405122056603432 9.8071682378649729 6.6906020566821089 12.15462516248226 2.2181717604398719
leaf_count=11 17 29 16 70 56 13 26 88 13 16 13 42 45 80 60 47 95 13
internal_value=0.000292303 0.00183424 0.00230392 0.00478967 0.0011297 -0.00195261 -0.00293808 -0.000184641 -0.00304481 0.00603466 0.00437681 0.000481797 -0.00314542 0.00228594 -0.00566008 0.00840935 -0.00668398 0.00862318
internal_weight=136.053 80.9186 77.2217 32.4307 16.2629 55.1341 47.8431 23.9668 16.5271 7.43977 7.29105 44.791 14.6942 30.0968 23.8763 16.1677 21.9618 5.26144
internal_count=750 402 385 202 85 348 309 143 101 42 39 183 61 122 166 117 155 26
is_linear=0
shrinkage=0.01


Tree=222
num_leaves=21
num_cat=0
split_feature=25 55 45 34 21 67 65 2 57 70 35 52 14 39 26 29 1 1 21 50
split_gain=4.66924 5.17503 5.47407 4.57142 4.26469 2.95367 4.22073 4.83392 4.3779 4.49606 3.34822 3.12727 2.75296 2.7366 1.75697 4.09133 1.98487 1.74493 1.44332 0.664886
threshold=47714.000000000007 -0.18110813945531842 -0.16200628131628034 1.2167142033576968 15693.000000000002 4.6730723381042489 -0.49927242100238794 5084850.0000000009 1.7129619121551516 66639.203125000015 2.5904302597045903 -1.0000000180025095e-35 0.12499999627470972 0.95055532455444347 0.00071428529918193828 0.32846157252788549 134131036.00000001 197338.00000000003 46116.500000000007 -0.00074193577165715386
decision_type=2 2 2 2 2 2 2 2 2 2 2 2 2 2 2 2 2 2 2 2
left_child=5 17 18 4 -4 6 7 13 11 -10 14 -8 -9 -1 15 -7 -16 -2 -3 -19
right_child=1 2 3 -5 -6 10 8 12 9 -11 -12 -13 -14 -15 16 -17 -18 19 -20 -21
leaf_value=0.012908637827553375 0.0010332952540784645 -0.011351344413496505 0.0073588800553859128 0.016708437759730185 -0.0052723186854390846 -0.005720172403067574 0.0041212362455321375 0.0027663606673843607 -0.01439185875473784 0.0012017397995504847 -0.0083419999764960829 -0.010120708326475094 -0.0027213853648453464 0.0038377240326704161 0.01180703979451349 0.013886022670842182 0 -0.0049636758798155337 0 -0.011791394155901955
leaf_weight=5.5020386949181548 1.4494154229760194 4.0711358711123511 5.1935744062066025 2.2124676108360299 5.4632958397269249 2.7610271349549267 1.7762291729450215 22.076622039079666 1.9884333387017274 26.228770680725574 1.5374174341559417 8.4244318008422834 15.507281839847563 9.620339021086691 7.376354441046713 1.709171339869499 1.8418714702129362 2.5053731203079215 1.3737689703702924 7.2015754505991927
leaf_count=27 9 37 25 9 34 16 10 111 11 112 8 56 78 51 54 8 10 16 8 60
internal_value=0.000289926 -0.0032227 0 0.00360403 0.000789599 0.00127271 0.000579172 0.00242504 -0.00192718 6.74378e-05 0.00535775 -0.00754274 0.000475486 0.00720416 0.00696949 0.00155251 0.00948787 -0.00859194 -0.00835675 -0.0101322
internal_weight=135.821 29.4706 18.3142 12.8693 10.6569 106.35 91.1241 52.7063 38.4179 28.2172 15.2258 10.2007 37.5839 15.1224 13.6884 4.4702 9.21823 11.1564 5.4449 9.70695
internal_count=750 198 113 68 59 552 456 267 189 123 96 66 189 78 88 24 64 85 45 76
is_linear=0
shrinkage=0.01


Tree=223
num_leaves=20
num_cat=0
split_feature=44 26 2 28 48 47 49 3 60 39 37 60 25 29 31 1 61 66 33
split_gain=4.59169 3.72686 3.16288 4.80059 5.72519 4.60694 5.94743 4.10207 2.93303 4.15789 3.75436 4.38043 3.442 3.01419 2.71264 2.7284 2.91113 2.64322 1.58724
threshold=1.0000000180025095e-35 0.0018064273754134776 7038409.0000000009 -65.437499999999986 -0.46627706289291376 -1.3820436000823972 1.0000000180025095e-35 235226.50000000003 0.0018069501966238024 1.5454614758491518 1.0000000180025095e-35 0.00016348212375305596 24215.000000000004 0.32933679223060613 -7.9429955482482901 109655744.00000001 227.49987792968753 -4.781085491180419 -0.3022323846817016
decision_type=2 2 2 2 2 2 2 2 2 2 2 2 2 2 2 2 2 2 2
left_child=8 14 3 4 -3 -4 -7 -5 9 10 11 -1 -12 17 -2 16 -16 -11 -10
right_child=1 2 5 7 -6 6 -8 -9 18 13 12 -13 -14 -15 15 -17 -18 -19 -20
leaf_value=0.0048507864846547922 -0.0059315076014337343 0.0095720663240061298 0.0073253683474541077 0.014613073663490085 -0.0084158192342929979 -0.00082784039537068328 -0.011796078214775269 0.0010724951923516894 0.013148413421919622 0.0015074035550262468 0.0023106366263981014 -0.0061983027414397361 -0.0080073898347867972 0.00090772088478133911 0.007597558989231556 -0.0042854638407656244 0.0007871307320137616 -0.012289611042764175 0
leaf_weight=14.170156784355642 2.436635047197341 2.6238254457712173 4.4136201441288021 4.8196843266487104 5.2965766489505794 19.611110836267475 6.7188668698072425 4.4956958442926407 1.7977302819490435 1.5029481053352345 4.5786963403224936 4.7446041256189337 10.034188389778135 3.0342398509383193 22.725039854645733 2.8936621695756903 9.1441724821925146 8.6893542408943159 1.8551856353878964
leaf_count=79 13 10 17 19 22 84 29 18 8 10 26 33 79 17 150 15 49 60 12
internal_value=0.000287577 0.00170971 -0.000111868 0.00329503 -0.00233064 -0.0020544 -0.00366469 0.0081856 -0.00209574 -0.00278497 -0.000878083 0.00202635 -0.00470598 -0.00754309 0.00408605 0.00481697 0.00567483 -0.010157 0.00645208
internal_weight=135.586 85.1789 47.9794 17.2358 7.9204 30.7436 26.33 9.31538 50.4071 46.7542 33.5276 18.9148 14.6129 13.2265 37.1995 34.7629 31.8692 10.1923 3.65292
internal_count=750 426 199 69 32 130 113 37 324 304 217 112 105 87 227 214 199 70 20
is_linear=0
shrinkage=0.01


Tree=224
num_leaves=13
num_cat=0
split_feature=70 54 4 50 27 0 41 22 33 38 37 11
split_gain=4.5227 4.53921 3.82501 3.10461 3.93476 3.07207 3.18378 3.20467 2.77576 2.33731 2.77723 0.354555
threshold=118041.80859375001 0.19414236396551135 356117.43750000006 -0.091160751879215227 -98551807.999999985 11996.500000000002 2.2107814550399785 5573.2248535156259 -1.0291270017623899 -1.6844920516014097 -1.3454260826110838 25.270000457763675
decision_type=2 2 2 2 2 2 2 2 2 2 2 2
left_child=2 -2 5 9 -5 -1 7 -7 -6 11 -11 -3
right_child=1 3 -4 4 8 6 -8 -9 -10 10 -12 -13
leaf_value=0.011956743653246076 -0.0092328495815278255 0.008784566907709148 -0.015142321359724693 -0.0093889288379451676 -0.0013003361203176491 -0.00037953765787345921 0.0078840432361307004 -0.0055031754132796552 0.0035622926003753127 -0.0061805939938321813 0.0097022112642880017 0.015311874872648379
leaf_weight=1.6933289468288411 3.4325175434350959 2.9774526059627533 2.068988822400569 3.0456819683313361 15.869535475969313 34.188166297972202 3.2517050504684439 19.403997417539358 42.441445656120777 2.0666941106319427 2.2830422744154912 2.6141055524349213
leaf_count=11 16 18 10 15 80 210 15 131 210 10 11 13
internal_value=0.000285361 0.00193797 -0.00173588 0.00248979 0.00162912 -0.00124495 -0.00165581 -0.0022533 0.00222176 0.00770118 0.0019259 0.012015
internal_weight=135.337 74.7305 60.6062 71.298 61.3567 58.5372 56.8439 53.5922 58.311 9.94129 4.34974 5.59156
internal_count=750 373 377 357 305 367 356 341 290 52 21 31
is_linear=0
shrinkage=0.01


Tree=225
num_leaves=23
num_cat=0
split_feature=25 45 21 60 72 39 28 17 47 28 5 65 48 28 70 40 33 31 65 18 6 19
split_gain=4.4629 5.08242 4.50505 4.32475 4.29403 2.94196 2.94198 2.74985 5.20673 3.5434 3.65213 3.55378 3.18295 4.98239 7.6314 5.14453 2.57104 2.40432 4.6117 4.30403 2.03236 1.44148
threshold=47714.000000000007 -0.28670299053192133 15693.000000000002 0.00016348212375305596 -2549532.1249999995 0.89621523022651683 21.468750000000004 7922.0000000000009 -0.35763445496559138 -162.03124999999997 35837.443359375007 1.5892899632453921 -0.4525428563356399 -271.99999999999994 303004.35937500006 -0.21101145446300504 -0.92767599225044239 -0.5429985225200652 -0.94362336397171009 528390.50000000012 -62077878271.999992 28645.702148437504
decision_type=2 2 2 2 2 2 2 2 2 2 2 2 2 2 2 2 2 2 2 2 2 2
left_child=7 21 5 4 -4 6 -3 8 16 10 -10 -11 17 14 -14 -15 -1 18 -9 -19 -18 -2
right_child=1 2 3 -5 -6 -7 -8 12 9 11 -12 -13 13 15 -16 -17 20 19 -20 -21 -22 -23
leaf_value=-0.0020929991313029489 -0.011677263840503086 -0.0070826019494011896 -0.011497993760381534 -0.012280429732356046 0.0042525598468231294 0.014716866411577004 0.0079895299578741502 0.0087475882280165645 -0.0052692084071862101 -0.011848877517678751 0.0073200735936483873 0 -0.010869369648577321 -0.0021789067245379227 0.0020122395597784808 0.0065016665521986554 0.014067360875046182 0.0089983682942987794 -0.0080415111320327748 -0.0021931982385138046 0.0024567416151419406 -0.00066860097383963707
leaf_weight=3.4701537862420082 6.8998503796756285 2.2953866347670582 2.3752183914184588 4.2852582186460486 6.3806639239191973 2.436858244240284 2.9142512083053589 3.0483826324343681 5.0325649157166517 7.5701258257031405 4.2322788238525391 3.9566696584224701 7.7998657375574139 10.590101912617685 10.972663812339304 18.531311489641666 3.2331544831395149 16.500487536191944 3.5254715681076076 4.1705052182078353 3.2896700650453585 1.6747149303555486
leaf_count=19 61 17 21 30 34 10 13 16 29 42 20 18 37 56 57 96 15 87 22 21 17 12
internal_value=0.000282684 -0.00316459 -0.000430779 -0.00404879 0 0.00560899 0.00115674 0.00124446 -0.00125187 -0.00412854 0.000373774 -0.00783411 0.00228053 0.000703838 -0.00328672 0.00331061 0.00463333 0.0050155 -0.000104067 0.00669202 0.00836506 -0.00964376
internal_weight=135.186 29.2622 20.6876 13.0411 8.75588 7.6465 5.20964 105.923 30.7846 20.7916 9.26484 11.5268 75.1388 47.8939 18.7725 29.1214 9.99298 27.2448 6.57385 20.671 6.52282 8.57457
internal_count=750 198 125 85 55 40 30 552 160 109 49 60 392 246 94 152 51 146 38 108 32 73
is_linear=0
shrinkage=0.01


Tree=226
num_leaves=22
num_cat=0
split_feature=44 26 19 21 4 2 47 49 31 19 41 60 39 57 49 41 29 52 34 66 33
split_gain=4.41537 3.65639 3.20501 3.63602 3.26152 3.10748 4.51507 5.83135 4.29004 7.62133 4.14522 2.87071 4.1176 4.35509 6.07658 3.40185 2.97186 2.86867 2.6803 2.57296 1.54155
threshold=1.0000000180025095e-35 0.0018064273754134776 7375.0551757812509 1335598.0000000002 2158210.0000000005 7038409.0000000009 -1.3820436000823972 1.0000000180025095e-35 -0.27824817597866053 37924.121093750007 0.94465014338493358 0.0018069501966238024 1.5454614758491518 1.2474149465560915 -0.31194539368152613 1.6174503564834597 0.32933679223060613 0.066765706986188902 -1.4532982110977171 -4.781085491180419 -0.3022323846817016
decision_type=2 2 2 2 2 2 2 2 2 2 2 2 2 2 2 2 2 2 2 2 2
left_child=11 2 4 18 17 8 -7 -8 9 -3 -10 12 13 15 -15 -1 19 -2 -4 -14 -13
right_child=1 5 3 -5 -6 6 7 -9 10 -11 -12 20 16 14 -16 -17 -18 -19 -20 -21 -22
leaf_value=-0.0040826965375451493 0.000697389578256404 0.0051890753277241001 -0.0017148021200378682 -0.0084021922374184193 -0.0092108381821721912 0.0072397612892049299 -0.00083959207012226813 -0.011716113759658737 0.012093722756033853 -0.017461541747362277 -0.00027009453583792933 0.013027974926191295 0.0014073860355114862 -0.004564456448847092 0.014624527102393323 0.0064065394313764235 0.00088768750211636635 0.01176763771465541 0.0098058863995996032 -0.012233304194279043 0
leaf_weight=23.239471163600687 13.01277130842209 3.8839393407106426 2.169873952865605 1.3551247119903553 2.6197571903467169 4.403732597827914 19.569894134998325 6.69919130206108 6.5607832521200162 2.3717970699071884 4.3581132143735886 1.7885368987917902 1.4946837872266758 2.7962283566594124 3.8245588243007651 3.5014922097325316 3.0282547995448104 2.9214607626199713 14.90684861689806 8.6074897125363332 1.849951997399329
leaf_count=162 66 16 12 6 13 17 84 29 25 10 18 8 10 20 17 18 17 18 112 60 12
internal_value=0.000280012 0.00167694 0.00403915 0.00700244 0.00104147 -0.000128141 -0.00205515 -0.00365141 0.00325515 -0.00323882 0.00706731 -0.00206398 -0.00274852 -0.000847622 0.0063692 -0.00267183 -0.00750214 0.00278982 0.00828344 -0.0101161 0.00640811
internal_weight=134.964 84.8333 36.9858 18.4318 18.554 47.8475 30.6728 26.2691 17.1746 6.25574 10.9189 50.1307 46.4922 33.3618 6.62079 26.741 13.1304 15.9342 17.0767 10.1022 3.63849
internal_count=750 426 227 130 97 199 130 113 69 26 43 324 304 217 37 180 87 84 124 70 20
is_linear=0
shrinkage=0.01


Tree=227
num_leaves=20
num_cat=0
split_feature=43 67 53 27 2 36 18 4 70 56 24 21 21 34 31 33 44 31 65
split_gain=4.34058 3.40609 4.75756 4.578 4.11551 3.94474 3.78893 3.44029 3.41858 3.21921 2.79454 3.04511 3.25966 2.77956 2.12337 6.59019 3.79002 1.85252 0.260928
threshold=17075.645507812504 2.9440597295761113 -2.5042671580877135e-07 3729408.0000000005 20295434.000000004 1.0483114719390871 707294.00000000012 1851177.1250000002 66639.203125000015 2.1094585657119755 459.00000000000006 -67757.999999999985 -2389.4999999999995 -0.80212259292602528 4.0942518711090097 -0.44651041924953455 1080072.8125000002 -4.1068553924560538 0.81698903441429149
decision_type=2 2 2 2 2 2 2 2 2 2 2 2 2 2 2 2 2 2 2
left_child=9 2 3 4 -2 6 -4 8 -3 10 11 -1 -13 -10 16 -16 17 -11 -17
right_child=1 7 5 -5 -6 -7 -8 -9 13 14 -12 12 -14 -15 15 18 -18 -19 -20
leaf_value=-0.011360568292244126 0.0057043266095643738 -0.0079899565084955958 -0.0083888089060931946 -0.011062277641364804 -0.00039557025842674787 0.0072673913955595216 0.0033824315253917388 -0.0061333854993493465 0.014241727981227239 -0.0028272073909708624 0.0093283032120649399 0.0047445312125260607 -0.0028465224891326387 0.0051555172086694247 0.015181125207389543 -0.011040267057167688 0.0079311198880284012 -0.011323543145135199 -0.0031297210724675491
leaf_weight=2.5681404471397462 24.393882088363171 1.4157309457659781 12.218371897935869 2.4345715641975394 19.708402261137962 2.6636245846748343 3.3850789964199057 2.3125367164611808 5.0167794600129207 4.0310156792402259 2.9008276909589759 9.2491844445467066 14.544946171343319 12.217284716665738 1.8809173107147215 1.9829545840620988 1.4395404756069172 9.2736101336777228 1.0522266551852224
leaf_count=22 127 7 55 12 99 11 15 11 24 34 12 48 82 71 9 18 8 78 7
internal_value=0.00027779 0.00164017 0.00048967 0.00220089 0.00295573 -0.00381507 -0.00577102 0.00514918 0.00660181 -0.00209012 0 -0.00101262 6.22224e-05 0.00785851 -0.00521969 0.000278456 -0.00712075 -0.0088245 -0.00862733
internal_weight=134.69 85.7663 64.8039 46.5369 44.1023 18.2671 15.6035 20.9623 18.6498 48.9234 29.2631 26.3623 23.7941 17.2341 19.6603 4.9161 14.7442 13.3046 3.03518
internal_count=750 432 319 238 226 81 70 113 102 318 164 152 130 95 154 34 120 112 25
is_linear=0
shrinkage=0.01


Tree=228
num_leaves=21
num_cat=0
split_feature=25 55 45 34 68 67 65 2 57 70 52 48 28 39 14 38 1 56 38 24
split_gain=4.29435 5.08179 5.28304 4.40452 4.23343 2.82445 4.04388 4.70603 4.25519 4.27512 3.07061 3.02086 3.69221 2.67929 2.65475 2.23602 1.72609 1.57632 0.58864 0.564595
threshold=47714.000000000007 -0.18110813945531842 -0.16200628131628034 1.2167142033576968 66.666675567626967 4.6730723381042489 -0.49927242100238794 5084850.0000000009 1.7129619121551516 66639.203125000015 -1.0000000180025095e-35 -0.72914156317710865 209.12500000000003 0.95055532455444347 0.12499999627470972 1.2186548113822939 197338.00000000003 -0.19100361317396161 1.2186548113822939 373.50000000000006
decision_type=2 2 2 2 2 2 2 2 2 2 2 2 2 2 2 2 2 2 2 2
left_child=5 16 17 4 -4 6 7 13 10 -10 -8 12 -7 -1 -9 19 -2 -3 -18 -13
right_child=1 2 3 -5 -6 11 8 14 9 -11 -12 15 -14 -15 -16 -17 18 -19 -20 -21
leaf_value=0.012749807346330626 0.0011192809478807707 0.00069433178448912597 0.0069421600746208392 0.016502686416763189 -0.005707140258866452 -0.0082964429649993784 0.0040544160201857801 0.0026840271617948842 -0.014182321794347171 0.0011523109000762585 -0.010076503809198842 0.012278376780026424 0.010064418190532203 0.0037406979920659457 -0.0027235081530176388 0 -0.011766879306883183 -0.011337535874170085 -0.0053914044861049469 0.0040839604463550148
leaf_weight=5.4646831080317488 1.4337185472250009 1.2839570045471189 5.5460855141282028 2.204934038221837 5.0191646069288254 2.9243687242269507 1.7742452472448338 21.912307098507881 1.9537100046873117 26.064820259809494 8.3141273632645589 6.3937343731522542 1.7304004952311514 9.5434745475649816 15.414125405251978 2.5163954123854637 6.8002631440758687 4.0296579599380538 2.7148526534438133 1.4230687692761419
leaf_count=27 9 7 26 9 33 14 10 111 11 112 56 42 12 51 78 17 58 38 18 11
internal_value=0.000275238 -0.00312066 8.01365e-05 0.00362125 0.000838289 0.00121987 0.000541217 0.00235419 -0.00192241 4.73484e-05 -0.00749217 0.00524831 -0.001256 0.00708767 0.000424169 0.00827506 -0.00849862 -0.00824202 -0.0100529 0.0109145
internal_weight=134.462 29.0326 18.0838 12.7702 10.5653 105.429 90.4415 52.3346 38.1069 28.0185 10.0884 14.988 4.65477 15.0082 37.3264 10.3332 10.9488 5.31361 9.51512 7.8168
internal_count=750 198 113 68 59 552 456 267 189 123 66 96 26 78 189 70 85 45 76 53
is_linear=0
shrinkage=0.01


Tree=229
num_leaves=22
num_cat=0
split_feature=44 26 17 1 30 28 61 12 12 45 47 47 70 60 57 41 50 28 45 1 23
split_gain=4.23307 3.5672 3.216 4.1227 5.69322 3.52631 3.23211 3.11462 4.03209 5.14017 3.56276 5.05217 2.99132 2.82403 3.04113 4.49056 4.34121 4.03086 1.37939 1.37853 0.296681
threshold=1.0000000180025095e-35 0.0018064273754134776 30398.000000000004 8984807.0000000019 0.11086614057421686 -271.99999999999994 431.64123535156256 172546648.00000003 216235288.00000003 -0.30985337495803827 -1.878141403198242 0.17137294262647632 303004.35937500006 0.0018069501966238024 1.4541019797325136 1.8433930277824404 -0.00013766648771706966 -451.99999999999994 -1.0000000180025095e-35 511014.50000000006 222.50000000000003
decision_type=2 2 2 2 2 2 2 2 2 2 2 2 2 2 2 2 2 2 2 2 2
left_child=13 2 3 6 -5 12 -2 10 -9 -10 -3 -12 -4 14 15 16 -1 -16 -15 -19 -7
right_child=1 7 5 4 -6 20 -8 8 9 -11 11 -13 -14 18 17 -17 -18 19 -20 -21 -22
leaf_value=0.0017181350909104176 0.011248515960047493 0.0075626877117407629 -0.0033744780792972946 0.003681257361631083 -0.011042169142803281 0.011583538754740948 -0.0033268062876370685 0.011428300842049106 0.0068126089258570156 -0.011184717271561574 -0.0066047023083439776 0.0012176189351366653 0.0080153208088104694 0.00054150249669634878 0.0068220918868915192 0.0096564601802640818 -0.0057056969925012207 -0.0014136870902325565 0.013576608033959417 -0.011714165544906403 0.004604534291899766
leaf_weight=13.845034539699553 4.9245455563068417 3.7642775624990454 4.6019071787595767 5.552805230021475 4.8792672753334045 9.0141995474696142 2.0687759518623352 4.7670671343803388 3.7955424785614014 2.7159678488969803 16.346649080514908 16.329751715064049 4.4876329451799393 2.0688484460115437 1.6441280245780934 3.3860299289226523 17.802974101156 1.8396423161029796 1.5480904579162587 7.6628030464053154 1.1926507428288449
leaf_count=83 25 14 28 29 23 71 10 19 16 11 71 68 32 14 10 16 133 12 6 50 9
internal_value=0.000273148 0.0016434 0.00398738 0.000807731 -0.00310929 0.00680691 0.00679383 -0.000139432 0.00442961 -0.000540548 -0.00158102 -0.00266496 0.00213881 -0.00203028 -0.00271199 -0.00123005 -0.0024264 -0.00728005 0.00639715 -0.00982526 0.010866
internal_weight=134.239 84.441 36.7218 17.4254 10.4321 19.2964 6.99332 47.7193 11.2786 6.51151 36.4407 32.6764 9.08954 49.7976 46.1806 35.034 31.648 11.1466 3.61694 9.50245 10.2069
internal_count=750 426 227 87 52 140 35 199 46 27 153 139 60 324 304 232 216 72 20 62 80
is_linear=0
shrinkage=0.01


Tree=230
num_leaves=15
num_cat=0
split_feature=70 54 4 26 19 4 0 13 54 24 19 11 70 20
split_gain=4.18446 4.35184 3.7389 3.22121 3.20096 3.37155 2.95157 3.00139 3.98504 2.75706 2.72682 4.45904 1.97729 1.36961
threshold=118041.80859375001 0.19414236396551135 356117.43750000006 0.0014285719371400776 749.84182739257824 13434.555175781252 11996.500000000002 142591976.00000003 0.75373369455337536 67.500000000000014 7375.0551757812509 21.380000114440922 303004.35937500006 16138.854980468752
decision_type=2 2 2 2 2 2 2 2 2 2 2 2 2 2
left_child=2 -2 6 10 5 -5 -1 8 -8 -6 11 -3 -12 -9
right_child=1 3 -4 4 9 -7 7 13 -10 -11 12 -13 -14 -15
leaf_value=0.011879854846978809 -0.0091067632869876233 -0.007082333318851791 -0.014994641147953515 0.0035587894604877171 0.0056748504071364057 -0.0081499379372367807 0.00051685257819018555 0.01271100105197313 -0.0049664386017524024 -3.0247511615479904e-05 0.0028224900156900239 0.0057063193099000341 0.011626484887559003 2.3790865933276985e-05
leaf_weight=1.6586602851748455 3.4096433222293845 3.7650256007909801 2.0516328886151305 3.6735652238130552 14.082316413521765 6.9251299798488617 25.951203003525734 1.9775280803441995 26.473681639879942 20.394335947930813 4.2322129234671584 9.5608489289879781 8.0491530895233137 1.7766692414879797
leaf_count=11 16 19 10 15 59 32 141 10 195 87 30 53 62 10
internal_value=0.000271344 0.00186662 -0.00168556 0.00241011 0.000774974 -0.00399728 -0.00119617 -0.00160003 -0.00223304 0.00227105 0.00524933 0.00201804 0.00867401 0.00697316
internal_weight=133.982 74.0922 59.8894 70.6826 45.0753 10.5987 57.8377 56.1791 52.4249 34.4767 25.6072 13.3259 12.2814 3.7542
internal_count=750 373 377 357 193 47 367 356 336 146 164 72 92 20
is_linear=0
shrinkage=0.01


Tree=231
num_leaves=18
num_cat=0
split_feature=25 55 45 34 68 59 61 57 28 26 2 0 36 56 0 41 49
split_gain=4.12893 5.03043 5.20307 4.31117 4.13686 2.71063 2.92861 4.04065 3.83007 3.35426 2.69328 3.38771 2.16501 1.56321 1.48914 1.92744 1.22267
threshold=47714.000000000007 -0.18110813945531842 -0.16200628131628034 1.2167142033576968 66.666675567626967 0.41494457423686987 1133.9482421875002 1.6530030965805056 -1567.5439453124998 0.0014285732759162786 49838206.000000007 215528.00000000003 -1.5848813056945799 -0.19100361317396161 229408.00000000003 1.6174503564834597 -0.98536336421966542
decision_type=2 2 2 2 2 2 2 2 2 2 2 2 2 2 2 2 2
left_child=5 14 13 4 -4 10 7 8 -7 -9 11 16 -12 -3 15 -2 -1
right_child=1 2 3 -5 -6 6 -8 9 -10 -11 12 -13 -14 -15 -16 -17 -18
leaf_value=0.0015924927548986991 -0.011938509325517368 0.00070003311323274618 0.006885164520637495 0.016370644547915418 -0.0056370129605412345 -0.016051200755558329 0.011145135465245027 0.0053572237382103925 -0.0020046295651415121 9.7834033456160733e-05 0.0042897405024178914 -0.005423324542015307 -0.0089248265331294523 -0.01131038726708216 0 0.00027733749735551035 0.011696783672438968
leaf_weight=1.6926078721880911 7.83362875133753 1.2806727439165113 5.5502448529004997 2.2041148543357858 4.9863049611449242 2.1765572130680111 2.5130598172545424 16.66474275290966 21.316587664186954 46.027957692742348 3.0209930986166 1.5815858095884312 2.0705123394727698 3.9772901199758097 1.6643294245004643 1.3568238988518713 7.8579812347888964
leaf_count=11 64 7 26 9 33 12 12 106 123 192 17 8 11 38 13 8 60
internal_value=0.000269223 -0.00307125 0.000116736 0.00362534 0.000864276 0.00119737 0.000497413 0.000175338 -0.00334856 0.00151182 0.00496259 0.00772815 -0.000887692 -0.00819484 -0.00844945 -0.0100262 0.0100108
internal_weight=133.776 28.8534 17.9986 12.7407 10.5365 104.923 88.6989 86.1858 23.4931 62.6927 16.2237 11.1322 5.09151 5.25796 10.8548 9.19045 9.55059
internal_count=750 198 113 68 59 552 445 433 135 298 107 79 28 45 85 72 71
is_linear=0
shrinkage=0.01


Tree=232
num_leaves=18
num_cat=0
split_feature=71 50 36 13 19 58 51 41 41 23 67 44 65 38 40 22 67
split_gain=4.07566 3.31286 3.88783 3.48072 3.22584 3.1077 2.98963 3.49045 2.95081 2.85479 4.4992 2.89676 2.27207 1.98448 0.845463 0.798904 0.56664
threshold=52099.144531250007 -0.11157178133726119 1.2757652997970583 99391000.000000015 105736.79687500001 -12865535.999999998 -0.10033531114459036 1.6174503564834597 -1.835940361022949 287.50000000000006 2.9440597295761113 225072.20312500003 3.364472627639771 -1.2108752727508543 0.20613064616918567 9347.8403320312518 6.2350423336029062
decision_type=2 2 2 2 2 2 2 2 2 2 2 2 2 2 2 2 2
left_child=4 5 6 12 8 -2 13 -8 14 11 -11 -10 -4 -3 -1 -7 -5
right_child=1 2 3 16 -6 15 7 -9 9 10 -12 -13 -14 -15 -16 -17 -18
leaf_value=-0.013581092449136935 -0.00091637561387457008 -0.00037621360453292055 -0.0064314568569969442 0.014422693835597118 -0.011691670836238883 0.014126973110344936 0.0015104094116165357 -0.0065104371414057274 -0.0021571182536250354 -0.0013981534366991524 0.015570866526045904 0.0092658053419726483 0.0084063523621118758 -0.014554947980662741 -0.0032030647136248921 0.0056907961421725521 0.0057288803885963873
leaf_weight=2.3119366616010661 2.8793062716722488 2.0348247885704041 2.3590631633996946 3.8926213607192039 3.1576489061117163 4.0892040058970434 50.591058872640133 6.0521273463964453 38.266079299151897 3.5095102787017813 2.686510905623436 2.3310528546571723 1.8343564569950102 2.2385856807231894 1.6403729394078252 2.2188628315925598 1.4766367301344869
leaf_count=16 13 12 11 18 19 23 249 30 257 21 11 12 12 10 12 13 11
internal_value=0.000267108 0.0017105 0.00095791 0.0068861 -0.00184761 0.00737497 1.08869e-05 0.000635755 -0.00121536 -0.000491972 0.00579799 -0.00147659 0 -0.00803761 -0.0095268 0.0113181 0.012218
internal_weight=133.57 79.6666 70.4793 9.56268 53.9031 9.18737 60.9166 56.6432 50.7455 46.7932 6.19602 40.5971 4.19342 4.27341 3.95231 6.30807 5.36926
internal_count=750 402 353 52 348 49 301 279 329 301 32 269 23 22 28 36 29
is_linear=0
shrinkage=0.01


Tree=233
num_leaves=21
num_cat=0
split_feature=71 50 67 2 34 66 41 47 21 20 34 17 48 58 39 29 54 67 22 22
split_gain=4.00051 3.26117 3.66213 4.40651 4.97831 4.19876 3.18007 3.42339 3.98139 3.21659 3.19489 3.09517 3.40211 3.07056 3.0516 2.58558 2.28879 2.27904 1.77661 0.795605
threshold=52099.144531250007 -0.11157178133726119 2.9440597295761113 5684512.5000000009 -0.43773493170738215 -3.9468040466308589 1.6174503564834597 0.17137294262647632 23927.000000000004 9029.7753906250018 1.2167142033576968 1.0000000180025095e-35 -0.69978749752044667 -12865535.999999998 1.9254060387611391 0.028059542179107669 0.44113880395889288 3.4954895973205571 -870.02667236328114 9347.8403320312518
decision_type=2 2 2 2 2 2 2 2 2 2 2 2 2 2 2 2 2 2 2 2
left_child=6 13 3 4 -3 -5 7 15 9 -9 -10 12 -4 -2 18 -1 -17 -13 -8 -15
right_child=1 2 11 5 -6 -7 14 8 10 -11 -12 17 -14 19 -16 16 -18 -19 -20 -21
leaf_value=0.0054786814846557895 -0.00090708794422191365 -0.0032545732350337453 -0.0097196575619255699 0.0016168608387199088 0.0075832849550031183 -0.0058417173167366158 0.013456308853578784 0 -0.004768830535828889 0.013239019891572432 0.0076626669703432904 0.013549659106935516 0.0059036281484932751 0.014076755287522169 -0.006001968192147873 -0.0027478657019721249 -0.0095176111897486634 0.0044090347230433683 0.0010336706715367613 0.0056443184921416371
leaf_weight=1.8665523156523729 2.87969771027565 6.7493398487567928 2.8355149328708649 12.372333928942679 10.979949593544005 18.693836390972141 3.0032654106616974 3.9823623150587109 13.77605725079775 3.3451473712921143 2.3804437816143027 3.7637322247028377 2.6773506104946163 4.0628860220313054 1.958925276994705 9.5687415376305598 11.770677756518124 12.358341112732885 2.1688304916024199 2.2147830277681351
leaf_count=11 13 32 13 68 53 82 13 26 88 16 13 15 13 23 13 60 95 77 13 13
internal_value=0.000264551 0.00169512 0.000948874 -0.00055132 0.00340103 -0.00283909 -0.00183232 -0.00279534 -6.03996e-05 0.00600978 -0.00287532 0.00437863 -0.00195074 0.00732537 0.0043328 -0.00551996 -0.00652887 0.00660496 0.00844043 0.0112611
internal_weight=133.409 79.5878 70.4304 48.7955 17.7293 31.0662 53.821 46.69 23.484 7.32751 16.1565 21.6349 5.51287 9.15737 7.13102 23.206 21.3394 16.1221 5.1721 6.27767
internal_count=750 402 353 235 85 150 348 309 143 42 101 118 26 49 39 166 155 92 26 36
is_linear=0
shrinkage=0.01


Tree=234
num_leaves=21
num_cat=0
split_feature=43 67 53 1 50 36 18 4 70 56 22 53 11 67 48 8 54 72 33 72
split_gain=3.95253 3.23777 4.51711 4.72344 5.41011 3.77898 3.6818 3.37507 3.27862 3.1622 2.68882 3.10343 2.59684 2.50779 2.40944 2.26227 2.03371 2.7643 2.86586 0.821447
threshold=17075.645507812504 2.9440597295761113 -2.5042671580877135e-07 8984807.0000000019 -0.062581568956375108 1.0483114719390871 707294.00000000012 1851177.1250000002 66639.203125000015 2.1094585657119755 20035.640625000004 0.97133132815361034 31.720000267028812 3.4954895973205571 1.2430022954940798 0.75207099318504345 2.5466592311859135 -2555386.9999999995 -0.3836576640605926 -2549532.1249999995
decision_type=2 2 2 2 2 2 2 2 2 2 2 2 2 2 2 2 2 2 2 2
left_child=9 2 3 12 -5 6 -4 8 -3 10 11 15 -2 -10 -12 -1 19 -18 -19 -11
right_child=1 7 5 4 -6 -7 -8 -9 13 16 14 -13 -14 -15 -16 -17 17 18 -20 -21
leaf_value=-0.00036848276263162999 0.0019725621006179564 -0.0078806502905500002 -0.0082647011992153831 0.003815026700898499 -0.0056121701675407934 0.007134124888254231 0.0033710990270500374 -0.0061904001822212108 0.015099908798891505 -0.0016276047347594685 -0.011705537771102548 -0.011839800184540639 0.0090157984697378773 0.0055492819239229716 0.0027538392768640054 0.0059362706544127918 -0.012073358413168736 0.0064697185380638983 -0.0044035013608374482 -0.011810164079773174
leaf_weight=12.259540863335141 11.02615297585726 1.4015654325485289 12.157291635870935 12.079486317932606 12.190182946622372 2.6395056247711173 3.3641767650842658 2.2980771064758292 3.7433157265186336 1.2262255027890203 3.2613404318690291 1.6135978177189816 10.799249723553656 13.231602236628531 1.6316798031330106 10.197294555604456 2.5975613631308088 3.749423436820507 6.7916978821158374 4.9458133056759861
leaf_count=68 59 7 55 67 59 11 15 11 15 11 26 12 53 80 8 50 27 22 51 43
internal_value=0.000262522 0.00156784 0.000443211 0.00212135 -0.000878867 -0.00376108 -0.00567829 0.00501478 0.00647046 -0.00201325 4.24478e-05 0.0014504 0.00550339 0.0077143 -0.00667938 0.00244988 -0.00514831 -0.00281694 -0.000441086 -0.00994917
internal_weight=133.205 84.9306 64.256 46.0951 24.2697 18.161 15.5215 20.6746 18.3765 48.2742 28.9635 24.0704 21.8254 16.9749 4.89302 22.4568 19.3107 13.1387 10.5411 6.17204
internal_count=750 432 319 238 126 81 70 113 102 318 164 130 112 95 34 118 154 100 73 54
is_linear=0
shrinkage=0.01


Tree=235
num_leaves=18
num_cat=0
split_feature=70 54 26 19 17 17 11 58 19 17 17 23 28 33 58 66 5
split_gain=3.91553 4.20165 3.14514 3.05317 3.10361 2.84279 3.61025 2.82266 2.62787 2.70874 2.63216 4.16317 1.75131 1.73861 0.722733 0.62727 0.22027
threshold=118041.80859375001 0.19414236396551135 0.0014285719371400776 749.84182739257824 56015.000000000007 150821.00000000003 78.739997863769545 -5019647.9999999991 105736.79687500001 786017.50000000012 228857.00000000003 287.50000000000006 322.50000000000006 0.49500964581966406 -2062335.9999999998 1.0834214091300967 358132.54687500006
decision_type=2 2 2 2 2 2 2 2 2 2 2 2 2 2 2 2 2
left_child=8 -2 5 7 -5 6 -3 -4 9 10 11 -1 14 -10 -11 -12 -7
right_child=1 2 3 4 -6 16 -8 -9 13 12 15 -13 -14 -15 -16 -17 -18
leaf_value=-0.0020533980433642728 -0.0090059334636866245 0.0045485811740233412 0.0052793068464395566 0.0066454686344398104 0.00012062387633561779 0.0118377454598349 -0.0098437240947010732 -0.0068240490503038362 -0.015079597884862942 0.0060103344790588074 -0.012037610214035238 0.0080537259506164617 0.013579980604425846 -0.00015621755483118203 -0.002637578736637254 -0.0042553708640559688 0.0063983206643514635
leaf_weight=40.348326094448566 3.389316037297248 16.072350732982166 2.4332397431135169 10.765357226133345 23.593812428414822 5.307306855916976 1.9187162742018689 8.1238063573837263 2.3393490314483638 1.7953004986047745 2.7715241387486449 4.5084227696061125 1.8299421072006223 1.3790434524416921 1.9248955622315398 2.5003874823451042 1.9930130690336225
leaf_count=269 16 97 10 46 100 40 10 37 13 9 16 21 11 9 12 17 17
internal_value=0.000260138 0.00180808 0.00234438 0.000730146 0.00219408 0.00517162 0.00295808 -0.00393968 -0.00164102 -0.00107726 -0.00182618 -0.00101527 0.00550687 -0.00981388 0.00126695 -0.0085363 0.0104897
internal_weight=132.994 73.5969 70.2076 44.9162 34.3592 25.2914 17.9911 10.557 59.3972 55.6788 50.1287 44.8567 5.55014 3.71839 3.7202 5.27191 7.30032
internal_count=750 373 357 193 146 164 107 47 377 355 323 290 32 22 21 33 57
is_linear=0
shrinkage=0.01


Tree=236
num_leaves=21
num_cat=0
split_feature=25 55 69 48 38 67 65 2 57 70 35 52 39 14 1 26 29 4 50 67
split_gain=3.91279 4.92233 4.51157 4.47358 4.43661 2.72674 3.92581 4.63158 4.03151 4.06618 3.16456 3.02181 2.64528 2.54901 1.70346 1.64186 3.97881 2.48472 0.671299 0.269439
threshold=47714.000000000007 -0.18110813945531842 25.864682197570804 -0.15719246864318845 0.44168242812156683 4.6730723381042489 -0.49927242100238794 5084850.0000000009 1.7129619121551516 66639.203125000015 2.5904302597045903 -1.0000000180025095e-35 0.95055532455444347 0.12499999627470972 197338.00000000003 0.00071428529918193828 0.32846157252788549 2247697.7500000005 -0.00074193577165715386 4.3067798614501962
decision_type=2 2 2 2 2 2 2 2 2 2 2 2 2 2 2 2 2 2 2 2
left_child=5 14 -3 19 -5 6 7 12 11 -10 15 -8 -1 -9 -2 16 -7 -17 -16 -4
right_child=1 2 3 4 -6 10 8 13 9 -11 -12 -13 -14 -15 18 17 -18 -19 -20 -21
leaf_value=0.012662683732404031 0.0012156451552542376 0.011530306528087656 -0.011483705303467784 -0.0030977633183222283 0.010718864325321851 -0.0057474306392195848 0.0040677385488286913 0.0025924278957152659 -0.014008183137011861 0.0010542346329678717 -0.0081984635400647373 -0.010005033902009915 0.0036680474656652202 -0.0027347757651772341 -0.0047149280470178455 0.011617392892324519 0.013767442909404171 -0.0024251670153515206 -0.011669007353440827 -0.0041020821740227996
leaf_weight=5.4101099371910086 1.4192925170063997 2.9359034001827267 3.7045264691114452 6.5453278794884628 3.5604363828897476 2.7038025707006428 1.7632217407226551 21.688414819538593 1.9255882054567361 25.878146827220917 1.5216388031840331 8.1786174178123456 9.462159685790537 15.253521069884298 2.4374954327940932 7.4132365956902486 1.6802648976445196 1.3824664503335951 6.8453594706952563 1.1151254065334795
leaf_count=27 9 13 34 40 17 16 10 111 11 112 8 56 51 78 16 57 8 7 60 9
internal_value=0.000257807 -0.00301161 0.000146898 -0.00202527 0.00167112 0.00116309 0.000495507 0.00229136 -0.0019432 0 0.00516193 -0.00740859 0.00700728 0.000365728 -0.00837643 0.0067803 0.00150386 0.00929656 -0.00995073 -0.0099833
internal_weight=132.825 28.5635 17.8613 14.9254 10.1058 104.261 89.5598 51.8142 37.7456 27.8037 14.7014 9.94184 14.8723 36.9419 10.7021 13.1798 4.38407 8.7957 9.28285 4.81965
internal_count=750 198 113 100 57 552 456 267 189 123 96 66 78 189 85 88 24 64 76 43
is_linear=0
shrinkage=0.01


Tree=237
num_leaves=20
num_cat=0
split_feature=25 55 45 34 68 67 66 61 57 52 71 35 37 11 61 1 56 26 38
split_gain=3.84536 4.85791 4.97655 4.12224 4.00118 2.68668 3.60725 4.96509 3.75722 4.67321 3.15363 3.11443 2.86479 1.94615 2.32187 1.68955 1.55669 1.4071 0.599914
threshold=47714.000000000007 -0.18110813945531842 -0.16200628131628034 1.2167142033576968 66.666675567626967 4.6730723381042489 -2.5432566404342647 663.62100219726574 1.7129619121551516 -1.0000000180025095e-35 517768.75000000006 2.5904302597045903 -1.3454260826110838 78.739997863769545 140.07533264160159 197338.00000000003 -0.19100361317396161 0.0003757125668926165 1.2186548113822939
decision_type=2 2 2 2 2 2 2 2 2 2 2 2 2 2 2 2 2 2 2
left_child=5 15 16 4 -4 6 7 10 9 -8 -1 13 -10 17 -15 -2 -3 -7 -17
right_child=1 2 3 -5 -6 11 8 -9 12 -11 -12 -13 -14 14 -16 18 -18 -19 -20
leaf_value=0.00045848845967994423 0.0012028510301997691 0.0007975971053559973 0.0067575035836865537 0.016036834866324751 -0.0055922844460452982 0.0011059738482292042 0.0016563932486720325 0.020335266428932242 -0.0040591692636600856 -0.010171641925443255 0.0076181422146404977 -0.0081004738727007749 0.0021172304453858366 0.0070116845434479149 -0.0081049185713360193 -0.011680370593743685 -0.011257728140222009 0.011503602578980096 -0.0051891174731955357
leaf_weight=28.394278392195702 1.4200410544872308 1.2731532379984853 5.5521088019013352 2.2003020793199548 4.9311395511031151 1.8685092851519529 5.2136782482266417 1.5678887292742718 10.314645402133459 8.691532261669634 7.9842182621359816 1.5246300622820861 27.326022334396843 2.5956222712993631 1.6455393731594083 6.5638181976973993 3.8789846710860774 7.0007801800966263 2.6580642983317375
leaf_count=152 9 7 26 9 33 10 29 6 46 59 45 8 119 18 9 58 38 51 18
internal_value=0.000255477 -0.00299105 0.000144365 0.00356587 0.000852986 0.00115297 0.000491016 0.00283892 -0.00121803 -0.00566487 0.00205735 0.00513241 0.000398149 0.00674755 0.00091077 -0.00833992 -0.00808462 0.00942586 -0.00991781
internal_weight=132.605 28.4776 17.8357 12.6836 10.4832 104.127 89.4923 37.9464 51.5459 13.9052 36.3785 14.6351 37.6407 13.1105 4.24116 10.6419 5.15214 8.86929 9.22188
internal_count=750 198 113 68 59 552 456 203 253 88 197 96 165 88 27 85 45 61 76
is_linear=0
shrinkage=0.01


Tree=238
num_leaves=26
num_cat=0
split_feature=44 26 17 1 29 28 43 61 12 12 45 47 39 54 58 67 26 53 23 34 50 31 3 47 23
split_gain=3.7461 3.33533 3.0885 4.01946 5.39135 3.55008 4.41003 3.12433 2.95983 3.93166 4.95366 3.42187 5.15532 2.81445 4.27639 5.17049 3.68515 3.42149 2.92943 2.88641 4.90164 2.2085 5.58979 1.65289 0.298418
threshold=1.0000000180025095e-35 0.0018064273754134776 30398.000000000004 8984807.0000000019 0.10919321328401567 -271.99999999999994 1059252.6250000002 431.64123535156256 172546648.00000003 216235288.00000003 -0.30985337495803827 -1.878141403198242 6.0370469093322763 0.75373369455337536 231424.00000000003 -4.218754529953002 0.00041963905096054083 -0.65639555454254139 287.50000000000006 -1.188611567020416 -0.00057156325783580531 4.0942518711090097 -193885.99999999997 1.4661180973052981 222.50000000000003
decision_type=2 2 2 2 2 2 2 2 2 2 2 2 2 2 2 2 2 2 2 2 2 2 2 2 2
left_child=13 2 3 7 -5 6 -4 -2 11 -10 -11 -3 -13 14 15 -1 -17 -16 -19 20 -15 23 -23 -21 -7
right_child=1 8 5 4 -6 24 -8 -9 9 10 -12 12 -14 19 17 16 -18 18 -20 21 -22 22 -24 -25 -26
leaf_value=-0.012208745619229876 0.011144668086482042 0.0073985152435607085 -0.0057142768956562227 0.0035145633400559891 -0.010886279487912013 0.011531754900723333 0.008366063775745277 -0.0032748557434356062 0.011255794934773888 0.0066441330697503452 -0.01107138915604346 -0.0048656991660057901 0.0044972462632513624 0.015966956994208706 0.0051701883394402485 0.009001447255024074 -0.001768782626042024 -0.012018587141908534 0.0040035080487159655 -0.0090418241466785204 -0.0085659996421550266 0.0087237242621681973 -0.010598311716922978 0.001634377581196345 0.0044494858594920786
leaf_weight=1.8222417458891911 4.8134000450372723 3.7472441643476477 3.9969512820243853 5.457899406552313 4.8524242788553238 8.7291827723383886 4.9147240445017815 2.049738347530365 4.7169610261917096 3.7602270096540451 2.7071668058633804 24.898414090275764 7.5954188257455817 1.717387951910496 2.3061731904745102 9.82348884642124 4.4879037141799936 5.4474828615784627 1.3356870487332342 13.1238517947495 1.4970496073365236 3.0726963430643082 2.9081712961196891 1.4562489539384831 1.1596535965800274
leaf_count=12 25 14 24 29 23 71 36 10 19 16 11 108 31 8 12 44 23 41 7 113 13 15 25 11 9
internal_value=0.000253516 0.0015495 0.0038469 0.000715548 -0.00316602 0.00665407 0.00193872 0.00669244 -0.000172085 0.00430105 -0.000616732 -0.00158013 -0.00264634 -0.00193194 0.000358401 0.0034859 0.00555414 -0.0050829 -0.00871622 -0.0044038 0.00423021 -0.00580225 -0.000504333 -0.00790691 0.0108023
internal_weight=132.398 83.3994 35.974 17.1735 10.3103 18.8005 8.91168 6.86314 47.4254 11.1844 6.46739 36.2411 32.4938 48.9984 25.223 16.1336 14.3114 9.08934 6.78317 23.7754 3.21444 20.561 5.98087 14.5801 9.88884
internal_count=750 426 227 87 52 140 60 35 199 46 27 153 139 324 139 79 67 60 48 185 21 164 40 124 80
is_linear=0
shrinkage=0.01


Tree=239
num_leaves=21
num_cat=0
split_feature=25 55 45 17 67 65 1 17 43 37 58 50 35 21 11 61 26 1 27 50
split_gain=3.72572 4.78855 4.87985 3.16602 2.61518 3.78457 4.38969 3.89459 4.96131 4.66129 3.61541 3.60089 3.05833 2.43146 1.92959 2.27525 1.96224 1.68003 1.62331 0.675855
threshold=47714.000000000007 -0.18110813945531842 -0.16200628131628034 228857.00000000003 4.6730723381042489 -0.49927242100238794 8984807.0000000019 7922.0000000000009 1216513.3125000002 1.1968857645988467 -49151.999999999993 -0.091160751879215227 2.5904302597045903 15693.000000000002 78.739997863769545 140.07533264160159 0.00032249944342765963 197338.00000000003 -1877503.9999999998 -0.00074193577165715386
decision_type=2 2 2 2 2 2 2 2 2 2 2 2 2 2 2 2 2 2 2 2
left_child=4 17 18 13 5 6 10 9 -9 -7 -1 -8 14 -4 16 -16 -6 -2 -3 -19
right_child=1 2 3 -5 12 7 11 8 -10 -11 -12 -13 -14 -15 15 -17 -18 19 -20 -21
leaf_value=0.0016290173092243505 0.0012198429664748939 0.00091336702317867935 0.010491118967674294 -0.0072778504932776546 -4.9513716980082521e-05 -0.01250875665107919 0.0037040382180660793 -0.0029374162869641842 0.0060553529321892771 0.002080778007723166 0.0093317224203205117 -0.0037528268089336661 -0.0080357364078041064 0.00062675309143054843 0.0069465256121267558 -0.008042593910909052 0.011608415052178878 -0.0046185044766304008 -0.011366503428088209 -0.011624118090711866
leaf_weight=13.528841048479082 1.4192764610052133 1.3001518175005911 5.4733501598238892 2.1592059582471856 1.5946614816784803 6.2617444023489934 11.180987313389778 19.100253805518154 9.0361435413360578 3.20344128459692 11.684029228985308 15.271163091063499 1.5225601419806487 5.0198489651083946 2.5769787728786477 1.6445281803607938 7.1838776916265488 2.4172672554850569 3.7979753576219126 6.7152613773941985
leaf_count=73 9 8 24 15 9 41 61 92 40 16 58 75 8 29 18 9 52 16 37 60
internal_value=0.000251795 -0.00295455 0.000161754 0.00354505 0.00113577 0.000483118 0.00224863 -0.00191613 -1.38027e-05 -0.00746536 0.00523823 -0.000563101 0.00507859 0.0058674 0.00669146 0.000870489 0.00937679 -0.00829165 -0.00803867 -0.00987932
internal_weight=132.092 28.3023 17.7505 12.6524 103.789 89.2666 51.665 37.6016 28.1364 9.46519 25.2129 26.4522 14.5226 10.4932 13 4.22151 8.77854 10.5518 5.09813 9.13253
internal_count=750 198 113 68 552 456 267 189 132 57 131 136 96 53 88 27 61 85 45 76
is_linear=0
shrinkage=0.01


Tree=240
num_leaves=25
num_cat=0
split_feature=44 26 19 28 43 4 40 12 12 45 47 39 54 58 67 26 68 34 50 23 31 3 47 23
split_gain=3.63578 3.25629 2.99832 3.49481 7.10404 3.09149 3.35415 2.90021 3.8734 4.84843 3.35392 5.04794 2.75929 4.2042 5.0582 3.60374 3.07326 2.82806 4.80248 2.44031 2.18002 5.47621 1.64138 0.309286
threshold=1.0000000180025095e-35 0.0018064273754134776 7375.0551757812509 -271.99999999999994 1059252.6250000002 2158210.0000000005 0.9104318916797639 172546648.00000003 216235288.00000003 -0.30985337495803827 -1.878141403198242 6.0370469093322763 0.75373369455337536 231424.00000000003 -4.218754529953002 0.00041963905096054083 25.486206054687504 -1.188611567020416 -0.00057156325783580531 287.50000000000006 4.0942518711090097 -193885.99999999997 1.4661180973052981 222.50000000000003
decision_type=2 2 2 2 2 2 2 2 2 2 2 2 2 2 2 2 2 2 2 2 2 2 2 2
left_child=12 2 5 4 -4 6 -2 10 -9 -10 -3 -12 13 14 -1 -16 -15 18 -14 -18 22 -22 -19 -5
right_child=1 7 3 23 -6 -7 -8 8 9 -11 11 -13 17 16 15 -17 19 20 -20 -21 21 -23 -24 -25
leaf_value=-0.012157465502351545 0.0047752742568183196 0.0073290846916353493 -0.0094604458970507545 0.011593575021355289 0.0096270093793897095 -0.0091713336522732218 -0.0074816597071161121 0.011183924052629045 0.0065786086456282667 -0.010961986697239115 -0.0048208504189049617 0.0044477502795025022 0.015826784703737294 0.0073557730441279759 0.0089079738351057654 -0.0017499942411797061 -0.010503879393737188 -0.0089939341425927712 -0.0085329896061320937 0.0039435120523986138 0.0086344705419478598 -0.010542175843871517 0.0016588842331328884 0.0044070073573733151
leaf_weight=1.8015722259879154 12.86926691234112 3.7416654527187339 3.2724008560180682 8.4660807773470861 4.7649364545941353 2.5785580575466147 2.6497981101274481 4.6972974091768247 3.7486356496810913 2.7052853852510452 24.861917704343796 7.58970122039318 1.7114659994840624 1.5662046074867229 9.818152539432047 4.4774095192551622 6.1334822997450829 13.023611508309843 1.4833176992833639 1.3312264159321783 3.070404551923275 2.8799940273165694 1.4531936272978772 1.1550811454653729
leaf_count=12 71 14 18 68 35 13 13 19 16 11 108 31 8 9 44 23 44 113 13 7 15 25 11 9
internal_value=0.000249714 0.00152828 0.00380737 0.00674782 0.00173114 0.000883021 0.00261803 -0.000171842 0.00426319 -0.000618925 -0.00156591 -0.00262232 -0.00190925 0.000360826 0.0034616 0.00549992 -0.00505541 -0.0043664 0.00420369 -0.00779343 -0.0057557 -0.000478974 -0.00785552 0.0108347
internal_weight=131.851 83.1006 35.7561 17.6585 8.03734 18.0976 15.5191 47.3445 11.1512 6.45392 36.1933 32.4516 48.75 25.128 16.0971 14.2956 9.03091 23.622 3.19478 7.46471 20.4272 5.9504 14.4768 9.62116
internal_count=750 426 227 130 53 97 84 199 46 27 153 139 324 139 79 67 60 185 21 51 164 40 124 77
is_linear=0
shrinkage=0.01


Tree=241
num_leaves=16
num_cat=0
split_feature=25 45 21 14 2 37 27 27 59 57 18 33 19 71 48
split_gain=3.61258 4.71982 4.20762 3.30322 3.76382 2.83392 2.53801 5.66251 2.69619 3.51755 3.30958 2.48616 1.49245 1.45949 0.294854
threshold=47714.000000000007 -0.28670299053192133 27761.500000000004 0.32709999382495886 480368.50000000006 1.4241362214088442 -98551807.999999985 -70199295.999999985 0.80865690112113964 1.6530030965805056 194878.50000000003 -0.6864027976989745 28645.702148437504 517768.75000000006 1.3321316838264468
decision_type=2 2 2 2 2 2 2 2 2 2 2 2 2 2 2
left_child=6 12 5 14 -5 11 13 -8 10 -10 -9 -3 -2 -1 -4
right_child=1 2 3 4 -6 -7 7 8 9 -11 -12 -13 -14 -15 -16
leaf_value=-0.011115871869028678 -0.011544896870329389 0.00027265825609461134 -0.011938096919617659 -0.0084098368599899807 0.0076172124024430077 -0.0066624890266568128 0.015450568276047155 0.00099395042608362689 -0.003989681276364513 0.0013069723300825748 0.0090573970681043937 0.012377756943253089 -7.0467665491033281e-05 -0.00031878055096210315 -0.0045131688649146942
leaf_weight=2.5078807249665251 6.4483705908060092 3.0903821662068367 3.8975692167878133 2.6003561392426491 3.3359675109386444 1.6900519058108328 2.8341705948114386 13.586043767631056 16.051608674228191 57.079792618751526 8.4682258516550046 4.2959538176655787 1.5898261964321134 2.9001904428005219 1.1849673390388487
leaf_count=12 61 18 31 18 17 11 12 81 97 276 60 21 12 14 9
internal_value=0.000247918 -0.00291952 -0.000277597 -0.00447735 0.000428245 0.00471079 0.00111916 0.00149515 0.00106912 0.000130736 0.00413543 0.00744847 -0.00939985 -0.00551062 -0.0104038
internal_weight=131.561 28.1334 20.0952 11.0189 5.93632 9.07639 103.428 98.0198 95.1857 73.1314 22.0543 7.38634 8.0382 5.40807 5.08254
internal_count=750 198 125 75 35 50 552 526 514 373 141 39 73 26 40
is_linear=0
shrinkage=0.01


Tree=242
num_leaves=16
num_cat=0
split_feature=70 54 4 50 27 22 31 54 37 22 50 48 38 37 71
split_gain=3.56678 4.0126 3.65849 2.91301 3.59887 2.8432 3.30797 4.97622 3.10345 3.52768 2.89329 2.65663 2.30858 2.66513 0.745249
threshold=118041.80859375001 0.19414236396551135 356117.43750000006 -0.091160751879215227 -98551807.999999985 6853.9377441406259 0.076093431562185301 -0.62963366508483876 -1.8121189475059507 122340.25390625001 0.00018708148127188909 -0.56353095173835743 -1.6844920516014097 -1.3454260826110838 179864.46093750003
decision_type=2 2 2 2 2 2 2 2 2 2 2 2 2 2 2
left_child=2 -2 5 12 -5 6 7 -1 -7 -10 -8 -6 14 -14 -3
right_child=1 3 -4 4 11 8 10 -9 9 -11 -12 -13 13 -15 -16
leaf_value=0.0059750037973710958 -0.0088725940619564184 0.0045783362928770183 -0.014828691852184828 -0.0092450303013817316 -0.00054695481220956728 0.0054486510040366422 0.0060810923277751965 -0.0058436912932097896 -0.0071311955625016779 0.0088287906087881063 -0.0024122010448206677 0.0038087894634072591 -0.0064075121389613144 0.009350135571713436 0.014150420629993632
leaf_weight=4.8718837127089527 3.3671298027038565 1.4640676155686376 2.0255117937922469 2.9770633801817885 23.522913381457329 2.8128265514969852 13.16054553538561 12.763961337506769 15.850034181028606 1.4634447544813145 5.5688137561082831 33.339257009327412 2.0294073820114136 2.2174168825149518 3.9437657967209816
leaf_count=23 16 9 10 15 117 18 73 94 113 7 39 173 10 11 22
internal_value=0.000245521 0.00172872 -0.00158416 0.00225677 0.00141367 -0.00109158 0.000553229 -0.00252209 -0.00411318 -0.0057244 0.00350238 0.00198931 0.00737868 0.00158464 0.0117439
internal_weight=131.378 72.861 58.517 69.4939 59.8392 56.4915 36.3652 17.6358 20.1263 17.3135 18.7294 56.8622 9.65466 4.24682 5.40783
internal_count=750 373 377 357 305 367 229 117 138 120 112 290 52 21 31
is_linear=0
shrinkage=0.01


Tree=243
num_leaves=21
num_cat=0
split_feature=25 55 45 34 21 67 65 2 17 43 37 35 39 34 1 27 39 61 50 43
split_gain=3.51308 4.68701 4.71023 3.94778 3.76716 2.54845 3.67113 4.49326 3.76646 4.84728 4.60128 2.99639 2.5341 2.47498 1.66359 1.61166 1.58409 2.28865 0.681287 0.342291
threshold=47714.000000000007 -0.18110813945531842 -0.16200628131628034 1.2167142033576968 15693.000000000002 4.6730723381042489 -0.49927242100238794 5084850.0000000009 7922.0000000000009 1216513.3125000002 1.1968857645988467 2.5904302597045903 0.95055532455444347 0.06604205816984178 197338.00000000003 -1877503.9999999998 2.3811721801757817 140.07533264160159 -0.00074193577165715386 1138608.5000000002
decision_type=2 2 2 2 2 2 2 2 2 2 2 2 2 2 2 2 2 2 2 2
left_child=5 14 15 4 -4 6 7 12 10 -10 -8 16 -1 -9 -2 -3 17 -7 -16 -18
right_child=1 2 3 -5 -6 11 8 13 9 -11 -12 -13 -14 -15 18 -17 19 -19 -20 -21
leaf_value=0.012419800264327284 0.0012593643083612599 0.00099107824240724971 0.007012533513647984 0.015748686257604182 -0.0049886914202203212 0.010082594024426088 -0.012446749643807492 0.0014157671251833958 -0.0029320429546466874 0.0059721016067006407 0.0020909267951300216 -0.0079627617470527587 0.0035795189443013011 -0.0058444685618494674 -0.004518983524774675 -0.01132310432572021 0.011915897585227125 -0.0014423587393425697 -0.011584957865604697 0.00451269960058735
leaf_weight=5.369761034846305 1.4139451757073427 1.2887758538126943 5.1468270570039696 2.1893065869808206 5.2670677304267883 2.8481356352567637 6.1923324167728406 31.136248052120209 19.048531487584118 9.0005505010485631 3.1929240226745605 1.5207464471459395 9.3985681757330877 5.5128695368766776 2.3923964202404013 3.7122231014072939 4.6647094786167145 4.0627305805683136 6.5939760506153098 1.2798009589314459
leaf_count=27 9 8 25 9 34 21 41 159 92 40 16 8 51 30 16 37 34 24 60 9
internal_value=0.000243252 -0.00288821 0.00020101 0.0035146 0.000846611 0.00110247 0.000458049 0.0022015 -0.00190993 -3.91781e-05 -0.00739439 0.00501574 0.00686156 0.000296375 -0.00821335 -0.00794973 0.00662884 0.00316265 -0.0098151 0.0104903
internal_weight=131.232 28.0045 17.6042 12.6032 10.4139 103.228 88.8518 51.4174 37.4343 28.0491 9.38526 14.3761 14.7683 36.6491 10.4003 5.001 12.8554 6.91087 8.98637 5.94451
internal_count=750 198 113 68 59 552 456 267 189 132 57 96 78 189 85 45 88 45 76 43
is_linear=0
shrinkage=0.01


Tree=244
num_leaves=21
num_cat=0
split_feature=25 55 69 48 38 67 53 1 51 44 37 19 48 28 54 38 1 38 19 41
split_gain=3.45243 4.62558 4.22822 4.21158 4.19605 2.50971 3.61273 3.96917 3.9847 3.42784 3.39666 3.96897 2.86326 3.45371 2.77459 2.17947 1.64992 0.6124 0.55497 0.381924
threshold=47714.000000000007 -0.18110813945531842 25.864682197570804 -0.15719246864318845 0.44168242812156683 4.6730723381042489 -2.5042671580877135e-07 8984807.0000000019 -0.077075351029634462 1.0000000180025095e-35 1.1968857645988467 1246.5224609375002 -0.72914156317710865 209.12500000000003 1.4982204437255862 1.2186548113822939 197338.00000000003 1.2186548113822939 97421.984375000015 0.11901903897523881
decision_type=2 2 2 2 2 2 2 2 2 2 2 2 2 2 2 2 2 2 2 2
left_child=5 16 -3 19 -5 6 7 9 -9 -1 11 -8 13 -7 -12 18 -2 -18 -14 -4
right_child=1 2 3 4 -6 12 10 8 -10 -11 14 -13 15 -15 -16 -17 17 -19 -20 -21
leaf_value=0.00035375332387802732 0.0012460898818213838 0.011200856482003927 -0.01145602971436162 -0.0030565794234930811 0.010428675664601818 -0.0081872154748251404 -0.011149040459517192 0.0023961193584849834 -0.0059081397021509873 0.0076004177584161094 0.0088882465661074359 -0.0017222471517094814 0.01210968947271928 0.0099069451068227159 -0.0010301416270800589 0 -0.011597312836873234 -0.004978975436938299 0.0037153975352427738 -0.0027621820460863094
leaf_weight=11.201055541634561 1.4147134050726915 2.9366221427917507 3.6630233153700855 6.4584579318761772 3.5456446334719658 2.8849967792630187 6.0842286869883564 14.90238029509783 9.3765020817518216 16.715858988463879 4.21617767214775 18.182038702070713 6.0574029013514501 1.6400069817900655 8.102844685316084 2.4099004343152046 6.3285881504416448 2.5986776053905487 1.3296832889318464 0.96432132273912419
leaf_count=65 9 13 34 40 17 14 35 82 45 87 18 85 43 12 39 17 58 18 10 9
internal_value=0.000241348 -0.00286884 0.000199278 -0.00194046 0.00162289 0.00109298 0.000453928 0.0021519 -0.000769797 0.00472867 -0.00194122 -0.00412702 0.00498458 -0.00140832 0.00228325 0.00803938 -0.0081774 -0.00978277 0.0107341 -0.00986037
internal_weight=131.013 27.91 17.5681 14.6314 10.0041 103.103 88.7811 52.1958 24.2789 27.9169 36.5853 24.2663 14.322 4.525 12.319 9.79699 10.342 8.92727 7.38709 4.62734
internal_count=750 198 113 100 57 552 456 279 127 152 177 120 96 26 57 70 85 76 53 43
is_linear=0
shrinkage=0.01


Tree=245
num_leaves=17
num_cat=0
split_feature=70 54 4 26 19 4 17 17 2 22 22 69 60 22 59 5
split_gain=3.43694 3.90217 3.61847 2.89854 2.84139 3.15844 3.11631 2.80067 3.80397 2.76824 3.15808 3.96562 3.327 2.66803 2.9963 0.235457
threshold=118041.80859375001 0.19414236396551135 356117.43750000006 0.0014285719371400776 749.84182739257824 13434.555175781252 56015.000000000007 150821.00000000003 120230476.00000001 6853.9377441406259 -35813.880859374993 12.02886486053467 -0.00063621372100897123 122340.25390625001 1.3666892647743227 358132.54687500006
decision_type=2 2 2 2 2 2 2 2 2 2 2 2 2 2 2 2
left_child=2 -2 9 7 5 -5 -6 8 -3 10 12 -12 -1 14 -11 -9
right_child=1 3 -4 4 6 -7 -8 15 -10 13 11 -13 -14 -15 -16 -17
leaf_value=0.007619546188465374 -0.0087772899725512415 0.0043771972447282995 -0.014757467513755056 0.0034742282299718885 0.006559876702580467 -0.0079324805107322035 2.4255304275863376e-06 0.011755519493847275 -0.01089551641815786 -0.0025588712681527182 0.0077333645280649559 -0.00030908985940599133 -0.0097588594818774216 0.0087191440856244813 -0.011732644917098817 0.0061172160432385212
leaf_weight=1.3543189167976377 3.3535535186529151 15.844943374395376 2.018082194030284 3.6326538771390897 10.694041535258291 6.7965036928653717 23.439075857400894 5.1207126751542082 1.7881389409303654 13.447969622910028 8.4646839275956172 21.465919777750969 4.9274954348802558 1.455606773495673 5.0691772773861876 1.9050812795758245
leaf_count=7 16 98 10 15 46 32 100 40 9 99 47 139 36 7 32 17
internal_value=0.000239234 0.00169763 -0.00156209 0.00221956 0.00067133 -0.00386344 0.0020862 0.00497688 0.00277171 -0.00107033 0.000553902 0.00193199 -0.005853 -0.00406528 -0.00512425 0.010369
internal_weight=130.778 72.5747 58.2033 69.2212 44.5623 10.4292 34.1331 24.6589 17.6331 56.1852 36.2124 29.9306 6.28181 19.9728 18.5171 7.02579
internal_count=750 373 377 357 193 47 146 164 107 367 229 186 43 138 131 57
is_linear=0
shrinkage=0.01


Tree=246
num_leaves=14
num_cat=0
split_feature=70 54 4 50 27 60 22 31 22 48 38 47 71
split_gain=3.37419 3.83395 3.55869 2.8752 3.49643 2.75553 3.17825 3.61291 2.88428 2.5553 2.26609 2.45481 0.747718
threshold=118041.80859375001 0.19414236396551135 356117.43750000006 -0.091160751879215227 -98551807.999999985 -0.005378453526645898 5573.2248535156259 0.076093431562185301 122340.25390625001 -0.56353095173835743 -1.6844920516014097 0.44446770846843725 179864.46093750003
decision_type=2 2 2 2 2 2 2 2 2 2 2 2 2
left_child=2 -2 5 10 -5 -1 7 -7 -8 -6 12 -12 -3
right_child=1 3 -4 4 9 6 8 -9 -10 -11 11 -13 -14
leaf_value=0.012733690143165702 -0.0087134893696522303 0.0044769185838301733 -0.014655269519712275 -0.0091778626931788513 -0.00056063778805782451 -0.002953439152519912 -0.0057498433551853188 0.0034731292106946481 0.0086539884370490736 0.0037211123888043459 0.0096683096637301923 -0.0054771769327007815 0.0140851216613416
leaf_weight=1.3974632173776615 3.3443735092878333 1.4565125331282613 2.0118648558855048 2.958199016749858 23.425069615244865 16.819242097437382 18.307375740259889 18.151428610086441 1.4519189670681942 33.153189115226269 2.0305354967713338 2.1983021274209023 3.9006644859910011
leaf_count=6 16 9 10 15 117 113 132 109 7 173 10 11 22
internal_value=0.000237159 0.00168347 -0.00154838 0.00220098 0.00136192 -0.00106075 -0.00143125 0.000353658 -0.00464084 0.00193067 0.00730787 0.00155867 0.0116595
internal_weight=130.606 72.4668 58.1393 69.1225 59.5365 56.1274 54.73 34.9707 19.7593 56.5783 9.58601 4.22884 5.35718
internal_count=750 373 377 357 305 367 361 222 139 290 52 21 31
is_linear=0
shrinkage=0.01


Tree=247
num_leaves=19
num_cat=0
split_feature=59 47 47 31 13 69 0 46 17 41 29 67 70 41 47 48 14 5
split_gain=3.33001 3.03898 4.41853 4.11655 4.06289 4.47749 3.035 2.74788 3.34757 2.63933 3.90488 3.68002 2.27488 2.31447 2.05059 1.91208 0.749129 0.609574
threshold=0.41494457423686987 0.17137294262647632 -0.099034409970045076 -7.1415884494781485 160756760.00000003 12.02886486053467 175158.50000000003 -0.36171983182430262 23753.500000000004 -1.0202860832214353 0.053075782954692848 -2.6617168188095088 1269437.4375000002 1.1530953049659731 0.23986378312110904 -0.42095369100570673 0.31960000097751623 574426.09375000012
decision_type=2 2 2 2 2 2 2 2 2 2 2 2 2 2 2 2 2 2
left_child=7 2 4 16 5 -2 -6 8 14 11 -11 -5 13 -4 -1 -10 -3 -9
right_child=1 3 12 9 6 -7 -8 17 15 10 -12 -13 -14 -15 -16 -17 -18 -19
leaf_value=-0.0094470662725722986 0.0029777387799941658 -0.013612569603713232 -0.0099262539256080324 -0.0029521256790345767 0.013812640521977084 -0.0044331372331738788 0.0011406711787491607 0.011988286821868048 0.011289565904627931 0.0088383152616006606 -0.0001527758343165014 0.011004383988856671 0.0027133828013920307 0.0017074803315663292 0.0034122628118909305 -0.0012814424315718896 -0.0028563456531561023 0.002701506937669843
leaf_weight=3.1126188784837705 12.431110791862009 1.9349147826433175 11.13402685523033 2.527952566742897 3.0921369940042478 23.133579283952713 5.3729218691587448 4.4192434325814238 3.5014674589037886 5.5074342191219321 37.743396028876305 6.4627000018954259 2.0922378674149504 1.8528203889727581 1.9168113470077512 1.6448964029550559 1.3867110833525655 1.195600166916847
leaf_count=16 63 14 64 16 15 153 25 31 29 24 206 32 11 10 10 12 9 10
internal_value=0.000234973 -0.000349795 -0.00193502 0.0013186 -0.000311117 -0.00181466 0.00588765 0.0045449 0.00133235 0.00202072 0.000969002 0.00696893 -0.00661038 -0.00818948 -0.0043473 0.00707727 -0.00942312 0.0101889
internal_weight=130.463 114.672 59.1088 55.5631 44.0297 35.5647 8.46506 15.7906 10.1758 52.2415 43.2508 8.99065 15.0791 12.9868 5.02943 5.14636 3.32163 5.61484
internal_count=750 642 341 301 256 216 40 108 67 278 230 48 85 74 26 41 23 41
is_linear=0
shrinkage=0.01


Tree=248
num_leaves=18
num_cat=0
split_feature=59 57 26 49 4 13 30 50 11 31 0 39 2 0 36 49 31
split_gain=3.27773 3.12377 2.81922 3.91252 4.37181 3.80544 3.30305 2.72235 3.66665 3.9631 3.3301 3.40141 2.49059 3.03901 2.04397 1.44832 0.455895
threshold=0.41494457423686987 2.1136089563369755 0.0014285732759162786 1.543250620365143 923727.09375000012 112222220.00000001 0.1028680130839348 -0.00018213857401860875 64.200000762939467 3.709024310112 229213.00000000003 1.4572978019714358 49838206.000000007 215528.00000000003 -1.5848813056945799 -0.92284470796585072 2.7585825920104985
decision_type=2 2 2 2 2 2 2 2 2 2 2 2 2 2 2 2 2
left_child=12 7 5 4 -4 6 -3 10 9 -9 11 -2 13 15 -14 -1 -7
right_child=1 2 3 -5 -6 16 -8 8 -10 -11 -12 -13 14 -15 -16 -17 -18
leaf_value=0.0014962898168367567 0.001240061495046955 0.0042373250793265533 0.0023255089316060675 -0.011211905871926994 -0.0065635783454980499 0.012055972348554463 -0.01009157019603203 -0.0072115940684717448 0.006199401417572201 0 0.0095947034808311505 -0.010000506154287827 0.0039448365250707995 -0.0052788981786499115 -0.009069012367865727 0.011588096947810732 0.0039783528489814009
leaf_weight=2.0696761384606344 13.453187920153146 6.1834123507142049 32.688688606023788 2.9116771668195716 6.6302792131900778 5.3857040777802458 2.1663203835487366 21.535351257771254 3.3622024431824675 12.004447609186171 3.631646715104579 3.3416119217872611 2.8952601850032806 1.5619825348258007 2.024535931646823 7.1755573004484177 1.2636526077985761
leaf_count=14 77 39 136 13 29 38 14 152 19 74 19 23 17 8 11 58 9
internal_value=0.000233119 -0.000346472 0.00129567 -3.4565e-06 0.000801127 0.00502009 0.000399959 -0.00200323 -0.00362992 -0.00464508 0.000886573 -0.000936899 0.00451854 0.00721762 -0.00120721 0.00943707 0.0106713
internal_weight=130.285 114.558 57.2297 42.2306 39.319 14.9991 8.34973 57.3284 36.902 33.5398 20.4264 16.7948 15.727 10.8072 4.9198 9.24523 6.64936
internal_count=750 642 278 178 165 100 53 364 245 226 119 100 108 80 28 72 47
is_linear=0
shrinkage=0.01


Tree=249
num_leaves=14
num_cat=0
split_feature=70 29 54 7 18 10 19 29 61 47 72 33 1
split_gain=3.22533 3.77238 4.51998 3.36226 4.94204 2.79089 2.57581 3.15651 3.09296 2.37699 1.88429 1.65613 0.767701
threshold=118041.80859375001 0.056862799450755126 0.19414236396551135 0.78360781073570263 194878.50000000003 1.0000000180025095e-35 105736.79687500001 0.028059542179107669 27.999999046325687 0.17137294262647632 -538102.84374999988 0.49500964581966406 6122125.5000000009
decision_type=2 2 2 2 2 2 2 2 2 2 2 2 2
left_child=6 10 -3 4 -4 -5 7 12 -9 -10 -2 -8 -1
right_child=1 2 3 5 -6 -7 11 8 9 -11 -12 -13 -14
leaf_value=0.012874504917448964 0.014393965794169062 -0.010938094103824354 -0.0079266934855175813 0.0020544995437553975 0.0019765974651748254 0.0094257021130812173 -0.01485848511396526 -0.014098428478124638 -0.0033111486242522687 0.0010912296707658404 0.0031057495599274973 -8.1702072640838424e-05 0.0029346298153913072
leaf_weight=1.7558560594916337 3.262602411210537 3.0480842590332022 7.9968101978302029 35.094609372317791 13.372467763721941 6.1779172569513312 2.2985012531280513 1.9258214533328999 24.522190514951944 24.077878303825855 3.2099262475967398 1.3387461826205251 1.9925865605473516
leaf_count=9 16 15 40 186 67 33 13 9 175 149 16 9 13
internal_value=0.000231299 0.00164861 0.000913939 0.00150661 -0.00168262 0.00318209 -0.00151751 -0.000951092 -0.00162438 -0.00110951 0.00895029 -0.00969459 0.00785747
internal_weight=130.074 72.1624 65.6899 62.6418 21.3693 41.2725 57.9116 54.2743 50.5259 48.6001 6.47253 3.63725 3.74844
internal_count=750 373 341 326 107 219 377 355 333 324 32 22 22
is_linear=0
shrinkage=0.01


Tree=250
num_leaves=20
num_cat=0
split_feature=59 47 47 31 72 58 60 45 45 47 47 5 11 66 5 3 16 20 28
split_gain=3.21173 2.95611 4.338 4.02241 3.94454 4.58189 2.94199 2.67899 2.94425 2.67593 3.80515 3.41891 2.52499 2.45712 1.86808 1.86232 0.733586 0.53459 0.0903629
threshold=0.41494457423686987 0.17137294262647632 -0.099034409970045076 -7.1415884494781485 -2544167.3749999995 -387071.99999999994 -0.0010691037750802932 -0.78710451722145069 -0.61439016461372364 -0.22657093405723569 0.13049859553575519 58051.724609375007 18.439999580383304 2.6337366104125981 11059.189941406252 -124204.99999999999 0.31945000588893896 126685.89062500001 209.12500000000003
decision_type=2 2 2 2 2 2 2 2 2 2 2 2 2 2 2 2 2 2 2
left_child=9 2 4 16 5 -2 -6 14 -9 17 11 -11 -12 15 -5 -4 -3 -1 -14
right_child=1 3 13 7 6 -7 -8 8 -10 10 12 -13 18 -15 -16 -17 -18 -19 -20
leaf_value=0.012079703485047917 0.0059531926631482025 -0.013520176138577929 -0.01189564681811409 0.0033540157722562109 -0.0056983287261002805 -0.011049209977893371 0.0023293478328700943 -0.0055628966596434062 0.0021255211173292709 0.0015808002094342094 -0.0030971552016690112 -0.017553632785903054 0.01130927497352547 0.0016090778943317317 0.01543500889330394 -0.0036347100554206396 -0.0028342301198444257 0.0034783852879184947 0.0055507217401113799
leaf_weight=4.1178521215915689 2.0626593008637428 1.9190048649907105 7.0797567740082732 3.4249231666326514 5.3232543766498557 6.0594984516501409 30.420233484357595 5.6232448741793624 40.713917195796967 1.9911643937230077 1.9843593835830686 1.6295644640922544 3.4443192556500435 2.7936460152268401 2.3522353768348694 5.137078382074832 1.3823120221495626 1.312761530280113 1.1695409119129179
leaf_count=27 13 14 39 18 31 52 160 32 218 14 10 8 28 14 10 32 9 11 10
internal_value=0.000229299 -0.000344336 -0.00191151 0.00130266 -0.000299725 -0.00660825 0.00110581 0.00199659 0.00117091 0.00448257 0.0013545 -0.00675476 0.00595595 -0.00655508 0.00844602 -0.00850385 -0.00934872 0.0101846 0.0100663
internal_weight=129.941 114.292 58.8761 55.4156 43.8656 8.12216 35.7435 52.1143 46.3372 15.6496 10.2189 3.62073 6.59822 15.0105 5.77716 12.2168 3.30132 5.43061 4.61386
internal_count=750 642 341 301 256 65 191 278 250 108 70 22 48 85 28 71 23 38 38
is_linear=0
shrinkage=0.01


Tree=251
num_leaves=21
num_cat=0
split_feature=25 45 67 21 8 14 67 65 3 57 70 14 3 52 35 11 21 26 19 50
split_gain=3.17067 4.56165 4.13926 4.07062 3.2791 2.81866 2.44211 3.46733 3.81649 3.64987 3.80286 3.31677 3.11428 2.92354 2.85464 1.97485 2.14637 1.85163 1.5143 0.32396
threshold=47714.000000000007 -0.28670299053192133 -2.3838728666305538 35808.500000000007 0.66741251945495617 0.32709999382495886 4.6730723381042489 -0.49927242100238794 -879224.49999999988 1.7129619121551516 66639.203125000015 0.12499999627470972 1708230.5000000002 -1.0000000180025095e-35 2.5904302597045903 78.739997863769545 -285819.99999999994 0.00032249944342765963 28645.702148437504 -1.0000000180025095e-35
decision_type=2 2 2 2 2 2 2 2 2 2 2 2 2 2 2 2 2 2 2 2
left_child=6 18 19 4 -4 -5 7 8 11 13 -11 -1 -10 -9 15 17 -17 -8 -2 -3
right_child=1 2 3 5 -6 -7 14 9 12 10 -12 -13 -14 -15 -16 16 -18 -19 -20 -21
leaf_value=0.003035690818446467 -0.011474296595120361 -0.012018062956918358 -0.003099135334266936 -0.011366503992904753 0.010613267125966856 0.0011164199337279268 0 0.0041439931089308057 0.0073963246737276511 -0.013756365950755165 0.0009725388616732576 -0.003429349777560891 -0.0036267059241000166 -0.0098098865644061905 -0.0077551197856991988 0.0074066164617322613 -0.0070618643289538808 0.011518691448891408 0 -0.0039600870774871687
leaf_weight=16.910544030368332 6.2185155302286175 2.5392644032835965 2.291629880666731 2.751118339598178 6.1721364706754684 4.9374634698033333 1.5753981843590681 1.741586811840534 16.150280639529232 1.8816513121128107 25.592879965901375 14.951719485223292 2.9152261316776267 7.9039202034473401 1.5147784426808364 2.233962170779705 1.8728186786174781 6.9092217236757278 1.5540282130241392 1.1584395691752494
leaf_count=89 61 18 16 26 28 28 9 10 84 11 112 79 15 56 8 16 11 52 12 9
internal_value=0.000227372 -0.00276862 -0.000174227 0.00195923 0.00678238 -0.00322014 0.00104728 0.000415984 0.00211948 -0.00189423 0 0 0.00565839 -0.00718671 0.00491681 0.0065207 0.000565043 0.00928554 -0.00926569 -0.00976405
internal_weight=129.777 27.6226 19.8501 16.1523 8.46377 7.68858 102.154 88.0478 50.9278 37.12 27.4745 31.8623 19.0655 9.64551 14.1062 12.5914 4.10678 8.48462 7.77254 3.6977
internal_count=750 198 125 98 44 54 552 456 267 189 123 168 99 66 96 88 27 61 73 27
is_linear=0
shrinkage=0.01


Tree=252
num_leaves=17
num_cat=0
split_feature=59 57 58 11 11 48 0 8 10 2 48 37 38 5 43 49
split_gain=3.14483 2.95864 4.54175 3.25323 3.05246 2.88244 5.28209 3.32789 3.42653 2.4556 3.68002 2.27161 1.97429 1.67933 0.642779 0.455815
threshold=0.41494457423686987 2.1136089563369755 1767424.0000000002 64.200000762939467 50.269998550415046 1.2430022954940798 138598.50000000003 0.5682000219821931 -1.0000000180025095e-35 49838206.000000007 -0.91026797890663136 -2.3853541612625118 -1.5481600165367124 173518.60156250003 1964146.3125000002 -0.81465500593185414
decision_type=2 2 2 2 2 2 2 2 2 2 2 2 2 2 2 2
left_child=9 2 3 4 -2 7 -7 11 -9 10 -1 -3 -11 14 -4 -12
right_child=1 5 13 -5 -6 6 -8 8 -10 12 15 -13 -14 -15 -16 -17
leaf_value=-0.0033833264164210329 -0.00086659895341443269 0.0065535528396668255 -0.015297665702980051 0.0099814456311228313 -0.013223659053081363 0.0043044437380282477 -0.013202989975881438 0.0024316761577372632 0.010905839068222498 0.00383580330623145 0.0041932686479867996 -0.0019848401444530427 -0.008984058371669908 -0.0016348260750453654 -0.0069243193571199967 0.011571587744989705
leaf_weight=2.4192881584167472 44.549269501119852 3.6724027693271664 3.2785612717270842 2.6167136356234542 2.1135866940021506 3.1961432918906203 3.5926610678434372 20.250759273767471 6.4586685076355961 2.8721735253930092 1.4824485406279544 19.831865251064301 2.0168554410338393 2.3855426609516144 2.0564214363694191 6.7620836347341537
leaf_count=14 292 17 24 14 10 15 18 101 32 17 11 95 11 12 12 55
internal_value=0.000225034 -0.000342293 -0.00196018 -0.000820566 -0.00144774 0.00125799 -0.00481326 0.00209872 0.00451827 0.00444784 0.00715308 -0.000608221 -0.00124819 -0.00910477 -0.0122575 0.0103662
internal_weight=129.555 114.003 57.0001 49.2796 46.6629 57.0025 6.7888 50.2137 26.7094 15.5528 10.6638 23.5043 4.88903 7.72053 5.33498 8.24453
internal_count=750 642 364 316 302 278 33 245 133 108 80 112 28 48 36 66
is_linear=0
shrinkage=0.01


Tree=253
num_leaves=19
num_cat=0
split_feature=59 57 40 39 0 38 50 55 34 34 24 41 46 17 28 47 70 5
split_gain=3.09363 2.92468 3.51858 3.63311 4.5936 3.10585 3.25209 3.2293 2.9935 4.62333 3.41814 2.84516 2.67733 3.22967 2.08613 1.92325 1.70313 0.62026
threshold=0.41494457423686987 1.2180262804031374 -1.138164162635803 1.601723909378052 159182.50000000003 -2.2063870429992671 -0.00019611859170254317 0.65122064948081981 -1.2665612101554868 -1.0767836570739744 84.500000000000014 1.8433930277824404 -0.36171983182430262 23753.500000000004 38.875000000000007 0.23986378312110904 181902.68750000003 574426.09375000012
decision_type=2 2 2 2 2 2 2 2 2 2 2 2 2 2 2 2 2 2
left_child=12 5 3 14 -5 -2 7 -7 10 -10 -4 -8 13 15 -3 -1 -15 -14
right_child=1 2 8 4 -6 6 11 -9 9 -11 -12 -13 17 16 -16 -17 -18 -19
leaf_value=-0.0092866546014085533 -0.012477978196929041 0.0045998551624671568 0.0126829510877701 0.0091497177048417127 -0.0031178479081071294 0.0054837610556975292 -0.0051518516946937607 -0.010680602808349952 -0.0098814891158119228 -0.0002634782261741399 -0.00075738074365482271 0.0067780606402315247 0.01190268411110002 -0.00043399956473387725 0.016903830178492941 0.0032147918297514223 0.011242906721175923 0.0024527076812621922
leaf_weight=3.0970697999000532 3.0397108048200598 3.0673519596457508 3.4906162470579138 4.8388959467411032 8.1303974762558919 8.1991532593965548 19.878429710865024 1.4231212735176075 5.6249343901872626 47.193667873740196 3.8492312133312225 2.1539838686585417 4.3068946599960318 1.7619863450527189 3.0148219466209412 1.8898306936025617 3.2744035571813583 1.1667803600430486
leaf_count=16 18 16 16 25 46 45 139 14 30 252 17 11 31 13 13 10 28 10
internal_value=0.000222918 -0.000339255 0.000711216 0.00446142 0.00138213 -0.00276638 -0.00180221 0.00298915 -0.000459807 -0.00130668 0.0054982 -0.00394014 0.00441948 0.00123344 0.0108631 -0.00434859 0.00695917 0.010071
internal_weight=129.401 113.904 79.2099 19.0515 12.9693 34.6944 31.6547 9.62227 60.1584 52.8186 7.33985 22.0324 15.497 10.0233 6.08217 4.9869 5.03639 5.47368
internal_count=750 642 415 100 71 227 209 59 315 282 33 150 108 67 29 26 41 41
is_linear=0
shrinkage=0.01


Tree=254
num_leaves=17
num_cat=0
split_feature=25 55 45 34 68 61 67 48 28 31 67 38 27 48 48 38
split_gain=3.06298 4.56077 4.44683 3.80152 3.79255 2.49432 2.47052 3.46335 4.21099 2.71084 3.44211 1.96008 1.61822 1.34707 3.18589 0.30164
threshold=47714.000000000007 -0.18110813945531842 -0.16200628131628034 1.2167142033576968 66.666675567626967 1133.9482421875002 4.6730723381042489 -0.72914156317710865 209.12500000000003 -7.9429955482482901 -4.862140178680419 1.2186548113822939 -1877503.9999999998 0.29858154058456426 0.64754915237426769 0.79911264777183544
decision_type=2 2 2 2 2 2 2 2 2 2 2 2 2 2 2 2
left_child=5 13 12 4 -4 6 9 8 -8 -1 -11 -9 -3 -2 -15 -16
right_child=1 2 3 -5 -6 -7 7 11 -10 10 -12 -13 -14 14 15 -17
leaf_value=-0.010667200132532462 -0.011589473927719061 0.0012565362987475451 0.0066297479045451836 0.015533732701068519 -0.0054874510280409306 0.01095329384022369 -0.01077490204086798 0.010668809647308519 0.0097820289095242353 0.003911376546532363 -0.00074269832179934669 0 -0.01124216752527548 0.0087616807939900603 -0.011527507399919097 -0.0034885474326329931
leaf_weight=2.2574957907199851 5.3879343792796153 1.2676843926310537 5.5165867656469292 2.1866764351725587 4.8124725073575974 2.4855272620916358 2.5757914409041396 7.1747363507747632 1.5901537686586378 21.280320070683956 62.123885557055473 2.2728839442133904 3.5661593787372157 1.3496702313423155 2.2722656577825551 1.1114262193441389
leaf_count=16 50 8 26 9 33 12 13 53 12 133 297 16 37 7 20 8
internal_value=0.000221001 -0.00273215 0.000324743 0.00352617 0.000887339 0.00102805 0.000769479 0.00472876 -0.00268822 0.000128586 0.000432784 0.00810514 -0.00775748 -0.00807098 -0.00385465 -0.00918252
internal_weight=129.232 27.4709 17.3496 12.5157 10.3291 101.761 99.2753 13.6136 4.16595 85.6617 83.4042 9.44762 4.83384 10.1213 4.73336 3.38369
internal_count=750 198 113 68 59 552 540 94 25 446 430 69 45 85 35 28
is_linear=0
shrinkage=0.01


Tree=255
num_leaves=16
num_cat=0
split_feature=44 60 39 57 18 41 27 27 1 24 46 28 64 0 52
split_gain=3.02391 2.7651 4.07928 3.79114 4.15694 2.9328 2.68315 5.07338 2.50055 4.43293 3.28106 2.48488 1.5683 1.37813 1.342
threshold=1.0000000180025095e-35 0.0018069501966238024 1.5454614758491518 1.2658228278160097 37295.500000000007 1.6174503564834597 -98551807.999999985 -70199295.999999985 2961757.5000000005 139.50000000000003 1.4605423212051394 -395.18749999999994 0.33047480881214147 171947.50000000003 -0.091160751879215227
decision_type=2 2 2 2 2 2 2 2 2 2 2 2 2 2 2
left_child=1 2 3 5 -5 -1 14 -8 9 -9 -10 -4 -13 -3 -2
right_child=6 13 11 4 -6 -7 7 8 10 -11 -12 12 -14 -15 -16
leaf_value=-0.0035259542089006537 -0.00095290641547981494 0.012413163431973476 0.0015048446239085862 -0.003525328326514086 0.013565498625781236 0.0063894995728492289 0.015182437000732067 0.0089021760308566587 -0.00034475584922576976 -0.0041592266023798051 0.0068528764998895342 -0.011294187045964514 -0.00011908572263202796 0 -0.01161329202218171
leaf_weight=22.507152218371637 3.1649666577577591 1.9183736443519586 2.3806452974677077 2.252598024904727 3.5383431315422058 3.379128284752368 2.7792493477463713 9.5411912053823453 53.221400953829288 3.4526054337620726 7.1639429330825797 8.3694238439202291 1.6919076293706883 1.5538923591375349 2.1347996592521659
leaf_count=166 15 9 16 15 18 18 12 47 285 16 40 61 10 11 11
internal_value=0.000219 -0.00177444 -0.00246729 -0.000527509 0.00674471 -0.00219299 0.00139593 0.00188447 0.00136718 0.00535465 0.00049259 -0.00732559 -0.00951438 0.00674098 -0.00543571
internal_weight=129.05 47.5915 44.1192 31.6772 5.79094 25.8863 81.4582 76.1584 73.3791 12.9938 60.3853 12.442 10.0613 3.47227 5.29977
internal_count=750 324 304 217 33 184 426 400 388 63 325 87 71 20 26
is_linear=0
shrinkage=0.01


Tree=256
num_leaves=21
num_cat=0
split_feature=25 55 69 48 38 67 65 2 47 39 72 35 47 39 39 58 0 41 41 6
split_gain=2.98124 4.50193 3.99524 4.02558 4.04256 2.36186 3.36726 4.33536 3.50951 4.72959 3.28253 2.76291 2.49627 2.48095 1.52928 2.16364 1.50007 1.88752 0.401878 0.356819
threshold=47714.000000000007 -0.18110813945531842 25.864682197570804 -0.15719246864318845 0.44168242812156683 4.6730723381042489 -0.49927242100238794 5084850.0000000009 -1.3820436000823972 5.4016463756561288 -1050377.9687499998 2.5904302597045903 0.70980569720268261 0.95055532455444347 2.3811721801757817 174080.00000000003 229408.00000000003 1.6174503564834597 0.11901903897523881 -43947544575.999992
decision_type=2 2 2 2 2 2 2 2 2 2 2 2 2 2 2 2 2 2 2 2
left_child=5 16 -3 18 -5 6 7 13 10 -10 -8 14 -9 -1 15 -7 17 -2 -4 -16
right_child=1 2 3 4 -6 11 8 12 9 -11 -12 -13 -14 -15 19 -17 -18 -19 -20 -21
leaf_value=0.012217567350742317 -0.011716600039603413 0.011013676034996017 -0.011366854902178383 -0.002950802566723012 0.010332643440542372 0.0085502610831663228 -0.0018829757879922691 0.0015630488070703208 -0.0055310387754169557 0.003111145627150238 0.013613235051597455 -0.0076237368745126835 -0.0049110923776259962 0.0034141011817152116 0.01177557884723966 -0.0026390980469138737 0.00037355726036389093 0.00069150438538204562 -0.0024081431574501278 0.0040614477272850067
leaf_weight=5.296228051185607 7.1836776696145552 2.9342845678329494 3.5188921093940762 6.3671434372663445 3.5309720486402512 3.4782785475254023 2.6676458045840263 28.579013787209988 23.133668527007107 8.5585978403687459 2.6113262772560111 1.5110103413462646 7.5080474391579619 9.286272890865801 4.4981860816478729 3.2457791715860367 1.5617521926760662 1.2977763712406156 0.93680780753493298 1.1946141384541986
leaf_count=27 64 13 34 40 17 21 12 150 129 38 10 8 39 51 34 24 13 8 9 9
internal_value=0.000216872 -0.00270491 0.000333099 -0.00178061 0.0016868 0.00101295 0.000392606 0.00207637 -0.00188797 -0.00316564 0.00559304 0.00484463 0.000188369 0.00668001 0.00644244 0.00300031 -0.00803403 -0.00970009 -0.00970772 0.0103325
internal_weight=128.9 27.3313 17.2881 14.3538 9.89812 101.569 87.6408 50.6696 36.9712 31.6923 5.27897 13.9279 36.0871 14.5825 12.4169 6.72406 10.0432 8.48145 4.4557 5.6928
internal_count=750 198 113 100 57 552 456 267 189 167 22 96 189 78 88 45 85 72 43 43
is_linear=0
shrinkage=0.01


Tree=257
num_leaves=19
num_cat=0
split_feature=59 47 47 57 46 31 45 46 17 45 45 66 53 46 48 47 14 5
split_gain=2.99043 2.92467 4.18883 4.70659 4.16384 3.88009 3.12367 2.61112 3.17345 2.57258 2.87442 2.41382 2.14202 1.9533 1.90575 1.86267 0.715726 0.619418
threshold=0.41494457423686987 0.17137294262647632 -0.099034409970045076 1.5165881514549258 -0.74403044581413258 -7.1415884494781485 1.0000000180025095e-35 -0.36171983182430262 23753.500000000004 -0.78710451722145069 -0.61439016461372364 2.6337366104125981 8.234826509578853e-07 -1.0318493843078611 -0.42095369100570673 0.23986378312110904 0.31960000097751623 574426.09375000012
decision_type=2 2 2 2 2 2 2 2 2 2 2 2 2 2 2 2 2 2
left_child=7 2 3 6 -5 16 -2 8 15 13 -11 12 -4 -7 -10 -1 -3 -9
right_child=1 5 11 4 -6 9 -8 17 14 10 -12 -13 -14 -15 -16 -17 -18 -19
leaf_value=-0.0091782338095097709 -0.0066606641867991978 -0.013420531239469978 -0.0050733895496729532 -0.012206507156439008 0.0035567223003962795 0 0.0029151964273660814 0.01184642716956183 0.011220951256986222 -0.0055018582689999075 0.002121205062408647 0.0016132226780764842 -0.014175558480748938 0.0123333517555658 -0.0014967314853873807 0.0031452511067890194 -0.0027688119136781699 0.002360922644347856
leaf_weight=3.0921773463487607 13.534869201481344 1.8798000216484063 7.7479394003748876 1.780143305659293 23.766656495630745 1.8315586298704145 4.3867173939943305 4.2326342314481726 3.3849710077047339 5.5827602893114081 40.444722443819046 2.7838104590773574 4.3550738394260406 3.901172161102294 1.6109087355434901 1.8776955306529997 1.3659228086471555 1.1569027826189993
leaf_count=16 99 14 43 9 121 10 27 31 29 32 218 14 28 18 12 10 9 10
internal_value=0.000215147 -0.000337651 -0.0019041 -0.000311974 0.00241917 0.001306 -0.00426096 0.00436133 0.00121382 0.001987 0.00117486 -0.0064858 -0.00843128 0.00833309 0.00692 -0.00432102 -0.00924598 0.00999584
internal_weight=128.716 113.361 58.3552 43.4684 25.5468 55.0059 17.9216 15.3553 9.96575 51.7602 46.0275 14.8868 12.103 5.73273 4.99588 4.96987 3.24572 5.38954
internal_count=750 642 341 256 130 301 126 108 67 278 250 85 71 28 41 26 23 41
is_linear=0
shrinkage=0.01


Tree=258
num_leaves=20
num_cat=0
split_feature=59 57 58 11 11 26 49 4 13 58 46 11 22 18 5 61 5 31 6
split_gain=2.94388 2.77981 4.46828 3.13024 3.01159 2.73548 3.84459 4.24447 3.70609 5.58357 2.58404 2.46605 3.02284 3.46573 1.65701 0.761464 0.616858 0.454552 0.0969476
threshold=0.41494457423686987 2.1136089563369755 1767424.0000000002 64.200000762939467 50.269998550415046 0.0014285732759162786 1.543250620365143 923727.09375000012 112222220.00000001 3190784.0000000005 -0.36171983182430262 18.439999580383304 4108.8298339843759 101973.00000000001 173518.60156250003 131.83345794677737 574426.09375000012 2.7585825920104985 -57234323455.999992
decision_type=2 2 2 2 2 2 2 2 2 2 2 2 2 2 2 2 2 2 2
left_child=10 2 3 4 -2 8 7 -7 9 -3 11 -1 18 -14 15 -4 -12 -10 -13
right_child=1 5 14 -5 -6 6 -8 -9 17 -11 16 12 13 -15 -16 -17 -18 -19 -20
leaf_value=-0.007319168703750426 -0.00081377803438067997 -0.0053223229593011932 -0.016873667116812589 0.0098819875940651149 -0.013130435124654991 0.0022442772322112496 -0.011206521491221699 -0.0065430081179618906 0.011970029510665472 0.012118094049005998 0.011822395435771278 0.011290117575470604 -0.013628795539894134 0.0066460737539865838 -0.00160233737619782 -0.0080956419234924047 0.0023412263681109493 0.0038449716636320065 0.0053372707985892363
leaf_weight=2.4674233049154264 44.158879466354847 5.5193189978599531 2.3453665971755973 2.5863775908946982 2.098684459924697 32.5071170181036 2.8929975628852835 6.5873739272356024 5.2637127041816703 2.7444388419389725 4.1989942565560332 3.0112106725573531 1.5846921950578692 1.7390109226107595 2.3765955716371536 2.9275487661361694 1.1549790129065511 1.2443709447979925 1.1372489966452128
leaf_count=13 292 35 12 14 10 136 13 29 38 18 31 24 9 12 12 24 10 9 9
internal_value=0.000213176 -0.000334743 -0.00191203 -0.000776629 -0.0013942 0.00121753 -6.11301e-05 0.000738051 0.00491971 0.000348724 0.00433605 0.00120401 0.00415233 -0.00271981 -0.00903109 -0.0121897 0.00996386 0.0105701 0.00989927
internal_weight=128.546 113.253 56.4935 48.8439 46.2576 56.7593 41.9875 39.0945 14.7718 8.26376 15.2936 9.93959 7.47216 3.3237 7.64951 5.27292 5.35397 6.50808 4.14846
internal_count=750 642 364 316 302 278 178 165 100 53 108 67 54 21 48 36 41 47 33
is_linear=0
shrinkage=0.01


Tree=259
num_leaves=13
num_cat=0
split_feature=70 29 54 2 31 4 34 60 26 61 72 31
split_gain=2.8907 3.6404 4.3328 3.60196 5.31213 3.48072 2.76876 2.61468 3.4253 5.22549 1.87935 1.6131
threshold=118041.80859375001 0.056862799450755126 0.19414236396551135 20295434.000000004 -0.5429985225200652 356117.43750000006 -1.4026446938514707 -0.005378453526645898 0.0018064273754134776 244.99986267089847 -538102.84374999988 1.0000000180025095e-35
decision_type=2 2 2 2 2 2 2 2 2 2 2 2
left_child=5 10 -3 6 -5 7 -4 -1 9 -9 -2 -10
right_child=1 2 3 4 -6 -7 -8 8 11 -11 -12 -13
leaf_value=0.012539812547871723 0.014273519985158481 -0.010827173027305681 0.012649026980770068 -0.010733019777346449 0.00075196888958967991 -0.014490540572296049 0.0026250600028555212 0.0083333358512302294 -0.013639585877060181 -0.0017116863435835124 0.0029165887902344772 -0.0020194797867188257
leaf_weight=1.3828971162438382 3.2071974948048592 3.0172300189733496 3.0999939963221541 4.9024541676044491 21.941216871142387 1.9885904788970936 31.938141129910946 5.8870282284915438 3.1152863502502433 42.400767453014851 3.1619618758559218 2.3051874488592148
leaf_count=6 16 15 15 24 115 10 172 41 13 297 16 10
internal_value=0.000211342 0.00156121 0.000836135 0.00142097 -0.00130828 -0.00145654 0.00354047 -0.000967913 -0.00133433 -0.000466334 0.00879239 -0.00888234
internal_weight=128.348 71.2682 64.899 61.8818 26.8437 57.0798 35.0381 55.0912 53.7083 48.2878 6.36916 5.42047
internal_count=750 373 341 326 139 377 187 367 361 338 32 23
is_linear=0
shrinkage=0.01


Tree=260
num_leaves=18
num_cat=0
split_feature=59 57 40 38 50 55 34 34 24 36 38 1 17 46 31 11 21
split_gain=2.89598 2.70159 3.37539 3.07431 3.17459 3.1641 2.87771 4.51103 3.36138 2.81986 4.07554 2.58341 2.89461 3.57382 2.53169 1.83429 0.836776
threshold=0.41494457423686987 1.2180262804031374 -1.138164162635803 -2.2063870429992671 -0.00019611859170254317 0.65122064948081981 -1.2665612101554868 -1.0767836570739744 84.500000000000014 1.1658778190612795 -0.2173177823424339 109655744.00000001 23753.500000000004 -0.36171983182430262 -1.4275246262550352 30.964999198913578 254088.00000000003
decision_type=2 2 2 2 2 2 2 2 2 2 2 2 2 2 2 2 2
left_child=11 3 9 -2 5 -5 8 -8 -4 10 -3 12 13 15 -6 -1 -14
right_child=1 2 6 4 14 -7 7 -9 -10 -11 -12 -13 16 -15 -16 -17 -18
leaf_value=-0.01102491992759709 -0.012382363321846241 0.0062844272783898992 0.012579891386502373 0.0054940653071417038 -0.0087408519524348888 -0.010635061079616618 -0.0098079542975656152 -0.00027160691822897606 -0.0008027804992022684 0.014681765644404392 -0.0042672964902990204 -0.0084909234763109898 0.011403299156262715 0.011805360727376988 -0.0013735995271278174 0.0014651660637217954 0.000660196477765386
leaf_weight=2.1033091992139816 3.0128658190369597 11.221026577055458 3.4462130069732657 8.1584765464067477 7.1639635413885143 1.3967169523239125 5.5826518833637229 46.901620242744684 3.838485561311245 2.3652638792991629 5.3203083127737054 1.3713374882936467 6.2444683089852333 2.0292672216892225 14.59498457610607 2.4014317095279694 1.047560967504978
leaf_count=11 18 54 16 45 58 14 30 252 17 14 32 7 56 12 92 13 9
internal_value=0.000209485 -0.00033349 0.000677707 -0.00268023 -0.00171481 0.00303176 -0.000472179 -0.00130502 0.00539096 0.00436571 0.00283015 0.00431266 0.00565491 0.000655939 -0.00384517 -0.00414459 0.0099971
internal_weight=128.2 113.003 78.6756 34.327 31.3141 9.55519 59.769 52.4843 7.2847 18.9066 16.5413 15.1974 13.826 6.53401 21.7589 4.50474 7.29203
internal_count=750 642 415 227 209 59 315 282 33 100 86 108 101 36 150 24 65
is_linear=0
shrinkage=0.01


Tree=261
num_leaves=18
num_cat=0
split_feature=59 57 58 11 11 48 0 13 42 1 17 18 1 39 5 21 43
split_gain=2.85306 2.66324 4.39363 3.03674 2.95185 2.81921 5.09892 2.88451 4.07728 2.54212 2.86602 3.34111 2.501 2.14813 1.6356 0.833734 0.631359
threshold=0.41494457423686987 2.1136089563369755 1767424.0000000002 64.200000762939467 50.269998550415046 1.2430022954940798 138598.50000000003 1.0000000180025095e-35 -1.0000000180025095e-35 109655744.00000001 23753.500000000004 110498.50000000001 12833417.500000002 3.7634900808334355 173518.60156250003 254088.00000000003 1964146.3125000002
decision_type=2 2 2 2 2 2 2 2 2 2 2 2 2 2 2 2 2
left_child=9 2 3 4 -2 7 -7 13 -9 10 11 12 -1 -3 16 -12 -4
right_child=1 5 14 -5 -6 6 -8 8 -10 -11 15 -13 -14 -15 -16 -17 -18
leaf_value=0.0031659732942708402 -0.00078354953400423994 0.0032378129425015933 -0.015157349759251362 0.0097875495907140606 -0.013007756376825367 0.0041605246155329298 -0.013088992416134282 0.0021574799738314984 0.011713407958894377 -0.0083929374620164855 0.011385948573511455 0.010088301543130862 -0.012194303165810662 -0.0030898691583670459 -0.0015678870507534338 0.00065374604205889171 -0.006786419645437183
leaf_weight=1.9309491664171199 44.05709170550108 8.7174372747540492 3.2110466212034217 2.5675267800688735 2.0878939926624289 3.1716810241341582 3.575180783867836 21.581943422555923 5.7765512019395855 1.3734633922576893 6.191708616912365 2.4236595258116722 2.1584022492170334 13.746079601347445 2.3720622137188911 1.04731934890151 2.0302082598209381
leaf_count=10 292 43 24 14 10 15 18 108 28 7 56 15 11 66 12 9 12
internal_value=0.000207464 -0.00033075 -0.0018769 -0.000750319 -0.00135832 0.00119108 -0.00483183 0.00202677 0.0042117 0.00429073 0.00563021 0.000651577 -0.0046968 -0.000589763 -0.00895377 0.00997139 -0.0121057
internal_weight=128.02 112.895 56.3258 48.7125 46.145 56.5689 6.74686 49.822 27.3585 15.1255 13.752 6.51301 4.08935 22.4635 7.61332 7.23903 5.24125
internal_count=750 642 364 316 302 278 33 245 136 108 101 36 21 109 48 65 36
is_linear=0
shrinkage=0.01


Tree=262
num_leaves=20
num_cat=0
split_feature=59 47 47 57 46 31 41 41 29 11 46 66 11 21 6 43 14 5 47
split_gain=2.8104 2.85512 4.07439 4.47763 4.08481 3.7764 3.32129 2.59188 3.65832 2.52841 2.50659 2.39047 2.37629 2.50117 3.62557 1.56292 0.702412 0.622967 0.121446
threshold=0.41494457423686987 0.17137294262647632 -0.099034409970045076 1.5165881514549258 -0.74403044581413258 -7.1415884494781485 1.6174503564834597 -1.0202860832214353 0.053075782954692848 37.409999847412116 -0.36171983182430262 2.6337366104125981 18.439999580383304 -9959.9999999999982 -58735925247.999992 5609294.0000000009 0.31960000097751623 574426.09375000012 0.66933521628379833
decision_type=2 2 2 2 2 2 2 2 2 2 2 2 2 2 2 2 2 2 2
left_child=10 2 3 6 -5 16 -2 9 -9 -7 12 15 -1 14 -14 -4 -3 -12 -15
right_child=1 5 11 4 -6 7 -8 8 -10 -11 17 -13 13 18 -16 -17 -18 -19 -20
leaf_value=-0.0072451066498049532 -0.0061371194746825198 -0.013313939372095539 -0.0099222783381239504 -0.012149435091799814 0.0034964013189818025 0.0018744545040402121 0.0052734129891600446 0.0086009286271134036 -0.0001674035586372567 0.012909898290740771 0.011759425223323232 0.0016468191313433259 -0.013157802156751375 0.01128713263530865 0.0070455882547065165 0 -0.0027169353410732254 0.0021626217305639453 0.0049151188471107266
leaf_weight=2.4374970048665983 14.835189811885359 1.8612830191850656 10.120841123163698 1.7729341536760319 23.631028041243557 4.9049034342169744 2.9870929419994345 5.4227057546377173 37.270465277135372 3.95261050760746 4.1117238551378241 2.7810520008206359 1.590787321329117 2.7386700771749033 1.9653086215257634 1.9003063812851895 1.3596834689378736 1.1339084804058073 1.0769008770585058
leaf_count=13 112 14 62 9 121 30 14 24 206 18 31 14 8 22 15 9 9 10 9
internal_value=0.000205601 -0.00032781 -0.00188054 -0.000305596 0.00236512 0.00129899 -0.00416855 0.00197132 0.00092289 0.00691185 0.00426868 -0.00641222 0.00116834 0.00408596 -0.00171101 -0.00835984 -0.00915104 0.00987559 0.00975079
internal_weight=127.855 112.8 58.0284 43.2262 25.404 54.7717 17.8223 51.5507 42.6932 8.85751 15.0548 14.8022 9.80916 7.37167 3.5561 12.0211 3.22097 5.24563 3.81557
internal_count=750 642 341 256 130 301 126 278 230 48 108 85 67 54 23 71 23 41 31
is_linear=0
shrinkage=0.01


Tree=263
num_leaves=17
num_cat=0
split_feature=25 55 45 34 68 61 17 49 41 28 31 48 27 0 41 39
split_gain=2.75245 4.46705 4.27433 3.67096 3.6319 2.51493 2.33757 3.94771 3.37152 3.18646 3.14855 3.11706 1.60738 1.48625 1.85378 0.66908
threshold=47714.000000000007 -0.18110813945531842 -0.16200628131628034 1.2167142033576968 66.666675567626967 1133.9482421875002 7922.0000000000009 -0.38738119602203364 0.2319854870438576 862.50000000000011 -0.27824817597866053 -0.4525428563356399 -1877503.9999999998 229408.00000000003 1.6174503564834597 4.7161607742309579
decision_type=2 2 2 2 2 2 2 2 2 2 2 2 2 2 2 2
left_child=5 13 12 4 -4 6 7 8 -1 11 -9 -8 -3 14 -2 -11
right_child=1 2 3 -5 -6 -7 9 10 -10 15 -12 -13 -14 -15 -16 -17
leaf_value=-0.0061097346526954198 -0.011675289992570675 0.0013745936981773602 0.0065384794800055369 0.015341706971355494 -0.0053593089915067232 0.01095186629579907 0.0040544885177980061 -0.003375500340819989 0.0020504491929121912 0.0047946133792525821 0.012920916070596866 -0.00047982179354049326 -0.01117896945353304 0.00041252275965514198 0.00063269695557819034 0.013539770823172721
leaf_weight=15.676569141447549 7.0593371652066725 1.2564936131238935 5.5111407637596077 2.1853033080697069 4.7522397562861443 2.4774893000721923 23.300880048424006 1.8467087149620054 7.251106694340705 2.0601322352886191 2.9535488635301581 42.518599450588226 3.4615092463791415 1.554485224187373 1.2968643084168432 2.4949276745319366
leaf_count=85 64 8 26 9 33 12 131 9 44 14 15 229 37 13 8 13
internal_value=0.000204028 -0.00261602 0.000414938 0.0035419 0.000932028 0.000973162 0.000710965 -0.00173048 -0.00348538 0.00168712 0.00644319 0.00111019 -0.00762376 -0.00796696 -0.00964545 0.00980411
internal_weight=127.657 27.0774 17.1667 12.4487 10.2634 100.58 98.1025 27.7279 22.9277 70.3745 4.80026 65.8195 4.718 9.91069 8.3562 4.55506
internal_count=750 198 113 68 59 552 540 153 129 387 24 360 45 85 72 27
is_linear=0
shrinkage=0.01


Tree=264
num_leaves=19
num_cat=0
split_feature=59 47 47 57 46 58 31 45 45 47 17 47 66 58 46 3 14 5
split_gain=2.76695 2.80836 3.99071 4.37278 4.00208 3.89924 3.70701 2.47877 2.81857 2.47832 4.23322 3.71856 2.3499 2.2527 1.93579 1.82828 0.692784 0.606106
threshold=0.41494457423686987 0.17137294262647632 -0.099034409970045076 1.5165881514549258 -0.74403044581413258 -251903.99999999997 -7.1415884494781485 -0.78710451722145069 -0.61439016461372364 -0.22657093405723569 23753.500000000004 0.23986378312110904 2.6337366104125981 -12865535.999999998 -1.0318493843078611 -124204.99999999999 0.31960000097751623 574426.09375000012
decision_type=2 2 2 2 2 2 2 2 2 2 2 2 2 2 2 2 2 2
left_child=9 2 3 5 -5 -2 16 14 -9 17 11 -11 15 -12 -8 -4 -3 -1
right_child=1 6 12 4 -6 -7 7 8 -10 10 13 -13 -14 -15 -16 -17 -18 -19
leaf_value=0.011829056121764603 0.0018667381245025974 -0.013263827600302097 -0.011686466366659654 -0.01203824384457936 0.0034515827271750961 -0.0077433264917928946 0 -0.0054827805282460715 0.0020921493862775288 -0.014248729568172925 -0.0035962908541315695 0.0038109918997775798 0.0016281515729678869 0.01097875777372957 0.01220825290672763 -0.0034192331454839177 -0.0027033540922047428 0.0023154692034856972
leaf_weight=3.9897340089082709 6.5516491383314159 1.8439399898052209 6.9473889209330073 1.7722249329090107 23.593168228864673 11.187225036323069 1.8253867700695989 5.5424762889742842 40.244783602654934 2.4503198564052564 1.3103201836347569 2.0069878101348877 2.7775486037135115 4.0724197030067453 3.8704958707094184 5.0270745977759352 1.3566261306405065 1.1397509276866911
leaf_count=29 43 14 39 9 121 83 10 32 218 12 7 11 14 40 18 32 9 9
internal_value=0.000202507 -0.000326504 -0.00186935 -0.000308481 0.00232992 -0.00413759 0.00128757 0.00195276 0.00115338 0.00424638 0.00119232 -0.00589264 -0.00636231 0.00724498 0.00820315 -0.00829926 -0.0091 0.00991013
internal_weight=127.51 112.54 57.8563 43.1043 25.3654 17.7389 54.6837 51.4831 45.7873 14.9695 9.84005 4.45731 14.752 5.38274 5.69588 11.9745 3.20057 5.12948
internal_count=750 642 341 256 130 126 301 278 250 108 70 23 85 47 28 71 23 38
is_linear=0
shrinkage=0.01


Tree=265
num_leaves=22
num_cat=0
split_feature=47 47 31 69 38 3 56 33 52 56 60 69 13 36 3 27 33 46 34 31 56
split_gain=2.71274 4.72284 3.94184 4.95717 6.14965 4.25831 3.71707 3.48823 3.15434 3.34585 3.0511 4.67702 3.17259 2.4936 2.45773 3.30795 1.80801 1.74492 1.219 0.423097 0.240748
threshold=0.17137294262647632 -0.099034409970045076 -0.27824817597866053 91.80475234985353 0.79911264777183544 -82046.999999999985 -0.19100361317396161 -1.241206109523773 -0.0023471522144973274 0.8114321529865266 -0.0010691037750802932 19.645591735839847 134423280.00000003 -1.8451576828956602 -124204.99999999999 -1454079.9999999998 -0.70706602931022633 -0.90561690926551808 -1.0000000180025095e-35 2.9240611791610722 9.4993872642517108
decision_type=2 2 2 2 2 2 2 2 2 2 2 2 2 2 2 2 2 2 2 2 2
left_child=1 6 7 4 5 -4 -1 -2 16 -10 12 -12 -8 -3 18 -16 -9 -5 -15 -19 -6
right_child=2 13 3 17 20 -7 10 8 9 -11 11 -13 -14 14 15 -17 -18 19 -20 -21 -22
leaf_value=-0.012087688621102669 -0.013045278367739027 0.0021267012869508974 0.0054618530178289796 0.0014176086355249754 -0.012424848412665302 -0.0046808705583853876 -0.010666518414648137 0.013612910167291504 0.0060726402853387021 -0.0051855955470408686 0.0063951873023640497 -0.00055834220304759531 0.0048917756982849898 -0.014830919143966993 0.0063496734964959192 -0.0083140306788522973 0.00060099191448308002 0.014043085756644744 -0.0052823538296768394 0.0075876449142951163 -0.0057651822105923047
leaf_weight=2.2825930118560782 2.3964766189456013 3.0696584805846241 20.442044608294967 2.1575252190232277 2.3265890181064597 5.0861384868621853 4.0999999344348899 2.1777050420641899 3.3811073750257465 11.245865337550638 15.056503914296625 26.430207636207342 1.8248947858810423 4.7074532210826874 2.3248745277524003 4.3048840612173045 2.4317591860890433 5.1744783744215948 2.4077433049678811 2.3095993176102638 1.6990836188197134
leaf_count=16 14 17 105 12 15 33 27 11 15 81 81 171 8 24 13 29 12 26 16 14 10
internal_value=0.00020064 -0.00118631 0.00173355 0.0036328 0.00156125 0.00340188 0.00034481 -0.00166138 -0.000191194 -0.00251482 0.000964454 0.00194115 -0.00570571 -0.00577087 -0.00760738 -0.00302104 0.00696532 0.00987892 -0.0117403 0.0121845 -0.00986246
internal_weight=127.337 66.5088 60.8284 39.1955 29.5539 25.5282 49.6942 21.6329 19.2364 14.627 47.4116 41.4867 5.92489 16.8146 13.745 6.62976 4.60946 9.6416 7.1152 7.48408 4.02567
internal_count=750 402 348 215 163 138 303 133 119 96 287 252 35 99 82 42 23 52 40 40 25
is_linear=0
shrinkage=0.01


Tree=266
num_leaves=23
num_cat=0
split_feature=47 47 56 47 60 49 23 33 46 12 28 10 18 11 36 63 2 32 53 46 41 55
split_gain=2.66394 4.63892 3.66773 3.24937 3.54674 3.4258 6.95435 3.32805 3.02125 5.31938 2.91653 2.88138 3.94306 2.55573 2.45364 1.63116 3.25389 1.44481 1.74893 1.17367 0.965982 0.211143
threshold=0.17137294262647632 -0.099034409970045076 -0.19100361317396161 0.49216468632221227 0.00016348212375305596 -0.15071353316307065 64.500000000000014 -0.6482783555984496 -0.79552140831947316 185438568.00000003 322.50000000000006 -0.00060189500800333906 194878.50000000003 36.030000686645515 -1.8451576828956602 0.32596682012081152 4676749.5000000009 -1.0000000180025095e-35 0.053678542375564582 -0.33817115426063532 -1.0000000180025095e-35 -0.93229967355728138
decision_type=2 2 2 2 2 2 2 2 2 2 2 2 2 2 2 2 2 2 2 2 2 2
left_child=1 2 -1 11 5 6 -5 -7 10 -10 -4 20 13 -13 -3 16 -16 -6 -19 -14 -2 -22
right_child=3 14 8 4 17 7 -8 -9 9 -11 -12 12 19 -15 15 -17 -18 18 -20 -21 21 -23
leaf_value=-0.012055493400317146 0.0042495913038179626 0.0021060317781002357 -0.014035516818200408 0.0028107454534676678 -0.012446478834931574 0 -0.0098834078506574198 0.010200085555847335 3.1729108560036e-06 0.0089767445962644476 0.0044852160652964629 -0.0040504455107741874 0.014270139203723407 0.0065253040844581557 0.0018691212809006609 -0.013585494470716906 -0.0096766211410147379 -0.0076994283785511855 0.0051992632046926005 0.0031612999939370358 0.010326218675873043 0.017423965231811132
leaf_weight=2.2658857554197303 1.8594039157032964 3.0687918104231384 2.466704204678535 13.679915964603426 2.6100308001041412 5.8030774295330048 6.2740750685334197 6.8702111244201642 35.528754785656929 8.1781906932592374 1.1937274783849714 7.4254846349358541 2.8862509578466415 3.2721701860427856 3.7232423052191717 3.5421762242913237 6.4450546130537987 2.7112852409481993 1.6306722834706304 1.8156519159674633 2.0386632159352303 1.8430777937173872
leaf_count=16 10 17 18 75 19 34 39 36 215 46 8 45 15 16 22 25 35 17 8 12 14 8
internal_value=0.000198861 -0.00117634 0.000341355 0.00171946 3.43657e-06 0.00141044 -0.00113052 0.00549007 0.000955487 0.00170514 -0.00772241 0.00488487 0.00254568 -0.000722085 -0.0057253 -0.00755112 -0.00535067 -0.0064561 -0.00262486 0.0101931 0.0109851 0.0139539
internal_weight=127.132 66.4125 49.6333 60.72 39.5793 32.6273 19.954 12.6733 47.3674 43.7069 3.66043 21.1407 15.3996 10.6977 16.7793 13.7105 10.1683 6.95199 4.34196 4.7019 5.74114 3.88174
internal_count=750 402 303 348 228 184 114 70 287 261 26 120 88 61 99 82 57 44 25 27 32 22
is_linear=0
shrinkage=0.01


Tree=267
num_leaves=18
num_cat=0
split_feature=59 47 47 13 69 31 0 67 1 17 47 47 40 71 47 21 14
split_gain=2.68872 2.66105 3.78336 3.63402 4.07054 3.59464 2.92944 2.50139 2.48618 2.80651 4.69749 2.68711 2.42395 3.13321 1.55995 0.825299 0.689281
threshold=0.41494457423686987 0.17137294262647632 -0.099034409970045076 160756760.00000003 12.02886486053467 -7.1415884494781485 175158.50000000003 4.1453955173492441 109655744.00000001 23753.500000000004 -0.22657093405723569 0.23986378312110904 -2.6911181211471553 933755.84375000012 0.090742107480764403 254088.00000000003 0.31960000097751623
decision_type=2 2 2 2 2 2 2 2 2 2 2 2 2 2 2 2 2
left_child=8 2 3 4 -2 16 -5 14 9 10 -1 -12 -7 -14 -4 -11 -3
right_child=1 5 7 6 -6 12 -8 -9 -10 15 11 -13 13 -15 -16 -17 -18
leaf_value=0.011722741866744915 0.0028479031071596723 -0.013203071341577451 -0.0098692268812527913 0.01355880216183309 -0.0042927339129316148 0.013205444359376036 0.00093390417793261964 0.0053074398385139542 -0.0083600742995215745 0.011335681337142151 -0.01340804092361811 0.0027111417171333152 0.0022825196427683986 -0.0063499096560833091 -0.0018119035968049287 0.00054741225284197278 -0.0026342277908571569
leaf_weight=2.4210018217563629 12.215747028589247 1.8241728097200387 9.411872770637272 2.9898614138364774 22.473847042769194 1.8516590818762768 5.2710244655609131 1.577016808092593 1.3670008182525624 6.0372007414698601 2.1961699724197374 1.7951230108737943 44.874799877405167 4.5912480428814879 3.6663064137101165 1.0276169329881666 1.3499563261866567
leaf_count=15 63 14 57 15 153 8 25 8 7 56 11 10 247 23 20 9 9
internal_value=0.000197506 -0.000323821 -0.00182941 -0.000307876 -0.00174937 0.00124945 0.00562428 -0.00622039 0.00420176 0.00555012 0.00059281 -0.00590774 0.00190432 0.00146107 -0.00768692 0.00990801 -0.00902319
internal_weight=126.942 112.098 57.6057 42.9505 34.6896 54.4918 8.26089 14.6552 14.8441 13.4771 6.41229 3.99129 51.3177 49.466 13.0782 7.06482 3.17413
internal_count=750 642 341 256 216 301 40 85 108 101 36 21 278 270 77 65 23
is_linear=0
shrinkage=0.01


Tree=268
num_leaves=19
num_cat=0
split_feature=59 47 47 57 46 58 31 41 63 68 46 17 66 53 48 43 14 4
split_gain=2.64866 2.60964 3.71709 4.1978 3.90465 3.82149 3.53646 2.55522 3.53707 2.93816 2.41796 2.91182 2.28939 2.15903 1.82212 1.72236 0.684161 0.624435
threshold=0.41494457423686987 0.17137294262647632 -0.099034409970045076 1.5165881514549258 -0.74403044581413258 -251903.99999999997 -7.1415884494781485 -1.0202860832214353 0.053177867084741599 46.949367523193366 -0.36171983182430262 23753.500000000004 2.6337366104125981 8.234826509578853e-07 -0.42095369100570673 886469.03125000012 0.31960000097751623 1932735.9375000002
decision_type=2 2 2 2 2 2 2 2 2 2 2 2 2 2 2 2 2 2
left_child=10 2 3 5 -5 -2 16 9 -9 -8 11 15 13 -4 -13 -1 -3 -12
right_child=1 6 12 4 -6 -7 7 8 -10 -11 17 14 -14 -15 -16 -17 -18 -19
leaf_value=0.0015416790235984776 0.0018772456164948259 -0.013160488206787578 -0.0047177533353644349 -0.011936591031654968 0.0033920798586707102 -0.0076615427323565048 -0.00042296790202769278 0.0084211807327512333 -0.00022906620214700833 0.011255863870595281 0.011623501644347356 0.011111364349458015 0.0017194774120611299 -0.013950762853647363 -0.0015605123281642642 -0.010035591468053445 -0.0026105584281090333 0.001791585953539933
leaf_weight=2.3849335387349111 6.5280525758862522 1.8118363618850701 7.6224201619625074 1.7654863893985737 23.514186419546608 11.09479685872793 3.2656181976199132 5.3866540491580954 37.12731896340847 5.5324364230036736 4.0483448505401602 3.2091291546821585 2.7712385505437842 4.2331027947366238 1.5589666813611991 2.502306267619133 1.3485811352729795 1.0694467499852178
leaf_count=13 43 14 43 9 121 83 20 24 206 28 33 29 14 28 12 13 9 8
internal_value=0.00019589 -0.000320779 -0.00181318 -0.00030442 0.002282 -0.00407133 0.00123702 0.00188549 0.000843426 0.00680731 0.00418068 0.00111749 -0.00617024 -0.00809882 0.00675847 -0.00418136 -0.00897514 0.00976436
internal_weight=126.775 112.002 57.5293 42.9025 25.2797 17.6228 54.4724 51.312 42.514 8.79805 14.7731 9.65534 14.6268 11.8555 4.7681 4.88724 3.16042 5.11779
internal_count=750 642 341 256 130 126 301 278 230 48 108 67 85 71 41 26 23 41
is_linear=0
shrinkage=0.01


Tree=269
num_leaves=16
num_cat=0
split_feature=70 54 4 50 2 52 18 22 22 69 60 37 22 28 33
split_gain=2.59317 3.41 3.36128 2.64855 3.23827 5.69837 3.40206 2.64569 3.09608 3.5942 3.15195 2.92935 3.095 1.69053 1.1171
threshold=118041.80859375001 0.19414236396551135 356117.43750000006 -0.091160751879215227 5084850.0000000009 0.047655094414949424 374307.00000000006 6853.9377441406259 -35813.880859374993 12.02886486053467 -0.00063621372100897123 -1.8121189475059507 122340.25390625001 -359.49999999999994 -1.3731080889701841
decision_type=2 2 2 2 2 2 2 2 2 2 2 2 2 2 2
left_child=2 -2 7 13 6 -6 -5 8 10 -10 -1 -9 -13 14 -3
right_child=1 3 -4 4 5 -7 -8 11 9 -11 -12 12 -14 -15 -16
leaf_value=0.0073555667734223323 -0.008444346200489776 0.0038431666385792553 -0.014271200330501695 0.0074004683655649866 -0.002875831336780398 0.005164373693632195 -0.0029270609091411126 0.0055228365836169141 0.007646668064256389 -9.7227037710535171e-05 -0.0096941851346177051 -0.0068971105281108638 0.0083532489627281322 0 0.013007625226266131
leaf_weight=1.3401492685079572 3.2627672404050818 2.5168254375457764 1.9678088501095761 12.835313104093077 28.115400262176991 12.818106204271315 4.0840364024043074 2.7177193760871914 8.2821325361728686 20.803799834102392 4.7258338108658782 15.020433712750675 1.4027213528752316 2.6104611158370954 4.0933740809559822
leaf_count=7 16 14 10 70 142 71 22 18 47 139 36 113 7 14 24
internal_value=0.000194047 0.00148099 -0.00139709 0.00197871 0.0011646 -0.000333655 0.00484848 -0.000912061 0.000692778 0.00207344 -0.00576255 -0.00391157 -0.00553367 0.0069782 0.00966955
internal_weight=126.597 70.3363 56.2606 67.0735 57.8529 40.9335 16.9193 54.2928 35.1519 29.0859 6.06598 19.1409 16.4232 9.22066 6.6102
internal_count=750 373 377 357 305 213 92 367 229 186 43 138 120 52 38
is_linear=0
shrinkage=0.01


Tree=270
num_leaves=18
num_cat=0
split_feature=70 54 4 50 2 52 18 3 66 67 31 34 36 21 38 37 72
split_gain=2.54472 3.35027 3.30712 2.60772 3.18052 5.59055 3.34733 2.53059 3.33357 3.49785 2.92556 5.16247 2.8756 2.55529 2.19733 2.53794 0.518308
threshold=118041.80859375001 0.19414236396551135 356117.43750000006 -0.091160751879215227 5084850.0000000009 0.047655094414949424 374307.00000000006 80037.000000000015 2.6337366104125981 -6.3241560459136954 -2.4044650793075557 -0.61278021335601796 1.4443684220314028 -67757.999999999985 -1.6844920516014097 -1.3454260826110838 -970421.53124999988
decision_type=2 2 2 2 2 2 2 2 2 2 2 2 2 2 2 2 2
left_child=2 -2 7 14 6 -6 -5 10 9 -9 11 -1 -10 -12 16 -16 -3
right_child=1 3 -4 4 5 -7 -8 8 12 -11 13 -13 -14 -15 15 -17 -18
leaf_value=-0.012791418390660924 -0.0083835409087728158 0.005440652660190403 -0.014177312202434397 0.0073481106067467715 -0.0028467458621693042 0.0051215121272921264 -0.0028959502816718252 0.010052710607347248 -0.0024088578543261714 -0.0086831138363253537 -0.0059635276727090774 0.0013298815320113122 0.011674939781071498 0.0039167521496221288 -0.0066307781972436428 0.009034291792103015 0.013701303719104829
leaf_weight=3.9194720424711704 3.2536137104034415 1.5772458761930463 1.9610659405589093 12.797690592706205 28.118615329265594 12.796236261725424 4.0866184309124938 1.045981332659722 4.8528646677732459 11.161550413817167 2.9191364906728259 7.3250488117337209 2.0331155210733414 20.974737260490659 1.985007621347904 2.1127249673008901 3.5186381414532661
leaf_count=32 16 10 10 70 142 71 22 6 30 92 26 49 12 120 10 11 21
internal_value=0.000192386 0.00146816 -0.00138465 0.00196155 0.00115389 -0.000330209 0.00480945 -0.000903621 -0.0038419 -0.00699585 0.000664525 -0.00350341 0.00160422 0.00266782 0.00693046 0.00120184 0.0113408
internal_weight=126.439 70.2464 56.193 66.9928 57.7992 40.9149 16.8843 54.2319 19.0935 12.2075 35.1384 11.2445 6.88598 23.8939 9.19362 4.09773 5.09588
internal_count=750 373 377 357 305 213 92 367 140 98 227 81 42 146 52 21 31
is_linear=0
shrinkage=0.01


Tree=271
num_leaves=19
num_cat=0
split_feature=59 47 47 57 46 58 31 41 29 67 1 17 47 47 67 47 21 14
split_gain=2.59798 2.56476 3.6647 4.08097 3.80846 3.72792 3.44286 2.52059 3.45353 3.28995 2.46359 2.74948 4.54594 2.63406 2.4269 1.5399 0.79928 0.680016
threshold=0.41494457423686987 0.17137294262647632 -0.099034409970045076 1.5165881514549258 -0.74403044581413258 -251903.99999999997 -7.1415884494781485 -1.0202860832214353 0.053075782954692848 -2.6617168188095088 109655744.00000001 23753.500000000004 -0.22657093405723569 0.23986378312110904 4.1453955173492441 0.090742107480764403 254088.00000000003 0.31960000097751623
decision_type=2 2 2 2 2 2 2 2 2 2 2 2 2 2 2 2 2 2
left_child=10 2 3 5 -5 -2 17 9 -9 -8 11 12 -1 -14 15 -4 -13 -3
right_child=1 6 14 4 -6 -7 7 8 -10 -11 -12 16 13 -15 -16 -17 -18 -19
leaf_value=0.01166668778104165 0.0018445076903550301 -0.013096615216847884 -0.0097708480061678531 -0.011787850812567344 0.0033483065424274993 -0.0075926750854344773 -0.0027436867046466392 0.0083346382519264711 -0.00023086264852261912 0.010616801101702577 -0.0083804071071790984 0.011296514609979049 -0.013228074314994629 0.0027614573788839977 0.0052318699667483195 -0.0017430614631746878 0.00058193568191598386 -0.0025403878003595411
leaf_weight=2.3784458115696907 6.5162874683737781 1.7913826853036874 9.3388255983591062 1.7662725523114193 23.445635117590431 11.018663898110388 2.4534411877393723 5.362347036600112 37.041885424405336 6.3112823218107206 1.3593550473451603 5.9251212179660797 2.1878599673509584 1.7884229123592374 1.5698800683021534 3.6491764336824408 1.0155631527304647 1.3414029777050016
leaf_count=15 43 14 57 9 121 83 16 24 206 32 7 56 11 10 8 20 9 9
internal_value=0.000190641 -0.000320839 -0.0018036 -0.000303161 0.00224825 -0.00402863 0.00122551 0.00186472 0.000828729 0.00676281 0.00415417 0.00551094 0.000589492 -0.00578493 -0.0061407 -0.00759231 0.00987283 -0.00889583
internal_weight=126.261 111.606 57.3047 42.7469 25.2119 17.535 54.3017 51.169 42.4042 8.76472 14.6548 13.2954 6.35473 3.97628 14.5579 12.988 6.94068 3.13279
internal_count=750 642 341 256 130 126 301 278 230 48 108 101 36 21 85 77 65 23
is_linear=0
shrinkage=0.01


Tree=272
num_leaves=21
num_cat=0
split_feature=25 55 45 34 21 26 19 44 45 30 0 34 31 31 44 1 27 39 50 56
split_gain=2.47974 4.37469 4.11468 3.50698 3.55379 2.27852 3.76934 2.99203 2.68762 2.73383 2.59836 2.57679 2.23379 3.56689 1.98115 1.60339 1.56349 0.856672 0.685892 0.640908
threshold=47714.000000000007 -0.18110813945531842 -0.16200628131628034 1.2167142033576968 15693.000000000002 0.0018064273754134776 3547.1149902343755 2488421.7500000005 -0.66377562284469593 0.3277359157800675 228766.50000000003 -1.3675611019134519 2.1005116701126103 1.0000000180025095e-35 5256730.7500000009 197338.00000000003 -1877503.9999999998 0.48678502440452581 -0.00074193577165715386 3.1664481163024907
decision_type=2 2 2 2 2 2 2 2 2 2 2 2 2 2 2 2 2 2 2 2
left_child=5 15 16 4 -4 6 7 10 19 -10 -1 -7 13 -13 -14 -2 -3 -9 -17 -8
right_child=1 2 3 -5 -6 11 8 17 9 -11 -12 12 14 -15 -16 18 -18 -19 -20 -21
leaf_value=-0.0035318951256049784 0.0016019050808753744 0.0013689978717098816 0.0069961039441274733 0.015081286665605305 -0.0047887370445268487 0.0071873325020295666 0.017611203269759956 0.0020340219251412457 0.0044995126607139556 -0.0073511253835893964 0.0097895887345462104 -0.0037088288048939834 -0.0025542293906505222 0.0024237277499107473 -0.014110266331790711 -0.0041279528820837002 -0.011109251603559736 0.012694324333386802 -0.011394682943744612 0.008542914622266095
leaf_weight=16.645264822989709 1.3556211516261125 1.2424039989709852 5.0685825347900337 2.1864700317382821 5.1075164303183556 3.8969177156686774 1.5934311300516153 1.7589523196220391 21.231521826237444 2.0842876136302939 1.5735558494925488 17.028630241751671 4.9937664717435828 21.330261155962944 2.3059107959270477 2.2806742414832106 3.3487729579210326 1.7880315855145452 6.0667530186474314 3.1940868943929672
leaf_count=105 9 8 25 9 34 16 6 10 160 14 8 74 22 90 11 16 37 10 60 26
internal_value=0.000188858 -0.00250955 0.000499892 0.00355723 0.000982869 0.000922388 0.00243536 -0.000648231 0.00485916 0.00339725 -0.00232643 -0.000579983 -0.00126482 -0.000272623 -0.00634168 -0.00787089 -0.00751474 0.0076898 -0.00952907 0.01177
internal_weight=126.081 26.6568 16.9537 12.3626 10.1761 99.4246 49.8691 21.7658 28.1033 23.3158 18.2188 49.5555 45.6586 38.3589 7.29968 9.70305 4.59118 3.54698 8.34743 4.78752
internal_count=750 198 113 68 59 552 339 133 206 174 113 213 197 164 33 85 45 20 76 32
is_linear=0
shrinkage=0.01


Tree=273
num_leaves=18
num_cat=0
split_feature=59 47 47 13 69 31 0 1 17 47 47 40 67 29 43 21 14
split_gain=2.54515 2.5099 3.58222 3.50642 3.90962 3.38992 2.89399 2.42815 2.70117 4.46996 2.58493 2.4031 2.375 2.24644 1.71826 0.796953 0.672816
threshold=0.41494457423686987 0.17137294262647632 -0.099034409970045076 160756760.00000003 12.02886486053467 -7.1415884494781485 175158.50000000003 109655744.00000001 23753.500000000004 -0.22657093405723569 0.23986378312110904 -2.6911181211471553 4.1453955173492441 0.053075782954692848 5964313.0000000009 254088.00000000003 0.31960000097751623
decision_type=2 2 2 2 2 2 2 2 2 2 2 2 2 2 2 2 2
left_child=7 2 3 4 -2 16 -5 8 9 -1 -11 -7 14 -13 -4 -10 -3
right_child=1 5 12 6 -6 11 -8 -9 15 10 -12 13 -14 -15 -16 -17 -18
leaf_value=0.011642498659342883 0.0027853570106771909 -0.013063609022482957 -0.0089474181553129192 0.01347207037729376 -0.0042335942363915706 0.013121500986117496 0.00087779635105229002 -0.0083039890056612019 0.011272964862211621 -0.013085888273188415 0.0027583012366511612 0.0074106208238872628 0.0051752277466203013 0.00061689500782403526 0.0013951403786953982 0.00055212154467767247 -0.0025251682487053423
leaf_weight=2.3602873980998993 12.1598002910614 1.7775167562067502 11.255242083221672 2.9608589783310872 22.269202146679163 1.8433683216571797 5.253375731408596 1.3611819744110096 5.8530812188982964 2.1855288445949541 1.7873182892799375 5.5540429055690756 1.5658326745033253 43.68631886318326 1.6841172799468029 1.0126588493585584 1.335464298725128
leaf_count=15 63 14 69 15 153 8 25 7 56 11 10 25 8 245 8 9 9
internal_value=0.00018736 -0.00031845 -0.00178765 -0.000302723 -0.00172556 0.00121231 0.0055392 0.00412412 0.00548158 0.000601601 -0.00570614 0.00184592 -0.00608418 0.0014035 -0.007524 0.00983735 -0.00886387
internal_weight=125.905 111.345 57.1484 42.6432 34.429 54.1967 8.21423 14.5601 13.1989 6.33313 3.97285 51.0837 14.5052 49.2404 12.9394 6.86574 3.11298
internal_count=750 642 341 256 216 301 40 108 101 36 21 278 85 270 77 65 23
is_linear=0
shrinkage=0.01


Tree=274
num_leaves=19
num_cat=0
split_feature=59 47 47 13 45 31 0 41 3 67 1 17 47 47 67 47 21 14
split_gain=2.50684 2.46156 3.51846 3.4445 3.33815 3.33557 2.86324 2.47454 3.39219 3.22427 2.38949 2.67413 4.40547 2.53682 2.33399 1.5101 0.794057 0.66785
threshold=0.41494457423686987 0.17137294262647632 -0.099034409970045076 160756760.00000003 -0.090707685798406587 -7.1415884494781485 175158.50000000003 -1.0202860832214353 -82046.999999999985 -2.6617168188095088 109655744.00000001 23753.500000000004 -0.22657093405723569 0.23986378312110904 4.1453955173492441 0.090742107480764403 254088.00000000003 0.31960000097751623
decision_type=2 2 2 2 2 2 2 2 2 2 2 2 2 2 2 2 2 2
left_child=10 2 3 4 -2 17 -5 9 -9 -7 11 12 -1 -14 15 -4 -13 -3
right_child=1 5 14 6 -6 7 -8 8 -10 -11 -12 16 13 -15 -16 -17 -18 -19
leaf_value=0.011616137065719814 -0.0040270410916956705 -0.013022340289285299 -0.0096333496462834151 0.013423209556130647 0.002457670950292075 -0.0027389231923457607 0.00086919779368595251 0.002962617052491678 -0.0029057636482440162 0.010506053049600847 -0.0082090603653708332 0.011256798296983495 -0.012966115010095156 0.0027329035603336112 0.0051292673526204856 -0.00166812178037941 0.0005467042345906612 -0.0025023857802494521
leaf_weight=2.3420786485075951 22.260659616440527 1.7653792053461068 9.269842252135275 2.9420147314667684 12.141099780797964 2.4446627274155617 5.2522966265678406 26.908109262585636 15.421056292951109 6.2974651753902418 1.3631433844566334 5.8031226769089699 2.1836696267127977 1.7858962863683698 1.5640733912587155 3.641122266650199 1.0124676227569578 1.3341530784964559
leaf_count=15 148 14 57 15 68 16 25 137 93 32 7 56 11 10 8 20 9 9
internal_value=0.000186166 -0.000315113 -0.00177148 -0.000299305 -0.00170938 0.00120076 0.00549852 0.00182831 0.000801067 0.00668782 0.00410347 0.00545819 0.000597765 -0.00565125 -0.00603459 -0.00746447 0.00981252 -0.00881679
internal_weight=125.732 111.242 57.0711 42.5961 34.4018 54.1708 8.19431 51.0713 42.3292 8.74213 14.4904 13.1272 6.31164 3.96957 14.475 12.911 6.81559 3.09953
internal_count=750 642 341 256 216 301 40 278 230 48 108 101 36 21 85 77 65 23
is_linear=0
shrinkage=0.01


Tree=275
num_leaves=19
num_cat=0
split_feature=59 47 47 57 46 58 31 41 34 67 46 17 67 48 43 43 15 5
split_gain=2.46961 2.41363 3.45704 3.93681 3.73053 3.65797 3.28188 2.42759 3.39289 3.16629 2.29572 2.69327 2.29388 1.76346 1.69435 1.66111 0.662937 0.654663
threshold=0.41494457423686987 0.17137294262647632 -0.099034409970045076 1.5165881514549258 -0.74403044581413258 -251903.99999999997 -7.1415884494781485 -1.0202860832214353 -0.88489922881126393 -2.6617168188095088 -0.36171983182430262 23753.500000000004 4.1453955173492441 -0.42095369100570673 5964313.0000000009 886469.03125000012 0.31949999928474432 574426.09375000012
decision_type=2 2 2 2 2 2 2 2 2 2 2 2 2 2 2 2 2 2
left_child=10 2 3 5 -5 -2 16 9 -9 -8 11 15 14 -13 -4 -1 -3 -12
right_child=1 6 12 4 -6 -7 7 8 -10 -11 17 13 -14 -15 -16 -17 -18 -19
leaf_value=0.0016277236907355102 0.0018526459520233458 -0.012981458318245001 -0.0088267525757681608 -0.011697452145510377 0.003301143738418414 -0.0075217420398979874 -0.0027126365651925243 -0.0037230858916493326 0.0025743563352245893 0.010414353680052453 0.011593782995499671 0.011028290985142767 0.0050836983911547919 -0.0015956768475655493 0.0014451848679624209 -0.0097831751147040326 -0.0024797884903588171 0.0015625934470312498
leaf_weight=2.3737950026988965 6.4900604374706772 1.7532900944352143 11.19961781427264 1.7619904130697239 23.378058470785621 10.925414770841597 2.4436740577220917 11.81163471192121 30.506670534610752 6.2894261851906759 3.8823277987539759 3.0854366049170485 1.5623212680220593 1.5281689465045936 1.6850896701216687 2.4795692414045334 1.3328540995717046 1.0717750526964662
leaf_count=13 43 14 69 9 121 83 16 63 167 32 31 29 8 12 8 13 9 10
internal_value=0.000184579 -0.000312255 -0.00175553 -0.000295868 0.00221016 -0.00397086 0.00118892 0.00181054 0.000793021 0.00662669 0.00408292 0.00107684 -0.00598591 0.00663009 -0.00740576 -0.00399603 -0.00876999 0.00962548
internal_weight=125.561 111.14 57.0026 42.5555 25.14 17.4155 54.1375 51.0514 42.3183 8.7331 14.4211 9.46697 14.447 4.61361 12.8847 4.85336 3.08614 4.9541
internal_count=750 642 341 256 130 126 301 278 230 48 108 67 85 41 77 26 23 41
is_linear=0
shrinkage=0.01


Tree=276
num_leaves=20
num_cat=0
split_feature=59 47 47 57 46 58 57 19 54 1 18 1 6 47 7 49 66 53 7
split_gain=2.43196 2.36673 3.39484 3.86296 3.65884 3.60021 2.91106 6.2462 3.32195 2.34729 2.63051 2.86824 2.62594 2.27987 3.7675 2.76328 2.13933 2.16368 1.67344
threshold=0.41494457423686987 0.17137294262647632 -0.099034409970045076 1.5165881514549258 -0.74403044581413258 -251903.99999999997 0.95432657003402721 22295.334960937504 1.618651866912842 109655744.00000001 194878.50000000003 12833417.500000002 -60514592767.999992 0.49216468632221227 1.3504461646080019 0.050861787050962455 2.6337366104125981 8.234826509578853e-07 1.3092373609542849
decision_type=2 2 2 2 2 2 2 2 2 2 2 2 2 2 2 2 2 2 2
left_child=9 2 3 5 -5 -2 7 8 -3 10 11 18 -13 14 -8 -15 17 -4 -1
right_child=1 6 16 4 -6 -7 13 -9 -10 -11 -12 12 -14 15 -16 -17 -18 -19 -20
leaf_value=-0.00090136813312818864 0.0018333300265052572 0.013645121901639237 -0.0044418114035369213 -0.011587108453310806 0.003270023399666362 -0.0074701896304492149 0.0089043113726715879 -0.013590155508452911 -0.004150469748445941 -0.0081390600325660124 0.011361698784309099 -0.014897804272837562 0.0020537795038822787 -0.0016634271837673647 -0.0014535644075734746 0.0045361347626869291 0.001700670113977198 -0.013769269288545072 0.011425603297379639
leaf_weight=1.4900495409965495 6.4928415231406715 1.9407217949628819 7.5424290522932989 1.7609871104359616 23.364605642855171 10.890977177768944 10.069102533161638 3.8448918983340263 2.1624899953603745 1.3620697557926167 4.7754371650516978 1.4920162111520769 2.1497273445129395 19.690442532300953 5.160078488290309 11.250454917550085 2.7515517622232428 4.1231267377734184 3.0885967686772346
leaf_count=11 43 8 43 9 121 83 49 29 15 7 44 8 15 110 31 59 14 28 23
internal_value=0.000182967 -0.000309424 -0.00173998 -0.000293019 0.00218893 -0.00393781 0.00117689 -0.00437169 0.00402271 0.00406079 0.00541638 0.00184095 -0.00461666 0.00215373 0.00532911 0.000558483 -0.00593704 -0.00782427 0.00719558
internal_weight=125.403 111.045 56.9265 42.5094 25.1256 17.3838 54.1182 7.9481 4.10321 14.3579 12.9958 8.22039 3.64174 46.1701 15.2292 30.9409 14.4171 11.6656 4.57865
internal_count=750 642 341 256 130 126 301 52 23 108 101 57 23 249 80 169 85 71 34
is_linear=0
shrinkage=0.01


Tree=277
num_leaves=20
num_cat=0
split_feature=59 47 7 22 31 33 12 41 51 41 29 53 47 17 47 58 55 14 10
split_gain=2.39442 2.32188 3.36834 7.93747 3.20185 2.92158 3.47736 3.05334 2.59552 2.38587 3.32039 2.52996 2.24498 3.72059 3.33638 2.16533 1.69956 0.656959 0.631138
threshold=0.41494457423686987 0.17137294262647632 0.93009793758392345 67270.144531250015 -7.1415884494781485 -0.99144059419631947 172546648.00000003 -2.4086068868637081 0.091160804033279433 -1.0202860832214353 0.053075782954692848 -0.091119449585676179 -0.22657093405723569 23753.500000000004 0.23986378312110904 -12865535.999999998 0.43576835095882421 0.31960000097751623 8.6000000010244562e-05
decision_type=2 2 2 2 2 2 2 2 2 2 2 2 2 2 2 2 2 2 2
left_child=12 2 3 8 17 6 -4 -7 -2 11 -11 -6 18 14 -14 -15 -5 -3 -1
right_child=1 4 5 16 9 7 -8 -9 -10 10 -12 -13 13 15 -16 -17 -18 -19 -20
leaf_value=0.011666368931894223 -0.0075254417421349706 -0.012923468423833328 -0.010516125276929187 -0.0029781902941701057 -0.0032365259832084613 -0.008109480456261791 0.0045279175683969764 0.0029180056732396502 -0.021888869711520677 0.0081563309731611851 -0.00026763089594631305 0.0094501999587739624 -0.013458495007829132 -0.003733889036675373 0.0037505712742356297 0.010861653292442795 0.0065311109870397925 -0.0024311754217240171 0.0018439093631639884
leaf_weight=3.7155045047402373 13.379836529493334 1.7376266270875924 4.6471730545163146 2.727375276386736 1.9070302397012708 2.7640826292336014 2.1860574409365654 24.291620098054409 1.4957597404718388 5.3281487226486197 36.97148122638464 6.8062883242964727 2.4261525571346265 1.2656838446855534 1.9745907187461851 3.8027333319187173 5.3578648716211319 1.3257841914892194 1.104636453092098
leaf_count=28 97 14 30 13 14 16 12 139 7 24 206 34 12 7 11 40 27 9 10
internal_value=0.000181159 -0.000306789 -0.00172496 -0.00468448 0.00116562 0.000250697 -0.00555696 0.00175445 -0.00903693 0.00177822 0.000769828 0.00655877 0.00403902 0.00109107 -0.00550964 0.00701956 0.00319968 -0.00870904 0.00962281
internal_weight=125.215 110.926 56.8498 22.9608 54.0764 33.8889 6.83323 27.0557 14.8756 51.0129 42.2996 8.71332 14.2893 9.46916 4.40074 5.06842 8.08524 3.06341 4.82014
internal_count=750 642 341 144 301 197 42 155 104 278 230 48 108 70 23 47 40 23 38
is_linear=0
shrinkage=0.01


Tree=278
num_leaves=20
num_cat=0
split_feature=59 1 17 47 47 47 47 57 46 41 31 41 34 68 3 27 36 21 15
split_gain=2.35929 2.30291 2.59272 4.20145 2.41649 2.27782 3.31693 3.76129 3.59236 3.15543 3.15044 2.34031 3.3147 2.68461 2.07567 2.68728 1.7662 0.791624 0.652155
threshold=0.41494457423686987 109655744.00000001 23753.500000000004 -0.22657093405723569 0.23986378312110904 0.17137294262647632 -0.099034409970045076 1.5165881514549258 -0.74403044581413258 1.6174503564834597 -7.1415884494781485 -1.0202860832214353 -0.88489922881126393 46.949367523193366 -109046.49999999999 -1454079.9999999998 -1.8451576828956602 254088.00000000003 0.31949999928474432
decision_type=2 2 2 2 2 2 2 2 2 2 2 2 2 2 2 2 2 2 2
left_child=1 2 3 -1 -5 6 7 9 -9 -2 18 13 -13 -12 16 -16 -8 -4 -7
right_child=5 -3 17 4 -6 10 14 8 -10 -11 11 12 -14 -15 15 -17 -18 -19 -20
leaf_value=0.011522689193750865 -0.0058546661143959637 -0.0080644506790821906 0.011202550445466905 -0.012656817183632598 0.0027045142395575855 -0.012883501278197854 0.00089054615132349007 -0.011486026787596007 0.0032433609009408348 0.0053471571448023463 -0.00042556396469632489 -0.0037045151454777208 0.002523285265728756 0.010780734797084046 0.0062168613362387553 -0.0069035481789332101 -0.011348377135226063 0.00041363628948181991 -0.0024091520978416665
leaf_weight=2.2785821259021759 14.359297245740892 1.3602630794048298 5.6397897340357304 2.1742313504219042 1.7720699608325956 1.7256470099091523 1.2504942864179609 1.7589504048228253 23.326848290860656 2.9573764801025382 3.2372226342558843 11.797843612730498 30.489440329372886 5.4676347300410271 2.5909568667411804 3.8172522075474244 6.7113348804414272 0.99537457898259152 1.3245310410857198
leaf_count=15 112 7 56 11 10 14 7 9 121 14 20 63 167 28 13 26 39 9 9
internal_value=0.000179374 0.00401898 0.00537485 0.00056694 -0.00550547 -0.000304319 -0.00171025 -0.000278316 0.00217071 -0.00388385 0.00115414 0.00176097 0.000762127 0.00649838 -0.00586596 -0.00144268 -0.00930052 0.00973476 -0.0086629
internal_weight=125.035 14.2203 12.86 6.22488 3.9463 110.815 56.7725 42.4025 25.0858 17.3167 54.0423 50.9921 42.2873 8.70486 14.37 6.40821 7.96183 6.63516 3.05018
internal_count=750 108 101 36 21 642 341 256 130 126 301 278 230 48 85 39 46 65 23
is_linear=0
shrinkage=0.01


Tree=279
num_leaves=19
num_cat=0
split_feature=59 40 50 49 36 11 33 27 37 31 46 17 48 47 72 5 58 37
split_gain=2.3244 2.25516 2.62889 2.74309 2.81376 2.25167 3.19078 2.77278 3.72064 2.60828 2.2088 2.54872 1.73257 1.56761 1.28531 0.662283 0.144993 0.126926
threshold=0.41494457423686987 -2.0297425985336299 1.0000000180025095e-35 -0.35570497810840601 -0.7413516342639922 64.814998626708999 1.295823395252228 -4904959.9999999991 1.1192751526832583 4.0942518711090097 -0.36171983182430262 23753.500000000004 -0.42095369100570673 0.23986378312110904 -2185846.6249999995 574426.09375000012 -780287.99999999988 1.9690592288970949
decision_type=2 2 2 2 2 2 2 2 2 2 2 2 2 2 2 2 2 2
left_child=10 2 3 4 -2 6 9 -7 -9 -3 11 13 -13 -1 -4 -12 -5 -8
right_child=1 5 14 16 -6 7 17 8 -10 -11 15 12 -14 -15 -16 -17 -18 -19
leaf_value=-0.0084296218992874275 0.0081158138649533255 -0.0019854323943128051 -0.010618817581325213 0.0082648069203213655 -0.0077364156667649262 0.010752267154762313 -0.013450427222943456 -0.0067454039892298088 0.0043975049659202778 0.0025473590716530172 0.011518560721420329 0.010973528782395882 -0.0016567815132047573 0.0030316521907774951 0.0018270383436494316 0.0013424306400134497 0.014506745809056518 -0.0067585693425606949
leaf_weight=2.9980914294719678 2.5389465242624274 63.385138608515263 1.5129802003502848 1.6050509810447691 1.9761024340987203 3.3050566762685802 2.0199406445026393 4.6051767021417609 8.5193678215146047 15.71007042005658 3.7802656143903723 2.9975313022732726 1.507105320692063 1.8200294375419614 1.5985770598053921 1.0492955408990381 2.6706327199935904 1.2604284733533857
leaf_count=16 13 375 10 10 11 16 12 23 44 93 31 29 12 10 10 10 13 12
internal_value=0.000177757 -0.000301683 0.0037959 0.00663486 0.000956284 -0.000805408 -0.00148728 0.00255253 0.000411457 -0.00107248 0.00399887 0.00103419 0.00652584 -0.00389261 -0.00390332 0.0095147 0.0123975 -0.011184
internal_weight=124.86 110.707 11.9023 8.79073 4.51505 98.8052 82.3756 16.4296 13.1245 79.0952 14.1523 9.32276 4.50464 4.81812 3.11156 4.82956 4.27568 3.28037
internal_count=750 642 67 47 24 575 492 83 67 468 108 67 41 26 20 41 23 24
is_linear=0
shrinkage=0.01


Tree=280
num_leaves=17
num_cat=0
split_feature=25 55 45 34 21 61 67 48 28 69 27 9 38 1 27 38
split_gain=2.30966 4.27418 3.93942 3.39954 3.48273 2.61467 2.11636 3.2245 3.6494 2.79939 4.38208 4.35242 2.03586 1.57255 1.53544 0.63849
threshold=47714.000000000007 -0.18110813945531842 -0.16200628131628034 1.2167142033576968 15693.000000000002 1133.9482421875002 4.6730723381042489 -0.72914156317710865 209.12500000000003 17.324300765991214 2945024.0000000005 305827216.00000006 1.2186548113822939 197338.00000000003 -1877503.9999999998 1.2186548113822939
decision_type=2 2 2 2 2 2 2 2 2 2 2 2 2 2 2 2
left_child=5 13 14 4 -4 6 9 8 -8 10 -1 -11 -9 -2 -3 -15
right_child=1 2 3 -5 -6 -7 7 12 -10 11 -12 -13 -14 15 -16 -17
leaf_value=0.002431325930812335 0.0016019868852093252 0.0014025201358594331 0.0069257711218079698 0.014835242957185073 -0.0047687769311462302 0.011114621907834073 -0.010348595967255151 0.010521979880415387 0.0093833924402932263 -0.0051035650708281385 -0.0089474598283691646 0.0021352217260486388 -0.00025824080236751213 -0.011398331288867396 -0.011056585957771954 -0.004428731504975276
leaf_weight=45.315450385212898 1.3452378585934663 1.2288650348782537 5.0476429909467644 2.1923314481973657 5.0795501545071602 2.44936379790306 2.5244674086570735 6.6901462674140912 1.4519925490021703 20.435732364654541 3.6291882172226897 13.759893484413622 2.1316298171877861 5.7744145989418012 3.2554615065455481 2.4126962944865227
leaf_count=243 9 8 25 9 34 12 13 53 12 115 19 69 16 58 37 18
internal_value=0.000176361 -0.00244379 0.000534911 0.00351145 0.00096133 0.000887881 0.000616363 0.00440241 -0.00289204 2.15292e-05 0.00156717 -0.00216152 0.00780377 -0.00779963 -0.00741935 -0.00946657
internal_weight=124.724 26.3362 16.8039 12.3195 10.1272 98.3879 95.9385 12.7982 3.97646 83.1403 48.9446 34.1956 8.82178 9.53235 4.48433 8.18711
internal_count=750 198 113 68 59 552 540 94 25 446 262 184 69 85 45 76
is_linear=0
shrinkage=0.01


Tree=281
num_leaves=15
num_cat=0
split_feature=70 29 54 2 32 4 34 22 22 46 60 37 22 72
split_gain=2.27412 3.38488 3.94896 3.28422 4.31048 3.19873 2.69021 2.55852 3.09143 3.47315 3.03076 2.74359 2.88259 1.80207
threshold=118041.80859375001 0.056862799450755126 0.19414236396551135 20295434.000000004 -1.0000000180025095e-35 356117.43750000006 -1.4026446938514707 6853.9377441406259 -35813.880859374993 -0.83917066454887379 -0.00063621372100897123 -1.8121189475059507 122340.25390625001 -538102.84374999988
decision_type=2 2 2 2 2 2 2 2 2 2 2 2 2 2
left_child=5 13 -3 6 -5 7 -4 8 10 -10 -1 -9 -13 -2
right_child=1 2 3 4 -6 -7 -8 11 9 -11 -12 12 -14 -15
leaf_value=0.0071048817734007189 0.013967401870935155 -0.010584296710709592 0.01247523836533598 -0.0095577569822660486 0.00058919682896233698 -0.014001686773049124 0.002395994463517482 0.0053351683976875361 -0.0043242737963805171 0.0040019812250105501 -0.0096743852204376167 -0.0067752674930370163 0.0080700979709388936 0.0026490032304021132
leaf_weight=1.3318785876035688 3.0833817049860954 2.9471731483936301 2.9724005088210097 5.1924891918897655 20.898971982300282 1.9321906268596638 31.069593816995621 2.6820310428738621 6.3565351106226435 22.332103855907921 4.6418170891702166 14.647717554122211 1.3766102865338314 3.0682249926030627
leaf_count=7 16 15 15 26 113 10 172 18 50 136 36 113 7 16
internal_value=0.000174842 0.00138967 0.00068191 0.0012507 -0.00139183 -0.00132794 0.00330545 -0.000850355 0.000733978 0.00212228 -0.00576593 -0.00383954 -0.00543753 0.00848471
internal_weight=124.533 69.2322 63.0806 60.1335 26.0915 55.3009 34.042 53.3687 34.6623 28.6886 5.9737 18.7064 16.0243 6.15161
internal_count=750 373 341 326 139 377 187 367 229 186 43 138 120 32
is_linear=0
shrinkage=0.01


Tree=282
num_leaves=20
num_cat=0
split_feature=59 1 18 1 47 7 22 66 31 33 21 12 45 45 51 46 46 7 14
split_gain=2.27456 2.26003 2.56225 2.74067 2.23941 3.25449 7.69389 3.31205 3.06677 2.86361 4.20727 3.40017 2.29269 2.69511 2.19175 1.91365 1.64768 1.61141 0.647514
threshold=0.41494457423686987 109655744.00000001 194878.50000000003 12833417.500000002 0.17137294262647632 0.93009793758392345 67270.144531250015 -2.6894043684005733 -7.1415884494781485 -0.99144059419631947 8277.0000000000018 172546648.00000003 -0.78710451722145069 -0.61439016461372364 -0.043505690991878503 -1.0318493843078611 1.0423310399055483 1.3092373609542849 0.31960000097751623
decision_type=2 2 2 2 2 2 2 2 2 2 2 2 2 2 2 2 2 2 2
left_child=1 2 3 17 5 6 7 -2 18 11 -11 -7 15 -14 -5 -10 -8 -1 -6
right_child=4 -3 -4 14 8 9 16 -9 12 10 -12 -13 13 -15 -16 -17 -18 -19 -20
leaf_value=-0.00085821915078733478 -0.00097860651361450263 -0.0080218439743782594 0.011299513511100706 0.0024825286269778064 -0.01282432712312577 -0.010449134519860013 -0.0014647207791684167 -0.011867605753958524 -0.00013852263079343992 0.0031900696452478367 -0.0091688423195163283 0.0044831556813742712 -0.005551203474470994 0.0018983505977643257 -0.012788098400827298 0.011847155507755816 0.0074284343480992901 0.011342850768283832 -0.0023447356730191306
leaf_weight=1.4691578298807124 4.0643178969621649 1.3541804254055012 4.6278855651617041 1.8819139599800112 1.7038450427353375 4.6123354583978644 3.7539742067456228 10.672662526369097 1.8027395904064176 23.843506127595905 3.084900125861167 2.1677714139223099 5.4861794486641875 39.758666042238474 1.7240104824304578 3.7947733476757994 4.2897760346531868 2.9938561916351318 1.3173820152878759
leaf_count=11 20 7 44 14 14 30 20 84 10 134 21 12 32 218 9 18 20 23 9
internal_value=0.000173422 0.0039679 0.00532542 0.00177509 -0.000300659 -0.00169886 -0.00462095 -0.00893238 0.00114714 0.000246259 0.00173711 -0.00552741 0.00174517 0.00097295 -0.00454111 0.00780839 0.00315373 0.00710238 -0.00858578
internal_weight=124.404 14.051 12.6968 8.06894 110.353 56.4892 22.7807 14.737 53.8636 33.7085 26.9284 6.78011 50.8424 45.2448 3.60592 5.59751 8.04375 4.46301 3.02123
internal_count=750 108 101 57 642 341 144 104 301 197 155 42 278 250 23 28 40 34 23
is_linear=0
shrinkage=0.01


Tree=283
num_leaves=17
num_cat=0
split_feature=25 55 45 34 68 61 67 48 65 27 57 11 38 27 23 27
split_gain=2.23441 4.19538 3.83557 3.31407 3.44068 2.55716 2.08179 3.16979 2.53964 6.2615 3.97982 2.37289 2.02154 1.52564 1.46503 2.16348
threshold=47714.000000000007 -0.18110813945531842 -0.16200628131628034 1.2167142033576968 66.666675567626967 1133.9482421875002 4.6730723381042489 -0.72914156317710865 -0.83115482330322255 2945024.0000000005 1.5165881514549258 75.81000137329103 1.2186548113822939 -1877503.9999999998 170.50000000000003 -1.0000000180025095e-35
decision_type=2 2 2 2 2 2 2 2 2 2 2 2 2 2 2 2
left_child=5 14 13 4 -4 6 8 11 9 -1 -10 -8 -9 -3 -2 -16
right_child=1 2 3 -5 -6 -7 7 12 10 -11 -12 -13 -14 -15 15 -17
leaf_value=0.002541961257786524 -0.011386132780215961 0.0014201409952971594 0.0064045977126925826 0.014662175293079241 -0.0052694198715123866 0.010982510518157872 0.0039164165908816481 0.010492055421172479 -0.0077477907566187798 -0.014300231434604785 -6.2491229640159748e-05 -0.011431244752182141 -0.00027221897886629403 -0.011032560398275335 0.002970682250450636 -0.011180338924584548
leaf_weight=42.303808517754078 5.1973776370286959 1.226784825325012 5.4693002738058514 2.1878389045596132 4.6389919817447662 2.4506857097148886 2.1391309723258014 6.6235091052949411 8.8466049432754499 2.3159245476126662 29.41048052161932 1.8150062561035154 2.1265146359801292 3.2080829404294535 2.3663876876235008 1.8829960003495214
leaf_count=231 54 8 26 9 33 12 15 53 63 13 139 10 16 37 14 17
internal_value=0.000171543 -0.00241387 0.000538592 0.00346957 0.00094812 0.000872135 0.000602443 0.00437221 1.25107e-05 0.00164538 -0.00186579 -0.00287548 0.00776173 -0.00736238 -0.00774877 -0.00306462
internal_weight=124.209 26.1778 16.731 12.2961 10.1083 98.0317 95.581 12.7042 82.8768 44.6197 38.2571 3.95414 8.75002 4.43487 9.44676 4.24938
internal_count=750 198 113 68 59 552 540 94 446 244 202 25 69 45 85 31
is_linear=0
shrinkage=0.01


Tree=284
num_leaves=18
num_cat=0
split_feature=59 47 47 57 46 58 31 40 71 67 46 17 48 43 43 5 14
split_gain=2.22162 2.18437 3.19886 3.59614 3.5241 3.50937 3.02013 2.33578 3.04641 2.22653 2.15025 2.4798 1.70401 1.62673 1.61144 0.672776 0.637863
threshold=0.41494457423686987 0.17137294262647632 -0.099034409970045076 1.5165881514549258 -0.74403044581413258 -251903.99999999997 -7.1415884494781485 -2.6911181211471553 933755.84375000012 4.1453955173492441 -0.36171983182430262 23753.500000000004 -0.42095369100570673 5964313.0000000009 886469.03125000012 574426.09375000012 0.31960000097751623
decision_type=2 2 2 2 2 2 2 2 2 2 2 2 2 2 2 2 2
left_child=10 2 3 5 -5 -2 16 -8 -9 13 11 14 -13 -4 -1 -12 -3
right_child=1 6 9 4 -6 -7 7 8 -10 -11 15 12 -14 -15 -16 -17 -18
leaf_value=0.001703486529239507 0.0019098228770027799 -0.012798740611945971 -0.0086056740373358469 -0.011432050737825987 0.0031930701329932411 -0.0073463049679311004 0.01289626813504541 0.002104142482077341 -0.0064496020594234727 0.0051641253653018438 0.011471936781390952 0.010936718158455991 -0.001664580893501316 0.0014841147113418807 -0.009610934349194182 0.0011455670437913843 -0.0023572780943674956
leaf_weight=2.345503665506838 6.4040038585662868 1.6871057376265519 11.024403054267166 1.7503511756658543 23.192067489027981 10.699628818780182 1.8244586661458004 44.383280407637358 4.5515213385224333 1.5502274259924878 3.7057141773402682 2.9432976469397536 1.4921463802456862 1.6772842332720745 2.4438083320856094 1.0299431495368478 1.3150306940078733
leaf_count=13 43 14 69 9 121 83 8 247 23 8 31 29 12 8 13 10 9
internal_value=0.000169887 -0.000298355 -0.00168223 -0.000269429 0.00212665 -0.00382213 0.00113221 0.00172504 0.00128811 -0.00578011 0.00393298 0.000998885 0.00647201 -0.00719457 -0.00386104 0.00943725 -0.00855815
internal_weight=124.02 110.059 56.298 42.0461 24.9424 17.1036 53.7614 50.7593 48.9348 14.2519 13.9604 9.22476 4.43544 12.7017 4.78931 4.73566 3.00214
internal_count=750 642 341 256 130 126 301 278 270 85 108 67 41 77 26 41 23
is_linear=0
shrinkage=0.01


Tree=285
num_leaves=19
num_cat=0
split_feature=59 47 7 22 66 31 41 6 45 41 3 67 2 48 6 55 14 46
split_gain=2.18766 2.14211 3.19888 7.51523 3.27337 2.97161 2.74581 2.84877 2.5314 2.29559 3.26498 2.97205 2.13542 3.10497 1.75437 1.61431 0.633228 0.537985
threshold=0.41494457423686987 0.17137294262647632 0.93009793758392345 67270.144531250015 -2.6894043684005733 -7.1415884494781485 -1.835940361022949 -59843590143.999992 -0.77685987949371327 -1.0202860832214353 -82046.999999999985 -2.6617168188095088 49838206.000000007 -0.91026797890663136 -58114875391.999992 0.43576835095882421 0.31960000097751623 -0.90561690926551808
decision_type=2 2 2 2 2 2 2 2 2 2 2 2 2 2 2 2 2 2
left_child=12 2 3 4 -2 16 7 -4 -8 11 -11 -7 13 -1 -14 -5 -3 -15
right_child=1 5 6 15 -6 9 8 -9 -10 10 -12 -13 14 17 -16 -17 -18 -19
leaf_value=-0.0032517828512265315 -0.00095923682527850605 -0.012759893033835779 -0.01026934879269898 -0.0029149844115659135 -0.011801014040841145 -0.0026630256479571713 -0.0045066440686228936 0.0030557478199417475 0.0032471056367328059 0.002842392142411393 -0.002933096094511688 0.010100999730138753 -0.0089107871521385083 0.0026006940850831057 0.0035424731179246479 0.0063815987634942267 -0.002335864066061356 0.011232927497048958
leaf_weight=2.2477306127548209 4.0639905333518973 1.6753785312175744 4.3578650094568729 2.7105786614119989 10.564051054418089 2.4230053052306175 5.1353978477418414 2.3881215378642073 21.695770319551233 26.776029735803601 15.319835718721153 6.2335996478795987 1.932901859283447 1.1838594749569882 2.6070882305502883 5.3082111105322838 1.313821420073509 5.9279640726745129
leaf_count=14 20 14 27 13 84 16 34 12 124 137 93 32 11 9 17 27 9 57
internal_value=0.00016848 -0.000295558 -0.00166728 -0.00457421 -0.00885729 0.00112092 0.000263575 -0.00540394 0.00172579 0.00170803 0.000716779 0.0064128 0.00391164 0.00666251 -0.00153924 0.00311438 -0.00851283 0.00993659
internal_weight=123.865 109.966 56.224 22.6468 14.628 53.7417 33.5772 6.74599 26.8312 50.7525 42.0959 8.6566 13.8995 9.35955 4.53999 8.01879 2.9892 7.11182
internal_count=750 642 341 144 104 301 197 39 158 278 230 48 108 80 28 40 23 66
is_linear=0
shrinkage=0.01


Tree=286
num_leaves=16
num_cat=0
split_feature=25 55 69 48 34 61 67 48 69 57 4 11 1 33 50
split_gain=2.16318 4.12572 3.58337 3.60797 3.26385 2.53466 2.03404 3.11571 2.67521 4.98165 2.60193 2.30839 1.55115 1.53928 0.687447
threshold=47714.000000000007 -0.18110813945531842 25.864682197570804 -0.30728343129158014 1.2167142033576968 1133.9482421875002 4.6730723381042489 -0.72914156317710865 17.324300765991214 1.7129619121551516 87793.250000000015 75.81000137329103 197338.00000000003 1.4284573197364809 -0.00074193577165715386
decision_type=2 2 2 2 2 2 2 2 2 2 2 2 2 2 2
left_child=5 12 -3 -4 -5 6 8 11 10 -10 -1 -8 -2 -9 -14
right_child=1 2 3 4 -6 -7 7 13 9 -11 -12 -13 14 -15 -16
leaf_value=0.0039446343220586573 0.0016602107629533932 0.010665743080409596 -0.010971067813084552 -0.0014227049453555368 0.012608208055671019 0.010924643665703703 0.0038607243153133885 0.0096363480673007304 -0.0086405199229462985 7.8690639685670272e-05 -0.00065898540817298668 -0.011294246547955808 -0.00393391123970747 -0.0010312928772323749 -0.011307401446819866
leaf_weight=23.243796516209841 1.3336928598582769 2.9110293611884144 3.1424664072692421 8.578188385814423 2.0360517725348464 2.44935119152069 2.1287003606557842 7.1941780149936658 8.7468242906033975 25.245537683367729 25.380526255816221 1.8129812628030775 2.2239357456564894 1.4633221030235288 5.7992760948836795
leaf_count=120 9 13 36 55 9 12 15 56 66 118 142 10 16 13 60
internal_value=0.000166697 -0.00238507 0.000542294 -0.00152722 0.00117453 0.000856899 0.000587412 0.00433033 4.50707e-06 -0.0021355 0.00152111 -0.00285612 -0.00770653 0.00771776 -0.0093882
internal_weight=123.69 26.0246 16.6677 13.7567 10.6142 97.6652 95.2159 12.5992 82.6167 33.9924 48.6243 3.94168 9.3569 8.6575 8.02321
internal_count=750 198 113 100 64 552 540 94 446 184 262 25 85 69 76
is_linear=0
shrinkage=0.01


Tree=287
num_leaves=19
num_cat=0
split_feature=59 1 18 1 6 40 50 49 36 38 57 29 13 51 31 61 72 57
split_gain=2.14874 2.20344 2.52241 2.66485 2.45887 2.11308 2.54616 2.70126 2.73564 2.15659 3.85317 3.77178 3.44033 3.16264 3.16301 1.57105 1.2386 0.117988
threshold=0.41494457423686987 109655744.00000001 194878.50000000003 12833417.500000002 -60514592767.999992 -2.0297425985336299 1.0000000180025095e-35 -0.35570497810840601 -0.7413516342639922 -0.67070776224136341 2.9563118219375615 0.32044844329357153 182855504.00000003 0.077075380831956877 -3.6092842817306514 447.99975585937506 -2185846.6249999995 2.4756642580032353
decision_type=2 2 2 2 2 2 2 2 2 2 2 2 2 2 2 2 2 2
left_child=1 2 3 15 -5 6 7 8 -2 13 11 -11 -12 14 -7 -1 -8 -9
right_child=5 -3 -4 4 -6 9 16 17 -10 10 12 -13 -14 -15 -16 -17 -18 -19
leaf_value=0.0111405137696571 0.0079464780288295775 -0.0079665823982563097 0.011254131887027643 -0.014504836930257963 0.0020047360739570575 -0.0078634899884443138 -0.010545528000894047 0.014920845156045571 -0.0077341129271465041 -0.0059319427544693168 0.0064309448483449699 0.0012589600078419378 -0.0041347736588077189 -0.011650943846834802 -0.00042269924764626169 -0.0011261864023053006 0.0017201931387995331 0.009077900155653254
leaf_weight=2.9968474805355054 2.5202662497758856 1.3491637706756581 4.5189969278872013 1.4763999655842783 2.1059297248721123 6.7858024463057509 1.4989869333803656 2.1254963725805274 1.9670083895325658 11.811230003833773 14.978885903954508 18.678968701511621 3.7591789662837973 3.3859831020236006 38.496633838862181 1.3891264647245405 1.5785962715744961 2.1006128787994385
leaf_count=26 13 7 44 8 15 45 10 9 11 93 74 127 19 17 200 8 10 14
internal_value=0.000165138 0.0038838 0.00524423 0.00171039 -0.00452027 -0.000294833 0.00368972 0.00649547 0.000849998 -0.000784959 0.000675172 -0.00149384 0.00425791 -0.00228243 -0.00155982 0.0070274 -0.0039291 0.0122532
internal_weight=123.524 13.8365 12.4873 7.9683 3.58233 109.688 11.791 8.71338 4.48727 97.8967 49.2283 30.4902 18.7381 48.6684 45.2824 4.38597 3.07758 4.22611
internal_count=750 108 101 57 23 642 67 47 24 575 313 220 93 262 245 34 20 23
is_linear=0
shrinkage=0.01


Tree=288
num_leaves=17
num_cat=0
split_feature=25 55 45 17 61 21 67 48 69 57 27 11 38 1 27 50
split_gain=2.11361 4.0662 3.68933 2.81747 2.48124 2.04126 2.00808 3.0627 2.59489 4.88562 4.17716 2.24691 2.00835 1.53901 1.50393 0.686258
threshold=47714.000000000007 -0.18110813945531842 -0.16200628131628034 228857.00000000003 1133.9482421875002 15693.000000000002 4.6730723381042489 -0.72914156317710865 17.324300765991214 1.7129619121551516 2945024.0000000005 75.81000137329103 1.2186548113822939 197338.00000000003 -1877503.9999999998 -0.00074193577165715386
decision_type=2 2 2 2 2 2 2 2 2 2 2 2 2 2 2 2
left_child=4 13 14 5 6 -4 8 11 10 -10 -1 -8 -9 -2 -3 -15
right_child=1 2 3 -5 -6 -7 7 12 9 -11 -12 -13 -14 15 -16 -17
leaf_value=0.002343041262258139 0.0016559126547283731 0.0014228475513528133 0.0098560328186982123 -0.0071111415015328184 0.010801327249579442 0.00066936557012613044 0.0038266390480112991 0.010436027223517925 -0.0085735366663896289 7.931619222758564e-05 -0.0088114621091284762 -0.011141510944014166 -0.00036664865430363158 -0.0039067776964330884 -0.010997432343909944 -0.011286941715809988
leaf_weight=44.933162726461887 1.3332462236285225 1.2208957150578497 5.3811762109398789 2.0404571890831003 2.4521598890423766 4.8476608134806156 2.1175821945071216 6.5021796822547895 8.6988825090229493 25.229159951210022 3.6000698879361144 1.8123568296432493 2.1017725467681885 2.2201564535498619 3.1379125267267272 5.742863018065691
leaf_count=243 9 8 24 15 12 29 15 53 66 118 19 10 16 16 37 60
internal_value=0.000163553 -0.002364 0.000541258 0.00340459 0.000846231 0.00560004 0.000578728 0.00430809 0 -0.00210973 0.00149502 -0.00282172 0.00768093 -0.00766816 -0.00728911 -0.00935487
internal_weight=123.372 25.9244 16.6281 12.2693 97.4473 10.2288 94.9952 12.5339 82.4613 33.928 48.5332 3.92994 8.60395 9.29627 4.35881 7.96302
internal_count=750 198 113 68 552 53 540 94 446 184 262 25 69 85 45 76
is_linear=0
shrinkage=0.01


Tree=289
num_leaves=23
num_cat=0
split_feature=47 47 56 47 60 49 23 60 69 13 42 18 69 36 11 3 27 24 26 32 24 8
split_gain=2.12039 3.68875 3.30067 3.03732 3.30806 3.14492 6.64873 2.9133 4.20178 2.94794 2.84161 3.72812 2.801 2.31223 2.30899 2.30814 3.09463 1.36837 1.3621 1.1167 1.08431 0.629231
threshold=0.17137294262647632 -0.099034409970045076 -0.19100361317396161 0.49216468632221227 0.00016348212375305596 -0.15071353316307065 64.500000000000014 -0.0010691037750802932 19.645591735839847 134423280.00000003 -0.00060189500800333906 194878.50000000003 76.227832794189467 -1.8451576828956602 36.030000686645515 -124204.99999999999 -1454079.9999999998 39.500000000000007 0.0014285732759162786 1.0000000180025095e-35 334.50000000000006 0.69504550099372875
decision_type=2 2 2 2 2 2 2 2 2 2 2 2 2 2 2 2 2 2 2 2 2 2
left_child=1 2 -1 10 5 6 -5 9 -9 -4 21 14 -7 -3 -12 18 -17 -6 -15 -13 -19 -2
right_child=3 13 7 4 17 12 -8 8 -10 -11 11 19 -14 15 -16 16 -18 20 -20 -21 -22 -23
leaf_value=-0.011860021965151332 0.013493697148872613 0.0024721916166606304 -0.010582309584704233 0.0026576678439787483 0 0.0011727409075216624 -0.0099241149432032494 0.0061380819325267903 -0.00057090642841403074 0.0045598698278676089 -0.0040922713112056305 0.015166508340208662 0.011061059437559907 -0.004797928047879243 0.0060732025786125847 0.0065257324497801882 -0.0078796718223547342 -0.012285616640142808 -0.014745927536617196 0.0043891734567065768 -0.00050014352867672608 0.0053663039356990358
leaf_weight=2.1273202970623961 3.5928936004638699 2.986260142177346 3.9904708117246619 13.341147687286144 2.066837102174758 7.4738818258047086 6.095920179039239 14.562924943864344 25.371981400996447 1.788595415651798 7.2819397673010808 2.2170557416975489 4.927984531968832 2.5695265792310247 3.1853991970419884 2.298474796116353 4.0503665469586814 3.4965632855892181 4.2405573427677155 2.3042174950242043 1.2387294918298719 1.9798160791397093
leaf_count=16 19 17 27 75 11 43 39 81 171 8 45 11 27 19 16 13 29 26 21 16 7 13
internal_value=0.000162124 -0.00109074 0.000284288 0.00153312 -9.38383e-05 0.00123225 -0.00123683 0.000871304 0.0018506 -0.00572283 0.0046393 0.00228737 0.00518258 -0.00522714 -0.0009032 -0.0070504 -0.00250697 -0.00644789 -0.0111393 0.00989513 -0.00941377 0.0107857
internal_weight=123.189 63.9865 47.8413 59.2024 38.6411 31.8389 19.4371 45.714 39.9349 5.77907 20.5613 14.9886 12.4019 16.1452 10.4673 13.1589 6.34884 6.80213 6.81008 4.52127 4.73529 5.57271
internal_count=750 402 303 348 228 184 114 287 252 35 120 88 70 99 61 82 42 44 40 27 33 32
is_linear=0
shrinkage=0.01


Tree=290
num_leaves=19
num_cat=0
split_feature=59 47 17 47 58 47 7 22 66 33 21 12 33 47 17 10 55 10
split_gain=2.08421 2.09944 3.39299 3.01046 2.08692 2.0646 3.10411 7.33971 3.19672 2.8228 4.00692 3.28263 2.70412 2.82896 3.26051 3.15059 1.56406 0.641498
threshold=0.41494457423686987 -0.22657093405723569 23753.500000000004 0.23986378312110904 -12865535.999999998 0.17137294262647632 0.93009793758392345 67270.144531250015 -2.6894043684005733 -0.99144059419631947 8277.0000000000018 172546648.00000003 -1.4635440707206724 0.49216468632221227 169030.50000000003 0.00035899999784305697 0.43576835095882421 8.6000000010244562e-05
decision_type=2 2 2 2 2 2 2 2 2 2 2 2 2 2 2 2 2 2
left_child=1 17 3 -3 -4 6 7 8 -2 11 -11 -8 -7 14 -14 -15 -9 -1
right_child=5 2 4 -5 -6 12 9 16 -10 10 -12 -13 13 15 -16 -17 -18 -19
leaf_value=0.011511682907601701 -0.0009734247103070446 -0.012892444799629315 -0.0037973257032003806 0.0035642590622180785 0.010768711399961091 -0.0098227489464010418 -0.010364504677051353 -0.0028590687042619402 -0.011725322061640505 0.0031646066714486943 -0.0089994323775808554 0.0043887836186313773 0.0023341359716762974 0.00096980377445682461 0.012680017949178043 -0.0088552613775405974 0.0063074883178125566 0.0014321904173744951
leaf_weight=3.5159520395100108 4.0500342696905145 2.4064387008547765 1.235317938029765 1.9310462623834608 3.5785074792802343 2.1492923796176902 4.5626602917909613 2.6987336054444304 10.422296989709139 23.660207279026512 3.0276435762643805 2.1402938291430473 12.90124384313822 30.584175068885088 4.1453857123851767 3.6520295962691298 5.2852242216467857 1.0596277154982088
leaf_count=28 20 12 7 11 40 10 30 13 84 134 21 12 72 180 20 19 27 10
internal_value=0.000160854 0.00383882 0.000950998 -0.00533538 0.00682306 -0.000291995 -0.00164368 -0.00452107 -0.00878554 0.000261502 0.00174717 -0.0055045 0.00110207 0.00157943 0.0049087 -4.90425e-05 0.00308376 0.00939599
internal_weight=123.006 13.7269 9.15131 4.33748 4.81383 109.279 55.8471 22.4563 14.4723 33.3908 26.6879 6.70295 53.4321 51.2828 17.0466 34.2362 7.98396 4.57558
internal_count=750 108 70 23 47 642 341 144 104 197 155 42 301 291 92 199 40 38
is_linear=0
shrinkage=0.01


Tree=291
num_leaves=24
num_cat=0
split_feature=47 47 31 69 38 3 50 56 5 60 69 56 50 47 36 3 43 41 46 70 26 31 45
split_gain=2.04515 3.5793 3.40425 4.69124 5.74828 3.97418 3.27755 3.23106 3.16243 2.85689 4.13499 2.91354 2.83041 3.644 2.27775 2.26313 2.65176 2.12866 1.66917 1.5457 1.35746 0.389703 0.192263
threshold=0.17137294262647632 -0.099034409970045076 -0.27824817597866053 91.80475234985353 0.79911264777183544 -82046.999999999985 -0.00018213857401860875 -0.19100361317396161 619.44497680664074 -0.0010691037750802932 19.645591735839847 4.9851586818695077 -0.00035602234129328275 0.70980569720268261 -1.8451576828956602 -124204.99999999999 401917.15625000006 -1.312199532985687 -0.90561690926551808 400606.70312500006 0.0014285732759162786 2.9240611791610722 -0.090707685798406587
decision_type=2 2 2 2 2 2 2 2 2 2 2 2 2 2 2 2 2 2 2 2 2 2 2
left_child=1 7 6 4 5 -4 12 -1 17 11 -11 -9 13 -2 -3 20 -17 -8 -5 -10 -16 -20 -6
right_child=2 14 3 18 22 -7 8 9 19 10 -12 -13 -14 -15 15 16 -18 -19 21 -21 -22 -23 -24
leaf_value=-0.011814016339501181 0.0068344232481116624 0.0024844473201089822 0.005092340458145034 0.0011694145894671315 -0.0063161767236037348 -0.0048175924141359398 0.00027197934687438224 -0.011997846558289615 0.0063072799317480804 0.0060948218042653846 -0.00057115979949176295 0.0020654491390830814 0.014054820268481087 -0.0084290902600614066 -0.0047015399329516086 -0.0075135607094270968 0.0057895333579476883 -0.011508939915734038 0.013673404758046228 -0.0051521194807671554 -0.014654648677101662 0.0072650389884496213 -0.012624614071335088
leaf_weight=2.0997658409178248 3.4909599497914314 2.98292322829366 19.928823433816437 2.11579929292202 1.833300404250622 4.9791230782866505 1.8176636546850193 3.2405834197998038 2.810640186071395 14.508296024054287 25.314458046108484 2.5110888332128525 1.8510475903749481 2.8337844274938107 2.5594787597656259 3.99952560663223 2.3233463019132614 6.2299431525170794 4.9414445012807828 1.9586704820394514 4.2091936022043228 2.1996960639953613 2.0856649428606024
leaf_count=16 20 17 105 12 11 33 11 22 15 81 171 13 8 21 19 29 13 47 26 11 21 14 14
internal_value=0.000159476 -0.00107359 0.00150698 0.0032982 0.00126919 0.00307119 -0.00169492 0.000282474 -0.00488179 0.000861742 0.00183229 -0.00568417 0.00317873 0 -0.00515765 -0.00697529 -0.00246717 -0.0087238 0.0095087 0.00139144 -0.0110388 0.0118395 -0.00992868
internal_weight=122.825 63.7487 59.0766 38.0839 28.8269 24.9079 20.9927 47.6742 12.8169 45.5744 39.8228 5.75167 8.17579 6.32474 16.0745 13.0915 6.32287 8.04761 9.25694 4.76931 6.76867 7.14114 3.91897
internal_count=750 402 348 215 163 138 133 303 84 287 252 35 49 41 99 82 42 58 52 26 40 40 25
is_linear=0
shrinkage=0.01


Tree=292
num_leaves=20
num_cat=0
split_feature=59 47 19 72 40 50 49 36 38 57 64 13 35 31 58 72 31 5 57
split_gain=2.03022 2.07839 2.89422 2.63823 2.02422 2.45403 2.65636 2.6469 2.14671 3.68118 3.7062 3.34551 2.64652 2.8316 1.24227 1.20135 0.766239 0.645242 0.107525
threshold=0.41494457423686987 -0.22657093405723569 7850.7448730468759 -950622.56249999988 -2.0297425985336299 1.0000000180025095e-35 -0.35570497810840601 -0.7413516342639922 -0.67070776224136341 2.9563118219375615 0.32196338474750524 182855504.00000003 1.5225622057914736 -2.6845155954360957 -12865535.999999998 -2185846.6249999995 3.4192382097244267 574426.09375000012 2.4756642580032353
decision_type=2 2 2 2 2 2 2 2 2 2 2 2 2 2 2 2 2 2 2
left_child=1 17 3 16 5 6 7 -2 12 10 -10 -11 13 -6 -4 -7 -3 -1 -8
right_child=4 2 14 -5 8 15 18 -9 9 11 -12 -13 -14 -15 -16 -17 -18 -19 -20
leaf_value=0.011451434415091567 0.0077829288837844646 -0.01387539267131313 -0.0013026421287474744 0.0064451358628583397 -0.0070087065338788022 -0.010438476382551565 0.014739365437877228 -0.007690343009338442 -0.0058573294428620627 0.0063581855111163868 0.0013011391194242448 -0.0040794313521092208 -0.01166719409612986 -0.00046430036963062766 0.010732876921662343 0.0016820060083942657 -0.0035646431328910377 0.0012375974649181593 0.0089800908374250733
leaf_weight=3.5084226094186297 2.5049947127699843 1.7140955179929735 1.0106795355677598 1.5854278206825236 8.1446402519941312 1.4838716611266138 2.1147115901112548 1.9552445560693739 11.705728314816954 14.876275867223741 18.542951859533787 3.7471120655536643 2.8542530015110961 37.401963964104652 2.9603443704545507 1.5693156868219365 1.8269434273242948 1.0291732251644132 2.0776209756731987
leaf_count=29 13 9 6 11 53 10 9 11 93 74 127 19 16 193 33 10 11 9 14
internal_value=0.00015804 0.00380113 0.00092098 -0.00391651 -0.000288597 0.00362528 0.00638959 0.000775675 -0.000769871 0.000692884 -0.00143601 0.00420439 -0.00226753 -0.00165653 0.00741785 -0.00388111 -0.00883813 0.00935521 0.0121237
internal_weight=122.614 13.6351 9.09749 5.12647 108.979 11.7058 8.65257 4.46024 97.2729 48.8721 30.2487 18.6234 48.4009 45.5466 3.97102 3.05319 3.54104 4.5376 4.19233
internal_count=750 108 70 31 642 67 47 24 575 313 220 93 262 246 39 20 20 38 23
is_linear=0
shrinkage=0.01


Tree=293
num_leaves=23
num_cat=0
split_feature=47 47 31 31 61 3 50 56 5 46 60 13 72 50 47 20 70 43 4 37 47 4
split_gain=2.01212 3.50124 3.31242 3.8127 3.43152 3.85025 3.2063 3.17469 3.09782 2.83366 2.80573 2.88628 2.81265 2.76569 3.57765 2.49925 2.6211 2.07058 1.72571 2.84428 1.69037 1.58068
threshold=0.17137294262647632 -0.099034409970045076 -0.27824817597866053 0.93338939547538768 46.333345413208015 -82046.999999999985 -0.00018213857401860875 -0.19100361317396161 619.44497680664074 -0.79552140831947316 -0.0010691037750802932 134423280.00000003 -2544167.3749999995 -0.00035602234129328275 0.70980569720268261 33353.136718750007 141398.49218750003 5233960.5000000009 288203.85937500006 -1.5286732316017149 0.3860869854688645 105434.40234375001
decision_type=2 2 2 2 2 2 2 2 2 2 2 2 2 2 2 2 2 2 2 2 2 2
left_child=1 7 6 15 9 -6 13 -1 20 -5 11 -9 -12 14 -2 16 -4 18 19 -3 -8 -10
right_child=2 17 3 4 5 -7 8 10 21 -11 12 -13 -14 -15 -16 -17 -18 -19 -20 -21 -22 -23
leaf_value=-0.011775377658197363 0.0067722097530119518 0.0021018979398107775 -0.0054011012469393493 0.0031304933653025307 0.0058579411133201529 -0.0030822838430592265 -0.00059741162887073744 -0.010497342665460024 0.0061765106857465156 -0.01249211385653835 -0.0041918340524670222 0.0045236161611729398 0.0029942494990509295 0.013886864117028426 -0.0083789279808244403 0.014633281130644245 0.0078456829647760937 0.0031163423941335039 -0.013565420578641019 -0.0085171003463124194 -0.011463040556729665 -0.0055179309983080741
leaf_weight=2.0797945894300929 3.4841487854719162 3.7971694618463516 1.8902397081255893 1.7509668394923208 14.223151296377184 7.1223161257803431 2.1614967212080938 3.9492246210575095 2.8908068649470806 3.0072036013007191 6.4099403582513323 1.7828922718763349 33.331742621958256 1.8547543361783043 2.8198566325008869 3.9188082739710808 6.0611410215497017 2.427928961813449 2.9769807010889044 6.8225712142884749 5.8353424556553364 1.8662924990057943
leaf_count=16 20 23 13 10 80 49 15 27 16 15 57 8 195 8 21 19 29 13 16 47 43 10
internal_value=0.000156593 -0.00106786 0.00149558 0.00326461 0.00108339 0.00282802 -0.00166886 0.000274481 -0.00483184 -0.00653296 0.000847585 -0.00565083 0.00181004 0.00315302 0 0.00797708 0.00457083 -0.00511368 -0.00665684 -0.00462603 -0.00865118 0.00137837
internal_weight=122.465 63.5782 58.8865 37.9738 26.1036 21.3455 20.9127 47.5536 12.7539 4.75817 45.4738 5.73212 39.7417 8.15876 6.30401 11.8702 7.95138 16.0247 13.5967 10.6197 7.99684 4.7571
internal_count=750 402 348 215 154 129 133 303 84 25 287 35 252 49 41 61 42 99 86 70 58 26
is_linear=0
shrinkage=0.01


Tree=294
num_leaves=19
num_cat=0
split_feature=59 1 17 47 47 40 50 49 38 38 57 29 13 51 25 28 21 57
split_gain=1.98977 2.15582 2.4529 3.82481 2.12793 1.97716 2.39944 2.60727 2.15834 2.10799 3.57532 3.61227 3.26979 3.07249 3.54585 1.05982 0.785137 0.0996678
threshold=0.41494457423686987 109655744.00000001 23753.500000000004 -0.22657093405723569 0.23986378312110904 -2.0297425985336299 1.0000000180025095e-35 -0.35570497810840601 -1.3794069290161131 -0.67070776224136341 2.9563118219375615 0.32044844329357153 182855504.00000003 0.077075380831956877 226567.50000000003 59.875000000000007 254088.00000000003 2.4756642580032353
decision_type=2 2 2 2 2 2 2 2 2 2 2 2 2 2 2 2 2 2
left_child=1 2 3 -1 -5 6 7 8 -2 13 11 -11 -12 14 -7 -8 -4 -9
right_child=5 -3 16 4 -6 9 15 17 -10 10 12 -13 -14 -15 -16 -17 -18 -19
leaf_value=0.011314282439454608 0.0074895874372986624 -0.0079937602338921825 0.011082664377347116 -0.012063496674537433 0.0024688143530246873 -0.00076792460234751476 -0.0099975469491042166 0.014609077099169443 -0.0064198824512883782 -0.0057871090819301106 0.0062900829750973343 0.0012900696043017751 -0.0040348815336819742 -0.011507055089126018 -0.012238222132842789 0.0013570224053430599 7.0967632922307162e-05 0.0089156422873765354
leaf_weight=2.1333973109722137 2.3660347014665595 1.3367176949977864 5.2589352391660213 2.1486703604459749 1.721635654568672 42.041837226599455 1.4811191782355302 2.1049199253320685 2.0787797719240189 11.658890519291164 14.827253974974157 18.522084575146437 3.7432856410741797 3.3674070909619322 2.9060801677405825 1.5603923872113226 0.94890271872282017 2.06466194242239
leaf_count=15 12 7 56 11 10 224 9 9 12 93 74 127 19 17 21 11 9 14
internal_value=0.00015508 0.00377412 0.00514416 0.000411043 -0.00534068 -0.000286701 0.00358992 0.00633055 0.000759335 -0.000762513 0.00068889 -0.00141071 0.00415502 -0.00224772 -0.00153178 -0.00384351 0.00956055 0.0120297
internal_weight=122.271 13.5483 12.2115 6.0037 3.87031 108.723 11.6559 8.6144 4.44481 97.0668 48.7515 30.181 18.5705 48.3153 44.9479 3.04151 6.20784 4.16958
internal_count=750 108 101 36 21 642 67 47 24 575 313 220 93 262 245 20 65 23
is_linear=0
shrinkage=0.01


Tree=295
num_leaves=21
num_cat=0
split_feature=47 47 31 69 3 2 9 33 56 72 3 60 69 56 36 3 27 46 26 31
split_gain=1.98435 3.41904 3.24095 4.65864 5.25033 5.41521 4.78107 3.16759 3.12279 2.82922 3.85507 2.7583 4.01259 2.84053 2.24914 2.23251 2.97826 1.61675 1.3497 0.37789
threshold=0.17137294262647632 -0.099034409970045076 -0.27824817597866053 91.80475234985353 -82046.999999999985 5684512.5000000009 331010176.00000006 -1.241206109523773 -0.19100361317396161 -895524.96874999988 307821.50000000006 -0.0010691037750802932 19.645591735839847 4.9851586818695077 -1.8451576828956602 -124204.99999999999 -1454079.9999999998 -0.90561690926551808 0.0014285732759162786 2.9240611791610722
decision_type=2 2 2 2 2 2 2 2 2 2 2 2 2 2 2 2 2 2 2 2
left_child=1 8 7 4 5 -4 -6 -2 -1 10 -9 13 -13 -10 -3 18 -17 -5 -16 -19
right_child=2 14 3 17 6 -7 -8 9 11 -11 -12 12 -14 -15 15 16 -18 19 -20 -21
leaf_value=-0.011739947698506274 -0.012807424308993998 0.0025417371420183086 0.010943625060469588 0.0012245487289220811 -0.011623265140614583 0.00018395117639190324 0.0078722093763654855 0.0010310578428818897 -0.011900573968051166 0.011759790332350075 -0.0102295934057774 0.0060010915957923825 -0.00058177881318030708 0.0020287518697277708 -0.0045969278733430392 0.006464703969416381 -0.0077141585208500745 0.013588996257386337 -0.014553972975823795 0.0072330426114734893
leaf_weight=2.061971202492713 2.2710202783346203 2.9704669974744311 6.8681459128856686 2.1104081943631172 4.9060517810285118 15.284206852316855 1.6286493241786955 12.86668138206006 3.2085335850715628 1.7616956159472419 3.938265196979045 14.419843472540377 25.237309370189905 2.4998594000935555 2.5429553613066664 2.2903717383742324 4.0028686672449112 4.8854018747806531 4.175499364733696 2.1941869035363197
leaf_count=16 14 17 35 12 37 83 8 85 22 8 26 81 171 13 19 13 29 26 21 14
internal_value=0.000153738 -0.0010637 0.00148556 0.00323714 0.00121207 0.00356504 -0.00661136 -0.00165034 0.000264257 -0.000231781 -0.00154839 0.000831919 0.00178662 -0.00562537 -0.00506702 -0.00688089 -0.00239498 0.00944969 -0.010934 0.0117603
internal_weight=122.124 63.4097 58.7147 37.8771 28.6871 22.1524 6.5347 20.8377 47.4275 18.5666 16.8049 45.3655 39.6572 5.70839 15.9822 13.0117 6.29324 9.19 6.71845 7.07959
internal_count=750 402 348 215 163 118 45 133 303 119 111 287 252 35 99 82 42 52 40 40
is_linear=0
shrinkage=0.01


Tree=296
num_leaves=19
num_cat=0
split_feature=59 1 18 1 6 40 38 57 29 13 51 25 38 6 34 4 7 28
split_gain=1.94964 2.12206 2.44284 2.54832 2.35253 1.9303 2.07243 3.4941 3.54832 3.19905 3.00941 3.48443 2.06201 2.74519 2.68776 2.13753 1.76608 1.13308
threshold=0.41494457423686987 109655744.00000001 194878.50000000003 12833417.500000002 -60514592767.999992 -2.0297425985336299 -0.67070776224136341 2.9563118219375615 0.32044844329357153 182855504.00000003 0.077075380831956877 226567.50000000003 -0.33211132884025568 -62080808959.999992 -0.80212259292602528 8516.0446777343768 1.2559303641319277 186.75000000000003
decision_type=2 2 2 2 2 2 2 2 2 2 2 2 2 2 2 2 2 2
left_child=1 2 3 16 -5 12 10 8 -8 -9 11 -7 13 -2 -15 17 -1 -14
right_child=5 -3 -4 4 -6 6 7 9 -10 -11 -12 -13 15 14 -16 -17 -18 -19
leaf_value=-0.0023249045891028 0.014568023321415392 -0.0079162943907920245 0.0111702776470328 -0.014291033887922166 0.0019455488381088543 -0.00076422767955909923 -0.0057360849038697159 0.0062362311015934212 0.0012860135996584745 -0.0039797165714922861 -0.011402608356384793 -0.012189148434767458 -0.012636417867861086 -0.0054618701738880964 0.0094841287502748957 0.0089677530701166852 0.011182579928744392 0
leaf_weight=1.269335538148878 2.8069144710898399 1.3379025161266316 4.3386618047952652 1.4627107605338099 2.0707892030477524 41.972958095371723 11.625707797706129 14.776022516191007 18.497328490018845 3.7419497966766349 3.3606696501374236 2.8771511986851683 1.5561757721006855 2.3741295412182808 2.3706568405032158 1.1802690774202345 2.9874216765165329 1.3237417042255399
leaf_count=9 14 7 44 8 15 224 93 74 127 19 17 21 11 11 14 8 25 9
internal_value=0.000152581 0.00374654 0.00511548 0.00161499 -0.00449266 -0.000284424 -0.000754873 0.00068577 -0.0013909 0.00411788 -0.00222911 -0.00151944 0.00355335 0.006675 0.0017949 -0.00200644 0.00691982 -0.0068512
internal_weight=121.93 13.4668 12.1289 7.79026 3.5335 108.464 96.8518 48.641 30.123 18.518 48.2108 44.8501 11.6119 7.5517 4.74479 4.06019 4.25676 2.87992
internal_count=750 108 101 57 23 642 575 313 220 93 262 245 67 39 25 28 34 20
is_linear=0
shrinkage=0.01


Tree=297
num_leaves=19
num_cat=0
split_feature=59 1 17 18 1 40 50 49 20 11 33 27 27 34 72 21 57 52
split_gain=1.91957 2.08793 2.42414 2.64924 1.91391 1.8969 2.31246 2.56774 2.3969 1.97729 2.97479 2.62763 3.03644 2.16427 1.15923 0.777375 0.0931728 0.0929102
threshold=0.41494457423686987 109655744.00000001 23753.500000000004 110498.50000000001 12833417.500000002 -2.0297425985336299 1.0000000180025095e-35 -0.35570497810840601 4693.7067871093759 64.814998626708999 1.295823395252228 -4904959.9999999991 1273856.0000000002 -0.38154527544975275 -2185846.6249999995 254088.00000000003 2.4756642580032353 0.00076985513442195963
decision_type=2 2 2 2 2 2 2 2 2 2 2 2 2 2 2 2 2 2
left_child=1 2 3 4 -1 6 7 8 -2 10 13 -11 -13 -7 -8 -4 -9 -12
right_child=5 -3 15 -5 -6 9 14 16 -10 11 17 12 -14 -15 -16 -17 -18 -19
leaf_value=0.0028144837079719597 0.0080137987264714723 -0.0078277991575988574 0.011054403241875182 0.0096113318633456093 -0.010968834111968005 -0.0027216526646353999 -0.01028421240510103 0.014473397709125604 -0.0066660866419816665 0.010501491262079865 -0.012867456458743083 -0.0091116171972449832 0.0028658531154624046 0.00060671723356936957 0.0016737456635121987 3.521853991317704e-05 0.0088240261367899774 -0.0062129908455341555
leaf_weight=1.7821518480777725 2.287100911140441 1.339489459991454 5.1732351779937744 2.0839701443910599 2.0820651277899742 37.58802688866853 1.4638627767562868 2.0873937830328932 2.1369582265615463 3.2298161387443569 2.0942369587719436 2.6577622592449179 10.272887997329233 39.90448001772166 1.5611900985240925 0.94038116186857212 2.0394110754132271 1.0469274744391439
leaf_count=10 13 7 56 15 11 220 10 9 11 16 15 14 53 248 10 9 14 9
internal_value=0.000151027 0.0037267 0.00509276 0.000371162 -0.00435327 -0.000281921 0.0035288 0.0062322 0.000696921 -0.000747989 -0.00139573 0.00242208 0.000326672 -0.000994816 -0.00378229 0.00952303 0.0119239 -0.0109679
internal_weight=121.771 13.4013 12.0618 5.94819 3.86422 108.37 11.5759 8.55086 4.42406 96.7941 80.6337 16.1605 12.9307 77.4925 3.02505 6.11362 4.1268 3.14116
internal_count=750 108 101 36 21 642 67 47 24 575 492 83 67 468 20 65 23 24
is_linear=0
shrinkage=0.01


Tree=298
num_leaves=17
num_cat=0
split_feature=25 55 45 34 61 61 67 48 69 57 27 11 38 56 1 38
split_gain=1.90119 3.95479 3.57975 3.05364 3.23835 2.41338 1.94945 2.96625 2.40302 4.63946 4.00172 2.13976 2.00444 1.5071 1.50414 0.663293
threshold=47714.000000000007 -0.18110813945531842 -0.16200628131628034 1.2167142033576968 1017.882781982422 1133.9482421875002 4.6730723381042489 -0.72914156317710865 17.324300765991214 1.7129619121551516 2945024.0000000005 75.81000137329103 1.2186548113822939 -0.19100361317396161 197338.00000000003 1.2186548113822939
decision_type=2 2 2 2 2 2 2 2 2 2 2 2 2 2 2 2
left_child=5 14 13 4 -4 6 8 11 10 -10 -1 -8 -9 -3 -2 -16
right_child=1 2 3 -5 -6 -7 7 12 9 -11 -12 -13 -14 -15 15 -17
leaf_value=0.0022497879264840414 0.0016778330535687611 0.0018887655422973218 0.0036531521137702278 0.014215194029350309 -0.011522532565693657 0.010636820206038575 0.0037664329017921406 0.010391463893739836 -0.0084292759258229825 5.9175722760035437e-05 -0.0087276865410715592 -0.010943730037343414 -0.00050088377072042014 -0.010849450887896189 -0.011290899849130995 -0.0040747090347446595
leaf_weight=44.303317211568356 1.320395171642305 1.1470915824174879 8.2569625638425297 2.1732763200998315 1.6817059591412533 2.4421149790287009 2.065667793154716 6.3660457767546159 8.5676783695816976 24.998532623052597 3.562305659055709 1.7990048527717588 2.0668943487107754 3.1200528293848082 5.4520515948534012 2.3193987980484962
leaf_count=243 9 7 46 9 13 12 15 53 66 118 19 10 16 38 58 18
internal_value=0.000149865 -0.00226919 0.000610272 0.00344123 0.000984682 0.000800947 0.000534005 0.00424551 -1.4216e-05 -0.00207769 0.00141192 -0.00282239 0.00760319 -0.00719082 -0.00756657 -0.0092659
internal_weight=121.642 25.4709 16.3791 12.1119 9.93867 96.1716 93.7294 12.2976 81.4318 33.5662 47.8656 3.86467 8.43294 4.26714 9.09185 7.77145
internal_count=750 198 113 68 59 552 540 94 446 184 262 25 69 45 85 76
is_linear=0
shrinkage=0.01


Tree=299
num_leaves=15
num_cat=0
split_feature=25 55 45 34 68 61 31 26 61 46 37 1 14 50
split_gain=1.86795 3.90072 3.52135 2.99641 3.22642 2.35988 1.93699 2.20838 5.01013 2.69727 1.65007 1.49097 1.11362 0.694988
threshold=47714.000000000007 -0.18110813945531842 -0.16200628131628034 1.2167142033576968 66.666675567626967 1133.9482421875002 -7.9429955482482901 0.0018064273754134776 227.49987792968753 -0.96636253595352162 -1.860654294490814 197338.00000000003 0.12499999627470972 -0.00074193577165715386
decision_type=2 2 2 2 2 2 2 2 2 2 2 2 2 2
left_child=5 11 10 4 -4 6 12 8 -8 -9 -3 -2 -1 -13
right_child=1 2 3 -5 -6 -7 7 9 -10 -11 -12 13 -14 -15
leaf_value=-0.012927514900297943 0.0016599300964032632 0.0024792924626997567 0.0062679657755177866 0.014087666087879461 -0.005139798677145215 0.010510975259792846 0.0055870668775170008 -0.010118121315618827 -0.0013108301838513465 -3.4265342767153905e-05 -0.010988777598097079 -0.0037226987920954643 0 -0.011219173411895657
leaf_weight=1.6394037231802934 1.3212855532765404 1.1311101540923116 5.4116433002054638 2.1710315346717843 4.5220267623662949 2.4466173723340026 23.279588751494884 2.8297763243317595 18.880223020911217 45.774141937494278 3.1098311431705996 2.1767826676368713 1.2225338108837602 5.5439504459500313
leaf_count=11 9 8 26 9 33 12 177 15 128 198 37 16 11 60
internal_value=0.000148554 -0.00225366 0.000605272 0.0034088 0.000974231 0.000793763 0.000529153 0.000794539 0.0024743 -0.000641934 -0.00716088 -0.00753248 -0.00753793 -0.00923514
internal_weight=121.46 25.3877 16.3456 12.1047 9.93367 96.0723 93.6257 90.7637 42.1598 48.6039 4.24094 9.04202 2.86194 7.72073
internal_count=750 198 113 68 59 552 540 518 305 213 45 85 22 76
is_linear=0
shrinkage=0.01


end of trees

feature_importances:
atr=206
RSI=200
Bid_Qty=184
z_delta_qty=179
ret_kurt_10=170
macro_score=161
z_ls=160
z_ask_qty=157
ret_kurt_20=157
z_btc_4=154
Long/Short_Ratio_(Account)=152
Buy_Qty=145
z_btc_20=140
Sell_Qty=137
z_bid_qty=136
cvd_accel=132
z_cvd_4=130
liq_short_5_mean=120
log_ret_1=104
pull_ema50=103
Delta_USD=97
z_bid_trades=89
atr_ratio=89
liq_long_5=87
atr_ratio_lag1=87
cvd_delta=86
Bid_USD=84
Agg._Liq_Long=80
price_atr=76
btc_cvd_mom=75
vol_regime=73
z_cvd_10=71
ema_8=64
total_qty=63
Ask_Trades=61
ret_skew_20=61
Candle_Delta=60
liq_long_5_mean=60
z_btc_10=59
Delta_Qty=56
Bid_Trades=55
z_cvd_20=54
z_oi=53
ret_lag1=52
liq_short_5=50
z_ask_trades=48
Ask_Qty=46
pull_ema8=45
log_ret_5=44
Candle=42
ema_21=42
stoch_k=42
Agg._Liq_Short=41
ema_50=40
Whale_Ind=39
Price_Low=37
CVD=35
ema_fast=35
pull_ema21=34
Net_Longs=31
rsi=31
btc_CVD=31
Net_Shorts=29
ret_skew_10=24
Agg._OI=23
Agg._Funding_Rate=23
log_ret_3=21
Ask_USD=17
ema_slow=12
Price_High=9
funding=9
macro=7
Mid_Price=2

parameters:
[boosting: gbdt]
[objective: binary]
[metric: binary_logloss]
[tree_learner: serial]
[device_type: cpu]
[data_sample_strategy: bagging]
[data: ]
[valid: ]
[num_iterations: 300]
[learning_rate: 0.01]
[num_leaves: 31]
[num_threads: 1]
[seed: 42]
[deterministic: 0]
[force_col_wise: 0]
[force_row_wise: 0]
[histogram_pool_size: -1]
[max_depth: 5]
[min_data_in_leaf: 10]
[min_sum_hessian_in_leaf: 0.001]
[bagging_fraction: 0.8]
[pos_bagging_fraction: 1]
[neg_bagging_fraction: 1]
[bagging_freq: 0]
[bagging_seed: 400]
[bagging_by_query: 0]
[feature_fraction: 0.8]
[feature_fraction_bynode: 1]
[feature_fraction_seed: 30056]
[extra_trees: 0]
[extra_seed: 12879]
[early_stopping_round: 0]
[early_stopping_min_delta: 0]
[first_metric_only: 0]
[max_delta_step: 0]
[lambda_l1: 0.1]
[lambda_l2: 0]
[linear_lambda: 0]
[min_gain_to_split: 0]
[drop_rate: 0.1]
[max_drop: 50]
[skip_drop: 0.5]
[xgboost_dart_mode: 0]
[uniform_drop: 0]
[drop_seed: 17869]
[top_rate: 0.2]
[other_rate: 0.1]
[min_data_per_group: 100]
[max_cat_threshold: 32]
[cat_l2: 10]
[cat_smooth: 10]
[max_cat_to_onehot: 4]
[top_k: 20]
[monotone_constraints: ]
[monotone_constraints_method: basic]
[monotone_penalty: 0]
[feature_contri: ]
[forcedsplits_filename: ]
[refit_decay_rate: 0.9]
[cegb_tradeoff: 1]
[cegb_penalty_split: 0]
[cegb_penalty_feature_lazy: ]
[cegb_penalty_feature_coupled: ]
[path_smooth: 0]
[interaction_constraints: ]
[verbosity: -1]
[saved_feature_importance_type: 0]
[use_quantized_grad: 0]
[num_grad_quant_bins: 4]
[quant_train_renew_leaf: 0]
[stochastic_rounding: 1]
[linear_tree: 0]
[max_bin: 63]
[max_bin_by_feature: ]
[min_data_in_bin: 3]
[bin_construct_sample_cnt: 200000]
[data_random_seed: 175]
[is_enable_sparse: 1]
[enable_bundle: 1]
[use_missing: 1]
[zero_as_missing: 0]
[feature_pre_filter: 1]
[pre_partition: 0]
[two_round: 0]
[header: 0]
[label_column: ]
[weight_column: ]
[group_column: ]
[ignore_column: ]
[categorical_feature: ]
[forcedbins_filename: ]
[precise_float_parser: 0]
[parser_config_file: ]
[objective_seed: 16083]
[num_class: 1]
[is_unbalance: 0]
[scale_pos_weight: 1.19941]
[sigmoid: 1]
[boost_from_average: 1]
[reg_sqrt: 0]
[alpha: 0.9]
[fair_c: 1]
[poisson_max_delta_step: 0.7]
[tweedie_variance_power: 1.5]
[lambdarank_truncation_level: 30]
[lambdarank_norm: 1]
[label_gain: ]
[lambdarank_position_bias_regularization: 0]
[eval_at: ]
[multi_error_top_k: 1]
[auc_mu_weights: ]
[num_machines: 1]
[local_listen_port: 12400]
[time_out: 120]
[machine_list_filename: ]
[machines: ]
[gpu_platform_id: -1]
[gpu_device_id: -1]
[gpu_use_dp: 0]
[num_gpu: 1]

end of parameters

pandas_categorical:[]
