tree
version=v4
num_class=1
num_tree_per_iteration=1
label_index=0
max_feature_idx=72
objective=binary sigmoid:1
feature_names=Candle Buy_Qty Sell_Qty Candle_Delta Agg._Liq_Long Agg._Liq_Short CVD Long/Short_Ratio_(Account) Whale_Ind Agg._OI Agg._Funding_Rate RSI Net_Shorts Net_Longs Price_Low Price_High Mid_Price Bid_Qty Ask_Qty Bid_USD Ask_USD Delta_Qty Delta_USD Bid_Trades Ask_Trades total_qty atr cvd_delta btc_cvd_mom ema_fast ema_slow macro_score macro z_cvd_4 z_btc_4 z_cvd_10 z_btc_10 z_cvd_20 z_btc_20 vol_regime z_oi z_ls funding liq_long_5 liq_short_5 z_bid_qty z_ask_qty z_delta_qty z_bid_trades z_ask_trades log_ret_1 log_ret_3 log_ret_5 ret_skew_10 ret_kurt_10 ret_skew_20 ret_kurt_20 atr_ratio cvd_accel atr_ratio_lag1 ret_lag1 price_atr ema_8 ema_21 ema_50 pull_ema8 pull_ema21 pull_ema50 rsi stoch_k liq_long_5_mean liq_short_5_mean btc_CVD
feature_infos=[14146:196275] [2438:3696780] [3234:5230811] [-1534031:692660] none none [-551765056:-53598020] [0:6.9360170364379883] [0:1.8848830461502075] [0:12588202] [-0.013102260418236256:0.03359299898147583] [0:88.13037109375] [0:624577.625] [0:606856.5] [5.875:144.57499694824219] [5.9250001907348633:144.625] [5.9000000953674316:144.60000610351562] [0:329323] [0:353144] [0:3565925.5] [0:2946290.75] [-298911:158775] [-2788277.25:1413111.75] [0:8905] [0:8617] [0:566903] [0.013428552076220512:4.7127141952514648] [-2910432:1101632] [-17453.75:13421.3125] [6.1629748344421387:132.8623046875] [6.3370895385742188:118.99814605712891] [-30.331813812255859:23.589927673339844] [-1:1] [-1.5:1.5] [-1.4999533891677856:1.4999188184738159] [-2.8149795532226562:2.8075368404388428] [-2.8370709419250488:2.8382284641265869] [-4.1885027885437012:3.9496560096740723] [-4.1386752128601074:4.1315202713012695] [-2.7545058727264404:8.8108539581298828] [-9.7620954513549805:7.0650215148925781] [-6.8701767921447754:6.6513876914978027] [-0.013102260418236256:0.03359299898147583] none none [-2.2032470703125:2.840043306350708] [-2.0193498134613037:2.8233885765075684] [-2.8283126354217529:2.839855432510376] [-2.5230519771575928:2.8225078582763672] [-2.5433752536773682:2.8342690467834473] [-0.24283997714519501:0.0790882408618927] [-0.38550093770027161:0.13908593356609344] [-0.38365590572357178:0.15934236347675323] [-3.0742590427398682:3.1601660251617432] [-2.3022220134735107:9.9903450012207031] [-4.207366943359375:4.1069154739379883] [-1.7539817094802856:18.334457397460938] [0.42859393358230591:3] [-763520:616064] [0.41344603896141052:3] [-0.19352471828460693:0.1086646243929863] [10.924676895141602:919.8311767578125] [5.9170293807983398:140.53250122070312] [6.0105628967285156:138.63336181640625] [5.9920787811279297:136.44683837890625] [-4.9358410835266113:4.8784584999084473] [-7.4363627433776855:7.6647467613220215] [-8.9153947830200195:9.5733718872070312] [0:100] [0:100] none none [-2645745.5:-741350.125]
tree_sizes=2792 2772 2854 3170 2974 2665 3291 3190 2758 3380 3298 2457 2757 3067 3187 3301 3387 2763 3188 3288 3065 2969 2762 3385 3184 3375 3099 3101 3097 2764 3188 3284 2967 2562 3180 2675 3309 2665 3098 2666 3405 2682 2769 2455 3309 2447 2566 3096 2547 2456 2991 2779 2571 3007 2774 3121 2765 2679 3436 2884 3009 2581 2477 2776 2993 3437 2687 3221 2992 3118 2481 2780 3317 2680 3095 2572 3097 2670 2898 3317 3214 3449 2578 3009 3224 3351 2580 2567 3016 2368 2482 3225 3440 2482 2588 3187 3323 3320 2580 2476 3007 2567 3008 3122 2923 3100 2375 2680 3134 2904 3233 3455 2482 3208 2572 3146 2498 3001 2918 3121 3469 2373 2479 3289 3131 3124 3234 3128 2916 3248 2823 3314 2378 3237 3434 1735 3352 2902 2923 3355 2468 3232 1734 2898 3230 3204 1624 3132 2597 3451 3353 2273 1627 3107 2917 3017 2179 1631 3019 3026 1945 3360 3348 1632 2706 2175 1629 2473 3010 2295 3252 3347 2800 2276 1733 3335 1627 3106 2255 1742 2700 3336 1268 3045 1528 2283 1261 2167 2941 3482 1743 3105 1624 2301 3227 2686 2900 1749 2364 1269 3039 1625 3208 2904 1286 1632 3019 3032 3338 1263 1750 2490 2793 1295 3464 1635 2701 2274 3160 3237 1639 2666 2895 3158 1383 1746 3138 2058 1625 3339 3242 3028 2387 3120 1271 1531 2488 1861 2937 2878 1738 2701 2603 3026 2891 2069 3354 1304 2482 1852 2065 1525 2618 3136 3147 3259 2176 1969 1535 3368 2912 1655 1316 2491 3109 2282 3268 1648 1983 2473 2707 1961 1293 2811 2178 2491 3020 3389 1754 3138 3031 2381 3234 2160 1299 2704 3031 2618 3042 1532 2599 2392 3023 2308 3234 1533 2181 3150 2793 1963

Tree=0
num_leaves=26
num_cat=0
split_feature=57 9 34 65 20 17 58 40 1 67 9 37 39 47 29 27 45 52 21 58 50 20 14 21 24
split_gain=79.4286 50.3754 53.917 49.3127 49.3609 59.8837 48.9349 43.3341 42.9947 41.6334 39.324 38.8249 38.6224 33.6943 65.7567 41.9748 39.8685 30.3194 28.794 21.3684 41.6532 31.8625 16.1535 14.0276 11.8145
threshold=1.6880221366882326 8482377.0000000019 1.2901682853698733 1.989093065261841 578779.56250000012 73039.000000000015 -10507.999999999998 -2.1408281326293941 98047.000000000015 4.2025671005249032 3396285.0000000005 -1.8887325525283811 1.2342023849487307 -0.18059580028057096 9.2675018310546893 -148831.99999999997 1.4972599744796755 0.013105211779475214 556.50000000000011 -91655.999999999985 -0.010301450267434118 295535.64062500006 19.800000190734867 -3638.4999999999995 1255.5000000000002
decision_type=2 2 2 2 2 2 2 2 2 2 2 2 2 2 2 2 2 2 2 2 2 2 2 2 2
left_child=1 3 8 4 5 -1 -6 19 11 17 -11 -3 -10 14 24 -16 18 -5 -15 -2 -21 -22 -18 -4 -9
right_child=7 2 23 9 6 -7 -8 13 12 10 -12 -13 -14 16 15 -17 22 -19 -20 20 21 -23 -24 -25 -26
leaf_value=-1.5332280989490223 -1.5024976451291707 -1.5543650009048262 -1.5222306171775966 -1.5219015420357356 -1.5371870218373613 -1.5666835783016757 -1.5249009731885417 -1.4996573465413685 -1.530715850750094 -1.5483969020618629 -1.5259362350805128 -1.5204661902852061 -1.5534918600727394 -1.525413335802402 -1.5248870471453502 -1.5458260709203275 -1.5066833565796633 -1.5630446437570442 -1.5393321467427172 -1.5663370410046857 -1.5130160725741399 -1.5363706447246559 -1.5283225979853701 -1.5014713954043448 -1.5231717464668231
leaf_weight=1827.7978485524654 8.0737074613571149 3.7052929103374472 5.2798771560192099 2.083153933286666 43.024988919496536 5.3274318873882285 137.58326905965805 4.9152921140193921 26.158971220254898 15.320494472980501 16.165908634662628 46.904647946357727 10.539940148591993 76.480942785739899 13.50681611895561 33.693727523088455 14.140876740217211 12.632340937852858 18.872555881738663 1.8718003928661335 26.351831048727036 7.7276161313056937 4.8862310945987693 10.118553519248961 4.310292512178421
leaf_count=7844 15 22 18 7 198 37 500 8 107 84 60 154 62 281 49 178 31 84 90 13 71 35 19 18 15
internal_value=-1.53215 -1.53272 -1.52586 -1.53307 -1.53283 -1.53333 -1.52782 -1.52633 -1.52893 -1.54333 -1.53683 -1.52293 -1.53723 -1.52863 -1.53501 -1.53981 -1.52549 -1.55715 -1.52816 -1.51743 -1.52081 -1.51828 -1.51219 -1.50852 -1.51054
internal_weight=2377.47 2162.64 102.707 2059.94 2013.73 1833.13 180.608 214.832 87.3089 46.2019 31.4864 50.6099 36.6989 170.807 56.4261 47.2005 114.381 14.7155 95.3535 44.025 35.9512 34.0794 19.0271 15.3984 9.22558
internal_count=10000 9195 381 8814 8579 7881 698 805 345 235 144 176 169 671 250 227 421 91 371 134 119 106 50 36 23
is_linear=0
shrinkage=1


Tree=1
num_leaves=25
num_cat=0
split_feature=57 61 65 51 61 69 56 0 22 2 50 45 40 49 50 28 3 47 29 45 34 58 50 20
split_gain=74.2067 45.31 58.4968 51.4227 70.4428 64.5072 63.0786 49.0757 48.7512 47.1486 45.3443 40.0463 39.9657 39.7026 37.5983 62.3169 46.6094 36.305 60.4201 31.6889 28.8426 19.2803 39.3169 29.2908
threshold=1.6880221366882326 117.21471023559572 1.4724457263946535 0.0018636494060046973 130.05535888671878 94.65845108032228 9.1635432243347186 122804.00000000001 26250.549804687504 25283.000000000004 0.01043217768892646 1.9360114336013796 -2.1408281326293941 -1.1815841197967527 0.0032222156878560786 2154.6875000000005 -22797.999999999996 -0.18059580028057096 9.2675018310546893 1.4972599744796755 -0.17678809911012647 -91655.999999999985 -0.010301450267434118 295535.64062500006
decision_type=2 2 2 2 2 2 2 2 2 2 2 2 2 2 2 2 2 2 2 2 2 2 2 2
left_child=1 2 14 4 20 6 -5 8 -4 -7 -9 -6 21 -14 15 -1 -16 18 -15 -19 -3 -2 -23 -24
right_child=12 3 7 5 11 9 -8 10 -10 -11 -12 -13 13 17 16 -17 -18 19 -20 -21 -22 22 23 -25
leaf_value=0.023014402899302535 0.050018719860240791 0.0054231667772405168 -0.012044230982828835 0.024336048752273309 0.020333027018676519 -0.0068797292379170925 -0.011938524392447331 0.00072590618513288256 0.014400383882909585 0.017122472504464522 0.044144485848943454 0.0093542931521924891 -0.011806348681891341 0.042547802367848941 -0.01181073471787642 -0.011963863405108513 0.028196142780900574 0.026886204134082794 0.014816662300030486 0.040999465665880787 0.017597625548391112 -0.011549787546114507 0.040221814273170765 0.017987460326824196
leaf_weight=465.65279617905617 8.3498834371566755 51.100609719753265 10.31225708127022 520.11098995804787 734.24433755874634 9.1583210229873639 4.8012014627456656 3.5995630472898466 21.36074660718441 72.71830578148365 7.548569455742836 35.160289466381073 2.7803664654493323 9.4918472468852979 2.9159755557775489 5.1119295805692664 218.16159231960773 94.518535614013672 47.370610252022743 19.556253328919411 31.784587994217873 1.8577049076557148 27.071120649576187 7.8203237056732169
leaf_count=1897 15 279 71 2063 3144 59 33 21 102 330 18 181 19 23 20 35 799 354 225 50 143 13 71 35
internal_value=0.0220597 0.0215038 0.0235382 0.0204787 0.0188877 0.0227118 0.0240024 0.0121492 0.00575884 0.0144255 0.030215 0.0198326 0.0276289 0.0254318 0.0242417 0.0226325 0.0276639 0.0260433 0.0194633 0.0293145 0.0101039 0.0360698 0.0328732 0.035267
internal_weight=2412.56 2193.74 734.663 1459.08 852.29 606.789 524.912 42.8211 31.673 81.8766 11.1481 769.405 218.817 173.718 691.842 470.765 221.078 170.937 56.8625 114.075 82.8852 45.099 36.7491 34.8914
internal_count=10000 9195 2963 6232 3747 2485 2096 212 173 389 39 3325 805 671 2751 1932 819 652 248 404 422 134 119 106
is_linear=0
shrinkage=0.01


Tree=2
num_leaves=26
num_cat=0
split_feature=59 9 61 65 34 59 61 54 47 57 20 64 60 63 14 17 49 38 60 33 10 40 54 18 38
split_gain=75.0363 47.4284 63.1614 68.9418 50.8248 58.8701 52.15 43.0186 59.8596 40.0899 39.7878 39.1819 37.5125 43.2455 53.9318 37.6959 52.4806 35.7228 35.563 22.7666 20.6288 29.2892 14.424 11.0418 6.09145
threshold=1.5933268070220949 8482377.0000000019 117.21471023559572 1.4724457263946535 1.2901682853698733 0.74770158529281627 124.99787521362306 -0.90696880221366871 1.6767125725746157 1.6252958774566653 129578.56640625001 9.2631258964538592 -0.001971756923012435 14.297386169433596 17.250000000000004 32592.500000000004 -0.3259670734405517 -0.71032717823982228 0.012754473369568588 -0.95408442616462696 -0.00011271499897702596 3.1411072015762334 0.8543890416622163 61100.000000000007 1.6087689995765688
decision_type=2 2 2 2 2 2 2 2 2 2 2 2 2 2 2 2 2 2 2 2 2 2 2 2 2
left_child=1 2 3 9 5 -3 -7 8 -4 -1 -5 19 13 17 -15 16 -14 -13 -9 -2 23 -22 -17 -21 -6
right_child=11 4 7 10 24 6 -8 18 -10 -11 -12 12 15 14 -16 22 -18 -19 -20 20 21 -23 -24 -25 -26
leaf_value=0.023413245737538557 0.013439538977453949 -0.01198321926659271 0.023186629539628158 0.001899755202140041 0.036315783899084332 0.0055501648232713493 0.02939645764134299 0.018447534772690902 -0.0056020822458988451 0.039277611666614531 0.021186887244571306 -0.012066104864850062 0.031005206499805166 0.038117519666307886 0.017553232716769274 0.04487974956395388 0.017837078887118298 0.017744221437064042 -0.011926913508550224 0.0506344085869289 0.009162398073522109 0.049976571982406383 0.028842907226153229 0.032939599312659981 0.049683043074223977
leaf_weight=651.09116192162037 3.649169564247134 4.1663175523281089 315.63988162577152 23.504358515143394 6.80022870004177 10.614683300256727 72.781559944152832 1040.9395882338285 7.3347248733043662 16.527386009693146 19.822691380977631 6.964888438582423 77.713615462183952 17.847077608108521 46.0647794008255 16.557010382413868 50.375577822327614 9.4434464871883375 3.8289055675268164 14.284221753478059 4.380863249301906 3.024876207113266 9.1981412172317487 5.2143439650535575 9.1540449261665326
leaf_count=2560 17 28 1251 135 19 57 251 4519 46 44 82 47 256 49 201 36 220 41 26 24 22 5 32 16 16
internal_value=0.0215307 0.0209187 0.0205878 0.0230129 0.0275536 0.0245368 0.0263733 0.0193265 0.0225297 0.0238075 0.010747 0.0265726 0.0251697 0.0195891 0.0233114 0.0280768 0.0258342 0.00502961 0.0183353 0.0372916 0.0404896 0.025968 0.0391912 0.0459537 0.0440482
internal_weight=2446.92 2182.21 2078.69 710.946 103.517 87.5626 83.3962 1367.74 322.975 667.619 43.327 264.718 234.165 80.3202 63.9119 153.844 128.089 16.4083 1044.77 30.5535 26.9043 7.40574 25.7552 19.4986 15.9543
internal_count=10000 9034 8663 2821 371 336 308 5842 1297 2604 217 966 882 338 250 544 476 88 4545 84 67 27 68 40 35
is_linear=0
shrinkage=0.01


Tree=3
num_leaves=29
num_cat=0
split_feature=59 9 34 59 65 1 1 27 67 60 60 69 46 56 9 65 65 18 38 36 47 9 46 50 38 21 38 19
split_gain=70.4147 44.481 46.8872 56.3028 46.5027 42.0355 41.3775 42.6589 38.3344 36.4868 44.2983 48.9507 40.4725 36.0497 33.8613 32.5497 43.5364 45.4171 38.0841 29.8073 25.1756 39.6389 20.6918 11.1726 7.94214 7.67926 8.03979 2.06808
threshold=1.5933268070220949 8482377.0000000019 1.2901682853698733 0.74770158529281627 1.989093065261841 98047.000000000015 204515.00000000003 50888.000000000007 4.2025671005249032 -0.001971756923012435 -0.0061112735420465461 25.438707351684574 -0.6135093867778777 -0.67287567257881153 3396285.0000000005 -1.2239250540733335 -0.73798418045043934 124.50000000000001 0.82196417450904857 2.0647547245025639 0.066726740449666991 3058715.0000000005 -1.0668933391571043 0.0035046250559389596 -1.8229711651802061 -867.99999999999989 2.0194348096847539 14220.060058593752
decision_type=2 2 2 2 2 2 2 2 2 2 2 2 2 2 2 2 2 2 2 2 2 2 2 2 2 2 2 2
left_child=1 4 3 -3 6 -5 7 -1 19 10 20 23 -13 -8 -10 24 17 -17 -18 -6 21 -2 -22 -12 27 26 -4 -11
right_child=9 2 25 5 8 -7 13 -9 14 15 11 12 -14 -15 -16 16 18 -19 -20 -21 22 -23 -24 -25 -26 -27 -28 -29
leaf_value=0.01938762325048974 -4.1071742857711454e-05 -0.011954895350086175 0.024057983053605226 0.031826810527532431 -0.012062547508611384 0.017522577116319108 0.010871794786602114 0.024214510816360973 0.0055287083706867845 0.052812903573782322 -0.012110387458791946 -0.0039374211381810256 0.025933194695259811 0.026607031981247642 0.025421363587519074 0.044194507467544407 0.032412082252400852 0.0026067650826185934 0.021324084461153147 0.018419384348902192 -0.011272342350800548 0.02742847796394186 0.033270770409709355 0.016571105152435747 0.030967866012769116 0.049385667476055113 0.044989026825118475 0.042448114229234078
leaf_weight=1678.7171337008476 7.8429918736219433 4.134585812687873 3.8741641789674786 48.260568991303444 10.506256923079489 36.539560809731483 16.334008187055588 207.66586251556873 15.973553061485289 4.3452297449111956 8.0576063245534879 5.812695816159251 19.791669711470604 153.43846826255322 18.815937742590904 3.3340818136930457 97.391558349132538 12.659277662634848 46.44087889790535 4.6059388965368262 1.04355327785015 15.474830284714697 32.181064754724503 1.6079382002353657 5.4452056884765616 8.4135259985923749 4.1104903519153595 7.7590082585811615
leaf_count=7001 45 28 14 150 72 158 79 786 86 6 54 35 71 550 69 7 298 69 183 20 7 54 96 7 17 13 8 17
internal_value=0.0210247 0.0204347 0.0268051 0.0239144 0.0201157 0.025675 0.0203477 0.0199195 0.0105356 0.0258678 0.0207106 0.0118639 0.0191129 0.025099 0.0163164 0.0285315 0.027094 0.0113389 0.0288389 -0.002706 0.0262114 0.0181462 0.0318416 -0.00723554 0.0415663 0.0424217 0.0349585 0.0462515
internal_weight=2480.58 2211.39 105.333 88.9347 2106.06 84.8001 2056.16 1886.38 49.9017 269.188 91.8124 35.2699 25.6044 169.772 34.7895 177.375 159.826 15.9934 143.832 15.1122 56.5424 23.3178 33.2246 9.66554 17.5494 16.3982 7.98465 12.1042
internal_count=10000 9034 371 336 8663 308 8416 7787 247 966 369 167 106 629 155 597 557 76 481 92 202 99 103 61 40 35 22 23
is_linear=0
shrinkage=0.01


Tree=4
num_leaves=27
num_cat=0
split_feature=59 9 61 65 34 59 61 67 26 69 55 64 60 61 24 65 65 22 33 10 40 33 18 28 22 1
split_gain=66.1979 41.8147 58.3652 63.4177 43.4181 53.9065 47.6682 38.1027 71.9741 38.0354 37.5613 35.7504 32.7946 40.5155 55.8851 30.4181 45.7564 29.9343 20.6805 18.3031 26.2346 17.4069 9.63717 6.80126 4.99461 1.18539
threshold=1.5933268070220949 8482377.0000000019 117.21471023559572 1.4724457263946535 1.2901682853698733 0.74770158529281627 124.99787521362306 -1.5516372919082639 0.13028580695390704 94.65845108032228 -0.028949843719601628 9.2631258964538592 -0.001971756923012435 50.793727874755866 439.50000000000006 -1.2239250540733335 -0.73798418045043934 10647.439941406252 -0.95408442616462696 -0.00011271499897702596 3.1411072015762334 -0.9189869463443755 61100.000000000007 -527.09374999999989 96220.914062500015 83558.500000000015
decision_type=2 2 2 2 2 2 2 2 2 2 2 2 2 2 2 2 2 2 2 2 2 2 2 2 2 2
left_child=1 2 3 17 5 -3 -7 8 -4 -9 -5 18 13 21 -15 23 -17 -1 -2 22 -21 -13 -20 -14 25 -6
right_child=11 4 7 10 24 6 -8 9 -10 -11 -12 12 15 14 -16 16 -18 -19 19 20 -22 -23 -24 -25 -26 -27
leaf_value=0.02506844755099473 0.012738741996833782 -0.011926927210358073 0.019014037379740219 -0.012059471175555423 0.050040382961508784 0.0052267836352035005 0.027827236456154061 0.020198138442873954 0.010580472879573756 0.012981231230728514 0.014102990642642111 0.019134573287633714 0.04501931407197169 0.0043438647149071918 0.023336256746232877 0.0078136070354960611 0.026910824975362516 0.020832992453886697 0.047469153858771033 0.0087455257632443693 0.046688240850480102 0.038918096634793203 0.031211338673695278 0.031102911653291244 0.032177872432585429 0.041342892519151173
leaf_weight=303.92139093577862 3.7384697198867824 4.1029966771602622 287.28611698746681 6.3812411427497855 4.5268223285675067 10.778559044003485 75.392272904515266 877.02267269790173 157.29810896515846 80.556545436382294 37.700730130076408 7.4867026209831264 9.8709995895624179 28.396094143390656 34.495025008916855 14.066765040159224 128.97856564819813 382.71361210942268 14.99474725127221 4.4550798833370164 3.1828307062387466 11.981464087963102 5.4048596620559684 6.5021671652793875 5.2846557497978202 7.0153274089097977
leaf_count=1097 17 28 1185 43 6 57 251 3529 755 373 174 30 18 150 129 70 437 1507 24 22 5 29 16 19 15 14
internal_value=0.0205401 0.0199708 0.0196628 0.0219615 0.0260966 0.0233219 0.0250119 0.0184641 0.0160324 0.0195921 0.0102931 0.025198 0.0238746 0.0187093 0.0147769 0.0265368 0.0250398 0.0227092 0.0352363 0.0382004 0.0246877 0.0313615 0.0432107 0.0395539 0.0409232 0.0448407
internal_weight=2513.53 2239.98 2132.88 730.717 107.101 90.2738 86.1708 1402.16 444.584 957.579 44.082 273.554 241.778 82.3593 62.8911 159.418 143.045 686.635 31.776 28.0375 7.63791 19.4682 20.3996 16.3732 16.8268 11.5421
internal_count=10000 9034 8663 2821 371 336 308 5842 1940 3902 217 966 882 338 279 544 507 2604 84 67 27 59 40 37 35 20
is_linear=0
shrinkage=0.01


Tree=5
num_leaves=24
num_cat=0
split_feature=39 51 69 55 61 17 22 8 9 60 53 32 48 45 61 40 27 60 58 36 45 34 47
split_gain=60.4484 41.5627 64.104 61.3608 56.2067 64.838 49.6194 46.2827 45.0417 40.5005 42.494 40.4608 39.0825 41.347 38.928 37.5808 41.2708 37.5048 37.3069 33.6348 18.971 31.3291 21.0655
threshold=2.4510273933410649 0.0018636494060046973 94.65845108032228 2.0333116054534917 106.72344207763673 14313.500000000002 96220.914062500015 1.598428010940552 7075888.0000000009 0.0052916817367076882 0.031883878633379943 1.0000000180025095e-35 -0.7220546007156371 2.5106227397918706 135.39043426513675 -2.2997447252273555 -119927.99999999999 1.0000000180025095e-35 75408.000000000015 0.17129971832036975 -0.57675740122795094 -1.4154973626136778 -0.64344450831413258
decision_type=2 2 2 2 2 2 2 2 2 2 2 2 2 2 2 2 2 2 2 2 2 2 2
left_child=1 4 3 8 5 11 -5 14 -3 17 -11 -1 20 15 -6 18 -17 -4 -14 -7 21 -2 -23
right_child=12 2 9 6 7 19 -8 -9 -10 10 -12 -13 13 -15 -16 16 -18 -19 -20 -21 -22 22 -24
leaf_value=0.016322348085864486 -0.011807114748922782 0.02149568875341255 0.01785194304282138 -0.012174383766025001 0.013227853937240802 0.03604720252401343 0.027721719945795066 -0.01213816932945037 0.028223823962946294 0.0042664250042625702 0.030197630296289264 0.023756296755791904 0.034227385265719099 0.042660826601743786 0.018272474471153571 0.027263885850573752 0.016502361144452769 0.0049776551234547743 0.00025939637585362129 0.0075226133208012051 0.044688569125810144 0.011230456889957543 0.031107954148209004
leaf_weight=145.180190294981 1.8475520014762867 686.64394295215607 42.324674800038338 9.2212602943181974 194.40975262224674 40.058661162853241 4.7058639675378791 5.3556258380413047 117.72307093441486 8.5168564915657026 25.589769259095192 150.69006751477718 31.427711546421051 9.4344615638256055 748.44723539054394 48.901454493403435 136.03374999761581 49.235605180263519 3.6703449189662924 4.7107415795326224 8.2669943720102292 5.9656454920768729 67.436844155192375
leaf_count=610 12 2619 176 61 875 105 16 35 381 45 82 545 84 19 3065 160 568 256 20 23 15 27 201
internal_value=0.0200757 0.0194965 0.0210977 0.0221212 0.0183229 0.0218177 0.00123439 0.0170664 0.0224816 0.014425 0.0237516 0.0201119 0.0242047 0.0220565 0.0172334 0.0211684 0.0193534 0.0109398 0.0307037 0.0330681 0.030095 0.0284785 0.0295061
internal_weight=2545.8 2232.81 943.961 818.294 1288.85 340.64 13.9271 948.213 804.367 125.667 34.1066 295.87 312.985 229.468 942.857 220.033 184.935 91.5603 35.0981 44.7694 83.517 75.25 73.4025
internal_count=10000 8894 3636 3077 5258 1283 77 3975 3000 559 127 1155 1106 851 3940 832 728 432 104 128 255 240 228
is_linear=0
shrinkage=0.01


Tree=6
num_leaves=30
num_cat=0
split_feature=59 61 65 51 61 69 56 2 0 22 45 50 64 58 69 27 39 34 72 19 59 60 39 53 58 72 69 64 55
split_gain=59.5693 37.7467 48.1604 43.4343 74.5956 53.267 57.7247 43.1496 40.4143 50.0294 36.3612 34.1856 32.502 31.5006 34.5941 37.7777 33.6968 32.5333 31.2519 30.0237 33.1312 29.1095 26.4658 20.5327 17.9799 39.577 16.1946 15.3015 6.87188
threshold=1.5933268070220949 117.21471023559572 1.4724457263946535 0.0018636494060046973 130.05535888671878 94.65845108032228 9.1635432243347186 25283.000000000004 122804.00000000001 26250.549804687504 2.1296991109848027 0.01043217768892646 9.2631258964538592 1.0000000180025095e-35 18.144720077514652 -148831.99999999997 2.6265919208526616 0.13454280793666842 -807835.62499999988 255210.64843750003 0.74770158529281627 -0.0023493925109505649 1.5386719703674319 0.80801433324813854 -41099.999999999993 -2525215.7499999995 81.516559600830092 8.9091358184814471 0.10145787522196771
decision_type=2 2 2 2 2 2 2 2 2 2 2 2 2 2 2 2 2 2 2 2 2 2 2 2 2 2 2 2 2
left_child=1 2 19 4 21 6 -5 -7 9 -4 -6 -10 24 16 15 -15 23 -18 -16 20 -1 -3 -21 -14 25 -2 28 -28 -26
right_child=12 3 8 5 10 7 -8 -9 11 -11 -12 -13 13 14 18 -17 17 -19 -20 22 -22 -23 -24 -25 26 -27 27 -29 -30
leaf_value=0.03168730888650529 -0.012042426238305291 0.014222665634416579 -0.012116965510609853 0.021639463165077734 0.01806339442201161 -0.0071912145573314584 -0.012053630200700419 0.015339036670108148 0.00065297505205162405 0.013711178089023673 0.0059432394862348201 0.037791180163526353 0.034663715863646416 0.020381382857210095 0.022326630055591094 -0.0072928684199271296 0.015924979374973523 0.029062255429371943 -0.012064718334959566 0.029456393137323702 0.020252200991828798 0.0022706454376506817 0.016338640872739667 0.01371656823199773 0.034440583615056378 0.043922925608957018 0.0040591365860068035 0.037509951334806335 0.046172660212875805
leaf_weight=26.815103784203529 2.5203711837530136 37.389908149838448 10.956773892045019 547.78982345759869 785.19297821819782 9.4930156618356687 5.0942375510931006 76.894331231713295 3.583767741918563 23.603401720523834 25.81503626704216 8.4603323489427549 46.177692472934723 10.069217443466188 97.971397697925568 9.6011271029710752 41.64041967689991 35.300884813070297 2.6772904247045508 76.818754434585571 592.70839650928974 45.308574140071869 19.719777509570122 5.3911371976137152 11.054910793900495 2.4940242022275916 2.8051369637250891 2.8142062127590179 11.264620840549467
leaf_count=78 16 165 74 2032 3169 59 34 331 20 106 130 20 119 38 351 59 169 106 17 234 2258 243 81 23 27 4 14 6 17
internal_value=0.0196298 0.019095 0.0209217 0.0181855 0.0167553 0.0201834 0.0213272 0.0128516 0.0110276 0.00549383 0.0176788 0.0268236 0.0239829 0.0227343 0.0190267 0.0068227 0.0261978 0.0219654 0.0214019 0.0215643 0.0207488 0.00768652 0.0267872 0.0324932 0.0333805 0.0155938 0.036537 0.0209895 0.0404065
internal_weight=2577.43 2295.64 762.666 1532.98 893.706 639.271 552.884 86.3873 46.6043 34.5602 811.008 12.0441 281.782 248.829 120.319 19.6703 128.51 76.9413 100.649 716.062 619.524 82.6985 96.5385 51.5688 32.9533 5.0144 27.9389 5.61934 22.3195
internal_count=10000 9034 2871 6163 3707 2456 2066 390 220 180 3299 40 966 882 465 97 417 275 368 2651 2336 408 315 142 84 20 64 20 44
is_linear=0
shrinkage=0.01


Tree=7
num_leaves=29
num_cat=0
split_feature=59 9 61 65 54 47 28 39 59 55 57 28 28 52 1 38 38 3 9 51 72 59 61 58 47 23 40 31
split_gain=56.3036 37.5298 50.903 56.2189 38.6319 54.3667 38.5201 40.9056 35.8178 35.5874 34.6904 30.5049 81.1839 51.8147 49.8207 36.8181 29.4227 35.5334 47.7899 29.0376 26.7839 22.0257 33.4834 20.7269 15.1768 15.1669 8.49163 8.22762
threshold=1.5933268070220949 8482377.0000000019 117.21471023559572 1.4724457263946535 -0.90696880221366871 1.6767125725746157 -648.62499999999989 -0.99398884177207936 1.193777918815613 -0.028949843719601628 1.6252958774566653 -77.187499999999986 -648.62499999999989 0.00073155816062353562 188534.50000000003 1.4360102415084841 0.82196417450904857 -11019.499999999998 3637912.5000000005 0.0043348753824830064 -2326191.6249999995 1.7193740010261538 144.3431091308594 75408.000000000015 -1.0524117350578306 20.500000000000004 1.9885518550872805 5.9219098091125497
decision_type=2 2 2 2 2 2 2 2 2 2 2 2 2 2 2 2 2 2 2 2 2 2 2 2 2 2 2 2
left_child=1 2 3 10 5 -4 26 27 -9 -5 -1 12 15 23 -15 20 21 25 -19 -6 -2 24 -23 -14 -13 -18 -3 -8
right_child=11 6 4 9 19 -7 7 8 -10 -11 -12 16 13 14 -16 -17 17 18 -20 -21 -22 22 -24 -25 -26 -27 -28 -29
leaf_value=0.020829277065074508 0.03782878690442814 -0.012128904266797779 0.020838479927208185 -0.012082919796279918 0.015342718058839277 -0.0060237705100205756 -0.012012528776099049 0.030709031589584206 0.017393863204746746 0.013266765547809483 0.035012893685326424 0.016648520181293775 -0.012328223581568898 0.024083261712089958 -0.012283585748351547 -0.012026370236519859 0.0070407011525321864 0.00013463887377579577 0.024930250437069545 0.018935245826004542 0.023408608311150294 0.027301292285313129 0.0026800500551208955 0.015776099593848 0.035680176558007586 0.034826002242574892 0.015487962015713721 0.015246145790218411
leaf_weight=696.64115305244923 16.876418083906174 3.3018839806318274 335.73427547514439 6.4198611974716178 787.86384701728821 7.6486690044403067 3.2063200175762168 73.311787888407707 28.470920994877815 38.774961292743683 17.90309576690197 4.8364008367061606 12.345855057239531 19.379460781812671 4.636303484439849 2.5116995722055426 2.3688499629497555 14.935633391141893 16.395010590553284 319.91572792828083 59.277747824788094 61.751889809966087 6.1659311056137076 3.3065409064292899 46.102349862456322 14.959867522120474 1.6632746607065199 1.6754407584667204
leaf_count=2560 36 21 1251 43 3303 46 21 204 111 174 44 19 79 65 29 16 11 79 53 1242 202 188 31 13 109 36 7 7
internal_value=0.0192016 0.018684 0.0183966 0.0205007 0.0172943 0.0202372 0.0243689 0.0256372 0.0269943 0.00964375 0.0211861 0.0234034 0.0194834 0.00778287 0.0170209 0.0253708 0.0261665 0.0195525 0.0131419 0.0163811 0.0266174 0.0288658 0.0250808 -0.00632735 0.0338928 0.0310854 -0.00267615 -0.00245239
internal_weight=2608.38 2322.53 2210.9 759.739 1451.16 343.383 111.63 106.664 101.783 45.1948 714.544 285.85 118.334 39.6682 24.0158 78.6659 167.516 48.6594 31.3306 1107.78 76.1542 118.857 67.9178 15.6524 50.9388 17.3287 4.96516 4.88176
internal_count=10000 9034 8663 2821 5842 1297 371 343 315 217 2604 966 440 186 94 254 526 179 132 4545 238 347 219 92 128 47 28 28
is_linear=0
shrinkage=0.01


Tree=8
num_leaves=25
num_cat=0
split_feature=39 49 20 63 67 27 40 48 47 40 52 45 24 48 19 64 10 49 49 0 48 60 23 17
split_gain=53.3355 51.0312 39.0438 43.1633 37.1771 34.9832 33.9593 33.3068 38.521 50.697 33.7863 30.0876 28.7227 28.5625 76.933 25.7984 23.2353 23.1828 22.9116 29.4546 15.5702 23.5433 7.19253 6.37682
threshold=2.4510273933410649 -0.79283851385116566 535533.21875000012 6.561220884323121 3.7945874929428105 -20391.999999999996 -3.1714155673980708 2.038099050521851 -0.45333899557590479 3.1411072015762334 0.035867977887392051 2.5106227397918706 113.50000000000001 1.6936348080635073 534538.34375000012 9.2631258964538592 -6.0309999753371806e-05 1.7522760033607485 -1.1815841197967527 125318.00000000001 -1.0011376142501829 -0.0021550315432250495 93.500000000000014 541.50000000000011
decision_type=2 2 2 2 2 2 2 2 2 2 2 2 2 2 2 2 2 2 2 2 2 2 2 2
left_child=2 18 7 -4 11 -6 -7 8 9 -1 -10 15 22 17 -15 -3 -14 -5 19 -2 23 -22 -9 -20
right_child=1 4 3 13 5 6 -8 12 10 -11 -12 -13 16 14 -16 -17 -18 -19 20 -21 21 -23 -24 -25
leaf_value=0.015334689613366752 0.028763296790494716 0.031951986806278844 -0.012199133884483706 0.022978481578440769 0.034387977873881918 0.038861912471244757 0.0015584622333455356 -0.012099290077743479 0.018490855933278153 -0.012330654530807623 0.0074496335146268366 0.039920683294091902 0.030206174868322781 0.03291050295689734 0.010691156929317104 0.019951717185987487 0.016952292548201183 0.033655410165332293 0.044372597388468993 -0.012092442392526213 0.016022795150721393 0.032581054409144113 0.01471256380633696 0.031799512161731498
leaf_weight=433.96063497662544 4.555218741297721 20.128219127655029 3.6516773849725714 174.7016373872757 5.0165825635194805 2.732960179448134 23.501181885600086 2.4082430750131598 1495.9932724535465 6.6863344460725775 28.549025908112526 8.9859563559293729 45.425442576408386 21.865650743246078 55.077398926019669 190.83968216180801 19.261497020721436 23.561976984143257 11.618367403745653 2.8391248434782028 11.575314134359358 36.627862349152565 1.7046064436435697 7.4344241470098487
leaf_count=1774 13 50 23 600 12 5 121 15 5725 42 138 17 131 58 244 694 76 61 19 18 46 92 7 19
internal_value=0.01879 0.0225906 0.0182541 0.021779 0.0204207 0.0101548 0.00548269 0.0177703 0.0175291 0.0149126 0.0182848 0.0218748 0.0246454 0.0222335 0.0170184 0.0211014 0.0262751 0.0242524 0.0298791 0.0129411 0.0317264 0.0286256 -0.000743742 0.039519
internal_weight=2638.7 325.855 2312.85 278.858 251.205 31.2507 26.2341 2033.99 1965.19 440.647 1524.54 219.954 68.7998 275.207 76.943 210.968 64.6869 198.264 74.6503 7.39434 67.256 48.2032 4.11285 19.0528
internal_count=10000 1106 8894 986 899 138 126 7908 7679 1816 5863 761 229 963 302 744 207 661 207 31 176 138 22 38
is_linear=0
shrinkage=0.01


Tree=9
num_leaves=31
num_cat=0
split_feature=59 61 65 0 22 67 26 39 1 69 56 19 50 60 60 69 46 25 45 68 22 68 36 22 47 58 45 17 10 61
split_gain=51.5454 33.6493 42.3068 37.4553 47.9534 35.8579 65.2157 44.6702 43.4163 34.4005 41.7991 39.5652 31.2983 29.472 37.989 43.3047 34.9885 29.8891 30.4312 44.9336 27.3862 41.7011 34.6269 26.4175 21.5481 35.2462 22.7293 15.6894 11.6305 6.47794
threshold=1.5933268070220949 117.21471023559572 1.4724457263946535 122804.00000000001 26250.549804687504 -1.5516372919082639 0.16264288872480395 0.055780580267310149 68429.500000000015 94.65845108032228 9.1635432243347186 16579.115234375004 0.01043217768892646 -0.001971756923012435 -0.0061112735420465461 25.438707351684574 -0.6135093867778777 82249.500000000015 -0.31021088361740107 28.563999176025394 -1300.9100341796873 32.262578964233406 -1.5046061873435972 -21416.255859374996 0.066726740449666991 54320.000000000007 1.4972599744796755 98079.500000000015 0.0003111699916189537 86.958545684814467
decision_type=2 2 2 2 2 2 2 2 2 2 2 2 2 2 2 2 2 2 2 2 2 2 2 2 2 2 2 2 2 2
left_child=1 2 20 4 -4 6 8 -8 -3 10 -7 -11 -5 14 24 28 -17 18 23 -20 22 -22 -1 -15 25 -2 -26 29 -16 -19
right_child=13 5 3 12 -6 9 7 -9 -10 11 -12 -13 -14 17 15 16 -18 27 19 -21 21 -23 -24 -25 26 -27 -28 -29 -30 -31
leaf_value=0.031250679756896334 -0.0010811545935977412 0.013898430098405088 -0.012137537350629756 0.0003863427190619831 0.013008073076046714 0.018800184527431821 0.014331788943712148 0.0018153061179915794 0.020691715550475033 0.023775917478101496 -0.0055133249476861891 0.0083507849377080917 0.035507624002152204 0 -0.012285390010176091 -0.0045353617343912725 0.022443618813090503 0.04450360145880105 -0.0060215276764275507 0.020323404664853547 0.014843510979640331 0.020843507229112053 0.020999100119365451 0.027016057877033428 0.022870767112178187 0.023910803657799885 0.040987143626235359 0.016242632541574421 0.017202329971538362 0.033092489486883578
leaf_weight=45.334193870425224 8.3793981373310107 222.24202898144722 11.017183259129522 3.641887590289115 24.170622318983078 984.98597064614296 58.23819263279438 56.268419697880745 165.34007497131824 22.171360313892365 7.0580384731292716 68.178969606757164 8.8291759192943555 3.749769151210784 8.5809486806392652 6.1114230901002911 21.561693236231804 7.420008763670924 7.3993088304996482 48.824232056736946 164.06384961307049 406.63320092856884 126.86539445817471 100.12967339158058 26.638747572898865 16.820684507489204 9.669283598661421 4.8729959279298773 1.559767723083495 21.681016758084297
leaf_count=121 45 923 74 20 106 3673 243 291 597 76 42 318 20 19 55 35 71 10 42 170 656 1431 443 287 87 54 16 18 6 51
internal_value=0.0183937 0.0179031 0.0195968 0.0104199 0.00510665 0.0170575 0.0148376 0.00818994 0.016799 0.0180863 0.0186262 0.0121471 0.0253314 0.0223618 0.0178945 0.00995975 0.0164494 0.0246428 0.022815 0.0168385 0.0201841 0.0191204 0.0237038 0.0260402 0.0227564 0.0155609 0.0277229 0.0332267 -0.0076512 0.0360364
internal_weight=2668.44 2375.04 790.556 47.6589 35.1878 1584.48 502.089 114.507 387.582 1082.39 992.044 90.3503 12.4711 293.399 99.3219 37.8138 27.6731 194.077 160.103 56.2235 742.897 570.697 172.2 103.879 61.5081 25.2001 36.308 33.974 10.1407 29.101
internal_count=10000 9034 2871 220 180 6163 2054 534 1520 4109 3715 394 40 966 369 167 106 597 518 212 2651 2087 564 306 202 99 103 79 61 61
is_linear=0
shrinkage=0.01


Tree=10
num_leaves=30
num_cat=0
split_feature=59 9 61 28 54 47 60 59 59 51 22 57 28 60 60 51 36 17 45 3 72 54 61 30 31 27 1 9 57
split_gain=48.9537 34.7164 45.9306 35.804 35.7686 51.0544 31.5381 30.6158 33.2582 30.0565 39.2599 33.4209 29.6182 27.8178 36.149 42.1508 31.6632 26.7537 41.5255 38.1913 26.7979 20.9139 40.0136 22.9742 12.8557 15.0337 11.9364 10.232 8.25575
threshold=1.5933268070220949 8482377.0000000019 117.21471023559572 -648.62499999999989 -0.90696880221366871 1.6767125725746157 0.012754473369568588 0.74770158529281627 1.193777918815613 0.022325083613395694 45761.224609375007 1.6252958774566653 409.46875000000006 -0.001971756923012435 -0.0061112735420465461 -0.0075229140929877749 1.2213527560234072 32592.500000000004 -0.31021088361740107 17148.500000000004 -1241032.0624999998 -0.74617168307304371 43.442935943603523 48.499692916870124 1.0000000180025095e-35 -148831.99999999997 117420.00000000001 8114960.5000000009 1.5370615720748904
decision_type=2 2 2 2 2 2 2 2 2 2 2 2 2 2 2 2 2 2 2 2 2 2 2 2 2 2 2 2 2
left_child=1 2 9 28 5 -4 -6 12 -9 11 -11 -1 -5 14 21 27 -17 18 20 -20 -15 22 -2 -23 25 -19 -26 -16 -3
right_child=13 3 4 7 6 -7 -8 8 -10 10 -12 -13 -14 17 15 16 -18 24 19 -21 -22 23 -24 -25 26 -27 -28 -29 -30
leaf_value=0.019488181371047363 0.035048196791723746 -0.012199598969062831 0.019584629586614621 -0.01210276060674741 0.015466303949368565 -0.0062072756541964313 -0.012197335383620554 0.028939409946299243 0.016296454734588888 0.0048819850633628273 0.019889883365492342 0.033171061835871006 0.034673099980646459 0.029173335900069281 -0.012321693923115351 0.020113923311349736 -0.012267674449437022 0.038146258361607135 0.017432090710448787 -0.012357031034607559 0.018258110886809925 0.026524587432176842 -0.012294677369637536 0.0046448033686052144 0.044666947173346634 0.020544113247157429 0.027378887599888858 0.014170106748376224 0.014730993953183211
leaf_weight=697.45333488285542 2.9462688267230979 3.3553562909364691 347.33726772665977 4.2957012802362433 1138.8257177621126 7.7884235531091681 4.0956511944532386 74.976869523525238 29.410321637988091 32.653240710496902 37.922172278165817 18.543230816721916 1.9715994149446485 72.194757834076881 8.3436144888401014 24.54926681518555 3.4031908363103858 7.4049170017242458 45.594123706221581 4.7121755033731452 33.589757472276688 49.437915071845055 4.4938337802886963 5.4401053488254538 10.690651237964632 15.600899204611776 7.0458689630031577 1.7344503551721562 1.7037075161933897
leaf_count=2479 6 21 1251 28 4519 46 26 200 111 161 138 43 4 186 53 86 21 13 167 29 118 142 28 26 14 51 19 7 7
internal_value=0.0180125 0.0175364 0.0172639 0.0229066 0.0162322 0.0190162 0.0153663 0.024097 0.0253869 0.0192276 0.0129603 0.0198439 0.00245267 0.0218547 0.0175329 0.00980272 0.0161357 0.024053 0.0221475 0.0146219 0.0257169 0.0222343 0.00631862 0.0243738 0.0313287 0.0262532 0.0378556 -0.00766319 -0.0029327
internal_weight=2697.51 2400.33 2284.62 115.714 1498.05 355.126 1142.92 110.654 104.387 786.572 70.5754 715.997 6.2673 297.182 100.349 38.0305 27.9525 196.833 156.091 50.3063 105.785 62.3181 7.4401 54.878 40.7423 23.0058 17.7365 10.0781 5.05906
internal_count=10000 9034 8663 371 5842 1297 4545 343 311 2821 299 2522 32 966 369 167 107 597 500 196 304 202 34 168 97 64 33 60 28
is_linear=0
shrinkage=0.01


Tree=11
num_leaves=22
num_cat=0
split_feature=57 20 63 58 21 7 9 45 31 40 49 47 53 34 47 34 45 46 58 50 34
split_gain=43.5582 33.1403 38.5377 35.4162 33.1912 34.0694 30.934 48.136 46.736 30.4151 32.5658 29.7316 29.2299 29.1845 28.4234 46.0543 22.7689 14.9443 13.2128 34.8743 9.25302
threshold=1.6880221366882326 535533.21875000012 6.561220884323121 -10507.999999999998 -5067.4999999999991 1.8134884238243105 6086078.5000000009 -0.052027331665158265 -12.781009197235106 -2.1408281326293941 -1.1815841197967527 -1.7467501163482664 0.37951920926570898 -0.83611655235290516 -0.18059580028057096 -0.87792080640792836 1.4972599744796755 1.5788403749465945 -91655.999999999985 -0.010301450267434118 0.5735398828983308
decision_type=2 2 2 2 2 2 2 2 2 2 2 2 2 2 2 2 2 2 2 2 2
left_child=1 4 -3 12 5 11 8 -8 -6 17 -11 -1 -4 -5 15 -12 -16 18 -2 -20 -19
right_child=9 2 3 13 6 -7 7 -9 -10 10 14 -13 -14 -15 16 -17 -18 20 19 -21 -22
leaf_value=0.0055082732883764106 0.040917731874807836 -0.012231278819659916 0.0089097345476772758 0.014224294655220317 0.0072131062420845342 -0.012359849784870671 0.023225952060247041 0.013207478850284672 0.017055267857366024 -0.012241176342029918 -0.0068529699936953816 0.015368536416032273 0.021889499795352468 0.024473556507697034 0.021063800747676938 0.018117968156728965 0.0321007567009901 0.0014915786100879061 -0.01201620810588167 0.029832414103654958 0.028032591814781724
leaf_weight=36.512733116745949 9.6348028779029828 3.5282903164625159 39.491295650601387 33.430110514163971 50.07254059612751 5.0264510214328757 182.03994247317314 65.870374083518982 1644.7492063939571 3.0811536163091651 8.4279483407735807 199.54553751647472 31.503465831279755 180.97846949100494 109.14068278670311 56.747361660003662 23.106088012456894 3.273901253938674 2.0745759755372992 35.462273150682449 2.2946812212467194
leaf_count=170 13 22 172 131 226 31 584 264 6157 19 48 773 105 560 354 200 50 16 13 86 6
internal_value=0.0176451 0.0172385 0.0204374 0.0208447 0.0168149 0.0132971 0.0172509 0.0205681 0.0167651 0.0216106 0.0198167 0.0138476 0.0146835 0.0228802 0.0203221 0.0148736 0.0229997 0.0284117 0.0302561 0.0274929 0.0126081
internal_weight=2725.99 2472.75 288.932 285.403 2183.82 241.085 1942.73 247.91 1694.82 253.243 200.503 236.058 70.9948 214.409 197.422 65.1753 132.247 52.7402 47.1717 37.5368 5.56858
internal_count=10000 9195 990 968 8205 974 7231 848 6383 805 671 943 277 691 652 248 404 134 112 99 22
is_linear=0
shrinkage=0.01


Tree=12
num_leaves=25
num_cat=0
split_feature=57 9 61 65 46 34 61 1 54 48 40 49 3 60 47 30 65 45 46 58 50 0 57 61
split_gain=41.4866 31.1539 43.1653 47.4689 34.9571 34.085 45.1921 33.6864 29.87 39.7313 28.7187 31.4257 27.5406 26.9708 26.9664 44.9354 24.517 21.4289 14.0684 12.2929 33.3408 8.92317 4.76024 1.91414
threshold=1.6880221366882326 8482377.0000000019 117.21471023559572 1.4724457263946535 1.6942880153656008 1.2901682853698733 124.99787521362306 391919.50000000006 -0.90696880221366871 -1.2603750824928281 -2.1408281326293941 -1.1815841197967527 -3498.9999999999995 0.012754473369568588 -0.18059580028057096 17.992178916931156 -0.50740790367126454 1.4972599744796755 1.5788403749465945 -91655.999999999985 -0.010301450267434118 116952.50000000001 1.2615148425102236 155.903923034668
decision_type=2 2 2 2 2 2 2 2 2 2 2 2 2 2 2 2 2 2 2 2 2 2 2 2
left_child=1 2 3 12 -5 6 7 -3 9 -4 18 -12 -1 -10 15 -13 -8 -16 19 -2 -21 -20 23 -7
right_child=10 5 8 4 -6 22 16 -9 13 -11 11 14 -14 -15 17 -17 -18 -19 21 20 -22 -23 -24 -25
leaf_value=0.017114822629500002 0.039638061038870992 -0.007515533234087636 0.031021923691208708 0.0042472584495497614 0.026967386960306011 0.043086962139377828 0.013940619626744486 0.02926938312116862 0.01495765487141479 0.017305998103021199 -0.012207623687180853 0.021158776375548687 0.020892506978599519 -0.012178350778820469 0.020605587408448867 0.0041180265995180449 0.025494066174106055 0.031229335401842015 0.0014503591503712196 -0.011982897832914998 0.029050517768648355 0.02740387746681186 0.025140468543625581 0.034022060826762596
leaf_weight=379.24614681303501 9.8453055769205076 9.5527815371751768 22.725935980677605 36.762067139148712 8.3504282236099225 5.0458737611770657 26.585256561636925 3.3615081310272208 1178.526923134923 342.66992679238319 3.0588378459215155 40.371417835354805 404.17270986735821 3.6334784328937522 110.44533504545689 25.35736882686615 63.024432092905045 23.511246666312218 3.2812227606773368 2.0596145093441001 36.049557879567146 2.3264226317405701 4.9399947077035895 9.0329223573207837
leaf_count=1366 13 55 58 184 25 6 102 9 4574 1251 19 128 1333 23 354 120 179 50 16 13 86 6 13 17
internal_value=0.0172904 0.0168953 0.0166409 0.0184896 0.00847497 0.0218597 0.019556 0.00198191 0.0156505 0.0181618 0.0211374 0.0194004 0.019065 0.0148734 0.0198896 0.0145999 0.0220776 0.0224777 0.0276938 0.0294618 0.0268066 0.0123959 0.0342253 0.037342
internal_weight=2753.94 2497.63 2376.09 828.531 45.1125 121.543 102.524 12.9143 1547.56 365.396 256.306 202.744 783.419 1182.16 199.685 65.7288 89.6097 133.957 53.5621 47.9545 38.1092 5.60765 19.0188 14.0788
internal_count=10000 9195 8814 2908 209 381 345 64 5906 1309 805 671 2699 4597 652 248 281 404 134 112 99 22 36 23
is_linear=0
shrinkage=0.01


Tree=13
num_leaves=28
num_cat=0
split_feature=39 49 65 27 28 9 46 67 27 26 61 17 36 45 33 3 6 55 61 45 39 37 64 56 59 56 58
split_gain=43.8402 45.1165 34.2317 45.5362 39.5689 41.1501 42.4899 33.8152 31.7994 32.4999 30.4566 39.4489 29.4392 43.535 28.4498 31.7012 27.7755 27.2974 25.8597 25.7869 25.2382 22.7861 22.0822 21.2107 12.4917 17.721 8.64532
threshold=2.4510273933410649 -0.79283851385116566 1.989093065261841 50888.000000000007 623.43750000000011 3396285.0000000005 -0.43731649219989771 3.7945874929428105 -20391.999999999996 0.25907148420810705 117.21471023559572 14313.500000000002 -1.2405637502670286 -0.75855937600135792 -0.88798782229423512 -25360.999999999996 -116700363.99999999 0.28024467825889593 243.30318450927737 2.5106227397918706 -0.76997652649879444 0.8121982514858247 9.2631258964538592 2.9769973754882817 1.7193740010261538 0.28243839740753179 -829.99999999999989
decision_type=2 2 2 2 2 2 2 2 2 2 2 2 2 2 2 2 2 2 2 2 2 2 2 2 2 2 2
left_child=2 14 3 10 16 18 -7 19 -9 -10 11 -1 13 -5 15 23 20 -12 -6 22 -4 -14 -3 -2 26 -26 -16
right_child=1 7 4 12 5 6 -8 8 9 -11 17 -13 21 -15 24 -17 -18 -19 -20 -21 -22 -23 -24 -25 25 -27 -28
leaf_value=0.016933916525634401 0.0060839998607566401 0.02864673461290693 0.019695165187619594 0.025032960459207217 -0.0036568435127321821 -0.012197253982203077 0.032556060628661093 0.031087531565877412 0.011378608775192691 -0.012487377139219651 0.014267536091373226 0.024323157480139749 0.027319240670573609 -0.0074193124085879586 0.037906216226713946 -0.0124133358191528 0.021503781610820564 0.017322409312393941 0.036139055403173248 0.035741976421643944 -0.012466742664277497 0.019690155503957259 0.017906810363669205 0.033265437294134753 0.0018283436390094316 0.027441132282818005 0.028042545762608034
leaf_weight=610.67046011984348 4.9736401289701444 21.551389932632446 2.8955004364252153 7.4924765974283245 10.850145205855371 2.446429222822192 14.603141933679579 5.3564385324716559 19.522803023457531 8.031365290284155 937.6802062690258 82.785123959183693 47.194340765476227 9.1541737467050535 21.405539929866791 3.3499475866556159 4.1510447412729254 432.05215138196945 1.9181225299835194 9.6836632639169675 14.959863647818564 256.7710313051939 201.89847448468208 7.1354383677244186 3.1712424904108074 22.226787716150284 17.3236453384161
leaf_count=2178 22 50 10 22 61 15 34 12 77 49 3622 239 128 51 37 20 15 1561 4 17 93 861 694 14 15 55 44
internal_value=0.0169485 0.0202939 0.0164734 0.0166486 0.008394 0.015904 0.0260758 0.0183061 0.00876222 0.00438597 0.0161014 0.0178175 0.0201671 0.00712703 0.0269264 0.0146218 -0.00173632 0.0152319 0.00224321 0.019649 -0.00719523 0.020878 0.0189471 0.0221836 0.029877 0.0242824 0.03352
internal_weight=2781.25 345.63 2435.62 2383.8 51.8242 29.8178 17.0496 266.044 32.9106 27.5542 2063.19 693.456 320.612 16.6467 79.5862 15.459 22.0064 1369.73 12.7683 233.134 17.8554 303.965 223.45 12.1091 64.1272 25.398 38.7292
internal_count=10000 1106 8894 8662 232 114 49 899 138 126 7600 2417 1062 73 207 56 118 5183 65 761 103 989 744 36 151 70 81
is_linear=0
shrinkage=0.01


Tree=14
num_leaves=29
num_cat=0
split_feature=39 49 51 55 69 24 50 8 2 36 60 21 33 33 3 36 34 37 36 66 45 1 10 59 19 38 60 34
split_gain=41.8225 42.6961 34.0997 51.6337 51.1701 52.7976 46.9756 42.5938 38.8614 35.5434 32.9076 31.95 28.7193 26.7892 30.6724 26.4356 34.1133 40.4447 32.4381 50.2433 35.1126 20.1512 11.9159 11.628 14.2429 9.26739 8.37828 6.74071
threshold=2.4510273933410649 -0.79283851385116566 0.0018636494060046973 2.0333116054534917 94.65845108032228 754.50000000000011 0.0062985129188746223 1.598428010940552 23818.000000000004 -1.8772085905075071 0.0026843844680115585 -3638.4999999999995 0.76388245820999157 -0.88798782229423512 -25360.999999999996 0.33325044810771948 -0.12046941369771956 1.9252262115478518 -0.84783038496971119 2.6957498788833623 2.5106227397918706 144506.50000000003 -0.00095689500449225296 1.7193740010261538 11951.504882812502 1.5163550376892092 -0.0023493925109505649 1.3413276672363283
decision_type=2 2 2 2 2 2 2 2 2 2 2 2 2 2 2 2 2 2 2 2 2 2 2 2 2 2 2 2
left_child=2 13 6 4 5 -4 7 9 -6 -1 -5 -12 21 14 22 18 25 -18 20 -20 -3 -8 -2 26 -25 -17 -15 -14
right_child=1 15 3 10 8 -7 12 -9 -10 -11 11 -13 27 23 -16 16 17 -19 19 -21 -22 -23 -24 24 -26 -27 -28 -29
leaf_value=0.019373678620870961 0.036637677824482427 0.015038507855972388 0.017134029276429121 -0.012454854584443849 -0.0074214873350385716 0.022518994555017144 0.019349814124726285 -0.012421202438761944 0.01353492768830197 0.014233118966238488 0.036143513798061279 -0.0023946582007592148 -0.012421524138343366 0.02298550753305122 -0.012377774045974411 -0.012591507386040472 0.018316086250009352 -0.0032209999885217532 0.026920340695044131 -0.012438038773502922 0.036106217325661875 0.030142645241275422 0.014909626354504333 0.028564459728204733 0.011958143396557472 0.013060690691966617 0.034948789083903191 0.012656105072661652
leaf_weight=153.19879791140556 3.7848871052265158 106.86943432688713 631.25209699571133 9.2246668189764041 9.4620943963527662 258.4324513822794 38.256850212812424 5.7230761498212805 124.5336621850729 1182.4459464997053 3.8536242544651031 4.7689212411642057 2.5671079754829398 7.8858009129762641 3.3260959684848777 6.0867288559675208 60.663980320096016 10.093573853373526 71.241396456956863 3.362518146634101 8.6307546645402891 33.001068949699402 8.4680720716714841 18.175719574093822 7.5550368428230277 1.7980890423059461 31.556144535541534 1.8224774599075315
leaf_count=517 6 385 2216 57 55 784 127 35 490 4478 8 26 15 23 20 36 201 53 183 20 14 79 30 42 28 7 58 7
internal_value=0.0166182 0.0198675 0.0161558 0.0175356 0.0178297 0.0186994 0.015141 0.0147065 0.0120476 0.0148235 0.000614757 0.014713 0.022832 0.0262705 0.0143626 0.0179398 0.0130268 0.0152297 0.019967 0.025133 0.0166215 0.0243622 0.0217029 0.0291016 0.0237274 -0.00661484 0.0325823 -0.00178193
internal_weight=2808.04 349.498 2458.54 1041.53 1023.68 889.685 1417.02 1341.37 133.996 1335.64 17.8472 8.62255 75.6475 80.7518 15.5791 268.746 78.6424 70.7576 190.104 74.6039 115.5 71.2579 12.253 65.1727 25.7308 7.88482 39.4419 4.38959
internal_count=10000 1106 8894 3636 3545 3000 5258 5030 545 4995 91 34 228 207 56 899 297 254 602 203 399 206 36 151 70 43 81 22
is_linear=0
shrinkage=0.01


Tree=15
num_leaves=30
num_cat=0
split_feature=59 65 27 1 40 37 50 62 45 36 0 17 60 60 69 36 25 45 68 72 54 61 30 57 57 17 10 3 31
split_gain=40.2779 27.8994 38.8765 37.6509 37.2725 34.1229 31.736 50.6079 28.2032 27.555 49.1005 29.2356 25.2303 32.8269 39.3731 29.3181 24.7494 25.7322 40.9349 22.8574 18.927 36.1008 20.4676 17.8583 16.7301 13.363 10.8653 9.80761 8.65566
threshold=1.5933268070220949 1.989093065261841 50888.000000000007 204515.00000000003 -2.1408281326293941 1.6164382100105288 -0.0041655511595308772 30.275999069213871 -1.1293632984161375 1.3571708202362063 80588.500000000015 1.0000000180025095e-35 -0.001971756923012435 -0.0061112735420465461 25.438707351684574 1.2213527560234072 82249.500000000015 -0.31021088361740107 28.563999176025394 -1241032.0624999998 -0.74617168307304371 43.442935943603523 48.499692916870124 0.92244097590446483 1.1994471549987795 98079.500000000015 0.0003111699916189537 80086.000000000015 1.0000000180025095e-35
decision_type=2 2 2 2 2 2 2 2 2 2 2 2 2 2 2 2 2 2 2 2 2 2 2 2 2 2 2 2 2
left_child=1 2 3 5 -5 -1 7 -4 -8 11 27 -3 13 20 26 -16 17 19 -19 -14 21 -2 -22 -13 -12 28 -15 -11 -18
right_child=12 9 6 4 -6 -7 8 -9 -10 10 24 23 16 14 15 -17 25 18 -20 -21 22 -23 -24 -25 -26 -27 -28 -29 -30
leaf_value=0.015435906122843469 0.031335765161418637 0.02426126073732782 0.0017297765681417666 -0.00075620081626619944 0.021437783356586842 0.0085465856308309888 0.03051018424122956 0.030027716519773099 0.019342390097921481 -0.012305347596005073 0.010263422963035982 0.012490256769095327 0.026070936925413495 -0.012448125524403188 0.018148266759767665 -0.012439131048397827 0.026522543975823935 -0.0065569917120563148 0.017965748616897464 0.016263078188017338 0.023947378462177454 -0.012430296102611663 0.0037385796360510084 -0.012439621213247145 0.0252743015949854 0.01402900443770524 0.015258185968468735 0.013972246123085787 0.037378046972734974
leaf_weight=1902.911037966609 3.1647557020187369 3.8208230733871487 22.692496404051784 7.884291172027587 147.58017301559448 75.407739385962486 25.077082872390747 8.8057598322629911 269.01696492731571 7.0796830654144269 12.312907084822653 3.7244816720485678 76.103638246655464 8.9079112857580167 25.871850505471233 3.5255394726991645 16.664693221449856 7.7663481235504142 52.042350068688393 35.567036479711533 52.462129637598991 4.6260551363229752 5.6729440838098517 12.179763376712797 19.844008475542068 5.2086006104946128 1.6531997323036183 1.7449522912502287 14.958184882998465
leaf_count=6905 6 12 106 38 452 316 59 21 875 45 51 15 187 55 85 21 39 42 170 119 142 28 26 76 56 18 6 7 22
internal_value=0.0162989 0.0158759 0.0160417 0.0155482 0.0203058 0.0151738 0.0192732 0.00967259 0.0202981 0.00914044 0.0138155 -0.00052187 0.0196883 0.0156795 0.00848412 0.014446 0.0217211 0.0201049 0.0147647 0.0229561 0.0200256 0.00521984 0.0219926 -0.00653863 0.0195577 0.0292187 -0.00801639 -0.00699599 0.031689
internal_weight=2834.28 2520.08 2459.38 2133.78 155.464 1978.32 325.592 31.4983 294.094 60.7066 40.9816 19.7251 314.195 105.884 39.9585 29.3974 208.311 171.479 59.8087 111.671 65.9259 7.79081 58.1351 15.9042 32.1569 36.8315 10.5611 8.82464 31.6229
internal_count=10000 9034 8772 7711 490 7221 1061 127 934 262 159 103 966 369 167 106 597 518 212 306 202 34 168 91 107 79 61 52 61
is_linear=0
shrinkage=0.01


Tree=16
num_leaves=31
num_cat=0
split_feature=59 61 65 0 22 67 26 57 25 69 56 19 50 22 65 72 60 60 69 46 25 45 68 22 54 61 30 17 10 61
split_gain=38.5588 26.8435 34.6464 33.0157 43.8005 31.5121 59.0075 35.7848 34.1537 29.8694 36.8609 35.1563 27.2069 25.1118 42.0253 29.29 23.991 31.4237 38.2738 31.1631 23.4097 24.4764 39.5555 23.2936 18.0676 34.9557 19.5272 12.5923 10.6863 5.14573
threshold=1.5933268070220949 117.21471023559572 1.4724457263946535 122804.00000000001 26250.549804687504 -1.5516372919082639 0.16264288872480395 1.015632212162018 4980.0000000000009 94.65845108032228 9.1635432243347186 16579.115234375004 0.01043217768892646 10647.439941406252 1.1898656487464907 -1241032.0624999998 -0.001971756923012435 -0.0061112735420465461 25.438707351684574 -0.6135093867778777 82249.500000000015 -0.31021088361740107 28.563999176025394 -21416.255859374996 -0.74617168307304371 43.442935943603523 48.499692916870124 98079.500000000015 0.0003111699916189537 86.958545684814467
decision_type=2 2 2 2 2 2 2 2 2 2 2 2 2 2 2 2 2 2 2 2 2 2 2 2 2 2 2 2 2 2
left_child=1 2 13 4 -4 6 8 -8 -3 10 -7 -11 -5 15 -15 -1 17 24 28 -20 21 23 -23 -18 25 -2 -26 29 -19 -22
right_child=16 5 3 12 -6 9 7 -9 -10 11 -12 -13 -14 14 -16 -17 20 18 19 -21 27 22 -24 -25 26 -27 -28 -29 -30 -31
leaf_value=0.021996766956721921 0.030530989803624863 0.020204985115502883 -0.012256003410482193 0 0.011314850133896133 0.016417897299881693 0.011905552069464056 0.0010321997089014086 0.013136902643753261 0.020970384186970285 -0.0059550881443248419 0.0069157515185544671 0.031452657233991668 0.015068703952537123 0.026784098010684269 0.016129288437276703 -0.00096106611344339747 -0.012415649879598383 -0.005159280244501835 0.019599171795979219 0.038033949153002442 -0.0065156891312747123 0.017612729791856414 0.023324581608672294 0.023406732988222999 -0.012396055321863527 0.0036933402935299012 0.013785099472955658 0.014975654639808864 0.028344464863153451
leaf_weight=206.0066669434309 3.2154341936111441 87.410606905817986 11.357326328754423 3.8177699148654929 25.620392963290215 1054.3886263221502 63.287689194083214 58.427771613001823 326.49522484838963 23.799616128206253 7.3499676287174216 72.259581029415131 9.5522561967372877 411.10953065752983 33.354993402957916 148.25917606055737 4.0159974992275229 8.8422289341688138 6.435127496719363 23.194528967142105 8.2619436085224134 7.7375676482915869 52.552000403404236 109.00927259027958 53.133716031908989 4.5926126688718796 5.6849464476108542 5.2475523203611365 1.6674724966287602 23.876562207937241
leaf_count=609 6 282 74 20 106 3673 250 284 1238 76 42 318 20 1448 86 508 19 55 35 71 10 42 170 287 142 28 26 18 6 51
internal_value=0.0159902 0.0155779 0.017037 0.00895059 0.00404826 0.0148457 0.0128301 0.00669417 0.014632 0.0157773 0.0162621 0.0104083 0.0224342 0.0175454 0.0159501 0.0195441 0.0192894 0.0153935 0.00836043 0.0141882 0.0212588 0.0196919 0.0144995 0.0224528 0.0196156 0.00515367 0.0215184 0.0284957 -0.00797459 0.0308665
internal_weight=2859.96 2542.5 849.078 50.3477 36.9777 1693.42 535.621 121.715 413.906 1157.8 1061.74 96.0592 13.37 798.73 444.465 354.266 317.467 106.766 40.1394 29.6297 210.701 173.315 60.2896 113.025 66.6267 7.80805 58.8187 37.3861 10.5097 32.1385
internal_count=10000 9034 2871 220 180 6163 2054 534 1520 4109 3715 394 40 2651 1534 1117 966 369 167 106 597 518 212 306 202 34 168 79 61 61
is_linear=0
shrinkage=0.01


Tree=17
num_leaves=25
num_cat=0
split_feature=39 20 63 61 21 17 50 9 17 39 48 45 40 38 58 34 3 72 28 50 1 21 18 34
split_gain=37.6385 31.6265 37.1141 29.0464 39.7682 41.891 39.6066 37.9891 35.7268 31.2101 28.393 27.9825 29.1064 35.6809 29.5492 27.7388 32.643 32.1943 14.1154 44.3307 28.9508 19.4859 17.6495 13.3863
threshold=2.4510273933410649 535533.21875000012 6.561220884323121 117.21471023559572 -7207.4999999999991 15399.500000000002 0.0013157410430721941 8482377.0000000019 73039.000000000015 -0.91877412796020497 -0.7220546007156371 2.5106227397918706 -2.2997447252273555 0.90517193078994762 75408.000000000015 -0.57939127087593068 17148.500000000004 -885711.24999999988 20.437500000000004 0.0007771213713567705 277405.50000000006 41.500000000000007 42.500000000000007 1.1310597658157351
decision_type=2 2 2 2 2 2 2 2 2 2 2 2 2 2 2 2 2 2 2 2 2 2 2 2
left_child=1 3 -3 4 6 -6 -1 8 -5 -9 18 12 14 -14 -12 16 -4 -17 19 21 -21 -2 -20 -24
right_child=10 2 15 7 5 -7 -8 9 -10 -11 11 -13 13 -15 -16 17 -18 -19 22 20 -22 -23 23 -25
leaf_value=-0.012791221092467697 0.027778770949889956 -0.012439269744895841 0.008482188489393196 0.013702996398614969 0.016227738107603057 0.026128675110472645 0.012914951387857254 -0.0031464854226467671 -0.012504035828404319 0.022450330435615312 0.026959439383860362 0.0324706626362226 0.016956913891932331 0.0068996200701720457 -0.0011004957792886093 0.021267797858922712 0.022541306389208923 0.003801645713847016 -0.012243737438112386 -0.012700396987478298 0.021685311071866945 0.0060309389997348466 0.029739391864130153 0.014414952251004873
leaf_weight=8.8888516724109667 28.915402635931969 3.8429508805274954 48.561821788549423 1356.5196730941534 705.96741780638695 45.876184746623039 18.274568945169449 5.0223812758922568 5.1819588243961325 73.216679841279984 36.517974495887756 11.329712882637976 165.7246158272028 45.287952944636345 4.106878086924552 217.04355356097221 25.335951030254364 11.240469649434088 1.0927457809448231 6.1952987462282163 4.0447914302349091 4.9466287940740576 45.106690719723701 6.83608354628086
leaf_count=51 67 23 195 5017 2401 114 67 26 31 201 84 19 540 188 20 645 74 49 6 36 11 21 91 23
internal_value=0.0156918 0.0152583 0.018286 0.0148403 0.0164033 0.0168332 0.00446615 0.013994 0.0136025 0.0207944 0.0187285 0.0170079 0.0163077 0.0148031 0.0240982 0.0186801 0.0133159 0.0204122 0.0233762 0.0191169 0.000784154 0.0246313 0.0268991 0.0277418
internal_weight=2885.08 2524.97 306.025 2218.95 779.007 751.844 27.1634 1439.94 1361.7 78.2391 360.105 262.967 251.637 211.013 40.6249 302.182 73.8978 228.284 97.1376 44.1021 10.2401 33.862 53.0355 51.9428
internal_count=10000 8894 986 7908 2633 2515 118 5275 5048 227 1106 851 832 728 104 963 269 694 255 135 47 88 120 114
is_linear=0
shrinkage=0.01


Tree=18
num_leaves=29
num_cat=0
split_feature=39 51 69 56 24 50 8 1 47 54 46 36 36 66 25 1 2 33 31 57 50 69 52 2 47 1 1 35
split_gain=36.0648 31.3237 45.5181 47.1645 50.1372 42.7266 40.1069 36.2102 37.6709 34.1379 27.3375 37.5653 39.1633 50.2794 38.6671 34.5067 30.2804 26.6601 22.7357 22.4761 21.5571 48.2634 29.7548 18.7432 25.1477 17.9348 11.7022 6.50296
threshold=2.4510273933410649 0.0018636494060046973 94.65845108032228 9.1635432243347186 754.50000000000011 0.0062985129188746223 1.598428010940552 49428.500000000007 -0.18059580028057096 2.9731808900833134 -0.47308486700057978 0.33325044810771948 -0.95141756534576405 2.6957498788833623 37911.500000000007 49428.500000000007 197893.50000000003 0.76388245820999157 1.2977344393730166 0.77807703614234935 1.0000000180025095e-35 21.958107948303226 0.022727020084857944 102026.00000000001 0.61483448743820202 144506.50000000003 61452.000000000007 1.179456949234009
decision_type=2 2 2 2 2 2 2 2 2 2 2 2 2 2 2 2 2 2 2 2 2 2 2 2 2 2 2 2
left_child=1 5 3 4 -3 6 9 8 -4 -1 20 12 15 -14 16 -12 -13 25 -16 -9 23 -22 -23 26 -25 -7 -2 -19
right_child=10 2 7 -5 -6 17 -8 19 -10 -11 11 14 13 -15 18 -17 -18 27 -20 -21 21 22 -24 24 -26 -27 -28 -29
leaf_value=0.01320766070436041 0.023785919925321818 0.015753780955354395 -0.012621576876995041 -0.012294937612615013 0.020871286062721883 0.017990245412262868 -0.012498987573438643 -0.004822518284280701 0.0097558943057698948 0.018543412533102183 -0.01267360210299294 -0.0074270616566171456 0.025571878288732256 -0.012556657959538694 0.021788504810326511 0.015212263782017265 0.014088219224636465 -0.012550747377538281 -0.0025255074387745004 0.014855511913417115 -0.012684062532450443 0.013659083330134578 0.02818359780914478 0.024939046304694904 0.009510957299079555 0.027967800997081155 0.035372997365055912 0.011725197026362535
leaf_weight=1248.1245426088572 16.603634089231491 660.82445925474167 11.717072010040281 5.3959392607212058 272.14716847240925 39.695682555437088 5.8167903125286093 6.0731996148824683 20.962842062115669 133.83210621774197 4.6830418407917014 17.552826896309856 70.779325917363167 3.6001397371292105 21.627579718828205 73.531534492969513 10.420976623892782 2.6268701553344718 4.5903257727622977 102.46442870795727 5.0003735125064841 35.320954829454422 23.998668804764748 40.887544199824333 14.567381873726843 34.543412536382675 20.461351484060287 1.8795110583305357
leaf_count=4563 42 2248 70 34 795 127 35 32 86 432 27 94 170 21 59 245 36 15 22 371 29 121 53 99 54 79 34 7
internal_value=0.0154025 0.0149797 0.0162782 0.0170767 0.0172476 0.0140231 0.0136145 0.0109653 0.00170207 0.0137251 0.0183607 0.0159541 0.0185 0.0237129 0.00876678 0.0135298 0.000552198 0.0212115 0.0174934 0.0137452 0.0215274 0.0170304 0.0195521 0.0246429 0.0209043 0.0226463 0.0302094 -0.00220389
internal_weight=2909.73 2546.1 1079.59 938.368 932.972 1466.52 1387.77 141.218 32.6799 1381.96 363.626 206.786 152.594 74.3795 54.1917 78.2146 27.9738 78.7455 26.2179 108.538 156.84 64.32 59.3196 92.5199 55.4549 74.2391 37.065 4.50638
internal_count=10000 8894 3636 3077 3043 5258 5030 559 156 4995 1106 674 463 191 211 272 130 228 81 403 432 203 174 229 153 206 76 22
is_linear=0
shrinkage=0.01


Tree=19
num_leaves=30
num_cat=0
split_feature=59 9 61 65 34 59 61 54 47 31 60 57 28 28 52 1 38 3 9 23 49 59 61 58 60 47 47 21 45
split_gain=34.6866 27.2225 35.5265 40.5825 31.4113 41.9593 37.5045 30.8156 45.4561 29.1531 27.7501 25.9999 22.5783 65.08 43.6772 41.9045 22.9061 27.9468 38.5014 22.3303 27.6537 18.9501 26.4928 17.3123 15.4114 11.452 8.07739 5.31633 8.67113
threshold=1.5933268070220949 8482377.0000000019 117.21471023559572 1.4724457263946535 1.2901682853698733 0.74770158529281627 124.99787521362306 -0.90696880221366871 1.6767125725746157 -2.9785137176513667 0.012754473369568588 1.6252958774566653 -77.187499999999986 -648.62499999999989 0.00073155816062353562 188534.50000000003 0.82196417450904857 -11019.499999999998 3637912.5000000005 633.50000000000011 -0.40354973077774042 1.7193740010261538 144.3431091308594 75408.000000000015 0.0016537930350750687 -1.0524117350578306 0.18874686956405642 -867.99999999999989 0.28810013830661779
decision_type=2 2 2 2 2 2 2 2 2 2 2 2 2 2 2 2 2 2 2 2 2 2 2 2 2 2 2 2 2
left_child=1 2 3 11 5 -3 -7 8 -4 -5 -9 -1 13 19 23 -16 21 24 -19 20 -2 25 -23 -15 -18 -14 -21 28 -6
right_child=12 4 7 9 27 6 -8 10 -10 -11 -12 -13 16 14 15 -17 17 18 -20 26 -22 22 -24 -25 -26 -27 -28 -29 -30
leaf_value=0.016400950371636917 0.021079760008104961 -0.01238292265876356 0.016618226188007366 -0.0053629495366567326 0.012407659166563993 0.0021237013044532352 0.020689136364118069 0.0129443076094667 -0.006908114059502854 0.011959983932983073 -0.01241453363493715 0.027827922711059303 0.012807464065691603 -0.012715889398109701 0.018988974055077979 -0.012753800840298087 0.0027157482802199072 -0.0015011830749211614 0.019345560229283201 0.021474695481991674 0.0064458569947225697 0.021169845638947218 0.00049455717758894308 0.011373218168687433 0.02803310608652284 0.028393144510075973 0.032101969042737072 0.035910593399153139 0.032421976597457422
leaf_weight=787.31472660601139 39.93229566514492 4.5838814973831168 377.34598794579506 13.172039628028868 3.6406680941581744 12.526723846793173 89.450379371643066 1232.9536514282227 8.3345471173524839 36.315576404333115 4.2901362776756278 20.697659179568291 5.4405545294284812 13.405613213777544 22.049923002719883 5.0863561779260626 2.9007042944431332 16.579521179199219 18.823850065469742 14.958930566906931 19.419095158576965 71.325100287795067 6.8961568921804419 3.795509234070777 17.12293241918087 53.270853817462921 15.567401662468908 10.499810352921484 6.1706683486700058
leaf_count=2560 108 28 1251 73 12 57 251 4519 46 144 26 44 19 79 65 29 12 79 53 40 80 188 31 13 35 109 26 13 10
internal_value=0.0151224 0.0147355 0.0145028 0.0161555 0.0192776 0.017084 0.0184184 0.0136289 0.0161072 0.00732896 0.0128556 0.0166949 0.0182077 0.0150315 0.00508685 0.0130023 0.0204186 0.0149414 0.00955471 0.0199262 0.0163086 0.0226283 0.0193599 -0.00734238 0.0244155 0.0269659 0.026927 0.0307364 0.0250972
internal_weight=2933.87 2607.3 2480.42 857.5 126.872 106.561 101.977 1622.92 385.681 49.4876 1237.24 808.012 326.575 134.215 44.3374 27.1363 192.36 55.427 35.4034 89.8777 59.3514 136.933 78.2213 17.2011 20.0236 58.7114 30.5263 20.3111 9.81134
internal_count=10000 9034 8663 2821 371 336 308 5842 1297 217 4545 2604 966 440 186 94 526 179 132 254 188 347 219 92 47 128 66 35 22
is_linear=0
shrinkage=0.01


Tree=20
num_leaves=28
num_cat=0
split_feature=39 49 51 55 69 24 50 8 1 36 60 18 67 27 26 33 33 58 45 36 9 10 59 26 37 58 6
split_gain=33.6214 36.3231 29.8812 46.049 43.6705 45.1534 40.2116 38.6388 34.6909 32.389 30.7884 36.4552 28.855 28.2099 29.6693 25.3261 23.4819 22.7996 20.7499 19.325 16.9506 14.7041 10.3046 15.1782 7.85209 7.15789 6.38764
threshold=2.4510273933410649 -0.79283851385116566 0.0018636494060046973 2.0333116054534917 94.65845108032228 754.50000000000011 0.0062985129188746223 1.598428010940552 49428.500000000007 -1.8772085905075071 0.0026843844680115585 10151.000000000002 3.7945874929428105 -20391.999999999996 0.25907148420810705 0.76388245820999157 -0.88798782229423512 -29679.999999999996 2.5106227397918706 -0.84783038496971119 2087588.0000000002 -0.00095689500449225296 1.7193740010261538 0.46285690367221838 0.13910119980573657 -829.99999999999989 -159300327.99999997
decision_type=2 2 2 2 2 2 2 2 2 2 2 2 2 2 2 2 2 2 2 2 2 2 2 2 2 2 2
left_child=2 16 6 4 5 -4 7 9 -6 -1 -5 -12 18 -14 -15 20 17 21 19 -3 -8 -2 25 -24 -19 -18 -17
right_child=1 12 3 10 8 -7 15 -9 -10 -11 11 -13 13 14 -16 26 22 24 -20 -21 -22 -23 23 -25 -26 -27 -28
leaf_value=0.017461566587492202 0.037177871625108758 0.013335684520952134 0.015336265110404512 -0.012574335724777294 0.001677897461624182 0.020177709947158295 0.015001799678774904 -0.012501747209209603 0.013486629359116825 0.012680519254603975 -0.012304824507296273 0.028987060640626883 0.027589812945360965 0.0097301625782442586 -0.012645548652929104 -0.01257547846353221 0.032917059836815539 -0.01263292641447231 0.03094055455757869 0.019104294311597884 0.025167846409675235 0.012397517915637991 0.014940239108461364 0.030384589093652249 0.012868465559217009 0.024305285728444856 0.011376131312601283
leaf_weight=161.41617165505886 3.7043648362159738 107.11123289167881 664.99392734467983 9.4445957392454165 32.632304713129997 274.04061852395535 25.210442334413528 5.81948597729206 107.47038470208645 1242.0672663748264 3.4141206592321378 5.6103680282831192 5.7569855749607077 20.648268401622776 8.2851648926734907 2.6378007680177689 23.44543981552124 3.6480458080768576 10.594420403242109 131.68224647641182 50.56643708050251 7.3421661406755456 16.657466605305675 10.766268968582152 1.776103615760803 18.808446541428566 1.9015134572982777
leaf_count=517 4 365 2216 57 154 784 83 35 391 4478 21 13 12 77 49 15 37 21 17 379 123 25 51 19 6 44 7
internal_value=0.0148511 0.0176818 0.0144457 0.0157033 0.0159713 0.0167502 0.0135184 0.0131241 0.0107433 0.0132311 0 0.0132548 0.0159458 0.00735 0.00328826 0.0204232 0.0233947 0.0125384 0.0171375 0.016521 0.0217989 0.0207979 0.0259466 0.02104 -0.0040983 0.0291074 -0.00232188
internal_weight=2957.45 370.227 2587.23 1097.61 1079.14 939.035 1489.62 1409.3 140.103 1403.48 18.4691 9.02449 284.078 34.6904 28.9334 80.3162 86.1483 16.4707 249.388 238.793 75.7769 11.0465 69.6776 27.4237 5.42415 42.2539 4.53931
internal_count=10000 1106 8894 3636 3545 3000 5258 5030 545 4995 91 34 899 138 126 228 207 56 761 744 206 29 151 70 27 81 22
is_linear=0
shrinkage=0.01


Tree=21
num_leaves=27
num_cat=0
split_feature=59 9 28 65 67 21 18 20 9 59 59 28 36 64 34 37 28 59 60 35 40 33 10 40 22 18
split_gain=32.5735 25.6959 30.3163 30.0368 30.35 29.6482 67.9112 33.2951 25.0352 25.0057 28.1433 25.3122 24.3561 21.9687 21.9136 40.6233 28.799 52.1476 23.3528 20.7212 19.2679 14.2268 11.206 19.439 7.4398 6.86759
threshold=1.5933268070220949 8482377.0000000019 -648.62499999999989 1.989093065261841 4.2025671005249032 20841.500000000004 9464.5000000000018 578779.56250000012 3396285.0000000005 0.74770158529281627 1.193777918815613 409.46875000000006 2.0647547245025639 9.2631258964538592 0.13454280793666842 1.8164551854133608 -648.62499999999989 1.7193740010261538 -0.001971756923012435 1.4593046307563784 3.1411072015762334 -0.95408442616462696 -0.00011271499897702596 3.1411072015762334 115323.94531250001 61100.000000000007
decision_type=2 2 2 2 2 2 2 2 2 2 2 2 2 2 2 2 2 2 2 2 2 2 2 2 2 2
left_child=1 3 24 5 12 7 -7 -1 -6 11 -11 -4 -5 21 16 20 18 -18 -15 -17 -16 -2 25 -24 -3 -23
right_child=13 2 9 4 8 6 -8 -9 -10 10 -12 -13 -14 14 15 19 17 -19 -20 -21 -22 22 23 -25 -26 -27
leaf_value=0.013905606122441232 0.0075527701896749202 -0.012622079311477326 -0.012396048188103278 -0.012495880567842895 0.0027739774708176765 0.038417581624259005 -0.0039985400189997957 0.018040100424198152 0.018633958650115585 0.023779374459600381 0.012769828723481534 0.028749038456768745 0.013112884827929813 0.013840757962391715 0.022205727508252896 0.015442961107159746 0.018935829108066089 0.0026425557346102667 0.024772463502727233 -0.012907851216791848 0.003194477624397409 0.033371270815537334 0.0044211323275709811 0.033946582292619147 0.011723782299769021 0.021139517609414411
leaf_weight=2220.1050787568092 4.5033115446567527 3.651060312986373 4.5954095572233191 11.666193485260012 18.230760768055916 4.5810396224260357 21.319838255643845 215.51593090593815 22.368840292096138 84.067449167370796 32.73390731215477 2.2139239758253098 5.4199301302433005 48.904201656579971 114.28046649694443 4.9329643696546537 35.207529842853546 44.815728783607483 33.405146107077599 5.3937715291976929 5.7217506170272818 19.022814348340038 5.3355393856763822 3.9477146416902542 1.8796259611845014 6.7710047960281363
leaf_count=7647 17 21 28 72 86 7 107 655 69 200 111 4 20 162 284 16 100 191 75 30 24 24 22 5 7 16
internal_value=0.0145879 0.0142156 0.0185898 0.013991 0.00682462 0.0141585 0.00346491 0.0142719 0.0115369 0.0196161 0.0207025 0.000834629 -0.00431394 0.0175522 0.0165961 0.0196696 0.0141223 0.00982354 0.0182895 0.000538174 0.0213076 0.0245971 0.0267568 0.0170846 -0.00416723 0.0301991
internal_weight=2980.59 2648.35 129.141 2519.21 57.6857 2461.52 25.9009 2435.62 40.5996 123.611 116.801 6.80933 17.0861 332.242 292.662 130.329 162.333 80.0233 82.3093 10.3267 120.002 39.5804 35.0771 9.28325 5.53069 25.7938
internal_count=10000 9034 371 8663 247 8416 114 8302 155 343 311 32 92 966 882 354 528 291 237 46 308 84 67 27 28 40
is_linear=0
shrinkage=0.01


Tree=22
num_leaves=25
num_cat=0
split_feature=39 49 51 24 54 46 8 34 61 21 59 49 51 67 27 26 45 64 49 31 0 40 27 14
split_gain=31.6665 34.3973 28.441 39.1276 42.5102 42.1546 38.3313 32.929 32.2943 52.907 39.9889 31.9199 28.8283 27.1424 26.8118 28.764 19.6135 18.293 16.994 29.786 12.455 22.9173 12.1831 7.56012
threshold=2.4510273933410649 -0.79283851385116566 0.0018636494060046973 754.50000000000011 6.051577329635621 -0.28821527957916254 1.598428010940552 -0.34460113942623133 106.72344207763673 2387.5000000000005 0.93375542759895336 -1.0210883021354673 0.0075751789845526227 3.7945874929428105 -20391.999999999996 0.25907148420810705 2.5106227397918706 9.2631258964538592 -1.1815841197967527 -3.258104562759399 95484.500000000015 1.1752368807792666 -99567.999999999985 23.050000190734867
decision_type=2 2 2 2 2 2 2 2 2 2 2 2 2 2 2 2 2 2 2 2 2 2 2 2
left_child=2 18 6 4 11 12 8 -7 9 -1 -10 -4 -5 16 -15 -16 17 -3 19 -2 21 -20 -22 -21
right_child=1 13 3 5 -6 7 -8 -9 10 -11 -12 -13 -14 14 15 -17 -18 -19 20 23 22 -23 -24 -25
leaf_value=0.014499960285691343 0.034844629542218203 0.024354206757276693 0.019087833913406894 0.03214454898080138 -0.012537982644367427 0.0092634336579457115 -0.012497328507437967 0.018332382038845511 0.014490370855132675 0.027911871530351542 0.010619364374947092 0.013316787599557367 0.0057627934109602749 0.026579282772605822 0.0093843614083082734 -0.012633003352069046 0.029796309366564785 0.015012267491333456 0.022431603653232313 -0.012763952879025165 0.01853256063006891 -0.0022550851590930013 0.029906086971854286 0.011918640440584063
leaf_weight=372.48261034488678 2.9161687940359116 23.62494869530201 113.01028141379356 30.164325162768364 5.973898619413375 48.528319284319878 5.8133738785982123 242.86060963571072 463.88748759031296 32.138219252228737 637.47275793552399 669.57956558465958 4.9115686118602744 5.8808859735727301 20.893683806061748 8.2618835568428022 10.828212276101111 219.14441868662834 23.654621392488483 3.7395195662975294 13.268985405564306 4.3854159265756598 38.005828246474266 1.8237435072660444
leaf_count=1215 4 50 333 53 36 181 35 712 1579 68 2361 2302 19 12 77 49 17 694 56 21 36 20 64 6
internal_value=0.0143325 0.017057 0.0139417 0.0151588 0.013948 0.0180806 0.0130433 0.0168255 0.0131426 0.0155677 0.0122507 0.0141514 0.0284789 0.0153789 0.00707866 0.00311095 0.0165217 0.0159255 0.0225624 0.00891785 0.0240086 0.018535 0.0269823 -0.00449278
internal_weight=3003.25 376.428 2626.82 1115.03 788.564 326.465 1511.79 291.389 1505.98 404.621 1101.36 782.59 35.0759 288.634 35.0365 29.1556 253.598 242.769 87.7943 8.47943 79.3149 28.04 51.2748 5.56326
internal_count=10000 1106 8894 3636 2671 965 5258 893 5223 1283 3940 2635 72 899 138 126 761 744 207 31 176 76 100 27
is_linear=0
shrinkage=0.01


Tree=23
num_leaves=31
num_cat=0
split_feature=59 65 27 1 37 55 50 62 45 36 0 17 28 28 52 1 25 49 38 3 38 59 61 57 58 27 23 47 1 36
split_gain=30.5993 23.6839 32.994 31.8337 30.8056 30.6057 28.2215 45.5287 25.1257 24.5921 43.3658 26.8422 20.3794 59.7218 41.7013 39.3904 22.0936 32.4793 21.1432 25.3631 35.6967 17.0717 24.6174 16.7676 16.5353 15.8839 11.8406 10.5557 10.1142 7.94441
threshold=1.5933268070220949 1.989093065261841 50888.000000000007 204515.00000000003 1.6164382100105288 1.4085281491279604 -0.0041655511595308772 30.275999069213871 -1.1293632984161375 1.3571708202362063 80588.500000000015 1.0000000180025095e-35 -77.187499999999986 -648.62499999999989 0.00073155816062353562 188534.50000000003 32275.500000000004 -0.40354973077774042 0.82196417450904857 -11019.499999999998 2.1530156135559086 1.7193740010261538 144.3431091308594 0.92244097590446483 75408.000000000015 50888.000000000007 20.500000000000004 -1.0524117350578306 528355.00000000012 -1.2887184023857114
decision_type=2 2 2 2 2 2 2 2 2 2 2 2 2 2 2 2 2 2 2 2 2 2 2 2 2 2 2 2 2 2
left_child=1 2 3 4 -1 -5 7 -4 -8 11 28 -3 13 16 24 -16 17 -2 21 26 -21 27 -23 -13 -15 -12 -20 -14 -11 -18
right_child=12 9 6 5 -6 -7 8 -9 -10 10 25 23 18 14 15 -17 29 -19 19 20 -22 22 -24 -25 -26 -27 -28 -29 -30 -31
leaf_value=0.013338234711272684 0.019930787287854596 0.021692638309303642 0.00060271625794487357 0.018258773971398856 0.0069863292681509774 -0.01274590978963319 0.026962876147688917 0.026523326524653321 0.016805949594427869 -0.012436522860515617 0.024933277706881054 0.010956336363641603 0.011736559590829867 -0.01278714083634901 0.017793984804601912 -0.012801798711545456 0.020857348632566053 0.0040807652275536245 0.0030989620537675302 0.00021118445545911839 0.020303366080029469 0.019726292022584104 3.6259898305561013e-05 -0.012614917740856125 0.01044484610555901 0.011064806606322117 0.025621887079631669 0.026449134305215626 0.014438476239240373 0.031128858250014921
leaf_weight=2028.2621245533228 41.003241926431656 4.0667074620723751 24.023002222180367 163.49960866570473 80.040162578225136 3.2088437378406516 27.01343734562397 9.484797388315199 288.14231775701046 7.436709135770796 14.901861533522604 3.9222685098648098 5.6267657727003089 13.589819088578226 22.749392688274387 5.12385569512844 19.159268841147423 19.13604736328125 2.7994200140237835 21.014360293745995 15.395449072122572 73.87021167576313 7.058159038424491 12.627771407365797 3.9087089896202079 19.44386450946331 18.036417260766029 55.45914089679718 1.6942291855812071 13.755820602178572
leaf_count=6905 106 12 106 472 316 18 59 21 875 46 38 15 19 79 65 29 46 79 11 92 40 188 31 76 13 69 36 109 6 23
internal_value=0.0140845 0.0137261 0.0138733 0.013432 0.0130976 0.017656 0.0167494 0.00796971 0.0176797 0.00768508 0.0119529 -0.0012663 0.0169345 0.0139597 0.00452393 0.0121338 0.0185497 0.014904 0.018996 0.0138145 0.00873439 0.0210776 0.0180214 -0.00696824 -0.00754058 0.0171111 0.0226438 0.0251103 -0.0073404 0.0251804
internal_weight=3025.45 2687.77 2623.67 2275.01 2108.3 166.708 348.664 33.5078 315.156 64.0934 43.4767 20.6167 337.686 138.426 45.3718 27.8732 93.0544 60.1393 199.26 57.2456 36.4098 142.014 80.9284 16.55 17.4985 34.3457 20.8358 61.0859 9.13094 32.9151
internal_count=10000 9034 8772 7711 7221 490 1061 127 934 262 159 103 966 440 186 94 254 185 526 179 132 347 219 91 92 107 47 128 52 69
is_linear=0
shrinkage=0.01


Tree=24
num_leaves=29
num_cat=0
split_feature=39 49 27 46 65 51 55 69 50 8 2 54 22 23 33 55 37 19 49 56 33 17 25 40 1 67 20 34
split_gain=29.9535 33.2711 29.7761 57.7942 29.5175 27.0957 42.5536 40.5112 37.2072 35.9681 34.1217 31.4231 29.0238 28.1776 23.7998 19.8432 37.3689 19.1042 28.9998 27.7572 23.3916 19.3504 19.8801 17.8605 15.7683 14.8975 10.5701 6.21182
threshold=2.4510273933410649 -0.1937102526426315 -109543.99999999999 -0.10387073084712027 -0.69595840573310841 0.0018636494060046973 2.0333116054534917 94.65845108032228 0.0062985129188746223 1.598428010940552 23818.000000000004 2.9731808900833134 96220.914062500015 633.50000000000011 0.76388245820999157 -0.6303010582923888 -1.7864711880683897 76764.183593750015 -0.79283851385116566 0.51137369871139537 -0.88798782229423512 23006.500000000004 82249.500000000015 -3.1714155673980708 144506.50000000003 -3.03473949432373 711663.43750000012 1.3413276672363283
decision_type=2 2 2 2 2 2 2 2 2 2 2 2 2 2 2 2 2 2 2 2 2 2 2 2 2 2 2 2
left_child=5 17 15 -4 -5 8 7 13 9 11 -9 -1 26 -7 24 23 -17 18 20 -20 -2 25 -23 -3 -10 -19 -8 -16
right_child=1 2 3 4 -6 6 12 10 14 -11 -12 -13 -14 -15 27 16 -18 21 19 -21 -22 22 -24 -25 -26 -27 -28 -29
leaf_value=0.011834540082507597 0.0097968901911238936 0.00045104524916954444 -0.01303980054680747 -0.00051035075888925744 0.01458180577772919 0.014564474071298895 -0.01260255629142258 -0.007890319479037745 0.016165865888010649 -0.0125033687167542 0.011258278110699167 0.016835776249515377 0.017584681404351824 0.018383907653270502 -0.012697993822128129 -0.0031146232632274576 0.027417456141405748 0.01358065627752378 0.01989257895714331 0.0074580202959631447 0.024147618496490723 -0.012845946826272442 0.022125529291380532 0.024893029718054974 0.025273465915083712 0.028046237275327783 0.01379538389115811 0.010636452808457604
leaf_weight=1304.0504133403301 14.193740546703337 3.3445567041635504 9.7695125937461835 15.05091208219528 87.899358242750168 697.68908952176571 10.935826525092127 9.9369766414165479 41.744683742523193 5.8203946053981772 134.15040047466755 140.23106533288956 6.12793906033039 271.21836759150028 2.6923758387565604 9.4609959572553652 6.8932658880949012 8.7497447431087476 31.216771528124809 43.168141797184944 62.504255756735802 2.7523527890443793 3.8972956538200378 36.845560491085052 36.601983726024628 46.562339603900909 1.726519003510474 1.9490140229463575
leaf_count=4563 49 14 54 68 273 2240 66 55 127 35 490 432 19 760 15 44 13 28 83 160 132 15 8 78 79 87 6 7
internal_value=0.0138437 0.0164731 0.0131445 0.0101549 0.0123657 0.0134661 0.0146452 0.0148971 0.0125951 0.0122205 0.00993076 0.0123208 -0.000225836 0.0156346 0.0191285 0.0190865 0.0096934 0.019113 0.0171715 0.0126898 0.0215049 0.0238308 0.00750012 0.0228839 0.0204335 0.025776 -0.00892421 -0.00268393
internal_weight=3047.18 382.309 169.264 112.72 102.95 2664.88 1131.79 1112.99 1533.09 1450.1 144.087 1444.28 18.7903 968.907 82.9881 56.5444 16.3543 213.045 151.083 74.3849 76.698 61.9617 6.64965 40.1901 78.3467 55.3121 12.6623 4.64139
internal_count=10000 1106 544 395 341 8894 3636 3545 5258 5030 545 4995 91 3000 228 149 57 562 424 243 181 138 23 92 206 115 72 22
is_linear=0
shrinkage=0.01


Tree=25
num_leaves=31
num_cat=0
split_feature=39 49 27 38 65 51 56 28 28 24 61 21 59 68 53 6 9 53 39 19 49 33 21 24 39 53 9 9 37 22
split_gain=28.8843 31.8824 28.6257 27.6966 26.3433 37.8412 34.0435 38.9128 33.6843 33.9197 31.7804 50.3817 29.5745 27.5348 25.922 24.8919 24.7093 24.6108 22.7984 18.2039 27.8749 28.9922 25.0755 23.2355 23.1102 16.2211 14.3048 31.1619 14.0648 8.47085
threshold=2.4510273933410649 -0.1937102526426315 -109543.99999999999 -1.8229711651802061 1.989093065261841 0.0043348753824830064 5.6242876052856454 -1011.9999999999999 623.43750000000011 296.50000000000006 106.72344207763673 2387.5000000000005 0.93375542759895336 72.351142883300795 -0.86292782425880421 -116700363.99999999 3396285.0000000005 1.9390740394592287 -0.76997652649879444 76764.183593750015 -0.91277694702148426 -1.29328978061676 1.0000000180025095e-35 714.50000000000011 3.5840419530868535 -1.7041901946067808 3933718.5000000005 7793110.0000000009 -2.1697393655776973 126265.38281250001
decision_type=2 2 2 2 2 2 2 2 2 2 2 2 2 2 2 2 2 2 2 2 2 2 2 2 2 2 2 2 2 2
left_child=4 19 26 29 5 10 7 -7 15 13 11 -1 -12 -10 -5 18 -11 -8 -6 20 22 -22 -2 25 -25 -21 28 -28 -3 -4
right_child=1 2 3 14 8 6 17 -9 9 16 12 -13 -14 -15 -16 -17 -18 -19 -20 23 21 -23 -24 24 -26 -27 27 -29 -30 -31
leaf_value=0.013893276406823914 0.025638956520930112 0.014270337204042874 -0.0129426835127383 -0.00665438503859058 0.016655294114138578 0.0033348699395302009 0.010252660813656006 0.015937869244076294 0.026740862677536868 0.0022661176590973832 0.013546290776921767 0.026111834659697575 0.010563557470201717 -0.012602885728465612 0.012773821350746062 0.018318368953307202 0.025845316048951628 -0.012683492488561727 -0.012722705969127437 0.0070785276321583849 -0.013020575099568924 0.014749017690072846 0.007275115551107725 -0.012949227259894161 0.02301203595587762 0.027141091303950565 0 0.024743262919078416 0.027281331860994351 0.010623631037177847
leaf_weight=410.13491393625736 45.588993176817894 13.630140841007231 6.4745691716670972 7.3178063184022895 3.1479431688785615 25.523196086287498 14.047785088419916 760.39093963801861 2.3585005104541761 6.1656300723552731 580.45975163578987 37.009740337729454 792.64649637043476 7.1773492097854614 97.537052005529404 4.5206267088651648 16.85966794192791 6.9918979257345191 15.746800795197485 4.5258523225784293 3.8782686144113532 93.761222630739212 9.0768769830465299 3.3180899769067755 3.8277912884950638 50.977793097496033 10.528229638934137 9.7762696743011457 23.111656233668327 1.9497716575860975
leaf_count=1305 88 42 36 36 10 103 50 2315 6 28 1938 77 2833 43 316 15 37 41 93 16 21 282 33 18 8 96 44 19 44 7
internal_value=0.0136098 0.0161819 0.0129313 0.0100031 0.0132401 0.013385 0.0151935 0.0155298 0.00641746 0.013001 0.0125827 0.0149068 0.0118252 -0.00276713 0.0114084 -0.00269487 0.0195748 0.002583 -0.00777528 0.0187529 0.0168627 0.0136358 0.0226081 0.0233321 0.00617399 0.0255232 0.0187284 0.0118872 0.0224818 -0.00736967
internal_weight=3068.46 385.28 170.325 113.279 2683.18 2627.2 806.954 785.914 55.9765 32.5611 1820.25 447.145 1373.11 9.53585 104.855 23.4154 23.0253 21.0397 18.8947 214.955 152.305 97.6395 54.6659 62.6495 7.14588 55.5036 57.0463 20.3045 36.7418 8.42434
internal_count=10000 1106 544 395 8894 8662 2509 2418 232 114 6153 1382 4771 49 352 118 65 91 103 562 424 303 121 138 26 112 149 63 86 43
is_linear=0
shrinkage=0.01


Tree=26
num_leaves=28
num_cat=0
split_feature=59 9 61 65 55 54 36 28 39 59 60 57 60 60 65 22 25 49 53 59 54 61 30 17 58 31 40
split_gain=27.9593 23.4649 31.3575 35.6259 29.7139 28.4804 31.0188 28.4303 30.0387 26.1295 25.5713 23.0373 20.2102 27.2385 32.9945 29.2199 20.7928 22.3895 26.3268 22.5228 15.5213 30.4261 16.614 10.6119 7.77713 7.26685 7.11163
threshold=1.5933268070220949 8482377.0000000019 117.21471023559572 1.4724457263946535 -0.028949843719601628 -0.90696880221366871 -0.7376405894756316 -648.62499999999989 -0.99398884177207936 1.193777918815613 0.012754473369568588 1.6252958774566653 -0.001971756923012435 -0.0061112735420465461 -0.89349979162216175 3214.5200195312505 82249.500000000015 -0.3259670734405517 0.80801433324813854 2.1959269046783452 -0.74617168307304371 43.442935943603523 48.499692916870124 98079.500000000015 24048.000000000004 1.0000000180025095e-35 1.9885518550872805
decision_type=2 2 2 2 2 2 2 2 2 2 2 2 2 2 2 2 2 2 2 2 2 2 2 2 2 2 2
left_child=1 2 3 11 -5 6 -4 26 24 -10 -7 -1 13 20 -15 -16 17 19 -19 -14 21 -2 -22 25 -9 -18 -3
right_child=12 7 5 4 -6 10 -8 8 9 -11 -12 -13 16 14 15 -17 23 18 -20 -21 22 -23 -24 -25 -26 -27 -28
leaf_value=0.014563363308099138 0.025881233020047044 -0.012768256233764699 0.010315889494044255 -0.012570877687647067 0.0093068674100851775 0.011387526139439668 0.016261924425264872 -0.012633076792247473 0.022012447358712339 0.011619965090145528 -0.012585510547906312 0.025004742107931955 0.020874482361107786 -0.012764795568073996 -0.0038626019835232492 0.01603990475205409 0.021892215896789826 0.014380121266316334 -0.0033400891841904546 0.0070484248844317797 0.019729000678074395 -0.012680082618447471 0.0021874934415954802 0.011307085411051082 0.012473804205392763 0.031325625699497629 0.010630368770004924
leaf_weight=829.72779181599617 3.5276819765567762 3.7442714124917975 130.518076390028 7.1800261735916129 44.469226762652397 1296.2110920846462 275.34919829666615 3.800149828195571 88.878740862011909 33.914646431803703 4.4251579493284217 21.969602957367897 99.578070551156998 7.4474664926528922 10.257735460996626 25.614855319261551 18.447716668248177 66.125851824879646 9.5002352148294431 13.622542679309843 57.985770121216774 4.8455908447504044 6.0968187153339377 5.6569141596555701 1.7958562821149824 16.677467659115791 1.9492061734199522
leaf_count=2560 6 21 463 43 174 4519 834 22 204 111 26 44 228 43 49 75 39 200 43 47 142 28 26 18 6 22 7
internal_value=0.0133822 0.0130428 0.0128316 0.014344 0.00624617 0.0120305 0.0143523 0.0171449 0.0181161 0.0191503 0.0113052 0.0148339 0.0160761 0.0126397 0.00632901 0.0103209 0.0178045 0.0163898 0.0121409 0.0192195 0.0163989 0.00344647 0.0180757 0.0243307 -0.00439714 0.0263997 -0.00458192
internal_weight=3089.32 2743.93 2609.85 903.347 51.6493 1706.5 405.867 134.083 128.389 122.793 1300.64 851.697 345.385 115.776 43.3201 35.8726 229.609 188.827 75.6261 113.201 72.4559 8.37327 64.0826 40.7821 5.59601 35.1252 5.69348
internal_count=10000 9034 8663 2821 217 5842 1297 371 343 315 4545 2604 966 369 167 124 597 518 243 275 202 34 168 79 28 61 28
is_linear=0
shrinkage=0.01


Tree=27
num_leaves=28
num_cat=0
split_feature=39 49 27 46 31 20 63 48 22 69 55 34 3 72 10 10 55 37 40 40 0 31 27 31 50 60 72
split_gain=27.2378 30.1573 27.1166 55.6454 27.2012 25.3681 33.0482 25.2803 28.5063 34.5824 33.0733 23.2484 29.3098 28.659 22.4064 29.1972 18.3885 34.9163 16.8267 16.3288 41.8684 27.611 12.3098 10.9308 17.1631 11.3121 8.15473
threshold=2.4510273933410649 -0.1937102526426315 -109543.99999999999 -0.10387073084712027 1.2977344393730166 535533.21875000012 6.561220884323121 2.038099050521851 23556.715820312504 95.966930389404311 0.25033189356327062 -0.57939127087593068 17148.500000000004 -885711.24999999988 -0.00074950000271201123 -0.00061555500724352885 -0.6303010582923888 -1.7864711880683897 -3.1714155673980708 -0.97109809517860401 95484.500000000015 2.4387061595916752 -99567.999999999985 -0.44840756058692927 -1.0000000180025095e-35 0.0016537930350750687 -1252880.1874999998
decision_type=2 2 2 2 2 2 2 2 2 2 2 2 2 2 2 2 2 2 2 2 2 2 2 2 2 2 2
left_child=5 19 16 -4 -5 7 -7 8 9 -1 -10 12 -8 -13 26 -16 18 -18 -3 23 21 -21 -22 25 -25 -2 -9
right_child=1 2 3 4 -6 6 11 14 10 -11 -12 13 -14 -15 15 -17 17 -19 -20 20 22 -23 -24 24 -26 -27 -28
leaf_value=0.013387559022378868 0.028439483264156355 8.8199192328056788e-05 -0.013067813896186636 0.014736868026848622 0.0029077584151133841 -0.012759704067373954 0.0065923545129014374 0.020360606224921227 0.0092815594374176455 0.0035402896884216386 0.013243222269893176 0.018053043152643548 0.019419246594192734 0.0021713568445016784 -0.01308126543727493 0.016909317097263728 -0.003276650734027612 0.025917762982926473 0.023600524915308809 0.0046438304604792006 0.013627888858200328 0.020593484569686252 0.022639519128354119 0.023031381371301327 0.0081969943532085934 0.017635606202240861 0.035378195064354634
leaf_weight=1379.7696449756622 31.25649619102478 3.4025383144617072 9.8093946725130063 78.627620875835419 26.122283160686493 4.074103355407714 52.099619165062904 6.9721402376890174 540.30018275976181 36.895205572247505 349.19490668177605 235.55471347272396 27.381015598773956 12.089561656117437 3.3862387090921393 62.43112875521183 9.5516209751367587 7.1076304465532294 37.889030531048775 39.030838027596474 20.775742590427399 15.172459423542021 63.616061210632324 20.543016478419304 12.98636010289192 14.962936237454413 8.7010249346494657
leaf_count=4457 51 14 54 235 106 23 195 18 1928 157 1137 645 74 49 18 181 44 13 78 148 62 37 138 44 45 37 12
internal_value=0.0131611 0.0156411 0.0124973 0.00965871 0.0117965 0.0128042 0.0154104 0.0124423 0.0122475 0.0131318 0.0108379 0.0157643 0.0110238 0.0172818 0.0179426 0.0153511 0.0180915 0.00911905 0.0216873 0.0181203 0.0160184 0.00912687 0.0204329 0.0217606 0.0173157 0.0249635 0.0287615
internal_weight=3109.7 390.854 172.51 114.559 104.75 2718.85 331.199 2387.65 2306.16 1416.66 889.495 327.125 79.4806 247.644 81.4905 65.8174 57.9508 16.6593 41.2916 218.344 138.595 54.2033 84.3918 79.7488 33.5294 46.2194 15.6732
internal_count=10000 1106 544 395 341 8894 986 7908 7679 4614 3065 963 269 694 229 199 149 57 92 562 385 185 200 177 89 88 30
is_linear=0
shrinkage=0.01


Tree=28
num_leaves=28
num_cat=0
split_feature=39 49 51 69 56 24 50 60 69 36 58 68 60 67 27 26 33 33 3 45 36 56 48 49 0 0 6
split_gain=26.3363 29.1219 25.0168 36.7904 40.1904 39.5058 34.7687 32.4408 33.7164 30.4027 34.3908 29.2616 29.0738 24.6546 24.3223 26.9438 22.4655 19.7685 25.4846 18.0084 17.1896 17.0948 14.7591 8.37822 25.9533 9.41827 6.03228
threshold=2.4510273933410649 -0.79283851385116566 0.0018636494060046973 94.65845108032228 9.1635432243347186 754.50000000000011 0.0062985129188746223 0.0052916817367076882 97.153057098388686 -1.8772085905075071 -10507.999999999998 10.69508743286133 1.0000000180025095e-35 3.7945874929428105 -20391.999999999996 0.25907148420810705 0.76388245820999157 -0.88798782229423512 -25360.999999999996 2.5106227397918706 -0.84783038496971119 2.9769973754882817 -1.0011376142501829 -1.1815841197967527 128088.50000000001 95484.500000000015 -159300327.99999997
decision_type=2 2 2 2 2 2 2 2 2 2 2 2 2 2 2 2 2 2 2 2 2 2 2 2 2 2 2
left_child=2 17 6 4 5 -4 9 12 -9 10 -1 -11 -5 19 -15 -16 22 18 21 20 -3 -2 -8 24 -19 -25 -18
right_child=1 13 3 7 -6 -7 16 8 -10 11 -12 -13 -14 14 15 -17 26 23 -20 -21 -22 -23 -24 25 -26 -27 -28
leaf_value=0.019735418349582909 0.0031691752974106653 0.011439793062201243 0.013266231705689045 0.011746296408966799 -0.012414956425571305 0.017632086202515228 -0.00021573765558128972 0.0049901502465575526 0.023752018725764993 0.020091754808697782 0.010721331790878001 0.010649155515531996 0.0013997468057208118 0.024163072738329912 0.0082724592439427855 -0.012755779960320892 -0.012803208178916005 0.026251053633486343 -0.012859561013808947 0.027344160752298775 0.016720281914567196 0.026019421250393592 0.020165234572980507 0.018162473870073297 -0.012941263957038141 0.026313911115261091 0.0099433877002150749
leaf_weight=88.501464620232582 5.6159154474735287 113.45591478049755 711.08726790547371 51.071476802229881 5.5182518959045401 295.57786452770233 3.6231679618358603 15.56418953835964 25.555390417575836 33.937181740999222 82.523246049880981 1282.847684726119 58.537450537085533 6.1887068003416053 21.698642969131473 8.451874837279318 2.7367317527532578 4.6734855473041526 3.617247447371482 11.346429318189619 140.04264879226685 8.2314054965972883 77.059594929218292 22.108547911047935 2.6078015118837357 45.570880278944969 1.9949725419282902
leaf_count=236 22 365 2248 176 34 795 15 63 64 91 282 4421 256 12 77 49 15 8 20 17 379 14 191 54 14 75 7
internal_value=0.0129456 0.0153757 0.0125957 0.0137131 0.0144011 0.0145491 0.0117691 0.00908586 0.0166748 0.0114111 0.0153918 0.0108933 0.00622977 0.0138585 0.00608789 0.0023446 0.0179939 0.0203092 0.0106191 0.0149209 0.0143609 0.0168245 0.0192376 0.0225535 0.0120769 0.0236659 -0.00300149
internal_weight=3129.75 393.61 2736.14 1162.91 1012.18 1006.67 1573.22 150.729 41.1196 1487.81 171.025 1316.78 109.609 301.184 36.3392 30.1505 85.4145 92.4253 17.4646 264.845 253.499 13.8473 80.6828 74.9607 7.28129 67.6794 4.7317
internal_count=10000 1106 8894 3636 3077 3043 5258 559 127 5030 518 4512 432 899 138 126 228 207 56 761 744 36 206 151 22 129 22
is_linear=0
shrinkage=0.01


Tree=29
num_leaves=25
num_cat=0
split_feature=59 9 61 65 34 59 61 54 47 22 53 3 39 72 21 64 58 49 37 24 46 34 21 38
split_gain=25.8994 22.1998 29.7486 33.8479 27.4536 36.5564 33.5963 27.2073 40.9381 26.2938 23.1645 22.0652 19.0696 29.6749 20.8199 19.3766 16.2651 15.5553 9.79665 15.4719 7.83431 5.69544 4.58201 5.54087
threshold=1.5933268070220949 8482377.0000000019 117.21471023559572 1.4724457263946535 1.2901682853698733 0.74770158529281627 124.99787521362306 -0.90696880221366871 1.6767125725746157 54626.480468750007 0.52152147889137279 -3498.9999999999995 1.7431697249412539 -807835.62499999988 -4572.4999999999991 9.2631258964538592 -127715.99999999999 -1.1815841197967527 -1.0729357004165647 40.500000000000007 0.59017083048820507 0.19919209927320483 -867.99999999999989 2.0194348096847539
decision_type=2 2 2 2 2 2 2 2 2 2 2 2 2 2 2 2 2 2 2 2 2 2 2 2
left_child=1 2 3 11 5 -3 -7 8 -4 -5 -9 -1 14 15 -2 17 -17 -14 21 -20 -15 -16 23 -6
right_child=12 4 7 9 22 6 -8 10 -10 -11 -12 -13 13 20 18 16 -18 -19 19 -21 -22 -23 -24 -25
leaf_value=0.012494662642529859 -0.012748054491074596 -0.012587383648125795 0.014147695489609731 -0.0015397235265113196 0.01371262428087138 0.00066993615905126726 0.017622888250303254 0.0098426314942195031 -0.0075393039757819524 0.012598620513299385 0.01271579473404714 0.015703511476513651 -0.012386277657787116 -0.013047629631457428 0.021860071016098499 0.023868403368497416 0.013450916603560492 0.022605784791910447 -0.012894882983160006 0.022258753619533573 0.010776440334325352 0.035463999376218636 0.031254866818287159 0.028736595175836977
leaf_weight=423.75067129731178 1.5038691461086298 4.7757180184125891 405.06771822273731 25.034158796072006 5.0979017317295092 13.438729017972944 96.626281395554543 914.75812318921089 8.8345880657434446 27.45978756248951 410.21154832839966 444.92639626562595 1.2749142497777928 4.793084278702735 5.2956038117408797 16.200248748064041 259.06081825494766 39.726244762539864 1.3637394756078691 11.752597793936728 1.8955709785223005 9.5668408274650556 11.397172376513479 5.5004461854696274
leaf_count=1329 8 28 1251 123 14 57 251 3206 46 94 1339 1275 7 26 12 31 759 75 7 25 6 10 13 8
internal_value=0.0127361 0.0124123 0.0122088 0.0136673 0.016362 0.0143827 0.0155621 0.0114356 0.0136824 0.00583705 0.0107329 0.0141393 0.015303 0.0145918 0.0230604 0.0150335 0.0140677 0.0214933 0.0250209 0.0185275 -0.00614636 0.0306841 0.0266503 0.0216043
internal_weight=3149.31 2796.88 2660.04 921.171 136.836 114.841 110.065 1738.87 413.902 52.4939 1324.97 868.677 352.434 322.951 29.4827 316.262 275.261 41.0012 27.9788 13.1163 6.68866 14.8624 21.9955 10.5983
internal_count=10000 9034 8663 2821 371 336 308 5842 1297 217 4545 2604 966 904 62 872 790 82 54 32 32 22 35 22
is_linear=0
shrinkage=0.01


Tree=30
num_leaves=29
num_cat=0
split_feature=59 40 37 2 55 10 55 61 26 20 35 9 61 3 59 28 28 36 55 26 36 37 22 40 38 51 49 3
split_gain=25.0569 21.9637 39.7294 43.881 42.031 38.6499 38.3849 28.1374 24.4017 32.3711 34.0592 22.5903 41.9815 35.0459 18.4576 34.3443 30.6658 49.5918 26.6686 39.6319 24.9915 17.1394 19.1674 13.3453 11.7863 12.7244 11.4054 7.79328
threshold=1.5933268070220949 2.1180012226104741 -1.9901097416877744 46247.500000000007 1.0000000180025095e-35 -0.00043729000026360149 0.64526459574699413 74.683212280273452 0.27357146143913275 496127.04687500006 -1.9563995003700254 8482377.0000000019 124.99787521362306 80086.000000000015 1.6532541513442995 239.25000000000003 -648.62499999999989 -0.84783038496971119 0.64526459574699413 0.10121434181928636 0.25762532651424414 1.9252262115478518 139141.11718750003 -0.58810684084892262 0.82196417450904857 -0.026293114759027954 1.2847136855125429 2745.0000000000005
decision_type=2 2 2 2 2 2 2 2 2 2 2 2 2 2 2 2 2 2 2 2 2 2 2 2 2 2 2 2
left_child=1 8 6 4 -4 -5 7 -3 11 10 -10 13 -13 -1 18 16 20 -18 24 -20 -16 23 -23 -17 25 -2 -11 -26
right_child=14 2 3 5 -6 -7 -8 -9 9 26 -12 12 -14 -15 15 21 17 -19 19 -21 -22 22 -24 -25 27 -27 -28 -29
leaf_value=0.01173115872779594 0.003043529158388434 0.015914112662613923 0.010090858151193568 0.019337576848855637 -0.008601939651960093 0.0092123286323806796 0.030861816930974954 -0.010999622588095432 0.02070134393024585 0.011261144010925778 0.012901809154552033 -0.0067910740952470119 0.017775698720675564 -0.0037064103147495652 0.0173404132892622 0.02321202875180834 -0.0036884202684610589 0.012137146415860976 0.023191867226290925 -0.01334472152943973 -0.0013545508538667047 -0.013116592103498557 0.017951866528211124 0.015956456543386167 -1.710255630982574e-05 0.025380600619871598 0.027351341224593685 0.0224526531192141
leaf_weight=1746.9206137657166 2.80138175189495 4.7628884017467561 30.204498514533043 64.789337664842606 19.947641506791115 91.675175622105598 3.1944746673107138 20.591183796525002 62.193710848689079 5.6730489581823376 609.63080860674381 7.3741642087697974 107.88132131099701 14.731318265199659 74.092353045940399 48.16740420460701 28.98973785340786 61.912628069519997 6.3162350952625257 5.5699253380298615 7.8055270016193381 3.5738984495401365 4.4267683029174805 56.889333352446556 3.5824059695005408 48.06970939040184 24.130183205008507 2.5998319387435913
leaf_count=5717 11 13 104 169 98 315 6 106 155 18 1913 36 274 67 186 93 131 185 12 29 33 19 11 147 15 88 43 6
internal_value=0.0125321 0.0122144 0.00927221 0.0108007 0.002636 0.0134114 -0.00175528 -0.0059043 0.0124823 0.0140811 0.0136253 0.0118841 0.0161952 0.0116015 0.0150485 0.0139165 0.011098 0.0070792 0.0197279 0.00598647 0.0155464 0.0182156 0.00394859 0.0192926 0.0225732 0.0241702 0.0243221 0.00927041
internal_weight=3168.5 2813.7 235.165 206.617 50.1521 156.465 28.5485 25.3541 2578.54 701.628 671.825 1876.91 115.255 1761.65 354.797 285.858 172.8 90.9024 68.9395 11.8862 81.8979 113.057 8.00067 105.057 57.0533 50.8711 29.8032 6.18224
internal_count=10000 9034 811 686 202 484 125 119 8223 2129 2068 6094 310 5784 966 805 535 316 161 41 219 270 30 240 120 99 61 21
is_linear=0
shrinkage=0.01


Tree=31
num_leaves=30
num_cat=0
split_feature=39 49 27 46 38 65 51 28 56 28 0 50 36 6 53 39 2 19 49 56 24 39 33 53 60 37 22 69 2
split_gain=24.6256 28.4408 25.505 52.9169 29.2838 24.0923 34.3859 31.5073 31.4875 36.1845 31.4214 29.1245 26.7548 23.7209 23.182 21.5523 21.4378 16.5551 25.3899 25.3128 21.5589 21.3128 20.6167 14.8958 14.5003 12.8669 24.0418 15.9888 8.80079
threshold=2.4510273933410649 -0.1937102526426315 -109543.99999999999 -0.10387073084712027 -1.8229711651802061 1.989093065261841 0.0043348753824830064 623.43750000000011 5.6242876052856454 -1011.9999999999999 80588.500000000015 0.0062985129188746223 -1.8772085905075071 -116700363.99999999 1.9390740394592287 -0.76997652649879444 197893.50000000003 76764.183593750015 -0.79283851385116566 0.51137369871139537 714.50000000000011 3.5840419530868535 -0.88798782229423512 -1.7041901946067808 0.0079383240081369894 -2.1697393655776973 38790.279296875007 9.9374313354492205 402099.00000000006
decision_type=2 2 2 2 2 2 2 2 2 2 2 2 2 2 2 2 2 2 2 2 2 2 2 2 2 2 2 2 2
left_child=5 17 25 -4 -5 6 11 13 9 -8 28 12 -1 15 -10 -7 -13 18 22 -20 23 -22 -2 -19 -12 26 -3 -27 -9
right_child=1 2 3 4 -6 7 8 10 14 -11 24 16 -14 -15 -16 -17 -18 20 19 -21 21 -23 -24 -25 -26 27 -28 -29 -30
leaf_value=0.014749999164065969 0.0084401953274039487 0.017250296321108444 -0.013139613341584285 -0.0072715800593886387 0.012458833326817265 0.015166815241914241 0.0025696368606368879 -0.012512157123048127 0.0091620199977005094 0.014523845269815948 0.020004953042470838 0.013786678245915686 0.010675510494329129 0.016981611436993227 -0.012810333832765031 -0.012842205099952875 0.024275546183442877 0.005999911054599477 0.017857519663442692 0.006261368925294949 -0.013138150885140577 0.020777657692698535 0.021611798094526593 0.024866426715537564 -0.00077792168672394572 0 -0.0057818187255318353 0.022809201243227134 0.012813345488039744
leaf_weight=180.74877138435841 14.821836501359938 16.671516895294193 9.9128074496984464 8.0726602822542173 99.347639381885529 3.2825626283884111 26.369696125388145 5.6232082694768897 14.564907252788545 790.9313550889492 22.518809944391254 72.357147693634033 1609.0161736905575 4.6903510093688956 7.1457383632659903 16.100897267460823 27.238305479288101 4.6955744028091422 32.824077770113945 45.05723462998867 3.4063097387552252 4.0198839604854584 66.033702790737152 53.400343626737595 3.8372562974691382 3.4327546358108512 6.145979791879653 33.286545023322105 1.7805652469396589
leaf_count=536 49 42 54 40 301 10 103 34 50 2315 57 212 5352 15 41 93 53 16 83 160 18 8 132 96 17 14 28 65 6
internal_value=0.012333 0.0146608 0.0116446 0.00892164 0.0109668 0.0119975 0.0121332 0.00557848 0.0138234 0.0141394 0.0118176 0.0113821 0.0110876 -0.00312935 0.00188408 -0.00804733 0.0166653 0.0170352 0.0152673 0.0111616 0.021303 0.00508621 0.0192096 0.0233588 0.0169412 0.0169942 0.0110027 0.0206901 -0.00628645
internal_weight=3187.33 401.129 176.87 117.333 107.42 2786.21 2728.37 57.8337 839.012 817.301 33.7598 1889.36 1789.76 24.0738 21.7106 19.3835 99.5955 224.259 158.737 77.8813 65.5221 7.42619 80.8555 58.0959 26.3561 59.5368 22.8175 36.7193 7.40377
internal_count=10000 1106 544 395 341 8894 8662 232 2509 2418 114 6153 5888 118 91 103 265 562 424 243 138 26 181 112 74 149 70 79 40
is_linear=0
shrinkage=0.01


Tree=32
num_leaves=27
num_cat=0
split_feature=39 49 27 46 38 20 62 47 7 40 48 19 50 51 20 49 55 37 19 49 21 48 14 53 40 54
split_gain=23.8695 27.3902 24.6197 51.7156 28.491 23.3394 28.6546 23.9457 48.9999 44.4544 22.3676 58.6763 19.4427 27.8989 24.733 18.1325 17.064 32.6114 15.8767 24.6929 22.4226 22.0781 15.9683 16.9568 15.7358 10.8053
threshold=2.4510273933410649 -0.1937102526426315 -109543.99999999999 -0.10387073084712027 -1.8229711651802061 535533.21875000012 6.5633211135864267 -0.45333899557590479 1.8781930804252627 3.1411072015762334 1.6936348080635073 534538.34375000012 0.0032222156878560786 0.02701447252184153 314489.81250000006 1.7522760033607485 -0.6303010582923888 -1.7864711880683897 76764.183593750015 -0.91277694702148426 1.0000000180025095e-35 -0.96714040637016285 17.550000190734867 0.93317076563835155 -3.1714155673980708 1.2967620491981509
decision_type=2 2 2 2 2 2 2 2 2 2 2 2 2 2 2 2 2 2 2 2 2 2 2 2 2 2
left_child=5 18 16 -4 -5 7 -7 8 9 -1 15 -12 13 -9 -14 -8 24 -18 19 20 -2 -21 23 -20 -3 -24
right_child=1 2 3 4 -6 6 10 12 -10 -11 11 -13 14 -15 -16 -17 17 -19 22 21 -22 -23 25 -25 -26 -27
leaf_value=0.010374071644812712 0.023058118350650494 0 -0.013096804460064101 -0.0072257642935867096 0.012264141931505971 -0.012879367082290673 0.015169203378396506 0.011587479419076303 -0.013247785159372891 -0.013224167983669311 0.022837206507599028 0.0053767417365451009 0.013092913757032412 -0.0071395168115571282 0.021026826453703251 0.023658842413492059 -0.0036929889624503494 0.024076402925296767 0.012327377344706614 -0.013341782473075501 0.0060704277667886098 0.012893808964577667 0.029493505900221192 0.029499294942138161 0.021909751091178431 0.015713939464937939
leaf_weight=546.86503167450428 48.092461481690407 3.4983001649379721 9.8460914194583875 8.0427577048540098 99.912648275494576 3.8050393611192694 214.67984336614609 1497.4147760868073 9.1565007269382459 8.0639597177505475 27.118464186787605 67.12005926668644 345.97576974332333 7.9314672052860251 44.892940476536751 29.075419723987579 9.7897292822599429 7.3793985545635215 26.853198021650314 3.2777062505483618 9.4677067399024946 98.92509588599205 23.786814302206043 7.4951656311750403 39.292419269680977 7.961695432662963
leaf_count=1816 88 14 54 40 301 21 602 4796 49 43 58 244 1060 40 104 61 44 13 76 17 33 286 32 9 78 21
internal_value=0.0121393 0.0144241 0.0114698 0.00879679 0.0108029 0.0118098 0.0142704 0.0114676 0.00964973 0.0100294 0.014579 0.0104118 0.0120078 0.0114881 0.0140067 0.016186 0.0167048 0.00818423 0.0167448 0.0150172 0.0202813 0.0120426 0.0209056 0.0161036 0.0201002 0.0260694
internal_weight=3205.72 403.621 177.761 117.801 107.955 2802.1 341.799 2460.3 564.085 554.929 337.994 94.2385 1896.21 1505.35 390.869 243.755 59.9598 17.1691 225.86 159.763 57.5602 102.203 66.0969 34.3484 42.7907 31.7485
internal_count=10000 1106 544 395 341 8894 986 7908 1908 1859 965 302 6000 4836 1164 663 149 57 562 424 121 303 138 85 92 53
is_linear=0
shrinkage=0.01


Tree=33
num_leaves=23
num_cat=0
split_feature=59 0 40 37 2 55 55 3 61 26 20 35 41 72 59 55 26 36 14 33 58 29
split_gain=23.3405 21.4755 20.8899 37.9908 41.735 40.6301 36.7937 34.4325 27.2532 23.1922 30.2698 32.2879 21.9965 24.5722 19.8625 23.7193 36.7796 17.9048 33.3038 27.8694 13.602 10.4041
threshold=1.5933268070220949 19813.000000000004 2.1180012226104741 -1.9901097416877744 46247.500000000007 1.0000000180025095e-35 0.64526459574699413 -47774.999999999993 74.683212280273452 0.27357146143913275 496127.04687500006 -1.9563995003700254 1.8713247776031496 -2145743.3749999995 1.6532541513442995 0.64526459574699413 0.10121434181928636 -0.84783038496971119 9.5999999046325701 -1.3707039356231687 26664.000000000004 40.65217590332032
decision_type=2 2 2 2 2 2 2 2 2 2 2 2 2 2 2 2 2 2 2 2 2 2
left_child=2 -2 9 6 5 -5 8 -6 -4 12 11 -11 13 -1 15 20 -17 18 -16 -19 -3 -12
right_child=1 14 3 4 7 -7 -8 -9 -10 10 21 -13 -14 -15 17 16 -18 19 -20 -21 -22 -23
leaf_value=0.012842985178281531 -0.013027487677622296 0.024235724578280635 0.015232656695837963 0.0096083842017067565 -0.013375506718850612 -0.0086779056227834859 0.029545518671213928 0.013620569357082241 -0.011046532003879601 0.01982817323611516 0.019282226190230664 0.012311970736009568 -0.012972846647869983 0.010487880916195989 0.024247703830869077 0.022331281341174236 -0.013362908556087022 -0.013320490471802686 0.0079403199836507107 0.015875079297708178 0.010899987230925747 0.032287540269754611
leaf_weight=716.59073315560818 2.8028367757797232 48.071707889437675 4.849535793066031 30.688046053051949 4.8363416045904151 20.076021254062653 3.2790299504995337 154.45839317142963 20.694520354270935 63.512501150369644 21.304734662175182 620.3772893846035 3.6796714663505545 1189.0165711045265 14.570449993014334 6.4319767057895643 5.2048063278198242 3.2933441251516333 93.160386845469475 178.21700190007687 9.4483945518732053 9.2009680569171888
leaf_count=2175 15 88 13 104 25 98 6 459 106 155 49 1913 20 3899 23 12 27 17 308 448 28 12
internal_value=0.0119503 0.0143576 0.0116462 0.00879898 0.010277 0.00235688 -0.00193771 0.0127947 -0.00601828 0.011905 0.0134495 0.0130115 0.0113266 0.011374 0.0145745 0.0194214 0.00628034 0.0134122 0.0101552 0.0153398 0.0220625 0.0232376
internal_weight=3223.77 361.201 2862.56 238.882 210.059 50.7641 28.8231 159.295 25.5441 2623.68 714.395 683.89 1909.29 1905.61 358.398 69.1569 11.6368 289.241 107.731 181.51 57.5201 30.5057
internal_count=10000 966 9034 811 686 202 125 484 119 8223 2129 2068 6094 6074 951 155 39 796 331 465 116 61
is_linear=0
shrinkage=0.01


Tree=34
num_leaves=29
num_cat=0
split_feature=23 3 54 47 72 47 2 38 68 23 35 67 56 0 31 72 30 34 3 72 49 47 40 33 50 40 18 18
split_gain=23.2113 39.2476 43.3216 41.678 32.3077 31.8882 30.6778 35.1318 36.8747 49.2824 36.1596 26.4825 23.6624 33.0434 35.8555 21.1474 29.1702 29.631 24.1142 21.4506 19.9906 19.2454 17.2574 16.134 15.9341 14.5053 13.4753 9.84517
threshold=1303.5000000000002 3953.5000000000005 3.2793884277343754 -1.2681316733360288 -2610373.6249999995 1.2705362439155581 289250.50000000006 2.8406968116760258 33.223974227905281 1053.5000000000002 2.1530219316482548 -2.8992210626602168 -0.32032199203968043 190625.50000000003 5.9219098091125497 -1241032.0624999998 30.363260269165043 0.8165176808834077 -41351.999999999993 -1263771.1249999998 1.4886478781700136 -1.4129502177238462 -2.0007195472717281 0.91629186272621166 -0.0032797537278383966 2.1180012226104741 52973.500000000007 52973.500000000007
decision_type=2 2 2 2 2 2 2 2 2 2 2 2 2 2 2 2 2 2 2 2 2 2 2 2 2 2 2 2
left_child=6 2 3 -2 -5 26 7 8 9 -1 22 -10 20 14 -14 18 17 -17 25 -20 27 -22 -9 -15 -18 -8 -4 -3
right_child=1 12 5 4 -6 -7 15 10 11 -11 -12 -13 13 23 -16 16 24 -19 19 -21 21 -23 -24 -25 -26 -27 -28 -29
leaf_value=0.0097405814293978054 -0.013419705835002968 0.020113320081148776 0.032556105151324781 -0.0082078231775519067 0.011303038999909493 -0.0025085897228757114 0.022552383314231719 0.013998963482033314 0.017497241197447107 -0.0052033528932136095 0.023449874595351687 0.011717333586645293 0.018351157015431607 0.0092720101595084644 -0.0060792159269275094 0.010611803261029857 0.0065854373781724304 -0.0085551021503697863 0.0095620701346816259 0.023807622212618673 0.02174040025018497 -0.0031922755164131111 -0.01061250631401931 -0.013214266545163524 0.029165715990523033 0.0070029207073862773 0.017569674756976343 0.032015456562359296
leaf_weight=637.79478411376476 7.7066973745822898 11.132589593529699 15.292880252003675 8.8896390050649625 164.12231855094433 4.374262496829032 69.961710095405579 3.392057925462729 83.548302367329597 22.770266562700272 5.0365186780691138 1876.9022027254105 111.43370328843594 8.129528194665907 6.2860878109931937 42.410770282149315 4.5418152660131463 9.9020563662052137 48.143527522683144 13.750447466969488 9.3122724592685682 4.5407423377037039 16.992410734295845 5.2480164170265189 10.990761220455166 6.7721568197011939 10.52838848531246 21.58743380010128
leaf_count=2096 40 26 21 42 505 19 144 10 222 103 10 5819 270 26 28 130 15 49 148 27 21 19 86 28 18 23 27 28
internal_value=0.0117657 0.0140699 0.01114 0.00927793 0.0102948 0.0222511 0.0114515 0.0111605 0.0112739 0.00922394 -0.000501202 0.0119642 0.0175423 0.0153455 0.0170381 0.0151775 0.0105653 0.00696467 0.0174276 0.012743 0.0237047 0.0134958 -0.006468 0.000375882 0.0226275 0.0211931 0.0264843 0.0279965
internal_weight=3241.49 388.585 210.914 180.719 173.012 30.1955 2852.91 2646.44 2621.02 660.565 25.421 1960.45 177.67 131.097 117.72 206.473 67.8454 52.3128 138.628 61.894 46.573 13.853 20.3845 13.3775 15.5326 76.7339 25.8213 32.72
internal_count=10000 1100 654 587 547 67 8900 8346 8240 2199 106 6041 446 352 298 554 212 179 342 175 94 40 96 54 33 167 48 54
is_linear=0
shrinkage=0.01


Tree=35
num_leaves=24
num_cat=0
split_feature=9 61 22 72 3 31 10 56 49 28 61 50 68 26 53 34 59 61 61 2 51 57 38
split_gain=22.7957 32.5566 24.1905 43.0724 34.0649 32.5505 63.4012 28.6182 25.7831 23.4052 46.1114 45.9028 30.4085 26.7829 26.0429 22.76 35.6445 22.9213 43.3208 14.5126 8.08215 4.34744 2.605
threshold=8482377.0000000019 117.21471023559572 10647.439941406252 -1183022.6874999998 17148.500000000004 -1.6326202154159544 -0.00015708499995525924 0.13057304918766025 1.3887293934822085 -57.937499999999993 135.39043426513675 0.0056939432397484788 10.69508743286133 0.46285690367221838 -0.48620511591434473 1.2901682853698733 0.74770158529281627 124.99787521362306 104.06508636474611 128467.00000000001 -0.011189814656972883 1.2797770500183108 1.4360102415084841
decision_type=2 2 2 2 2 2 2 2 2 2 2 2 2 2 2 2 2 2 2 2 2 2 2
left_child=1 2 3 7 -5 6 -4 -1 -7 10 13 -12 20 -3 -14 16 -2 18 -18 -19 -11 22 -17
right_child=15 9 5 4 -6 8 -8 -9 -10 12 11 -13 14 -15 -16 21 17 19 -20 -21 -22 -23 -24
leaf_value=0.012862719554956411 -0.012729855665455894 0.0021320825095004605 0.011337603514385513 0.01113867540587947 -0.013333524986391189 0.011897961334152203 -0.00061914671561158832 0.018826512249999698 0.018135150784757467 0.035556528622539434 0.010704493524555379 -0.009314456699688901 0.0085242378370920316 0.014133292052693244 0.012236736352435195 0.021129516240248111 0.016423558440910795 0.018809264622179547 -0.0090932516479031202 0.010474902762648175 0.019685167704615914 0.016426936527205553 0.02975538862266764
leaf_weight=136.35077701508999 4.9038680344820014 117.28852823376656 187.80123820900917 172.35590724647045 5.8452464938163748 351.33033123612404 57.853460446000099 201.89869898557663 82.710118517279625 5.7152815461158744 677.02800236642361 11.597579047083853 249.97322207689285 22.178561747074127 802.50007863342762 6.5945686995983186 17.007021516561512 81.880252942442894 10.875611662864683 28.920950993895531 8.4895429760217649 6.1014307737350455 11.704796150326727
leaf_count=393 28 460 566 523 31 1050 234 473 202 6 2174 57 847 66 2465 12 42 184 53 86 21 14 13
internal_value=0.0115855 0.0113892 0.0126851 0.0143243 0.0103303 0.0114382 0.00851763 0.0164254 0.0130888 0.0105706 0.00930299 0.0103659 0.0115538 0.00404773 0.0113559 0.0151909 0.0136575 0.0145978 0.00643487 0.0166429 0.0261414 0.0241733 0.0267015
internal_weight=3258.91 3090.92 1196.15 516.451 178.201 679.695 245.655 338.249 434.04 1894.77 828.093 688.626 1066.68 139.467 1052.47 167.989 143.588 138.684 27.8826 110.801 14.2048 24.4008 18.2994
internal_count=10000 9568 3472 1420 554 2052 800 866 1252 6096 2757 2231 3339 526 3312 432 393 365 95 270 27 39 25
is_linear=0
shrinkage=0.01


Tree=36
num_leaves=30
num_cat=0
split_feature=39 49 27 46 38 65 51 55 26 28 0 8 22 31 40 6 39 55 37 19 49 33 21 17 40 60 42 58 22
split_gain=22.4881 26.2524 23.4138 49.5168 27.1589 22.9297 32.0671 33.2825 34.3688 29.6958 29.2856 28.7736 25.9595 25.6947 24.5787 22.6785 20.5514 16.0842 30.9896 14.9602 23.6483 26.1531 21.3046 16.0343 14.7021 13.6181 13.071 8.45089 7.59666
threshold=2.4510273933410649 -0.1937102526426315 -109543.99999999999 -0.10387073084712027 -1.8229711651802061 1.989093065261841 0.0043348753824830064 2.0333116054534917 0.051178522408008582 623.43750000000011 80588.500000000015 1.5281634926795962 215831.39843750003 -1.1660128235816953 -1.0600155591964719 -116700363.99999999 -0.76997652649879444 -0.6303010582923888 -1.7864711880683897 76764.183593750015 -0.91277694702148426 -1.29328978061676 1.0000000180025095e-35 23006.500000000004 -3.1714155673980708 0.0079383240081369894 -0.00087280498701147724 63152.000000000007 126265.38281250001
decision_type=2 2 2 2 2 2 2 2 2 2 2 2 2 2 2 2 2 2 2 2 2 2 2 2 2 2 2 2 2
left_child=5 19 17 -4 -5 6 11 8 -8 15 27 12 -1 -13 -9 16 -7 24 -19 20 22 -22 -2 26 -3 -12 -21 -11 -25
right_child=1 2 3 4 -6 9 7 14 -10 10 25 13 -14 -15 -16 -17 -18 18 -20 23 21 -23 -24 28 -26 -27 -28 -29 -30
leaf_value=0.010315828823382563 0.021954620566782213 -0.0002138452004558993 -0.013164587501166202 -0.0073977690265019224 0.011498145152735091 0.014006749820747766 0.019265343235454108 0.022190548601798584 0.012400259375786229 -0.012573252507225524 0.018618848741398391 0.022532623177165426 0.015333562145359419 -0.013069738666178062 -0.012909447531079483 0.015863667069488642 -0.012930311928479009 -0.0039407788732626564 0.022858935846833149 0.00096699566470616978 -0.013398973036429266 0.012323051824086393 0.0055509913372564848 -0.0026701215346859601 0.020759142453247552 -0.0012672950868796928 0.022583695089137525 0.011949367625775543 0.018362662154603727
leaf_weight=1819.2747427225113 49.195181906223297 3.5421608388423911 9.9474438577890378 8.1523558199405652 102.14410191774368 3.3920402973890367 81.22094814479351 2.6114503592252722 770.79072807729244 5.7026538401842108 23.286614924669269 2.5954744368791571 110.2467333227396 9.0916092842817289 8.322544723749159 4.8395058810710898 16.359094560146332 9.9319336861372012 7.5630233138799658 3.0421090573072425 4.0780193507671347 100.28724983334541 9.6404973119497281 4.316682666540145 40.268620267510414 3.9321375638246527 57.511957347393036 1.8266413062810896 2.7836777418851852
leaf_count=5800 88 14 54 40 301 10 189 6 2267 34 57 6 297 50 47 15 93 44 13 11 21 282 33 18 78 17 104 6 5
internal_value=0.0114098 0.0136038 0.0107416 0.00816012 0.0100924 0.0110935 0.011224 0.0128331 0.0130559 0.00491195 0.0108701 0.0105081 0.010603 -0.00507758 -0.00443479 -0.00346654 -0.00825354 0.0157885 0.00758751 0.0158504 0.0141897 0.0113084 0.0192838 0.0198415 0.0190406 0.0157093 0.0215142 -0.00649114 0.00543489
internal_weight=3275.9 412.405 181.55 120.244 110.296 2863.49 2804.15 862.946 852.012 59.3387 34.748 1941.21 1929.52 11.6871 10.934 24.5906 19.7511 61.3057 17.495 230.855 163.201 104.365 58.8357 67.6544 43.8108 27.2188 60.5541 7.5293 7.10036
internal_count=10000 1106 544 395 341 8894 8662 2509 2456 232 114 6153 6097 56 53 118 103 149 57 562 424 303 121 138 92 74 115 40 23
is_linear=0
shrinkage=0.01


Tree=37
num_leaves=24
num_cat=0
split_feature=59 0 65 27 37 50 62 1 45 59 36 0 34 68 59 28 28 55 26 37 27 58 1
split_gain=21.9777 20.4816 19.2355 27.4008 28.5844 24.4064 40.0732 22.7691 22.6766 22.6204 20.5219 36.1666 23.7901 25.2952 18.9533 31.1942 30.0684 22.3148 35.4226 16.2899 13.8563 12.9118 8.95848
threshold=1.5933268070220949 19813.000000000004 1.989093065261841 50888.000000000007 1.6164382100105288 -0.0041655511595308772 30.275999069213871 245506.00000000003 -1.1293632984161375 0.88719189167022716 1.3571708202362063 80588.500000000015 -0.17678809911012647 83.448600769042983 1.6532541513442995 239.25000000000003 -648.62499999999989 0.64526459574699413 0.10121434181928636 1.9252262115478518 58952.000000000007 26664.000000000004 528355.00000000012
decision_type=2 2 2 2 2 2 2 2 2 2 2 2 2 2 2 2 2 2 2 2 2 2 2
left_child=2 -2 3 4 7 6 -5 -1 -7 -6 12 22 13 -4 17 16 -16 21 -19 -17 -13 -3 -12
right_child=1 14 10 5 9 8 -8 -9 -10 -11 11 20 -14 -15 15 19 -18 18 -20 -21 -22 -23 -24
leaf_value=0.010662707607550474 -0.013088835348741038 0.023051004918517314 -0.012671233211751566 -0.00087279845738295176 0.011884319539643416 0.022836456779524603 0.022337027405736665 0.015062775099205757 0.013612226691743862 0.0012904771854901965 -0.012639769105018048 0.020197438418139362 -0.012861537151660458 0.019046615534786083 0.014332913145622735 0.017686880947117782 0.0060760663037707531 0.021330624236075672 -0.013442420742014627 0.0029994023479346151 0.0079135734600036464 0.010192782805459585 0.011670777998597453
leaf_weight=2260.7852978855371 2.8255536854267111 49.255391538143158 3.8188320398330706 25.928684443235397 31.457399070262909 29.523472979664803 10.389860257506369 125.31166262924671 314.50037290155888 56.806249305605888 7.7369181513786298 18.066283896565437 10.804391786456106 7.2257025837898254 84.192592784762383 108.83521988987923 93.928186103701591 6.5674010515212995 5.2572368830442429 8.2928857952356321 19.449910074472427 9.6412353217601758 1.8439293205738065
leaf_count=7064 15 88 22 106 97 59 21 328 875 222 46 43 62 19 214 237 315 12 27 30 64 28 6
internal_value=0.0112387 0.0135505 0.0109467 0.0110731 0.0106871 0.0135817 0.00573944 0.0108942 0.0144067 0.00507748 0.0056974 0.00941754 -0.00227587 0.0079891 0.0137589 0.0126343 0.00998446 0.0184396 0.00578595 0.0166555 0.0138556 0.0209631 -0.00785659
internal_weight=3292.44 368.796 2923.65 2854.7 2474.36 380.342 36.3185 2386.1 344.024 88.2636 68.946 47.097 21.8489 11.0445 365.97 295.249 178.121 70.7213 11.8246 117.128 37.5162 58.8966 9.58085
internal_count=10000 966 9034 8772 7711 1061 127 7392 934 319 262 159 103 41 951 796 529 155 39 267 107 116 52
is_linear=0
shrinkage=0.01


Tree=38
num_leaves=28
num_cat=0
split_feature=23 61 2 35 48 59 46 28 58 26 31 41 45 36 53 8 22 72 31 55 33 17 28 46 46 27 59
split_gain=21.6826 30.9127 29.883 30.3256 25.8113 25.482 24.6186 30.9869 54.2218 25.9738 45.7418 24.2537 23.6858 22.6138 22.4872 21.1421 21.5048 44.7982 30.4492 20.5227 20.2452 25.6242 21.1406 17.5215 11.5666 10.9868 8.01326
threshold=1303.5000000000002 117.21471023559572 135199.50000000003 -1.4822627305984495 0.05585914850234986 1.3802675008773806 -1.0176488757133482 58.125000000000007 1674.0000000000002 0.56364360451698314 7.3209061622619638 -1.0000000180025095e-35 0.82128477096557628 -1.6395841836929319 -1.4809319376945493 1.0666176676750185 10647.439941406252 -1183022.6874999998 -1.6326202154159544 -0.15549847483634946 -0.75758251547813404 98079.500000000015 -1311.9687499999998 1.8277990818023684 1.2094430923461916 -56151.999999999993 1.3340998291969302
decision_type=2 2 2 2 2 2 2 2 2 2 2 2 2 2 2 2 2 2 2 2 2 2 2 2 2 2 2
left_child=1 15 3 12 25 14 9 8 -8 10 -3 -9 26 -6 24 16 17 -1 -18 -16 22 -22 -7 -14 -4 -5 -2
right_child=2 6 5 4 13 20 7 11 -10 -11 -12 -13 23 -15 19 -17 18 -19 -20 -21 21 -23 -24 -25 -26 -27 -28
leaf_value=0.0158037467179722 -0.013569929336603294 0.013364550189078821 0.030714898394826537 0.033081323981861893 -0.0015161347228348308 0.017873808989481883 0.010380190230327681 -0.0070167990999701439 0.0051522883339808678 0.031877916502549966 -0.013539132746000762 0.011187991278691474 0.0156233353464137 0.015597967298496091 -0.0078370107702247348 -0.013510196747339838 0.0079778504568567814 0.0095631326262918259 0.012479107146179724 0.0060719916015475432 0.022081050254855478 0.00016301925463522196 -0.0074501113279761902 -0.0017657103017613535 0.0072452520699590826 0.020109044603792342 0.0087745775767798777
leaf_weight=334.08907005190849 6.5137507915496808 193.20171327888966 4.2206658571958524 11.032636851072313 7.8930391669273368 5.775938093662262 463.12499544024467 7.3270353823900214 348.8866236358881 7.2283935695886603 6.4964309632778159 706.69397884607315 20.854130834341053 218.97681702673435 16.241175517439842 3.1969175189733496 233.25084649026394 177.06501379609108 431.1092603802681 30.480874359607697 28.436233505606651 6.678876504302024 7.6215745508670789 7.887364149093627 4.4571063965559006 17.908274441957474 2.0728531181812286
leaf_count=842 33 554 6 13 33 12 1463 34 1254 10 33 2164 56 566 75 16 754 548 1228 101 52 26 35 32 15 38 7
internal_value=0.0110713 0.0107705 0.0132743 0.0149124 0.0161436 0.00864357 0.00991742 0.00947618 0.00813522 0.0131666 0.0124843 0.0109998 0.00644773 0.0149981 0.00398426 0.0120239 0.0120942 0.0136439 0.0109003 0.00121564 0.0139437 0.0179407 0.0033929 0.0108166 0.0187756 0.0250888 -0.00805938
internal_weight=3308.72 2911.67 397.051 293.139 255.811 103.912 1732.96 1526.03 812.012 206.927 199.698 714.021 37.3281 226.87 55.3998 1178.71 1175.51 511.154 664.36 46.722 48.5126 35.1151 13.3975 28.7415 8.67777 28.9409 8.5866
internal_count=10000 8900 1100 778 650 322 5512 4915 2717 597 587 2198 128 599 197 3388 3372 1390 1982 176 125 78 47 88 21 51 40
is_linear=0
shrinkage=0.01


Tree=39
num_leaves=24
num_cat=0
split_feature=9 39 34 20 24 46 58 24 17 38 1 58 53 1 28 72 34 34 35 53 3 20 21
split_gain=21.4076 23.9936 20.9578 20.365 33.4916 32.8195 30.8952 28.5966 37.8839 24.9632 26.3544 23.5494 22.6325 19.5275 20.1829 18.6053 26.6965 24.62 14.9472 14.2957 12.3481 7.12702 5.84517
threshold=8482377.0000000019 -0.99398884177207936 1.2901682853698733 578779.56250000012 1353.5000000000002 -0.33088126778602595 -10507.999999999998 2467.5000000000005 23006.500000000004 2.8406968116760258 137325.00000000003 -10507.999999999998 0.48512905836105352 98047.000000000015 1333.9375000000002 -909505.49999999988 -0.794254571199417 0.3168409019708634 -1.3018485307693479 1.3171533942222597 -11019.499999999998 496127.04687500006 -3638.4999999999995
decision_type=2 2 2 2 2 2 2 2 2 2 2 2 2 2 2 2 2 2 2 2 2 2 2
left_child=3 21 13 4 9 20 7 8 -5 12 -11 -7 -1 18 -15 16 -8 -17 -3 -9 -6 -2 -4
right_child=1 2 22 6 5 11 15 19 -10 10 -12 -13 -14 14 -16 17 -18 -19 -20 -21 -22 -23 -24
leaf_value=0.01021192636747662 -0.012967815296693051 0.0066045819907669277 0.016925877070622677 -0.01362999859732849 0.0021963606781588169 -0.0041656617028709717 0.0075686732602369376 -0.0098466685011152719 0.013233590585078732 -0.0096699555566527092 0.0097840934430714517 0.0063638946606287732 0.012280845996160429 0.010991654649849593 -0.013700590079329014 0.011881796696634545 0.017417912419110424 -0.013713964143143232 0.019226609308532042 0.013175666589127886 0.026181963286732911 0.010307184419586069 0.027466556875804668
leaf_weight=1968.7454293370247 4.0118383914232245 11.407315224409102 8.9550555795431155 5.7621401548385611 2.9037530571222296 29.924522370100021 32.997967511415482 11.817288994789122 55.475962251424789 12.304360926151277 16.006348416209221 72.491644680500031 732.32976008951664 65.652506098151207 3.4505793154239646 16.346428126096729 178.41345192492008 4.8489520549774161 60.532404243946075 3.465781942009925 9.3885432034730893 1.9140249192714689 15.579135134816168
leaf_count=6070 22 37 19 29 11 130 108 55 153 60 51 247 2137 187 17 46 421 24 126 10 16 6 18
internal_value=0.0109075 0.0143654 0.0150746 0.0107191 0.0104525 0.00514227 0.0131692 0.00763072 0.0106896 0.0106753 0.00129368 0.00327755 0.0107732 0.0135741 0.00974421 0.014987 0.0158853 0.00597897 0.0172391 -0.0045604 0.0205973 -0.00528135 0.0236599
internal_weight=3324.73 171.503 165.577 3153.22 2844.09 114.708 309.128 76.5212 61.2381 2729.39 28.3107 102.416 2701.08 141.043 69.1031 232.607 211.411 21.1954 71.9397 15.2831 12.2923 5.92586 24.5342
internal_count=10000 432 404 9568 8722 404 846 247 182 8318 111 377 8207 367 204 599 529 70 163 65 27 28 37
is_linear=0
shrinkage=0.01


Tree=40
num_leaves=31
num_cat=0
split_feature=39 37 33 6 62 67 23 2 9 8 61 33 35 46 47 48 38 27 39 45 36 2 36 50 21 23 28 54 53 45
split_gain=21.3162 21.6238 23.7046 28.9217 28.4818 26.5119 22.419 24.9918 42.4196 24.8372 24.0526 34.1466 29.5067 19.0652 20.7163 18.5435 21.0282 27.0204 33.5866 21.168 26.9942 17.8172 11.1435 23.6598 46.0068 15.1301 12.3958 16.8712 7.58461 5.92073
threshold=2.4510273933410649 -1.8370754718780515 -1.3330656886100767 -439394415.99999994 9.117624759674074 0.52688169479370128 1303.5000000000002 135199.50000000003 7075888.0000000009 1.4265344738960268 117.21471023559572 -1.4372522234916685 -1.5638900995254514 2.5288528203964238 -2.4166285991668697 -0.7220546007156371 0.90517193078994762 -7675.9999999999991 3.0047349929809575 2.5106227397918706 -0.84783038496971119 55451.000000000007 0.64378961920738231 -1.0000000180025095e-35 -484.49999999999994 40.500000000000007 1333.9375000000002 1.4117187261581423 0.37951920926570898 -0.73217281699180592
decision_type=2 2 2 2 2 2 2 2 2 2 2 2 2 2 2 2 2 2 2 2 2 2 2 2 2 2 2 2 2 2
left_child=1 2 3 4 -1 -5 10 9 -9 -8 11 -3 -12 14 -4 22 19 21 -19 20 -17 -18 23 25 -25 -2 29 -28 -15 -24
right_child=15 6 13 5 -6 -7 7 8 -10 -11 12 -13 -14 28 -16 16 17 18 -20 -21 -22 -23 26 24 -26 -27 27 -29 -30 -31
leaf_value=0.014742362477626234 0.021143414866784348 -0.0053781713008753673 0.024676800464635825 0.017427093840650186 -0.013589446072292639 0.0045571290035559646 0.015431910423890747 -0.0056713863609121383 0.013448083892807159 -0.0052827270804596217 0.014874823522970997 0.012229751780689675 0.0092717783565479071 -0.013508950618648079 0.0076145339889793643 0.008961421012532847 -0.013008234856167792 -0.010347192110128441 0.0080291108018908201 0.025586282680794575 0.015935453213818115 0.018595902301076838 0.019939310836432907 0.014868213883999355 -0.013720341447200284 0.0064976941427522953 -0.0035684178043596981 0.025563386730576041 0.0087109703038610355 0.029069904724999845
leaf_weight=6.5897395014762861 36.966889888048172 11.10476979613304 7.2918851375579825 77.088469445705414 7.6823402047157288 20.484490871429443 227.62444168329239 17.082905411720276 35.798909172415733 5.8661396652460089 102.41000290215015 721.61280779540539 1241.456998988986 5.8865923583507529 430.04468935728073 118.65356835722923 1.9199201315641428 14.415976852178572 31.935502916574478 12.745575934648512 106.07180696725845 20.052564471960068 21.735283046960831 19.149710237979892 7.9409242421388617 8.97902564704418 4.4791490137577048 3.5052336156368256 2.0214773714542389 11.823512643575667
leaf_count=18 67 47 13 193 39 72 579 73 94 27 284 2050 3949 30 1420 362 10 70 100 16 250 43 40 44 40 28 18 5 6 13
internal_value=0.0107474 0.0104425 0.00866134 0.0127903 -0.000437947 0.0147354 0.010862 0.0134972 0.00725283 0.0149072 0.0104981 0.0119615 0.00969951 0.00762192 0.00790131 0.0128631 0.0115662 0.0066473 0.00229224 0.0129772 0.0122577 0.0157889 0.0163156 0.0139207 0.0064513 0.018303 0.020502 0.00909553 -0.00770259 0.023186
internal_weight=3340.42 2920.05 557.09 111.845 14.2721 97.573 2362.96 286.372 52.8818 233.491 2076.58 732.718 1343.87 445.245 437.337 420.375 305.795 68.324 46.3515 237.471 224.725 21.9725 114.58 73.0366 27.0906 45.9459 41.5432 7.98438 7.90807 33.5588
internal_count=10000 8894 1791 322 57 265 7103 773 167 606 6330 2097 4233 1469 1433 1106 851 223 170 628 612 53 255 179 84 95 76 23 36 53
is_linear=0
shrinkage=0.01


Tree=41
num_leaves=24
num_cat=0
split_feature=39 68 38 47 28 56 27 28 34 51 45 40 38 48 45 40 2 67 36 50 9 45 53
split_gain=20.7424 22.2363 41.2086 35.8412 33.3566 29.388 28.2119 31.3612 32.2271 30.0695 26.8939 25.4315 18.1105 20.1152 19.2327 23.6375 16.8291 16.3321 15.9933 22.8482 14.6282 7.41453 5.71279
threshold=2.4510273933410649 33.223974227905281 -0.78462156653404225 -1.7467501163482664 560.84375000000011 -1.0196924209594724 -195935.99999999997 58.125000000000007 -0.48834280669689173 0.0018636494060046973 -1.0132195353507993 -1.2778888940811155 2.8406968116760258 -0.7220546007156371 2.5106227397918706 -2.2997447252273555 143161.00000000003 -1.5516372919082639 0.64378961920738231 -1.0000000180025095e-35 8243390.0000000009 -0.73217281699180592 0.75344783067703258
decision_type=2 2 2 2 2 2 2 2 2 2 2 2 2 2 2 2 2 2 2 2 2 2 2
left_child=1 2 5 -4 -5 17 11 9 -9 -8 -7 20 13 18 15 -15 -13 -1 19 -2 -3 -20 -14
right_child=12 6 3 4 -6 10 7 8 -10 -11 -12 16 22 14 -16 -17 -18 -19 21 -21 -22 -23 -24
leaf_value=-0.005517677167065283 0.018000192132084498 -0.013531657398123682 -0.013700451096760614 0.0077885875814041709 -0.0034826457218782485 0.0015010769641590331 0.0079223548196905962 0.027164939450815124 0.011714157447800926 0.011189548917228549 0.011173503690373168 0.0088295260062327668 -0.013463510424520493 0.017517809470078177 0.023305428548625745 0.0097419463112621146 0.027732095296783867 0.020971660823973545 0.018738387896160506 0.0063735514520900059 0.017241711356771744 0.028409645617189984 0.0071328034134861967
leaf_weight=16.879544079303745 46.25056816637516 3.1930475234985343 9.9581597894430143 146.36903890967369 31.861535802483559 30.762437149882317 586.47027960419655 13.784553334116934 1012.8205612897873 548.68058113753796 498.14736503362656 6.1661646068096188 3.3543692231178275 47.113707900047302 13.470810964703558 242.81022629141808 22.560500845313072 2.692751243710517 28.109717383980751 27.143606781959534 2.9823286384344101 11.959275320172308 2.181683748960495
leaf_count=72 95 16 50 479 132 116 1912 23 2935 1607 1486 19 17 101 19 716 34 6 54 84 7 13 7
internal_value=0.0105912 0.010291 0.00878028 0.00473256 0.00576807 0.0101673 0.0107972 0.0106522 0.0119226 0.00950245 0.0106128 0.0197498 0.0126733 0.0129126 0.0115583 0.011009 0.0237095 -0.00182219 0.0165253 0.0137139 0.00116806 0.0216499 -0.00516615
internal_weight=3355.72 2933.33 736.671 188.189 178.231 548.482 2196.66 2161.76 1026.61 1135.15 528.91 34.902 422.394 416.858 303.395 289.924 28.7267 19.5723 113.463 73.3942 6.17538 40.069 5.53605
internal_count=10000 8894 2341 661 611 1680 6553 6477 2958 3519 1602 76 1106 1082 836 817 53 78 246 179 23 67 24
is_linear=0
shrinkage=0.01


Tree=42
num_leaves=25
num_cat=0
split_feature=1 23 3 55 53 56 40 61 22 72 40 46 69 26 22 49 61 36 40 18 28 23 23 23
split_gain=20.6658 21.9918 32.6014 39.683 38.0481 22.4511 29.7752 22.0627 26.1274 42.0218 25.5089 22.6435 28.453 24.5335 18.5299 18.193 14.6804 27.4666 17.0309 28.4129 23.9514 21.5445 3.75261 10.8677
threshold=528355.00000000012 1303.5000000000002 3953.5000000000005 0.74162480235099804 -1.4809319376945493 -0.32032199203968043 0.44618736207485205 117.21471023559572 10647.439941406252 -1183022.6874999998 -2.1408281326293941 -1.0176488757133482 95.966930389404311 0.56364360451698314 -251862.39062499997 1.4886478781700136 101.23583602905275 1.2861627936363222 0.065043885260820403 10151.000000000002 -96.593749999999986 136.50000000000003 1.0000000180025095e-35 352.50000000000006
decision_type=2 2 2 2 2 2 2 2 2 2 2 2 2 2 2 2 2 2 2 2 2 2 2 2
left_child=1 7 3 4 -3 15 -7 8 9 -1 -10 13 -13 -9 -5 -4 18 -18 22 21 -21 -20 -2 -24
right_child=16 2 5 14 -6 6 -8 11 10 -11 -12 12 -14 -15 -16 -17 17 -19 19 20 -22 -23 23 -25
leaf_value=0.014913574969205066 0.028023801735454105 0.020555398336600614 0.025494548655171295 -0.0019950252798241622 0.0059650420354317888 0.0094046784463759307 0.019029417985748968 0.011745431849177866 0.016369725379380317 0.0088587729021068328 0.0091418658073386064 0.0091655331999803344 0.002108712585360393 0.030331981053836242 0.020283960654351257 0.011965294821985563 -0.013529489344107457 0.019672410393825408 -0.01371544374979615 -0.0019824078932423319 0.025778210117570182 0.02044105799746402 0.012536387196613073 0.026591765584154374
leaf_weight=330.69564966857433 9.917573615908621 20.363160073757172 34.360115960240364 4.0178006887435904 151.14804893732071 75.975906759500504 56.594065248966217 202.28639580309391 53.722841188311577 177.07160831987858 584.64006020128727 1488.6444132626057 59.802733883261681 7.4372683912515631 41.038883864879608 14.454235985875128 4.525904178619383 5.5018276423215866 5.9631677269935626 4.0056927651166943 12.928262636065481 2.663917675614357 10.476591005921366 12.529625892639158
leaf_count=821 12 42 54 16 502 224 119 585 124 540 1777 4670 231 10 85 40 23 11 30 16 20 5 27 16
internal_value=0.0104383 0.0103246 0.0125392 0.00990725 0.00770315 0.0156762 0.013521 0.0100208 0.0111049 0.0128041 0.00975171 0.00931357 0.00889364 0.0124093 0.0182751 0.0215089 0.0159014 0.00458738 0.0178242 0.0116189 0.0191524 -0.0030525 0.0226114 0.0202347
internal_weight=3370.77 3302.25 397.952 216.568 171.511 181.384 132.57 2904.3 1146.13 507.767 638.363 1758.17 1548.45 209.724 45.0567 48.8144 68.5126 10.0277 58.4848 25.561 16.934 8.62709 32.9238 23.0062
internal_count=10000 9840 1082 645 544 437 343 8758 3262 1361 1901 5496 4901 595 101 94 160 34 126 71 36 35 55 43
is_linear=0
shrinkage=0.01


Tree=43
num_leaves=22
num_cat=0
split_feature=9 61 65 55 54 20 58 17 56 69 39 8 56 34 61 1 37 22 8 58 21
split_gain=20.3332 28.4356 24.182 25.1819 24.4902 23.1046 27.3531 26.569 26.0644 24.7735 22.9364 22.3018 22.1221 20.0653 20.4525 40.8711 31.946 19.7557 7.74787 6.92252 5.65137
threshold=8482377.0000000019 117.21471023559572 1.4724457263946535 -0.18624474108219144 2.9731808900833134 578779.56250000012 -10507.999999999998 73039.000000000015 1.096113443374634 95.966930389404311 -0.99398884177207936 1.0666176676750185 1.1989756822586062 1.2901682853698733 124.99787521362306 245506.00000000003 -2.1080430746078487 10647.439941406252 1.6190109848976137 24048.000000000004 -3638.4999999999995
decision_type=2 2 2 2 2 2 2 2 2 2 2 2 2 2 2 2 2 2 2 2 2
left_child=1 2 11 -4 -5 7 8 9 -7 -3 19 17 -8 14 15 -12 -16 -1 -9 -2 -15
right_child=10 5 3 4 -6 6 12 18 -10 -11 13 -13 -14 20 16 -17 -18 -19 -20 -21 -22
leaf_value=0.013200120728291241 -0.013039218252539762 0.00927926438125329 -0.013073201650854641 0.0092440522440260138 -0.012941283886369207 -0.0011648861459702859 0.016436507827437618 -0.013473187868119046 0.012712639219360134 0.0028677045732568309 -0.0070931472970873167 -0.013638269238653513 0.0085341656875985751 0.016075016249387133 -0.013594930296266241 0.016665279690147253 0.015739862588668177 0.010559627805056624 0.0087975538981974848 0.0097109585034902048 0.026337331300675518
leaf_weight=516.0118669718504 4.0453474074602118 1663.6636745035648 6.384829729795455 67.07465897500515 5.3384474068880072 25.790449514985085 128.05934117734432 6.7936834096908552 28.200508937239647 63.003379687666893 13.814448669552805 3.4383156895637503 49.847741186618805 9.1254943311214465 3.8042165935039511 15.133232325315474 110.89919880032539 645.22707906365395 1.971757039427757 1.9506136626005171 15.882585942745207
leaf_count=1340 22 5180 35 212 30 100 305 35 78 241 61 17 151 19 19 34 253 1838 6 6 18
internal_value=0.0102888 0.0101069 0.0112945 0.00590733 0.00759469 0.00935571 0.0123318 0.00895746 0.00606509 0.0090459 0.0136281 0.0116581 0.014228 0.0143131 0.0128578 0.00529271 0.0147582 0.0117338 -0.00834937 -0.00547132 0.0226326
internal_weight=3385.46 3210.81 1243.48 78.7979 72.4131 1967.33 231.898 1735.43 53.991 1726.67 174.655 1164.68 177.907 168.659 143.651 28.9477 114.703 1161.24 8.76544 5.99596 25.0081
internal_count=10000 9568 3472 277 242 6096 634 5462 178 5421 432 3195 456 404 367 95 272 3178 41 28 37
is_linear=0
shrinkage=0.01


Tree=44
num_leaves=30
num_cat=0
split_feature=59 40 37 2 55 55 10 72 39 21 20 21 47 60 60 51 36 25 20 25 68 2 3 48 57 21 58 9 56
split_gain=19.861 19.0631 34.6318 37.9049 38.1262 34.3233 34.1278 19.5055 29.3016 23.4389 20.5914 32.5619 25.9866 17.8657 23.2538 29.4586 22.6917 17.7369 33.203 18.6558 17.4864 17.0127 15.761 14.3187 35.257 17.5197 14.0325 7.63326 7.21198
threshold=1.5933268070220949 2.1180012226104741 -1.9901097416877744 46247.500000000007 -0.094012796878814683 0.64526459574699413 -0.00043729000026360149 -2610373.6249999995 0.87282314896583568 97.500000000000014 535533.21875000012 -5736.4999999999991 1.6767125725746157 -0.001971756923012435 -0.0061112735420465461 -0.0075229140929877749 1.2213527560234072 57165.500000000007 375198.71875000006 52206.000000000007 81.832210540771499 548068.00000000012 4659.0000000000009 0.22459822893142703 2.2518700361251835 -173.49999999999997 -91655.999999999985 8114960.5000000009 -0.23756881803274152
decision_type=2 2 2 2 2 2 2 2 2 2 2 2 2 2 2 2 2 2 2 2 2 2 2 2 2 2 2 2 2
left_child=1 7 5 4 -4 21 -5 8 9 -1 11 -9 -12 14 23 27 -17 18 26 -20 28 -3 -22 24 -2 -25 -15 -16 -19
right_child=13 2 3 6 -6 -7 -8 10 -10 -11 12 -13 -14 17 15 16 -18 20 19 -21 22 -23 -24 25 -26 -27 -28 -29 -30
leaf_value=0.012604806276607263 0.0020379869697104607 -0.0096784956667175445 0.0090115437462661239 0.016273078711163996 -0.0079599859739049594 0.026716800844628154 0.007102220210800334 0.0062183134855490008 -0.013848750868684643 -0.007505998672802586 0.013300342941828565 0.010266032330396323 -0.00048052670049396334 0.020801271343684039 -0.0133751488388077 0.011240846268251477 -0.013537905613250667 0.027980353534667639 -0.013699632913685738 0.015410442232430764 -0.013505954831202423 0.014698906206021847 0.015883236567459415 0.010345887407593962 0.020076651987305384 0.024918191334816733 0.012268232195981148 0.0069282649321295029 0.018629937590458886
leaf_weight=22.922518566250805 28.784714534878731 23.44715444743634 28.882890552282333 69.890312343835831 24.406122088432312 3.4702493846416465 98.23948647081852 219.92247872054577 8.0972783863544446 7.6896967887878409 293.15456801652908 2201.6925348043442 14.206812039017676 22.426329120993614 10.053458690643309 31.341288819909096 4.1550471782684317 10.903180643916128 7.3415534049272519 3.1206272691488266 2.9977381825447074 3.2317592352628699 4.6002360880374908 17.143302738666534 17.516471460461617 16.528942227363586 157.96422618627548 2.1995320767164221 43.501434206962585
leaf_count=62 101 111 91 169 111 6 315 730 40 35 761 6539 56 38 53 86 21 11 37 7 15 8 10 48 31 22 398 7 81
internal_value=0.0101426 0.0098696 0.00722008 0.00859031 0.0012199 -0.00280989 0.0109204 0.0101101 0.00302453 0.00752037 0.0102102 0.00989885 0.0126601 0.0123061 0.00923401 0.00368224 0.00831218 0.0138539 0.0123286 -0.00492119 0.0185328 -0.00668805 0.00415628 0.0125363 0.0088839 0.0175288 0.0133346 -0.00964887 0.0205222
internal_weight=3399.83 3019.25 251.568 221.419 53.289 30.1492 168.13 2767.69 38.7095 30.6122 2728.98 2421.62 307.361 380.578 127.723 47.7493 35.4963 252.855 190.853 10.4622 62.0026 26.6789 7.59797 79.9734 46.3012 33.6722 180.391 12.253 54.4046
internal_count=10000 9034 811 686 202 125 484 8223 137 97 8086 7269 817 966 369 167 107 597 480 44 117 119 25 202 132 70 436 60 92
is_linear=0
shrinkage=0.01


Tree=45
num_leaves=22
num_cat=0
split_feature=9 39 34 1 37 28 59 21 25 54 65 67 53 39 72 47 21 37 23 20 21
split_gain=19.6786 22.195 19.3292 18.6368 25.6834 19.1835 17.9445 22.5947 47.3079 24.6268 22.3044 24.577 24.57 21.8221 24.7911 17.1268 16.8663 7.45506 7.16794 6.83716 5.45525
threshold=8482377.0000000019 -0.99398884177207936 1.2901682853698733 98047.000000000015 -1.8887325525283811 1333.9375000000002 1.5933268070220949 20841.500000000004 61912.000000000007 2.4604901075363164 1.989093065261841 4.2025671005249032 0.37951920926570898 1.7431697249412539 -807835.62499999988 1.6767125725746157 -4572.4999999999991 -1.0729357004165647 764.50000000000011 496127.04687500006 -3638.4999999999995
decision_type=2 2 2 2 2 2 2 2 2 2 2 2 2 2 2 2 2 2 2 2 2
left_child=6 19 3 4 -3 -5 7 10 -9 -10 12 -12 -1 16 15 -15 -8 -18 -16 -2 -4
right_child=1 2 20 5 -6 -7 13 8 9 -11 11 -13 -14 14 18 -17 17 -19 -20 -21 -22
leaf_value=0.0091472304589394655 -0.01302746739579793 -0.0050078529041079657 0.015644481601879839 0.010016565195250316 0.017686235111593031 -0.013865952105288657 -0.013327219006236792 0.02169203357734098 -0.013537567007970153 0.010555968825159861 -0.0057422379975218263 0.0077836150444350353 0.01118008037588082 0.01106292224699299 -0.013551286153509224 0.02199190882329425 0.026305529901508598 0.016001359703438064 0.0084116671591446153 0.0095550897973474807 0.025680776953464778
leaf_weight=1916.9917108118534 4.0488492399454108 5.3050830960273734 9.2112321853637713 67.424693688750267 68.648941859602928 3.5056198686361304 1.4154468476772333 7.9079100638628033 15.520684972405435 5.7927541881799689 18.904005020856857 45.92828369140625 871.85196040570736 301.11564983427525 5.1111920922994605 15.269988268613814 16.079179033637054 13.804334193468089 2.0360284745693207 1.9558169245719907 16.058011174201965
leaf_count=5813 22 22 19 187 141 17 7 16 80 18 92 155 2489 791 26 24 21 30 6 6 18
internal_value=0.00999966 0.0132708 0.0139393 0.0125157 0.0160448 0.00882211 0.00982137 0.00955846 0.000772533 -0.00694229 0.00964807 0.00382428 0.0097831 0.0119547 0.0111763 0.0115936 0.0199686 0.0215791 -0.00715479 -0.00550543 0.0220619
internal_weight=3413.89 176.158 170.154 144.884 73.954 70.9303 3237.73 2882.9 29.2213 21.3134 2853.68 64.8323 2788.84 354.832 323.533 316.386 31.299 29.8835 7.14722 6.00467 25.2692
internal_count=10000 432 404 367 163 204 9568 8663 114 98 8549 247 8302 905 847 815 58 51 32 28 37
is_linear=0
shrinkage=0.01


Tree=46
num_leaves=23
num_cat=0
split_feature=1 23 3 54 51 38 1 68 22 29 56 40 26 49 68 61 28 54 54 40 40 17
split_gain=19.5747 20.6713 30.4667 38.9701 36.4879 23.6791 28.2164 22.8793 49.5518 27.0166 21.1058 28.4525 19.3143 17.2115 16.2548 13.9338 24.3486 16.2108 13.3922 23.208 7.83407 6.25
threshold=528355.00000000012 1303.5000000000002 3953.5000000000005 1.1621844768524172 -0.0048822837416082612 2.8406968116760258 137325.00000000003 33.223974227905281 105488.21484375001 36.900444030761726 -0.32032199203968043 0.44618736207485205 0.13028580695390704 1.4886478781700136 78.571483612060561 101.23583602905275 560.84375000000011 -0.79887875914573658 0.11762553080916406 0.29339987039566046 1.6067119240760805 1458.5000000000002
decision_type=2 2 2 2 2 2 2 2 2 2 2 2 2 2 2 2 2 2 2 2 2 2
left_child=1 5 3 4 -3 7 20 8 -1 -9 13 -12 -5 -4 -8 17 -17 -2 21 -20 -7 -19
right_child=15 2 10 12 -6 6 14 9 -10 -11 11 -13 -14 -15 -16 16 -18 18 19 -21 -22 -23
leaf_value=0.0089322614370688468 -0.0021501728313099489 -0.0016191521289699404 0.024297573455983646 0.016801070718523489 0.0094797458389280914 -0.013701686337739169 -0.0018773368071466332 0.0094400163034954222 0.00062881826445575998 0.012053170522066623 0.0088128182928196661 0.018134021932964869 -0.00053902986774933984 0.011269836004312328 0.017012379036332431 -0.013571727478128032 0.017651800670801396 0.014571511275822303 0.020118993171377317 0.0025862765564790813 0.0062691862623053063 0.028164505006193427
leaf_weight=684.37448266148567 4.0352673232555381 41.33578710258007 35.162040919065475 68.481390103697777 103.24573308229446 11.069332987070085 7.8580325096845653 1628.5000371783972 80.594131112098694 527.76926086843014 77.272886648774147 57.725617453455925 6.9655904918909064 14.73197880387306 10.55999545753002 4.3543560057878476 5.8093926161527634 4.7954531908035305 24.247844159603119 11.165031999349592 2.3127072751522055 15.327502399682997
leaf_count=2065 16 160 54 160 299 56 31 4828 301 1444 224 119 26 40 25 22 12 11 43 39 8 17
internal_value=0.00985958 0.00974984 0.0118783 0.00935161 0.00629966 0.00945764 0.000840524 0.00955111 0.00805875 0.0100801 0.0148798 0.012806 0.0151869 0.020471 0.00889881 0.0151296 0.00417662 0.0169816 0.0183897 0.0146195 -0.0101756 0.0249749
internal_weight=3427.69 3357.96 404.921 220.029 144.582 2953.04 31.8001 2921.24 764.969 2156.27 184.893 134.999 75.447 49.894 18.418 69.7348 10.1637 59.5711 55.5358 35.4129 13.382 20.123
internal_count=10000 9840 1082 645 459 8758 120 8638 2366 6272 437 343 186 94 56 160 34 126 110 82 64 28
is_linear=0
shrinkage=0.01


Tree=47
num_leaves=28
num_cat=0
split_feature=39 49 45 25 40 60 65 51 55 26 28 0 8 50 40 40 0 39 19 49 56 14 53 60 49 58 57
split_gain=19.3758 24.0513 20.924 20.8526 39.0853 28.4242 20.1983 28.3176 30.8742 30.8599 27.1787 26.3316 26.2958 24.1581 23.6808 22.9174 20.9695 19.0632 13.9635 21.6421 22.6333 13.2595 15.003 12.5241 12.137 7.84941 4.62879
threshold=2.4510273933410649 -0.1937102526426315 2.5106227397918706 82249.500000000015 1.3288833498954775 -0.0031365120084956284 1.989093065261841 0.0043348753824830064 2.0333116054534917 0.051178522408008582 623.43750000000011 80588.500000000015 1.5281634926795962 0.0062985129188746223 1.0182720422744753 -1.0600155591964719 29356.500000000004 -0.76997652649879444 76764.183593750015 -0.79283851385116566 0.51137369871139537 17.550000190734867 0.93317076563835155 0.0079383240081369894 -1.1815841197967527 63152.000000000007 2.0014551877975468
decision_type=2 2 2 2 2 2 2 2 2 2 2 2 2 2 2 2 2 2 2 2 2 2 2 2 2 2 2
left_child=6 18 3 4 -3 -5 7 12 9 -9 16 25 13 -1 -14 -10 -8 -18 19 24 -21 22 -20 -13 -2 -12 -23
right_child=1 2 -4 5 -6 -7 10 8 15 -11 11 23 14 -15 -16 -17 17 -19 21 20 -22 26 -24 -25 -26 -27 -28
leaf_value=0.0087266275159001011 0.0049744037429914293 0.0085992740316471403 0.021487456587766563 -0.0028230995080907764 -0.0057405754080310893 0.017368507285320026 0.013938555429369937 0.016965093168490628 0.019779126582688735 0.01063145889735809 -0.012725769227270626 0.016480592693408746 -0.013306864850688396 0.013613341390825118 0.019939182755573621 -0.013210043190707017 0.012191313618811737 -0.013129394358620239 0.0098815702371930977 0.014675989621051455 0.0041254517652849236 0.023905759695658044 0.025485000895441416 -0.0021729343281693932 0.017056745416211029 0.010381672236041665 0.014064664522935739
leaf_weight=1919.1723260432482 9.580550551414488 106.97986559569836 12.694605857133864 8.3713662773370725 23.027181059122086 39.388653725385666 5.1074509471654919 85.681921392679214 2.758622169494628 810.39602954685688 5.8645477890968314 24.505372136831287 9.4224615991115552 107.63296781480312 2.7556131780147544 8.7293051034212095 3.5682673305273118 16.900871858000752 28.66527184844017 35.462062299251556 48.515590995550156 27.849639564752579 8.0279329568147642 4.110620215535163 77.752891823649406 1.9155848771333692 6.4472293853759757
leaf_count=5832 30 316 18 33 99 78 15 189 6 2267 34 57 50 265 6 47 10 93 76 83 160 39 9 17 151 6 14
internal_value=0.00972224 0.0117103 0.00903606 0.00814127 0.00605167 0.0138084 0.00943594 0.00955499 0.011029 0.0112382 0.00375942 0.00931932 0.00889841 0.00898663 -0.00570195 -0.00520123 -0.00411337 -0.00866653 0.0138082 0.0122436 0.00859264 0.01757 0.0133226 0.0137661 0.0157428 -0.00690784 0.022085
internal_weight=3441.28 432.763 190.462 177.767 130.007 47.76 3008.52 2946.55 907.566 896.078 61.9727 36.3961 2038.98 2026.81 12.1781 11.4879 25.5766 20.4691 242.301 171.311 83.9777 70.9901 36.6932 28.616 87.3334 7.78013 34.2969
internal_count=10000 1106 544 526 415 111 8894 8662 2509 2456 232 114 6153 6097 56 53 118 103 562 424 243 138 85 74 181 40 53
is_linear=0
shrinkage=0.01


Tree=48
num_leaves=23
num_cat=0
split_feature=1 68 68 56 59 37 31 6 49 49 31 22 57 52 69 53 61 36 54 54 46 17
split_gain=18.9478 16.7202 29.449 32.2896 35.3138 27.8018 27.7997 27.5845 27.0969 26.2409 33.181 25.0556 22.923 28.9783 19.6733 17.5288 13.4209 25.7082 15.6681 12.7624 16.0858 5.9677
threshold=528355.00000000012 33.223974227905281 21.796365737915043 -0.95245903730392445 0.94534021615982067 -2.2439454793930049 -4.0212764739990225 -162987447.99999997 1.9125389456748965 -1.0690103769302366 6.803706407546998 -33002.804687499993 1.1861190199851992 0.0086968941614031809 94.65845108032228 0.56788408756256115 101.23583602905275 1.2861627936363222 -0.79887875914573658 0.11762553080916406 0.39735317230224615 1458.5000000000002
decision_type=2 2 2 2 2 2 2 2 2 2 2 2 2 2 2 2 2 2 2 2 2 2
left_child=1 2 3 11 -5 7 -7 -4 9 10 -3 -1 13 -10 -11 -14 18 -18 -2 21 -21 -20
right_child=16 8 5 4 -6 6 -8 -9 12 14 -12 -13 15 -15 -16 -17 17 -19 19 20 -22 -23
leaf_value=0.013811717146319109 -0.0022250172448972827 0.013735467869255464 -0.0017281598328798449 0.016743292490123671 0.0092686845089583955 0.011371293644162729 0.0061667424693975081 0.0096428946673673792 0.014148595970520128 0.009540415438646286 -0.0028496774639014968 -0.0139185990856896 0.020580335712563045 0.0021014926198851674 0.00581650205749412 0.0087279726412403009 -0.013570205222286151 0.018310270780226862 0.014185315999347277 0.017424108148492819 0 0.027413099812760567
leaf_weight=5.0226655900478354 4.0473808199167243 219.06599786877632 64.828622043132782 87.344249591231346 234.11598913371563 155.14550657570362 308.34981194138527 31.728499203920364 66.442258074879646 1932.7102936506271 12.661407038569449 9.1902139335870725 57.646859392523766 28.841793611645699 154.66132143139839 16.343972876667976 4.5443192273378354 5.66421839594841 4.8376700878143337 29.208836808800697 6.4896509498357764 15.524225458502768
leaf_count=13 16 557 251 210 679 431 985 93 167 5584 50 45 106 101 520 48 23 11 11 59 23 17
internal_value=0.00958826 0.00948067 0.00830218 0.0106497 0.0113027 0.00689335 0.00791102 0.00199799 0.00990448 0.00962112 0.012825 -0.00404867 0.0137806 0.0105125 0.00926498 0.0179758 0.0147518 0.00402075 0.0165577 0.0179316 0.01426 0.0243195
internal_weight=3454.42 3384.1 895.726 335.673 321.46 560.052 463.495 96.5571 2488.37 2319.1 231.727 14.2129 169.275 95.2841 2087.37 73.9908 70.3163 10.2085 60.1078 56.0604 35.6985 20.3619
internal_count=10000 9840 2707 947 889 1760 1416 344 7133 6711 607 58 422 268 6104 154 160 34 126 110 82 28
is_linear=0
shrinkage=0.01


Tree=49
num_leaves=22
num_cat=0
split_feature=9 61 65 55 54 8 20 58 56 72 69 34 36 29 34 59 61 1 37 21 1
split_gain=18.8611 26.6708 22.8919 24.0168 23.1836 21.2664 21.1276 25.514 24.7074 23.3414 22.5579 52.0513 27.5074 19.5482 19.4717 31.2735 20.6094 38.5145 30.8101 5.48644 6.43365
threshold=8482377.0000000019 117.21471023559572 1.4724457263946535 -0.18624474108219144 2.9731808900833134 1.0666176676750185 578779.56250000012 -10507.999999999998 1.096113443374634 -937533.93749999988 95.966930389404311 0.42538310587406164 2.3272646665573125 9.2675018310546893 1.2901682853698733 0.74770158529281627 124.99787521362306 245506.00000000003 -2.1080430746078487 -3638.4999999999995 245506.00000000003
decision_type=2 2 2 2 2 2 2 2 2 2 2 2 2 2 2 2 2 2 2 2 2
left_child=1 2 5 -4 -5 13 10 8 -8 -9 12 -12 -3 -1 15 -2 17 -17 -18 20 -16
right_child=14 6 3 4 -6 -7 7 9 -10 -11 11 -13 -14 -15 19 16 18 -19 -20 -21 -22
leaf_value=0.020096525258536727 -0.012978517577977298 0.0085276782621399438 -0.013177270230174421 0.0084364477175274122 -0.013025685448864701 -0.01377074548101305 -0.0016002586160583743 0.014331606801350592 0.011766635132452448 0.0020216377090173307 -0.011266330847331408 0.0082974449897282622 -0.0048352145109488934 0.010661395780475662 0.0054830020420917449 -0.0073713750094716547 -0.013702891946811671 0.015450777506642191 0.014918477781624494 0.024250003203790903 0.022285658684202174
leaf_weight=22.633166998624802 5.106373354792594 1697.5568930208683 6.4767346084117881 68.686010465025902 5.3963613659143439 3.485234707593917 26.275350302457809 165.48233179748058 28.92307049036026 17.195839330554008 19.495666801929474 44.833358108997345 15.449706494808195 1166.748024135828 4.5526110082864779 14.03740479052067 3.8526305705308905 15.547090977430342 114.24577635526657 16.51257811486721 4.9881543964147568
leaf_count=37 28 5157 35 212 30 17 100 397 78 59 95 146 64 3141 13 61 19 34 251 19 7
internal_value=0.00945643 0.00928329 0.0104198 0.00523627 0.00685959 0.010769 0.00856463 0.0113743 0.00538566 0.0131783 0.00818803 0.00235287 0.00840657 0.0108418 0.0126346 0.0112576 0.0121024 0.0045882 0.0139763 0.0206713 0.0143727
internal_weight=3467.48 3288.64 1273.43 80.5591 74.0824 1192.87 2015.21 237.877 55.1984 182.678 1777.34 64.329 1713.01 1189.38 178.843 152.789 147.683 29.5845 118.098 26.0533 9.54077
internal_count=10000 9568 3472 277 242 3195 6096 634 178 456 5462 241 5221 3178 432 393 365 95 270 39 20
is_linear=0
shrinkage=0.01


Tree=50
num_leaves=27
num_cat=0
split_feature=39 49 31 23 46 54 51 55 69 24 8 1 50 54 60 26 33 59 40 0 3 40 31 6 54 3
split_gain=18.7494 23.216 20.1269 25.7832 25.5162 27.5504 19.4858 32.3655 29.9028 30.0583 29.6931 27.4488 26.3232 25.6005 24.7829 24.2982 19.5658 16.7269 13.5328 34.0765 23.2024 20.1631 9.70154 31.5475 11.2075 7.78705
threshold=2.4510273933410649 -0.1937102526426315 3.2941529750823979 192.50000000000003 -0.15360864251852033 6.051577329635621 0.0018636494060046973 2.0333116054534917 94.65845108032228 754.50000000000011 1.598428010940552 49428.500000000007 0.0062985129188746223 2.9731808900833134 0.0026843844680115585 0.14682143181562426 0.76388245820999157 1.4388291835784914 -1.7965942025184629 95484.500000000015 7747.0000000000009 -1.4209909439086912 2.4387061595916752 -204155383.99999997 0.4560383409261704 42316.500000000007
decision_type=2 2 2 2 2 2 2 2 2 2 2 2 2 2 2 2 2 2 2 2 2 2 2 2 2 2
left_child=6 18 4 -4 5 -3 10 8 9 -8 12 -10 13 -1 -9 -16 -14 -6 22 20 -20 -21 24 -24 -2 -5
right_child=1 2 3 25 17 -7 7 14 11 -11 -12 -13 16 -15 15 -17 -18 -19 19 21 -22 -23 23 -25 -26 -27
leaf_value=0.0077259050071299684 0.023716384721791963 -0.013630846114932847 0.014811199581298999 -0.013897887303739311 0.00210715988243108 0.02513877011034257 0.0097087262331549025 -0.013208154320500378 -0.0012554242330329397 0.013335488151947395 -0.01305114557226634 0.0084290263543051244 0.014656212193888749 0.011944093479905682 0.019328573767947749 -0.012955404554353846 -0.0049834964631125999 0.011892491104564355 0.0094042179868374064 -0.0011612305030539573 -0.0047300679349295055 0.016338629419436763 -0.013998915505384575 0.024933532032449694 0.014138401180342063 0.0070378044639606094
leaf_weight=1486.0095350146294 26.621609672904015 8.4343483150005323 6.4028931409120586 9.7254268378019315 20.185495808720589 2.3305878639221183 783.82481935620308 10.488635346293451 37.905397370457649 325.83721935749054 6.419220805168151 125.91715104877949 90.162690117955208 160.42486582696438 6.9837558865547162 3.462546169757843 5.2960821539163581 143.22278352081776 54.874450519680977 6.8919761776924124 14.628825217485426 109.55145750939846 3.7541494518518448 4.6218952983617765 24.049170210957527 2.1049311012029639
leaf_count=4563 36 43 15 48 71 3 2216 57 154 784 35 391 206 432 15 19 22 358 150 24 58 220 18 5 51 6
internal_value=0.00932764 0.0112729 0.00865832 -0.00128964 0.00970546 -0.0051444 0.00904768 0.0099817 0.0101846 0.0107746 0.00835558 0.00618213 0.00843505 0.00813752 -0.00231231 0.00853195 0.0135561 0.0106898 0.0133222 0.0119807 0.00641489 0.0152943 0.0175297 0.00736459 0.0191903 -0.0100884
internal_weight=3480.13 437.4 192.406 18.2333 174.173 10.7649 3042.73 1294.42 1273.48 1109.66 1748.31 163.823 1741.89 1646.43 20.9349 10.4463 95.4588 163.408 244.994 185.947 69.5033 116.443 59.0468 8.37604 50.6708 11.8304
internal_count=10000 1106 544 69 475 46 8894 3636 3545 3000 5258 545 5223 4995 91 34 228 429 562 452 208 244 110 23 87 54
is_linear=0
shrinkage=0.01


Tree=51
num_leaves=25
num_cat=0
split_feature=9 61 65 31 8 53 72 54 48 25 57 68 26 67 59 58 61 61 2 37 56 54 50 6
split_gain=18.2285 25.6797 22.0207 23.2509 20.6893 20.3576 18.8619 18.6543 27.3945 31.0325 19.8455 27.1927 27.0959 17.1162 15.709 22.2229 16.0831 35.9337 23.1541 19.4648 27.3391 16.1067 14.8981 14.744
threshold=8482377.0000000019 117.21471023559572 1.4724457263946535 -2.9785137176513667 1.0666176676750185 -0.3783873170614242 -2510872.7499999995 -0.90696880221366871 -1.2603750824928281 470.50000000000006 1.4692276120185854 18.705235481262211 0.29135724902153021 2.3588540554046635 0.74770158529281627 46744.000000000007 124.99787521362306 106.72344207763673 197893.50000000003 -1.6520924568176267 0.39135345816612249 2.2429873943328862 0.004810070851817728 -396624079.99999994
decision_type=2 2 2 2 2 2 2 2 2 2 2 2 2 2 2 2 2 2 2 2 2 2 2 2
left_child=1 2 4 23 6 -5 -1 8 13 -10 11 -9 -12 -3 15 -2 17 18 -16 20 -18 -21 -19 -4
right_child=14 7 3 5 -6 -7 -8 10 9 -11 12 -13 -14 -15 16 -17 19 22 -20 21 -22 -23 -24 -25
leaf_value=0.016794919048352796 -0.013037959003604643 0.010867445831774234 0.013527989466963429 -0.013310487731250835 -0.013747813046182474 0.0093443613255083102 0.010299194045811729 0.012871434378079107 -0.00025995514824954396 0.010180806981606019 0.011668193078784623 0.0070422791587552644 -0.013760493032431972 0.026424071396946323 -0.0048221804832894446 0.023670959953090952 -0.014171445907436353 -0.013788212542340724 0.01922879218162089 0.017427601270902034 0.012510141486017401 0.0057310937769073774 0.0098061220334619732 -0.0099229645972609588
leaf_weight=47.049706667661667 5.3180864900350562 13.105173885822298 3.3051404953002956 4.2132446318864814 3.4774896949529639 59.792688474059105 1151.3408421576023 85.756909713149071 30.393780410289764 409.58795174956322 166.64329066872597 1303.5636859238148 4.2625930011272422 16.144525036215782 4.9895850121974972 2.3854034841060638 5.2757690250873592 8.8155897259712201 19.042615741491318 103.01777069270611 13.920186907052992 13.592456623911856 3.7936537712812415 13.66985437273979
leaf_count=90 29 36 8 22 17 178 3088 231 111 1159 427 4088 21 23 20 3 25 44 32 195 35 39 10 69
internal_value=0.0092016 0.00903198 0.010143 0.0050717 0.0104839 0.00783746 0.0105551 0.00832917 0.0100847 0.00945729 0.00780056 0.00740281 0.0110281 0.0194882 0.0123147 -0.00154115 0.0129395 0.00700725 0.0141937 0.0145327 0.00512495 0.0160728 -0.00661025 -0.005298
internal_weight=3492.46 3312.31 1282.85 80.9809 1201.87 64.0059 1198.39 2029.46 469.231 439.982 1560.23 1389.32 170.906 29.2497 180.151 7.70349 172.448 36.6414 24.0322 135.806 19.196 116.61 12.6092 16.975
internal_count=10000 9568 3472 277 3195 200 3178 6096 1329 1270 4767 4319 448 59 432 32 400 106 52 294 60 234 54 77
is_linear=0
shrinkage=0.01


Tree=52
num_leaves=23
num_cat=0
split_feature=1 23 3 54 51 38 1 68 22 29 56 30 10 49 68 61 36 54 54 47 28 25
split_gain=17.9863 18.9931 28.3513 37.1044 34.7377 22.1395 26.9616 21.4682 47.2876 25.7477 19.8101 26.0451 18.3198 16.3232 15.4338 12.8597 24.7299 15.1067 12.1351 14.6086 7.65663 4.29017
threshold=528355.00000000012 1303.5000000000002 3953.5000000000005 1.1621844768524172 -0.0048822837416082612 2.8406968116760258 137325.00000000003 33.223974227905281 96220.914062500015 36.900444030761726 -0.32032199203968043 13.891981124877931 -0.0009112900006584822 1.4886478781700136 78.571483612060561 101.23583602905275 1.2861627936363222 -0.79887875914573658 0.11762553080916406 -1.5770712494850156 879.50000000000011 14097.000000000002
decision_type=2 2 2 2 2 2 2 2 2 2 2 2 2 2 2 2 2 2 2 2 2 2
left_child=1 5 3 4 -3 7 20 8 -1 -9 13 -12 -5 -4 -8 17 -17 -2 21 -20 -7 -19
right_child=15 2 10 12 -6 6 14 9 -10 -11 11 -13 -14 -15 -16 16 -18 18 19 -21 -22 -23
leaf_value=0.0082554848874886542 -0.0025119718184179259 -0.0020377216204395632 0.022866276032106499 -0.0010048279904561312 0.008692233850098912 0.005767270290312476 -0.0022285753161948121 0.0086741615283588442 0.0006198496285647712 0.011195982780242624 0.0083345740676019596 0.017258368864999943 0.015746224705328726 0.010340897980848401 0.016006841932398735 -0.013620532960118444 0.017483572612091245 0.015805711703594863 -0.013555927514217064 0.015084922026519832 -0.013793928839928969 0.026353332713161454
leaf_weight=689.2981054931879 4.0971514731645575 42.060456126928329 36.123640343546867 7.0752384066581717 105.53282089531422 2.3583875000476828 7.9824431240558651 1665.0163324475288 92.247163474559784 540.05471786856651 83.669937014579773 54.502197623252869 70.216898322105408 15.100770846009253 10.810204505920408 4.5702949464321119 5.7612092047929764 6.0305608659982708 1.8412813544273365 34.38405479490757 11.159383460879324 14.688152551650999
leaf_count=2032 16 160 54 26 299 8 31 4828 334 1444 232 111 160 40 25 23 11 12 9 73 56 16
internal_value=0.0090779 0.0089738 0.0109908 0.00857837 0.00562768 0.00869668 0.000430743 0.00878577 0.00735552 0.00929225 0.01385 0.0118618 0.0141999 0.0191934 0.00820788 0.0140713 0.00362742 0.0158226 0.0171593 0.0136015 -0.0103072 0.0233315
internal_weight=3504.58 3433.21 414.282 224.885 147.593 3018.93 32.3104 2986.62 781.545 2205.07 189.397 138.172 77.2921 51.2244 18.7926 71.3727 10.3315 61.0412 56.944 36.2253 13.5178 20.7187
internal_count=10000 9840 1082 645 459 8758 120 8638 2366 6272 437 343 186 94 56 160 34 126 110 82 64 28
is_linear=0
shrinkage=0.01


Tree=53
num_leaves=27
num_cat=0
split_feature=39 49 67 27 26 68 38 47 56 60 27 45 49 57 49 33 3 33 67 56 45 36 39 59 56 60
split_gain=17.9774 22.4238 20.1014 20.2754 22.6921 19.2785 38.1198 33.4123 26.8569 26.1303 25.9786 25.084 24.4795 22.9637 18.1747 16.7076 21.3532 16.5231 15.2815 14.4266 14.2033 14.0651 12.6487 8.4479 11.894 5.32868
threshold=2.4510273933410649 -0.79283851385116566 3.7945874929428105 -20391.999999999996 0.25907148420810705 33.223974227905281 -0.78462156653404225 -1.7467501163482664 -1.0196924209594724 -0.0003457965212874114 -195935.99999999997 -1.0132195353507993 1.9125389456748965 1.1861190199851992 -1.0690103769302366 -0.88798782229423512 -25360.999999999996 -0.5437844693660735 -1.5516372919082639 2.9769973754882817 2.5106227397918706 -0.84783038496971119 1.4633200764656069 1.7193740010261538 0.28243839740753179 -0.0023493925109505649
decision_type=2 2 2 2 2 2 2 2 2 2 2 2 2 2 2 2 2 2 2 2 2 2 2 2 2 2
left_child=5 15 20 -4 -5 6 8 -8 18 -9 17 -10 14 -14 -12 16 19 22 -1 -2 21 -3 -7 25 -25 -17
right_child=1 2 3 4 -6 10 7 9 11 -11 12 -13 13 -15 -16 23 -18 -19 -20 -21 -22 -23 -24 24 -26 -27
leaf_value=-0.0061756864199388889 0.00010302538675192711 0.0075330266315042187 0.018515898417963136 0.0048599657469456685 -0.013444429567910463 0.023660916189037234 -0.014014226367364801 -2.2504084972661838e-05 0.0004180402525166725 0.0075836368582634537 0.011492360797066623 0.0095529674816919805 0.0098596979275028702 0.017863595121540489 0.0084103620911005882 0.012717460180400325 -0.01377582210438401 0.0017016522280353936 0.018834236672604188 0.019856228815357181 0.020900773849859659 0.012035819984587004 0.0075507972916373381 -0.0030072772892324566 0.015094301988522541 0.021107027464700178
leaf_weight=17.4862863868475 6.3277210444211986 127.189039722085 6.9434656649827948 24.22627492249012 9.3980878144502622 24.651993423700336 10.295366019010542 76.07737535238266 32.140417784452438 110.22990784049034 215.07498639822006 521.96488475799561 96.930943951010704 57.898189231753349 1897.1380821317434 10.131322577595709 4.0576464831829062 5.7127496004104605 2.8283455222845069 9.2547724246978742 12.736356079578398 157.47272126376629 6.3205144554376593 4.045970305800437 29.051779359579086 40.992508381605148
leaf_count=72 22 365 12 77 49 39 50 276 116 335 570 1486 267 116 5524 23 20 19 6 14 17 379 18 15 55 58
internal_value=0.00895631 0.0108516 0.00959441 0.00295681 -0.000226415 0.00868364 0.00730845 0.00349919 0.00861048 0.00447235 0.00914347 0.00902491 0.00900747 0.0128592 0.00872466 0.0149328 0.00654371 0.0175202 -0.0026444 0.011899 0.0104965 0.0100275 0.0204056 0.0168772 0.0128513 0.019464
internal_weight=3516.58 441.828 337.966 40.5678 33.6244 3074.75 771.023 196.603 574.42 186.307 2303.73 554.105 2267.04 154.829 2112.21 103.862 19.6401 36.6853 20.3146 15.5825 297.398 284.662 30.9725 84.2216 33.0977 51.1238
internal_count=10000 1106 899 138 126 8894 2341 661 1680 611 6553 1602 6477 383 6094 207 56 76 78 36 761 744 57 151 70 81
is_linear=0
shrinkage=0.01


Tree=54
num_leaves=25
num_cat=0
split_feature=9 39 34 1 37 28 20 24 58 24 17 65 72 48 17 38 65 72 57 34 53 58 57 3
split_gain=17.7675 20.071 17.8971 17.5051 23.3689 18.0002 16.0868 30.5492 26.3734 26.1372 34.4186 25.4132 26.5438 22.6301 24.8886 24.0003 21.7209 16.4125 24.4692 23.9449 12.9506 6.4599 4.74086 1.65606
threshold=8482377.0000000019 -0.99398884177207936 1.2901682853698733 98047.000000000015 -1.8887325525283811 1333.9375000000002 578779.56250000012 1353.5000000000002 -10507.999999999998 2467.5000000000005 23006.500000000004 -0.94559448957443226 -1273642.4374999998 2.038099050521851 642.50000000000011 2.8406968116760258 -2.2262133359909053 -909505.49999999988 1.3576837182044985 -0.794254571199417 1.3171533942222597 24048.000000000004 1.2797770500183108 12042.000000000002
decision_type=2 2 2 2 2 2 2 2 2 2 2 2 2 2 2 2 2 2 2 2 2 2 2 2
left_child=6 21 3 4 -3 -5 7 13 9 10 -8 16 -13 15 -15 -1 -9 19 -19 -10 -11 -2 23 -4
right_child=1 2 22 5 -6 -7 8 11 17 20 -12 12 -14 14 -16 -17 -18 18 -20 -21 -22 -23 -24 -25
leaf_value=0.0085785996669519547 -0.013141061484455279 -0.0053798815194284434 0.026298074324163721 0.0087787648008029288 0.016057682818973039 -0.014111104284162486 -0.014058202009151782 0.015073972220405423 0.0055847959976988906 -0.010528428546468472 0.010976409838467253 0.0066095777866584174 -0.014192819164685342 -0.0062308333055419649 0.014897352678054735 -0.00065013463367893888 -0.01391199123767696 -0.0040844912494746406 0.017297028883160825 0.014619157040859492 0.010686768376066191 0.0085336839092053658 0.012567193991550698 0.019685705274687933
leaf_weight=2775.4778420180082 4.0878867805004111 5.4034584611654273 8.9034181833267265 69.605150759220123 71.076306283473969 3.5815634727478018 6.0233196914196006 3.1971632093191173 35.133180633187294 12.36982583999634 58.861451998353004 98.714655160903931 6.5123664140701285 5.8908252716064444 86.378770038485527 28.26510226726532 12.993741661310194 13.721157386898996 8.7260978221893293 190.43117317557335 3.7073827385902396 2.0154874622821808 6.636103928089141 10.546042338013647
leaf_count=7987 22 22 8 187 141 17 29 8 108 55 153 301 31 24 198 109 64 53 17 421 10 6 14 15
internal_value=0.00883726 0.0118962 0.0125171 0.0111699 0.01453 0.00764493 0.00867072 0.00844026 0.0107815 0.00580267 0.00863701 0.00351232 0.00531264 0.00864653 0.0135376 0.00848521 -0.00812647 0.0124028 0.00418277 0.0132164 -0.00557403 -0.00581967 0.0202084 0.0227641
internal_weight=3528.26 181.855 175.752 149.666 76.4798 73.1867 3346.4 3017.43 328.974 80.962 64.8848 121.418 105.227 2896.01 92.2696 2803.74 16.1909 248.012 22.4473 225.564 16.0772 6.10337 26.0856 19.4495
internal_count=10000 432 404 367 163 204 9568 8722 846 247 182 404 332 8318 222 8096 72 599 70 529 65 28 37 23
is_linear=0
shrinkage=0.01


Tree=55
num_leaves=28
num_cat=0
split_feature=39 37 40 10 60 59 51 34 65 20 20 51 58 9 64 20 39 33 40 59 50 33 40 54 35 53 40
split_gain=17.5833 18.7791 26.9057 28.0475 27.8767 22.6095 26.3835 23.1864 18.718 28.5528 30.0971 21.8792 26.5548 23.8618 16.7362 21.2042 28.4033 24.2827 21.9081 24.0397 20.479 16.255 14.9418 12.153 14.6413 9.2884 3.52584
threshold=2.4510273933410649 -1.8370754718780515 1.9885518550872805 -0.00052356001106090833 -0.0017554961377754805 0.87513852119445812 -0.011189814656972883 0.13454280793666842 1.7734422087669375 20868.695312500004 50206.419921875007 0.0043348753824830064 96168.000000000015 7075888.0000000009 9.2631258964538592 263633.18750000006 3.0047349929809575 -0.82014718651771534 -2.1408281326293941 1.7985332012176516 0.00044193038775119936 -0.95408442616462696 -2.7409170866012569 0.11762553080916406 0.81066325306892406 0.56788408756256115 -1.0600155591964719
decision_type=2 2 2 2 2 2 2 2 2 2 2 2 2 2 2 2 2 2 2 2 2 2 2 2 2 2 2
left_child=1 2 5 4 -4 6 -1 -7 11 -10 -11 12 -3 -13 21 18 20 -18 22 -20 -17 -2 -16 24 -23 -5 -25
right_child=14 8 3 25 -6 7 -8 -9 9 10 -12 13 -14 -15 15 16 17 -19 19 -21 -22 23 -24 26 -26 -27 -28
leaf_value=0.016822672464186079 -0.0027450331522357332 0.0080849002139674192 0.013044630227650003 -0.013975159123972503 -0.0087444315563029694 0.0073659653979415429 0.007878085996182102 0.0012710295877795246 -0.013495771108241175 0.018803881804466828 0.0035720295871401976 0.0096099633043176622 0.016635488793684892 0.014404322876424833 0.01171481093904353 -0.014014883452167172 -0.0050035639851877438 0.011959270067323948 0.011916111230525155 0.0049195568085355738 0.0034901715712206596 0.017697416107938957 0.022242047937274512 0.015265824748299324 -0.0044862038300802825 0.008616715668966499 0.023628293681635718
leaf_weight=48.350868925452232 4.0216937661170951 1506.9232429862022 17.202253460884098 14.306675001978876 8.8600762486457807 314.14469449222088 106.39986382424831 78.4083062261343 8.0036259293556196 15.67670679092407 77.017569199204445 738.41188491880894 37.455676257610321 122.00656944513321 27.778923213481903 9.8422248214483279 9.7959695905446988 57.652221858501434 175.41232222318649 68.989626005291939 20.686979353427887 8.3048384338617307 27.377910777926445 7.5493522435426703 4.5398707985877982 2.0279781967401496 22.587383732199672
leaf_count=107 15 4401 44 70 39 934 318 273 42 34 267 2015 77 267 63 48 38 139 422 208 66 13 37 14 17 6 26
internal_value=0.00872036 0.00845166 0.00683858 -0.000814748 0.00559891 0.00743327 0.0106792 0.00615111 0.00883092 0.00458676 0.00615887 0.00900822 0.00829292 0.010291 0.010589 0.00991538 0.00585571 0.00948081 0.0112399 0.00994522 -0.00212048 0.0162652 0.0169583 0.0180672 0.00977892 -0.0111091 0.0215666
internal_weight=3539.74 3095.2 589.701 42.397 26.0623 547.304 154.751 392.553 2505.5 100.698 92.6943 2404.8 1544.38 860.418 444.539 397.536 97.9774 67.4482 299.559 244.402 30.5292 47.0031 55.1568 42.9814 12.8447 16.3347 30.1367
internal_count=10000 8894 1791 159 83 1632 425 1207 7103 343 301 6760 4478 2282 1106 1021 291 177 730 630 114 85 100 70 30 76 40
is_linear=0
shrinkage=0.01


Tree=56
num_leaves=25
num_cat=0
split_feature=1 23 3 54 47 47 38 1 40 65 65 55 10 31 68 61 36 40 18 28 23 40 17 23
split_gain=17.3204 18.1214 26.7902 35.8264 35.5184 24.5 20.8004 26.2497 21.8312 42.8268 22.6122 19.2231 35.9652 15.2082 14.8742 12.3554 23.8966 14.9438 25.4499 21.1301 19.6632 9.38588 3.45482 9.44596
threshold=528355.00000000012 1303.5000000000002 3953.5000000000005 3.2793884277343754 -1.2681316733360288 1.2705362439155581 2.8406968116760258 137325.00000000003 2.3803361654281621 0.80210420489311229 1.7734422087669375 0.8619341552257539 -8.8820001110434519e-05 5.522336721420289 78.571483612060561 101.23583602905275 1.2861627936363222 0.065043885260820403 10151.000000000002 -96.593749999999986 136.50000000000003 1.9885518550872805 105.50000000000001 352.50000000000006
decision_type=2 2 2 2 2 2 2 2 2 2 2 2 2 2 2 2 2 2 2 2 2 2 2 2
left_child=1 6 3 4 -3 -5 8 21 10 -10 -1 13 -13 -4 -9 17 -17 22 20 -20 -19 -8 -2 -24
right_child=15 2 11 5 -6 -7 7 14 9 -11 -12 12 -14 -15 -16 16 -18 18 19 -21 -22 -23 23 -25
leaf_value=0.0086891900570748911 0.024554303352542179 -0.01403728959335648 0.015197831175588377 0.021147384736968752 0.0073718771981047693 -0.0036584972760437939 -0.013810613138651102 -0.0023568279906845241 0.0013901180886201358 0.011390504777140048 0.003207465345954637 -0.0050031319738630545 0.0201570858156539 0.0027621493706742172 0.015470632488292628 -0.013664370662451726 0.016782013984367298 -0.014138444902806998 -0.0030496544855328901 0.022399493055370871 0.017685383775771373 0.0095519246491537948 0.010324175607417121 0.023055653070283989
leaf_weight=2761.9755903631449 10.509200513362883 8.0546421855688077 157.5953528881073 28.749606177210808 186.32213561236858 4.5441230833530417 11.587857574224468 8.027597442269327 119.33366237580776 67.035255193710327 77.958524718880653 14.552808612585068 9.2793096154928207 10.700939536094664 10.941534325480459 4.5918769836425763 5.8403281718492508 6.2034292817115801 4.1889076083898571 13.768848210573195 2.8086610436439514 1.9670276939868934 11.061964064836504 13.309336870908735
leaf_count=7781 12 39 332 48 540 18 58 31 413 173 271 56 15 34 25 23 11 30 16 20 5 6 27 16
internal_value=0.00860587 0.00850441 0.0104615 0.00812944 0.00647957 0.0177317 0.00823549 0.00024924 0.00832099 0.00499253 0.00853906 0.0132198 0.00475133 0.0144131 0.00787346 0.0134746 0.00328477 0.0151772 0.00951455 0.0164074 -0.00410943 -0.0103466 0.0195269 0.017318
internal_weight=3550.91 3478.63 419.799 227.671 194.377 33.2937 3058.83 32.524 3026.3 186.369 2839.93 192.128 23.8321 168.296 18.9691 72.2826 10.4322 61.8503 26.9698 17.9578 9.01209 13.5549 34.8805 24.3713
internal_count=10000 9840 1082 645 579 66 8758 120 8638 586 8052 437 71 366 56 160 34 126 71 36 35 64 55 43
is_linear=0
shrinkage=0.01


Tree=57
num_leaves=24
num_cat=0
split_feature=59 40 37 2 55 55 10 72 39 21 20 21 63 39 72 21 64 2 58 49 45 23 58
split_gain=17.1275 17.1674 30.8986 34.5146 36.0365 31.8846 31.793 18.4245 27.2117 21.3538 17.4083 29.7585 23.6518 16.0729 23.7805 17.1149 16.2586 15.9017 13.2589 12.9516 8.56698 6.58203 4.86065
threshold=1.5933268070220949 2.1180012226104741 -1.9901097416877744 46247.500000000007 1.0000000180025095e-35 0.64526459574699413 -0.00043729000026360149 -2610373.6249999995 0.87282314896583568 97.500000000000014 535533.21875000012 -5736.4999999999991 38.886741638183601 1.7431697249412539 -807835.62499999988 -4572.4999999999991 9.2631258964538592 548068.00000000012 -127715.99999999999 -1.1815841197967527 -0.75855937600135792 764.50000000000011 -8311.9999999999982
decision_type=2 2 2 2 2 2 2 2 2 2 2 2 2 2 2 2 2 2 2 2 2 2 2
left_child=1 7 5 4 -4 17 -5 8 9 -1 11 -9 -12 15 16 -2 19 -3 -18 -15 -17 -16 -22
right_child=13 2 3 6 -6 -7 -8 10 -10 -11 12 -13 -14 14 21 20 18 -19 -20 -21 22 -23 -24
leaf_value=0.010673016193903795 -0.013745797086979606 -0.010092550656882162 0.0066618475117728093 0.014253677998218485 -0.0098115879400938032 0.024174869107114388 0.0056127246964108339 0.0048435911527996926 -0.014241991945165899 -0.0081300172320126502 0.010298810229664114 0.0086260945539406702 0.026838796484196435 -0.013379735942974898 -0.013856559542860651 0.00573990003666912 0.017699219125955106 0.013004601423973061 0.0088616787455427209 0.016767726690066327 0.025189883931895762 0.0066957498680084281 0.016383143855767553
leaf_weight=24.103157892823219 1.667712166905402 24.199498534202583 33.745063975453377 73.355137005448341 21.892179861664772 3.6512760668992987 102.9073379188776 229.99362985789776 8.4053677916526777 7.9992076009511939 313.64099682867527 2308.1523110717535 8.9738653600215894 1.4351267665624607 5.2810698002576819 4.5255178958177593 18.29332235455513 3.3641493767499915 292.51387111842632 44.435461670160294 13.917597338557247 2.1362517774105072 13.319738045334812
leaf_count=62 8 111 104 169 98 6 315 730 40 35 807 6539 10 7 26 13 31 8 759 75 16 6 25
internal_value=0.00849336 0.00824609 0.00578821 0.00704692 0.000161896 -0.00353088 0.0092145 0.00846865 0.00174067 0.00595656 0.00856357 0.00828374 0.010762 0.0104592 0.00984344 0.0171356 0.0102132 -0.00723726 0.00938505 0.0158027 0.0187885 -0.0078025 0.0209199
internal_weight=3561.91 3164.38 263.115 231.9 55.6372 31.2149 176.262 2901.27 40.5077 32.1024 2860.76 2538.15 322.615 397.526 364.095 33.4306 356.678 27.5636 310.807 45.8706 31.7629 7.41732 27.2373
internal_count=10000 9034 811 686 202 125 484 8223 137 97 8086 7269 817 966 904 62 872 119 790 82 54 32 41
is_linear=0
shrinkage=0.01


Tree=58
num_leaves=31
num_cat=0
split_feature=39 49 27 46 38 68 38 28 46 56 27 28 65 53 45 40 38 67 55 38 9 19 49 33 21 24 39 40 52 28
split_gain=16.9287 21.8684 20.5203 42.8794 23.6541 18.3266 36.6812 31.7785 36.234 25.8263 24.9873 28.3843 25.4481 24.4376 24.0522 22.8303 19.4545 14.7567 13.6398 26.0337 13.2402 13.0706 20.216 23.3394 18.417 17.4879 17.7414 13.009 12.9057 11.9073
threshold=2.4510273933410649 -0.1937102526426315 -109543.99999999999 -0.10387073084712027 -1.8229711651802061 33.223974227905281 -0.78462156653404225 560.84375000000011 1.5788403749465945 -1.0196924209594724 -195935.99999999997 58.125000000000007 1.7734422087669375 0.37951920926570898 -1.0132195353507993 -1.2778888940811155 0.98341557383537304 -1.5516372919082639 -0.6303010582923888 -1.2926651239395139 8243390.0000000009 76764.183593750015 -0.91277694702148426 -1.29328978061676 1.0000000180025095e-35 714.50000000000011 3.5840419530868535 -3.1714155673980708 -0.025687768124043938 20.437500000000004
decision_type=2 2 2 2 2 2 2 2 2 2 2 2 2 2 2 2 2 2 2 2 2 2 2 2 2 2 2 2 2 2
left_child=5 21 18 -4 -5 6 9 8 -8 17 15 12 -12 -13 -11 20 -9 -1 27 -20 -7 22 24 -24 -2 28 -27 -3 -23 -17
right_child=1 2 3 4 -6 10 7 16 -10 14 11 13 -14 -15 -16 29 -18 -19 19 -21 -22 25 23 -25 -26 26 -28 -29 -30 -31
leaf_value=-0.0063826656914363527 0.01758304088633773 -0.0022646445034618617 -0.013740272652621066 -0.0085509295909019286 0.0083646379295847385 -0.01407250326230095 0.0063901616678659493 -0.010516393967378017 -0.010688649865803581 8.497078800153045e-05 0.0075959074740696436 0.0084334443179601981 -0.0020680103917770226 0.011528302050637292 0.0089707574397119901 0.023463401559870509 0.0049683687854099072 0.017962145052466204 -0.0084641073098226261 0.015188396985928785 0.014364134303690346 0.0022578793617324985 -0.014240070740737276 0.0090565684276699056 0.0029691907535153894 -0.01402307840352141 0.015415724086191575 0.016668498081262507 0.018796793727747455 0.0077066482287800886
leaf_weight=17.670528754591945 53.461375683546066 3.8579475730657569 10.720213681459425 8.8725020587444288 111.22583699226379 3.3658124506473532 149.52764765918255 24.334095939993858 13.507219344377516 32.559125632047653 1181.9220888018608 681.02768479287624 27.726488098502159 413.13692046701908 530.5394921451807 24.571438983082775 12.071426942944525 2.8847948014736167 8.1230506151914614 10.797486200928686 3.1867948174476624 5.2710381001234046 4.4441312700510016 109.20345795154572 10.48516324162483 3.7535935640335065 4.4814189225435257 43.659191876649857 60.073285028338432 6.2136882841587058
leaf_count=72 88 14 54 40 301 16 455 107 61 116 3408 1901 111 1057 1486 36 38 6 35 22 7 16 21 282 33 18 8 78 96 17
internal_value=0.00838297 0.0102086 0.00770285 0.00539065 0.00710664 0.00812061 0.00679017 0.00307962 0.00496907 0.00805638 0.0085652 0.00843281 0.00737357 0.00960292 0.00845875 0.0167077 -0.00535445 -0.00291739 0.0122406 0.00498094 -9.00188e-05 0.0121725 0.0106866 0.00813677 0.0152025 0.0157454 0.00187582 0.0151103 0.017478 0.0203155
internal_weight=3572.67 448.43 197.256 130.819 120.098 3124.25 783.094 199.44 163.035 583.654 2341.15 2303.81 1209.65 1094.16 563.099 37.3377 36.4055 20.5553 66.4377 18.9205 6.55261 251.173 177.594 113.648 63.9465 73.5793 8.23501 47.5171 65.3443 30.7851
internal_count=10000 1106 544 395 341 8894 2341 661 516 1680 6553 6477 3519 2958 1602 76 145 78 149 57 23 562 424 303 121 138 26 92 112 53
is_linear=0
shrinkage=0.01


Tree=59
num_leaves=26
num_cat=0
split_feature=1 56 53 51 50 54 1 21 55 69 29 50 39 39 47 30 72 72 0 59 23 55 21 2 39
split_gain=16.6601 25.5732 26.0275 22.5381 31.7724 24.3365 30.9681 27.5101 23.1195 23.2904 22.442 22.2199 21.905 20.6276 19.5314 17.1342 17.7034 15.3146 14.8423 14.4158 28.8392 13.156 12.8869 14.1975 4.89224
threshold=226057.50000000003 -0.67287567257881153 -0.34045945107936854 0.0018636494060046973 -0.012383769266307352 3.2793884277343754 163233.00000000003 -30972.999999999996 2.0333116054534917 94.65845108032228 23.899270057678226 -0.010301450267434118 0.1508879438042641 4.0995099544525155 0.095281105488538756 22.346940040588382 -2157703.1249999995 -1227161.1249999998 172323.00000000003 0.93375542759895336 66.500000000000014 1.4085281491279604 6312.5000000000009 213806.00000000003 0.57956096529960643
decision_type=2 2 2 2 2 2 2 2 2 2 2 2 2 2 2 2 2 2 2 2 2 2 2 2 2
left_child=3 2 24 5 -5 7 14 12 9 -6 15 -9 -1 -10 -7 17 -17 -3 -8 20 -12 -21 23 -4 -2
right_child=1 10 22 4 8 6 18 11 13 -11 19 -13 -14 -15 -16 16 -18 -19 -20 21 -22 -23 -24 -25 -26
leaf_value=0.025673373045758178 0.024328679685856801 0.01161220540656931 0.0068396181219894815 -0.014580193795954176 0.0097966792394311303 0.0079436795139862619 -0.01447425084617021 0.0116928501144643 -0.0057988331520462122 0.0057320452692837939 0.018386672744976906 0.0065533633733105322 0.0041519183675642205 0.019420484306311818 0.015433086947767976 0.0079101406036610443 -0.014547426218433752 0.0057201987490060804 0.010768354067151327 0.01591151677763759 -0.014541540234264596 0.0026232495177204119 0.012322311711975136 -0.014367606266220035 0.0090139307565425594
leaf_weight=13.941819831728937 3.5883533805608767 138.44796954095364 4.1766688078641954 5.6445546746253958 1151.933325663209 60.580193564295769 6.6794314980506879 89.397926464676857 17.579345151782039 162.09258486330509 5.6606159508228284 1589.4717176407576 7.3394559174776068 3.9716452211141577 84.359377309679985 8.2767372727394086 6.0765460580587378 65.956247627735138 3.5346776396036148 119.82065160572529 4.998314693570137 8.1388872265815717 3.4190101176500312 12.284916326403616 5.7754331082105637
leaf_count=18 5 323 11 26 2999 172 31 224 78 514 11 4752 22 6 185 23 28 193 8 240 23 27 8 58 15
internal_value=0.00827475 0.0102449 0.00121566 0.00803616 0.00902695 0.00731936 0.0111215 0.0069718 0.00912747 0.00929604 0.0109809 0.00682763 0.0182981 -0.00110475 0.0123096 0.00897359 -0.00152773 0.00971589 -0.00564093 0.0141415 0.00285176 0.0150741 -0.00522157 -0.00892612 0.0149896
internal_weight=3583.15 386.62 29.2444 3196.53 1341.22 1855.3 155.154 1700.15 1335.58 1314.03 357.376 1678.87 21.2813 21.551 144.94 218.758 14.3533 204.404 10.2141 138.618 10.6589 127.96 19.8806 16.4616 9.36379
internal_count=10000 965 97 9035 3623 5412 396 5016 3597 3513 868 4976 40 84 357 567 51 516 39 301 34 267 77 69 20
is_linear=0
shrinkage=0.01


Tree=60
num_leaves=27
num_cat=0
split_feature=61 23 2 48 50 69 69 2 72 52 40 2 38 19 45 3 10 65 65 36 18 14 54 49 24 3
split_gain=16.454 21.7734 31.6721 26.1292 25.0938 24.9342 19.2766 30.8056 33.7538 25.8116 52.9647 30.4545 18.9624 30.3466 29.3586 26.0079 43.0965 31.8126 29.8794 25.2528 24.2233 23.9198 22.0633 20.8106 15.3212 4.17752
threshold=117.21471023559572 1303.5000000000002 333835.50000000006 0.05585914850234986 0.0078295720741152781 11.263826847076418 95.966930389404311 28255.500000000004 -1036773.1562499999 0.0072801304049789914 2.3803361654281621 17007.000000000004 0.82196417450904857 87832.300781250015 -0.89340072870254505 -2897.9999999999995 -0.0011660349555313585 -0.65003374218940724 1.4724457263946535 0.48522853851318365 3504.0000000000005 64.225002288818374 3.710322499275208 -1.1815841197967527 3082.5000000000005 1136.0000000000002
decision_type=2 2 2 2 2 2 2 2 2 2 2 2 2 2 2 2 2 2 2 2 2 2 2 2 2 2
left_child=12 6 3 5 -5 -3 9 -8 -9 10 -2 -11 15 14 23 18 24 -18 21 -16 25 -1 -22 -14 -17 -15
right_child=1 2 -4 4 -6 -7 7 8 -10 11 -12 -13 13 20 19 16 17 -19 -20 -21 22 -23 -24 -25 -26 -27
leaf_value=0.0093984766855207454 0.0071911877472663034 -0.013801442333933933 -0.01404402627536307 0.0096522333416915306 -0.014536770922188903 0.02013760742157452 -0.013657497667787953 0.0005205757031647659 0.017154741282276537 -0.00887723747409753 -0.0020304329960665092 0.010011379107121189 -0.0055540334422594572 0.017102368249811734 -0.010828358758145083 -0.008259769126238754 0.0073224218366227528 0.013337412439108392 -0.013723041052799317 0.0039187025645260358 0.010105268594266309 0.0036835392506595812 -0.014017248802833794 0.015643816604160522 0.01748720768686695 0.028302271675323884
leaf_weight=423.67854972183704 1328.081082046032 2.2675556242465964 5.4048359394073477 311.33483274281025 4.3159057050943366 36.012849107384682 10.489524379372595 47.533807203173637 16.473403707146645 8.6636520624160749 65.172994792461395 404.61514580249786 5.3315123021602622 7.1843787580728513 12.507699474692343 14.546475753188135 116.53957848250866 369.31763082742691 6.1412594169378272 157.17829702794552 104.91008076071739 89.296724915504456 3.899644508957862 32.247384518384933 2.7300671488046637 7.6095298230648041
leaf_count=1093 3901 11 26 812 20 59 53 171 37 37 246 1067 21 13 54 59 323 831 31 496 264 277 19 67 4 8
internal_value=0.00816833 0.00763957 0.00990257 0.0102711 0.00931833 0.0181011 0.00720673 0.00220253 0.0048173 0.00741254 0.00675911 0.00961299 0.00904307 0.00695163 0.00460453 0.00971902 0.0113443 0.0118967 0.00814188 0.00282579 0.0108793 0.00840559 0.00923155 0.0126098 -0.00413331 0.0229308
internal_weight=3593.48 2240.37 359.336 353.931 315.651 38.2804 1881.03 74.4967 64.0072 1806.53 1393.25 413.279 1353.12 330.869 207.265 1022.25 503.134 485.857 519.117 169.686 123.604 512.975 108.81 37.5789 17.2765 14.7939
internal_count=10000 6440 928 902 832 70 5512 261 208 5251 4147 1104 3560 942 638 2618 1217 1154 1401 550 304 1370 283 88 63 21
is_linear=0
shrinkage=0.01


Tree=61
num_leaves=23
num_cat=0
split_feature=9 61 65 55 54 8 39 22 20 17 19 23 69 58 1 50 48 2 1 10 8 20
split_gain=16.6703 23.4724 20.6339 22.2703 21.2353 19.5167 19.0874 18.2055 18.0744 24.006 23.5145 31.2202 20.7448 20.6798 16.5687 14.8501 16.257 13.4791 11.1764 9.58292 6.95258 6.28784
threshold=8482377.0000000019 117.21471023559572 1.4724457263946535 -0.18624474108219144 2.9731808900833134 1.0666176676750185 -0.99398884177207936 10647.439941406252 578779.56250000012 73039.000000000015 534538.34375000012 868.50000000000011 95.966930389404311 -29679.999999999996 94103.000000000015 0.004810070851817728 -1.0011376142501829 197893.50000000003 33275.500000000007 -3.0594999770983116e-05 1.6190109848976137 496127.04687500006
decision_type=2 2 2 2 2 2 2 2 2 2 2 2 2 2 2 2 2 2 2 2 2 2
left_child=1 2 5 -4 -5 7 21 -1 9 12 11 -10 -3 -12 18 16 -16 -17 -8 -20 -11 -2
right_child=6 8 3 4 -6 -7 14 -9 10 20 13 -13 -14 -15 15 17 -18 -19 19 -21 -22 -23
leaf_value=0.010706385282668174 -0.013255916538629066 0.0071884797567061285 -0.013382489628429034 0.0071182022149027125 -0.013191482830204482 -0.013997497778806578 0.0011222203920649308 0.0082513901218751982 0.0018017928626714935 -0.013894929710896755 -0.00047755186051261738 0.017000469803024998 0.0014827826482451429 0.0091185290059511617 -0.014636554960366019 0.0036591019466486146 0.0073536421978998515 0.019820135812206898 0.013911481783783739 0.022484294914395787 0.0066254689264407243 0.0079434670761900465
leaf_weight=549.14418193697929 4.1720309257507315 1771.6150422096252 6.6590271294116965 71.282682731747627 5.5170826464891425 3.5586925446987143 5.7313426285982123 686.86645969748497 16.980212166905403 7.1299998015165311 26.71435871720314 69.25170162320137 66.561484962701797 134.72979089617729 3.5177211612462989 7.4264863580465343 64.651159822940826 18.231606364250183 62.543953865766525 17.164354294538498 2.0751453638076782 2.0431606322526932
leaf_count=1340 22 5180 35 212 30 17 18 1838 55 35 94 135 241 350 16 22 174 25 128 21 6 6
internal_value=0.00806389 0.0079044 0.00895042 0.00411594 0.00564619 0.00927511 0.0109974 0.00934292 0.00724337 0.00690144 0.00978975 0.0140192 0.00698242 0.00752446 0.0115967 0.0086698 0.00620421 0.0151815 0.0147992 0.0157701 -0.00916032 -0.00612601
internal_weight=3603.57 3418.09 1323.03 83.4588 76.7998 1239.57 185.482 1236.01 2095.06 1847.38 247.676 86.2319 1838.18 161.444 179.267 93.827 68.1689 25.6581 85.4397 79.7083 9.20515 6.21519
internal_count=10000 9568 3472 277 242 3195 432 3178 6096 5462 634 190 5421 444 404 237 190 47 167 149 41 28
is_linear=0
shrinkage=0.01


Tree=62
num_leaves=22
num_cat=0
split_feature=9 61 65 55 54 28 61 35 27 59 14 28 8 22 34 59 61 61 37 21 54
split_gain=16.2772 22.8773 20.0718 21.8757 20.8322 19.3063 40.8422 29.0049 30.5373 27.9136 23.2487 20.1539 19.1063 17.6895 17.5736 27.8618 19.2184 34.8778 28.2224 5.22249 4.32762
threshold=8482377.0000000019 117.21471023559572 1.4724457263946535 -0.18624474108219144 2.9731808900833134 -57.937499999999993 135.39043426513675 -1.6065695881843565 -30087.999999999996 0.61053287982940685 52.70000076293946 -19.781249999999996 1.0666176676750185 10647.439941406252 1.2901682853698733 0.74770158529281627 124.99787521362306 104.06508636474611 -2.1080430746078487 -3638.4999999999995 -1.1633153557777403
decision_type=2 2 2 2 2 2 2 2 2 2 2 2 2 2 2 2 2 2 2 2 2
left_child=1 2 12 -4 -5 6 10 11 -9 -8 -3 -7 13 -1 15 -2 17 -17 -18 20 -16
right_child=14 5 3 4 -6 7 9 8 -10 -11 -12 -13 -14 -15 19 16 18 -19 -20 -21 -22
leaf_value=0.010562948273142001 -0.013107819902479641 -0.00043072619811115729 -0.013334974030904539 0.007028895321602344 -0.013146829978433574 -0.00077937966163446018 0.016708352018772955 0.0044055385027901616 0.0084027869757954763 0.0066274719858135413 0.0097524149224783949 0.013596578134288497 -0.013936556849429925 0.0081465631268876591 0.024729985331069019 0.011663942191130964 -0.013998150844945803 -0.010217773606045142 0.012997339139758637 0.021772015474161785 0.0085515406128995868
leaf_weight=551.02559109032154 5.1991689652204505 127.06346993148327 6.6161423176527014 71.465566635131836 5.4806457608938208 10.465903803706167 28.683960735797882 252.78041395545006 799.4184801876545 734.15107542276382 27.184860467910767 120.78757652640343 3.538611873984336 688.73826384544373 2.2633537054061907 18.940427422523502 3.9673412293195716 11.800644025206564 119.06029289960861 17.122458919882774 7.6635418087244034
leaf_count=1340 28 452 35 212 30 38 62 788 2221 2169 74 292 17 1838 2 42 19 53 251 19 18
internal_value=0.00796138 0.00780398 0.00883514 0.00406935 0.00557884 0.00715214 0.00605857 0.00799873 0.00744344 0.00700784 0.00135748 0.0124426 0.00915464 0.00922136 0.0108561 0.00957505 0.0103485 0.00323163 0.0121187 0.0183479 0.012341
internal_weight=3613.42 3427.4 1326.86 83.5624 76.9462 2100.54 917.083 1183.45 1052.2 762.835 154.248 131.253 1243.3 1239.76 186.017 158.968 153.769 30.7411 123.028 27.0494 9.9269
internal_count=10000 9568 3472 277 242 6096 2757 3339 3009 2231 526 330 3195 3178 432 393 365 95 270 39 20
is_linear=0
shrinkage=0.01


Tree=63
num_leaves=25
num_cat=0
split_feature=1 46 54 55 53 28 37 40 72 10 49 30 52 2 35 67 61 36 40 18 28 58 19 18
split_gain=16.2845 15.3364 19.7128 21.5656 32.0857 28.2595 17.5892 16.7811 43.7389 40.6241 24.5355 25.0332 21.105 19.956 16.0183 12.9657 11.6706 22.8771 14.1712 24.4207 19.9052 13.2349 3.31246 7.94544
threshold=528355.00000000012 -1.0176488757133482 -0.74617168307304371 -0.12687505036592481 0.11993431299924852 -894.84374999999989 1.6164382100105288 1.7817147374153139 -2510872.7499999995 -0.00047182000707834954 1.7522760033607485 90.909130096435561 0.035867977887392051 53356.000000000007 1.0401148200035097 3.4328988790512089 101.23583602905275 1.2861627936363222 0.065043885260820403 10151.000000000002 -96.593749999999986 -127715.99999999999 1486.5250244140627 18909.500000000004
decision_type=2 2 2 2 2 2 2 2 2 2 2 2 2 2 2 2 2 2 2 2 2 2 2 2
left_child=1 2 6 4 -4 -5 14 10 13 -10 12 -12 -3 -9 -1 -8 18 -18 22 21 -21 -20 -2 -24
right_child=16 7 3 5 -6 -7 15 8 9 -11 11 -13 -14 -15 -16 -17 17 -19 19 20 -22 -23 23 -25
leaf_value=0.012878062419473256 0.02323481001772524 0.0076595219212017111 0.0062569420418682542 -0.0082810614312202307 -0.014530994241706728 0.011746098671118727 -0.014480364527794007 -0.0014591223480792503 0.0084790850366387015 0.0017310586665627288 0.011174205063365817 -0.007825353111472557 0.0011363252511620335 0.016209644925186281 0.024120328530048508 0.013107128714530266 -0.013784734399967993 0.01577379310734112 0.01041623817891232 -0.0033898372269654305 0.021119693250847706 -0.014179499038079449 0.011706299847843984 0.023615366635288088
leaf_weight=73.007850810885429 10.719846069812773 2477.505680039525 76.225016340613365 7.3881097286939612 8.2021331936120969 130.59669551253319 3.6914487034082404 7.2316605746746054 149.79404424130917 221.79262544214725 268.02992525696754 7.0565319061279288 50.979800835251808 49.088596150279045 15.682046309113501 3.1481881439685822 4.6527077704668027 5.955576553940773 3.5462067723274231 4.2461759448051479 14.078432545065878 5.6087522506713885 15.503666013479235 9.3455292135477048
leaf_count=170 12 6898 222 30 38 314 17 26 408 739 650 29 178 93 22 6 23 11 8 16 20 27 34 9
internal_value=0.00786064 0.00776332 0.00986923 0.00822604 0.00422554 0.0106665 0.0136844 0.00755581 0.00570266 0.00445401 0.0078383 0.0106832 0.0075284 0.0139232 0.0148772 -0.00163602 0.0125367 0.0027154 0.0141733 0.00871 0.0153858 -0.00454302 0.018366 0.0162254
internal_weight=3623.08 3549.42 317.941 222.412 84.4271 137.985 95.5295 3231.48 427.907 371.587 2803.57 275.086 2528.49 56.3203 88.6899 6.83964 73.6569 10.6083 63.0486 27.4796 18.3246 9.15496 35.569 24.8492
internal_count=10000 9840 819 604 260 344 215 9021 1266 1147 7755 679 7076 119 192 23 160 34 126 71 36 35 55 43
is_linear=0
shrinkage=0.01


Tree=64
num_leaves=27
num_cat=0
split_feature=39 65 28 24 51 55 26 41 50 40 67 57 33 27 64 20 39 33 40 2 50 33 56 40 38 18
split_gain=16.1697 17.1281 24.4457 24.069 24.0533 27.4226 27.6725 23.0398 21.5067 20.969 20.6088 17.9882 16.9714 22.9826 15.7135 20.2158 26.6141 22.9631 20.8096 25.0643 19.5207 15.4709 14.1695 14.0967 10.9806 5.4879
threshold=2.4510273933410649 1.989093065261841 623.43750000000011 296.50000000000006 0.0043348753824830064 2.0333116054534917 0.051178522408008582 1.9719488620758059 0.0062985129188746223 -1.0600155591964719 3.28072202205658 1.1994471549987795 1.0813219547271731 25864.000000000004 9.2631258964538592 263633.18750000006 3.0047349929809575 -0.82014718651771534 -2.1408281326293941 197893.50000000003 0.00044193038775119936 -0.95408442616462696 0.33426189422607427 -2.7409170866012569 0.19246031343936923 52973.500000000007
decision_type=2 2 2 2 2 2 2 2 2 2 2 2 2 2 2 2 2 2 2 2 2 2 2 2 2 2
left_child=1 4 12 10 7 6 -6 8 -1 -7 -4 -5 -3 -14 21 18 20 -18 23 -20 -17 -2 24 -16 -23 -24
right_child=14 2 3 11 5 9 -8 -9 -10 -11 -12 -13 13 -15 15 16 17 -19 19 -21 -22 22 25 -25 -26 -27
leaf_value=0.006838295847231112 -0.003374792439996545 -0.013420826051301101 0.017378928733503839 0.00087624889751956783 0.014396058787225443 0.017167834195966333 0.0085668845985011899 -0.014006585426155536 0.011324634816243684 -0.013539009402791007 -0.01344928936397841 0.018241623395394615 0.024188278418208049 -0.0048707361445284418 0.010635745094090834 -0.01419959476919247 -0.0055165237135341525 0.010809689816706528 0.0064202665812575334 0.012955117809854963 0.0027264272196575946 0.012375079443612285 0.021828540325774731 0.020742269835363626 -0.014006072147573391 0.013124861863112349
leaf_weight=2034.5228869616985 4.1109123378992072 12.501537010073664 2.9652543962001783 9.0205493122339266 90.653162345290184 2.918493077158927 856.46817399561405 5.1644059866666785 113.56008537113667 9.1209906637668592 7.9261079728603363 18.356067225337029 3.6492430418729773 10.615739211440085 28.395594283938408 10.006898745894434 9.9975462406873685 59.134909421205521 154.77387042343616 95.63434100151062 21.169910907745361 4.8143811523914328 25.64948458969593 28.038079783320427 2.32327800989151 11.108796820044516
leaf_count=5864 15 66 7 31 189 6 2267 25 264 47 42 34 6 46 63 48 38 139 428 202 66 9 29 37 11 21
internal_value=0.00776153 0.00750753 0.00240584 0.00754367 0.00761381 0.00893482 0.00912588 0.00702491 0.00707594 -0.0060123 -0.00496426 0.0125563 -0.00490234 0.00249299 0.00953248 0.00888841 0.00497165 0.00843422 0.0101656 0.00892001 -0.00267429 0.0149741 0.0167152 0.0156747 0.00364802 0.0192254
internal_weight=3632.6 3177.44 65.0345 38.268 3112.41 959.161 947.121 2153.25 2148.08 12.0395 10.8914 27.3766 26.7665 14.265 455.158 407.151 100.309 69.1325 306.842 250.408 31.1768 48.0069 43.8959 56.4337 7.13766 36.7583
internal_count=10000 8894 232 114 8662 2509 2456 6153 6128 53 49 65 118 52 1106 1021 291 177 730 630 114 85 70 100 20 50
is_linear=0
shrinkage=0.01


Tree=65
num_leaves=31
num_cat=0
split_feature=59 60 60 51 36 38 65 47 28 40 50 6 2 20 49 9 50 58 67 20 51 50 40 56 28 48 57 21 49 21
split_gain=15.7796 16.5026 20.5384 26.0749 20.3027 16.3229 20.95 33.7716 17.9013 15.6311 31.1853 37.8014 28.2407 32.3534 28.874 22.192 17.7185 32.7751 28.606 23.1813 21.6992 27.795 27.1073 15.4907 14.5443 13.7124 30.9947 15.608 8.10889 6.72488
threshold=1.5933268070220949 -0.001971756923012435 -0.0061112735420465461 -0.0075229140929877749 1.2213527560234072 0.82196417450904857 1.104040324687958 0.18874686956405642 2154.6875000000005 2.1180012226104741 -0.0035440467763692136 -137618231.99999997 49921.000000000007 24023.845703125004 1.2847136855125429 4226577.5000000009 -0.010301450267434118 -14491.999999999998 2.3588540554046635 114294.51171875001 0.0018636494060046973 0.0078295720741152781 -2.7409170866012569 -0.18950405716896054 -719.81249999999989 0.22459822893142703 2.2518700361251835 -173.49999999999997 1.3887293934822085 -2161.4999999999995
decision_type=2 2 2 2 2 2 2 2 2 2 2 2 2 2 2 2 2 2 2 2 2 2 2 2 2 2 2 2 2 2
left_child=9 2 25 28 -5 23 7 -7 -8 16 11 15 13 -12 -14 -11 17 18 -1 -19 22 -22 -18 29 -25 26 -2 -27 -4 -3
right_child=1 5 3 4 -6 6 8 -9 -10 10 12 -13 14 -15 -16 -17 20 19 -20 -21 21 -23 -24 24 -26 27 -28 -29 -30 -31
leaf_value=0.015207891785471654 2.7242710484458912e-05 0.023329988571758258 -0.013973463013537761 0.0085257325806821042 -0.014185549378356897 -0.014725254726694819 0.013951096753861272 0.0078947024279411356 -0.0057537915841514731 -0.011104965724186695 0.012948313070489256 0.01727687258779707 0.01083420777623284 -0.0031401715058174836 -0.002360225312806307 0.0030734232305282649 -0.0021584786229030379 -0.0022431363278603701 -0.0037772073292158042 0.015022815549566183 0.0090103998779956593 0.0043350829188646255 0.0068785760761563876 0.017190648462344648 0.0095079537768894169 0.0078564294867384775 0.016382644621138941 0.021177187634129499 0.0071970146337390377 0.014692178399791674
leaf_weight=102.60094529390335 30.741426065564156 15.467411935329435 10.990614026784895 33.573775574564934 4.4297318160533896 9.826490670442583 36.202767089009285 20.087914511561394 5.205800548195838 27.057677701115608 17.127679288387299 8.8246586918830854 131.98119343817234 46.128348365426064 18.831272423267365 18.496307253837585 33.745244726538658 26.116094157099724 8.5123734623193723 11.033964723348616 1086.5170880258083 145.0062048882246 1554.2731786817312 31.177901238203049 126.55353938043118 18.268161728978157 18.716070145368576 17.578787758946419 2.0987245440483084 24.601734936237335
leaf_count=211 101 17 54 86 21 45 71 51 20 118 42 18 331 176 67 59 121 92 31 24 2842 447 4455 51 296 48 31 22 6 46
internal_value=0.00766446 0.00953274 0.00668033 0.0016427 0.00585217 0.0109747 0.0068422 0.000430914 0.0114497 0.00743005 0.00510799 -0.00163971 0.00682674 0.00120026 0.00918005 -0.00532616 0.00763975 0.0110234 0.0137444 0.00285812 0.00746147 0.00846071 0.00668591 0.0124597 0.0110329 0.00968587 0.00623679 0.0144166 -0.0105026 0.0180515
internal_weight=3641.77 405.521 136.397 51.0928 38.0035 269.124 71.323 29.9144 41.4086 3236.25 268.447 54.3786 214.068 63.256 150.812 45.554 2967.81 148.263 111.113 37.1501 2819.54 1231.52 1588.02 197.801 157.731 85.3044 49.4575 35.8469 13.0893 40.0691
internal_count=10000 966 369 167 107 597 187 96 91 9034 811 195 616 218 398 177 8223 358 242 116 7865 3289 4576 410 347 202 132 70 60 63
is_linear=0
shrinkage=0.01


Tree=66
num_leaves=24
num_cat=0
split_feature=9 61 40 34 38 28 61 50 35 27 26 28 39 8 34 61 1 37 48 54 34 35 21
split_gain=15.7376 22.0474 19.2359 22.8472 20.4368 18.4839 39.5988 38.4434 28.0664 29.338 22.7661 19.404 18.067 17.4379 16.4859 17.6814 34.2762 26.6132 15.6469 14.5672 14.3568 6.10053 4.95588
threshold=8482377.0000000019 117.21471023559572 3.1411072015762334 -0.39427143335342402 2.8406968116760258 -57.937499999999993 135.39043426513675 0.0056939432397484788 -1.6065695881843565 -30087.999999999996 0.46285690367221838 -19.781249999999996 -0.99398884177207936 1.0666176676750185 1.2901682853698733 124.99787521362306 226057.50000000003 -2.1080430746078487 0.53190144896507274 -0.4014862179756164 -0.57939127087593068 0.63102731108665477 -3638.4999999999995
decision_type=2 2 2 2 2 2 2 2 2 2 2 2 2 2 2 2 2 2 2 2 2 2 2
left_child=1 2 4 20 13 6 10 -8 11 -10 -3 -7 21 -1 15 16 -14 -17 -6 -5 -4 -2 -16
right_child=12 5 3 19 18 8 7 -9 9 -11 -12 -13 14 -15 22 17 -18 -19 -20 -21 -22 -23 -24
leaf_value=0.008797844565598666 -0.01327496513220513 -0.00056073753124453172 0.0027584998374877508 0.0037904107412698195 -0.013883877681189729 -0.00097964702155232432 0.0069331824612515374 -0.010559143309580792 0.0040945940464141616 0.0079931321120245598 0.0098556660890268422 0.013068503894867401 -0.010466204945380501 -0.013959056801775758 0.01235204170229892 -0.013989100683181882 0.011180972980245823 0.012253008058538073 0.012065540013071639 -0.014473695103444132 0.02115378849132887 0.0075185758107959178 0.021594397500582278
leaf_weight=1289.1325774639845 4.1724394261836997 130.62288057804108 13.177685379981996 7.392193108797076 7.0089204609394056 10.548370614647864 758.11290900409222 12.730795592069624 255.19867554306984 808.28435175120831 24.968730807304382 122.34964993596077 11.789094701409342 3.3420890271663657 9.8165410608053225 3.9581386744976035 19.185444951057434 119.6818408370018 3.4410407543182373 10.428162798285483 6.3708936572074881 2.0659255385398865 17.041666030883789
leaf_count=3292 22 460 41 22 35 38 2174 57 788 2221 66 292 52 16 19 19 43 253 8 49 9 6 18
internal_value=0.00756892 0.00741505 0.00842229 0.00131672 0.00862532 0.00677864 0.00571389 0.00664299 0.0076023 0.00705856 0.00110442 0.011946 0.0104023 0.00873823 0.0109795 0.00970942 0.00290964 0.0114048 -0.00524337 -0.00684131 0.00880469 -0.00622858 0.0182536
internal_weight=3650.82 3463.11 1340.29 37.3689 1302.92 2122.82 926.435 770.844 1196.38 1063.48 155.592 132.898 187.711 1292.47 181.473 154.615 30.9745 123.64 10.45 17.8204 19.5486 6.23836 26.8582
internal_count=10000 9568 3472 121 3351 6096 2757 2231 3339 3009 526 330 432 3308 404 367 95 272 43 71 50 28 37
is_linear=0
shrinkage=0.01


Tree=67
num_leaves=29
num_cat=0
split_feature=39 37 40 55 10 28 28 39 65 2 31 28 28 51 64 20 39 20 40 2 38 3 51 40 10 56 26 40
split_gain=15.6537 17.2332 23.8113 29.7444 22.99 21.0274 32.8955 29.144 16.9023 28.9561 27.7054 18.4323 27.4777 27.0602 15.3876 19.5502 25.8158 21.6456 20.1026 24.0916 17.8205 14.737 14.0527 13.6083 13.0989 10.6426 11.476 2.39271
threshold=2.4510273933410649 -1.8370754718780515 1.9885518550872805 0.64526459574699413 -0.00052356001106090833 -1899.9999999999998 -1011.9999999999999 -0.15074797719717023 -1.301158010959625 77245.500000000015 -1.3791757225990293 58.125000000000007 267.68750000000006 0.02701447252184153 9.2631258964538592 263633.18750000006 3.0047349929809575 535533.21875000012 -2.1408281326293941 197893.50000000003 -0.62664544582366932 -13161.499999999998 -0.018964955583214756 -2.7409170866012569 -8.8820001110434519e-05 0.71677497029304515 0.096107076853513732 -1.902381360530853
decision_type=2 2 2 2 2 2 2 2 2 2 2 2 2 2 2 2 2 2 2 2 2 2 2 2 2 2 2 2
left_child=1 2 5 4 -4 7 -7 -1 9 10 -3 13 -13 -10 21 18 20 -18 23 -20 -17 24 -11 -16 -2 26 -23 -27
right_child=14 8 3 -5 -6 6 -8 -9 11 22 -12 12 -14 -15 15 16 17 -19 19 -21 -22 25 -24 -25 -26 27 -28 -29
leaf_value=0.022394800529346687 0.011222814379274198 0.010606118134767799 0.0017381420787304772 0.020804082531006036 -0.014107758947272666 -0.0020488331790669092 0.0063686377874301392 0.0077747839792401234 0.0067724295030515873 0.0061237858911006721 -0.014329206044789234 0.010318047982281364 0.0071965840361556026 -0.0059709811677279472 0.010284846339275896 -0.011260029738128705 0.0021639995369595552 0.013380231611946016 0.0061634429076551948 0.012546982197590718 0.0039071041695411457 -0.0043237705317831438 0.018889865585657143 0.020178545930670935 -0.014047442467529838 0.01398872328632156 0.019375803843117826 0.021532519896189158
leaf_weight=17.659412354230881 6.6385632157325745 12.887864381074907 23.012736514210701 5.2770317792892447 15.106630623340605 51.781455427408218 434.96150960028172 61.869207739830017 1272.2286514043808 11.183858692646025 6.7958191931247702 443.87550289928913 786.32602608203888 16.800879836082458 28.582558780908585 13.871749505400659 32.663195505738258 36.93939608335495 155.77038867771626 96.38817335665226 17.419592529535294 4.1991724520921689 41.764623150229454 28.271479204297066 2.9461662918329221 6.140731915831565 3.8859904706478119 24.462832838296894
leaf_count=27 13 32 77 9 73 184 1256 165 3585 32 32 1111 2166 69 63 61 103 74 428 202 53 15 76 37 14 11 5 27
internal_value=0.00747493 0.00722606 0.00570668 -0.00141342 -0.00451532 0.0062541 0.0054711 0.0110337 0.00758307 0.0123599 0.00194636 0.00744495 0.00832367 0.00660556 0.0092117 0.00857686 0.00473571 0.00813103 0.00982778 0.00860753 -0.00278467 0.0145816 0.0162123 0.0152222 0.00335088 0.017338 0.00694333 0.0200515
internal_weight=3659.71 3201.53 609.668 43.3964 38.1194 566.272 486.743 79.5286 2591.86 72.6322 19.6837 2519.23 1230.2 1289.03 458.18 409.907 100.894 69.6026 309.013 252.159 31.2913 48.2735 52.9485 56.854 9.58473 38.6887 8.08516 30.6036
internal_count=10000 8894 1791 159 150 1632 1440 192 7103 172 64 6931 3277 3654 1106 1021 291 177 730 630 114 85 108 100 27 58 20 38
is_linear=0
shrinkage=0.01


Tree=68
num_leaves=27
num_cat=0
split_feature=9 38 40 0 46 61 38 3 33 2 46 7 68 27 27 31 53 67 59 51 58 40 21 61 54 18
split_gain=15.4127 32.8681 29.6213 37.9549 40.1466 31.0688 27.4006 23.3972 22.0959 21.9041 21.1264 36.4187 28.6255 35.5504 29.2574 21.3004 19.8888 20.4942 14.3983 14.3748 14.3245 18.9347 13.6476 11.4343 7.01826 5.29657
threshold=3492712.0000000005 2.8406968116760258 2.2447050809860234 71806.500000000015 -0.55879628658294667 62.882881164550788 1.8951507210731509 80086.000000000015 0.53410714864730846 548068.00000000012 -0.97718390822410572 2.0216586589813237 49.053880691528327 -60815.999999999993 -99567.999999999985 4.4679942131042489 0.14668617397546771 2.8665943145751958 0.80026537179946911 -0.00049284324632026244 -2747.9999999999995 0.59920555353164684 -6457.9999999999991 182.96688079833987 3.710322499275208 37881.000000000007
decision_type=2 2 2 2 2 2 2 2 2 2 2 2 2 2 2 2 2 2 2 2 2 2 2 2 2 2
left_child=1 2 7 5 -5 -4 10 9 20 -1 12 15 13 -2 -14 -12 17 -3 25 -20 21 -8 -22 -19 -13 -10
right_child=6 16 3 4 -6 -7 8 -9 18 -11 11 24 14 -15 -16 -17 -18 23 19 -21 22 -23 -24 -25 -26 -27
leaf_value=0.0072304778993153374 0.011896415140193834 -0.014358721126712501 -0.014667677097886999 0.0052657640939432751 -0.009547555240088431 0.0096262349449561212 0.015323911997168736 -0.014009370981974283 -0.014686388189843478 0.01684473288066551 0.0066877486736424512 -0.014207276628691265 -0.014739645469945136 -0.0035236199630041547 0.015299516410964989 0.010070967208880391 -0.014017088080307041 0.0033951282706570179 -0.0062805858620285562 0.010601858820886973 0.0058457774463288948 0.00047084243268783501 0.021751411408088263 0.027302263955262016 0.0054088109739420199 0.004364602157227883
leaf_weight=1981.3577878922224 36.975434526801109 4.0847227871418026 5.6795305013656607 34.990515947341919 38.246426045894623 67.371540114283562 32.124335840344429 5.1110461056232444 3.5185452550649634 24.146688431501389 908.53195987641811 9.3765265941619855 3.3184010386466971 24.966372579336166 98.848185047507286 236.07247126102448 11.796819254755972 5.2723243385553342 5.3785950094461432 66.828377291560173 6.4938420951366416 11.90369953215122 38.103362083435059 3.3410939425230026 2.1811667531728736 2.3844989687204361
leaf_count=5462 89 19 26 103 165 176 63 25 16 39 2497 45 15 91 200 587 58 18 21 157 17 38 56 4 6 7
internal_value=0.00738257 0.00684457 0.00697557 0.00262032 -0.00245652 0.00772376 0.00817113 0.00729195 0.0120016 0.00734673 0.00768662 0.00720755 0.0110556 0.00566504 0.014314 0.0073864 -0.00464948 0.00397446 0.008097 0.00933046 0.0154317 0.0113309 0.0194578 0.0127847 -0.0104188 -0.00682145
internal_weight=3668.4 2181.4 2156.9 146.288 73.2369 73.0511 1487.01 2010.62 166.735 2005.5 1320.27 1156.16 164.108 61.9418 102.167 1144.6 24.495 12.6981 78.11 72.207 88.6252 44.028 44.5972 8.61342 11.5577 5.90304
internal_count=10000 6095 5996 470 268 202 3905 5526 375 5501 3530 3135 395 180 215 3084 99 41 201 178 174 101 73 22 51 23
is_linear=0
shrinkage=0.01


Tree=69
num_leaves=28
num_cat=0
split_feature=39 68 68 48 56 55 48 10 27 28 51 53 40 58 48 66 59 22 47 45 63 2 2 45 47 40 50
split_gain=15.3589 16.7869 24.9664 41.1693 36.1188 23.6284 39.2401 26.1155 23.5205 25.4698 25.0747 23.1452 21.4394 17.751 14.7027 17.4512 19.5209 30.7882 23.3324 16.7554 14.924 14.0838 12.796 10.2444 9.91339 20.3316 9.81405
threshold=2.4510273933410649 33.223974227905281 21.796365737915043 1.8367534279823305 -1.0196924209594724 -0.68249034881591786 0.28767813742160803 -0.0011660349555313585 -195935.99999999997 58.125000000000007 0.0018636494060046973 0.37951920926570898 -1.2778888940811155 96168.000000000015 -0.7220546007156371 2.1799756288528447 1.7193740010261538 5578.1201171875009 0.68807667493820202 2.5106227397918706 8.9183583259582537 143161.00000000003 121769.50000000001 -0.57675740122795094 -0.64344450831413258 -2.1408281326293941 1.0000000180025095e-35
decision_type=2 2 2 2 2 2 2 2 2 2 2 2 2 2 2 2 2 2 2 2 2 2 2 2 2 2 2
left_child=1 2 3 4 -1 6 -4 -7 12 10 -10 -11 22 -5 23 19 18 -18 -17 20 -16 -14 -3 24 25 -2 -26
right_child=14 8 5 13 -6 7 -8 -9 9 11 -12 -13 21 -15 15 16 17 -19 -20 -21 -22 -23 -24 -25 26 -27 -28
leaf_value=-0.0097423819641984637 0.016027039297394897 0.013191968839130522 -0.0044247274268458137 -0.014560705898530873 0.0096965203860641634 -0.014711255157910887 0.0067133377757836437 0.0060218588738463917 0.0049714097938130175 0.0073082750381143107 0.0078187225883862774 0.010273926086711181 0.005668603953539522 0.011133046337402527 0.017241005013232079 -0.009375588790096475 -0.014369363386237422 0.011677575545913799 0.012270900555298662 0.01967825619563715 0.0077454253181806366 0.022153698470432383 -0.014402758296180236 0.020612694294940313 0.014416369739327873 -0.014594100888418751 0.0080967067448455311
leaf_weight=9.8626983463764173 4.3273743838071823 3.2641813904047003 68.420333296060562 10.976234644651411 266.61425755918026 6.1462537795305243 58.786154925823212 381.66408802568913 642.98787413537502 701.68651540577412 601.79600574076176 426.01241293549538 6.7573028057813671 3.5173400342464438 17.985528811812401 18.735883846879009 5.2935848683118811 30.69643497467041 6.7533228844404212 14.055062741041182 241.34030930697918 25.007144510746002 3.4532385468482971 12.540838599205015 61.292864069342613 4.340621352195738 42.694809004664421
leaf_count=42 7 7 257 51 688 28 165 1102 1912 1901 1607 1057 19 8 27 82 25 66 15 17 619 34 16 15 111 20 102
internal_value=0.00729154 0.00704571 0.00579079 0.0081365 0.00899946 0.00446358 0.000714665 0.00569069 0.00746481 0.00733821 0.00634876 0.0084295 0.0152443 -0.00825628 0.00900839 0.00790645 0.00306777 0.00781868 -0.00360116 0.00899094 0.00840785 0.0186783 -0.000844845 0.0119477 0.0109743 0.000577704 0.0118313
internal_weight=3677.01 3216.95 805.987 290.971 276.477 515.017 127.206 387.81 2410.96 2372.48 1244.78 1127.7 38.4819 14.4936 460.057 334.86 61.4792 35.99 25.4892 273.381 259.326 31.7644 6.71742 125.197 112.656 8.668 103.988
internal_count=10000 8894 2341 789 730 1552 422 1130 6553 6477 3519 2958 76 59 1106 851 188 91 97 663 646 53 23 255 240 27 213
is_linear=0
shrinkage=0.01


Tree=70
num_leaves=22
num_cat=0
split_feature=9 61 65 55 8 39 28 61 50 35 27 48 6 22 34 61 1 37 31 58 21
split_gain=15.134 21.4237 18.9002 20.9074 17.8927 17.4943 17.3835 38.3176 37.3668 27.1284 28.0881 22.2926 19.9304 16.782 15.9794 17.2045 33.2791 25.6938 15.6466 6.00615 4.84091
threshold=8482377.0000000019 117.21471023559572 1.4724457263946535 -0.18624474108219144 1.0666176676750185 -0.99398884177207936 -57.937499999999993 135.39043426513675 0.0056939432397484788 -1.6065695881843565 -30087.999999999996 -0.10331749543547629 -453222799.99999994 5578.1201171875009 1.2901682853698733 124.99787521362306 245506.00000000003 -2.1080430746078487 -2.9785137176513667 24048.000000000004 -3638.4999999999995
decision_type=2 2 2 2 2 2 2 2 2 2 2 2 2 2 2 2 2 2 2 2 2
left_child=1 2 4 -4 13 19 7 11 -9 12 -11 -3 -8 -1 15 16 -7 -17 -5 -2 -16
right_child=5 6 3 18 -6 14 9 8 -10 10 -12 -13 -14 -15 20 17 -18 -19 -20 -21 -22
leaf_value=0.0098822472719002474 -0.013340462195281139 -0.002686192314622885 -0.01344697502904478 -0.0044547355425396135 -0.013972680456882811 -0.0082977613781892601 0.0014365945383868562 0.006592717971015045 -0.01061988706979768 0.0038021949176215205 0.0075992729546219039 0.004863487855825869 0.012955816607817255 0.0074991086144333011 0.011862086466123013 -0.013997879750029909 0.012376836232713091 0.011779383863544457 0.0070448164572657311 0.0071957829758806267 0.020958349229113073
leaf_weight=483.11415316164494 4.1881163120269767 82.541735306382179 6.7080999463796607 14.407178089022635 3.5478687286376944 14.696362346410753 17.460045471787453 765.31815430521965 12.779560238122938 257.44344373047352 816.74363116919994 74.221544191241264 116.99951972067356 780.82574133574963 9.8963774144649523 3.9595167189836493 16.501832112669945 120.79247739911079 63.931495696306229 2.0887216627597809 17.164906606078148
leaf_count=1143 22 302 35 59 17 61 58 2174 57 788 2221 224 272 2035 19 19 34 253 183 6 18
internal_value=0.00720225 0.00705216 0.00804059 0.00345694 0.00834736 0.00996907 0.006428 0.0053998 0.00630873 0.00722247 0.00669018 0.00088192 0.0114674 0.0084108 0.0105341 0.00928969 0.00260571 0.0109532 0.00491718 -0.00634737 0.0176688
internal_weight=3685.33 3496.04 1352.53 85.0468 1267.49 189.288 2143.51 934.861 778.098 1208.65 1074.19 156.763 134.46 1263.94 183.011 155.95 31.1982 124.752 78.3387 6.27684 27.0613
internal_count=10000 9568 3472 277 3195 432 6096 2757 2231 3339 3009 526 330 3178 404 367 95 272 242 28 37
is_linear=0
shrinkage=0.01


Tree=71
num_leaves=25
num_cat=0
split_feature=1 23 2 35 45 45 38 1 57 38 53 68 22 67 68 51 39 31 22 28 62 68 28 53
split_gain=15.0367 16.2021 25.9945 23.4043 20.5408 19.366 18.9784 24.348 18.7115 19.9836 18.9611 18.0127 42.6438 24.3028 13.8097 8.74608 18.0733 18.2207 17.6176 14.5026 17.4627 10.1221 7.14263 4.29623
threshold=528355.00000000012 1303.5000000000002 135199.50000000003 -1.4822627305984495 0.82128477096557628 0.22155269235372546 2.8406968116760258 137325.00000000003 1.5031476616859438 0.82196417450904857 -1.4809319376945493 33.223974227905281 96220.914062500015 -2.8992210626602168 78.571483612060561 0.019208547659218315 1.3118488788604739 5.1718027591705331 58859.535156250007 560.84375000000011 14.706679344177248 16.634477615356449 879.50000000000011 -0.17216511815786359
decision_type=2 2 2 2 2 2 2 2 2 2 2 2 2 2 2 2 2 2 2 2 2 2 2 2
left_child=1 6 3 4 -3 -5 11 22 10 -10 -4 12 -1 -13 -9 19 -17 18 -18 20 23 -22 -8 -2
right_child=15 2 8 5 -6 -7 7 14 9 -11 -12 13 -14 -15 -16 16 17 -19 -20 -21 21 -23 -24 -25
leaf_value=0.0064072118117890278 -0.014348848758901489 -0.0096799977649434429 0.013995022547707308 0.015773026887418315 0.007036333116397335 0.0097404456034075864 0.0043076857998398397 -0.0032313997441252747 0.012255416494789281 -0.0071543251733481219 -0.0012390820902541504 0.012129687368345654 -0.00065057946186043995 0.0070857143975445944 0.013634809042585613 -0.014070814528605409 -0.014376988399075166 0.021678245219199654 0.010041599723086179 0.023973496068892989 0.0011764006962978568 0.016453360763658428 -0.014119285660514465 0.0036479407069641557
leaf_weight=725.82757821679115 2.7943384796380997 9.5061002373695356 9.6202459484338743 71.781381845474243 31.981144309043884 215.30008111894131 2.4792385697364798 8.3223781138658541 38.06957221031189 6.094647452235221 53.801477923989296 100.43449991941452 96.768451392650604 2225.6369769126177 11.390959709882734 3.5181275010108974 4.0417076647281673 8.6705883890390378 10.830671623349188 11.582750380039213 5.3888654112815884 25.725172787904739 11.508849650621412 2.3953547477722159
leaf_count=2032 13 40 20 132 88 518 8 31 78 24 182 232 334 6040 25 17 19 11 25 11 16 41 56 7
internal_value=0.00711443 0.0070219 0.00883692 0.0102363 0.00318196 0.0112523 0.00677283 -0.000664551 0.00455382 0.00955424 0.00105596 0.00685275 0.00557573 0.00730393 0.00646368 0.0115686 0.0069513 0.0101352 0.00333838 0.014157 0.0109974 0.0138396 -0.0107818 -0.00584956
internal_weight=3693.47 3618.52 436.155 328.569 41.4872 287.081 3182.37 33.7014 107.586 44.1642 63.4217 3148.67 822.596 2326.07 19.7133 74.9476 27.0611 23.543 14.8724 47.8865 36.3037 31.114 13.9881 5.18969
internal_count=10000 9840 1082 778 128 650 8758 120 304 102 202 8638 2366 6272 56 160 72 55 44 88 77 57 64 20
is_linear=0
shrinkage=0.01


Tree=72
num_leaves=30
num_cat=0
split_feature=39 49 27 46 38 37 40 55 10 59 51 34 65 2 24 62 34 11 53 55 37 19 49 48 21 24 39 53 40
split_gain=15.0449 19.8176 18.9986 40.2306 22.0718 16.3968 22.7446 28.7194 22.3937 21.067 24.2791 21.9033 16.4076 27.8822 21.6677 16.9082 29.2124 16.6924 13.413 12.7912 25.3686 12.5031 18.8613 18.2456 17.4436 16.0829 16.5045 12.3515 12.0889
threshold=2.4510273933410649 -0.1937102526426315 -109543.99999999999 -0.10387073084712027 -1.8229711651802061 -1.8370754718780515 1.9885518550872805 0.64526459574699413 -0.00052356001106090833 0.87513852119445812 -0.011189814656972883 0.13454280793666842 -1.301158010959625 77245.500000000015 1575.5000000000002 90.242275238037124 -0.96290177106857289 59.961883544921882 0.56788408756256115 -0.6303010582923888 -1.7864711880683897 76764.183593750015 -0.91277694702148426 -0.96714040637016285 1.0000000180025095e-35 714.50000000000011 3.5840419530868535 -1.7041901946067808 -3.1714155673980708
decision_type=2 2 2 2 2 2 2 2 2 2 2 2 2 2 2 2 2 2 2 2 2 2 2 2 2 2 2 2 2
left_child=5 21 19 -4 -5 6 9 8 -8 10 -1 -11 13 14 -7 17 -17 -14 -15 28 -21 22 24 -24 -2 27 -27 -23 -3
right_child=1 2 3 4 -6 12 7 -9 -10 11 -12 -13 15 18 -16 16 -18 -19 -20 20 -22 25 23 -25 -26 26 -28 -29 -30
leaf_value=0.014646566310315676 0.015720811732194612 -0.0030934463025920527 -0.014051203270313511 -0.0090611269274140649 0.0070206307568050196 -0.003165867721480043 0.0014585289559049081 0.020027968154679027 -0.01413849343221117 0.0057859590579693813 0.0062732577269383888 0 0.0069198996753817325 0.012863377532146801 0.024139220937610714 -0.0031369796952149297 0.013648576428323988 -0.0018371091943963861 0.025098220444858172 -0.0060996950417101722 0.016882639049456999 0.00098768620069619099 -0.01490664049203063 0.0074365655933201083 0.0017439673601882413 -0.014305736570646505 0.013754578950111441 0.016905283020485679 0.014896186575917078
leaf_weight=50.777552008628845 55.016550153493881 3.9754488915204993 11.070718273520468 9.1669372469186765 114.83904948830605 16.343219071626667 23.223387777805328 5.358791932463645 15.145040944218634 328.52793279290199 111.43519543111324 81.980145141482353 2439.9103122204542 41.949869349598885 3.5281811803579322 11.916712805628775 75.245289444923401 21.781734585762024 11.732212886214255 11.103289023041727 8.4199800938367826 5.4371488988399497 3.7474669069051734 113.71411298215389 10.855763062834738 3.8421165049076063 4.6012343615293503 61.918863862752914 44.957330614328384
leaf_count=107 88 14 54 40 301 60 77 9 73 934 318 273 6650 93 4 42 162 77 15 44 13 16 17 286 33 18 8 96 78
internal_value=0.00702789 0.0087223 0.00637461 0.00418742 0.00582375 0.00678554 0.00531164 -0.00162211 -0.00467197 0.00584278 0.00890052 0.00463207 0.00713163 0.0118078 0.00163185 0.00699629 0.0113422 0.00684201 0.0155559 0.0106758 0.00376089 0.0105624 0.00913425 0.00671522 0.0134326 0.0140034 0.000867397 0.0156352 0.0134142
internal_weight=3701.52 462.666 203.533 135.077 124.006 3238.86 616.448 43.7272 38.3684 572.721 162.213 410.508 2622.41 73.5535 19.8714 2548.85 87.162 2461.69 53.6821 68.456 19.5233 259.133 183.334 117.462 65.8723 75.7994 8.44335 67.356 48.9328
internal_count=10000 1106 544 395 341 8894 1791 159 150 1632 425 1207 7103 172 64 6931 204 6727 108 149 57 562 424 303 121 138 26 112 92
is_linear=0
shrinkage=0.01


Tree=73
num_leaves=24
num_cat=0
split_feature=59 39 72 64 48 40 50 6 2 20 49 9 72 39 22 50 66 51 47 49 1 3 23
split_gain=14.7813 15.5576 21.7296 15.013 14.7812 14.3638 29.6136 36.2613 26.9695 30.655 27.5345 21.3588 17.3367 25.1994 19.6897 16.9128 30.1754 19.3285 12.7963 11.9491 9.59011 6.90993 6.18683
threshold=1.5933268070220949 1.7431697249412539 -807835.62499999988 9.2631258964538592 -0.78039634227752674 2.1180012226104741 -0.0035440467763692136 -137618231.99999997 49921.000000000007 24023.845703125004 1.2847136855125429 4226577.5000000009 -2610373.6249999995 0.87282314896583568 -1300.9100341796873 -0.010301450267434118 1.3886967897415163 0.0018636494060046973 1.6767125725746157 -1.1815841197967527 137325.00000000003 -7569.4999999999991 764.50000000000011
decision_type=2 2 2 2 2 2 2 2 2 2 2 2 2 2 2 2 2 2 2 2 2 2 2
left_child=5 4 3 19 -2 12 7 11 9 -8 -10 -7 13 14 -1 16 -14 -17 -5 -3 21 -6 -4
right_child=1 2 22 18 20 6 8 -9 10 -11 -12 -13 15 -15 -16 17 -18 -19 -20 -21 -22 -23 -24
leaf_value=-0.0088025301589220624 -0.0031038043992583416 -0.013775093588834044 -0.014232789537732833 0.007306152831948529 0.025722716144861518 -0.011276384338912829 0.012011998788809064 0.016298293612716699 0.010043792973073361 -0.0034902722274620422 -0.0027539286245914845 0.0025374837517246006 0.011511154814760656 -0.014642043684478176 0.008912559784481397 0.0061023179891120573 -0.0060708470432901708 0.0077738499314453334 0.017711153741910107 0.014700499477341747 0.006253588095986265 0.014796095843613005 0.005319800325942238
leaf_weight=8.3094940036535245 3.8372690975666037 1.4864089488983143 5.4518888592720023 309.82758776843548 12.346074104309086 27.317397281527519 17.52247941493988 9.008816331624983 134.45907761156559 46.81041257083416 19.079404398798943 18.793929204344749 140.06068828701973 8.6724982261657697 25.143073752522469 1594.8930695950985 10.415905520319937 1237.0224494338036 12.442350968718527 45.728693425655365 6.2957113087177268 12.167371809482574 2.2123002260923386
leaf_count=35 13 7 26 771 11 118 42 18 331 176 67 59 316 40 62 4496 39 3235 19 75 16 22 6
internal_value=0.00694294 0.00873738 0.00814253 0.00848959 0.0151838 0.00671855 0.00451117 -0.00202329 0.00616894 0.000716568 0.00844698 -0.00562448 0.00691745 0.00052134 0.0044823 0.00700746 0.0102875 0.00683282 0.00771098 0.0137829 0.017494 0.02034 -0.00845838
internal_weight=3709.3 411.796 377.149 369.485 34.6464 3297.51 272.992 55.1201 217.871 64.3329 153.538 46.1113 3024.52 42.1251 33.4526 2982.39 150.477 2831.92 322.27 47.2151 30.8092 24.5134 7.66419
internal_count=10000 966 904 872 62 9034 811 195 616 218 398 177 8223 137 97 8086 355 7731 790 82 49 33 32
is_linear=0
shrinkage=0.01


Tree=74
num_leaves=28
num_cat=0
split_feature=1 51 50 54 1 21 40 54 7 69 39 47 27 9 9 58 59 39 28 6 9 20 38 50 49 0 34
split_gain=14.6962 19.2035 29.7182 22.7921 29.2278 25.2084 23.7368 21.206 22.8565 20.8167 20.3725 18.1734 17.8783 34.7138 28.6102 19.2065 17.5748 24.0309 17.7466 14.2611 19.3495 20.7645 16.968 26.7305 16.6006 13.8823 11.5063
threshold=226057.50000000003 0.0018636494060046973 -0.012383769266307352 3.2793884277343754 163233.00000000003 -30972.999999999996 2.3803361654281621 2.7095706462860112 1.7301858663558962 94.65845108032228 0.1508879438042641 0.095281105488538756 67440.000000000015 4321990.0000000009 2954515.5000000005 19592.000000000004 1.1042949557304385 -0.41722278296947474 -19.781249999999996 -155771591.99999997 3557993.0000000005 12670.504882812502 -2.1720215082168575 -0.0063166320323944083 -0.59775102138519276 172323.00000000003 1.3413276672363283
decision_type=2 2 2 2 2 2 2 2 2 2 2 2 2 2 2 2 2 2 2 2 2 2 2 2 2 2 2
left_child=1 3 -3 5 11 10 -7 9 -9 -4 -1 -5 19 14 15 -14 17 -15 -18 20 24 -22 -21 -24 -2 -6 -16
right_child=12 2 7 4 25 6 -8 8 -10 -11 -12 -13 13 16 26 -17 18 -19 -20 22 21 -23 23 -25 -26 -27 -28
leaf_value=0.023227874631259145 0.01090634695719148 -0.014996376836202694 0.0085053967679613925 0.006593909286099907 -0.014880657110650728 0.005786838086091959 0.00032168257350716483 0.0026258775062428814 0.022440967040101904 0.0046280938773698181 0.0028617569276266769 0.013684531617683401 0.01415708365399317 0.015573716067809502 -0.012148156073397212 -0.0070609544591686037 0.0039772159393451981 -0.014882855640646498 0.015675086543916087 0.023885320454447467 -0.0040145099362077236 0.012049797870344802 -0.0077538182269980193 0.015999776139219501 0.0016562210051176737 0.009161733860474296 0.0018231630667624584
leaf_weight=14.545349121093752 31.433916673064232 5.7986010164022437 1104.9278856813908 62.784033060073853 6.8712129443883878 1657.8526134639978 83.882291197776794 115.75779221951962 6.1500049233436576 159.7031958848238 7.5960676074028006 87.605873703956604 14.255715355277063 4.4718964993953705 19.061048522591594 6.0174515247344962 19.362662762403488 6.1339565962553007 40.917332828044891 15.355558812618254 8.4128711074590665 147.7568836659193 6.0751423537731197 20.761972576379776 51.51591819524765 3.6391512304544449 8.3658745437860471
leaf_count=18 68 26 2750 172 31 4693 283 354 8 485 22 185 29 8 86 24 56 28 69 17 30 308 23 38 154 8 27
internal_value=0.00685918 0.00663957 0.00753696 0.00598991 0.00960179 0.00565987 0.00552421 0.00763192 0.00363371 0.00801654 0.016286 0.010731 0.00867832 0.00540344 -0.00117345 0.00780985 0.00984323 -0.00194673 0.0119342 0.0100553 0.00909929 0.011178 0.0154495 0.0105854 0.00517362 -0.00646098 -0.00785011
internal_weight=3717.01 3317.11 1392.34 1924.78 160.9 1763.88 1741.73 1386.54 121.908 1264.63 22.1414 150.39 399.898 118.586 47.7001 20.2732 70.8858 10.6059 60.28 281.312 239.12 156.17 42.1927 26.8371 82.9498 10.5104 27.4269
internal_count=10000 9035 3623 5412 396 5016 4976 3597 362 3235 40 357 965 327 166 53 161 36 125 638 560 338 78 61 222 39 113
is_linear=0
shrinkage=0.01


Tree=75
num_leaves=23
num_cat=0
split_feature=9 61 40 34 31 38 46 54 48 25 0 19 31 34 59 61 61 37 18 63 21 54
split_gain=14.5513 20.65 18.0682 21.8863 21.8935 18.8573 25.3519 17.1956 24.3488 28.382 19.2126 16.8995 16.7205 16.1642 25.7393 17.8244 32.2001 25.5229 13.5146 13.5123 4.91911 4.07467
threshold=8482377.0000000019 117.21471023559572 3.1411072015762334 -0.39427143335342402 2.989102959632874 2.8406968116760258 1.8277990818023684 -0.90696880221366871 -1.2603750824928281 470.50000000000006 17212.500000000004 65362.320312500007 -7.0992269515991202 1.2901682853698733 0.74770158529281627 124.99787521362306 104.06508636474611 -2.1080430746078487 1571.0000000000002 19.156186103820804 -3638.4999999999995 -1.1633153557777403
decision_type=2 2 2 2 2 2 2 2 2 2 2 2 2 2 2 2 2 2 2 2 2 2
left_child=1 2 5 19 -5 11 -7 8 18 -10 -9 -1 -12 14 -2 16 -16 -17 -3 -4 21 -15
right_child=13 7 3 4 -6 6 -8 10 9 -11 12 -13 -14 20 15 17 -18 -19 -20 -21 -22 -23
leaf_value=0.0069552129004038796 -0.013286933183455356 0.02089231970834261 0.016019368797750882 -0.014707014030342148 0.0088934862554068458 -0.014029083754954303 0.022727568300514599 -0.014487244320054058 -0.0019355288656858352 0.0077471560256055618 0.0076140044362141878 0.0092714353292505988 0.0050879895684981082 0.022680056774022295 0.010218808177602108 -0.014082474801837098 -0.010575574826296338 0.01149287020330696 0.0068061384392244005 -0.0003788137756627482 0.019866943282481789 0.007206220994009224
leaf_weight=782.25089909136295 5.3220173120498648 20.847637698054317 10.24705293774605 12.336496889591219 5.7132244408130637 8.1168442219495756 2.4268872588872901 4.7530178576707831 32.350490152835846 437.21559301018715 328.90897855162621 535.66990251839161 1332.5653425604105 2.3212773799896258 19.422517910599712 3.9954995512962332 12.049968272447584 122.53670600056648 10.480509296059607 9.6326176971197111 17.495965376496315 7.8560741245746613
leaf_count=2043 28 32 18 57 14 40 3 22 111 1159 884 1265 3861 2 42 19 53 251 27 32 19 18
internal_value=0.00677686 0.00663059 0.00759614 0.00076141 -0.00718142 0.00779052 -0.00547383 0.00602134 0.00765121 0.00707794 0.00553078 0.0078974 0.00558865 0.00947753 0.00826784 0.00900019 0.00222542 0.0106774 0.0162119 0.00802339 0.016581 0.0108338
internal_weight=3724.52 3533.52 1366.39 37.9294 18.0497 1328.46 10.5437 2167.12 500.894 469.566 1666.23 1317.92 1661.47 191 163.327 158.005 31.4725 126.532 31.3281 19.8797 27.6733 10.1774
internal_count=10000 9568 3472 121 71 3351 43 6096 1329 1270 4767 3308 4745 432 393 365 95 270 59 50 39 20
is_linear=0
shrinkage=0.01


Tree=76
num_leaves=28
num_cat=0
split_feature=39 49 67 27 26 65 28 24 27 68 9 0 20 0 37 25 55 57 24 33 3 45 36 42 59 26 58
split_gain=14.5451 19.4243 17.4766 18.0733 20.2952 16.2119 22.7794 22.3155 22.1861 21.7979 20.075 34.0826 21.1407 18.5744 17.8244 25.4692 17.1844 16.6606 15.9504 15.491 19.2473 13.0262 13.1651 8.16201 7.84982 10.23 5.02678
threshold=2.4510273933410649 -0.79283851385116566 3.7945874929428105 -20391.999999999996 0.25907148420810705 1.989093065261841 623.43750000000011 296.50000000000006 50888.000000000007 72.351142883300795 2954515.5000000005 80588.500000000015 139250.26562500003 29356.500000000004 1.6164382100105288 606.50000000000011 -1.0000000180025095e-35 1.1994471549987795 23.500000000000004 -0.88798782229423512 -25360.999999999996 2.5106227397918706 -0.84783038496971119 -0.00095689500449225296 1.7193740010261538 0.46285690367221838 -829.99999999999989
decision_type=2 2 2 2 2 2 2 2 2 2 2 2 2 2 2 2 2 2 2 2 2 2 2 2 2 2 2
left_child=5 19 21 -4 -5 8 13 9 14 -8 12 -12 -10 -7 18 -16 -15 -9 -1 20 23 22 -3 -2 26 -26 -21
right_child=1 2 3 4 -6 6 7 17 10 -11 11 -13 -14 16 15 -17 -18 -19 -20 24 -22 -23 -24 -25 25 -27 -28
leaf_value=0.0084411742394577324 0.019788883963161717 0.0052612530631511471 0.015526907138478086 0.002946592477412989 -0.01390650835784313 0.010844898073266043 0.018336770861227016 9.9505881149015125e-05 0.0081188013766166165 -0.013669294427726611 0.00024685662947892753 0.0089030526221966586 0.017493178802410234 0.0093040638181714954 -0.01122194170612816 0.0039921038534326278 -0.013699103345138682 0.01657964812721124 0.0060909212562165862 0.019130486028327232 -0.014485014414789155 0.017791206848349634 0.0094931311391507778 0.00435780158887622 0.0056397538945426587 0.01685685150751081 0.012775302006514135
leaf_weight=332.55947987735271 5.0753610432148024 134.53315694630146 7.3054744601249686 25.516269460320473 9.9010660946369153 5.5600429028272655 2.8385062068700782 9.2537324875593203 50.148415938019753 8.331207796931265 54.516895860433578 282.05289024114609 47.314478129148483 3.906997472047812 12.582350999116896 86.565998390316963 18.036703795194622 18.942503944039345 2333.4069604724646 29.779375493526459 4.3172288089990607 13.266233831644056 166.25491727888584 11.324742510914803 20.945813834667206 13.722617194056509 23.883695095777512
leaf_count=847 6 365 12 77 49 15 6 31 127 43 174 677 84 11 53 257 92 34 6443 37 20 17 379 30 51 19 44
internal_value=0.00669585 0.00835625 0.00722032 0.00119206 -0.00173653 0.00645872 0.00156589 0.00645604 0.00656068 -0.00544622 0.00866851 0.00750391 0.01268 -0.005397 0.00622946 0.00205129 -0.0095579 0.0112065 0.00638447 0.0120636 0.00421153 0.00803719 0.00760367 0.00919425 0.0138939 0.0101086 0.0163206
internal_weight=3731.84 465.826 356.777 42.7228 35.4173 3266.02 66.8697 39.366 3199.15 11.1697 434.033 336.57 97.4629 27.5037 2765.11 99.1483 21.9437 28.1962 2665.97 109.049 20.7173 314.054 300.788 16.4001 88.3315 34.6684 53.6631
internal_count=10000 1106 899 138 126 8894 232 114 8662 49 1062 851 211 118 7600 310 103 65 7290 207 56 761 744 36 151 70 81
is_linear=0
shrinkage=0.01


Tree=77
num_leaves=24
num_cat=0
split_feature=1 46 31 25 57 54 55 69 55 2 51 45 3 37 40 25 38 47 68 20 19 6 26
split_gain=14.383 14.0156 18.863 35.2948 23.9482 16.4835 19.1489 15.6803 23.7477 20.469 19.7907 49.362 24.0055 14.9506 9.61279 25.0814 21.7074 12.9414 6.89811 6.64924 12.7653 7.65908 2.22851
threshold=528355.00000000012 -1.0176488757133482 6.803706407546998 29.500000000000004 1.2615148425102236 -0.74617168307304371 -0.12687505036592481 94.65845108032228 -0.6303010582923888 25283.000000000004 0.0022384485928341751 -1.0132195353507993 -35916.999999999993 1.6164382100105288 0.065043885260820403 4102.0000000000009 -0.28754362463951105 -0.18059580028057096 77.319946289062514 86816.800781250015 151375.92187500003 -334768527.99999994 1.0127141475677492
decision_type=2 2 2 2 2 2 2 2 2 2 2 2 2 2 2 2 2 2 2 2 2 2 2
left_child=1 2 5 -4 -5 13 -7 10 -9 -10 11 -3 -12 -1 19 -16 17 -17 -18 22 -21 -22 -2
right_child=14 7 3 4 -6 6 -8 8 9 -11 12 -13 -14 -15 15 16 18 -19 -20 20 21 -23 -24
leaf_value=0.013804780454350876 0.014230901674639168 -0.003135455838171985 0.021962355903757468 -0.01494212377218033 0.017124348383356299 0.0036779717179617685 0.0098681448691670601 -0.014474557299921467 -0.0073701087842159172 0.0052091721091417267 0.0012538967063201794 0.00615614960335933 0.0078413696180758951 -0.0017483800494433232 -0.014713834674906159 -0.014601231363748865 0.022616804567642 0.008204702417188979 0.010615225044062471 -0.0045107971423661948 0.0030837293843407614 0.018159929487954935 0.021887882327732901
leaf_weight=85.19169807434082 7.5308329761028316 58.799245193600655 5.0249853581190136 11.986786633729933 2.8645555824041358 79.595718383789062 137.1812584400177 7.0685767829418173 14.005733653903006 160.63626226782799 58.549661785364151 1905.8896440565586 1129.9643606096506 6.5420922785997382 4.5695468932390204 4.3527919352054605 9.5576387643814105 5.7763228863477716 10.555981010198591 4.4356440156698254 4.7361969053745314 13.336108088493344 10.826709955930708
leaf_count=174 13 207 7 54 5 234 324 33 60 473 178 5234 2836 21 21 20 10 14 24 16 13 18 11
internal_value=0.0066162 0.00652638 0.00850641 -0.000890199 -0.00868975 0.00911505 0.00759986 0.00633111 0.00346289 0.00419463 0.00649608 0.00587756 0.00751769 0.0126847 0.0109509 0.00703254 0.0103514 -0.00149698 0.0163679 0.0142645 0.0105198 0.0142643 0.0188012
internal_weight=3738.98 3663.3 328.387 19.8763 14.8513 308.511 216.777 3334.91 181.711 174.642 3153.2 1964.69 1188.51 91.7338 75.6778 34.8123 30.2427 10.1291 20.1136 40.8655 22.5079 18.0723 18.3575
internal_count=10000 9840 819 66 59 753 558 9021 566 533 8455 5441 3014 195 160 89 68 34 34 71 47 31 24
is_linear=0
shrinkage=0.01


Tree=78
num_leaves=26
num_cat=0
split_feature=9 38 40 0 46 61 38 26 33 46 7 39 26 48 55 10 28 18 66 69 58 40 58 67 51
split_gain=14.3158 30.5545 27.1878 36.3965 37.9976 29.6435 25.6173 21.4347 20.9898 20.8856 34.5478 21.6332 20.5586 27.7891 20.6882 16.6869 17.1696 14.7149 14.4359 13.8312 13.6047 18.1193 10.1936 8.47557 6.0056
threshold=3492712.0000000005 2.8406968116760258 2.2447050809860234 71806.500000000015 -0.55879628658294667 62.882881164550788 1.8951507210731509 0.62964275479316723 0.53410714864730846 -1.1273429989814756 2.0216586589813237 -0.15074797719717023 0.24664279818534854 2.038099050521851 2.0333116054534917 -0.00067608000244945277 165.00000000000003 860.50000000000011 3.8747134208679204 79.142673492431655 -2747.9999999999995 0.59920555353164684 10456.000000000002 -1.2630741596221922 0.022325083613395694
decision_type=2 2 2 2 2 2 2 2 2 2 2 2 2 2 2 2 2 2 2 2 2 2 2 2 2
left_child=1 2 12 5 -5 -4 7 9 20 11 -11 -2 13 -1 -14 19 -17 -3 -19 -10 21 -8 -22 -9 -25
right_child=6 17 3 4 -6 -7 8 23 15 10 -12 -13 14 -15 -16 16 -18 18 -20 -21 22 -23 -24 24 -26
leaf_value=0.0051625472573302768 0.016450020996594147 0.0083716974627769929 -0.014818569971621428 0.0044996906284757113 -0.0097883784302473173 0.0087911110246683462 0.014160461580061732 0.0047011692800631505 0.024090167388361627 0.0064480299607242832 -0.010746232177525355 0.0066596313633219655 0.0076854988781176496 0.011721292611687679 -0.013863449993533299 -0.0090398796311346487 0.00680998126131641 -0.014316208228469749 0.0062405049145602513 0.0049311613344568935 0.02449112703339126 -5.8341412355677384e-05 0.01448630629082634 0.020310468758424821 0.0082884513116792818
leaf_weight=1079.9734861552715 42.829619467258453 6.1351280808448818 5.7344628274440756 35.718659266829491 38.739975988864899 68.756596714258194 32.833487555384636 6.6301485151052502 9.4683772027492505 1212.602625221014 11.756031692028044 48.771817207336426 900.87179514765739 69.002385884523392 4.4444005936384192 7.735326722264289 55.945775493979454 14.294564351439478 4.4120874106883994 6.5079569965600959 16.533361554145813 12.134772583842276 29.12006089091301 19.463944926857952 5.6835627108812323
leaf_count=3063 79 18 26 103 165 176 63 17 11 3215 51 128 2289 152 22 31 142 68 13 17 20 38 53 27 13
internal_value=0.00653753 0.00602468 0.00614923 0.00201405 -0.0029208 0.00696017 0.00728961 0.00682589 0.010954 0.00662856 0.00628212 0.0112482 0.00644857 0.00555731 0.00757861 0.00718388 0.004869 -0.00498148 -0.00941431 0.0163483 0.014257 0.0103013 0.0181315 0.0149665 0.0176332
internal_weight=3746.1 2228.08 2203.24 148.95 74.4586 74.4911 1518.02 1347.74 170.279 1315.96 1224.36 91.6014 2054.29 1148.98 905.316 79.6574 63.6811 24.8418 18.7067 15.9763 90.6217 44.9683 45.6534 31.7777 25.1475
internal_count=10000 6095 5996 470 268 202 3905 3530 375 3473 3266 207 5526 3215 2311 201 173 99 81 28 174 101 73 57 40
is_linear=0
shrinkage=0.01


Tree=79
num_leaves=30
num_cat=0
split_feature=39 49 27 46 65 65 28 24 27 68 9 6 20 6 37 25 55 9 24 55 37 19 49 33 21 24 39 53 40
split_gain=14.2659 19.1447 18.2525 38.7159 20.7972 15.7375 22.1738 21.6194 21.4368 21.2705 19.4549 32.2645 20.47 18.1276 17.2834 24.9082 16.8444 16.336 15.2358 12.3325 24.4829 12.0204 18.1434 21.5147 16.9021 15.4636 15.9837 11.9932 11.6554
threshold=2.4510273933410649 -0.1937102526426315 -109543.99999999999 -0.10387073084712027 -0.69595840573310841 1.989093065261841 623.43750000000011 296.50000000000006 50888.000000000007 72.351142883300795 2954515.5000000005 -204155383.99999997 139250.26562500003 -116700363.99999999 1.6164382100105288 606.50000000000011 0.026675040833652023 3396285.0000000005 23.500000000000004 -0.6303010582923888 -1.7864711880683897 76764.183593750015 -0.91277694702148426 -1.29328978061676 1.0000000180025095e-35 714.50000000000011 3.5840419530868535 -1.7041901946067808 -3.1714155673980708
decision_type=2 2 2 2 2 2 2 2 2 2 2 2 2 2 2 2 2 2 2 2 2 2 2 2 2 2 2 2 2
left_child=5 21 19 -4 -5 8 13 9 14 -8 12 -12 -10 16 18 -16 -7 -9 -1 28 -21 22 24 -24 -2 27 -27 -23 -3
right_child=1 2 3 4 -6 6 7 17 10 -11 11 -13 -14 -15 15 -17 -18 -19 -20 20 -22 25 23 -25 -26 26 -28 -29 -30
leaf_value=0.0081567807727114475 0.014944410050241131 -0.0034447319718139704 -0.01414486186259861 -0.0045740152492275638 0.0069505418060165193 0.0090058659739875434 0.017835238264496917 -0.0017063811906200205 0.0078482814958543475 -0.013657727833009817 0.0086002216898847933 0.0001808315184319437 0.017038432065202513 0.010506737129931873 -0.011231111724866552 0.0038072146128303327 -0.013691351460276857 0.015411329808236148 0.0058673308560567381 -0.006373738515999882 0.01607606186049251 0.00048388749052026759 -0.01486497762006557 0.0070145684595681549 0.0012654978458695751 -0.014427257154853108 0.013063562174092559 0.016087408117936245 0.014121758393811325
leaf_weight=334.82392418384552 55.56229704618454 4.0217846333980551 11.162584185600279 18.223737761378288 107.36105124652386 3.9391594976186814 2.8694428652524939 7.4628451168537167 50.46566341817379 8.3179566264152509 283.98958165943623 54.493442088365555 47.724645614624023 5.610190048813819 12.58810882270336 87.0126783400774 18.017926678061485 20.922296479344368 2346.8340209275484 11.240176156163217 8.5149162858724576 5.4904390871524802 4.6505408585071555 114.18993370234966 10.980864837765692 3.8790846318006498 4.6442301869392395 62.613950446248055 45.456927433609962
leaf_count=847 88 14 54 68 273 11 6 28 127 43 678 173 84 15 53 257 92 37 6443 44 13 16 21 282 33 18 8 96 78
internal_value=0.00646009 0.00810067 0.00580777 0.00367809 0.00527024 0.00622607 0.0014151 0.00622348 0.00632614 -0.00549075 0.00839174 0.00724771 0.0123253 -0.00545101 0.00600147 0.00189655 -0.00957387 0.0108756 0.00615356 0.00999977 0.00325204 0.00989943 0.00850725 0.00614995 0.0127022 0.0132545 0.000434765 0.0148442 0.0126737
internal_weight=3753.06 467.993 205.981 136.747 125.585 3285.07 67.1398 39.5725 3217.93 11.1874 436.673 338.483 98.1903 27.5673 2781.26 99.6008 21.9571 28.3851 2681.66 69.2338 19.7551 262.011 185.384 118.84 66.5432 76.6277 8.52331 68.1044 49.4787
internal_count=10000 1106 544 395 341 8894 232 114 8662 49 1062 851 211 118 7600 310 103 65 7290 149 57 562 424 303 121 138 26 112 92
is_linear=0
shrinkage=0.01


Tree=80
num_leaves=29
num_cat=0
split_feature=23 3 54 47 37 2 38 35 67 23 35 18 40 37 10 40 26 3 2 60 72 9 54 10 47 20 3 18
split_gain=14.1405 25.3805 32.7739 27.4024 22.6732 19.881 23.6835 27.8457 20.7379 38.3809 26.3152 18.9935 29.7407 21.0729 17.8396 17.5794 15.9426 15.9144 30.0193 26.6861 16.2779 19.7836 14.1983 20.5678 14.1216 12.5507 11.3975 7.75368
threshold=1303.5000000000002 3953.5000000000005 1.1621844768524172 -1.1632245182991026 -2.1080430746078487 289250.50000000006 2.8406968116760258 2.1530219316482548 -1.8137647509574888 1053.5000000000002 -2.3772493600845332 100567.00000000001 -1.2778888940811155 1.4134517312049868 -0.0009112900006584822 -2.4754198789596553 0.13028580695390704 34596.000000000007 402099.00000000006 0.010363396722823383 -1241032.0624999998 3317170.5000000005 2.7095706462860112 -0.00038388499524444336 -0.64344450831413258 535533.21875000012 -4754.4999999999991 41630.500000000007
decision_type=2 2 2 2 2 2 2 2 2 2 2 2 2 2 2 2 2 2 2 2 2 2 2 2 2 2 2 2
left_child=5 2 3 -2 -5 6 8 15 9 -1 -10 22 -13 -14 26 -8 -16 20 27 -20 24 -22 25 -24 -7 -3 -4 -19
right_child=1 11 14 4 -6 17 7 -9 10 -11 -12 12 13 -15 16 -17 -18 18 19 -21 21 -23 23 -25 -26 -27 -28 -29
leaf_value=0.0051543136806194625 -0.014719664301531796 0.0077401089795367788 -0.01470368392519752 -0.0057092055462709644 0.005667836814459367 0.0043586112293379498 0.013066320263483391 0.016361783049608305 -0.0077459773714789425 -0.0060515423560551854 0.0066579136018985151 -0.015141900346633121 0.013990814152915176 -0.0028738050832108719 0.01390166305891706 -0.011841226730658457 -0.0018778454902651327 -0.014758031281310969 0.013150913585076205 -0.014257400522717841 0.0091257377703647755 -0.0036778902729637671 -0.015462321165426427 0.010325139372851611 0.013348475185387189 0.014580417522414901 0.0094871303452416199 0.0060071156145522879
leaf_weight=892.54378159344196 8.0778316110372526 35.669793233275414 4.1770825386047363 20.108162000775337 132.1444063782692 20.946482464671135 3.2847868353128495 5.7988711595535269 12.696500569581984 31.567401304841042 2104.6254449933767 6.510677993297576 21.615326300263405 11.139848828315733 68.544557318091393 19.307465240359306 6.9411396384239188 9.1029579490423185 22.337147608399395 4.1910829395055762 46.580105140805244 16.15896612405777 4.3703851401805869 10.486901283264158 117.18304468691349 117.79355968534946 3.6082144081592551 2.164127677679061
leaf_count=2506 37 87 19 77 353 57 7 10 49 120 5565 29 39 38 137 89 23 42 44 20 107 57 19 22 221 212 8 6
internal_value=0.00638419 0.00805212 0.00585354 0.00320132 0.00415869 0.00615643 0.00593932 -0.00312859 0.00602429 0.00477044 0.00657107 0.0106273 0.00432483 0.00822472 0.0109481 -0.00817555 0.0124374 0.00894487 0.00295429 0.00878309 0.0100671 0.00581212 0.0120916 0.00267225 0.0119925 0.012997 -0.00336364 -0.0106808
internal_weight=3759.68 451.188 243.601 160.33 152.253 3308.49 3069.82 28.3911 3041.43 924.111 2117.32 207.586 39.2659 32.7552 83.271 22.5923 75.4857 238.664 37.7953 26.5282 200.869 62.7391 168.321 14.8573 138.13 153.463 7.7853 11.2671
internal_count=10000 1100 654 467 430 8900 8346 106 8240 2626 5614 446 106 77 187 96 160 554 112 64 442 164 340 41 278 299 27 48
is_linear=0
shrinkage=0.01


Tree=81
num_leaves=31
num_cat=0
split_feature=59 60 60 51 20 38 34 9 56 28 53 40 24 40 50 60 31 24 39 21 29 66 55 48 57 21 49 21 39 46
split_gain=14.0392 15.9135 19.0732 24.2134 19.3167 15.4176 21.7267 17.9632 14.7729 13.6345 13.3683 32.5586 23.8426 25.7296 35.2064 24.865 23.6774 34.7896 23.429 23.0861 22.7709 20.2647 20.0026 13.2654 28.7833 14.8129 7.53425 6.49504 6.3207 6.31011
threshold=1.5933268070220949 -0.001971756923012435 -0.0061112735420465461 -0.0075229140929877749 535533.21875000012 0.82196417450904857 -0.17678809911012647 3354835.5000000005 -0.18950405716896054 -719.81249999999989 0.37951920926570898 -0.50347372889518727 53.500000000000007 2.1180012226104741 -0.0035440467763692136 -0.017489163205027577 4.4679942131042489 906.50000000000011 3.0047349929809575 -7207.4999999999991 12.411993503570558 3.8747134208679204 0.25033189356327062 0.22459822893142703 2.2518700361251835 -173.49999999999997 1.3887293934822085 -2161.4999999999995 1.9484979510307314 -0.28821527957916254
decision_type=2 2 2 2 2 2 2 2 2 2 2 2 2 2 2 2 2 2 2 2 2 2 2 2 2 2 2 2 2 2
left_child=10 2 23 26 -5 8 -7 -8 27 -10 12 21 15 18 -15 29 17 -13 -14 -18 -17 22 -12 24 -2 -25 -4 -3 -23 -1
right_child=1 5 3 4 -6 6 7 -9 9 -11 11 16 13 14 -16 20 19 -19 -20 -21 -22 28 -24 25 -26 -27 -28 -29 -30 -31
leaf_value=-0.015394628512259716 -0.001024589092682439 0.021366164469918486 -0.014308057873116399 0.0070068833518507909 -0.01531369186078917 -0.014858165382740356 0.0003965611760643162 0.010984234012071312 0.015371259009526671 0.0080372878019712921 0.0058763215097680675 0.0034541692956545833 0.0052783525804883172 -0.0094062386584147697 0.0034263040623808169 0.014662582383384635 -0.0055064331276451477 0.0093657786161238706 0.013213054110127343 0.010704597545739016 0.0071981314588625486 -0.014065578643408037 0.011096292125721871 0.0064505371802419022 0.014468397922964504 0.019241544223682544 0.0056918165080116602 0.013002932316637759 0.0064636847167805524 0.0034893359731117753
leaf_weight=5.7357936352491379 31.649680435657501 15.870865091681479 11.33060050010681 34.885868281126022 4.3390526473522177 4.8702958077192298 26.158344477415085 42.198360949754715 32.038166671991348 129.95840613543987 101.78907972574234 431.83062678575516 1605.5073697865009 26.444714605808258 111.3000715970993 45.402454823255539 9.3795458823442441 129.83980256319046 38.277683153748512 122.42527587711811 439.53523634374142 4.7424378693103781 272.66943871974945 18.830091938376427 19.202291041612625 18.024618983268738 2.1801719367504111 25.284102946519852 2.1165164858102798 2.4468556046485883
leaf_count=25 101 17 54 88 19 22 81 84 51 296 275 1267 4446 110 332 90 34 307 73 283 1139 23 617 48 31 22 6 46 6 7
internal_value=0.00630922 0.00804744 0.0052902 0.000517383 0.00451229 0.00944492 0.00548331 0.00694723 0.010868 0.0094939 0.00609261 0.00701556 0.00565607 0.00511572 0.000955409 0.00760623 0.00572123 0.00482252 0.00546373 0.00954339 0.00789906 0.00936684 0.00968002 0.00814857 0.00480608 0.0127334 -0.0110068 0.0162524 -0.00758492 -0.00962555
internal_weight=3766.26 416.821 140.442 52.7357 39.2249 276.379 73.227 68.3567 203.152 161.997 3349.44 1074.79 2274.65 1781.53 137.745 493.12 693.475 561.67 1643.79 131.805 484.938 381.317 374.459 87.7067 50.852 36.8547 13.5108 41.155 6.85895 8.18265
internal_count=10000 966 369 167 107 597 187 165 410 347 9034 2812 6222 4961 442 1261 1891 1574 4519 317 1229 921 892 202 132 70 60 63 29 32
is_linear=0
shrinkage=0.01


Tree=82
num_leaves=23
num_cat=0
split_feature=9 61 65 31 53 8 28 61 50 35 27 26 6 39 29 34 61 61 37 6 20 21
split_gain=13.9945 19.695 17.634 19.4589 17.6279 17.1133 16.4575 36.4292 35.3393 26.3877 26.3853 21.4194 18.7357 16.4311 15.8604 15.2983 16.3744 30.9564 23.8713 12.6483 5.73095 4.70023
threshold=8482377.0000000019 117.21471023559572 1.4724457263946535 -2.9785137176513667 0.93317076563835155 1.0666176676750185 -57.937499999999993 135.39043426513675 0.0056939432397484788 -1.6065695881843565 -30087.999999999996 0.46285690367221838 -453222799.99999994 -0.99398884177207936 9.2675018310546893 1.2901682853698733 124.99787521362306 104.06508636474611 -2.1080430746078487 -396624079.99999994 496127.04687500006 -3638.4999999999995
decision_type=2 2 2 2 2 2 2 2 2 2 2 2 2 2 2 2 2 2 2 2 2 2
left_child=1 2 5 19 -5 14 7 11 -9 12 -11 -3 -8 20 -1 16 17 -15 -18 -4 -2 -17
right_child=13 6 3 4 -6 -7 9 8 -10 10 -12 -13 -14 15 -16 21 18 -19 -20 -21 -22 -23
leaf_value=0.015422967018966189 -0.01350050683568562 -0.0014344064736277595 0.010262001391455415 0.00088321467810934169 0.011227775256066165 -0.014254089293032454 0.0007747496255497828 0.0056610979046477616 -0.010929064648452841 0.0029808115876780086 0.006616876115299394 0.0085047008639225694 0.011819821595111054 0.0095474920635885106 0.00722975574020626 0.010684305149168525 -0.014115862500843028 -0.010744931709355166 0.010600531861788991 -0.01070319983640782 0.0063536149595444001 0.019566383330955357
leaf_weight=24.303685858845711 4.2916762083768836 134.5965883731842 3.5397683084011105 40.907560914754868 27.846159473061562 3.6337953507900229 17.835141539573669 784.50811761617661 13.012912347912787 263.55102948844433 837.05030453205109 25.841608911752701 120.06040388345718 19.628562971949581 1268.4626605510712 10.06057068705559 4.00113521516323 12.161596938967703 123.33327943086624 14.565506517887114 2.1201013773679733 17.378070428967476
leaf_count=37 22 460 8 135 65 17 58 2174 57 788 2221 66 272 42 3141 19 19 53 253 69 6 18
internal_value=0.00623546 0.00609315 0.00703044 0.00265037 0.00508744 0.00732314 0.00550242 0.00451446 0.00538915 0.00626579 0.00574709 0.000160242 0.0103985 0.00887003 0.00738456 0.00941323 0.00821147 0.001753 0.00981603 -0.00654905 -0.00677963 0.0163462
internal_weight=3772.69 3579.72 1383.26 86.859 68.7537 1296.4 2196.46 957.959 797.521 1238.5 1100.6 160.438 137.896 192.975 1292.77 186.563 159.125 31.7902 127.334 18.1053 6.41178 27.4386
internal_count=10000 9568 3472 277 200 3195 6096 2757 2231 3339 3009 526 330 432 3178 404 367 95 272 77 28 37
is_linear=0
shrinkage=0.01


Tree=83
num_leaves=27
num_cat=0
split_feature=23 3 54 9 21 52 58 38 35 52 18 40 61 53 10 40 46 26 61 26 40 18 20 3 9 10
split_gain=13.7244 24.6829 31.8132 26.9943 28.7364 21.2916 20.3064 19.8402 23.079 22.4199 18.3832 29.0818 19.5729 18.8193 17.2928 16.7767 38.1856 18.8498 15.5441 15.4954 15.4253 13.6684 12.7109 11.1376 4.81555 4.58548
threshold=1303.5000000000002 3953.5000000000005 1.1621844768524172 8243390.0000000009 -1245.4999999999998 -0.0025497968308627601 -91655.999999999985 2.8406968116760258 2.1530219316482548 0.046318244189023978 100567.00000000001 -1.2778888940811155 252.54982757568362 -1.7041901946067808 -0.0009112900006584822 2.3803361654281621 -0.50417053699493397 0.24664279818534854 214.08412170410159 0.13028580695390704 -1.5049716234207151 5398.5000000000009 535533.21875000012 -4754.4999999999991 7793110.0000000009 -0.00048911498743109394
decision_type=2 2 2 2 2 2 2 2 2 2 2 2 2 2 2 2 2 2 2 2 2 2 2 2 2 2
left_child=6 2 3 4 -2 -5 18 15 9 -9 13 -12 -13 -3 23 17 -17 -8 20 -16 25 -22 -15 -4 -20 -1
right_child=1 10 14 5 -6 -7 7 8 -10 -11 11 12 -14 22 19 16 -18 -19 24 -21 21 -23 -24 -25 -26 -27
leaf_value=0.020493644851747789 -0.0076383109973421227 -0.015181528350972162 -0.014685526147135813 0.00065645741956375033 0.0035305207558236958 0.014875221328687557 0.0054622016029084045 -0.010263162881840697 0.013246864466424127 0.013464112369628627 -0.015125673183373838 0.010539441112091071 -0.01535438272232168 0.0072293943550183568 0.013534455044034584 0.0073033809354622579 -0.0016564893394175443 0.0071282217101689086 -0.0151222470729876 -0.0019953459560645716 0.01241919789288304 0.0043411214556980035 0.013747834958657751 0.0092050361387147912 0.0036455207270877192 0.011660243437219697
leaf_weight=17.648228168487552 31.746722042560577 2.5191630572080603 4.1690120249986649 16.994878962635994 83.865543469786644 28.354200392961502 1920.8152309805155 22.491945326328281 8.0053510516881925 4.8073583096265784 6.5036586523056021 29.686319634318352 3.2082364410161963 40.163803458213806 69.030449002981186 98.579341247677803 91.64044988155365 1061.0297976881266 2.9521712362766257 6.9624906331300727 45.846332296729088 39.478128671646118 126.55934147536755 3.6252260208129874 2.4198877960443497 9.8490589708089811
leaf_count=22 124 11 19 52 242 49 5264 99 16 10 29 63 14 98 137 252 317 2682 13 23 91 108 231 8 7 19
internal_value=0.00616283 0.00780202 0.00563874 0.00302886 0.000454949 0.00956869 0.00593905 0.0057883 -0.00164471 -0.0060482 0.0103349 0.00414345 0.00798359 0.0117703 0.0106406 0.00587135 0.00298161 0.00605536 0.0100213 0.0120985 0.0108159 0.00869333 0.0121835 -0.00344534 -0.006482 0.017366
internal_weight=3778.95 453.389 244.749 160.961 115.612 45.3491 3325.56 3207.37 35.3047 27.2993 208.641 39.3982 32.8946 169.242 83.7872 3172.06 190.22 2981.85 118.194 75.9929 112.822 85.3245 166.723 7.79424 5.37206 27.4973
internal_count=10000 1100 654 467 366 101 8900 8640 125 109 446 106 77 340 187 8515 569 7946 260 160 240 199 329 27 20 41
is_linear=0
shrinkage=0.01


Tree=84
num_leaves=29
num_cat=0
split_feature=59 60 60 69 36 38 65 50 56 48 65 20 36 17 0 51 1 61 62 31 41 52 48 57 21 40 10 21
split_gain=13.6372 15.4798 18.5667 23.9672 18.9466 14.9959 19.2626 20.1233 14.3986 14.0095 13.0855 15.2907 15.7042 25.2338 24.3311 14.6813 30.3943 28.4385 29.0753 28.8134 20.8735 19.6653 12.9669 28.036 14.4925 12.8165 7.46892 6.30549
threshold=1.5933268070220949 -0.001971756923012435 -0.0061112735420465461 25.438707351684574 1.2213527560234072 0.82196417450904857 1.104040324687958 -0.00097587623167783011 -0.18950405716896054 -0.96714040637016285 1.989093065261841 20868.695312500004 1.3571708202362063 1.0000000180025095e-35 80588.500000000015 0.0043348753824830064 277405.50000000006 89.921401977539077 90.242275238037124 -2.438992857933044 1.9719488620758059 -0.015635739080607888 0.22459822893142703 2.2518700361251835 -173.49999999999997 -2.2997447252273555 0.0003111699916189537 -2161.4999999999995
decision_type=2 2 2 2 2 2 2 2 2 2 2 2 2 2 2 2 2 2 2 2 2 2 2 2 2 2 2 2
left_child=10 2 22 26 -5 8 7 -7 27 -8 15 -12 13 -13 -14 16 20 19 -19 -17 -1 -18 23 -2 -24 -10 -4 -3
right_child=1 5 3 4 -6 6 9 -9 25 -11 11 12 14 -15 -16 17 21 18 -20 -21 -22 -23 24 -25 -26 -27 -28 -29
leaf_value=0.0053307640325054428 -0.0011476677625470797 0.020904014566870049 -0.014257122323592506 0.0069275225232739938 -0.01465043143953779 0.0054685172297696746 -0.015458513875955074 -0.011233959475862584 0.015127593184000377 0.010947454282662607 -0.013410696704446019 0.018552404816609313 -0.0085705042842226398 -0.0088032043562277871 0.0095670461446663267 -0.0022041724841239253 0.0074890040294840641 0.0074389568716102536 0.017534252017715558 0.0061087836223414575 -0.014410941225551886 0.016750481837280371 0.006221681285722324 0.014115197464554193 0.018844355893037911 0.0078640686329655568 0.0055312378651546203 0.012682982558297069
leaf_weight=2177.451352417469 31.74613681435585 15.953106373548506 11.474263563752173 34.625385478138924 4.5869076102972022 19.376633718609813 2.0833487659692755 11.477983132004736 30.276694312691689 40.538958966732025 6.0577308088541022 4.1103575974702862 8.984575003385542 18.461849704384804 40.642055466771126 60.019291490316391 62.138461410999298 781.23961360752583 29.775374874472618 135.47051995992661 5.3417811542749396 36.97690024971962 18.919674828648567 19.280618757009506 18.104341879487038 132.40968185663223 2.2071129679679862 25.402946710586548
leaf_count=5994 101 17 55 85 21 49 9 47 46 82 32 7 42 85 96 199 151 1946 50 348 25 59 48 31 22 301 6 46
internal_value=0.00609119 0.00780104 0.00508625 0.000383525 0.00437791 0.0091762 0.00527528 -0.00071243 0.010576 0.00963329 0.00587837 0.0018186 0.00311024 -0.0037775 0.00626321 0.00597467 0.00552881 0.00698453 0.00781083 0.00355142 0.00528199 0.0109543 0.0078999 0.00459986 0.012421 0.00922199 -0.0109917 0.0158784
internal_weight=3785.13 418.464 140.944 52.8937 39.2123 277.519 73.4769 30.8546 204.042 42.6223 3366.67 78.2566 72.1988 22.5722 49.6266 3288.41 2281.91 1006.5 811.015 195.49 2182.79 99.1154 88.0508 51.0268 37.024 162.686 13.6814 41.3561
internal_count=10000 966 369 167 106 597 187 96 410 91 9034 262 230 92 138 8772 6229 2543 1996 547 6019 210 202 132 70 347 61 63
is_linear=0
shrinkage=0.01


Tree=85
num_leaves=30
num_cat=0
split_feature=39 49 27 46 38 37 40 55 42 28 28 39 65 2 31 28 28 51 51 55 37 19 49 48 21 24 39 53 40
split_gain=13.4178 18.6003 17.6335 37.3032 20.6919 15.1299 20.7908 27.3468 21.275 19.2732 30.9542 27.3347 15.709 26.3751 25.6868 16.5787 25.6705 24.8851 13.0985 11.8105 23.3905 11.5816 17.5514 17.2657 16.3268 14.8052 15.3713 11.4552 11.2408
threshold=2.4510273933410649 -0.1937102526426315 -109543.99999999999 -0.10387073084712027 -1.8229711651802061 -1.8370754718780515 1.9885518550872805 0.64526459574699413 -0.00052356001106090833 -1899.9999999999998 -1011.9999999999999 -0.15074797719717023 -1.301158010959625 77245.500000000015 -1.3791757225990293 58.125000000000007 267.68750000000006 0.02701447252184153 -0.018964955583214756 -0.6303010582923888 -1.7864711880683897 76764.183593750015 -0.91277694702148426 -0.96714040637016285 1.0000000180025095e-35 714.50000000000011 3.5840419530868535 -1.7041901946067808 -3.1714155673980708
decision_type=2 2 2 2 2 2 2 2 2 2 2 2 2 2 2 2 2 2 2 2 2 2 2 2 2 2 2 2 2
left_child=5 21 19 -4 -5 6 9 8 -8 11 -11 -1 13 14 -7 17 -17 -14 -15 28 -21 22 24 -24 -2 27 -27 -23 -3
right_child=1 2 3 4 -6 12 7 -9 -10 10 -12 -13 15 18 -16 16 -18 -19 -20 20 -22 25 23 -25 -26 26 -28 -29 -30
leaf_value=0.020162557573285219 0.014320021057451678 -0.0037018602916343091 -0.014195754717436001 -0.0094365414303160828 0.0059710051437909849 0.0090137772306096136 0.00076794171325544869 0.018668596153178455 -0.014300212788307532 -0.0030170574111954753 0.00501540215154039 0.0062828256250895423 0.0053679302782229602 0.0046774508091305018 -0.014662847577845169 0.0087014063774828263 0.0057403576066887988 -0.0066735176064883842 0.016759777337555251 -0.0065136517113637974 0.015350430623610196 0.00020440358654332612 -0.015186193143298584 0.0063966322691628563 0.00092800375849697459 -0.014454080463477379 0.012459869656707675 0.015407144466710716 0.013482094369054834
leaf_weight=18.38434886932373 55.937548369169235 4.0545438528060904 11.203074768185614 9.368006229400633 117.38594694435596 13.362769290804865 23.728632599115372 5.4998836666345587 15.361847534775732 53.524294838309288 451.07112689316273 64.092584505677223 1319.2371983528137 11.615589112043379 6.9661366939544669 460.76672168076038 814.86660897731781 17.31498384475708 43.497948691248894 11.300949618220331 8.5915381163358671 5.5235080868005744 3.8026763647794715 116.04780024290085 11.066348239779471 3.8833929449319822 4.6761049777269363 63.127394467592239 45.820358589291573
leaf_count=27 88 14 54 40 301 32 77 9 73 184 1256 165 3585 32 32 1111 2166 69 76 44 13 16 17 286 33 18 8 96 78
internal_value=0.00602078 0.00760558 0.00535562 0.00327257 0.00482439 0.00579522 0.00439696 -0.00217043 -0.00512799 0.00489748 0.00416139 0.00938878 0.00612347 0.0106393 0.000851282 0.00599267 0.00681069 0.00521119 0.0142315 0.00946027 0.00287915 0.00937171 0.00801086 0.0057035 0.0121231 0.0126521 0.000132342 0.0141985 0.0120651
internal_weight=3791.08 471.789 207.724 137.957 126.754 3319.29 631.663 44.5904 39.0905 587.072 504.595 82.4769 2687.63 75.4424 20.3289 2612.19 1275.63 1336.55 55.1135 69.7674 19.8925 264.065 186.854 119.85 67.0039 77.2104 8.5595 68.6509 49.8749
internal_count=10000 1106 544 395 341 8894 1791 159 150 1632 1440 192 7103 172 64 6931 3277 3654 108 149 57 562 424 303 121 138 26 112 92
is_linear=0
shrinkage=0.01


Tree=86
num_leaves=23
num_cat=0
split_feature=1 23 2 35 48 46 57 0 38 38 1 68 22 67 22 61 36 54 54 40 40 17
split_gain=13.4134 14.5774 24.2801 21.3858 19.7268 18.0801 17.26 18.6917 18.6692 16.7764 22.0957 16.2541 40.0514 23.5158 12.7778 10.2444 20.3845 12.426 11.2471 17.2534 8.68891 4.78172
threshold=528355.00000000012 1303.5000000000002 135199.50000000003 -1.4822627305984495 0.05585914850234986 0.27466218173503881 1.5031476616859438 98175.000000000015 0.82196417450904857 2.8406968116760258 137325.00000000003 33.223974227905281 105488.21484375001 -2.8992210626602168 115323.94531250001 101.23583602905275 1.2861627936363222 -0.79887875914573658 0.11762553080916406 0.29339987039566046 1.9885518550872805 1458.5000000000002
decision_type=2 2 2 2 2 2 2 2 2 2 2 2 2 2 2 2 2 2 2 2 2 2
left_child=1 9 3 5 -5 -3 7 -4 -8 11 20 12 -1 -13 -12 17 -17 -2 21 -20 -11 -19
right_child=15 2 6 4 -6 -7 8 -9 -10 10 14 13 -14 -15 -16 16 -18 18 19 -21 -22 -23
leaf_value=0.0052544843950898595 -0.0044930741991276854 -0.014915850774508008 -0.015246013742759839 0.017108277479627034 0.0089192726712353163 0.0047292247346949036 0.010805227174019249 0.0020358349323396563 -0.0077585794140048571 -0.014214701665114068 0.010394655102695114 0.010805989225398051 -0.0018487253556393227 0.0059172238726769646 -0.0071898611084315004 -0.014227807956457322 0.013170891478576606 0.0097881643106608029 0.013989461372107173 -0.00027722171820294733 0.0076447378080445926 0.021146365576612616
leaf_weight=757.13725778460503 4.3773376494646064 5.3439321219921103 7.0154240429401389 33.518113434314728 261.54462078213692 37.229506120085716 38.902943834662437 57.910142585635185 6.2294642627239218 12.032792285084723 14.493620112538339 103.37099581956863 88.453327625989914 2289.3847079724073 5.7123212218284598 4.8223731219768506 6.1992865949869156 5.2232456356287029 26.770039290189743 12.205624267458914 2.0787345618009558 16.957000061869621
leaf_count=2065 16 24 31 51 599 104 78 171 24 58 34 232 301 6040 22 23 11 11 43 39 6 17
internal_value=0.00595137 0.00586547 0.00756441 0.00889591 0.0098529 0.00223983 0.00347055 0.000153071 0.00822077 0.00563275 -0.00129863 0.00570651 0.00451027 0.00612884 0.00537393 0.0101129 0.00109224 0.0116147 0.012784 0.00949605 -0.0109238 0.0185167
internal_weight=3796.91 3720.36 447.694 337.636 295.063 42.5734 110.058 64.9256 45.1324 3272.66 34.3175 3238.35 845.591 2392.76 20.2059 76.5549 11.0217 65.5332 61.1559 38.9757 14.1115 22.1802
internal_count=10000 9840 1082 778 650 128 304 202 102 8758 120 8638 2366 6272 56 160 34 126 110 82 64 28
is_linear=0
shrinkage=0.01


Tree=87
num_leaves=23
num_cat=0
split_feature=9 39 1 22 68 17 54 67 53 22 56 31 35 2 34 1 37 48 1 28 20 69
split_gain=13.4166 15.9685 15.0092 13.1131 18.0527 17.3127 19.5209 15.1086 15.092 22.8127 22.6108 14.5895 31.1522 13.3722 12.5875 12.8289 12.3168 16.315 10.9768 10.1809 5.57306 5.01522
threshold=8482377.0000000019 -0.99398884177207936 94103.000000000015 253673.23437500003 86.236904144287124 98079.500000000015 1.5526572465896609 -4.2786178588867179 0.48512905836105352 21096.660156250004 0.33426189422607427 4.1427748203277597 -0.67819923162460316 22334.000000000004 1.3413276672363283 277405.50000000006 -1.8887325525283811 1.1082145571708681 137325.00000000003 -398.81249999999994 496127.04687500006 95.966930389404311
decision_type=2 2 2 2 2 2 2 2 2 2 2 2 2 2 2 2 2 2 2 2 2 2
left_child=3 20 16 5 11 8 7 -7 9 -1 -10 13 -13 -5 15 -4 17 -3 -8 -18 -2 -6
right_child=1 2 14 4 21 6 18 -9 10 -11 -12 12 -14 -15 -16 -17 19 -19 -20 -21 -22 -23
leaf_value=0.0060661342614979769 -0.013541912741597235 -0.014793640348857804 0.0022028410156340588 -0.014852755997283987 -0.014875442769586673 0.0078745855740618396 0.017764946314664794 -0.014901498956456599 0.0086997732741505313 0.0041138071072361797 0.005497110334304567 0.012545858595303678 -0.008464718189976005 0.010760742881734812 0.015107910956163239 0.010739062864818898 -0.0034159506965533814 0.017288100950518918 -0.0040317410332958107 0.013735142504493821 0.0059469620510211839 0.0027446678882694963
leaf_weight=1453.895659044385 4.3138114362955085 3.7671958208084098 58.783221676945686 2.0361607968807212 3.9701003581285468 3.7748474180698386 5.5588575601577741 12.079541310667993 365.77351133525372 1025.2823774665594 563.23432566225529 14.72165070474148 13.51277934014797 138.31191100180149 13.916532620787619 25.401924207806587 3.5218297243118277 2.7295279800891876 3.8465433418750763 79.603269815444946 2.1400653719902039 2.5827318429946899
leaf_count=3819 22 17 167 9 18 9 9 55 881 2868 1503 29 52 295 19 51 11 4 13 135 6 8
internal_value=0.00588275 0.00845429 0.00898834 0.0057441 0.00842458 0.00560708 -0.00261417 -0.00941556 0.00566831 0.00525914 0.00675915 0.00906031 0.00245494 0.010382 0.00626424 0.00479043 0.011959 -0.00116092 0.00874439 0.0129965 -0.00692458 -0.00777805
internal_weight=3802.76 194.177 187.724 3608.58 175.135 3433.45 25.2598 15.8544 3408.19 2479.18 929.008 168.583 28.2344 140.348 98.1017 84.1851 89.6218 6.49672 9.4054 83.1251 6.45388 6.55283
internal_count=10000 432 404 9568 411 9157 86 64 9071 6687 2384 385 81 304 237 218 167 21 22 146 28 26
is_linear=0
shrinkage=0.01


Tree=88
num_leaves=27
num_cat=0
split_feature=39 65 28 24 68 27 9 0 20 0 37 25 39 57 31 48 36 36 45 19 58 48 10 45 34 50
split_gain=13.2139 14.5787 20.8841 20.4727 20.3367 20.0543 18.8817 31.3917 19.5823 17.4542 16.7495 24.1294 16.3675 15.6596 14.3737 13.4117 16.5507 20.8744 22.4416 22.305 20.6052 24.9629 20.4227 9.62391 16.0679 11.1214
threshold=2.4510273933410649 1.989093065261841 623.43750000000011 296.50000000000006 72.351142883300795 50888.000000000007 2954515.5000000005 80588.500000000015 139250.26562500003 29356.500000000004 1.6164382100105288 606.50000000000011 -0.76997652649879444 1.1994471549987795 -14.824661731719969 -0.7220546007156371 0.33325044810771948 -0.84783038496971119 2.5106227397918706 1486.5250244140627 -10507.999999999998 1.3218541145324709 -0.00015708499995525924 -0.57675740122795094 -1.4154973626136778 1.0000000180025095e-35
decision_type=2 2 2 2 2 2 2 2 2 2 2 2 2 2 2 2 2 2 2 2 2 2 2 2 2 2
left_child=1 5 9 4 -4 10 8 -8 -7 -3 14 -12 -11 -5 -1 23 17 18 -17 -19 22 -22 -18 24 -2 -26
right_child=15 2 3 13 -6 6 7 -9 -10 12 11 -13 -14 -15 -16 16 20 19 -20 -21 21 -23 -24 -25 25 -27
leaf_value=-0.0001721790026872528 -0.01484006687534912 0.0098583347692101607 0.016800703357494135 -0.00035860472515228842 -0.013734278566127118 0.0071647246897119992 -0.00032222996511731494 0.0078775791067144541 0.016078998551641611 0.0087336884786234342 -0.011480843116205596 0.003229956497021931 -0.013698564233697308 0.015258559086377237 0.0056165703150376813 0.0041217192537351365 0.014242727523865892 -0.015443822850120071 0.017962262772045757 0.012152635002407292 -0.0043072477753816722 0.011092899685257063 -0.00052773693275222572 0.018458712337270013 0.012633444076166081 0.006262764103328166
leaf_weight=43.251484140753746 2.6764507144689551 5.7050779014825848 2.9275411665439597 9.4219430685043353 8.3675388395786268 51.241465866565704 55.445699647068977 287.95407372713089 48.560651794075966 3.9025630056858125 12.743186399340628 88.37938204407692 18.216321825981137 19.359622970223427 2679.6881500333548 134.19685210287571 24.08162434399128 2.9895980656146994 12.902643144130705 95.810114160180092 46.276035234332085 13.613225206732748 15.105543360114096 12.812468841671942 62.671509265899658 50.239364638924599
leaf_count=137 12 15 6 31 43 127 174 677 84 10 53 257 93 34 7153 362 41 13 15 181 164 28 47 15 110 118
internal_value=0.00581505 0.0055919 0.000987807 0.00562132 -0.00573147 0.00568727 0.00767021 0.00655072 0.0115122 -0.00565021 0.00537572 0.00136625 -0.0096955 0.0101114 0.00552425 0.00738513 0.00635048 0.00774324 0.00534252 0.0113075 0.00288367 -0.000789995 0.00852361 0.0101572 0.00922831 0.00980769
internal_weight=3808.54 3335.16 67.9006 40.0766 11.2951 3267.26 443.202 343.4 99.8021 27.824 2824.06 101.123 22.1189 28.7816 2722.94 473.375 344.976 245.899 147.099 98.7997 99.0764 59.8893 39.1872 128.4 115.587 112.911
internal_count=10000 8894 232 114 49 8662 1062 851 211 118 7600 310 103 65 7290 1106 851 571 377 194 280 192 88 255 240 228
is_linear=0
shrinkage=0.01


Tree=89
num_leaves=21
num_cat=0
split_feature=1 46 31 25 1 54 55 69 55 2 51 45 50 37 61 36 54 54 40 17
split_gain=13.1582 12.9622 18.064 33.7622 22.8117 15.7 18.2678 14.8621 22.7991 19.564 18.3481 47.2829 26.7829 14.2104 10.0447 19.7895 12.018 10.9457 16.7723 4.67682
threshold=528355.00000000012 -1.0176488757133482 6.803706407546998 29.500000000000004 245506.00000000003 -0.74617168307304371 -0.12687505036592481 94.65845108032228 -0.6303010582923888 25283.000000000004 0.0022384485928341751 -1.0132195353507993 -0.0088110771030187589 1.6164382100105288 101.23583602905275 1.2861627936363222 -0.79887875914573658 0.11762553080916406 0.29339987039566046 1458.5000000000002
decision_type=2 2 2 2 2 2 2 2 2 2 2 2 2 2 2 2 2 2 2 2
left_child=1 2 5 -4 -5 13 -7 10 -9 -10 11 -3 -12 -1 16 -16 -2 19 -19 -18
right_child=14 7 3 4 -6 6 -8 8 9 -11 12 -13 -14 -15 15 -17 17 18 -20 -21
leaf_value=0.012658576734279267 -0.0044969589583791327 -0.0036956792444610437 0.020486695324362664 -0.01521318319712618 0.015698714278728772 0.0028833219217395205 0.0088659728277279831 -0.014717048081566911 -0.0077617447496725949 0.0044064810109678554 -0.002868564352701759 0.0053171764934292235 0.0068437704179931868 -0.0024171665369276452 -0.014204593648127739 0.012788745570082621 0.0095228240049706463 0.013676392045621278 -0.00037351861872520652 0.020734501333652129
leaf_weight=87.071394175291061 4.3750626593828192 59.871199399232864 5.1528850048780468 12.182831794023512 2.9394821226596823 81.241923704743385 140.01607401669025 7.1906591206789008 14.31695671379566 163.89245496690273 28.944116368889809 1945.0410853773355 1182.7920605838299 6.6179196983575812 4.8080985099077207 6.2274602502584457 5.2439694255590465 26.852267026901245 12.229658484458922 17.019704475998878
leaf_count=174 16 207 7 54 5 234 324 33 60 473 95 5234 2919 21 23 11 11 43 39 17
internal_value=0.00574857 0.00566377 0.00754782 -0.00155993 -0.00913839 0.00813733 0.00667377 0.00547783 0.00271434 0.0034233 0.0056368 0.00504753 0.00661095 0.011583 0.00986469 0.000937363 0.0113485 0.0124949 0.00925426 0.0181386
internal_weight=3814.03 3737.27 335.223 20.2752 15.1223 314.947 221.258 3402.05 185.4 178.209 3216.65 2004.91 1211.74 93.6893 76.7562 11.0356 65.7207 61.3456 39.0819 22.2637
internal_count=10000 9840 819 66 59 753 558 9021 566 533 8455 5441 3014 195 160 34 126 110 82 28
is_linear=0
shrinkage=0.01


Tree=90
num_leaves=22
num_cat=0
split_feature=9 61 65 55 8 20 17 58 56 72 47 39 72 34 61 1 37 31 8 58 21
split_gain=13.0914 18.9733 16.7995 19.0649 16.5158 15.6327 22.0264 21.1063 20.8156 19.2417 18.6699 15.5827 15.2541 14.8583 15.8786 30.48 22.7315 13.9847 5.98561 5.53776 4.60184
threshold=8482377.0000000019 117.21471023559572 1.4724457263946535 -0.18624474108219144 1.0666176676750185 578779.56250000012 73039.000000000015 -10507.999999999998 1.096113443374634 -937533.93749999988 -1.7467501163482664 -0.99398884177207936 -2510872.7499999995 1.2901682853698733 124.99787521362306 226057.50000000003 -2.1080430746078487 -2.9785137176513667 1.6190109848976137 24048.000000000004 -3638.4999999999995
decision_type=2 2 2 2 2 2 2 2 2 2 2 2 2 2 2 2 2 2 2 2 2
left_child=1 2 4 -4 12 6 10 8 -7 -9 -3 19 -1 14 15 -13 -16 -5 -8 -2 -15
right_child=11 5 3 17 -6 7 18 9 -10 -11 -12 13 -14 20 16 -17 -18 -19 -20 -21 -22
leaf_value=0.012210780117471984 -0.013590880050915671 -0.00055066177066849975 -0.013710264089994902 -0.0051684852734546127 -0.014366672423454428 -0.0040605613059851468 -0.014558626083872789 0.0098268435658447062 0.0076572042846404145 -0.00074843994275306804 0.0049184784417063681 -0.011158730324416239 0.0065863594230824284 0.0099855766046410763 -0.014169952039902456 0.008906909917016214 0.0098988833702046818 0.0055572389292834557 0.0039186351591662099 0.0057886625955157036 0.018737000786832273
leaf_weight=50.609090536832809 4.303840145468711 64.210446491837502 6.9060318470001212 14.806294634938238 3.6648147553205481 28.787049636244774 7.5484511554241163 182.36975231766701 31.889804825186729 18.805029064416885 1889.6931200623512 12.211324840784071 1257.2183999419212 10.139861509203913 4.0177811086177817 19.875223755836487 124.66384093463421 66.018235683441162 2.1816551387310028 2.1573001891374588 17.458698645234108
leaf_count=90 22 210 35 59 17 100 35 397 78 59 5211 52 3088 19 19 43 253 183 6 6 18
internal_value=0.00568283 0.00554625 0.00646108 0.00220755 0.00674485 0.00497062 0.00466315 0.00727259 0.00208144 0.00883334 0.00473824 0.00821872 0.00680477 0.00874486 0.00756907 0.00123927 0.00913962 0.00358001 -0.0103129 -0.0069655 0.0155579
internal_weight=3819.54 3624.71 1399.22 87.7306 1311.49 2225.49 1963.63 261.852 60.6769 201.175 1953.9 194.828 1307.83 188.367 160.768 32.0865 128.682 80.8245 9.73011 6.46114 27.5986
internal_count=10000 9568 3472 277 3195 6096 5462 634 178 456 5421 432 3178 404 367 95 272 242 41 28 37
is_linear=0
shrinkage=0.01


Tree=91
num_leaves=29
num_cat=0
split_feature=1 56 53 29 52 28 20 40 53 1 48 69 67 56 49 72 68 53 21 67 22 33 40 55 68 69 10 39
split_gain=12.9263 22.3689 23.167 19.3678 18.0145 22.4868 19.8716 17.7144 24.6969 30.0943 34.8506 19.8978 19.8762 32.8238 35.2187 26.9345 22.415 30.1689 27.4855 18.5235 23.2175 22.7195 12.2469 11.3192 16.0409 12.7482 9.51718 4.2875
threshold=226057.50000000003 -0.67287567257881153 -0.34045945107936854 23.899270057678226 0.02596528455615044 1633.3750000000002 15272.395019531252 -1.5049716234207151 0.37951920926570898 61452.000000000007 1.6936348080635073 8.6462612152099627 -1.8137647509574888 -0.45207586884498591 0.21192154288291934 -1252880.1874999998 68.43418121337892 -0.53268894553184498 -96.499999999999986 3.6060472726821904 10647.439941406252 1.2597787976264956 -1.902381360530853 1.4085281491279604 81.832210540771499 20.710221290588382 -0.00047182000707834954 0.57956096529960643
decision_type=2 2 2 2 2 2 2 2 2 2 2 2 2 2 2 2 2 2 2 2 2 2 2 2 2 2 2 2
left_child=7 2 27 4 6 -6 -3 8 9 10 -1 -11 13 15 -15 -9 18 -18 -14 21 -21 -10 -4 25 -25 -5 -24 -2
right_child=1 3 22 23 5 -7 -8 12 19 11 -12 -13 16 14 -16 -17 17 -19 -20 20 -22 -23 26 24 -26 -27 -28 -29
leaf_value=0.00086342030829080971 0.020064164456591864 -0.0046481992466666892 0.010862464249301144 0.0054518977402130565 0.0037444644198978685 -0.014639782295228951 0.0085068063194549109 0.0024580320032100791 0.011716947524440371 0.014964667539682563 0.015018239817250466 0.0067304888314453368 0.005105704057354608 0.0065170296643013385 0.0017401352660317 -0.0061934239875804289 -0.0019891479726182278 0.0048648789573167454 0.0079883926652111522 0.0096638899365586745 -0.015268038762226366 -0.0077982284241231246 0.00035464638953140162 -0.014655100480042751 0.012145397517243329 0.013061998075475352 -0.015166885029880272 0.0062237517654264319
leaf_weight=153.8889747262001 3.8582306951284426 12.216109454631804 3.2521252781152752 28.130329072475433 41.779023125767708 7.9067319333553305 169.48684738576412 123.19682741165161 162.76877599954605 35.182963818311691 19.64203579723835 185.91076628863811 759.33731243014336 431.11909095942974 241.43045274913311 50.830947190523148 72.198777943849564 567.13446310162544 590.84628178179264 9.2299136072397214 6.2705359309911719 6.1302997320890418 5.6933828741312089 4.0976003259420377 4.9084230065345764 110.20986853539944 12.045496702194209 6.0765382349491119
leaf_count=468 5 41 6 71 114 37 375 364 337 66 35 460 2015 1113 723 185 235 1526 1435 22 28 23 17 19 10 201 54 15
internal_value=0.00561824 0.00730377 -0.000844486 0.00797176 0.00615715 0.000798765 0.00761688 0.00541576 0.00701428 0.00559679 0.00247137 0.00804533 0.00508905 0.00380206 0.00480372 -6.31845e-05 0.00563619 0.0040893 0.00636792 0.0100424 -0.000357533 0.0110027 -0.00682899 0.0108146 0 0.0115218 -0.0101288 0.0116994
internal_weight=3824.78 409.661 30.9258 378.735 231.389 49.6858 181.703 3415.12 579.024 394.625 173.531 221.094 2836.09 846.577 672.55 174.028 1989.52 639.333 1350.18 184.4 15.5004 168.899 20.991 147.346 9.00602 138.34 17.7389 9.93477
internal_count=10000 965 97 868 567 151 416 9035 1439 1029 503 526 7596 2385 1836 549 5211 1761 3450 410 50 360 77 301 29 272 71 20
is_linear=0
shrinkage=0.01


Tree=92
num_leaves=31
num_cat=0
split_feature=59 60 60 69 46 56 60 21 22 48 48 21 40 67 31 18 17 58 72 39 21 30 2 55 55 65 58 10 56 69
split_gain=12.8428 15.0827 17.8035 23.1269 20.3518 14.2989 16.4808 18.2555 12.9097 12.6258 24.9415 13.9805 12.3053 26.1024 37.7457 33.4142 26.4553 23.6967 16.5734 23.6313 18.255 16.2875 13.3899 20.2888 18.7413 12.0133 9.93774 7.24996 2.66476 2.50269
threshold=1.5933268070220949 -0.001971756923012435 -0.0061112735420465461 25.438707351684574 -0.6135093867778777 -0.18950405716896054 1.0000000180025095e-35 -484.49999999999994 49806.324218750007 0.22459822893142703 -0.14569817483425138 -173.49999999999997 2.1180012226104741 4.2025671005249032 -4.0212764739990225 360.50000000000006 5594.0000000000009 -14491.999999999998 -2610373.6249999995 0.87282314896583568 97.500000000000014 9.1856303215026873 333835.50000000006 1.1195240020751955 0.28024467825889593 0.507795810699463 -36575.999999999993 0.0003111699916189537 -0.27896650135517115 83.918182373046889
decision_type=2 2 2 2 2 2 2 2 2 2 2 2 2 2 2 2 2 2 2 2 2 2 2 2 2 2 2 2 2 2
left_child=12 2 9 27 -5 8 26 -8 25 10 -2 -11 18 14 15 -14 -16 29 19 20 -1 -19 24 -24 -20 -3 -7 -4 -10 -15
right_child=1 5 3 4 -6 6 7 -9 28 11 -12 -13 13 17 16 -17 -18 21 22 -21 -22 -23 23 -25 -26 -27 -28 -29 -30 -31
leaf_value=0.0073415571060874438 0.0065892573588155539 0.012356007728671752 -0.014369702850154709 -0.0096572250311970521 0.0076673283236720485 -0.0033313395472297784 0.0028257623261853842 0.0093347483525703396 0.016099121687466963 0.0056697425852074001 -0.015053752316830902 0.018012104388548226 0.017504022244837714 0.023354795802586054 -0.0055245867699075281 0.0036476304627800038 0.0031044731674762316 0.019181009179592132 0.0049064801683797151 -0.015106396398075195 -0.0094557754068964606 -0.0012226283082392175 0.010220287278665967 -0.0052496809643746249 0.0065819732048833773 -0.0027955778720206328 0.013476473914990522 0.0049957000648877875 0.023570570642846959 0.015467655660607401
leaf_weight=25.973130002617836 45.433983966708183 20.518773630261425 11.577479138970373 8.6391436457633954 30.971693769097328 3.6817240715026847 90.350911721587181 83.406545013189316 16.683881074190143 19.106513917446136 6.0092658996582022 18.238866701722145 22.651409327983856 8.3173252791166323 71.151663899421692 76.455483019351959 70.835526272654533 5.1069181412458446 1941.8088620454073 8.9240705966949445 8.5766212344169599 16.414677992463112 105.67027023434639 9.1284875869750959 1026.4771959334612 6.8911812156438819 50.280278727412224 2.2352044433355323 8.0684570074081403 10.462139740586279
leaf_count=62 105 36 55 35 71 12 239 172 24 48 27 22 38 9 258 221 206 6 5223 40 35 54 223 34 2606 22 85 6 7 19
internal_value=0.00555438 0.00720662 0.00453973 -2.96748e-06 0.00386359 0.00855813 0.00746631 0.00595594 0.0133054 0.00728431 0.00404162 0.0117243 0.00534945 0.0033375 0.00208713 0.00682467 -0.00121262 0.0107928 0.00553021 -0.000580256 0.00314285 0.00357254 0.0056167 0.00898145 0.00548623 0.00851024 0.0123112 -0.0111635 0.018575 0.0190141
internal_weight=3830.05 422.094 142.212 53.4235 39.6108 279.882 227.719 173.757 52.1623 88.7886 51.4432 37.3454 3407.95 281.395 241.094 99.1069 141.987 40.3011 3126.56 43.4738 34.5498 21.5216 3083.08 114.799 2968.29 27.41 53.962 13.8127 24.7523 18.7795
internal_count=10000 966 369 167 106 597 508 411 89 202 132 70 9034 811 723 259 464 88 8223 137 97 60 8086 257 7829 58 97 61 31 28
is_linear=0
shrinkage=0.01


Tree=93
num_leaves=22
num_cat=0
split_feature=9 3 38 38 40 0 26 33 46 7 39 26 53 67 60 10 21 50 67 51 25
split_gain=12.7827 28.0436 25.8791 24.0534 23.0587 34.1557 19.9212 19.8196 19.6536 32.7769 20.5935 19.0664 17.8077 18.5345 17.3257 13.6016 12.745 11.6866 8.20372 5.79754 4.98332
threshold=3492712.0000000005 80086.000000000015 2.8406968116760258 1.8951507210731509 2.2447050809860234 71806.500000000015 0.62964275479316723 0.53410714864730846 -1.1273429989814756 2.0216586589813237 -0.15074797719717023 0.24664279818534854 0.14668617397546771 2.8665943145751958 -0.0021550315432250495 -0.00067608000244945277 -10923.999999999998 0.001705145637970418 -1.2630741596221922 0.022325083613395694 67887.500000000015
decision_type=2 2 2 2 2 2 2 2 2 2 2 2 2 2 2 2 2 2 2 2 2
left_child=1 2 4 6 11 -6 8 16 10 -10 -2 -1 13 -4 20 -16 -5 -18 -8 -20 -9
right_child=3 -3 12 7 5 -7 18 14 9 -11 -12 -13 -14 -15 15 -17 17 -19 19 -21 -22
leaf_value=0.0046108065746941328 0.014988604486387631 -0.014457700073326356 -0.014600314281869663 -0.0041947210741795186 0.0061403533195724322 -0.0033798204775237904 0.0035045888538027654 -0.01495147841433613 0.0053894366072691855 -0.011189253724967334 0.0055594418989867922 0.0065359040589105868 -0.014261105225350366 0.010911290823180446 0.015727540711606588 0.0052377645164250822 0.010602335054266035 0.018071129921981618 0.018684958291499101 0.0070107798644537646 0.0028402375697761588
leaf_weight=1174.7160670906305 43.98681928217411 7.3467819094657889 4.1528134196996715 4.091526821255683 75.721083670854568 74.901466429233551 6.7469876259565345 4.6549540460109702 1240.7027443647385 12.002173528075216 49.937822416424751 924.73107773065567 11.4204965531826 8.9753543585538846 15.891526237130163 58.508985906839371 52.325922384858131 36.323781579732895 19.939004406332973 5.7946865856647483 2.2501633912324905
leaf_count=3201 79 35 19 14 200 263 17 21 3215 51 128 2300 55 22 26 148 109 51 27 13 6
internal_value=0.00549154 0.00501294 0.00507627 0.00619407 0.0051879 0.00139953 0.00575019 0.00970549 0.00556227 0.0052298 0.00998596 0.00545922 -0.00511509 0.00276507 0.0060781 0.00749176 0.0128748 0.0136739 0.0135105 0.016095 -0.00900889
internal_weight=3835.12 2281.97 2274.62 1553.16 2250.07 150.623 1379.11 174.047 1346.63 1252.7 93.9246 2099.45 24.5487 13.1282 81.3056 74.4005 92.7412 88.6497 32.4807 25.7337 6.90512
internal_count=10000 6095 6060 3905 5964 463 3530 375 3473 3266 207 5501 96 41 201 174 174 160 57 40 27
is_linear=0
shrinkage=0.01


Tree=94
num_leaves=23
num_cat=0
split_feature=9 61 22 72 3 31 10 56 49 54 47 54 59 0 31 34 59 61 1 37 21 1
split_gain=12.6704 18.1695 16.4805 32.1305 26.2519 24.8729 49.7145 22.2408 20.316 16.179 22.5326 19.3 18.0192 17.9873 15.7144 14.9642 23.4446 16.4285 29.6412 22.8281 4.62513 5.34053
threshold=8482377.0000000019 117.21471023559572 10647.439941406252 -1183022.6874999998 17148.500000000004 -1.6326202154159544 -0.00015708499995525924 0.13057304918766025 1.3887293934822085 -0.90696880221366871 1.6767125725746157 -1.0576315522193906 1.2384520173072817 17212.500000000004 -7.0992269515991202 1.2901682853698733 0.74770158529281627 124.99787521362306 226057.50000000003 -2.1080430746078487 -3638.4999999999995 245506.00000000003
decision_type=2 2 2 2 2 2 2 2 2 2 2 2 2 2 2 2 2 2 2 2 2 2
left_child=1 2 3 7 -5 6 -4 -1 -7 10 12 -12 -3 -11 -15 16 -2 18 -18 -19 21 -17
right_child=15 9 5 4 -6 8 -8 -9 -10 13 11 -13 -14 14 -16 20 17 19 -20 -21 -22 -23
leaf_value=0.0062179164776589649 -0.013524710875084764 0.0074070134464217473 0.0051880845879353531 0.0049038557673713882 -0.015112410585729846 0.0055927706069534878 -0.004608880677891389 0.011052024214537741 0.010686900436083599 -0.014870336736023971 -0.014702359549385985 0.014150923593370468 0.0021030010431479004 0.0062507782619427819 0.0038432576097824668 0.0014791971680561174 -0.011189936949294429 -0.014231077709756328 0.0085747993764709578 0.0098098388446397188 0.017873479972421513 0.016086485666179432
leaf_weight=160.97121624648571 5.4682110846042624 429.31840461492538 220.1298039406538 202.9303829818964 6.7482383698225012 413.22953730821609 67.631616160273552 237.55653409659863 97.358708515763283 4.8744904994964591 8.9394953548908216 3.0983811914920798 75.932821944355965 339.96639832854271 1375.9151917397976 4.9581355154514331 12.226210400462149 4.0443699955940238 19.962668463587761 125.80237476527691 17.706555798649788 5.4170042723417282
leaf_count=393 28 1062 566 523 31 1050 234 473 202 22 41 6 220 884 3861 13 52 19 43 251 19 7
internal_value=0.00542942 0.00529553 0.00618849 0.00743258 0.00425489 0.00523944 0.00288206 0.00910197 0.00656608 0.00473388 0.00628868 -0.00719286 0.00661187 0.0042659 0.00432084 0.00791933 0.00677569 0.00746694 0.00103655 0.00905333 0.0147054 0.00920225
internal_weight=3840.19 3644.6 1406.56 608.206 209.679 798.35 287.761 398.528 510.588 2238.05 517.289 12.0379 505.251 1720.76 1715.88 195.586 167.504 162.036 32.1889 129.847 28.0817 10.3751
internal_count=10000 9568 3472 1420 554 2052 800 866 1252 6096 1329 47 1282 4767 4745 432 393 365 95 270 39 20
is_linear=0
shrinkage=0.01


Tree=95
num_leaves=29
num_cat=0
split_feature=23 3 54 47 37 58 38 37 18 40 37 42 40 26 49 48 34 1 22 45 26 40 54 0 36 3 35 57
split_gain=12.7357 23.3009 30.5032 25.7109 21.0465 18.8394 18.3516 23.3154 17.4718 27.9109 19.6164 16.3635 15.5848 15.3797 24.5417 24.3323 15.0847 24.7513 19.3986 17.3798 14.8785 13.5824 23.2901 13.3935 11.6295 10.6199 7.08146 4.73997
threshold=1303.5000000000002 3953.5000000000005 1.1621844768524172 -1.1632245182991026 -2.1080430746078487 -91655.999999999985 2.8406968116760258 2.377282023429871 100567.00000000001 -1.2778888940811155 1.4134517312049868 -0.0009112900006584822 -2.2997447252273555 0.24664279818534854 -0.59775102138519276 2.038099050521851 -0.23373466730117795 98047.000000000015 139141.11718750003 -0.75855937600135792 0.13028580695390704 1.2534700632095339 2.2429873943328862 58880.500000000007 -1.1015706062316892 -4754.4999999999991 2.1530219316482548 1.3358714580535891
decision_type=2 2 2 2 2 2 2 2 2 2 2 2 2 2 2 2 2 2 2 2 2 2 2 2 2 2 2 2
left_child=5 2 3 -2 -5 16 13 12 21 -10 -11 25 -8 15 -15 -7 18 27 19 -1 -13 22 -3 -19 -23 -4 -9 -18
right_child=1 8 11 4 -6 6 7 26 9 10 -12 20 -14 14 -16 -17 17 23 -20 -21 -22 24 -24 -25 -26 -27 -28 -29
leaf_value=-0.0040419021110709615 -0.014938028395674041 0.01034978967005609 -0.014851351176411379 -0.0062130973474573579 0.0046657793798044805 0.0043942653561884178 0.010829156797005548 0 -0.015375594649168812 0.01262424324197951 -0.0035165137609856961 0.012497721583153848 -0.011955559948671837 0.008026362986734736 0.0049520307466609324 0.011123061848905822 -0.015451519367000247 0.00061161598011455639 -0.014881730326374402 0.0097206547274224162 -0.0026045529365412408 0.0045840582299173155 -0.0044741322907514945 0.017260626940534821 0.017299826719174946 0.0083230562788752811 0.014845866881468986 0.0029734982931336369
leaf_weight=11.060084640979765 8.1863131374120695 108.98698601126671 4.2117419391870499 20.412682399153709 134.83122284710407 2021.8836957067251 3.5228603929281261 5.838689059019087 6.5898795425891867 22.035231471061707 11.312138780951498 70.3111232817173 18.91824896633625 399.62673057615757 751.84191411733627 55.42195425927639 3.014048919081687 5.5956916809082022 4.1957888752222052 51.318315461277962 7.0723251700401297 8.9365453720092756 11.640697568655012 42.33972741663456 42.34248673915863 3.6750937700271598 7.4327039867639542 2.4601194113492966
leaf_count=36 37 220 19 77 353 5504 8 18 29 39 38 137 86 927 1967 117 13 17 19 107 23 23 38 61 59 8 13 7
internal_value=0.00536835 0.00693482 0.00485052 0.00231279 0.0032289 0.0051549 0.00501118 -0.00209818 0.00937704 0.00338219 0.00711897 0.00970264 -0.0083342 0.00509012 0.00601987 0.00457427 0.00905689 0.0130309 0.00585367 0.00726444 0.0111046 0.0107639 0.00891098 0.015338 0.0151033 -0.00392579 0.0083712 -0.00698855
internal_weight=3845.02 460.544 248.701 163.43 155.244 3384.47 3264.49 35.7125 211.844 39.9372 33.3474 85.2703 22.4411 3228.77 1151.47 2077.31 119.984 53.4096 66.5742 62.3784 77.3834 171.907 120.628 47.9354 51.279 7.88684 13.2714 5.47417
internal_count=10000 1100 654 467 430 8900 8640 125 446 106 77 187 94 8515 2894 5621 260 98 162 143 160 340 258 78 82 27 31 20
is_linear=0
shrinkage=0.01


Tree=96
num_leaves=30
num_cat=0
split_feature=39 49 27 46 38 37 40 55 42 68 58 68 65 2 31 62 61 49 51 55 38 54 40 0 31 40 54 9 37
split_gain=12.6127 17.8926 16.9369 35.6399 19.7173 14.2452 19.7032 26.2577 20.364 19.8473 30.6486 20.2217 15.0045 25.1738 24.5771 14.9743 16.922 15.4611 12.5744 11.3745 22.6784 11.0387 11.0304 28.4296 18.3472 17.6111 8.39336 15.8957 1.62239
threshold=2.4510273933410649 -0.1937102526426315 -109543.99999999999 -0.10387073084712027 -1.8229711651802061 -1.8370754718780515 1.9885518550872805 0.64526459574699413 -0.00052356001106090833 21.796365737915043 -29679.999999999996 29.519942283630375 -1.301158010959625 77245.500000000015 -1.3791757225990293 90.242275238037124 89.921401977539077 2.2280976772308354 -0.018964955583214756 -0.6303010582923888 -1.2926651239395139 0.23973035067319873 -1.7965942025184629 95484.500000000015 2.4387061595916752 -1.4209909439086912 -0.54542389512062062 2741154.0000000005 -1.51172399520874
decision_type=2 2 2 2 2 2 2 2 2 2 2 2 2 2 2 2 2 2 2 2 2 2 2 2 2 2 2 2 2
left_child=5 22 19 -4 -5 6 9 8 -8 10 -1 -11 13 14 -7 17 -17 -14 -15 21 -21 -3 26 24 -24 -25 28 -28 -2
right_child=1 2 3 4 -6 12 7 -9 -10 11 -12 -13 15 18 -16 16 -18 -19 -20 20 -22 -23 23 25 -26 -27 27 -29 -30
leaf_value=0.013718544507480984 0.021738436187840701 0.017257573725680733 -0.014349705164649586 -0.0097014756402688859 0.005237801624893808 0.0081909389198515231 0.00022194032110751179 0.017611877505782438 -0.014424803597829992 -0.00036942348524038451 0.0040079949271423117 0.0044475054220479409 0.0049941765101757206 0.0039740520118625713 -0.014825703376172911 0.0038284246184266536 0.012722887453828503 0.0093659100424318756 0.01570834451060775 -0.009906384512101447 0.011506486065377457 0.0074966299626641735 -0.00037317533333575614 -0.0044487526844708978 0.010714425314548272 0.011250856230414295 -0.006975537108097978 0.01197054894490384 0.014858830163940602
leaf_weight=50.927909284830093 8.3634183704853076 18.962538361549377 11.346869379281996 9.5000560432672483 118.98469504714012 13.590151906013491 24.11026656627655 5.6055768728256217 15.517760485410689 116.97628049552441 91.065410032868385 337.6129360049963 2478.770669773221 11.810984596610067 7.0410546511411658 35.353830277919769 55.684217944741249 84.200898587703705 44.293326318264008 8.6724710464477557 11.457983762025831 31.386047691106796 55.9652488976717 7.5065447986125937 20.273851707577705 119.0809658318758 4.8754325956106177 42.395293280482292 8.443855553865431
leaf_count=99 8 26 54 40 301 32 77 9 73 366 253 914 6542 32 32 94 110 185 76 35 22 66 168 24 40 220 17 73 12
internal_value=0.00530806 0.00683583 0.00464406 0.00261907 0.00412542 0.00509159 0.00374594 -0.00260348 -0.00548828 0.00422903 0.00749786 0.0032058 0.00540749 0.00978217 0.000287308 0.00528063 0.00927978 0.00513819 0.0132559 0.00864747 0.00223186 0.0111927 0.00855911 0.00740389 0.00256217 0.010312 0.0122001 0.00999532 0.0183417
internal_weight=3849.78 477.215 210.311 139.832 128.485 3372.56 641.816 45.2336 39.628 596.583 141.993 454.589 2730.75 76.7355 20.6312 2654.01 91.038 2562.97 56.1043 70.479 20.1305 50.3486 266.905 202.827 76.2391 126.588 64.078 47.2707 16.8073
internal_count=10000 1106 544 395 341 8894 1791 159 150 1632 352 1280 7103 172 64 6931 204 6727 108 149 57 92 562 452 208 244 110 90 20
is_linear=0
shrinkage=0.01


Tree=97
num_leaves=30
num_cat=0
split_feature=23 3 54 51 9 10 58 38 35 14 56 0 53 10 40 51 26 34 1 22 18 26 49 47 0 47 3 18 57
split_gain=12.4167 22.6887 29.785 25.8546 27.4268 22.8242 18.2518 17.9085 21.1213 18.6982 17.0876 23.2833 18.3027 15.9567 15.2168 27.4182 16.87 14.7768 24.1481 18.9607 17.1083 14.5291 14.3677 15.0543 13.0135 12.2748 10.4199 7.99042 4.65085
threshold=1303.5000000000002 3953.5000000000005 1.1621844768524172 -0.0048822837416082612 8243390.0000000009 -0.0005807999987155198 -91655.999999999985 2.8406968116760258 2.1530219316482548 26.649999618530277 -0.32032199203968043 190625.50000000003 0.060290476307272918 -0.0009112900006584822 2.3803361654281621 -0.0053915327880531541 0.24664279818534854 -0.23373466730117795 98047.000000000015 139141.11718750003 2146.5000000000005 0.13028580695390704 1.4886478781700136 -1.4129502177238462 58880.500000000007 1.1438719630241396 -4754.4999999999991 52973.500000000007 1.3358714580535891
decision_type=2 2 2 2 2 2 2 2 2 2 2 2 2 2 2 2 2 2 2 2 2 2 2 2 2 2 2 2 2
left_child=6 2 3 5 -5 -2 17 14 9 -9 22 12 -12 26 16 -16 -8 19 28 20 -1 -15 27 -24 -20 -13 -4 -3 -19
right_child=1 10 13 4 -6 -7 7 8 -10 -11 11 25 -14 21 15 -17 -18 18 24 -21 -22 -23 23 -25 -26 -27 -28 -29 -30
leaf_value=-0.0041360595837097308 0.001581283194875446 0.010851519833242305 -0.014799137931071212 0.0015620700100186717 0.012155362796354943 -0.012592111740820564 0.004592595994538054 -0.014537019510016574 0.011959600982427257 0.001883927659917298 0.011870852401128102 -0.010827493335646586 0.0045287743264883556 0.012276521844714018 -0.0044159133149407146 0.0043721520563170446 0.0061525693881874224 -0.01538791285583367 0.00056134622269884439 -0.014832948201795197 0.0095238887891627641 -0.0026378799037931502 0.012690065130391587 -0.007550143697708657 0.016961895946198114 0.0074062304657988142 0.0081584405002471851 0.020540381728415651 0.0028568586131334619
leaf_weight=11.042570501565931 28.750906899571419 13.489593908190725 4.1967994570732117 81.102486044168472 35.157352030277252 18.677182585000992 1960.5131639391184 13.851767033338549 8.1629402637481672 13.69781146943569 81.248046636581421 9.9000432640314084 59.295379042625427 70.576020509004593 46.707698300480843 146.97213368117809 1082.6154303997755 3.0051014423370352 5.6028041243553153 4.1813402622938147 51.489673510193825 7.0788982361555091 11.241425156593325 5.394010826945304 42.492501333355904 5.8261174261569968 3.6839154362678519 25.979660332202911 2.466676265001297
leaf_count=35 84 26 19 238 65 80 5264 65 16 44 151 40 147 137 166 403 2682 13 17 19 108 23 21 19 61 14 8 28 7
internal_value=0.00524866 0.00679366 0.00473879 0.00223179 0.00477412 -0.00397912 0.00503817 0.00489687 -0.00212621 -0.00633613 0.00920036 0.00748691 0.00878034 0.00952469 0.00497467 0.00224766 0.0051479 0.00887417 0.0128008 0.0057063 0.00709569 0.0109041 0.013955 0.0060671 0.0150721 -0.0040088 -0.00394051 0.0172543 -0.00698042
internal_weight=3854.4 461.598 249.224 163.688 116.26 47.4281 3392.8 3272.52 35.7125 27.5496 212.374 156.27 140.543 85.5356 3236.81 193.68 3043.13 120.281 53.5671 66.7136 62.5322 77.6549 56.1047 16.6354 48.0953 15.7262 7.88071 39.4693 5.47178
internal_count=10000 1100 654 467 303 164 8900 8640 125 109 446 352 298 187 8515 569 7946 260 98 162 143 160 94 40 78 54 27 54 20
is_linear=0
shrinkage=0.01


Tree=98
num_leaves=23
num_cat=0
split_feature=59 49 64 15 54 47 36 65 53 40 36 31 24 40 60 20 48 17 69 3 40 18
split_gain=12.3408 14.5788 16.7041 16.6975 14.7843 14.785 14.158 12.1204 17.0145 37.5406 26.5228 25.7225 21.7885 23.9037 23.7179 14.4071 14.8792 19.5291 16.4095 9.8357 8.65917 7.6956
threshold=1.5933268070220949 -1.1815841197967527 9.2631258964538592 28.44999980926514 0.31618347764015203 0.65177732706069957 -0.84783038496971119 1.989093065261841 0.37951920926570898 -0.50347372889518727 0.96218448877334606 3.8753105401992802 53.500000000000007 2.1180012226104741 -0.017489163205027577 20868.695312500004 0.61443164944648754 19624.500000000004 97.153057098388686 -31431.499999999996 1.7817147374153139 61100.000000000007
decision_type=2 2 2 2 2 2 2 2 2 2 2 2 2 2 2 2 2 2 2 2 2 2
left_child=7 3 19 -2 6 -6 -4 8 12 10 -10 -11 14 -14 -1 -9 17 -17 -18 20 -3 -21
right_child=1 2 4 -5 5 -7 -8 15 9 11 -12 -13 13 -15 -16 16 18 -19 -20 21 -22 -23
leaf_value=-0.010205221678550282 -0.015477749823620693 -0.0059784188874143461 0.0044047498799869239 0.014007328079309763 0.0025688362921635435 0.0090618119674618705 0.010280807363136824 -0.013554720372816038 0.0067505979528822537 0.0036682133431289107 0.012368491620399458 0.0083485313691855148 0.0044182820161273433 8.8323306729419399e-05 0.0067378382942096136 0.001129221761530543 -0.014539979513404373 0.014257076974262369 0.011217282373569549 0.017613212230580239 0.013625659137564413 0.0075038017988115274
leaf_weight=8.3571193069219571 5.9444570392370206 4.7847578525543195 62.24697807431221 2.8075696229934692 132.90711641311646 48.017484486103058 124.38930524885654 6.1550275683403006 247.19603928923607 522.53056867420673 128.58826459944248 152.18122316896915 1666.9369117319584 138.56683205068111 490.72273899614811 45.797450691461563 9.1399374902248365 15.147610783576964 3.3482007831335059 28.138598248362541 4.2005213797092438 10.829453051090239
leaf_count=32 26 17 161 4 355 99 244 32 604 1423 254 353 4462 436 1208 153 43 27 7 32 6 22
internal_value=0.00519005 0.00680556 0.00707569 -0.00590495 0.00634602 0.0042976 0.00832638 0.0049902 0.00508178 0.00613939 0.00867563 0.00472534 0.00459925 0.00408652 0.00645212 0.00111712 0.0023605 0.0044085 -0.00755411 0.0126478 0.00307498 0.0148294
internal_weight=3858.93 424.266 415.514 8.75203 367.561 180.925 186.636 3434.67 3355.08 1050.5 375.784 674.712 2304.58 1805.5 499.08 79.5882 73.4332 60.9451 12.4881 47.9533 8.98528 38.9681
internal_count=10000 966 936 30 859 454 405 9034 8772 2634 858 1776 6138 4898 1240 262 230 180 50 77 23 54
is_linear=0
shrinkage=0.01


Tree=99
num_leaves=22
num_cat=0
split_feature=1 23 2 33 8 39 1 9 46 40 10 38 31 25 54 61 36 54 54 40 17
split_gain=12.2717 13.3535 22.8402 17.6661 25.2014 23.3525 16.2675 18.4163 15.2458 22.6381 40.8082 25.9336 17.4695 32.3348 15.2229 9.63744 18.9849 11.6902 10.5665 16.0193 4.50773
threshold=528355.00000000012 1303.5000000000002 135199.50000000003 -0.31096784770488733 1.3973450064659121 0.1508879438042641 98047.000000000015 6726988.5000000009 -1.0176488757133482 2.811020135879517 -0.00052356001106090833 2.8406968116760258 6.803706407546998 29.500000000000004 -0.79887875914573658 101.23583602905275 1.2861627936363222 -0.79887875914573658 0.11762553080916406 0.29339987039566046 1458.5000000000002
decision_type=2 2 2 2 2 2 2 2 2 2 2 2 2 2 2 2 2 2 2 2 2
left_child=1 8 3 5 -5 -3 -4 -8 12 11 -11 -10 14 -14 -1 17 -17 -2 20 -20 -19
right_child=15 2 6 4 -6 -7 7 -9 9 10 -12 -13 13 -15 -16 16 -18 18 19 -21 -22
leaf_value=0.010943618572224282 -0.0049930253749018083 0.00062290130949950418 -0.01477665554304392 0.010535100421003583 -0.0086449488573448179 0.0088064083437247934 -0.0022009855257226246 0.0065561779790144874 0.0048542979106710928 0.0090674900886506156 -0.0046896338746169868 -0.0049035805161367881 0.019300483157442018 -0.0094485614305449359 0.0060492457129438446 -0.014347751536670736 0.01196967520133535 0.0087704972896487307 0.0128130512644307 -0.0008546766840517398 0.019730148144452838
leaf_weight=89.266356766223907 4.4320764243602744 62.280993148684502 5.0523535162210456 193.89441120624542 7.0438668578863135 80.040397003293037 36.319594413042068 70.078451350331306 2868.4898322075605 32.214777186512947 65.193545997142792 27.395732760429382 5.2488751560449627 15.285643294453619 228.22496195137501 4.8628534078598005 6.2756530493497849 5.2840641438961056 27.034485936164856 12.364571809768675 17.1373320966959
leaf_count=182 16 186 23 385 28 179 115 166 7530 76 233 103 7 59 568 23 11 11 43 39 17
internal_value=0.00513217 0.005051 0.00666429 0.00794287 0.00985777 0.00523227 0.00271736 0.00355747 0.00483049 0.00460213 -0.000129626 0.00476164 0.00684967 -0.00205125 0.0074285 0.00909032 0.000390224 0.0105379 0.0116675 0.00849834 0.0171919
internal_weight=3863.42 3786.03 454.71 343.26 200.938 142.321 111.45 106.398 3331.32 2993.29 97.4083 2895.89 338.026 20.5345 317.491 77.391 11.1385 66.2525 61.8205 39.3991 22.4214
internal_count=10000 9840 1082 778 413 365 304 281 8758 7942 309 7633 816 66 750 160 34 126 110 82 28
is_linear=0
shrinkage=0.01


Tree=100
num_leaves=27
num_cat=0
split_feature=39 49 33 3 66 33 56 56 37 31 59 34 52 72 40 40 58 38 33 7 45 22 59 56 72 61
split_gain=12.2436 17.6671 14.9305 25.6525 27.3298 14.8295 17.7854 13.9169 13.6865 18.8709 22.7173 23.1649 16.4632 13.3259 24.3803 31.9992 23.2245 22.8807 24.9312 23.0774 11.7195 12.843 7.62639 10.2661 7.53016 5.16764
threshold=2.4510273933410649 -0.79283851385116566 0.91629186272621166 24990.500000000004 3.0711508989334111 -0.88798782229423512 2.9769973754882817 -0.18950405716896054 -1.8370754718780515 -14.824661731719969 0.87513852119445812 0.13454280793666842 -0.018775962293148037 -1921714.8124999998 3.1411072015762334 3.6632417440414433 75408.000000000015 1.8951507210731509 0.47232516109943395 2.0216586589813237 2.5106227397918706 -92027.164062499985 1.7193740010261538 0.28243839740753179 -891525.34374999988 89.921401977539077
decision_type=2 2 2 2 2 2 2 2 2 2 2 2 2 2 2 2 2 2 2 2 2 2 2 2 2 2
left_child=8 5 20 24 -5 6 7 -2 9 -1 12 -12 -11 17 16 -16 -15 19 -19 -10 21 -3 25 -24 -4 -7
right_child=1 2 3 4 -6 22 -8 -9 13 10 11 -13 -14 14 15 -17 -18 18 -20 -21 -22 -23 23 -25 -26 -27
leaf_value=-0.015307664217273229 0.0085844393668276994 -0.0025026230913403409 -0.01568662233456037 0.0092642586913429786 -0.014504569951519542 0.0071536066887800624 0.01138779588089677 -0.015587148523252506 0.005694704318861217 0.01228033825312019 0.0036334216545004035 -0.0020222264498367458 0.0050503574751534072 0.0045911844648086949 -0.015278588935816443 0.0065617357965038715 0.012415027547351805 0.014359228482776138 0.0055475684293981717 -0.0077272121494149351 0.01601003365898496 0.0063749426213677721 -0.0060001926070353739 0.010208277015589889 0.0041209711338777285 0.015611448897986623
leaf_weight=5.2447697669267646 3.6624759435653687 17.08573941886425 10.283777639269827 26.079899623990062 5.9132429212331763 9.1500780880451185 10.991546005010603 6.6220933496952075 902.66185092926025 41.615378215909004 374.36653254926205 89.547022223472595 133.99759294092655 1633.4159167706966 14.016627699136734 12.791921496391296 39.006438165903091 65.415207400918007 64.065680176019669 12.931784167885779 11.996974110603331 293.75873747467995 4.3914268761873236 30.929637342691422 2.267374023795127 45.609115794301033
leaf_count=23 8 55 45 53 28 19 19 29 2269 84 1033 291 360 4337 62 34 75 115 160 51 15 697 15 55 6 62
internal_value=0.00507504 0.00657794 0.0055143 6.4384e-05 0.00483985 0.0100781 0.0025094 -0.00688208 0.00486244 0.00354645 0.00370264 0.00253958 0.00676936 0.00517127 0.0046223 -0.00482 0.00477426 0.0060629 0.010007 0.00550404 0.00626316 0.00588377 0.0118546 0.00816479 -0.0120287 0.0142164
internal_weight=3867.82 478.742 367.386 44.5443 31.9931 111.356 21.2761 10.2846 3389.08 644.771 639.527 463.914 175.613 2744.31 1699.23 26.8085 1672.42 1045.07 129.481 915.594 322.841 310.844 90.0803 35.3211 12.5512 54.7592
internal_count=10000 1106 899 132 81 207 56 37 8894 1791 1768 1324 444 7103 4508 96 4412 2595 275 2320 767 752 151 70 51 81
is_linear=0
shrinkage=0.01


Tree=101
num_leaves=23
num_cat=0
split_feature=1 56 31 29 10 55 52 28 20 60 23 23 2 61 35 38 24 1 59 23 55 14
split_gain=12.0402 21.4743 18.5846 18.3812 17.6648 17.6649 17.4699 21.2637 19.2095 16.3805 21.2072 14.7647 32.2982 25.6769 19.9333 19.0618 16.4799 15.9634 12.2427 25.7204 10.7466 7.05677
threshold=226057.50000000003 -0.67287567257881153 -1.8707957863807676 23.899270057678226 -0.00047182000707834954 -0.15549847483634946 0.02596528455615044 1633.3750000000002 15272.395019531252 -0.017489163205027577 115.50000000000001 1303.5000000000002 135199.50000000003 132.96366119384768 -1.4822627305984495 2.8406968116760258 23.500000000000004 137325.00000000003 0.93375542759895336 66.500000000000014 1.4085281491279604 86.65000152587892
decision_type=2 2 2 2 2 2 2 2 2 2 2 2 2 2 2 2 2 2 2 2 2 2
left_child=9 2 -2 6 -4 -6 8 -8 -3 10 21 15 14 -14 -13 16 -11 -17 19 -5 -20 -1
right_child=1 3 4 18 5 -7 7 -9 -10 11 -12 12 13 -15 -16 17 -18 -19 20 -21 -22 -23
leaf_value=-0.015730720692818435 -0.015408073316906485 -0.0050494508227794553 0.013990076618133784 0.014115881077091302 0.01192338821320886 -0.011250305274298114 0.0031214011934007141 -0.014713636803461062 0.0078296391157231821 0.0065675837390625127 0.0093237822710516612 0.0014907487589511837 -0.012043487832185546 0.0035142939779076129 0.0087738534050820771 -0.011001677578612996 0.0044111657152305864 0.006229896058594365 0.011597511661506547 -0.015896774544097322 0 0.0027065875966374954
leaf_weight=10.189927428960802 7.2138516306877163 12.325408980250357 8.9915489405393636 6.1216888576745969 4.8349318355321911 10.155461847782128 42.179827943444252 7.9412649422883979 171.06689220666885 413.01804891228676 7.3032905906438819 43.352223560214043 13.90326604247093 44.73814158141613 299.8016402721405 14.171783640980722 2600.8968279361725 8.5842788666486722 128.75014205276966 5.3510812968015671 8.6965289264917356 2.4960670173168173
leaf_count=44 32 41 15 11 9 41 114 37 375 1003 16 128 58 121 646 64 6925 23 240 23 27 7
internal_value=0.00501874 0.00663761 -0.00131307 0.00728878 0.00288505 -0.00370926 0.00552847 0.000275638 0.00695861 0.00482483 -0.00417448 0.00487744 0.00668455 -0.000157241 0.00785666 0.004638 0.00470701 -0.00445746 0.0100423 3.03413e-05 0.0108708 -0.0120242
internal_weight=3872.08 413.629 31.1958 382.433 23.9819 14.9904 233.513 50.1211 183.392 3458.46 19.9893 3438.47 401.795 58.6414 343.154 3036.67 3013.91 22.7561 148.919 11.4728 137.447 12.686
internal_count=10000 965 97 868 65 50 567 151 416 9035 67 8968 953 179 774 8015 7928 87 301 34 267 51
is_linear=0
shrinkage=0.01


Tree=102
num_leaves=27
num_cat=0
split_feature=59 39 64 48 60 63 17 57 69 49 69 67 19 40 40 1 65 2 52 2 69 20 49 1 58 58
split_gain=12.0326 14.8055 15.7221 13.5961 13.2475 28.0295 15.467 12.0075 19.3743 37.1256 24.8745 24.8248 21.6309 20.3798 18.6327 24.338 43.28 30.8454 23.581 34.3519 27.4454 16.9617 10.8046 9.01395 8.69978 5.0368
threshold=1.5933268070220949 1.7431697249412539 9.2631258964538592 -0.78039634227752674 -0.002559178625233471 14.297386169433596 32592.500000000004 1.0949720740318301 20.710221290588382 2.2280976772308354 15.841501235961916 1.0000000180025095e-35 534538.34375000012 1.0962607860565188 -1.0000000180025095e-35 40995.500000000007 0.91939595341682445 31522.500000000004 0.010296734981238844 116270.00000000001 93.25671768188478 462108.76562500006 -1.1815841197967527 137325.00000000003 -41099.999999999993 -8311.9999999999982
decision_type=2 2 2 2 2 2 2 2 2 2 2 2 2 2 2 2 2 2 2 2 2 2 2 2 2 2
left_child=7 3 22 -2 5 -4 -6 14 10 13 11 -9 -11 -10 18 16 -16 -17 20 -20 -1 -12 -3 25 -24 -5
right_child=1 2 4 23 6 -7 -8 8 9 12 21 -13 -14 -15 15 17 -18 -19 19 -21 -22 -23 24 -25 -26 -27
leaf_value=0.0058435202932072654 -0.0045096801459570722 -0.014339191539316412 -0.0086238512450573426 0.022054202751804045 0.0053737281819980732 0.0047107715834718887 0.012209070877608951 0.0039782644943794207 0.0034192674109227699 0.016686195780074711 -0.0050892428753519826 -0.015754867614415718 0.0029747746933424224 0.0063690774809427508 0.0034828634793669256 0.017641084389468636 -0.0084412138941910939 0.0052607109837164521 0.012161739467907613 0.001030141258348274 -0.0084243330021308814 0.0069227022368142741 0.001858447759043941 0.004200615594065509 0.014063539283980178 0.012839973358592214
leaf_weight=717.93399578332901 3.9797230362892142 1.5482316613197316 19.26655101776123 13.043180853128437 196.02517309784889 85.934767127037048 40.23700924217701 254.61138585209846 782.35150976479053 39.483627825975418 64.944930925965309 6.5201142430305472 16.506526529788971 336.31109493970871 410.62842984497547 20.934460461139679 32.833972036838531 574.75041006505489 129.50181366503239 35.529506400227547 13.68308189511299 14.293481931090353 7.0806815773248664 6.5046374201774588 39.494556322693825 12.362477689981461
leaf_count=1822 13 7 73 12 468 213 68 688 2114 60 223 28 44 833 1139 33 125 1476 257 104 53 35 19 16 56 21
internal_value=0.00496313 0.0065561 0.00598506 0.0127269 0.00522548 0.00225917 0.00654206 0.00476643 0.00409671 0.00470607 0.00199082 0.00348172 0.0126618 0.00430698 0.00529005 0.00437561 0.00259775 0.00569748 0.00634871 0.00977128 0.00557531 -0.00290984 0.011354 0.0149079 0.0122295 0.0176099
internal_weight=3876.3 425.477 389.587 35.89 341.464 105.201 236.262 3450.82 1515.02 1174.65 340.37 261.132 55.9902 1118.66 1935.8 1039.15 443.462 595.685 896.648 165.031 731.617 79.2384 48.1235 31.9103 46.5752 25.4057
internal_count=10000 966 904 62 822 286 536 9034 4025 3051 974 716 104 2947 5009 2773 1264 1509 2236 361 1875 258 82 49 75 33
is_linear=0
shrinkage=0.01


Tree=103
num_leaves=28
num_cat=0
split_feature=39 49 67 27 26 33 3 68 38 47 28 45 38 27 28 34 51 40 48 2 45 2 63 59 26 55 61
split_gain=12.0124 17.3948 15.9175 16.6924 18.3366 14.4777 17.5369 13.5868 32.6401 28.4984 27.4171 21.7828 26.2888 21.7397 22.6822 26.5465 21.9885 19.899 19.3748 12.8048 12.0116 11.5043 11.3399 7.47133 9.2273 6.46446 4.99827
threshold=2.4510273933410649 -0.79283851385116566 3.7945874929428105 -20391.999999999996 0.25907148420810705 -0.88798782229423512 -25360.999999999996 33.223974227905281 -0.78462156653404225 -1.7467501163482664 560.84375000000011 -1.0132195353507993 -2.0810058116912837 -195935.99999999997 58.125000000000007 -0.48834280669689173 0.0018636494060046973 -1.2778888940811155 -0.65131762623786915 143161.00000000003 2.5106227397918706 121769.50000000001 8.9183583259582537 1.7193740010261538 0.46285690367221838 -1.7739621996879575 89.921401977539077
decision_type=2 2 2 2 2 2 2 2 2 2 2 2 2 2 2 2 2 2 2 2 2 2 2 2 2 2 2
left_child=7 5 20 -4 -5 6 25 8 11 -10 -11 12 -1 17 16 -16 -15 21 -13 -19 22 -9 -3 26 -25 -2 -7
right_child=1 2 3 4 -6 23 -8 13 9 10 -12 18 -14 14 15 -17 -18 19 -20 -21 -22 -23 -24 24 -26 -27 -28
leaf_value=0.0081511947399198863 0.016450000539869086 0.012872450614388149 0.013310392910431179 0.0013198270155214493 -0.014379555033908753 0.0070080233574978104 -0.015104046555299816 0.010171553493520684 -0.015230260009360603 0.0028008786677281572 -0.0067473476819357014 0.0082442056425145634 -0.0093401066475369762 0.0027880576312685102 0.018719503564488905 0.0057720637670842997 0.0053785858749985415 0.0035025979231587873 0.0041318582129510522 0.018809597783407968 0.01540461400522221 -0.015273251646724524 0.0051862998776064286 0.0037779662644944726 0.014318603514720625 0.0028726359799448571 0.015325843557515862
leaf_weight=13.745992854237555 5.182169154286389 20.777911484241486 7.4903634190559378 26.361744105815887 10.316300109028814 9.1560704708099347 4.486316889524459 3.4410806596279135 11.268816381692885 169.23403790593147 36.535916045308113 155.69655156135559 22.792546138167381 681.03792610764503 16.125029593706131 1175.1874124854803 635.94965551793575 7.111646130681037 442.63902132213116 26.299580529332161 13.451629862189291 3.6368965059518814 289.86472189426422 21.391195446252823 13.962604150176047 11.617651805281639 45.689764156937599
leaf_count=33 6 33 12 77 49 19 20 7 50 479 132 367 88 1912 23 2935 1607 19 1192 34 17 16 711 51 19 30 62
internal_value=0.00490823 0.00639534 0.00534171 -0.000268318 -0.00306862 0.00986672 0.00238927 0.00469814 0.00360076 0.000248142 0.00110066 0.00474531 -0.00273242 0.00506454 0.00494653 0.00594815 0.00403974 0.0123501 0.00520363 0.0155814 0.00610935 -0.00276154 0.00570362 0.0116202 0.00796916 0.00712031 0.0139555
internal_weight=3880.45 479.748 368.263 44.1684 36.678 111.486 21.2861 3400.7 851.913 217.039 205.77 634.874 36.5385 2548.79 2508.3 1191.31 1316.99 40.4892 598.336 33.4112 324.094 7.07798 310.643 90.1996 35.3538 16.7998 54.8458
internal_count=10000 1106 899 138 126 207 56 8894 2341 661 611 1680 121 6553 6477 2958 3519 76 1559 53 761 23 744 151 70 36 81
is_linear=0
shrinkage=0.01


Tree=104
num_leaves=26
num_cat=0
split_feature=9 61 22 72 36 31 10 55 47 54 36 28 59 39 38 68 39 1 50 33 2 37 66 28 35
split_gain=11.9398 17.3115 15.8611 30.6573 26.298 23.8002 48.0575 16.6234 16.5965 15.6383 22.4614 24.4448 17.1521 16.2088 24.8647 23.7003 14.6818 14.5095 12.4149 11.6988 11.4858 11.3435 15.3462 9.71213 5.21625
threshold=8482377.0000000019 117.21471023559572 10647.439941406252 -1183022.6874999998 -1.3345651626586912 -1.6326202154159544 -0.00042052500066347415 0.59953442215919506 -0.94789931178092945 -0.90696880221366871 -0.7376405894756316 786.37500000000011 1.2384520173072817 1.9484979510307314 -2.6558635234832759 18.705235481262211 -0.99398884177207936 94103.000000000015 0.004810070851817728 -1.1391022205352781 197893.50000000003 -1.8887325525283811 -0.48887754976749415 -398.81249999999994 0.63102731108665477
decision_type=2 2 2 2 2 2 2 2 2 2 2 2 2 2 2 2 2 2 2 2 2 2 2 2 2
left_child=1 2 3 7 -5 6 -4 -1 -7 10 11 -3 -12 15 -15 -11 24 21 19 -19 -20 22 -18 -23 -2
right_child=16 9 5 4 -6 8 -8 -9 -10 13 12 -13 -14 14 -16 -17 17 18 20 -21 -22 23 -24 -25 -26
leaf_value=0.0074160740968060414 -0.013710155107546052 0.0017228331258910511 0.0057201879218050098 0.0090668021886801849 0.001388101842262818 0.0086849961200074575 -0.0025628850402388222 0.01255519607531985 0.0047686513736248807 0.0082830640098724307 0.007983372739586209 0.018142353209677168 0.0014954824098853197 -0.015243460502781031 0.0068317890474531495 0.0030428126240063108 -0.015016051688317831 0.011607430908070364 0.00066119203770904249 0.0010634116129868189 0.015138313700380015 -0.0042844903282556867 0.01585376994173595 0.012371742939126518 0.0049347079288241348
leaf_weight=323.55452992022038 4.3848515748977652 158.07186059653759 173.29933173954487 64.159541219472885 147.67682352662086 156.33181981742382 117.36753506958485 79.129732728004456 359.83293548226357 92.110454171895981 308.65216378867626 9.6410539448261243 47.395883023738861 5.2019800394773474 210.5171283185482 1434.3858928233385 3.8077986985445023 12.849938601255415 7.9044309258461025 59.751342177391052 19.024794578552246 3.5674772858619681 2.7785332202911368 80.828438222408295 2.1837026327848434
leaf_count=724 22 460 425 138 416 343 375 142 909 222 720 15 134 23 500 4022 17 24 22 166 25 11 4 135 6
internal_value=0.00485419 0.00472524 0.00559247 0.00680645 0.00371849 0.0046666 0.00237215 0.00842842 0.00595674 0.00418082 0.00569956 0.00267268 0.00712254 0.00372367 0.00629482 0.00335967 0.00726177 0.00777114 0.00511325 0.00294341 0.010926 0.0106678 -0.00184137 0.0116558 -0.00735947
internal_weight=3884.41 3687.33 1421.35 614.521 211.836 806.832 290.667 402.684 516.165 2265.98 523.761 167.713 356.048 1742.22 215.719 1526.5 197.081 190.513 99.5305 72.6013 26.9292 90.9822 6.58633 84.3959 6.56855
internal_count=10000 9568 3472 1420 554 2052 800 866 1252 6096 1329 475 854 4767 523 4244 432 404 237 190 47 167 21 146 28
is_linear=0
shrinkage=0.01


Tree=105
num_leaves=28
num_cat=0
split_feature=1 23 2 35 45 48 57 0 38 22 53 67 2 59 60 58 40 38 17 9 24 23 49 47 60 34 64
split_gain=11.7814 12.4979 21.849 18.9914 18.6175 18.5003 15.9759 17.5147 17.3421 14.5327 25.9086 31.856 22.4256 22.6919 17.696 13.0125 8.23835 20.2532 15.3481 14.2671 7.74657 11.5856 16.7863 5.96646 3.39849 3.11235 1.11227
threshold=528355.00000000012 1303.5000000000002 135199.50000000003 -1.4822627305984495 0.82128477096557628 0.05585914850234986 1.5031476616859438 98175.000000000015 0.82196417450904857 26250.549804687504 0.37951920926570898 3.9688702821731572 289250.50000000006 0.87513852119445812 0.0052916817367076882 -29679.999999999996 0.065043885260820403 -0.28754362463951105 1115.0000000000002 9796489.5000000019 68.500000000000014 352.50000000000006 -0.47101786732673639 0.7293527126312257 -0.010177009738981722 1.0223680734634402 27.155709266662601
decision_type=2 2 2 2 2 2 2 2 2 2 2 2 2 2 2 2 2 2 2 2 2 2 2 2 2 2 2
left_child=1 9 3 4 -3 -5 7 -4 -8 12 14 -12 13 -1 -11 -14 20 19 -19 23 26 22 -22 -18 -23 -20 -2
right_child=16 2 6 5 -6 -7 8 -9 -10 10 11 -13 15 -15 -16 -17 17 18 25 -21 21 24 -24 -25 -26 -27 -28
leaf_value=0.0067048358486371841 0.012881876343111741 -0.010661770998584312 -0.015536669217826149 0.015363008546621249 0.0049012908897995986 0.007521301924493966 0.0094424865831587938 0.001065388394692649 -0.0083195376782666357 0.0020672228660011784 0.0065710615872454472 -0.0018343086929214528 0.012122459449849887 0.0041687032584896569 0.0058624223657871375 0.0048177015459622387 -0.015308946887947516 -0.0055173115046049659 0.0099084962281378967 0.014613931324200054 0.011890463530303244 0.018155382183866597 -0.015750324963622546 0.0027519504636192133 0.0086074549949778732 0.018493557812235568 0.019055135424733284
leaf_weight=470.71739287674427 5.8048812448978451 9.9506084471940976 7.1148450672626486 34.241695687174797 33.571253970265388 267.74425263702869 39.466981619596481 59.009166225790977 6.3267581760883322 738.3783183991909 405.9022361189127 50.522567555308342 68.766018226742744 1432.3941701054573 147.92141954600811 38.648711323738098 7.3954441547393781 4.6280619502067593 8.400481194257738 2.8035702109336844 4.6522755920887011 7.5337717980146435 4.15310899913311 2.3130024522542953 8.5974740982055646 10.268677949905394 11.076704397797583
leaf_count=1160 9 40 31 51 88 599 78 171 24 2096 987 166 125 3766 364 94 33 17 17 4 8 8 18 6 17 12 11
internal_value=0.00480084 0.0047217 0.00627785 0.00752311 0.00132006 0.00841377 0.00242461 -0.000705845 0.00696669 0.00450912 0.00370076 0.00563846 0.00504849 0.00479652 0.00270176 0.00950346 0.00867293 0.00510276 0.0106281 -0.00510549 0.0117062 0.00808793 -0.0010329 -0.010903 0.0131286 0.0146841 0.0169916
internal_weight=3888.3 3810.68 457.426 345.508 43.5219 301.986 111.918 66.124 45.7937 3353.25 1342.72 456.425 2010.53 1903.11 886.3 107.415 77.6275 35.8092 23.2972 12.512 41.8182 24.9366 8.80538 9.70845 16.1312 18.6692 16.8816
internal_count=10000 9840 1082 778 128 650 304 202 102 8758 3613 1153 5145 4926 2460 219 160 89 46 43 71 51 26 39 25 29 20
is_linear=0
shrinkage=0.01


Tree=106
num_leaves=21
num_cat=0
split_feature=9 34 59 51 65 68 22 68 58 35 57 28 52 57 58 49 57 60 21 1
split_gain=11.6197 14.6257 22.273 13.8267 13.7075 12.9293 11.8389 16.6039 14.5541 18.2086 14.4117 22.0029 21.1798 18.0427 18.3224 15.6929 14.3763 5.15775 4.61567 5.18718
threshold=8482377.0000000019 1.2901682853698733 0.74770158529281627 0.011650498956441881 0.97275906801223766 76.010444641113295 253673.23437500003 86.236904144287124 17904.000000000004 -0.91413167119026173 0.79526045918464672 -1549.3749999999998 0.015451190061867239 1.4369059801101687 135408.00000000003 -1.1815841197967527 0.84309691190719616 0.0079383240081369894 -3638.4999999999995 245506.00000000003
decision_type=2 2 2 2 2 2 2 2 2 2 2 2 2 2 2 2 2 2 2 2
left_child=6 2 -2 4 -4 -5 10 8 9 -8 11 -1 -13 14 -12 -15 -10 -9 19 -3
right_child=1 18 3 5 -6 -7 7 17 16 -11 13 12 -14 15 -16 -17 -18 -19 -20 -21
leaf_value=-0.015832947261941711 -0.013651499450357856 0.00079568563284935156 0.0062203746116115833 -0.015497409427717978 0.014301470204306957 0.003851970722248571 -0.0075974123828539877 -0.015053476825040542 -0.0066410690342728349 0.006406663720881051 0.0039163946234747546 0.0068836466653388129 -0.005577886038742267 -0.0028904661808938233 -0.0083272036457252858 0.0059942506136206756 0.010723065061573734 0.0028759460324786056 0.016991080564078716 0.015132680200932405
leaf_weight=4.4473220556974402 5.5444281399250022 5.0001996606588381 121.83047161996365 4.9857100397348431 25.701481387019157 11.117679849267004 11.286662220954893 4.2008112221956244 4.9225245565176001 51.116186395287514 2417.0654674470425 405.04911847412586 14.024954900145529 20.360226392745972 12.232805117964743 642.65263609588146 105.01132702827454 2.4625922441482544 17.701515510678291 5.4357283860445023
leaf_count=19 28 13 278 22 37 28 41 19 17 122 6478 989 50 64 45 1512 205 7 19 7
internal_value=0.00474814 0.0071219 0.00600113 0.00667313 0.00763496 -0.00207662 0.0046211 0.00713928 0.00774117 0.00385775 0.00449261 0.00622772 0.00646422 0.00425465 0.00385433 0.0057199 0.00993645 -0.00827723 0.0138251 0.00835917
internal_weight=3892.15 197.317 169.18 163.635 147.532 16.1034 3694.83 179 172.337 62.4028 3515.83 423.521 419.074 3092.31 2429.3 663.013 109.934 6.6634 28.1374 10.4359
internal_count=10000 432 393 365 315 50 9568 411 385 163 9157 1058 1039 8099 6523 1576 222 26 39 20
is_linear=0
shrinkage=0.01


Tree=107
num_leaves=24
num_cat=0
split_feature=1 23 2 35 45 48 1 9 46 38 37 7 69 28 28 69 67 17 45 34 67 37 34
split_gain=11.5289 12.1316 21.3518 18.4614 18.2726 18.0586 15.6971 17.6624 14.6137 17.6571 25.3633 16.4423 17.9413 14.6914 7.43506 17.7894 9.45015 18.1024 8.41549 11.6666 7.35357 4.51039 3.60286
threshold=528355.00000000012 1303.5000000000002 135199.50000000003 -1.4822627305984495 0.82128477096557628 0.05585914850234986 98047.000000000015 6726988.5000000009 -1.0176488757133482 2.8406968116760258 2.0507224798202519 2.2093255519866948 81.516559600830092 1.0000000180025095e-35 165.00000000000003 75.062755584716811 -4.2786178588867179 1458.5000000000002 -0.52264705300331105 0.86608400940895092 -3.3152002096176143 2.377282023429871 0.9708024561405183
decision_type=2 2 2 2 2 2 2 2 2 2 2 2 2 2 2 2 2 2 2 2 2 2 2
left_child=1 8 3 4 -3 -5 -4 -8 11 13 -11 12 -1 -10 15 16 17 -2 19 -16 -18 -17 -20
right_child=14 2 6 5 -6 -7 7 -9 9 10 -12 -13 -14 -15 18 21 20 -19 22 -21 -22 -23 -24
leaf_value=0.0044472648978296017 0.013814454268360761 -0.010620329661990289 -0.014825431764835511 0.015112800781368285 0.0048053048025853305 0.0073747042933569309 -0.0024657959429757906 0.0060913866736297811 0.0035773329317037852 -0.011706356215405783 0.0063795511356006208 0.019595552094388586 0.0095032220297143442 0.0049841738182214226 0.014568517339738369 -0.014526900748297362 0.016923737351312328 -0.015645667776304356 0.0097958184707393047 -0.0062949685128436969 0.0065202311898158597 0.0020027229211806224 0.018370368135931434
leaf_weight=229.55844303965569 4.2023820132017118 9.9326827079057676 5.0649679303169242 34.328298568725586 33.639090955257416 268.32295349240303 36.470430582761765 70.481445908546448 1529.7199616581202 16.686144217848781 14.414839565753935 9.2224788069725019 102.071941152215 1458.3682128787041 5.5914473384618741 4.6370314955711356 12.948779702186583 4.1344841420650482 8.1680655777454394 5.0703875124454498 15.252556890249254 2.4112560749053955 15.251436606049536
leaf_count=587 6 40 23 51 88 599 115 166 4118 75 36 13 216 3713 8 22 15 18 15 19 33 7 17
internal_value=0.00469605 0.00461789 0.00614977 0.00737893 0.0012659 0.0082557 0.00234171 0.00316405 0.00440868 0.00418613 -0.00329166 0.00637706 0.00600644 0.00426429 0.00852547 0.0057455 0.00856525 -0.000675692 0.0120514 0.0045528 0.0113325 -0.00873015 0.0154225
internal_weight=3895.95 3818.28 458.24 346.223 43.5718 302.651 112.017 106.952 3360.04 3019.19 31.101 340.853 331.63 2988.09 77.6678 43.5865 36.5382 8.33687 34.0813 10.6618 28.2013 7.04829 23.4195
internal_count=10000 9840 1082 778 128 650 304 281 8758 7942 111 816 803 7831 160 101 72 24 59 27 48 29 32
is_linear=0
shrinkage=0.01


Tree=108
num_leaves=28
num_cat=0
split_feature=61 9 38 9 19 20 39 61 22 68 35 58 57 28 67 67 28 61 50 35 27 48 0 39 37 1 58
split_gain=11.5534 19.6461 15.797 26.287 28.5933 27.1342 26.3628 23.0385 17.7331 19.9892 37.6919 19.8271 19.8136 21.7064 18.4007 17.4229 14.8644 34.4435 32.7196 25.7912 24.7066 20.3854 17.4896 13.6536 16.9781 13.251 5.17364
threshold=117.21471023559572 8482377.0000000019 0.82196417450904857 3492712.0000000005 87832.300781250015 932651.21875000012 -0.47045974433422083 114.60720443725587 5578.1201171875009 32.262578964233406 -0.7435113489627837 -829.99999999999989 1.0712385177612307 -719.81249999999989 -4.0257399082183829 -0.22215030342340467 -57.937499999999993 135.39043426513675 0.0056939432397484788 -1.6065695881843565 -30087.999999999996 -0.10331749543547629 128088.50000000001 -0.99398884177207936 -2.3292471170425411 98047.000000000015 19592.000000000004
decision_type=2 2 2 2 2 2 2 2 2 2 2 2 2 2 2 2 2 2 2 2 2 2 2 2 2 2 2
left_child=2 16 8 4 7 6 -5 -4 12 10 -10 -11 14 -14 -1 -6 17 21 -19 22 -21 -2 -18 26 -25 -26 -3
right_child=1 23 3 5 15 -7 -8 -9 9 11 -12 -13 13 -15 -16 -17 19 18 -20 20 -22 -23 -24 24 25 -27 -28
leaf_value=-0.0075242142749348678 -0.0044106771912850772 -0.013776205633011598 -0.0016441382289001003 -0.016185175230944145 -0.0089156561709024685 -0.015543757384598043 0.0097784772239111594 0.011156491635998918 0.0039642581521100624 0.0037617086186112992 -0.008899907447590295 0.008075291260379926 0.009886404796011038 0.0042035255712117676 0.011572710300301197 0.0083033978778922976 0.011106802963230892 0.0041518696783713347 -0.011556060163126936 0.0015613840306562962 0.0050163684270556185 0.0025984164302092832 0.0035694565548559111 -0.014366821661411589 0.011114353187720286 0.0050674886812481102 0.0051627921765495556
leaf_weight=5.1938661783933631 87.613543555140495 3.978357419371604 158.32110567390919 4.0441370308399192 6.3629330992698661 4.7865397334098807 98.587790191173553 15.423165723681448 210.92934082448483 190.4144174605608 25.494426026940346 245.41808021068573 101.79448702931404 201.16359934210777 124.75103199481964 69.61346860229969 97.24264070391655 813.02817539870739 13.44807158410549 273.09866473078728 866.95186138153076 78.669687688350677 45.704877644777298 3.237369403243064 90.36958409845829 61.835217326879501 2.1679825037717819
leaf_count=18 302 20 495 17 23 21 198 32 546 487 93 538 201 497 238 156 205 2174 57 788 2221 224 125 15 159 144 6
internal_value=0.00464468 0.00422113 0.00534996 0.00351473 0.00173019 0.00765402 0.00874565 -0.000502079 0.00594212 0.00492132 0.00257284 0.00619299 0.00752502 0.00611628 0.0108017 0.00684816 0.00398097 0.00305931 0.00389507 0.00469335 0.00418961 -0.00108862 0.00870387 0.00759722 0.00817821 0.0086643 -0.0069332
internal_weight=3899.64 2437.35 1462.3 357.139 249.721 107.418 102.632 173.744 1105.16 672.256 236.424 435.832 432.903 302.958 129.945 75.9764 2275.76 992.759 826.476 1283 1140.05 166.283 142.948 161.589 155.442 152.205 6.14634
internal_count=10000 6440 3560 942 706 236 215 527 2618 1664 639 1025 954 698 256 179 6096 2757 2231 3339 3009 526 330 344 318 303 26
is_linear=0
shrinkage=0.01


Tree=109
num_leaves=26
num_cat=0
split_feature=39 49 45 25 40 40 65 36 0 51 55 26 8 40 50 17 22 19 49 48 52 24 49 2 38
split_gain=11.4943 17.2087 16.3184 14.9884 30.2503 13.9563 13.4985 19.1211 20.4329 18.0021 24.4456 23.7084 20.4471 19.3264 17.9983 17.1029 16.0613 11.012 16.4106 16.2289 16.0823 16.1311 13.2498 10.4371 6.50008
threshold=2.4510273933410649 -0.1937102526426315 2.5106227397918706 82249.500000000015 1.3288833498954775 -0.8372877538204192 1.989093065261841 1.4866737723350527 29356.500000000004 0.0043348753824830064 2.0333116054534917 0.051178522408008582 1.5281634926795962 1.0182720422744753 0.0062985129188746223 147.50000000000003 126265.38281250001 76764.183593750015 -0.91277694702148426 -0.96714040637016285 -0.035098437219858163 714.50000000000011 -1.1815841197967527 77245.500000000015 -1.2277699112892149
decision_type=2 2 2 2 2 2 2 2 2 2 2 2 2 2 2 2 2 2 2 2 2 2 2 2 2
left_child=6 17 3 4 -3 -5 9 8 -8 12 11 -11 14 -14 -1 -9 -12 18 22 -20 -19 -22 -2 -17 -10
right_child=1 2 -4 5 -6 -7 7 15 24 10 16 -13 13 -15 -16 23 -18 20 19 -21 21 -23 -24 -25 -26
leaf_value=0.0038537354144461385 5.812088762393777e-05 0.0036289061352504505 0.014494495375183068 -0.0017807062911378163 -0.008305548395173586 0.010502078904439358 0.0098151865520024698 -0.013820140416624268 0.0027924857838498591 0.010469183234653902 -0.014452241600392476 0.0052599452742659591 -0.014533590962026116 0.013482621198955144 0.0078178609538502846 -0.0062840967107628057 0.010633778388873425 -0.015954730832767133 -0.015785111315816489 0.0048879417440062132 0.013323102954816679 -0.0010037856708347327 0.012281732577724608 0.0082783370347702633 -0.013972534668267853
leaf_weight=2185.1395042389631 10.688329443335531 120.30239167809486 13.68096576631069 11.770826190710066 25.760476529598236 41.05312392115593 5.6172317564487484 4.7774109989404669 2.5629862844944062 97.040141806006432 9.7976098209619504 921.2413077801466 10.725705459713934 3.1611444652080527 121.44635799527168 5.6782630980014792 3.4052236676216117 2.1374761015176764 3.9016513228416434 118.78749622404575 67.554467186331749 8.7481043040752393 57.234767392277718 33.891537234187126 17.102639302611347
leaf_count=5832 30 316 18 35 99 76 14 24 8 189 46 2267 50 6 265 23 7 9 17 286 103 26 91 78 85
internal_value=0.00459401 0.00604594 0.00390978 0.00317665 0.00151723 0.00774616 0.00438935 1.69809e-05 -0.00690887 0.00447988 0.00558149 0.00575736 0.00398976 -0.00808409 0.00406289 0.00398804 -0.00790641 0.00772992 0.00641932 0.00422236 0.010902 0.0116674 0.010373 0.00616336 -0.0117367
internal_weight=3903.21 481.62 212.568 198.887 146.063 52.824 3421.59 69.6301 25.2829 3351.96 1031.48 1018.28 2320.47 13.8868 2306.59 44.3472 13.2028 269.052 190.612 122.689 78.44 76.3026 67.9231 39.5698 19.6656
internal_count=10000 1106 544 526 415 111 8894 232 107 8662 2509 2456 6153 56 6097 125 53 562 424 303 138 129 121 101 93
is_linear=0
shrinkage=0.01


Tree=110
num_leaves=29
num_cat=0
split_feature=39 49 27 46 31 65 28 24 27 36 45 0 37 10 55 50 57 31 54 55 38 19 49 48 52 24 49 54
split_gain=11.2855 16.8422 16.0278 33.9784 18.8992 13.193 18.8633 18.3672 17.6546 17.1236 28.1056 16.2755 15.871 19.0136 15.4997 14.5214 14.5069 13.6365 11.9701 10.8762 21.5967 10.7812 16.0766 15.9381 15.7649 15.7862 12.9681 10.765
threshold=2.4510273933410649 -0.1937102526426315 -109543.99999999999 -0.10387073084712027 1.2977344393730166 1.989093065261841 623.43750000000011 296.50000000000006 50888.000000000007 -1.2405637502670286 -0.75855937600135792 29356.500000000004 1.6164382100105288 -0.00017769000260159371 0.026675040833652023 0.01043217768892646 1.1994471549987795 -14.824661731719969 -0.4982601255178451 -0.6303010582923888 -1.2926651239395139 76764.183593750015 -0.91277694702148426 -0.96714040637016285 -0.035098437219858163 714.50000000000011 -1.1815841197967527 0.23973035067319873
decision_type=2 2 2 2 2 2 2 2 2 2 2 2 2 2 2 2 2 2 2 2 2 2 2 2 2 2 2 2
left_child=5 21 19 -4 -5 8 11 18 12 10 -10 -7 17 -14 -13 -11 -9 -1 -8 27 -21 22 26 -24 -23 -26 -2 -3
right_child=1 2 3 4 -6 6 7 16 9 15 -12 14 13 -15 -16 -17 -18 -19 -20 20 -22 24 23 -25 25 -27 -28 -29
leaf_value=-0.00119290018334661 5.7539028646637626e-05 0.016186865793236718 -0.014534560769949544 0.0055825901648851152 -0.0032063083353378163 0.0084969472539754964 0.0070704763942078096 -0.0013850606401196455 0.0099028499311785301 0.007089766796411128 -0.012125582865022846 0.007380164540343538 0.0032275406676121991 -0.0059521377101140827 -0.01398087225745674 -0.0023779311798419549 0.0134825486023907 0.0043742140115670637 -0.013990677658653247 -0.010250645835079271 0.010530742590321449 -0.015851750425274164 -0.015691629329870508 0.0048353134974714251 0.013178219992674609 -0.00099392352629347892 0.012150842743600183 0.0065910460941566718
leaf_weight=44.428005710244179 10.688427016139029 19.132782965898514 11.513269275426863 97.562621027231216 32.500222057104111 5.8979656249284771 4.1909171491861343 9.6405002623796481 10.624407514929773 414.20024673640728 12.692823767662047 4.0912305116653469 70.85583820939064 33.090757369995117 18.56980311870575 16.697265774011612 19.812956839799881 2752.5461342036724 7.3582634776830655 8.781718924641611 11.576491385698317 2.1298865228891364 3.8857260495424262 118.87912747263908 67.613892182707787 8.746567025780676 57.272597536444664 31.569873169064522
leaf_count=137 30 26 54 235 106 15 12 31 22 937 51 11 194 116 92 52 34 7153 37 35 22 9 17 286 103 26 91 66
internal_value=0.00454416 0.00598257 0.00386939 0.00191491 0.00337872 0.00434149 1.65001e-05 0.00437682 0.00443086 0.00626836 -0.00204552 -0.00620867 0.00414281 0.000295626 -0.0100802 0.00672057 0.00858223 0.00428543 -0.00626151 0.00774926 0.00151736 0.00764792 0.00635137 0.00417745 0.0107857 0.0115418 0.0102636 0.0102318
internal_weight=3906.55 481.853 212.637 141.576 130.063 3424.7 69.5616 41.0026 3355.14 454.215 23.3172 28.559 2900.92 103.947 22.661 430.898 29.4535 2796.97 11.5492 71.0609 20.3582 269.216 190.726 122.765 78.4903 76.3605 67.961 50.7027
internal_count=10000 1106 544 395 341 8894 232 114 8662 1062 73 118 7600 310 103 989 65 7290 49 149 57 562 424 303 138 129 121 92
is_linear=0
shrinkage=0.01


Tree=111
num_leaves=31
num_cat=0
split_feature=61 9 2 39 38 9 19 3 10 22 61 59 18 14 18 39 34 37 28 61 35 58 59 48 6 35 10 49 24 58
split_gain=11.2193 19.1203 16.8477 15.6109 15.4561 25.5087 27.8076 23.6021 37.6445 24.6266 22.4962 21.8408 19.4703 19.3577 18.9478 26.2262 17.8448 14.5349 14.4753 33.6447 25.177 24.6792 24.5193 19.988 17.0582 14.2899 13.0593 12.3002 12.155 4.93089
threshold=117.21471023559572 8482377.0000000019 128467.00000000001 -0.99398884177207936 0.82196417450904857 3492712.0000000005 87832.300781250015 -2897.9999999999995 -0.0011660349555313585 5578.1201171875009 114.60720443725587 0.70105105638504039 3504.0000000000005 64.225002288818374 52973.500000000007 -0.47045974433422083 1.3413276672363283 -0.70387446880340565 -57.937499999999993 135.39043426513675 -1.6065695881843565 -32887.999999999993 0.61053287982940685 -0.10331749543547629 -453222799.99999994 -1.8815937638282774 -0.00021709500288125125 1.1900070905685427 3082.5000000000005 19592.000000000004
decision_type=2 2 2 2 2 2 2 2 2 2 2 2 2 2 2 2 2 2 2 2 2 2 2 2 2 2 2 2 2 2
left_child=4 18 3 29 7 6 10 11 28 -10 -6 -1 -8 -13 15 -7 -16 25 19 23 24 -22 -21 -2 -20 -4 -19 -5 -9 -3
right_child=1 2 17 27 5 14 12 8 9 -11 -12 13 -14 -15 16 -17 -18 26 20 22 21 -23 -24 -25 -26 -27 -28 -29 -30 -31
leaf_value=0.016654024332175804 -0.0044521188402330712 -0.013813597887947494 0.0077347981503687012 0.011365594003963838 -0.001710859104140591 -0.016140127384163108 0.01759316850932692 -0.010212461652143996 0.010924626868848115 0.0062682182847911862 0.010912787549555093 0.0048855647641619657 0.0042951212032848176 -2.8223843193203509e-05 -0.015891024242023981 0.0097967624967409943 0.01427137877749963 0.010943945751773584 -0.00041400775594071945 0.012444696149561695 -0.00052826611002990565 0.0045174317063328704 0.0034150724669030435 0.0024817522340523112 0.0098241199411501466 -0.011962304581527267 -0.0043849114052400932 0.00077459927511119397 0.012205012676613496 0.0049931016324136004
leaf_weight=14.079948648810385 87.703085362911224 3.602412909269332 5.487353220582011 99.960197672247887 158.52228078246117 4.0379470139741889 13.465150430798529 15.666328668594362 167.72445544600487 358.79232962429523 15.488082587718962 451.8847047239542 62.726158663630486 96.97217670083046 6.2173444628715497 94.550402104854584 2.8356015086174011 19.45893228054047 18.495145246386528 31.350332245230675 106.54914799332619 1036.7002963423729 797.51894569396973 78.866284191608429 125.02636468410492 10.950744360685347 7.6703184545040122 12.546556234359739 2.8227200359106055 2.1759201884269714
leaf_count=21 302 18 12 171 495 17 18 59 320 834 32 1099 161 281 27 188 4 35 58 62 317 2692 2169 224 272 44 25 33 4 6
internal_value=0.0044949 0.00407815 0.00740612 0.00936659 0.00518912 0.00337551 0.00161917 0.00577398 0.00726006 0.00775344 -0.000581524 0.00433346 0.00665839 0.00401557 0.00744865 0.00872431 -0.00633297 0.00206052 0.00384169 0.00293337 0.00454359 0.00404631 0.00375781 -0.00116311 0.0084978 -0.0053262 0.00657312 0.0101934 -0.0067359 -0.00655859
internal_weight=3909.85 2444.06 161.852 118.285 1465.79 357.843 250.202 1107.94 545.006 526.517 174.01 562.937 76.1913 548.857 107.641 98.5883 9.05295 43.5673 2282.21 995.439 1286.77 1143.25 828.869 166.569 143.522 16.4381 27.1293 112.507 18.489 5.77833
internal_count=10000 6440 344 228 3560 942 706 2618 1217 1154 527 1401 179 1380 236 205 31 116 6096 2757 3339 3009 2231 526 330 56 60 204 63 24
is_linear=0
shrinkage=0.01


Tree=112
num_leaves=22
num_cat=0
split_feature=1 23 2 35 45 48 57 0 46 40 42 61 7 69 33 61 36 54 54 40 17
split_gain=11.1646 11.8618 20.5475 18.0421 17.7803 17.4485 15.4443 17.0731 14.1085 21.5227 39.4153 17.5916 16.116 17.509 13.8945 9.13227 17.8548 11.0207 10.1129 15.0265 4.30584
threshold=528355.00000000012 1303.5000000000002 135199.50000000003 -1.4822627305984495 0.82128477096557628 0.05585914850234986 1.5031476616859438 98175.000000000015 -1.0176488757133482 2.811020135879517 -0.00052356001106090833 117.21471023559572 2.2093255519866948 81.516559600830092 -0.75758251547813404 101.23583602905275 1.2861627936363222 -0.79887875914573658 0.11762553080916406 0.29339987039566046 1458.5000000000002
decision_type=2 2 2 2 2 2 2 2 2 2 2 2 2 2 2 2 2 2 2 2 2
left_child=1 8 3 4 -3 -5 7 -4 12 11 -11 -10 13 -1 -8 17 -17 -2 20 -20 -19
right_child=15 2 6 5 -6 -7 14 -9 9 10 -12 -13 -14 -15 -16 16 -18 18 19 -21 -22
leaf_value=0.0041895337264928958 -0.0054404451778478193 -0.010666391133463625 -0.015558284655872251 0.014676620468569648 0.0045329788024208433 0.0070850171832978264 -0.0021977604098590287 0.00082012386458169527 0.005042443937040079 0.0083258865675590911 -0.005100556479859927 0.0034607145821717506 0.019130796997508036 0.0091725877969692279 0.010025127797329733 -0.01446068473541131 0.010983319598917437 0.0078994513860326469 0.011806155918880104 -0.0013883470316878223 0.018585318924474549
leaf_weight=230.59639330208302 4.4462082684040061 9.9489904940128309 7.1220964640378943 34.459539711475372 33.813078358769417 269.37340316176414 12.751986309885977 59.230937719345093 1184.6962533444166 32.692590489983559 65.950398311018944 1749.7873456478119 9.2889873981475812 102.5320570319891 33.179638594388962 4.8991648554801923 6.3086435049772263 5.3031762987375286 27.121051698923111 12.472495600581167 17.185799285769463
leaf_count=587 16 40 31 51 88 599 40 171 2901 76 233 4732 13 216 62 23 11 11 43 39 17
internal_value=0.00444617 0.00436957 0.00588152 0.00708416 0.00105466 0.00794932 0.00214966 -0.000922805 0.00416329 0.00394513 -0.000640582 0.00409962 0.0060928 0.00572625 0.00660992 0.00821274 -4.95575e-05 0.00961969 0.0107144 0.00762445 0.0161099
internal_weight=3913.16 3835.42 459.88 347.595 43.7621 303.833 112.285 66.353 3375.54 3033.13 98.643 2934.48 342.417 333.128 45.9316 77.7365 11.2078 66.5287 62.0825 39.5935 22.489
internal_count=10000 9840 1082 778 128 650 304 202 8758 7942 309 7633 816 803 102 160 34 126 110 82 28
is_linear=0
shrinkage=0.01


Tree=113
num_leaves=29
num_cat=0
split_feature=39 49 45 27 46 9 37 33 72 62 22 21 60 67 65 2 27 28 28 51 51 40 0 3 40 54 9 37
split_gain=11.0303 16.4759 15.9211 14.1139 30.8436 15.0282 12.949 18.5709 27.2829 23.8183 21.6615 24.7732 19.7559 18.8828 14.5536 24.3895 18.5725 14.9127 23.8371 22.6628 11.9418 10.7139 26.7152 18.5422 16.9214 8.18506 14.8736 1.56589
threshold=2.4510273933410649 -0.1937102526426315 2.5106227397918706 -109543.99999999999 -0.10387073084712027 3933718.5000000005 -1.8370754718780515 -1.3330656886100767 -2189727.7499999995 9.117624759674074 139141.11718750003 -3638.4999999999995 -0.0034613243769854303 0.52688169479370128 -1.301158010959625 77245.500000000015 -71159.999999999985 58.125000000000007 267.68750000000006 0.02701447252184153 -0.018964955583214756 -1.7965942025184629 95484.500000000015 7747.0000000000009 -1.4209909439086912 -0.54542389512062062 2741154.0000000005 -1.51172399520874
decision_type=2 2 2 2 2 2 2 2 2 2 2 2 2 2 2 2 2 2 2 2 2 2 2 2 2 2 2 2
left_child=6 21 3 5 -5 -3 7 8 9 -1 11 -9 -12 -10 15 16 -8 19 -19 -16 -17 25 23 -23 -24 27 -27 -2
right_child=1 2 -4 4 -6 -7 14 10 13 -11 12 -13 -14 -15 17 20 -18 18 -20 -21 -22 22 24 -25 -26 26 -28 -29
leaf_value=0.0079775056586778286 0.020374630645700057 0.010214297649209248 0.014187817013713576 -0.014505022186932471 0.002624315428964978 -2.8524881195721548e-05 0.01447626457699412 -0.0065715617007338564 0.010158749103677962 -0.015257682851299808 0.0010574346156379704 0.0020402272301335979 0.013113995074347407 0 0.0037917019687328224 0.003186076243677706 -0.0063703264594087532 0.0069247771253605475 0.0041206355480292913 -0.0075311084829685435 0.01452063770982079 0.0042098074540901087 -0.0052553906751348842 -0.0078181024586270048 0.010061750358109234 -0.0074737525279913418 0.010778369443937121 0.013664532853644997
leaf_weight=7.7396439909935024 8.4568602144718188 43.486538246273994 13.676194727420805 11.482791051268576 123.23746074736118 21.070144757628441 5.9660687446594265 36.174524053931236 90.543317258358002 10.157564491033552 23.98578667640686 429.8897475451231 31.949405089020729 23.129137381911278 1365.5292171537876 12.010249882936476 15.041174724698065 476.91037960350513 841.92862722277641 17.850285053253174 45.095152541995049 61.091225668787956 7.5847652852535239 16.18240088224411 120.16090986132622 4.9197651892900458 42.687668710947037 8.4826624840497953
leaf_count=18 8 82 18 54 331 59 10 131 191 45 68 1210 60 68 3585 32 54 1111 2166 69 76 150 24 58 220 17 73 12
internal_value=0.00439804 0.00581917 0.00373075 0.00300807 0.00115688 0.00685573 0.00419806 0.00292711 0.00628846 -0.00515376 0.00207797 0.00136966 0.00796185 0.00809878 0.00449646 0.00876459 -0.00040228 0.00437271 0.00513541 0.00364488 0.0121543 0.00746527 0.00633518 0.00167802 0.00914448 0.0110393 0.00887119 0.0170735
internal_weight=3916.42 482.519 212.953 199.277 134.72 64.5567 3433.9 653.569 131.57 17.8972 521.999 466.064 55.9352 113.672 2780.33 78.1126 21.0072 2702.22 1318.84 1383.38 57.1054 269.566 205.019 77.2736 127.746 64.547 47.6074 16.9395
internal_count=10000 1106 544 526 385 141 8894 1791 322 63 1469 1341 128 259 7103 172 64 6931 3277 3654 108 562 452 208 244 110 90 20
is_linear=0
shrinkage=0.01


Tree=114
num_leaves=23
num_cat=0
split_feature=1 46 31 25 1 57 69 55 2 51 45 50 55 40 25 28 34 38 20 21 57 26
split_gain=10.9562 11.1406 16.7323 30.8129 21.4322 14.7878 13.7942 21.5267 18.0765 16.4437 44.1433 25.728 13.5759 7.88067 21.9223 19.4594 9.66339 6.24041 5.96403 9.97878 13.7081 2.01719
threshold=528355.00000000012 -1.0176488757133482 6.803706407546998 29.500000000000004 245506.00000000003 0.6139267385005952 94.65845108032228 -0.6303010582923888 25283.000000000004 0.0022384485928341751 -1.0132195353507993 -0.0088110771030187589 1.1195240020751955 0.065043885260820403 4102.0000000000009 -96.593749999999986 -1.3340028524398801 0.82196417450904857 86816.800781250015 -5067.4999999999991 1.8600268363952639 1.0127141475677492
decision_type=2 2 2 2 2 2 2 2 2 2 2 2 2 2 2 2 2 2 2 2 2 2
left_child=1 2 5 -4 -5 -1 9 -8 -9 10 -3 -11 -7 18 -15 16 -16 -17 21 -20 -21 -2
right_child=13 6 3 4 -6 12 7 8 -10 11 -12 -13 -14 14 15 17 -18 -19 19 20 -22 -23
leaf_value=0.018105063876274152 0.011015156691875246 -0.0046337330322202752 0.017984488966034544 -0.015671706280372576 0.013868944873946144 0.0053637930738883654 -0.015219679575875108 -0.0084141469769006844 0.0030964769172708473 -0.0040098210916304352 0.0039632336319275511 0.0053916087384529151 0.011709826451172706 -0.015419701267014845 0.0064097744896845768 0.0040389895219819037 -0.014742147198491887 0.015912204359912637 0.013419990224096361 -0.015499423023393768 0.0087360674611632848 0.018163296327998533
leaf_weight=10.806016728281973 7.707600191235545 61.458275064826012 5.3430945277214077 12.466426298022268 3.0235398560762397 274.25666645169258 7.4021953493356696 14.805182158946989 168.6735881716013 29.700888529419899 2001.3083679080009 1213.7742176651955 38.832302093505859 4.7193765044212332 3.9102737158536911 6.4503656327724483 4.7128936052322405 16.090652316808701 12.847835883498194 3.6077251434326154 6.606208324432373 11.076861813664435
leaf_count=15 13 207 7 54 5 666 33 60 473 95 5234 2919 72 21 9 16 22 21 19 16 12 11
internal_value=0.00435055 0.00427479 0.00599625 -0.00265655 -0.00984101 0.00655589 0.00410481 0.00148292 0.00216222 0.00425588 0.00370661 0.00516625 0.00615408 0.00808198 0.00459556 0.00765868 -0.0050346 0.0125589 0.0110477 0.00755417 7.7798e-05 0.0152835
internal_weight=3919.58 3841.85 344.728 20.8331 15.49 323.895 3497.12 190.881 183.479 3306.24 2062.77 1243.48 313.089 77.7298 35.8836 31.1642 8.62317 22.541 41.8462 23.0618 10.2139 18.7845
internal_count=10000 9840 819 66 59 753 9021 566 533 8455 5441 3014 738 160 89 68 31 37 71 47 28 24
is_linear=0
shrinkage=0.01


Tree=115
num_leaves=28
num_cat=0
split_feature=1 56 53 29 52 38 20 40 53 1 45 45 69 67 56 49 72 68 53 21 67 59 23 40 31 55 39
split_gain=10.8792 20.5035 21.4496 17.5983 16.8272 19.3519 18.6501 16.0814 22.7752 28.2239 36.6403 27.736 19.2681 18.2091 31.0502 33.0739 25.3215 21.472 28.2473 25.6964 15.1961 11.4331 24.5304 11.0441 10.4769 10.152 4.06428
threshold=226057.50000000003 -0.67287567257881153 -0.34045945107936854 23.899270057678226 0.02596528455615044 0.48426859080791479 15272.395019531252 -1.5049716234207151 0.37951920926570898 61452.000000000007 0.50749376416206371 2.1296991109848027 8.6462612152099627 -1.8137647509574888 -0.45207586884498591 0.21192154288291934 -1252880.1874999998 68.43418121337892 -0.53268894553184498 -96.499999999999986 3.6060472726821904 0.93375542759895336 66.500000000000014 -1.902381360530853 5.1718027591705331 1.4085281491279604 0.57956096529960643
decision_type=2 2 2 2 2 2 2 2 2 2 2 2 2 2 2 2 2 2 2 2 2 2 2 2 2 2 2
left_child=7 2 26 4 6 -6 -3 8 9 10 -1 20 -11 14 16 -16 -9 19 -19 -15 -10 22 -5 -4 -25 -23 -2
right_child=1 3 23 21 5 -7 -8 13 11 12 -12 -13 -14 17 15 -17 -18 18 -20 -21 -22 25 -24 24 -26 -27 -28
leaf_value=-0.0016649375444158269 0.018036303498303621 -0.0056226157083180692 0.0091015924897323124 0.013142122454983743 -0.015364050915498993 0.0021909245916820063 0.0070074170683829453 0.0012962673906857997 0.0099421653471154833 0.013334867650675594 0.0082319666731400405 -0.016054007702179306 0.005343328331581204 0.0038320434860435759 0.0051972927226333109 0.00062918643600814474 -0.0069820187629606812 -0.0029751067985844914 0.0035772486331629317 0.0065815799974484855 -0.0005098571135145818 0.010651298376934163 -0.016047370098456415 -0.015612459009013762 0.00094836478507345627 -0.00035106152224241262 0.0047426031108165874
leaf_weight=124.77041068673134 3.9612048417329806 12.452686771750448 3.2803211361169842 6.2033130377531034 7.3451916575431815 43.171964749693871 172.53521186113358 126.60727639496326 169.85985034704208 36.140396311879158 53.371139258146286 4.465171590447425 190.50195850431919 779.25717559456825 442.94066832959652 247.63515356183052 52.112075597047806 74.014044046401978 581.81462232768536 607.06757506728172 14.953545928001402 129.91296263039112 5.3696350157260895 12.772039979696276 5.2922332286834708 8.7775721400976163 6.1728713065385818
leaf_count=383 5 41 6 11 33 118 375 364 345 66 120 19 460 2015 1113 723 185 235 1526 1435 46 240 23 56 15 27 15
internal_value=0.00430354 0.00583576 -0.00189992 0.00646958 0.00475465 -0.000341773 0.00615181 0.00412088 0.00562386 0.00427995 0.00129456 0.0084926 0.00662207 0.00381387 0.00259885 0.00356065 -0.00111197 0.00433058 0.00283625 0.00503678 0.00909106 0.0091507 -0.000314857 -0.00761447 -0.0107053 0.00994776 0.0100375
internal_weight=3922.76 417.247 31.4787 385.769 235.505 50.5172 184.988 3505.51 594.062 404.784 178.142 189.279 226.642 2911.45 869.295 690.576 178.719 2042.15 655.829 1386.32 184.813 150.263 11.5729 21.3446 18.0643 138.691 10.1341
internal_count=10000 965 97 868 567 151 416 9035 1439 1029 503 410 526 7596 2385 1836 549 5211 1761 3450 391 301 34 77 71 267 20
is_linear=0
shrinkage=0.01


Tree=116
num_leaves=22
num_cat=0
split_feature=59 0 59 28 28 55 26 37 57 56 68 67 34 49 33 72 33 10 19 38 58
split_gain=10.7886 15.1137 16.1365 24.7638 22.561 17.9658 26.9969 12.3888 11.8511 21.6336 19.9689 29.9552 36.8253 29.3706 18.9623 18.8748 28.1735 27.8044 16.5603 15.8287 10.4347
threshold=1.5933268070220949 19813.000000000004 1.6532541513442995 239.25000000000003 116.06250000000001 0.64526459574699413 0.10121434181928636 1.9252262115478518 1.0949720740318301 9.1635432243347186 32.262578964233406 -2.1942590475082393 0.6735961139202119 1.9125389456748965 -0.85511061549186695 -1206405.8749999998 -0.99156033992767323 -0.00083551500574685622 534538.34375000012 -2.1720215082168575 26664.000000000004
decision_type=2 2 2 2 2 2 2 2 2 2 2 2 2 2 2 2 2 2 2 2 2
left_child=8 -2 5 4 -4 20 -7 -5 9 15 11 12 -10 19 -13 16 -1 -17 -15 -12 -3
right_child=1 2 3 7 -6 6 -8 -9 10 -11 13 14 -14 18 -16 17 -18 -19 -20 -21 -22
leaf_value=0.0077898119177089251 -0.015253535872707903 0.013753088205704407 0.0037494333322190881 0.0091486699033941198 -0.0086066880915928352 0.012231183338643236 -0.015838479504897453 -0.0025240837498693432 0.0039217603633291513 -0.014838062549263117 0.0086613673104446471 -0.013268901598364653 -0.0068333442554320669 0.012425387204134872 -0.0013681537341405333 0.0086258980995898502 0.0044580186800988594 0.0024168130237764368 0.002171116781916043 0.0033344611132099917 0.0030968471628153183
leaf_weight=344.86635403335094 3.3691217005252829 57.230934917926788 191.90576760470867 125.40673822164536 15.967084512114523 7.5615678727626783 6.2617325186729431 9.6615927815437299 297.4381514787674 5.6910494416952124 59.413567438721657 17.898261234164238 35.591742545366287 62.132922291755676 54.117982596158981 83.1337631046772 974.99465020000935 554.0823322981596 21.43258872628212 986.46772535145283 11.248257562518118
leaf_count=793 15 88 473 237 56 12 27 30 774 26 129 73 126 111 166 186 2484 1520 56 2590 28
internal_value=0.00425711 0.00576018 0.00592902 0.00496888 0.00279553 0.00991764 -0.00041158 0.0083063 0.00407262 0.00458881 0.00341171 0.00150289 0.00276933 0.00409537 -0.00433974 0.00464581 0.00532934 0.00322844 0.00980737 0.00363802 0.0120173
internal_weight=3925.87 428.613 425.244 342.941 207.873 82.3025 13.8233 135.068 3497.26 1962.77 1534.49 405.046 333.03 1129.45 72.0162 1957.08 1319.86 637.216 83.5655 1045.88 68.4792
internal_count=10000 966 951 796 529 155 39 267 9034 5009 4025 1139 900 2886 239 4983 3277 1706 167 2719 116
is_linear=0
shrinkage=0.01


Tree=117
num_leaves=27
num_cat=0
split_feature=1 68 38 22 57 2 45 38 60 49 58 21 49 17 28 29 28 69 68 39 18 3 34 56 37 56
split_gain=10.7315 10.429 25.0847 26.2045 35.3459 23.1595 20.7549 30.0999 21.432 19.4805 26.6514 20.6425 19.1066 18.8803 15.5777 14.4152 6.99403 16.4267 10.0981 8.79771 8.00067 12.4875 12.6201 7.2176 4.37383 4.14591
threshold=528355.00000000012 33.223974227905281 -0.78462156653404225 36135.695312500007 1.4369059801101687 55451.000000000007 -1.0132195353507993 -2.0810058116912837 -0.017489163205027577 1.9125389456748965 7088.0000000000009 12687.000000000002 -1.0690103769302366 17975.500000000004 -894.84374999999989 36.900444030761726 165.00000000000003 75.062755584716811 16.634477615356449 4.0995099544525155 10151.000000000002 3347.5000000000005 0.76815447211265575 1.9211308360099795 2.377282023429871 1.6522792577743532
decision_type=2 2 2 2 2 2 2 2 2 2 2 2 2 2 2 2 2 2 2 2 2 2 2 2 2 2
left_child=1 2 6 5 -5 -4 7 -1 -8 12 11 -11 14 -12 -3 -14 17 18 19 -2 21 -18 -23 -20 -19 -22
right_child=16 9 3 4 -6 -7 8 -9 -10 10 13 -13 15 -15 -16 -17 20 24 23 -21 25 22 -24 -25 -26 -27
leaf_value=0.0077200973687698632 -0.015359244762826707 -0.0024391097911480204 -0.0015276288649285097 -0.0075650137638258643 0.011624243723774826 0.0059175874301179597 -0.0054300157966836494 -0.0091140903874719157 0.0048385266603352293 0.0022846844219558508 0.015665388854856199 0.017045983170517188 0.0035198517138709086 0.0066252487551037732 0.007415290094531438 0.0053932680204580212 0.015316286107112449 -0.014504711740697403 0.015922419008066496 0.0079337112037637467 0.018555979676187349 0.011773630501012003 -0.014999316385641845 0.0059192603503723153 0.0018127994435460436 0.0086283136826273976
leaf_weight=17.464503988623619 3.1603870391845694 16.993016824126244 74.860613718628883 61.475489035248756 11.340215519070624 94.067944943904877 20.832857459783554 26.99291880428791 710.53709018230438 88.120258703827858 48.896460339426994 10.659474357962607 1844.4684720188379 44.803240761160851 247.62907811999321 532.10867753624916 6.5645292550325376 4.5968485027551642 13.223858162760736 3.27730792760849 13.645565748214723 3.006138488650322 4.1891524493694305 16.903268486261368 2.3989078849554062 6.7518944442272177
leaf_count=40 14 53 234 223 21 228 69 101 1791 233 75 14 4804 100 554 1300 8 22 16 6 14 5 19 36 7 13
internal_value=0.00421121 0.00413642 0.00326434 0.000446979 -0.00456277 0.00261232 0.00414092 -0.00247851 0.00454466 0.00444923 0.00752726 0.00388772 0.00422454 0.0113534 0.0067787 0.00393972 0.00790437 0.00520525 0.00790571 -0.00334591 0.0113173 0.00531278 -0.0036748 0.0103432 -0.00876635 0.0153188
internal_weight=3928.97 3851.25 1017.57 241.744 72.8157 168.929 775.827 44.4574 731.37 2833.68 192.479 98.7797 2641.2 93.6997 264.622 2376.58 77.7179 43.5606 36.5648 6.43769 34.1573 13.7598 7.19529 30.1271 6.99576 20.3975
internal_count=10000 9840 2707 706 244 462 2001 141 1860 7133 422 247 6711 175 607 6104 160 101 72 20 59 32 24 52 29 27
is_linear=0
shrinkage=0.01


Tree=118
num_leaves=26
num_cat=0
split_feature=9 38 40 46 0 46 38 10 48 49 10 26 46 7 57 61 53 26 48 55 53 55 54 0 68
split_gain=10.6805 23.465 21.9054 31.7617 28.6553 23.1478 21.8826 18.8189 22.2865 29.4013 21.0673 18.1421 18.1338 30.1191 20.434 17.3469 17.2086 16.9876 22.9625 18.2952 15.6072 14.475 7.59274 6.03312 4.85863
threshold=3492712.0000000005 2.8406968116760258 2.1180012226104741 -0.55879628658294667 71806.500000000015 -0.91418144106864918 1.8951507210731509 -0.00043729000026360149 -0.65131762623786915 0.46673278510570532 -0.00095689500449225296 0.62964275479316723 -1.1273429989814756 2.0216586589813237 0.93363913893699657 174.2984313964844 0.14668617397546771 0.24664279818534854 2.038099050521851 2.0333116054534917 1.0000000180025095e-35 -0.15549847483634946 -1.0576315522193906 116952.50000000001 54.605535507202156
decision_type=2 2 2 2 2 2 2 2 2 2 2 2 2 2 2 2 2 2 2 2 2 2 2 2 2
left_child=1 2 17 5 -5 -4 11 10 15 -10 -8 12 14 -14 -2 -9 20 18 -1 -19 23 -12 -13 -3 -24
right_child=6 16 3 4 -6 -7 7 8 9 -11 21 22 13 -15 -16 -17 -18 19 -20 -21 -22 -23 24 -25 -26
leaf_value=0.0029798712413372504 0.013525486273408749 -0.01436251726374526 -0.0033203562678508622 0.0018202493334255685 -0.0087236909084332324 0.0087553074797438284 -0.0073390924119097938 0.014665099513469629 -0.0062731016153161328 0.0074336440863226388 0.00024171110552626159 -0.0024216388925317085 0.0040414471579213532 -0.011704349992925614 0.0042275637728767792 -0.00092281826961353782 -0.014404983346359262 0.0052303471735643363 0.008852396562625436 -0.014507570457890371 0.013689996011051886 0.015161176264481975 0.0087912032334680097 0.0049148348724934498 0.017112284711803673
leaf_weight=1124.0182079225779 43.129196107387543 4.8531663566827792 22.044984549283981 54.595876947045326 48.623731896281242 55.786267727613449 5.1462390422821036 31.72592405974865 26.801295891404152 37.504985213279724 7.4456526041030875 3.2998296767473212 1270.7856578826904 12.233490258455275 53.257130011916161 9.0592989921569806 12.157449871301649 935.42166092991829 70.994800329208374 4.6931645870208731 6.181839644908905 60.063672572374344 13.711718276143076 2.3434390276670456 16.081608533859253
leaf_count=3026 74 23 72 155 189 123 18 49 91 80 20 10 3215 51 133 27 58 2259 150 22 11 90 26 7 21
internal_value=0.00416592 0.0037345 0.00383987 0.000493941 -0.003137 0.00532214 0.00480058 0.00811401 0.00539126 0.00170545 0.0120385 0.00438292 0.00420625 0.00389053 0.0083984 0.0111782 -0.00578341 0.00412312 0.00332959 0.00513075 0.00197656 0.0135305 0.0117168 -0.00794626 0.0133163
internal_weight=3931.96 2341.71 2316.18 181.051 103.22 77.8313 1590.25 177.747 105.092 64.3063 72.6556 1412.5 1379.41 1283.02 96.3863 40.7852 25.5359 2135.13 1195.01 940.115 13.3784 67.5093 33.0932 7.19661 29.7933
internal_count=10000 6095 5996 539 344 195 3905 375 247 171 128 3530 3473 3266 207 76 99 5457 3176 2281 41 110 57 30 47
is_linear=0
shrinkage=0.01


Tree=119
num_leaves=28
num_cat=0
split_feature=39 49 67 27 26 33 56 56 37 40 55 61 68 58 10 65 58 58 28 28 47 46 45 29 59 56 61
split_gain=10.6609 16.2156 14.7828 15.7188 17.4714 14.2828 16.5566 13.2747 12.6032 17.9101 24.7432 19.2835 18.9329 28.1333 19.4886 14.3277 23.5114 44.3461 14.5811 23.1706 22.0046 13.4229 11.3691 10.5565 7.32504 9.71868 4.90504
threshold=2.4510273933410649 -0.79283851385116566 3.7945874929428105 -20391.999999999996 0.25907148420810705 -0.88798782229423512 2.9769973754882817 -0.18950405716896054 -1.8370754718780515 1.9885518550872805 0.64526459574699413 74.683212280273452 21.796365737915043 -29679.999999999996 0.0013659149990417065 -1.301158010959625 -13143.999999999998 13112.000000000002 58.125000000000007 267.68750000000006 0.45106196403503424 -0.10387073084712027 2.5106227397918706 9.1416139602661151 1.7193740010261538 0.28243839740753179 89.921401977539077
decision_type=2 2 2 2 2 2 2 2 2 2 2 2 2 2 2 2 2 2 2 2 2 2 2 2 2 2 2
left_child=8 5 22 -4 -5 6 7 -2 9 12 11 -11 13 -1 -14 16 21 -18 20 -20 -17 -10 23 -3 26 -26 -7
right_child=1 2 3 4 -6 24 -8 -9 15 10 -12 -13 14 -15 -16 18 17 -19 19 -21 -22 -23 -24 -25 25 -27 -28
leaf_value=0.012162142125790433 0.0074814656595385857 0.01095194064163133 0.01225784468445747 0.00068831625548934096 -0.014548899808426915 0.0060443158642528808 0.010061934737500309 -0.015945908932549741 0.017032058262929257 0.00839165434177906 0.016048417323002977 -0.0093799261501203348 0.0023718674493848186 0.0029751784214987458 -0.016225678684167223 0.0024576770375290859 -0.012241195371932112 0.010705225094381186 0.0066080582460433523 0.0038504924730230791 0.0051027975498495427 0.0040638416601646004 0.014290147495502946 0.0042933911484795721 -0.0067156856441497248 0.0089926486766445466 0.014263002728142751
leaf_weight=52.255124941468239 3.7141241878271103 26.21940204501152 7.5377668589353553 26.616295665502548 10.43141485750675 9.1733081489801389 11.010022535920141 6.71297535300255 30.534863442182541 7.431646615266799 5.7491279840469351 33.040829345583916 459.53584370017052 93.197447016835213 5.6919196844100943 906.60820582509041 12.989039629697798 23.874626725912094 479.42517752945423 845.79984936118126 483.81938774883747 11.104444950819014 13.43443478643894 287.63275501132011 4.4376664757728568 30.991014823317528 45.840351834893227
leaf_count=99 8 44 12 77 49 19 19 29 45 16 9 134 1256 253 24 2460 52 47 1111 2166 1194 28 17 700 15 55 62
internal_value=0.00412126 0.00551665 0.00450694 -0.00087581 -0.00357499 0.00886384 0.00147057 -0.00750519 0.00392538 0.00267486 -0.00331646 -0.00609196 0.00312998 0.00628255 0.00214218 0.00421901 0.00844274 0.00259285 0.00409655 0.00484885 0.0033788 0.0135977 0.00524327 0.00485284 0.0106052 0.00699685 0.0129107
internal_weight=3934.81 483.752 371.872 44.5855 37.0477 111.879 21.4371 10.4271 3451.06 656.902 46.2216 40.4725 610.68 145.453 465.228 2794.16 78.503 36.8637 2715.65 1325.23 1390.43 41.6393 327.287 313.852 90.4423 35.4287 55.0137
internal_count=10000 1106 899 138 126 207 56 37 8894 1791 159 150 1632 352 1280 7103 172 99 6931 3277 3654 73 761 744 151 70 81
is_linear=0
shrinkage=0.01


Tree=120
num_leaves=31
num_cat=0
split_feature=61 38 19 39 3 10 22 69 56 14 51 1 72 18 23 50 57 10 58 40 69 19 55 50 3 56 55 60 18 62
split_gain=10.5589 15.0829 24.4321 27.2984 23.0542 36.4833 23.7692 21.0862 24.1497 20.0066 29.753 22.312 18.5259 18.2384 14.5709 21.2667 18.1709 17.3313 34.815 17.144 16.9379 32.1409 18.9957 35.7791 31.1162 17.802 15.0491 13.9991 12.1968 11.8557
threshold=117.21471023559572 0.82196417450904857 87832.300781250015 -0.47045974433422083 -2897.9999999999995 -0.0011660349555313585 5578.1201171875009 66.477081298828139 0.85123363137245189 64.225002288818374 -0.026293114759027954 21305.500000000004 -2157703.1249999995 3504.0000000000005 1209.5000000000002 -0.0032797537278383966 1.3358714580535891 -0.00095689500449225296 10456.000000000002 0.68119964003562938 94.65845108032228 22260.595703125004 0.21805267035961154 -0.0041655511595308772 -7569.4999999999991 -1.0196924209594724 0.47439935803413397 -0.00088942854199558486 46581.500000000007 27.185227394104007
decision_type=2 2 2 2 2 2 2 2 2 2 2 2 2 2 2 2 2 2 2 2 2 2 2 2 2 2 2 2 2 2
left_child=1 4 7 -4 9 29 -7 8 -3 11 -11 -1 -9 -5 20 16 19 18 -17 -16 22 26 24 -24 -2 -23 -22 -19 -18 -6
right_child=14 2 3 13 5 6 -8 12 -10 10 -12 -13 -14 -15 15 17 28 27 -20 -21 21 25 23 -25 -26 -27 -28 -29 -30 -31
leaf_value=-0.011156483878621283 0.0049145259605232619 -0.012386394902794626 -0.01649220262834656 0.017335923978423477 -0.012870300443976801 0.010376310180835045 0.0058170734921315073 0.012403024774028978 0.0018764813209544578 0.011449098193403118 -0.0027536029681453559 0.0050721382607281078 0.0014706886934990622 0.0058245245043159581 -0.015635059745921793 -0.013115745110430829 0.012639942655483212 0.0039372168995358107 0.0080607734517226595 0.0017591554722383624 0.011461603237724684 0.010872958900192199 -0.0015968872724548178 0.0055977074493064761 0.0015521822479022365 -0.0058544665049604415 -0.0026506940999883374 0.0080830571978063679 -0.0039084788611027758 0.0037844208836634668
leaf_weight=8.5936437547206861 430.53807908296585 22.812076270580292 5.0100611597299567 15.81205829977989 12.035689219832422 168.8539083302021 361.04529394209385 17.197865098714828 24.53999075293541 18.022107973694801 81.185984760522842 458.55855901539326 161.52862218022346 113.11683268845081 12.122697606682779 13.628128260374071 10.862491056323053 125.298055306077 18.015554115176201 10.464596986770628 25.304268002510071 6.9912641495466223 77.240490600466728 641.15147562325001 766.7807559967041 67.116239756345749 10.625790446996687 239.16326169669628 7.4262764006853095 6.5073597580194464
leaf_count=32 1096 88 21 20 47 320 834 30 65 34 250 1085 455 263 53 54 19 314 37 30 51 15 238 1564 2157 243 35 510 24 16
internal_value=0.00407723 0.00474872 0.0029629 0.00634872 0.00532454 0.00678837 0.00727177 0.00095256 -0.00497361 0.00390525 -0.000163465 0.00477146 0.00252824 0.00724406 0.00367469 0.0053346 -0.00151322 0.00604378 -0.00102781 -0.00753212 0.00331614 -0.000491217 0.00353535 0.00482276 0.00276207 -0.00426292 0.00726027 0.0066605 0.00586567 -0.00697169
internal_weight=3937.55 1474.82 360.018 133.939 1114.8 548.442 529.899 226.079 47.3521 566.36 99.2081 467.152 178.726 128.929 2462.73 436.981 40.8761 396.105 31.6437 22.5873 2025.75 110.038 1915.71 718.392 1197.32 74.1075 35.9301 364.461 18.2888 18.543
internal_count=10000 3560 942 304 2618 1217 1154 638 153 1401 284 1117 485 283 6440 1041 126 915 91 83 5399 344 5055 1802 3253 258 86 824 43 63
is_linear=0
shrinkage=0.01


Tree=121
num_leaves=21
num_cat=0
split_feature=9 34 59 51 56 65 22 19 58 50 17 54 21 58 67 65 50 51 21 54
split_gain=10.4083 14.3961 20.9642 12.9502 13.7591 12.9355 11.2453 15.9187 17.4343 15.8036 15.6066 17.6052 13.7658 14.771 13.6631 11.1915 10.5247 6.3264 4.6227 3.56203
threshold=8482377.0000000019 1.2901682853698733 0.74770158529281627 0.011650498956441881 1.9211308360099795 0.97275906801223766 253673.23437500003 1100104.6250000002 63152.000000000007 0.00044193038775119936 98079.500000000015 1.5526572465896609 -30972.999999999996 -91655.999999999985 -4.2786178588867179 1.104040324687958 0.0052304333075881013 -0.0032154404325410719 -3638.4999999999995 -1.1633153557777403
decision_type=2 2 2 2 2 2 2 2 2 2 2 2 2 2 2 2 2 2 2 2
left_child=6 2 -2 5 -5 -4 10 8 9 -8 12 14 -1 -14 -12 -10 -9 -13 19 -3
right_child=1 18 3 4 -6 -7 7 16 15 -11 11 17 13 -15 -16 -17 -18 -19 -20 -21
leaf_value=-0.015420920830922859 -0.013781468470037092 0.018434674941518351 0.0053844716007616332 0.0037142932498306774 -0.015889265937359173 0.013215488112344779 -0.00070221126514071223 -0.01602408377824556 0.014086130007678041 0.0072667288543614887 0.0059629753778547914 0.013019859904373448 0.0073863910510856981 0.0037477820900943637 -0.015423440302704055 0.0020644615646799118 0.0053182867365460145 -0.0034592255925583295 0.016106889363159765 0.0041791040604648548
leaf_weight=3.6831902563571921 5.6133607476949683 2.3567030429840115 122.90830166637897 10.938686802983286 5.2919371575117102 25.784783065319061 34.991491615772247 5.1074651926755887 42.596596419811249 84.339417561888695 3.8556959927082106 6.0326463580131531 115.96045158803463 3415.1493161916733 12.417081907391548 9.7108820080757123 4.1261916309595108 3.6652852147817594 17.623193234205246 8.1082699745893461
leaf_count=16 28 2 278 27 23 37 102 22 66 185 9 10 249 8806 55 26 10 12 19 18
internal_value=0.00403367 0.00627274 0.00517036 0.00582148 -0.00261577 0.00674917 0.00391454 0.00635516 0.00704603 0.00492161 0.00379028 -0.00391432 0.00384717 0.00386756 -0.0102947 0.0118734 -0.00637864 0.00668856 0.0129302 0.007485
internal_weight=3940.26 198.625 170.537 164.924 16.2306 148.693 3741.64 180.872 171.638 119.331 3560.76 25.9707 3534.79 3531.11 16.2728 52.3075 9.23366 9.69793 28.0882 10.465
internal_count=10000 432 393 365 50 315 9568 411 379 287 9157 86 9071 9055 64 92 32 22 39 20
is_linear=0
shrinkage=0.01


Tree=122
num_leaves=22
num_cat=0
split_feature=1 46 31 25 1 61 51 50 68 1 1 58 45 35 24 61 28 54 54 46 17
split_gain=10.4495 10.4775 16.1855 29.9922 20.8592 14.4949 16.8653 14.6287 13.5401 32.2988 38.0959 27.4125 24.8406 42.8142 23.1657 8.73357 15.4973 10.296 9.87167 11.7371 4.09327
threshold=528355.00000000012 -1.0176488757133482 6.803706407546998 29.500000000000004 245506.00000000003 89.921401977539077 0.019208547659218315 -0.0069443341344594947 68.43418121337892 36047.500000000007 28823.000000000004 -26831.999999999996 -0.9310936927795409 -0.34889297187328333 23.500000000000004 101.23583602905275 560.84375000000011 -0.79887875914573658 0.11762553080916406 0.39735317230224615 1458.5000000000002
decision_type=2 2 2 2 2 2 2 2 2 2 2 2 2 2 2 2 2 2 2 2 2
left_child=1 2 5 -4 -5 6 -1 -7 12 10 -10 -11 13 -3 -14 17 -17 -2 20 -20 -19
right_child=15 8 3 4 -6 7 -8 -9 9 11 -12 -13 14 -15 -16 16 -18 18 19 -21 -22
leaf_value=-0.0036368217051425495 -0.0055716087590423789 -0.0038864070328985178 0.017370634684578178 -0.015745245403973679 0.01329869610126615 0.014756285160549075 0.012126452031362582 0.0062299377755290998 0.0013901248615819785 -0.00056768417792945106 -0.010839403005077065 0.0044855328302631772 0.0072985591776419815 0.006763527240836893 0.0040211007151136399 -0.014435000321739239 0.009395880094265445 0.0073939067664139111 0.0095962887395286359 -0.0044297235579007456 0.01782009231516796
leaf_weight=27.778525874018669 4.430157244205474 97.145348429679871 5.3810844421386745 12.505082726478575 3.0454476326704016 21.982800304889679 8.9792193621397001 267.18312378227711 90.504707708954811 133.77756324410439 35.39550693333149 536.57187578082085 238.69392850995064 61.725781470537186 2324.5966473519802 4.6740497350692731 6.547071173787117 5.2990537881851223 32.41500785946846 7.2048135846853247 17.15451355278492
leaf_count=85 16 314 7 54 5 35 15 618 256 387 136 1346 531 142 5909 22 12 11 59 23 17
internal_value=0.00399056 0.00391703 0.00558117 -0.00291054 -0.00999291 0.00612959 0.000186642 0.00688158 0.00375269 0.00260222 -0.00204013 0.0034756 0.00408884 0.000245089 0.00432669 0.00763447 -0.000441526 0.00901217 0.0100691 0.00702044 0.015404
internal_weight=3942.99 3865.27 346.855 20.9316 15.5505 325.924 36.7577 289.166 3518.41 796.25 125.9 670.349 2722.16 158.871 2563.29 77.7247 11.2211 66.5035 62.0734 39.6198 22.4536
internal_count=10000 9840 819 66 59 753 100 653 9021 2125 392 1733 6896 456 6440 160 34 126 110 82 28
is_linear=0
shrinkage=0.01


Tree=123
num_leaves=30
num_cat=0
split_feature=23 2 59 58 53 38 37 38 40 48 57 8 67 2 34 1 22 18 65 45 53 0 17 0 40 54 46 61 57
split_gain=10.3837 18.9556 16.6813 16.2501 15.9983 15.6984 20.7673 14.4994 14.3348 14.3107 18.296 17.5557 19.7034 16.2261 14.1475 22.5944 17.2094 16.7236 13.667 25.344 17.8008 12.4071 11.6102 14.0699 10.3623 8.925 8.43908 5.7565 4.53007
threshold=1303.5000000000002 135199.50000000003 1.3802675008773806 -91655.999999999985 -1.4809319376945493 2.8406968116760258 2.377282023429871 1.5163550376892092 -2.2997447252273555 0.1712586507201195 0.77807703614234935 1.3973450064659121 3.0105947256088261 31522.500000000004 -0.23373466730117795 98047.000000000015 139141.11718750003 2146.5000000000005 1.989093065261841 -0.052027331665158265 0.48512905836105352 58880.500000000007 98079.500000000015 181500.00000000003 -0.75291457772254933 -0.74617168307304371 1.2094430923461916 243.30318450927737 1.3358714580535891
decision_type=2 2 2 2 2 2 2 2 2 2 2 2 2 2 2 2 2 2 2 2 2 2 2 2 2 2 2 2 2
left_child=3 9 4 14 26 18 8 -6 -7 10 -2 13 -13 -11 16 28 17 -1 20 -20 -5 -17 24 -24 -4 -12 -3 -8 -16
right_child=1 2 22 5 7 6 27 -9 -10 11 25 12 -14 -15 15 21 -18 -19 19 -21 -22 -23 23 -25 -26 -27 -28 -29 -30
leaf_value=-0.0054447257321661316 -0.015517890782353721 0.018923851441210299 0 0.0033430014448524105 -0.0068560798128717848 0.0093626846237967708 0.0025527179255942396 0.004811997568979696 -0.012201887347054817 0.013297181462977875 0.0026531080963701137 -0.015069214143056228 0.015882858686096842 0.0054119251949505034 -0.015946999284906754 -0.00029877389799626102 -0.015155976568329753 0.0079709882707738322 0.0027778056308814529 -0.011828398258225282 0.0050233559840230447 0.015188218870964986 -0.015697937889414437 0.0050901916342013347 0.01157258424775004 0.015274015006396363 0.00077213159578856097 0.017048393621896106 0.0018207827296797784
leaf_weight=11.205436006188391 2.2942487001419059 5.132118880748747 10.489840343594549 2392.8583932816982 39.76951690018177 3.6191665679216412 9.5561783611774427 14.442911073565481 19.189273744821548 29.191879004240036 6.8682356476783744 7.8049888014793378 2.7659079134464264 265.05582424998283 3.0742817521095267 5.7355473488569251 4.2444486916065207 52.344211235642433 46.767372101545334 15.909130826592444 860.89509004354477 43.070339381694794 4.8250335156917563 9.9382742047309858 30.752722591161728 36.07170395553112 5.3533459901809692 3.9698485881090155 2.5212345570325851
leaf_count=35 10 6 29 6217 142 8 26 34 86 49 17 35 4 613 13 17 19 108 137 71 2090 61 21 23 52 50 15 5 7
internal_value=0.00394792 0.00534672 0.00191772 0.00375813 -0.00152881 0.00362699 -0.00289495 -0.0037291 -0.00873625 0.00652624 0.0117959 0.00574095 -0.00687591 0.00619761 0.00734813 0.011158 0.00427612 0.00558972 0.00369875 -0.000913721 0.00378791 0.0133477 0.00591701 -0.00163618 0.00864502 0.0132786 0.00975188 0.00688109 -0.00776246
internal_weight=3945.72 470.757 120.704 3474.96 64.6979 3352.76 36.3345 54.2124 22.8084 350.053 45.2342 304.819 10.5709 294.248 122.195 54.4014 67.7941 63.5496 3316.43 62.6765 3253.75 48.8059 56.0059 14.7633 41.2426 42.9399 10.4855 13.526 5.59552
internal_count=10000 1100 322 8900 197 8640 125 176 94 778 77 701 39 662 260 98 162 143 8515 208 8307 78 125 44 81 67 21 31 20
is_linear=0
shrinkage=0.01


Tree=124
num_leaves=28
num_cat=0
split_feature=1 56 9 29 52 1 20 40 53 1 45 45 69 67 56 31 72 68 53 21 67 59 23 69 61 17 56
split_gain=10.3397 19.868 28.9649 17.0246 16.2682 18.6979 18.0965 15.4394 22.1017 27.1433 35.3374 26.9519 18.6043 17.5744 29.9635 30.9929 24.478 20.5908 27.3112 24.642 14.6067 10.9978 23.8257 9.96108 9.27828 12.9957 6.61067
threshold=226057.50000000003 -0.67287567257881153 4226577.5000000009 23.899270057678226 0.02596528455615044 391919.50000000006 15272.395019531252 -1.5049716234207151 0.37951920926570898 61452.000000000007 0.50749376416206371 2.1296991109848027 8.6462612152099627 -1.8137647509574888 -0.45207586884498591 -5.551090955734252 -1252880.1874999998 68.43418121337892 -0.53268894553184498 -96.499999999999986 3.6060472726821904 0.93375542759895336 66.500000000000014 88.342964172363295 106.72344207763673 4800.0000000000009 -1.2373597025871275
decision_type=2 2 2 2 2 2 2 2 2 2 2 2 2 2 2 2 2 2 2 2 2 2 2 2 2 2 2
left_child=7 2 26 4 6 -6 -3 8 9 10 -1 20 -11 14 16 -16 -9 19 -19 -15 -10 22 -5 -23 -4 -26 -2
right_child=1 3 24 21 5 -7 -8 13 11 12 -12 -13 -14 17 15 -17 -18 18 -20 -21 -22 23 -24 -25 25 -27 -28
leaf_value=-0.0019417687503796863 0.0017546365993294645 -0.0058705483140083191 0.012585182666024177 0.012582773604198278 -0.008764136448505053 0.0038784338956239189 0.0065485062472772585 0.00096265772615869417 0.0094305079624384443 0.012730678873581614 0.0077425274839774873 -0.016153709911432116 0.0049119018133553577 0.0034477271532116537 0.006556213132946599 0.0018570669847977088 -0.0071537335806269734 -0.0032234693648171969 0.0032021380911301314 0.0061303874038579334 -0.00079026019056788481 0.010663178095723052 -0.016119860006575771 0.0035405941840882128 0.012735568129397298 -0.015288193613877564 -0.015647300636555183
leaf_weight=125.49369345605373 2.5421514511108425 12.500846877694128 10.33070629835129 6.2467033416032773 18.301981642842293 32.356352850794792 173.16649557650089 127.47395327687263 171.04107052087784 36.45973539352417 53.804140493273735 4.4778074324131003 191.72068163752556 784.53003683686256 195.72074145078659 499.7633652985096 52.360696956515312 74.419806808233261 585.48942917585373 611.65144504606724 15.032245889306067 115.02419705688953 5.3796953409910202 24.219264596700668 3.0126069635152808 3.6400822848081589 12.069420889019964
leaf_count=383 7 41 16 11 69 82 375 364 345 66 120 19 460 2015 464 1372 185 235 1526 1435 46 205 23 62 5 16 53
internal_value=0.00390595 0.00539692 -0.00220486 0.0060198 0.00433591 -0.000669368 0.00570695 0.00372876 0.00519634 0.00387694 0.000958742 0.0080125 0.00616561 0.00342902 0.00223966 0.00318092 -0.00139495 0.00393486 0.00247599 0.00462369 0.00859943 0.00865087 -0.00061232 0.0094315 0.00663771 -0.00244758 -0.0125512
internal_weight=3948.23 418.791 31.595 387.196 236.326 50.6583 185.667 3529.44 598.029 407.478 179.298 190.551 228.18 2931.41 875.319 695.484 179.835 2056.09 659.909 1396.18 186.073 150.87 11.6264 139.243 16.9834 6.65269 14.6116
internal_count=10000 965 97 868 567 151 416 9035 1439 1029 503 410 526 7596 2385 1836 549 5211 1761 3450 391 301 34 267 37 21 60
is_linear=0
shrinkage=0.01


Tree=125
num_leaves=28
num_cat=0
split_feature=20 58 30 17 1 31 47 56 45 29 27 7 57 55 38 14 47 2 17 22 10 56 41 54 39 49 53
split_gain=10.2768 18.5697 22.7108 21.4143 25.7428 21.3909 18.5088 23.4176 26.9061 38.4456 25.278 20.864 20.026 17.8159 20.9074 17.7752 16.9709 15.7833 15.7683 14.6019 23.0685 17.4081 14.4566 14.3058 12.6708 13.1829 12.6342
threshold=535533.21875000012 -10507.999999999998 9.3323993682861346 21251.000000000004 57121.500000000007 -2.9785137176513667 -0.57543706893920887 -0.71890088915824879 -0.75855937600135792 11.01464366912842 -71159.999999999985 1.6340259909629824 1.6252958774566653 0.93045917153358471 0.19246031343936923 32.850000381469734 -1.0524117350578306 402099.00000000006 73039.000000000015 172599.21875000003 -0.00087280498701147724 -0.95245903730392445 0.49751038849353796 -0.058528952300548547 -0.21447938680648801 0.33383439481258398 0.80801433324813854
decision_type=2 2 2 2 2 2 2 2 2 2 2 2 2 2 2 2 2 2 2 2 2 2 2 2 2 2 2
left_child=6 2 5 15 -5 -2 7 10 9 -9 12 -10 -1 19 -15 -4 -16 18 22 20 -3 -21 -8 -12 -19 -26 -20
right_child=1 13 3 4 -6 -7 17 8 11 -11 23 -13 -14 14 16 -17 -18 24 26 21 -22 -23 -24 -25 25 -27 -28
leaf_value=-0.015880519435649387 0.0079952647701463479 -0.0090605854248389638 -0.015973199977175639 -0.016291921986575919 0.0065344261430162857 -0.015810993426814204 0.0038415658560284685 0.0063836077704132509 0.002497438308043002 -0.0094733073590800541 0.0064052661088562371 -0.011523045361715714 0.014955310937283946 -0.01634809165596432 -0.0074415605143776263 0.01124810718364298 0.0087860226244622312 0.019469850574147046 -0.015309821890987544 -0.0082940673673578772 0.0058543722174996815 0.0094701425684853308 0.0098808455766279495 0.016991428335895186 0.0049818600680597274 0.014506257393944044 0.0070188942012462466
leaf_weight=8.153163015842436 5.3651520460844067 11.260986432433127 9.0554590821266157 5.2076800763607016 89.195031598210335 12.391560122370718 2636.1441906094551 22.368574649095535 485.1407054066658 47.968179568648338 81.41510272026062 10.82789897918701 2.8094042837619773 6.631790578365325 9.6323892921209353 3.2195023596286765 19.242809921503067 8.6986932903528196 7.5924543738365156 5.628117471933364 124.71542499959469 182.57285316288471 40.463864028453827 15.34263129532337 77.879739955067635 18.092696473002434 3.7325820326805115
leaf_count=35 11 40 39 22 199 54 6695 53 1311 178 192 44 4 28 33 6 38 9 34 20 284 353 83 23 179 25 8
internal_value=0.00386442 0.00523408 0.00189286 0.00364241 0.00526463 -0.00856167 0.00367286 0.00218231 0.00136713 -0.00441626 0.00645856 0.00218933 -0.00788693 0.00638721 -0.000310625 -0.00875207 0.00333808 0.00403226 0.00388317 0.00712391 0.00461182 0.00893359 0.00393324 0.00809422 0.00785131 0.00678782 -0.00786227
internal_weight=3950.75 484.119 124.434 106.678 94.4027 17.7567 3466.63 674.026 566.305 70.3368 107.72 495.969 10.9626 359.684 35.507 12.275 28.8752 2792.6 2687.93 324.177 135.976 188.201 2676.61 96.7577 104.671 95.9724 11.325
internal_count=10000 1127 331 266 221 65 8873 1840 1586 231 254 1355 39 796 99 45 71 7033 6820 697 324 373 6778 215 213 204 42
is_linear=0
shrinkage=0.01


Tree=126
num_leaves=29
num_cat=0
split_feature=61 9 2 54 48 46 45 0 39 38 9 19 20 39 31 3 42 65 65 61 59 39 37 42 59 24 17 58
split_gain=10.2614 18.0486 15.9732 15.0704 21.3391 34.8591 20.9995 16.5783 14.8954 14.6081 23.8156 26.258 25.1268 24.3428 22.7107 22.5138 35.5637 26.9553 23.9777 21.8414 20.2731 14.54 13.8258 12.6479 11.9703 11.7609 9.96267 4.75427
threshold=117.21471023559572 8482377.0000000019 128467.00000000001 -0.90696880221366871 -0.49020874500274653 -0.63891062140464772 -0.6617443561553954 17212.500000000004 -0.99398884177207936 0.82196417450904857 3492712.0000000005 87832.300781250015 932651.21875000012 -0.47045974433422083 -6.2857997417449942 -2897.9999999999995 -0.0011660349555313585 -0.65003374218940724 1.4724457263946535 114.60720443725587 0.70105105638504039 1.9484979510307314 -0.70387446880340565 -0.00021709500288125125 1.6532541513442995 3082.5000000000005 444.50000000000006 19592.000000000004
decision_type=2 2 2 2 2 2 2 2 2 2 2 2 2 2 2 2 2 2 2 2 2 2 2 2 2 2 2 2
left_child=9 3 8 4 6 -6 -2 -5 27 15 11 19 13 -12 -13 18 25 -18 20 -11 -1 -9 24 -24 -4 -17 -10 -3
right_child=1 2 22 7 5 -7 -8 21 26 10 12 14 -14 -15 -16 16 17 -19 -20 -21 -22 -23 23 -25 -26 -27 -28 -29
leaf_value=0.015667725897882782 0.0048561992351033728 -0.013968379778787733 -0.0096085154411467213 -0.015376817772949941 -0.016200634436340344 0.0035318013649352359 0.01131281199068624 0.0024663362192413672 0.01777377308069512 -0.0021932465065271998 -0.016251317384370252 -0.0075920791276019783 -0.015652087224821337 0.0086783986980331334 0.0081006427277456345 -0.010473359812622167 0.0029488137409578404 0.0082352153043763945 -0.015013411976988555 0.010172259270112019 0.0035675917239994721 0.0052236431517097897 0.010149315112193425 -0.004886865856948564 0.012989123516729076 0.011616205519817034 0.0082894810932820622 0.0043733296524386392
leaf_weight=14.261654764413832 154.82528252899647 3.6514658331871024 13.727024614810945 5.0108420848846427 9.2174327224493009 294.45343154668808 75.403839975595474 1552.7135272622108 12.713425993919371 160.09245502948761 4.0503864735364905 10.647307604551314 4.7978676855564109 99.569245472550392 66.304105371236801 15.765105381608011 127.53560256958008 404.32466159760952 6.7799355387687674 15.666423395276068 547.22584572434425 219.07313394546509 19.559489697217945 7.7337597906589499 2.7941216975450507 2.8047409355640402 100.33626174926758 2.1968472748994827
leaf_count=21 380 18 52 22 39 764 146 4222 14 495 17 38 21 198 141 59 323 831 31 32 1349 523 35 25 4 4 190 6
internal_value=0.00382336 0.00342756 0.00665236 0.00320005 0.004676 0.00292956 0.00697519 0.00275598 0.0085561 0.00448423 0.00272948 0.00104274 0.00665189 0.00769427 0.00591634 0.00504979 0.00649355 0.00696946 0.00364958 -0.00108535 0.00387671 0.00280783 0.00146341 0.00585205 -0.00572618 -0.00708316 0.00936492 -0.00690755
internal_weight=3953.24 2473.41 162.712 2310.7 533.9 303.671 230.229 1776.8 118.898 1479.83 361.128 252.71 108.417 103.62 76.9514 1118.7 550.43 531.86 568.267 175.759 561.488 1771.79 43.8144 27.2932 16.5211 18.5698 113.05 5.84831
internal_count=10000 6440 344 6096 1329 803 526 4767 228 3560 942 706 236 215 179 2618 1217 1154 1401 527 1370 4745 116 60 56 63 204 24
is_linear=0
shrinkage=0.01


Tree=127
num_leaves=28
num_cat=0
split_feature=59 60 60 65 46 56 60 28 48 57 22 22 57 56 68 67 49 1 33 72 33 10 3 38 65 61 56
split_gain=10.1181 14.246 16.3425 21.1287 19.9039 13.7242 15.606 15.1703 12.4409 24.8984 13.1129 12.4124 11.8525 20.8153 19.2331 28.8782 27.9539 26.5915 18.4577 17.8219 27.1053 26.9722 16.526 15.3187 11.1605 10.1039 2.58858
threshold=1.5933268070220949 -0.001971756923012435 -0.0061112735420465461 -0.89349979162216175 -0.6135093867778777 -0.18950405716896054 1.0000000180025095e-35 -719.81249999999989 0.22459822893142703 2.2518700361251835 5578.1201171875009 49806.324218750007 1.0949720740318301 9.1635432243347186 32.262578964233406 -2.1942590475082393 1.9125389456748965 24243.000000000004 -0.85511061549186695 -1206405.8749999998 -0.99156033992767323 -0.00083551500574685622 -15693.499999999998 -2.1720215082168575 0.507795810699463 62.882881164550788 -0.27896650135517115
decision_type=2 2 2 2 2 2 2 2 2 2 2 2 2 2 2 2 2 2 2 2 2 2 2 2 2 2 2
left_child=12 2 8 -4 -5 11 25 -8 9 -2 -10 24 13 19 15 17 23 -14 -17 20 -1 -21 -18 -16 -3 -7 -13
right_child=1 5 3 4 -6 6 7 -9 10 -11 -12 26 14 -15 16 18 22 -19 -20 21 -22 -23 -24 -25 -26 -27 -28
leaf_value=0.007237640612633104 -0.0031733360169835714 0.010184769914418473 -0.015138270071702478 -0.011158247033170279 0.0047547676902814605 -0.015802555481877149 0.010512068642154671 0.0026926186920216998 0.015751619221436565 0.011084827906721216 0.0039030394529407379 0.013855787365697241 -0.012288162479105061 -0.014906372622120044 0.0080904697763934715 -0.013425207988432827 -0.0046270599253166941 0.0028640077491989963 -0.0017168460070348108 0.0080936383478847785 0.003984515990395043 0.002006659790979453 0.010585438625041839 0.0028734646463739115 -0.0042991882799802003 0.010866387570348728 0.02111186324600086
leaf_weight=348.06344829499722 32.852569654583931 20.838239282369617 9.5419812649488431 10.07978770136833 35.496931925415993 1.4292947649955738 30.04555681347847 146.8545173406601 18.374891474843025 19.474031344056129 19.574755698442459 16.882384851574901 11.990351796150206 5.7109585851430884 59.923337444663048 17.997901603579521 7.7811585068702689 323.67104630172253 54.533473968505859 83.906628847122192 982.87673757970333 558.5466750562191 76.392379283905029 993.99405513703823 7.032282441854476 53.417183592915535 8.2325245141983014
leaf_count=793 101 36 43 40 84 6 51 360 22 31 48 24 47 26 129 73 25 853 166 186 2484 1520 142 2590 22 91 7
internal_value=0.00378294 0.00523603 0.00267758 -0.00159913 0.00121349 0.00653896 0.00548068 0.00402636 0.00529984 0.00211392 0.00966637 0.0111488 0.00360536 0.00411916 0.00294711 0.00108137 0.0036154 0.00231977 -0.00463594 0.00417472 0.00483601 0.0028032 0.00916729 0.00317104 0.0064943 0.0101532 0.0162741
internal_weight=3955.52 430.127 145.395 55.1187 45.5767 284.732 231.747 176.9 90.2762 52.3266 37.9496 52.9854 3525.39 1979.1 1546.28 408.193 1138.09 335.661 72.5314 1973.39 1330.94 642.453 84.1735 1053.92 27.8705 54.8465 25.1149
internal_count=10000 966 369 167 124 597 508 411 202 132 70 89 9034 5009 4025 1139 2886 900 239 4983 3277 1706 167 2719 58 97 31
is_linear=0
shrinkage=0.01


Tree=128
num_leaves=26
num_cat=0
split_feature=39 49 67 27 26 33 56 31 57 68 38 49 56 56 40 21 1 56 18 53 45 36 59 56 2
split_gain=10.0681 15.9816 14.1624 15.352 16.8754 13.9366 16.0172 13.6349 12.4721 23.263 40.6 27.8705 22.364 20.4531 17.5834 26.6409 22.2552 16.5149 15.9169 15.4763 11.3178 11.9603 7.11434 9.41351 4.79622
threshold=2.4510273933410649 -0.79283851385116566 3.7945874929428105 -20391.999999999996 0.25907148420810705 -0.88798782229423512 2.9769973754882817 -2.9785137176513667 1.0949720740318301 32.262578964233406 -0.39383891224861139 1.9125389456748965 -0.95245903730392445 9.1635432243347186 -1.0000000180025095e-35 -1388.4999999999998 40995.500000000007 1.096113443374634 41630.500000000007 0.52152147889137279 2.5106227397918706 -0.84783038496971119 1.7193740010261538 0.28243839740753179 37316.000000000007
decision_type=2 2 2 2 2 2 2 2 2 2 2 2 2 2 2 2 2 2 2 2 2 2 2 2 2
left_child=8 5 20 -4 -5 6 7 -2 13 10 12 19 -10 14 15 -1 -16 -13 -12 -11 21 -3 24 -24 -7
right_child=1 2 3 4 -6 22 -8 -9 9 11 18 17 -14 -15 16 -17 -18 -19 -20 -21 -22 -23 23 -25 -26
leaf_value=0.0027624276805406178 0.0081003528404076514 0.0022577741084189766 0.011811770961147619 0.00035696336576498109 -0.014590680370293728 0.0039020383937425573 0.0095863152957103223 -0.015901198454200533 -0.010059424636815827 0.0022847248734245173 -0.011730640314498284 0.011367513966991762 0.0024442010601338268 -0.014831527677338658 0.0015692351792412555 0.0063730336840742132 0.0045023178463792848 0.00095789802071023734 0.0028945626834595336 0.0049291071744790261 0.013857153775756975 0.0061894428115409472 -0.0068955860414973182 0.008553895173296298 0.013475121752876369
leaf_weight=310.69229836761951 3.5359978824853897 141.26758667826653 7.5433798134326926 26.717090785503387 10.462823793292044 6.2040609270334235 11.001139253377913 6.9182785898447055 14.944070577621458 699.54974238574505 33.217957809567451 67.675618007779121 321.60593762993813 5.6825227737426749 452.79013518989086 603.88199025392532 607.6017901301384 19.948382452130318 9.458440884947775 325.65873232483864 13.389936521649359 173.89243003726006 4.4471687972545615 30.958976939320564 48.797114759683609
leaf_count=816 7 365 12 77 49 14 19 30 56 1851 131 120 859 26 1258 1406 1503 53 25 790 17 379 15 55 67
internal_value=0.0037429 0.00509708 0.00409826 -0.0011632 -0.00382257 0.00842107 0.00112299 -0.00768739 0.00355344 0.00286071 0.000718439 0.00358985 0.00188602 0.00407477 0.00412968 0.00514756 0.00325083 0.00900908 -0.0084658 0.00312569 0.00481751 0.00443028 0.010142 0.00658513 0.0124135
internal_weight=3957.84 485.136 373.273 44.7233 37.1799 111.863 21.4554 10.4543 3472.71 1492.06 379.226 1112.83 336.55 1980.65 1974.97 914.574 1060.39 87.624 42.6764 1025.21 328.55 315.16 90.4073 35.4061 55.0012
internal_count=10000 1106 899 138 126 207 56 37 8894 3885 1071 2814 915 5009 4983 2222 2761 173 156 2641 761 744 151 70 81
is_linear=0
shrinkage=0.01


Tree=129
num_leaves=29
num_cat=0
split_feature=20 58 60 17 18 47 56 45 29 60 51 57 60 55 38 46 14 31 53 53 31 58 6 28 31 10 31 31
split_gain=9.99404 18.1416 22.3867 18.2374 21.9389 17.9934 22.821 26.1925 37.6033 29.5332 20.8112 19.0035 18.4201 17.396 20.5059 17.7399 17.2203 14.6205 22.9458 19.9566 13.9459 28.933 32.6256 27.094 15.9454 25.7644 22.8067 6.71863
threshold=535533.21875000012 -10507.999999999998 -0.0017554961377754805 21251.000000000004 100567.00000000001 -0.57543706893920887 -0.71890088915824879 -0.75855937600135792 11.01464366912842 -0.010177009738981722 -0.0094659505411982519 1.6252958774566653 0.0041416233871132144 0.93045917153358471 0.19246031343936923 1.6942880153656008 32.850000381469734 -3.258104562759399 -1.4809319376945493 0.37951920926570898 -12.781009197235106 838.00000000000011 -427411007.99999994 -163.43749999999997 -4.0212764739990225 -0.0011660349555313585 0.22595372796058658 4.7998013496398935
decision_type=2 2 2 2 2 2 2 2 2 2 2 2 2 2 2 2 2 2 2 2 2 2 2 2 2 2 2 2
left_child=5 2 27 16 -5 6 10 8 -8 -9 11 -1 -12 17 -15 -16 -4 18 -3 -19 21 23 -23 -7 25 -22 -26 -2
right_child=1 13 3 4 -6 20 7 9 -10 -11 12 -13 -14 14 15 -17 -18 19 -20 -21 24 22 -24 -25 26 -27 -28 -29
leaf_value=-0.01572304271223364 -0.015496671860144712 -0.0093117847318723371 -0.016021245751397014 0.0061497544894907391 -0.0085046541933674665 0.011667816138017149 0.0061979519438919318 -0.0081007134868544446 -0.0094695683351481135 0.0026386193710401058 0.0094175142954943548 0.014681939581899218 -0.0031559645136597981 -0.01631793394058343 0.0077354260577167377 -0.010312201338546071 0.010917549376543966 0.0035748819587815279 0.010922858861044668 0.010630717045824382 -0.0049505452135311361 0.0085680016857325597 -0.016244977844427522 -0.0021708362611657299 0.002067227552519178 0.0054869486404207435 0.0043332010698557358 0.0033335571280515819
leaf_weight=7.4141509532928449 9.0700783431529981 5.863070309162139 8.6295790225267393 89.885036915540695 11.472773879766462 24.768512070178986 22.431120589375496 27.042052090167999 47.953006386756897 470.15515059232712 84.414209857583046 2.8140289634466171 13.386430561542509 6.625339448451995 21.675621494650844 7.239212527871131 3.2277342826127997 158.89000405371189 106.09298919141293 53.997232377529144 24.284605741500854 7.4218494892120388 18.173539459705353 32.779787108302116 708.86240351200104 783.86307844519615 1199.3471110314131 2.2911131531000128
leaf_count=32 40 21 37 200 42 47 53 95 178 1260 177 4 41 28 44 27 6 387 192 97 80 16 77 100 1885 1872 2956 6
internal_value=0.0037034 0.0050529 0.00175204 0.00310189 0.00448114 0.00351479 0.00204689 0.00124288 -0.00446219 0.00205251 0.00626192 -0.0072601 0.0076863 0.00619116 -0.0004247 0.00318238 -0.00860378 0.00691806 0.00985425 0.00536924 0.00386868 -0.000153992 -0.00901093 0.00376788 0.00399218 0.00517207 0.00349196 -0.0116113
internal_weight=3960.07 484.96 124.576 113.215 101.358 3475.11 675.61 567.581 70.3841 497.197 108.029 10.2282 97.8006 360.383 35.5402 28.9148 11.8573 324.843 111.956 212.887 2799.5 83.1437 25.5954 57.5483 2716.36 808.148 1908.21 11.3612
internal_count=10000 1127 331 285 242 8873 1840 1586 231 1355 254 36 218 796 99 71 43 697 213 484 7033 240 93 147 6793 1952 4841 46
is_linear=0
shrinkage=0.01


Tree=130
num_leaves=25
num_cat=0
split_feature=39 49 45 25 40 60 57 68 38 49 60 56 56 72 10 33 56 58 19 49 33 21 52 24
split_gain=9.99399 15.8415 15.1312 14.2247 28.3678 20.6297 12.1266 22.6548 39.814 27.3 27.0897 21.8946 20.0609 17.1885 26.3453 26.3282 16.0399 15.1196 10.2762 15.3871 19.2191 15.2959 15.2895 15.3019
threshold=2.4510273933410649 -0.1937102526426315 2.5106227397918706 82249.500000000015 1.3288833498954775 -0.0031365120084956284 1.0949720740318301 32.262578964233406 -0.39383891224861139 1.9125389456748965 0.0012893704697489741 -0.95245903730392445 9.1635432243347186 -1206405.8749999998 -0.00083551500574685622 -0.99156033992767323 1.096113443374634 -9487.9999999999982 76764.183593750015 -0.91277694702148426 -1.29328978061676 1.0000000180025095e-35 -0.035098437219858163 714.50000000000011
decision_type=2 2 2 2 2 2 2 2 2 2 2 2 2 2 2 2 2 2 2 2 2 2 2 2
left_child=6 18 3 4 -3 -5 12 8 11 17 -10 -8 13 15 -15 -1 -11 -9 19 21 -21 -2 -20 -24
right_child=1 2 -4 5 -6 -7 7 9 10 16 -12 -13 -14 14 -16 -17 -18 -19 22 20 -22 -23 23 -25
leaf_value=0.007055230611731295 0.011336637974369549 0.002710843203001911 0.013198799375329478 -0.0065723035629358037 -0.0087754896933694912 0.0096415504884264439 -0.0099979540626305777 0.0013465978459451509 -0.015821188745972922 0.011192604956081074 0.00012101875137424082 0.0023849991044658787 -0.014773182081031139 0.0079182696857260492 0.0019108655907714598 0.0038535022181877721 0.00093451304792396134 0.0039191026550998908 -0.016352733669596397 -0.016069827440860905 0.0040626254095371111 -0.0012383461154909356 0.01204866954215429 -0.001844106712052338
leaf_weight=349.09853857755661 56.508668646216393 121.86845564842224 13.601931363344191 9.4943578839302045 26.092043101787567 43.58462743461132 14.915193408727644 346.08280809223652 22.901461943984032 67.788884401321411 19.707506895065308 321.93876071274281 5.6594770103693 84.151682078838348 559.5626747906208 985.01440539956093 19.946033120155334 680.33016872406006 2.1636487394571295 4.921144261956214 118.97755527496338 11.501709952950476 67.736190751194954 8.8405047208070737
leaf_count=793 88 316 18 33 99 78 56 937 99 120 57 859 26 186 1520 2484 53 1704 9 21 282 33 103 26
internal_value=0.0036642 0.00501318 0.00297589 0.00227925 0.000678531 0.0067225 0.00347564 0.00279286 0.000679273 0.00351182 -0.00842413 0.00183374 0.00398929 0.00404348 0.00269776 0.00469205 0.00887188 0.00305269 0.00662518 0.00536532 0.00325491 0.00919529 0.00968305 0.0104317
internal_weight=3962.39 485.291 214.641 201.039 147.96 53.079 3477.1 1493.61 379.463 1114.15 42.609 336.854 1983.49 1977.83 643.714 1334.11 87.7349 1026.41 270.649 191.909 123.899 68.0104 78.7403 76.5767
internal_count=10000 1106 544 526 415 111 8894 3885 1071 2814 156 915 5009 4983 1706 3277 173 2641 562 424 303 121 138 129
is_linear=0
shrinkage=0.01


Tree=131
num_leaves=30
num_cat=0
split_feature=61 9 2 54 36 28 48 0 39 38 9 19 31 3 10 65 65 61 59 18 39 34 31 40 10 49 62 2 58
split_gain=10.2159 17.617 15.5194 14.635 21.0162 23.506 16.3363 16.132 14.5893 14.4124 23.1463 25.4908 22.2211 21.9419 34.6237 26.0701 23.3993 21.2665 19.552 17.6504 24.271 16.6828 14.2627 12.7338 13.8116 11.91 11.5306 4.77386 4.66704
threshold=117.21471023559572 8482377.0000000019 128467.00000000001 -0.90696880221366871 -0.7376405894756316 786.37500000000011 -1.2603750824928281 17212.500000000004 -0.99398884177207936 0.82196417450904857 3492712.0000000005 87832.300781250015 -6.2857997417449942 -2897.9999999999995 -0.0011660349555313585 -0.65003374218940724 1.4724457263946535 114.60720443725587 0.70105105638504039 52973.500000000007 -0.47045974433422083 1.3413276672363283 -7.0992269515991202 -1.1339912414550779 -0.00021709500288125125 1.1900070905685427 27.185227394104007 254980.50000000003 19592.000000000004
decision_type=2 2 2 2 2 2 2 2 2 2 2 2 2 2 2 2 2 2 2 2 2 2 2 2 2 2 2 2 2
left_child=9 3 8 4 5 -2 -6 -5 28 13 11 17 -13 16 26 -16 18 -11 -1 20 -12 -21 -9 27 -25 -10 -15 -4 -3
right_child=1 2 23 7 6 -7 -8 22 25 10 19 12 -14 14 15 -17 -18 -19 -20 21 -22 -23 -24 24 -26 -27 -28 -29 -30
leaf_value=0.01523926216087758 0.00064532779924981814 -0.013985224428105894 -0.016280982149866133 -0.015336080012247582 0.01380220069776515 0.016543198345201821 0.0052512733527999142 0.004424842429558002 0.010242034876359343 -0.0023048276118448831 -0.016258143497237025 -0.0076741629911948874 0.0078353465194239708 -0.012960266745447953 0.002786232563068316 0.0079797648990163981 -0.01498658954119207 0.0098701114929651019 0.0033845897642313478 -0.016097032613989832 0.0086553947151693771 0.013002711399174045 0.0021745068346802903 0.0073964854823978911 -0.0066955490514530027 0 0.0034585217947704591 0.00019167658399921964 0.0041447685828108838
leaf_weight=14.330163091421126 161.76269780099392 3.6578005105257025 4.9372728168964377 5.0006735771894446 24.095740422606468 9.8816455006599409 340.07992255687714 352.63340646028519 100.53265181183815 160.42633378505707 4.0506771504878989 10.664642199873922 66.491457119584084 12.027160078287126 127.77373732626438 405.39397253096104 6.7700670659542075 15.736405253410338 548.35952307283878 6.2408073693513852 95.438308194279671 2.8441090136766434 1425.0907184928656 27.072027802467346 9.2906877994537336 12.639416977763174 6.5108073949813834 2.5491169840097427 2.2078522592782974
leaf_count=21 460 18 21 22 39 15 815 884 171 495 17 38 141 47 323 831 31 32 1349 27 188 4 3861 56 32 33 16 7 6
internal_value=0.00362564 0.00323155 0.0064159 0.00300741 0.00445913 0.0015664 0.00581979 0.00257052 0.00829089 0.00428434 0.00254337 0.000883102 0.00567864 0.0048454 0.00626892 0.00673701 0.0034645 -0.00121158 0.00368827 0.00640782 0.00763099 -0.00687704 0.00262145 0.00130303 0.00376846 0.00909175 -0.0071398 -0.0105385 -0.00699055
internal_weight=3964.49 2481.43 162.887 2318.54 535.82 171.644 364.176 1782.72 119.038 1483.06 361.893 253.319 77.1561 1121.17 551.706 533.168 569.46 176.163 562.69 108.574 99.489 9.08492 1777.72 43.8491 36.3627 113.172 18.538 7.48639 5.86565
internal_count=10000 6440 344 6096 1329 475 854 4767 228 3560 942 706 179 2618 1217 1154 1401 527 1370 236 205 31 4745 116 88 204 63 28 24
is_linear=0
shrinkage=0.01


Tree=132
num_leaves=21
num_cat=0
split_feature=1 60 23 53 27 9 9 59 3 58 21 51 50 52 38 34 38 9 55 9
split_gain=10.0549 15.1036 20.0608 14.7089 14.0148 26.1415 22.9371 15.6272 13.3567 23.0145 20.2298 12.7327 22.9555 35.6621 21.9767 16.0287 20.4202 14.419 6.82351 3.87221
threshold=226057.50000000003 -0.017489163205027577 115.50000000000001 1.9390740394592287 67440.000000000015 4321990.0000000009 2954515.5000000005 1.1042949557304385 17148.500000000004 -29679.999999999996 -30972.999999999996 0.0043348753824830064 -0.0063166320323944083 0.011134336702525617 0.82196417450904857 1.4731591343879702 2.289339661598206 8114960.5000000009 0.30900891125202185 7376381.0000000009
decision_type=2 2 2 2 2 2 2 2 2 2 2 2 2 2 2 2 2 2 2 2
left_child=1 2 18 4 8 6 -6 -7 9 -2 -10 15 13 -13 -14 16 -3 -17 -1 -5
right_child=3 11 -4 19 5 7 -8 -9 10 -11 -12 12 14 -15 -16 17 -18 -19 -20 -21
leaf_value=-0.016295710811544802 0.0081344912556026994 0.0030123885060422107 0.0078358823801100656 -0.014840146712356169 0.0045731853181506434 -0.0045253430674036246 -0.0092258456002175058 0.0082955906440305045 -0.0057169308483679803 0.0012750089861894105 0.010967294566000763 0.0065967403069914204 0.0060431144727044221 -0.012313984161203309 0.0031649975488683623 -0.012187762199639416 0.011079234811056491 0.012777731677595312 0.0015893592026822031 0.0009581923082187169
leaf_weight=10.406272619962694 106.98290567100048 2373.8387047499418 7.4652424603700629 4.5408738851547232 21.240023747086525 11.182589098811148 27.64867103099823 60.192134082317352 7.8478840142488471 90.832735031843185 87.003325805068016 19.398798108100891 543.54245181381702 20.448428198695183 522.56486786901951 11.907806649804114 31.898784682154655 2.8349804878234854 2.5584945082664481 2.182917520403862
leaf_count=44 212 6173 16 21 52 36 107 118 25 237 151 42 1228 78 1334 47 62 4 7 6
internal_value=0.00358754 0.00341349 -0.00514021 0.00505624 0.0052967 0.00240951 -0.00321031 0.00627287 0.00647969 0.00498982 0.00957632 0.00346333 0.0043544 -0.00308259 0.00463331 0.00305577 0.00311977 -0.00731917 -0.0126891 -0.0095624
internal_weight=3966.52 3546.86 20.43 419.654 412.93 120.263 48.8887 71.3747 292.667 197.816 94.8512 3526.43 1105.95 39.8472 1066.11 2420.48 2405.74 14.7428 12.9648 6.72379
internal_count=10000 9035 67 965 938 313 159 154 625 449 176 8968 2682 120 2562 6286 6235 51 51 27
is_linear=0
shrinkage=0.01


Tree=133
num_leaves=29
num_cat=0
split_feature=61 9 2 54 47 36 54 0 39 63 38 9 19 20 39 31 61 2 65 61 22 20 40 37 10 59 49 58
split_gain=9.9945 17.2618 15.2159 14.3127 21.0303 18.6817 17.6481 15.8456 14.283 14.1429 13.9505 22.6053 24.9647 23.9668 23.3287 21.7523 20.7814 18.3797 22.8721 22.6096 21.7346 21.9249 17.2598 13.3664 12.2043 11.7637 11.666 4.60405
threshold=117.21471023559572 8482377.0000000019 128467.00000000001 -0.90696880221366871 1.6767125725746157 -0.7376405894756316 -1.0576315522193906 17212.500000000004 -0.99398884177207936 77.959991455078139 0.82196417450904857 3492712.0000000005 87832.300781250015 932651.21875000012 -0.47045974433422083 -6.2857997417449942 114.60720443725587 61810.000000000007 1.2724723219871523 89.921401977539077 5578.1201171875009 12670.504882812502 -1.2778888940811155 -0.70387446880340565 -0.0002792400046018883 1.6532541513442995 1.1900070905685427 19592.000000000004
decision_type=2 2 2 2 2 2 2 2 2 2 2 2 2 2 2 2 2 2 2 2 2 2 2 2 2 2 2 2
left_child=10 3 8 4 5 -2 -6 -5 27 -9 17 12 16 14 -13 -14 -12 18 19 -1 22 -22 -19 25 -25 -4 -10 -3
right_child=1 2 23 7 6 -7 -8 9 26 -11 11 13 15 -15 -16 -17 -18 20 -20 -21 21 -23 -24 24 -26 -27 -28 -29
leaf_value=0.0028742404191530947 0.001920309782558286 -0.013943563465992497 -0.0096654138241396466 -0.015270896804499681 -0.015418316178320009 0.0059775606603760367 0.01162672646080691 0.0023882719131994492 0.010097602510087374 0.0072965120859546321 -0.0023073948543595635 -0.01616266295641423 -0.0076294338415673095 -0.015542983200167677 0.0082798049632749008 0.0077213743476883057 0.0097156767382158681 0.0014917833945437165 0.021988983739513888 0.0084230598631635113 -0.0077114249079371679 0.0030639193662666316 0.0072728943655406258 0.010592205490058668 -0.0032614239947128345 0.012739728641283013 -1.5630815032723536e-05 0.0040668822910132404
leaf_weight=119.66684775054455 167.76706045866013 3.6418678462505332 13.735031157732012 4.9836067110300055 9.316263020038603 356.26567983627319 3.2141947448253623 1718.8167330920696 100.57777437567711 61.009987577795982 160.41707089543343 4.0372464656829825 10.652823463082312 4.7704592347145072 99.808376133441925 66.574904009699821 15.770917519927023 66.322979480028152 9.6371955126523954 192.83196868002415 19.618561163544655 473.36820656061172 240.87149347364902 17.477581694722179 9.852777495980261 2.7916592061519614 12.642652824521063 2.2112503349781036
leaf_count=303 457 18 52 22 41 825 6 4606 171 139 495 17 38 21 198 141 32 167 10 395 66 1177 500 30 30 4 33 6
internal_value=0.00354976 0.00316023 0.00631196 0.00293858 0.00437319 0.00468056 -0.00840117 0.00250674 0.00816814 0.00255708 0.00420103 0.00248831 0.000847834 0.00630656 0.00731992 0.00559093 -0.00122551 0.00475262 0.00677384 0.00630142 0.00393767 0.00263308 0.00602801 0.00124957 0.00556129 -0.00582027 0.00895949 -0.00696855
internal_weight=3968.65 2484.3 162.931 2321.37 536.563 524.033 12.5305 1784.81 119.074 1779.83 1484.35 362.032 253.416 108.616 103.846 77.2277 176.188 1122.32 322.136 312.499 800.181 492.987 307.194 43.857 27.3304 16.5267 113.22 5.85312
internal_count=10000 6440 344 6096 1329 1282 47 4767 228 4745 3560 942 706 236 215 179 527 2618 708 698 1910 1243 667 116 60 56 204 24
is_linear=0
shrinkage=0.01


Tree=134
num_leaves=31
num_cat=0
split_feature=23 3 54 51 9 10 56 40 30 58 10 65 48 20 17 52 51 40 34 1 22 18 49 47 26 0 10 60 18 57
split_gain=9.87382 20.0321 28.4067 23.2027 24.8107 20.588 16.0338 21.7456 23.0345 15.4907 14.4475 13.8302 40.7315 23.5241 22.7369 16.3196 36.0307 32.5438 13.723 21.8066 16.3223 16.162 13.6046 14.2539 13.4099 11.8209 9.48669 9.22294 7.88936 4.40866
threshold=1303.5000000000002 3953.5000000000005 1.1621844768524172 -0.0048822837416082612 8243390.0000000009 -0.0005807999987155198 -0.32032199203968043 0.44618736207485205 16.638831138610843 -91655.999999999985 -0.0009112900006584822 1.4724457263946535 -0.74955633282661427 20868.695312500004 730.50000000000011 0.0072801304049789914 -0.00049284324632026244 2.3803361654281621 -0.23373466730117795 98047.000000000015 139141.11718750003 2146.5000000000005 1.4886478781700136 -1.4129502177238462 0.13028580695390704 58880.500000000007 -0.0011660349555313585 -0.0050121475942432872 52973.500000000007 1.3358714580535891
decision_type=2 2 2 2 2 2 2 2 2 2 2 2 2 2 2 2 2 2 2 2 2 2 2 2 2 2 2 2 2 2
left_child=9 2 3 5 -5 -2 22 8 -8 18 26 15 13 -13 -14 17 -17 -11 20 29 21 -1 28 -24 -12 -21 -4 -9 -3 -20
right_child=1 6 10 4 -6 -7 7 27 -10 11 24 12 14 -15 -16 16 -18 -19 19 25 -22 -23 23 -25 -26 -27 -28 -29 -30 -31
leaf_value=-0.0057600222203139911 0 0.0085855336925905312 0.0059348519147723487 -2.8715829268225342e-05 0.0099177697209165867 -0.013292895812162324 -0.0010101169424703265 -0.0021300617607657585 0.010104303151820595 0.0032251756353955403 0.01017228152445206 -0.0031705993014806166 -0.010534138373589583 0.010171844277825769 -0.00038949670967963008 -0.0038288979919901107 0.005184570035820602 -0.0021364174795428779 -0.016036997720615863 -0.00057788894111875512 -0.015150885260375906 0.0074166206513290416 0.010480096081505725 -0.0089762542465579437 -0.0039768037881143413 0.014518350189655917 -0.015667805694526922 0.010799394421185816 0.018091032654800391 0.001431522938853769
leaf_weight=11.226223304867743 29.374850526452065 13.79305976629257 3.8893631249666214 83.779363736510277 35.671581521630287 19.261372685432434 63.856331124901772 5.9034599661827079 26.265966862440109 2270.0614165961742 72.58900873363018 17.364983648061752 27.402554929256439 53.947884991765022 115.2482243925333 47.10898245871067 725.21090403199196 118.9230213612318 3.0829614847898474 5.7509747296571723 4.2321966290473929 52.545219346880913 11.539906188845636 5.541005313396453 7.2718492746353141 43.190777614712715 4.1625726670026761 63.4738839417696 26.403351634740829 2.5376292318105698
leaf_count=35 84 26 9 238 65 80 179 17 47 5804 137 57 112 107 353 148 1686 373 13 17 19 108 21 19 23 61 18 109 28 7
internal_value=0.00351252 0.00487348 0.00297259 0.000557093 0.00293323 -0.00525815 0.00711371 0.00547212 0.00221806 0.00332829 0.00757957 0.00320092 0.000734428 0.00690888 -0.00234525 0.00336754 0.00463348 0.00295786 0.00682775 0.0105737 0.00380749 0.00508134 0.0116676 0.00410996 0.00887139 0.012724 -0.00510878 0.00968479 0.0148542 -0.00797225
internal_weight=3970.61 472.777 256 168.087 119.451 48.6362 216.777 159.5 90.1223 3497.83 87.9128 3375.27 213.964 71.3129 142.651 3161.3 772.32 2388.98 122.566 54.5623 68.0036 63.7714 57.2773 17.0809 79.8609 48.9418 8.05194 69.3773 40.1964 5.62059
internal_count=10000 1100 654 467 303 164 446 352 226 8900 187 8640 629 164 465 8011 1834 6177 260 98 162 143 94 40 160 78 27 126 54 20
is_linear=0
shrinkage=0.01


Tree=135
num_leaves=15
num_cat=0
split_feature=11 65 67 53 36 1 27 55 56 9 37 68 40 27
split_gain=9.89884 11.4381 16.5488 18.5439 17.0889 16.0783 16.5572 25.4566 15.5086 28.5496 15.4571 14.1126 12.5768 12.5427
threshold=81.835556030273452 1.989093065261841 4.2025671005249032 0.031883878633379943 1.8900397419929507 226057.50000000003 50888.000000000007 2.0333116054534917 -0.67287567257881153 4226577.5000000009 1.6164382100105288 81.832210540771499 -2.7409170866012569 50888.000000000007
decision_type=2 2 2 2 2 2 2 2 2 2 2 2 2 2
left_child=1 5 4 -4 -3 6 10 -8 9 -7 -1 -6 -10 -5
right_child=-2 2 3 13 11 8 7 -9 12 -11 -12 -13 -14 -15
leaf_value=0.0032120563583644584 0.017205794639848625 -0.014283471938752292 -0.01427607036817901 0.0098144126415476481 0.0088193461051053659 -0.012464265153623325 0.0054498448545928137 -0.01543373531035204 -0.0022532415580320351 0.007484557597816536 -0.00057181790978907802 -0.015058061697913809 0.0065765352990814849 0.00081371055497494679
leaf_weight=2953.0475407838821 5.2806383520364752 13.957142278552057 6.0058514922857276 24.184973329305649 8.6188966482877714 13.034420520067217 428.51106211543083 5.893277868628501 16.806830987334251 15.919656649231909 111.5920794904232 3.4592860490083686 322.34170463681221 43.802790686488152
leaf_count=7547 7 68 29 51 19 52 972 26 47 32 326 16 681 127
internal_value=0.00347576 0.00345723 0.000108274 0.00253081 -0.00673829 0.0035436 0.00333374 0.00516423 0.00553571 -0.00146138 0.00307395 0.00189788 0.00613602 0.0040302
internal_weight=3972.46 3967.18 100.029 73.9936 26.0353 3867.15 3499.04 434.404 368.103 28.9541 3064.64 12.0782 339.149 67.9878
internal_count=10000 9993 310 207 103 9683 8871 998 812 84 7873 35 728 178
is_linear=0
shrinkage=0.01


Tree=136
num_leaves=30
num_cat=0
split_feature=61 38 2 21 3 10 65 65 30 40 14 7 28 61 50 2 35 38 72 45 66 54 26 50 72 0 49 56 65
split_gain=9.77972 13.6435 22.3168 32.352 21.1862 33.8481 25.1746 22.6665 19.8737 19.6128 18.6052 17.452 13.5413 30.0998 31.4391 20.3621 19.9721 18.6584 24.9609 21.4577 18.5534 29.6999 16.4407 22.7885 20.8938 15.9314 11.081 7.77858 5.9851
threshold=117.21471023559572 0.82196417450904857 49921.000000000007 1205.0000000000002 -2897.9999999999995 -0.0011660349555313585 -0.65003374218940724 1.4724457263946535 78.409255981445327 3.1411072015762334 64.225002288818374 1.2669808864593508 -57.937499999999993 135.39043426513675 0.0056939432397484788 32935.000000000007 -1.6065695881843565 -1.473759591579437 -957701.49999999988 -0.75855937600135792 -0.7502380609512328 -0.69498911499977101 0.46285690367221838 -0.0022932937135919924 -2157703.1249999995 29356.500000000004 2.061383962631226 4.2482128143310556 1.989093065261841
decision_type=2 2 2 2 2 2 2 2 2 2 2 2 2 2 2 2 2 2 2 2 2 2 2 2 2 2 2 2 2
left_child=1 4 3 8 7 26 -7 10 -3 11 -1 -4 13 22 15 -15 17 18 -14 -19 21 -18 24 -24 -2 -22 -6 -16 -11
right_child=12 2 9 -5 5 6 -8 -9 -10 28 -12 -13 16 14 27 -17 20 19 -20 -21 25 -23 23 -25 -26 -27 -28 -29 -30
leaf_value=0.0043276399930203911 0.0024892564296824654 -0.0090392846102714218 0.0042716428595324487 0.014566562673940783 -0.010508061411871817 0.0026085428617129199 0.0077061466993066053 -0.014930716413910064 0.0065504478489247101 -0.015785538615966509 -0.00044714094783600852 -0.016237145387960412 -0.009418730597833061 0.00055696048340791342 -0.015404429187453633 0.0040710834833903023 0.0055968302729536923 0.015474612597126208 0.01537863692682472 0.0061345326205638918 -0.0040645349235415261 -0.00038974246781974252 0.012339949095542653 -0.0066926912882125109 -0.0053459458778681267 0.0043205580189699389 0.011000354203773885 0.0046128168991269852 0.0018729094905241797
leaf_weight=465.49336735904217 50.463272154331207 42.795068055391312 287.18859870731831 8.863185837864874 15.767994642257692 128.0551682561636 406.48727563023567 6.7387893050909033 10.032476663589476 6.6889549642801267 98.505240485072136 4.1905755549669257 13.602002292871477 220.43106800317764 11.46578700840473 662.60358054935932 119.92470668256283 33.1236941665411 5.7727679163217536 98.557832315564156 23.157563343644142 267.35038521885872 17.814473226666454 9.6512045711278898 103.69078503549099 848.44549618661404 2.7808333188295355 2.2501132786273947 2.5569462329149246
leaf_count=1093 134 153 697 14 59 323 831 31 23 29 277 18 50 625 51 1661 288 51 9 232 76 776 33 33 353 2062 4 6 8
internal_value=0.00343926 0.00408313 0.00238993 -0.0030801 0.00462812 0.00602502 0.00648683 0.00327266 -0.00605971 0.00351576 0.00349193 0.00397326 0.00305431 0.00220849 0.00296074 0.00319499 0.00370051 0.00714201 -0.00197867 0.00849157 0.00328676 0.00146149 -0.00150023 0.00561563 -0.00277456 0.00409663 -0.00722962 -0.0120477 -0.010794
internal_weight=3974.45 1486.14 362.316 61.6907 1123.83 553.091 534.542 570.737 52.8275 300.625 563.999 291.379 2488.3 1078.37 896.751 883.035 1409.93 151.056 19.3748 131.682 1258.88 387.275 181.62 27.4657 154.154 871.603 18.5488 13.7159 9.2459
internal_count=10000 3560 942 190 2618 1217 1154 1401 176 752 1370 715 6440 2896 2343 2286 3544 342 59 283 3202 1064 553 66 487 2138 63 57 37
is_linear=0
shrinkage=0.01


Tree=137
num_leaves=26
num_cat=0
split_feature=39 49 31 23 45 9 57 68 38 60 49 56 56 72 10 33 56 53 19 49 33 21 53 17 28
split_gain=9.70912 15.5016 15.2337 20.9359 15.0711 14.8331 12.0317 21.659 38.7682 26.5493 26.4737 21.362 19.521 16.5372 25.7006 25.6992 15.6465 15.1175 9.92649 15.0387 18.7529 14.9728 14.9408 12.8797 5.8231
threshold=2.4510273933410649 -0.1937102526426315 3.2941529750823979 192.50000000000003 2.5106227397918706 8482377.0000000019 1.0949720740318301 32.262578964233406 -0.39383891224861139 0.0012893704697489741 1.9125389456748965 -0.95245903730392445 9.1635432243347186 -1206405.8749999998 -0.00083551500574685622 -0.99156033992767323 1.096113443374634 0.52152147889137279 76764.183593750015 -0.91277694702148426 -1.29328978061676 1.0000000180025095e-35 -2.0121741294860835 23006.500000000004 986.18750000000011
decision_type=2 2 2 2 2 2 2 2 2 2 2 2 2 2 2 2 2 2 2 2 2 2 2 2 2
left_child=6 18 4 -4 5 -3 12 8 11 -10 17 -8 13 15 -15 -1 -12 -9 19 21 -21 -2 -20 -24 -5
right_child=1 2 3 24 -6 -7 7 10 9 -11 16 -13 -14 14 -16 -17 -18 -19 22 20 -22 -23 23 -25 -26
leaf_value=0.0067456206404031081 0.011002403162889278 0.0019908311544755471 0.0081442059740102143 -0.015930817784684574 0.013974753488600481 0.012625867037004078 -0.01006645682530964 0.0019607382753984268 -0.015829193650525434 0 0.010798786212829804 0.0021554156164565797 -0.014783131418673958 0.0076075458608616687 0.0016884395334445241 0.0035894964444252385 0.0006782190113339959 0.0045675344492048364 -0.016400324489222018 -0.016082413847106618 0.0038037952245882009 -0.001427883506041653 0.011491348243980458 -0.0017097659647636559 0.0011136362413339687
leaf_weight=350.69128647446632 56.434548899531364 167.0457901507616 7.2629946321249035 11.033843234181402 13.081827178597448 14.290847554802893 14.939548358321188 702.98488509654999 22.904965028166771 19.775166884064674 67.995976805686951 323.14209866523743 5.6583992242813101 84.559250086545944 561.73951533436775 988.87614478170872 19.979407623410225 327.22323612868786 2.1645562499761573 4.9219472557306281 119.2162873595953 11.532055929303167 68.393641963601112 8.1409328877925855 2.3177037984132758
leaf_count=793 88 438 15 48 16 21 56 1851 99 57 120 859 26 186 1520 2484 53 790 9 21 282 33 106 23 6
internal_value=0.00340327 0.00473214 0.00271941 -0.00543528 0.00358921 0.00283448 0.00321802 0.00253919 0.000476157 -0.00850079 0.00324079 0.00161238 0.00372845 0.0037817 0.00246442 0.0044165 0.00851175 0.0027897 0.00632666 0.00508976 0.00300727 0.00887861 0.00933322 0.0100741 -0.0128972
internal_weight=3976.31 485.837 215.033 20.6145 194.418 181.337 3490.47 1498.95 380.762 42.6801 1118.18 338.082 1991.52 1985.87 646.299 1339.57 87.9754 1030.21 270.804 192.105 124.138 67.9666 78.6991 76.5346 13.3515
internal_count=10000 1106 544 69 475 459 8894 3885 1071 156 2814 915 5009 4983 1706 3277 173 2641 562 424 303 121 138 129 54
is_linear=0
shrinkage=0.01


Tree=138
num_leaves=26
num_cat=0
split_feature=59 39 72 64 48 60 57 55 63 48 33 47 69 72 40 52 2 69 65 68 9 49 22 60 20
split_gain=9.6939 14.5243 18.0507 13.0268 12.6465 12.4063 11.0423 17.3491 21.7051 19.9523 18.1741 34.4241 19.2993 17.6389 16.4044 22.0114 32.0631 25.3802 20.7644 24.6147 17.6348 10.1233 8.40277 5.91824 3.38576
threshold=1.5933268070220949 1.7431697249412539 -807835.62499999988 9.2631258964538592 -0.78039634227752674 -0.002559178625233471 1.0949720740318301 0.049720322713255889 9.1177191734313983 -1.0473212599754331 0.71008664369583141 -0.26702895760536188 20.710221290588382 -2549930.6249999995 -1.0000000180025095e-35 0.010296734981238844 116270.00000000001 93.25671768188478 1.7734422087669375 86.236904144287124 8864664.5000000019 -1.1815841197967527 63875.609375000007 0.0079383240081369894 50206.419921875007
decision_type=2 2 2 2 2 2 2 2 2 2 2 2 2 2 2 2 2 2 2 2 2 2 2 2 2
left_child=6 4 3 21 -2 -5 14 10 13 -10 12 -12 -8 -9 15 17 -17 -1 20 -20 -16 -3 24 -4 -6
right_child=1 2 23 5 22 -7 7 8 9 -11 11 -13 -14 -15 18 16 -18 -19 19 -21 -22 -23 -24 -25 -26
leaf_value=0.0041858999908405544 -0.005622655197194593 -0.015002849452705403 -0.015715845493082949 0.00097386527270981315 0.019966715867072819 0.0051284444860867449 -6.9646008328044584e-05 -0.01283941370274423 0.0093500452389983762 0.0035082332143117783 0.0026030801184810464 -0.0080126811358446747 0.0034418098952930147 0.001543896225915101 0.0028140644218229201 0.010198176316844791 -0.00036076792411390097 -0.0093310339857237308 -0.012701524724341886 0.0089526915200633782 0.010003949139527259 0.010303176558820995 0.0028907415930641473 0.002961198344231039 0.012273800545691731
leaf_weight=739.66478957235813 4.0579067766666403 1.6050639450550068 5.9223756492137891 104.80887016654015 10.863139510154726 233.32364509999752 243.39882676303387 13.713310807943342 64.523374184966087 650.62956048548222 70.660229295492172 53.698612794280052 435.73271661996841 22.27752648293972 1008.9404555261135 133.31454148888588 36.437585234642029 14.112361893057821 17.426425054669384 7.4583838880062094 35.434177249670029 46.306291744112968 6.8099805563688269 2.2612211555242538 14.700752094388006
leaf_count=1822 13 7 26 277 10 513 693 55 128 1629 181 188 1092 59 2618 257 104 53 75 17 63 75 17 6 22
internal_value=0.00336774 0.00478918 0.00422675 0.0045401 0.0108478 0.00384363 0.00319489 0.00256112 0.00365467 0.0040367 0.00153757 -0.0019728 0.00218184 -0.00390868 0.00368882 0.00466677 0.00792579 0.00393151 0.00284322 -0.00617122 0.00305896 0.00943454 0.0129432 -0.010433 0.015582
internal_weight=3978.08 430.659 394.227 386.044 36.4318 338.133 3547.42 1554.63 751.144 715.153 803.49 124.359 679.132 35.9908 1992.79 923.529 169.752 753.777 1069.26 24.8848 1044.37 47.9114 32.3739 8.1836 25.5639
internal_count=10000 966 904 872 62 790 9034 4025 1871 1757 2154 369 1785 114 5009 2236 361 1875 2773 92 2681 82 49 32 32
is_linear=0
shrinkage=0.01


Tree=139
num_leaves=30
num_cat=0
split_feature=61 38 19 39 3 10 65 65 58 46 20 14 24 28 61 50 1 35 72 38 53 27 54 30 62 3 72 62 51
split_gain=9.66745 13.4368 21.7086 25.3854 20.7372 33.1078 24.4491 22.2289 18.3312 17.9942 20.71 18.2985 17.0686 13.2995 29.3437 30.7984 24.8937 19.4544 18.3968 24.8298 22.647 18.1091 31.7045 16.7101 16.2262 30.8168 19.114 11.2834 7.70009
threshold=117.21471023559572 0.82196417450904857 87832.300781250015 -0.47045974433422083 -2897.9999999999995 -0.0011660349555313585 -0.65003374218940724 1.4724457263946535 96168.000000000015 -0.71482864022254933 129578.56640625001 80.349998474121108 255.50000000000003 -57.937499999999993 135.39043426513675 0.0056939432397484788 40995.500000000007 -1.6065695881843565 -1861881.2499999998 1.4360102415084841 0.44643293321132665 -30087.999999999996 -0.26605318486690516 103.72788619995119 66.37485504150392 -2897.9999999999995 -2157703.1249999995 27.185227394104007 0.022325083613395694
decision_type=2 2 2 2 2 2 2 2 2 2 2 2 2 2 2 2 2 2 2 2 2 2 2 2 2 2 2 2 2
left_child=1 4 9 -4 7 27 -7 8 -1 11 -11 -3 -5 14 24 16 -16 18 19 -15 -20 22 -19 -23 26 -26 -2 -6 -17
right_child=13 2 3 12 5 6 -8 -9 -10 10 -12 -13 -14 17 15 28 -18 21 20 -21 -22 23 -24 -25 25 -27 -28 -29 -30
leaf_value=0.003608043267753905 0.0023975327475980798 0.0047105737695777418 -0.016554416910078633 0.01427937019247884 -0.0129898609131219 0.0025292338104198593 0.0075504807194692993 -0.014887025363878986 -0.011501615693014522 -0.0041631421556674328 0.0050838408624260083 -0.016471330583752938 0.0046593715338605173 -0.0027982898436277994 0.0009728328706910379 -0.01546868934710913 0.0044204330395273611 0.004500128825364884 0.0065390371745034101 0.011900226903417549 0.017255611088017275 0.0037434215814042488 -0.0018189012895374541 0.017059295063069892 0.012526024262561629 -0.016163676695455566 -0.0050343221630835397 0.0032540137230198029 0.0040308141374827454
leaf_weight=556.47161620855331 50.528537318110466 90.283143296837807 5.0117995887994757 22.469736337661743 12.009290948510172 128.16633635759354 407.03920866549015 6.7149773687124243 8.1163721233606321 101.59340980648994 31.723206296563148 4.252963498234748 107.34484806656837 34.267344668507576 342.77945606410503 11.316204607486723 541.84521874785423 148.37437163293362 72.492778286337852 17.248264446854591 27.400862962007523 932.23578295111656 170.54192525148392 9.5650093853473646 17.634335443377498 4.7279655188322058 108.85417413711548 6.5092821270227423 2.3731088638305655
leaf_count=1340 134 214 21 33 47 323 831 31 30 329 77 18 250 107 955 50 1331 363 167 30 38 2318 508 13 32 20 367 16 7
internal_value=0.00333255 0.00397239 0.00229296 0.00547405 0.00451291 0.00589407 0.0063499 0.0031725 0.00338906 0.000406233 -0.00195529 0.00374707 0.00633221 0.00295019 0.00211264 0.00285443 0.00308567 0.00359008 0.00698253 0.0021036 0.00948861 0.00318186 0.00111786 0.00387972 -0.0015483 0.00641557 -0.00267195 -0.00722614 -0.0120153
internal_weight=3979.89 1487.71 362.679 134.826 1125.03 553.724 535.206 571.303 564.588 227.853 133.317 94.5361 129.815 2492.19 1080.06 898.314 884.625 1412.13 151.409 51.5156 99.8936 1260.72 318.916 941.801 181.745 22.3623 159.383 18.5186 13.6893
internal_count=10000 3560 942 304 2618 1217 1154 1401 1370 638 406 232 283 6440 2896 2343 2286 3544 342 137 205 3202 871 2331 553 52 501 63 57
is_linear=0
shrinkage=0.01


Tree=140
num_leaves=22
num_cat=0
split_feature=1 23 48 49 8 46 40 10 34 31 25 54 61 36 40 25 47 61 59 18 24
split_gain=9.66254 10.5951 17.0538 18.3411 17.3728 12.1343 19.3227 38.2874 15.9586 15.6268 28.9847 13.9557 8.28377 16.3269 10.1412 19.7941 12.4467 8.03852 4.79554 3.06764 7.73523
threshold=528355.00000000012 1303.5000000000002 0.05585914850234986 -0.23820333182811734 1.544081509113312 -1.0176488757133482 2.811020135879517 -0.00052356001106090833 -1.4773724675178526 6.803706407546998 29.500000000000004 -0.79887875914573658 101.23583602905275 1.2861627936363222 0.065043885260820403 4102.0000000000009 -1.5770712494850156 122.18572235107423 1.0465381741523745 18909.500000000004 68.500000000000014
decision_type=2 2 2 2 2 2 2 2 2 2 2 2 2 2 2 2 2 2 2 2 2
left_child=1 5 17 -4 -5 9 8 -8 -7 11 -11 -1 14 -14 19 -16 -17 -3 -19 20 -2
right_child=12 2 3 4 -6 6 7 -9 -10 10 -12 -13 13 -15 15 16 -18 18 -20 -21 -22
leaf_value=0.0086629582718812711 0.014525505511176779 -0.0009856487945624074 -0.016113377477271873 0.0044457663546924259 -0.014930523449804832 0.0082243592013996336 0.0072831259943769997 -0.0058323570029329176 0.0028774531036197416 0.016347244852090541 -0.010416427468496546 0.0040498617724667599 -0.014688757255042357 0.0095317937180999963 -0.015930102953479623 -0.015139823419035858 0.0094140302553056329 0.0066629462350215251 0.014237165639299639 0.016671715811479661 0.0037279259808633003
leaf_weight=91.880023166537285 15.58939164876938 5.3126712590456 4.4616478234529486 410.35087522864342 4.6570551395416251 57.119723603129387 33.270470291376114 67.088670894503593 2932.2466217130423 5.4319921284914043 15.714543014764784 235.34823271632195 4.9658394604921323 6.3127608597278595 4.3458205610513714 2.2430639863014248 22.619020044803619 12.709498837590216 28.33674468100071 9.5336836874484998 12.071403577923773
leaf_count=182 19 15 19 961 21 120 76 233 7513 7 59 568 23 11 19 10 42 26 40 9 27
internal_value=0.0032978 0.00322782 0.00464716 0.0040072 0.00422592 0.00303522 0.00283495 -0.00147443 0.00297995 0.00480858 -0.00349425 0.0053482 0.00680173 -0.00104358 0.00814933 0.00368897 0.00715855 0.0104161 0.0119163 0.0116251 0.0098495
internal_weight=3981.61 3903.93 465.828 419.47 415.008 3438.1 3089.73 100.359 2989.37 348.375 21.1465 327.228 77.681 11.2786 66.4024 29.2079 24.8621 46.3589 41.0462 37.1945 27.6608
internal_count=10000 9840 1082 1001 982 8758 7942 309 7633 816 66 750 160 34 126 71 52 81 66 55 46
is_linear=0
shrinkage=0.01


Tree=141
num_leaves=29
num_cat=0
split_feature=1 56 9 29 52 28 20 40 53 1 48 69 67 22 65 67 56 31 58 68 53 21 59 23 69 61 24 56
split_gain=9.59261 18.7626 26.7549 16.9808 15.8358 18.6808 17.262 14.6949 21.0674 26.4045 30.9338 18.2448 16.1792 20.773 20.6883 16.1521 28.9557 29.6144 21.7177 19.6454 26.0854 23.7757 10.6886 22.9624 9.56328 8.80363 10.6921 6.47304
threshold=226057.50000000003 -0.67287567257881153 4226577.5000000009 23.899270057678226 0.02596528455615044 1633.3750000000002 15272.395019531252 -1.5049716234207151 0.37951920926570898 61452.000000000007 1.6936348080635073 8.6462612152099627 3.6060472726821904 10647.439941406252 0.97275906801223766 -1.8137647509574888 -0.45207586884498591 -5.551090955734252 -11727.999999999998 68.43418121337892 -0.53268894553184498 -96.499999999999986 0.93375542759895336 66.500000000000014 88.342964172363295 106.72344207763673 274.50000000000006 -1.2373597025871275
decision_type=2 2 2 2 2 2 2 2 2 2 2 2 2 2 2 2 2 2 2 2 2 2 2 2 2 2 2 2
left_child=7 2 27 4 6 -6 -3 8 9 10 -1 -11 14 -14 -10 16 18 -18 -9 21 -21 -17 23 -5 -24 -4 -27 -2
right_child=1 3 25 22 5 -7 -8 15 12 11 -12 -13 13 -15 -16 19 17 -19 -20 20 -22 -23 24 -25 -26 26 -28 -29
leaf_value=-0.0010952799059894525 0.0014961007124924329 -0.0063034506882254657 0.011612455285502381 0.011714862009688581 0.0013180656991870546 -0.015194194918778643 0.0057949180762970976 0.0027454895593905814 0.0063589643830615303 0.011952306922559233 0.011953464436302817 0.0042484466701756436 0.006975192389208712 -0.016125034902937537 0.014816168029649242 0.002805453135863052 0.0058698176145732788 0.0013009391978120106 -0.0044672060601772456 -0.0036796086387965755 0.0025737922684360786 0.0054269493994649658 0.0098970193355488421 -0.016356070246080143 0.0029298729933706184 0.0097720312897250482 -0.015446309101879788 -0.015689725445878974
leaf_weight=160.61629241704941 2.5506144016981152 12.573468863964079 10.320669695734979 6.2957344949245435 42.697215139865875 8.1473049670457822 173.83089351654053 64.797950565814972 139.21292422711849 36.818818956613541 20.478910088539124 193.23321805894375 9.6323402822017687 6.5088365525007239 36.873999699950218 792.18559071421623 197.86741875112057 504.3845369964838 116.77578283846378 75.075724244117737 590.75677055120468 617.84399621188641 115.40090382099152 5.4145530313253403 24.279840365052223 3.2580425143241873 3.43259297311306 12.07846115529537
leaf_count=468 7 41 16 11 114 37 375 170 307 66 35 460 22 28 53 2015 464 1372 379 235 1526 1435 205 23 62 6 15 53
internal_value=0.0032634 0.00469685 -0.00268728 0.00530059 0.00362305 -0.00130818 0.00497349 0.00309404 0.00451908 0.003237 0.000374798 0.00548576 0.00725603 -0.00227789 0.00813565 0.00280318 0.00166872 0.0025897 -0.00188771 0.00328571 0.00186719 0.00395484 0.00792289 -0.00117906 0.00869312 0.00579997 -0.00301663 -0.012625
internal_weight=3983.34 420.28 31.6404 388.64 237.249 50.8445 186.404 3563.06 603.375 411.147 181.095 230.052 192.228 16.1412 176.087 2959.69 883.826 702.252 181.574 2075.86 665.832 1410.03 151.391 11.7103 139.681 17.0113 6.69064 14.6291
internal_count=10000 965 97 868 567 151 416 9035 1439 1029 503 526 410 50 360 7596 2385 1836 549 5211 1761 3450 301 34 267 37 21 60
is_linear=0
shrinkage=0.01


Tree=142
num_leaves=15
num_cat=0
split_feature=11 11 3 38 11 61 9 2 54 21 40 28 13 7
split_gain=9.56699 9.85048 31.5115 23.8295 12.4168 10.5873 16.2081 14.8252 14.2306 13.918 16.9553 16.303 7.192 7.15974
threshold=81.835556030273452 62.632709503173835 -4754.4999999999991 0.90517193078994762 66.698238372802749 117.21471023559572 8482377.0000000019 128467.00000000001 -0.90696880221366871 -96.499999999999986 -2.1408281326293941 1633.3750000000002 501743.92187500006 1.8299352526664736
decision_type=2 2 2 2 2 2 2 2 2 2 2 2 2 2
left_child=1 5 12 4 -4 9 8 -8 -7 10 -1 -11 -3 -5
right_child=-2 2 3 13 -6 6 7 -9 -10 11 -12 -13 -14 -15
leaf_value=0.0075454608252421146 0.016705243530114777 -0.016583294969933739 -0.0030668699112271114 -0.015895684306241456 0.012362295237433965 0.0040861605363651287 0.0077535232414737924 0.00092997494257681637 0.0022240109993033846 0.0056425571881259465 0.0028147888448790664 -0.0041693886860434759 0.0020622153208609446 0.0046584650035491424
leaf_weight=83.404456555843353 5.2965700626373282 12.329300984740255 6.8675870746374157 6.4556897729635221 20.506421804428101 535.71420657634735 119.17062218487263 43.924160987138748 1782.5592281669378 483.96198682487011 862.77573372423649 17.429696291685104 2.3741960078477851 2.2066591382026672
leaf_count=167 7 52 21 28 36 1318 228 116 4736 1064 2160 55 6 6
internal_value=0.00322945 0.00321126 -0.00115211 0.00386017 0.0084549 0.00326787 0.0028699 0.00592196 0.00265475 0.00394935 0.00323285 0.00529947 -0.0135046 -0.0105442
internal_weight=3984.98 3979.68 50.7399 36.0364 27.374 3928.94 2481.37 163.095 2318.27 1447.57 946.18 501.392 14.7035 8.66235
internal_count=10000 9993 149 91 57 9844 6398 344 6054 3446 2327 1119 58 34
is_linear=0
shrinkage=0.01


Tree=143
num_leaves=26
num_cat=0
split_feature=20 58 30 17 1 31 47 19 56 26 27 16 2 17 1 39 9 53 31 53 53 17 21 47 58
split_gain=9.42857 17.6602 21.6191 20.2017 24.7863 20.1814 17.0967 25.3272 22.3039 24.2959 23.2259 16.6402 14.5415 15.3306 13.263 12.2098 12.9327 11.7689 11.6348 21.3374 23.6206 16.6719 14.7444 37.3958 9.50554
threshold=535533.21875000012 -10507.999999999998 9.3323993682861346 21251.000000000004 57121.500000000007 -2.9785137176513667 -0.57543706893920887 391456.68750000006 -0.71890088915824879 0.023392847739160064 -71159.999999999985 32.875000000000007 402099.00000000006 73039.000000000015 391919.50000000006 -0.21447938680648801 3005506.5000000005 0.80801433324813854 -3.258104562759399 0.64923450350761425 -1.4809319376945493 50727.500000000007 12687.000000000002 0.55023771524429332 21616.000000000004
decision_type=2 2 2 2 2 2 2 2 2 2 2 2 2 2 2 2 2 2 2 2 2 2 2 2 2
left_child=6 2 5 11 -5 -2 7 8 10 -10 -1 -4 13 14 -8 -14 -17 -15 19 20 -3 -21 23 -20 -24
right_child=1 18 3 4 -6 -7 12 -9 9 -11 -12 -13 15 17 -16 16 -18 -19 22 21 -22 -23 24 -25 -26
leaf_value=-0.0079331362472997088 0.0071054014620449829 -0.0095544175597929871 -0.016060253370305512 -0.01655298175794798 0.0057695721534025681 -0.015950341281153756 0.0033013249055410107 -0.01612891476476979 -0.016105629807510239 0.0012555986267748947 0.0075252420887184724 0.010208085474177316 0.018388673347398139 -0.015488307936185637 -0.01012695251493854 0.011446885728997108 0.003487812387239123 0.00597459688296351 0.0044286621861734949 0.0039060429885727096 0.010991968714381685 -0.017153051948854053 0.018684607278092118 -0.016794880261171218 0.003224968778818308
leaf_weight=10.741355821490286 5.3932736665010479 5.8720832616090766 9.0701789110898954 5.2457884550094596 89.718513980507851 12.447699770331381 2695.3110073208809 7.9627840369939795 8.172198221087454 556.94658704102039 96.900328576564789 3.2361083477735511 8.7427629679441434 7.6461663097143155 7.3390557467937461 29.91100500524044 66.219815716147423 3.7553756535053253 209.37444585561752 14.661397844552996 100.71226644515991 5.0436879247426978 11.22697174549103 8.6276140511035901 6.4257274270057669
leaf_count=38 11 21 39 22 199 54 6750 34 35 1522 211 6 9 34 28 47 157 8 481 34 175 21 12 36 16
internal_value=0.00319577 0.00450352 0.00125444 0.00295672 0.00452595 -0.00892461 0.00301349 0.00158837 0.00179955 0.00100277 0.00597339 -0.00907137 0.00335727 0.00321541 0.00326449 0.0070191 0.00597467 -0.00833127 0.00562385 0.00808203 0.00985062 -0.00143347 0.00430224 0.00358414 0.0131138
internal_weight=3986.7 487.056 125.112 107.271 94.9643 17.841 3499.65 680.723 672.76 565.119 107.642 12.3063 2818.93 2714.05 2702.65 104.874 96.1308 11.4015 361.944 126.289 106.584 19.7051 235.655 218.002 17.6527
internal_count=10000 1127 331 266 221 65 8873 1840 1806 1557 249 45 7033 6820 6778 213 204 42 796 251 196 55 545 517 28
is_linear=0
shrinkage=0.01


Tree=144
num_leaves=29
num_cat=0
split_feature=59 59 28 28 49 2 40 47 57 56 68 67 34 49 33 40 21 1 19 51 50 28 50 19 48 58 58 1
split_gain=9.38379 14.0311 23.5378 21.3253 13.1636 13.0194 11.0057 20.8998 10.8618 19.0204 16.8439 27.6073 33.7245 25.341 17.8835 16.2847 25.3314 20.897 15.8381 15.0387 10.5959 9.40268 15.3538 10.1244 16.6632 7.62986 5.19086 3.77226
threshold=1.5933268070220949 1.6532541513442995 239.25000000000003 116.06250000000001 -1.1815841197967527 213806.00000000003 -0.67823415994644154 0.48220521211624151 1.0949720740318301 9.1635432243347186 32.262578964233406 -2.1942590475082393 0.6735961139202119 1.9125389456748965 -0.85511061549186695 -1.0000000180025095e-35 -1388.4999999999998 40995.500000000007 534538.34375000012 -0.035194993019103997 0.001705145637970418 560.84375000000011 0.0037852321984246378 25132.520507812504 -0.65131762623786915 26664.000000000004 1674.0000000000002 123059.50000000001
decision_type=2 2 2 2 2 2 2 2 2 2 2 2 2 2 2 2 2 2 2 2 2 2 2 2 2 2 2 2
left_child=8 21 3 4 -3 -5 20 -8 9 15 11 12 -10 19 -13 16 -1 -17 -15 -12 -4 23 26 24 -2 -25 -23 -24
right_child=1 2 6 5 -6 -7 7 -9 10 -11 13 14 -14 18 -16 17 -18 -19 -20 -21 -22 22 27 25 -26 -27 -28 -29
leaf_value=0.0021930573210028055 0.0087899221856253436 -0.015992897322269217 0.013515105207148645 -0.017107460941219396 0.0028543543206907534 0.001014527156364188 0.0004330279467488417 0.011111940996598565 0.0029235361844975427 -0.014793247665220992 0.014879610017721501 -0.013581336087403599 -0.0073170468899586005 0.010782507651057392 -0.0020856949443068219 0.0010708871139786956 0.0056972829814507997 0.0038998462683676339 0.00081666212948778216 0.0024501410273413903 0.0045218285249770127 -0.017180016763624972 0.014957587054074 0.013884771811425497 -0.016234264865631551 0.0040656584509799233 0.00058348058114815796 0.0031215831688242617
leaf_weight=313.40657584369183 10.369753822684286 3.764611527323722 36.524752885103226 9.3727806061506289 190.80168414115906 6.6980455070734015 49.056431159377098 29.456107333302498 302.09840857982635 5.6578139662742606 9.8589828759431821 18.089627504348755 35.945829585194588 63.188381120562553 54.919649317860603 457.03420449793339 609.88969944417477 612.79133525490761 21.627945706248283 1052.9236847758293 21.050374656915665 4.1101955771446255 5.4334267526864988 42.136404201388359 3.5658988654613486 10.123331561684607 2.5664447546005249 5.8595170080661774
leaf_count=816 20 16 51 39 463 17 128 46 774 26 14 73 126 111 166 1258 1406 1503 56 2705 45 17 7 59 15 23 7 13
internal_value=0.00316253 0.0045607 0.00366642 0.00156601 0.00248454 -0.0094923 0.0069101 0.00445225 0.00299289 0.0034819 0.00236515 0.000625104 0.00183165 0.00298754 -0.00494769 0.00353428 0.00450888 0.00269224 0.00825303 0.00256638 0.0102444 0.00823286 0.00174997 0.00997761 0.0023149 0.0120018 -0.0102021 0.00890485
internal_weight=3988.32 430.89 346.725 210.637 194.566 16.0708 136.088 78.5125 3557.43 1998.78 1558.65 411.054 338.044 1147.6 73.0093 1993.12 923.296 1069.83 84.8163 1062.78 57.5751 84.165 17.9696 66.1954 13.9357 52.2597 6.67664 11.2929
internal_count=10000 966 805 535 479 56 270 174 9034 5009 4025 1139 900 2886 239 4983 2222 2761 167 2719 96 161 44 117 35 82 24 20
is_linear=0
shrinkage=0.01


Tree=145
num_leaves=29
num_cat=0
split_feature=23 3 54 47 72 47 56 30 57 58 38 37 34 68 45 49 47 26 48 49 50 3 18 55 61 18 72 0
split_gain=9.36004 19.5673 28.2383 27.1756 22.0799 21.3446 15.6929 20.7276 17.4054 14.7097 14.7366 19.5575 13.4977 15.521 16.1459 13.287 13.9486 12.3702 21.6091 21.47 11.1541 10.4417 10.3565 10.0368 16.4924 7.70675 5.81135 5.64817
threshold=1303.5000000000002 3953.5000000000005 3.2793884277343754 -1.2681316733360288 -2610373.6249999995 1.2705362439155581 -0.32032199203968043 13.891981124877931 2.0014551877975468 -91655.999999999985 2.8406968116760258 2.377282023429871 -0.23373466730117795 76.010444641113295 -0.75855937600135792 1.4886478781700136 -1.4129502177238462 0.24664279818534854 2.038099050521851 -0.59775102138519276 0.0020697736181318764 -6139.4999999999991 52973.500000000007 0.79831820726394664 138.0511169433594 52973.500000000007 -1523774.6874999998 101174.00000000001
decision_type=2 2 2 2 2 2 2 2 2 2 2 2 2 2 2 2 2 2 2 2 2 2 2 2 2 2 2 2
left_child=9 2 3 -2 -5 22 15 8 -8 12 17 21 13 14 -1 25 -17 18 -11 -19 -9 -12 -4 27 -25 -3 -13 -14
right_child=1 6 5 4 -6 -7 7 20 -10 10 11 26 23 -15 -16 16 -18 19 -20 -21 -22 -23 -24 24 -26 -27 -28 -29
leaf_value=-0.0061820644665000236 -0.015622556262281878 0.0081286195657072 0.018465170201691947 -0.012082083531638838 0.0026971260080152588 -0.0076654123720523463 0.00041530543759447995 0.014118611354386338 0.012665787357377287 0.0022780491491085227 0.0038593739732136413 0.010224629675616657 0.0069250265572480818 -0.016340367505187844 0.0068718568139400464 0.010003679470738984 -0.0092197695829005274 0.0055585910228098476 0.0084919412660433343 0.0027357761061405869 0.0055913566512312586 -0.012535139246332155 0.0067112103951618672 0.0084495853504050894 -0.016156811851901109 0.017514536960674471 -0.003979214480340232 0.015754074681069635
leaf_weight=11.46280951797962 9.1798375099897367 13.819409504532812 19.018338948488239 10.627240076661108 199.91793166100979 5.3898645043373099 83.483347341418266 28.847099542617798 13.507249549031256 2104.7758723646402 4.8226606249809292 9.6484037637710554 10.814827576279638 3.7540405392646781 52.913568526506424 11.579446494579317 5.555552899837493 413.85885998606682 57.626325368881226 779.86053793132305 33.977405250072479 18.308368310332298 12.924218773841856 15.127544969320299 3.3023582249879828 26.415694177150726 3.985901102423667 25.370328530669212
leaf_count=37 40 26 21 42 505 19 221 42 18 5504 14 17 22 16 109 21 19 927 117 1967 71 80 27 29 14 28 14 33
internal_value=0.0031297 0.00445259 0.00257915 0.00120784 0.0019464 0.0106234 0.00666537 0.0050434 0.00213166 0.00295096 0.0028274 -0.00345692 0.0063583 0.00336719 0.00453195 0.0111662 0.00371264 0.00289654 0.00244411 0.00371528 0.00952273 -0.00907376 0.0137407 0.0100713 0.00398623 0.0143156 0.00599888 0.0131429
internal_weight=3989.88 474.243 257.057 219.725 210.545 37.3324 217.185 159.815 96.9906 3515.63 3392.89 36.7653 122.745 68.1304 64.3764 57.3701 17.135 3356.12 2162.4 1193.72 62.8245 23.131 31.9426 54.6151 18.4299 40.2351 13.6343 36.1852
internal_count=10000 1100 654 587 547 67 446 352 239 8900 8640 125 260 162 146 94 40 8515 5621 2894 113 94 48 98 43 54 31 55
is_linear=0
shrinkage=0.01


Tree=146
num_leaves=14
num_cat=0
split_feature=11 11 3 38 47 69 55 9 51 54 1 37 7
split_gain=9.32306 9.63399 30.9214 23.2548 13.8217 10.26 23.2278 20.9561 16.8567 34.2631 21.3976 7.51915 7.02315
threshold=81.835556030273452 62.632709503173835 -4754.4999999999991 0.90517193078994762 0.39904634654521948 94.65845108032228 -0.6303010582923888 2837487.5000000005 0.0018636494060046973 2.7095706462860112 226057.50000000003 1.4134517312049868 1.8299352526664736
decision_type=2 2 2 2 2 2 2 2 2 2 2 2 2
left_child=1 5 11 4 -4 8 -7 -8 10 -10 -1 -3 -5
right_child=-2 2 3 12 -6 6 7 -9 9 -11 -12 -13 -14
leaf_value=0.0024077872519930182 0.016386347673677758 -0.016610224784841591 0.013228280431639091 -0.015842019284060854 -0.0017822482319097088 -0.015690354808262707 -0.0037627462178476275 0.0035331363501731345 0.0045938607680229612 -0.00080723954156919396 0.0057007875696986968 0.0025689645723985751 0.0044903280388343351
leaf_weight=2067.6131919175386 5.3070302009582511 12.344715714454649 18.407000809907917 6.4376352280378324 9.0364543348550779 8.0157417953014356 52.902458623051643 152.94834090769291 1306.2841456979513 128.71615943312645 218.75779746472836 2.34499168395996 2.2144451588392258
leaf_count=5386 7 52 31 28 26 35 176 392 3021 366 468 6 6
internal_value=0.00309729 0.00307934 -0.00123418 0.00372196 0.00824924 0.00313526 0.000998562 0.00165328 0.00325779 0.0041087 0.0027233 -0.0134805 -0.0105225
internal_weight=3991.33 3986.02 50.7852 36.0955 27.4435 3935.24 213.867 205.851 3721.37 1435 2286.37 14.6897 8.65208
internal_count=10000 9993 149 91 57 9844 603 568 9241 3387 5854 58 34
is_linear=0
shrinkage=0.01


Tree=147
num_leaves=28
num_cat=0
split_feature=39 49 27 46 38 37 31 33 72 22 28 51 47 27 28 69 7 55 38 54 40 28 60 24 31 33 2
split_gain=9.20513 15.1655 14.8328 30.7285 17.498 11.6969 17.4505 18.0208 25.1938 20.1445 12.0339 21.2801 21.8935 19.806 19.1114 28.0406 18.476 10.3834 20.2139 10.2954 10.0512 15.5017 19.1106 12.276 8.30634 17.04 7.86719
threshold=2.4510273933410649 -0.1937102526426315 -109543.99999999999 -0.10387073084712027 -1.8229711651802061 -1.8370754718780515 -14.824661731719969 -1.3330656886100767 -2189727.7499999995 139141.11718750003 58.125000000000007 0.02701447252184153 0.45106196403503424 13356.000000000002 267.68750000000006 98.43536758422853 1.3554024100303652 -0.6303010582923888 -1.2926651239395139 0.23973035067319873 -1.7965942025184629 -1.0000000180025095e-35 -0.012548198923468588 6.5000000000000009 0.69944077730178844 -0.6160883605480193 111333.50000000001
decision_type=2 2 2 2 2 2 2 2 2 2 2 2 2 2 2 2 2 2 2 2 2 2 2 2 2 2 2
left_child=5 20 17 -4 -5 6 -1 8 -8 -9 11 12 -7 -13 15 -12 -16 19 -19 -3 24 22 -22 -23 26 -26 -2
right_child=1 2 3 4 -6 10 7 9 -10 -11 14 13 -14 -15 16 -17 -18 18 -20 -21 21 23 -24 -25 25 -27 -28
leaf_value=-0.016141846927457088 0.016473400297559698 0.014324228841306599 -0.014929954170065802 -0.010801134740011858 0.0029490924758652178 0.0017790949790721551 -0.0058838200186919236 0.00033421792148933529 0.0068567944272948612 0.0066378143545384599 0.0056968461628320892 0.0065742992452346143 0.0043581794050760129 -0.015540779893128001 0.0031730779790839453 -0.015991424134806087 -0.0067925151151606014 -0.011130791358978029 0.0088030978577873648 0.0049664401486150958 -0.012010660118801754 -0.0085799702924241068 0.0032951252007029962 0.0079961241336693172 0.0096949847052654036 -0.010381815105793831 0.0078024067468578009
leaf_weight=5.4307155162096015 20.456035941839218 19.226604297757149 11.811438798904417 9.9898894280195218 122.15728679299355 952.66887545585632 17.859400868415833 473.25716510415077 114.93149594962597 56.842889219522476 483.75867322087288 5.9889719933271435 504.7653324753046 12.190784648060797 853.95823605358601 6.0119659006595603 18.9559216350317 9.0100348293781298 11.680941760540007 31.585488319396973 9.0245794206857664 4.600164681673049 83.284581795334816 109.36931423842907 15.53741665184498 5.7680548429489127 22.792460814118385
leaf_count=23 23 26 54 40 301 2513 61 1327 253 127 1093 14 1208 55 2128 26 66 35 22 66 34 15 197 206 26 20 41
internal_value=0.00306509 0.00435846 0.00237082 0.000514084 0.00190205 0.00288544 0.001692 0.00183961 0.00513574 0.00101204 0.0031661 0.00253838 0.00267302 -0.00820039 0.00384511 0.00542858 0.00295552 0.00609503 7.44119e-05 0.00852698 0.00593604 0.00484831 0.00178793 0.00731829 0.0093963 0.00421263 0.0119268
internal_weight=3992.91 486.294 215.462 143.959 132.147 3506.62 668.322 662.891 132.791 530.1 2838.3 1475.61 1457.43 18.1798 1362.68 489.771 872.914 71.5031 20.691 50.8121 270.833 206.279 92.3092 113.969 64.554 21.3055 43.2485
internal_count=10000 1106 544 395 341 8894 1791 1768 314 1454 7103 3790 3721 69 3313 1119 2194 149 57 92 562 452 231 221 110 46 64
is_linear=0
shrinkage=0.01


Tree=148
num_leaves=23
num_cat=0
split_feature=1 65 48 29 67 30 31 19 21 53 40 65 18 40 27 37 61 27 54 54 40 17
split_gain=9.11725 9.35683 22.6836 33.9749 17.8514 16.7879 16.5287 22.2087 18.0509 15.7993 27.6126 28.3584 19.0269 18.3716 29.4876 15.9959 8.01192 15.4811 9.84141 9.68219 13.5697 4.00349
threshold=528355.00000000012 1.7734422087669375 -0.7220546007156371 17.78641510009766 4.2025671005249032 17.449532508850101 -2.6907578706741329 134142.12500000003 -2632.4999999999995 0.37951920926570898 -0.50347372889518727 0.80210420489311229 2358.0000000000005 2.3803361654281621 25864.000000000004 1.3073993921279909 101.23583602905275 245120.00000000003 -0.79887875914573658 0.11762553080916406 0.29339987039566046 1458.5000000000002
decision_type=2 2 2 2 2 2 2 2 2 2 2 2 2 2 2 2 2 2 2 2 2 2
left_child=1 9 6 5 -5 -4 7 -3 -8 13 11 -11 -12 15 -15 -1 18 -18 -2 21 -21 -20
right_child=16 2 3 4 -6 -7 8 -9 -10 10 12 -13 -14 14 -16 -17 17 -19 19 20 -22 -23
leaf_value=0.0031093428067959952 -0.0064254558751927291 -0.015030160435490957 0.0016204708070720459 -0.015407784268360989 -0.0032259566101149745 0.019489343153579527 -0.0048934657322549377 0.015480768953031195 0.013499005355607639 0.0043914025669799768 0.00075977536958441794 0.010109084798469448 0.0040879326282758323 -0.0038162540675327561 0.0058005968654956767 0.00047605756734304591 -0.015227063605740228 0.0085184318724371051 0.0062186077224813778 0.0098285061966582252 -0.0026747984820300903 0.01653270667179375
leaf_weight=2208.2733773887157 4.4731845110654822 6.9162232130765897 39.596161469817162 19.359598472714424 32.513292074203491 6.0963057279586783 6.5683953166007951 3.6194368004798889 26.85806937515736 292.56472906470299 271.13079042732716 124.05851601064205 472.64299954473972 101.47135552763939 46.456402659416199 258.60949240624905 4.6943865269422513 6.5867824554443359 5.2851645052433041 26.890734240412712 12.655769765377043 16.942765235900879
leaf_count=5517 16 32 109 88 110 6 21 4 45 689 724 227 1139 325 107 697 21 13 11 43 39 17
internal_value=0.00303341 0.00296572 0.000433111 -0.00224667 -0.00779164 0.00402643 0.00640312 -0.00445347 0.00985492 0.0030604 0.00403312 0.00609637 0.00287605 0.00262835 -0.000789342 0.00283369 0.00644026 -0.00127404 0.007769 0.00881304 0.00580188 0.0141253
internal_weight=3994.26 3916.74 141.527 97.5654 51.8729 45.6925 43.9621 10.5357 33.4265 3775.21 1160.4 416.623 743.774 2614.81 147.928 2466.88 77.5288 11.2812 66.2476 61.7744 39.5465 22.2279
internal_count=10000 9840 415 313 198 115 102 36 66 9425 2779 916 1863 6646 432 6214 160 34 126 110 82 28
is_linear=0
shrinkage=0.01


Tree=149
num_leaves=31
num_cat=0
split_feature=23 2 33 8 57 47 10 59 53 18 58 34 1 22 18 33 17 26 26 65 48 20 46 53 58 18 0 46 53 57
split_gain=9.18373 17.8814 15.7854 21.6776 19.8481 21.4359 17.2553 15.4405 15.5685 15.1935 14.2487 13.1951 21.0218 15.4307 15.7146 13.0801 17.0442 14.2559 13.0788 12.9401 38.3158 22.545 21.7708 15.4455 28.5315 19.4035 11.2693 7.9196 4.51319 4.25609
threshold=1303.5000000000002 135199.50000000003 -0.31096784770488733 1.3973450064659121 0.99270722270011913 1.4177067279815676 -0.00065457000164315094 1.3802675008773806 -1.4809319376945493 20593.000000000004 -91655.999999999985 -0.23373466730117795 98047.000000000015 139141.11718750003 2146.5000000000005 -0.75758251547813404 98079.500000000015 0.09146431460976602 0.040142841637134559 1.4724457263946535 -0.74955633282661427 20868.695312500004 -0.43731649219989771 0.48512905836105352 -4471.9999999999991 2358.0000000000005 58880.500000000007 1.2094430923461916 0.61027696728706371 1.3358714580535891
decision_type=2 2 2 2 2 2 2 2 2 2 2 2 2 2 2 2 2 2 2 2 2 2 2 2 2 2 2 2 2 2
left_child=10 2 4 6 5 -2 -4 8 27 -6 11 13 29 14 -1 17 -17 -9 -10 23 21 -21 -22 25 -25 -12 -14 -3 -5 -13
right_child=1 7 3 28 9 -7 -8 15 18 -11 19 12 26 -15 -16 16 -18 -19 -20 20 22 -23 -24 24 -26 -27 -28 -29 -30 -31
leaf_value=-0.0062299341943233121 0.00088152274610846942 0.01759737106668556 0.0025969464026631924 -0.015133545059704557 0.015905259887064972 -0.01614117042992623 0.009518764998239438 0.0041326185170376716 0.0044990265345170085 0.0040811027285880316 0.0034970061387010181 -0.016198226292274104 -0.00099470591851940791 -0.015218441939346771 0.0067580890636028436 0.011027418673192558 -0.0052748958980566611 -0.01587827656395879 -0.0071245564437576363 -0.0035539769115114084 -0.010098076907308467 0.0094826780989569932 -0.00060503241534451912 0.00167663411968028 0.0055252608007325408 0.0016655739946527454 0.013723344184394665 0.00010301589374461132 0.0015129935218888351 0.00088069056547864606
leaf_weight=11.239445015788077 43.39272129535675 5.1839218288660032 47.852009505033493 4.9306213706731787 12.630523741245268 8.897694066166876 151.1038805693388 9.9461246281862241 12.44351541996002 82.197261109948158 1017.6890913248062 3.098552629351615 5.772343471646308 4.2315969020128241 52.668038085103035 32.696933463215828 7.8869364708662024 5.5088850706815711 42.281193673610687 17.429771363735199 30.859639510512352 54.243652865290642 112.50348378717899 313.2329459041357 503.97473813593388 1348.3470738530159 43.181758314371109 5.3990172743797302 2.2775475084781647 2.5593490749597549
leaf_count=35 116 6 112 22 18 38 273 23 30 193 2495 13 17 19 108 52 26 24 146 57 123 107 342 810 1144 3562 61 15 6 7
internal_value=0.00300203 0.00431183 0.00545003 0.00723899 0.00293628 -0.00199592 0.00785899 0.000989896 -0.00230404 0.00566656 0.00282519 0.00617864 0.00984984 0.00322159 0.00445823 0.00484649 0.00783464 -0.00293549 -0.00446327 0.00270376 0.000324312 0.00629843 -0.00265543 0.00286419 0.00405132 0.00245374 0.0119675 0.0087669 -0.00973505 -0.00829584
internal_weight=3995.66 474.629 353.282 206.164 147.118 52.2904 198.956 121.347 65.3076 94.8278 3521.03 122.751 54.612 68.1391 63.9075 56.0389 40.5839 15.455 54.7247 3398.28 215.037 71.6734 143.363 3183.24 817.208 2366.04 48.9541 10.5829 7.20817 5.6579
internal_count=10000 1100 778 413 365 154 385 322 197 211 8900 260 98 162 143 125 78 47 176 8640 629 164 465 8011 1954 6057 78 21 28 20
is_linear=0
shrinkage=0.01


Tree=150
num_leaves=30
num_cat=0
split_feature=61 38 19 39 45 3 10 65 65 61 58 49 18 28 61 50 1 35 38 72 45 27 45 30 62 3 23 62 51
split_gain=9.04988 12.9417 20.7352 24.672 22.449 20.3727 32.2382 23.6894 21.1804 18.6029 17.942 17.0632 16.9774 12.8199 28.6467 29.8655 24.0909 19.028 18.0293 24.0121 20.8023 17.5622 20.7664 16.126 15.7899 29.9586 19.2553 10.9378 7.39206
threshold=117.21471023559572 0.82196417450904857 87832.300781250015 -0.47045974433422083 -0.89340072870254505 -2897.9999999999995 -0.0011660349555313585 -0.65003374218940724 1.4724457263946535 114.60720443725587 96168.000000000015 -1.1815841197967527 3504.0000000000005 -57.937499999999993 135.39043426513675 0.0056939432397484788 40995.500000000007 -1.6065695881843565 -1.473759591579437 -957701.49999999988 -0.75855937600135792 -30087.999999999996 -0.8612157106399535 103.72788619995119 66.37485504150392 -2897.9999999999995 1654.0000000000002 27.185227394104007 0.022325083613395694
decision_type=2 2 2 2 2 2 2 2 2 2 2 2 2 2 2 2 2 2 2 2 2 2 2 2 2 2 2 2 2
left_child=1 5 4 -4 11 8 27 -8 10 -6 -1 -3 -5 14 24 16 -16 18 19 -15 -20 22 -19 -23 26 -26 -2 -7 -17
right_child=13 2 3 12 9 6 7 -9 -10 -11 -12 -13 -14 17 15 28 -18 21 20 -21 -22 23 -24 -25 25 -27 -28 -29 -30
leaf_value=0.0032192491798120853 -0.0042060454339581431 -0.0088253575116848375 -0.016647317196839068 0.015609190195082848 -0.0023285063337010132 -0.013118350832944794 0.0021802141310289049 0.0071141679931373339 -0.014859970152518411 0.0089706325011640331 -0.011715074434934518 0.0094167340297529219 0.0045359300301427378 -0.0096496319142421721 0.00066766186907128017 -0.01550425976444372 0.0040497731390436199 -0.0057672596060397178 0.014742303249538418 0.014570852521669253 0.0055839652229772285 0.0033778908507350602 0.0017875483208065449 0.016413000451414771 0.011994218656714326 -0.01624800422599499 0.0065272428380609348 0.0028429627985435786 0.0035128117757228512
leaf_weight=558.37848263978958 141.21915890276432 5.9392534643411627 5.0216754078865042 15.881163522601126 171.39779658615589 12.030576258897783 128.6000162512064 408.32695429027081 6.6985697150230399 15.899309009313582 8.1343705803155881 35.440066963434219 114.17897564172745 13.677544414997103 344.67364647984505 11.328574851155279 544.64627577364445 41.813726022839546 33.386988386511803 5.8247347325086585 99.355778902769089 936.5694584697485 278.55472274124622 9.6300141960382444 17.763913109898571 4.7388146519660941 18.892436817288399 6.5348194390535346 2.3946598023176184
leaf_count=1340 460 21 21 20 518 47 323 831 31 32 30 67 263 50 955 50 1331 137 51 9 232 2318 734 13 32 20 41 16 7
internal_value=0.00297107 0.00358924 0.00194371 0.00505029 0.000104251 0.00411867 0.00548529 0.00593429 0.00279255 -0.001364 0.00300305 0.00677424 0.00589573 0.00260229 0.00178233 0.00251327 0.00274009 0.00322901 0.00657419 -0.00236444 0.00789497 0.00282611 0.000798391 0.00351161 -0.00182675 0.00600229 -0.00293332 -0.00744628 -0.012113
internal_weight=3996.93 1492.46 363.758 135.082 228.676 1128.7 555.492 536.927 573.211 187.297 566.513 41.3793 130.06 2504.47 1085.66 903.043 889.32 1418.81 152.245 19.5023 132.743 1266.57 320.368 946.199 182.614 22.5027 160.112 18.5654 13.7232
internal_count=10000 3560 942 304 638 2618 1217 1154 1401 550 1370 88 283 6440 2896 2343 2286 3544 342 59 283 3202 871 2331 553 52 501 63 57
is_linear=0
shrinkage=0.01


Tree=151
num_leaves=20
num_cat=0
split_feature=27 72 23 38 26 30 51 54 50 57 28 31 66 36 58 30 50 54 22
split_gain=9.0632 20.0978 27.7538 18.615 13.858 14.8808 12.7792 23.7853 22.9292 21.5741 19.5144 27.725 22.1524 19.2066 19.0862 15.4775 15.2055 4.71564 3.49819
threshold=-195935.99999999997 -897330.21874999988 674.50000000000011 0.82196417450904857 1.0127141475677492 32.550842285156257 0.0022384485928341751 6.051577329635621 -0.010301450267434118 2.0014551877975468 -57.937499999999993 5.9219098091125497 1.2114875316619875 -2.1538465023040767 -14491.999999999998 9.1856303215026873 -0.0088110771030187589 1.5526572465896609 36135.695312500007
decision_type=2 2 2 2 2 2 2 2 2 2 2 2 2 2 2 2 2 2 2
left_child=1 3 -3 4 5 -1 8 13 9 14 12 -12 -10 -8 -2 -9 -15 -6 -11
right_child=6 2 -4 -5 17 -7 7 15 10 18 11 -13 -14 16 -16 -17 -18 -19 -20
leaf_value=0.0060375633043713087 0.0092851239020250373 -0.01658699389944614 0.014156434847702657 -0.01624103292137527 0.0084911394837562226 -0.0055964495418228009 -0.016181138283837292 0.0045514735563662737 0.0015562089588828873 -0.016710647926099484 0.0035832105221081101 -0.001980593060908086 -0.0033582015613776305 -0.0026799861601923421 0.00077537731062227644 -0.015375455476638204 0.0038288433410300768 0.018892881224252828 -0.0013894910787239396
leaf_weight=169.48585584759712 100.76580376923084 9.2766866236925107 4.2653542160987845 3.7634121328592292 8.2781377881765383 11.667710140347479 4.8652897030115119 5.9555059075355556 905.69654014706612 4.2642864137887946 902.28590421378613 99.191346973180771 101.95044709742069 36.549611002206802 36.049815967679024 10.937093183398245 1569.961393892765 10.471401572227476 2.5220032036304474
leaf_count=367 191 39 6 16 15 37 21 14 2423 18 2231 291 310 106 96 50 3753 9 7
internal_value=0.00294042 0.00493304 -0.00682985 0.00572008 0.00613852 0.00528272 0.00282569 0.00349537 0.0023187 0.00618245 0.00204204 0.00303114 0.00105799 0.00361955 0.00705018 -0.008291 0.00368014 0.0143537 -0.0111642
internal_weight=3998.2 217.209 13.542 203.667 199.903 181.154 3781 1628.27 2152.73 143.602 2009.12 1001.48 1007.65 1611.38 136.816 16.8926 1606.51 18.7495 6.78629
internal_count=10000 489 45 444 428 404 9511 3944 5567 312 5255 2522 2733 3880 287 64 3859 24 25
is_linear=0
shrinkage=0.01


Tree=152
num_leaves=14
num_cat=0
split_feature=11 11 3 38 47 69 55 9 51 54 50 37 7
split_gain=8.99825 9.3523 30.1381 22.5469 13.4482 9.98559 22.7261 20.2711 16.0002 33.5021 21.0504 7.40878 6.91089
threshold=81.835556030273452 62.632709503173835 -4754.4999999999991 0.90517193078994762 0.39904634654521948 94.65845108032228 -0.6303010582923888 2837487.5000000005 0.0018636494060046973 2.7095706462860112 -0.010301450267434118 1.4134517312049868 1.8299352526664736
decision_type=2 2 2 2 2 2 2 2 2 2 2 2 2
left_child=1 5 11 4 -4 8 -7 -8 10 -10 -1 -3 -5
right_child=-2 2 3 12 -6 6 7 -9 9 -11 -12 -13 -14
leaf_value=0.0057729133782172849 0.015951819048777141 -0.016573612294184845 0.012868324406513296 -0.015806940204775417 -0.0019231409741227968 -0.015677900494199586 -0.0038370945526881675 0.0033342750492108674 0.0043754848347574869 -0.00096183790801250395 0.0022620476884340434 0.0024560020433223892 0.0043681917727575806
leaf_weight=186.34561415016651 5.3172491341829291 12.321153685450552 18.476899862289432 6.422980919480322 9.0478895902633649 8.0063264369964582 52.959747359156609 153.24575565755367 1308.8953026682138 128.88472627103329 2105.1038316637278 2.3468798249959937 2.2129381746053696
leaf_count=406 7 52 31 28 26 35 176 392 3021 366 5448 6 6
internal_value=0.00291 0.00289239 -0.00135626 0.00352607 0.00796977 0.0029474 0.000841361 0.0014876 0.00306811 0.00389634 0.002548 -0.0134607 -0.0105213
internal_weight=3999.59 3994.27 50.8287 36.1607 27.5248 3943.44 214.212 206.206 3729.23 1437.78 2291.45 14.668 8.63592
internal_count=10000 9993 149 91 57 9844 603 568 9241 3387 5854 58 34
is_linear=0
shrinkage=0.01


Tree=153
num_leaves=28
num_cat=0
split_feature=23 3 54 47 47 52 56 40 30 38 68 1 60 23 40 69 39 34 69 18 18 38 24 26 26 60 50
split_gain=8.95021 18.8271 27.621 26.4694 20.7964 19.6825 15.3651 20.9795 21.7922 13.1115 19.8932 13.11 16.8396 20.6798 14.1175 13.7656 24.166 10.8289 16.9712 10.1772 10.056 10.0507 9.30326 7.29418 18.2138 6.61684 3.22046
threshold=1303.5000000000002 3953.5000000000005 3.2793884277343754 -1.2681316733360288 1.2705362439155581 0.018433980643749241 -0.32032199203968043 0.44618736207485205 16.638831138610843 2.8406968116760258 78.571483612060561 277405.50000000006 -0.017489163205027577 115.50000000000001 2.3803361654281621 88.342964172363295 1.2342023849487307 1.4731591343879702 97.153057098388686 860.50000000000011 52973.500000000007 -1.9910878539085386 674.50000000000011 0.051178522408008582 0.082214117050170912 0.010363396722823383 0.0007771213713567705
decision_type=2 2 2 2 2 2 2 2 2 2 2 2 2 2 2 2 2 2 2 2 2 2 2 2 2 2 2
left_child=9 2 3 -2 20 -5 23 8 -8 11 19 12 13 -1 -14 22 -17 18 -12 -11 -4 -9 -13 26 -25 -21 -3
right_child=1 6 4 5 -6 -7 7 21 -10 10 17 15 14 -15 -16 16 -18 -19 -20 25 -22 -23 -24 24 -26 -27 -28
leaf_value=-0.013309180408515461 -0.015631415728906476 0.010734733270922217 0.018007017804884059 0.0022375632229998119 -0.0077520673605394252 -0.016096765161071148 -0.0015841115753748125 -0.0067578113709452856 0.0092079247761117262 0.0037893667057145707 -0.015246287280354945 0.0049796081943480784 0.0028298820517669381 0.0052580028009233514 -2.1118884312451506e-05 -0.015480666961422173 0.0036417094822146145 0.014867130885639439 0.01157105310159756 -0.015189969232938368 0.006433992592439066 0.009794573462368816 0.010264127533253273 -0.0096235351562614369 0.010856228304865915 0.0018046120212987227 0.018379153754387752
leaf_weight=14.482720121741297 9.1777800768613798 10.923757642507555 19.065132588148117 205.00018674135208 5.3991323709487906 6.0166767984628668 64.094991847872734 3.8126490265130988 26.371741205453873 4.6590407937765148 4.6525235176086444 150.09557175636292 3044.3382507264614 10.145037099719046 183.45555557310581 8.264315262436865 32.966255366802216 6.8649131506681433 4.7702684849500656 15.172753587365152 12.937641963362692 65.711565583944321 43.549849778413773 5.0897115468978873 27.962947383522987 2.5773558765649787 13.426892578601835
leaf_count=57 40 18 21 521 19 26 179 12 47 13 21 328 7646 23 525 37 81 10 9 68 27 114 74 17 46 8 13
internal_value=0.00287989 0.00417242 0.00233731 0.000982722 0.0102854 0.00171006 0.00634229 0.00473869 0.0015508 0.00270549 -0.00307112 0.00276987 0.00260447 -0.0056201 0.00266753 0.00505601 -0.000166953 0.0053 -0.00156394 -0.00920016 0.0133597 0.00887247 0.00617323 0.0107943 0.00767234 -0.012666 0.0149909
internal_weight=4000.99 474.991 257.597 220.195 37.4019 211.017 217.394 159.991 90.4667 3525.99 38.6969 3487.3 3252.42 24.6278 3227.79 234.876 41.2306 16.2877 9.42279 22.4092 32.0028 69.5242 193.645 57.4033 33.0527 17.7501 24.3507
internal_count=10000 1100 654 587 67 547 446 352 226 8900 129 8771 8251 80 8171 520 118 40 30 89 48 126 402 94 63 76 31
is_linear=0
shrinkage=0.01


Tree=154
num_leaves=26
num_cat=0
split_feature=39 64 20 39 33 40 59 50 33 40 37 46 31 59 65 27 10 28 34 47 56 37 58 72 17
split_gain=8.93082 12.6212 15.7438 20.3708 19.5046 16.984 20.3185 15.2321 13.2131 12.3543 11.3912 16.9164 17.4107 20.0864 14.1505 22.5041 29.0783 13.2971 22.28 19.9758 11.2209 10.0464 9.44131 5.47356 4.33359
threshold=2.4510273933410649 9.2631258964538592 263633.18750000006 3.0047349929809575 -0.82014718651771534 -2.1408281326293941 1.7985332012176516 0.00044193038775119936 -1.1739287376403806 -2.7409170866012569 -1.8370754718780515 2.5288528203964238 -14.824661731719969 0.87513852119445812 -1.301158010959625 -45255.999999999993 -0.00033237499883398408 58.125000000000007 0.26502092182636267 0.45106196403503424 0.33426189422607427 -0.12549073249101636 -21807.999999999996 -1063393.3124999998 29792.500000000004
decision_type=2 2 2 2 2 2 2 2 2 2 2 2 2 2 2 2 2 2 2 2 2 2 2 2 2
left_child=10 8 5 7 -5 9 -7 -4 -2 -3 11 12 -1 -14 15 22 -17 19 -19 -16 21 -10 -12 -13 -22
right_child=1 2 3 4 -6 6 -8 -9 20 -11 14 23 13 -15 17 16 -18 18 -20 -21 24 -23 -24 -25 -26
leaf_value=-0.016128103165253517 -0.015652585004125051 0.004969601045794244 -0.015817161073099047 -0.0091451833660191953 0.005346240080142086 0.0053193214674013235 -0.00076651981396122883 -0.0014586306571872769 0.0077970733119895972 0.014175228634383868 0.016046234256158268 -0.015998588189258749 0.004670333393552612 0.00075386264382436329 0.0012828851819730236 0.0078217014607818817 -0.012042254739674407 0.0062094378411071413 0.0029200388790553097 0.0037778460822929924 0.015305911862196365 -0.016229058957469174 0.0070660865688398746 0.0010803761188164884 0.0085113538024369027
leaf_weight=5.4268478751182547 2.0617893934249869 30.011360317468643 11.014919221401213 10.846089556813238 63.192189544439316 193.58434882760048 76.175703689455986 22.996432304382324 4.5822386145591736 29.212015062570572 23.233798936009407 7.232211634516716 181.44117465615273 473.71417771279812 924.11522798240185 20.218873158097271 11.588946551084517 254.65690058469772 1093.85509981215 493.25051593780518 21.083267778158188 2.7950607240200034 24.779154404997826 2.3897794634103757 18.707451164722443
leaf_count=23 9 63 48 38 139 422 208 66 8 37 31 31 437 1294 2460 42 46 562 2715 1194 23 12 53 6 33
internal_value=0.00285025 0.00412427 0.00357973 0.000258058 0.00320984 0.00466765 0.00359708 -0.00613819 0.00893806 0.00952718 0.00267376 0.00149784 0.0016909 0.00184003 0.00295036 0.00710962 0.000552975 0.00282996 0.00354196 0.00215185 0.0100342 -0.00117023 0.0114325 -0.0116528 0.0121366
internal_weight=4002.17 486.263 437.033 108.05 74.0383 328.983 269.76 34.0114 49.2298 59.2234 3515.9 670.204 660.582 655.155 2845.7 79.8208 31.8078 2765.88 1348.51 1417.37 47.168 7.3773 48.013 9.62199 39.7907
internal_count=10000 1106 1021 291 177 730 630 114 85 100 8894 1791 1754 1731 7103 172 88 6931 3277 3654 76 20 84 37 56
is_linear=0
shrinkage=0.01


Tree=155
num_leaves=27
num_cat=0
split_feature=59 39 64 21 60 63 17 59 21 20 19 52 3 22 22 39 59 35 31 20 53 33 37 37 24 36
split_gain=8.84974 14.0844 14.4256 14.2105 12.1122 24.6603 14.1375 10.4758 24.4858 22.4868 23.7919 21.7566 24.3275 22.1478 16.3033 18.6494 23.5165 20.3201 16.8763 26.2748 15.2118 8.62715 8.1601 7.1724 10.7617 2.38329
threshold=1.5933268070220949 1.7431697249412539 9.2631258964538592 -4572.4999999999991 -0.002559178625233471 14.297386169433596 23006.500000000004 0.87513852119445812 -982.99999999999989 26999.040039062504 227782.85937500003 0.015451190061867239 -15693.499999999998 -159549.26562499997 253673.23437500003 1.6321697235107424 1.4086418747901919 -1.012429356575012 -12.781009197235106 352108.71875000006 0.37951920926570898 -0.95408442616462696 0.13910119980573657 -1.0729357004165647 40.500000000000007 -0.95141756534576405
decision_type=2 2 2 2 2 2 2 2 2 2 2 2 2 2 2 2 2 2 2 2 2 2 2 2 2 2
left_child=7 3 21 -2 5 -4 -6 8 9 -1 -11 13 -13 -10 18 17 -17 -16 19 -9 -20 -3 -23 25 -25 -5
right_child=1 2 4 23 6 -7 -8 14 11 10 -12 12 -14 -15 15 16 -18 -19 20 -21 -22 22 -24 24 -26 -27
leaf_value=0.016410905808823539 -0.016371936815867905 -0.002439888894263735 -0.0099620826735157854 0.010598946522765463 0.0028765142750016705 0.0024009402937402997 0.0087905937407996779 -0.0096925722319645118 -0.0043332701467820164 -0.0013874180295250641 0.0043870478842876664 0.0096931842581069148 -0.010955480674755356 0.0057814203308704072 -0.0016102955696052938 0.0053899007007212549 -0.01658088487811166 0.0086192049737861751 0.0017122167074591066 0.010751167554858772 0.0033661070866178818 0.013976736622594533 0.0048095404689067096 -0.016897544081605317 0.0094912914298879627 0.018645542092898006
leaf_weight=9.6344792693853361 1.8860881775617588 5.8469674140214911 19.791758045554161 6.3787994831800487 187.73415037989616 87.26437982916832 51.897749722003937 26.226947784423828 22.518277198076248 181.33060412108898 117.50015762448311 8.5075667053461093 17.149697408080101 497.88673070073128 23.312183186411858 12.031226411461832 8.1463148891925794 111.72472448647022 1697.7216215878725 8.2289886027574521 830.68020559847355 25.32916359603405 16.407047718763351 1.7064216732978845 14.453509494662283 12.056514024734495
leaf_count=13 8 17 73 11 443 213 93 94 72 529 279 16 66 1131 66 27 35 213 4436 15 2042 30 35 7 25 11
internal_value=0.00282092 0.00417902 0.00362503 0.0101388 0.00291207 0.000106014 0.00416152 0.00265689 0.00362482 0.00136809 0.000879754 0.00489779 -0.00406972 0.00534183 0.00235222 0.00550344 -0.00343084 0.00684582 0.00216098 -0.00478104 0.00225598 0.00879856 0.010397 0.0116131 0.00664286 0.0159156
internal_weight=4003.35 430.753 394.271 36.4813 346.688 107.056 239.632 3572.6 854.528 308.465 298.831 546.062 25.6573 520.405 2718.07 155.214 20.1775 135.037 2562.86 34.4559 2528.4 47.5832 41.7362 34.5952 16.1599 18.4353
internal_count=10000 966 904 62 822 286 536 9034 2106 821 808 1285 82 1203 6928 341 62 279 6587 109 6478 82 65 54 32 22
is_linear=0
shrinkage=0.01


Tree=156
num_leaves=19
num_cat=0
split_feature=27 72 38 17 51 54 50 59 58 36 28 59 31 9 30 69 36 51
split_gain=8.87238 19.6021 18.1722 15.9308 12.3051 23.2046 22.0182 23.9188 19.734 18.7742 18.7286 28.2804 27.0765 16.049 15.1259 11.9313 13.8928 13.8446
threshold=-195935.99999999997 -897330.21874999988 0.82196417450904857 15399.500000000002 0.0022384485928341751 6.051577329635621 -0.010301450267434118 1.9452545642852785 -14491.999999999998 -2.1538465023040767 -57.937499999999993 0.61053287982940685 5.9219098091125497 7075888.0000000009 9.1856303215026873 22.847893714904789 -0.6276535391807555 -0.0040009079966694108
decision_type=2 2 2 2 2 2 2 2 2 2 2 2 2 2 2 2 2 2
left_child=1 2 15 -3 6 9 7 8 -2 -6 11 -8 -12 -11 -7 17 -17 -1
right_child=4 3 -4 -5 5 14 10 -9 -10 13 12 -13 -14 -15 -16 16 -18 -19
leaf_value=0.0044523544938059921 0.0090224556607671185 -0.016481916730275215 -0.016182023574200337 0.0052906544444632723 -0.016136730451380754 0.0043685055978993767 0.011118928742681042 -0.016693460625844429 0.00057189671366648595 0.0030965703521721208 0.0034235100203929164 0.00067081902485632231 -0.0020709851336275275 0.0059011021204983909 -0.015338456317575744 0.010406946748136333 -0.001496666093187108 -0.016224278333962585
leaf_weight=112.31493639945984 100.97038015723228 7.5966582000255567 3.755675107240676 5.9337447285652161 4.8569009006023398 5.9553436040878323 26.626328215003014 4.4885016083717337 38.403267040848732 1367.8012007921934 904.13721218705177 982.70829570293427 99.330184385180473 241.0589063167572 10.904631361365317 73.212715208530426 11.154919251799582 3.3153458982706061
leaf_count=259 191 32 16 13 21 14 50 19 102 3358 2231 2683 291 501 50 124 31 14
internal_value=0.0027919 0.00476296 0.00553967 -0.00685967 0.00267855 0.00333525 0.00218157 0.00596428 0.00670115 0.00345763 0.00191071 0.000947432 0.00287863 0.0035174 -0.00831818 0.00595257 0.00882122 0.00385087
internal_weight=4004.53 217.284 203.754 13.5304 3787.24 1630.58 2156.66 143.862 139.374 1613.72 2012.8 1009.33 1003.47 1608.86 16.86 199.998 84.3676 115.63
internal_count=10000 489 444 45 9511 3944 5567 312 293 3880 5255 2733 2522 3859 64 428 155 273
is_linear=0
shrinkage=0.01


Tree=157
num_leaves=14
num_cat=0
split_feature=11 65 38 27 67 36 37 27 38 67 53 36 24
split_gain=8.79257 10.5032 16.1792 14.7063 18.7877 17.0053 15.7257 18.806 14.0594 13.4994 16.0004 13.3719 5.8944
threshold=81.835556030273452 1.989093065261841 0.48426859080791479 50888.000000000007 5.3848581314086923 -1.4427297711372373 1.6164382100105288 22160.000000000004 2.289339661598206 4.2025671005249032 0.031883878633379943 1.8900397419929507 2124.5000000000005
decision_type=2 2 2 2 2 2 2 2 2 2 2 2 2
left_child=1 3 12 6 5 -5 8 -8 -1 11 -11 -4 -3
right_child=-2 2 9 4 -6 -7 7 -9 -10 10 -12 -13 -14
leaf_value=0.0025936757621732305 0.015646261406691668 -0.01435848217893218 -0.014347637147803256 -0.0046908512661109113 -0.016171265396852871 0.0048871271425649891 -0.0089340773989110018 0.0010213462127332564 0.0064333553693391469 -0.014496945311073949 0.0047142258834744323 0.001278497477567162 0.0026964953849834563
leaf_weight=3150.5375019609928 5.3235631585121146 10.224161520600317 9.8673614859581011 19.125832185149193 4.3952385485172263 512.55107007920742 23.969024822115898 90.576741755008698 98.729701548814774 4.6445185840129843 61.255177780985832 12.07183627784252 2.4101306796073905
leaf_count=7913 7 49 48 61 19 1142 85 245 218 22 149 35 7
internal_value=0.00276318 0.00274578 -0.000437974 0.00282806 0.00436902 0.0045407 0.00258219 -0.00105312 0.00271065 0.00107356 0.00334507 -0.00570392 -0.0110259
internal_weight=4005.68 4000.36 100.473 3899.89 536.072 531.677 3363.81 114.546 3249.27 87.8389 65.8997 21.9392 12.6343
internal_count=10000 9993 310 9683 1222 1203 8461 330 8131 254 171 83 56
is_linear=0
shrinkage=0.01


Tree=158
num_leaves=27
num_cat=0
split_feature=61 9 61 37 54 47 48 54 68 59 68 38 2 2 22 3 42 65 65 59 40 7 30 59 62 65
split_gain=8.79113 15.8259 19.8967 15.8375 13.3089 20.2029 17.7529 16.7459 13.7659 21.0163 20.9783 12.5598 20.9924 28.1837 24.6869 20.036 31.5277 22.9099 20.4647 18.7235 18.6979 16.1407 12.2888 11.3286 10.6954 5.82465
threshold=117.21471023559572 8482377.0000000019 124.99787521362306 -2.3292471170425411 -0.90696880221366871 1.6767125725746157 -1.2603750824928281 -1.0576315522193906 18.705235481262211 1.193777918815613 34.990983963012702 0.82196417450904857 49921.000000000007 32935.000000000007 1.0000000180025095e-35 -2897.9999999999995 -0.0011660349555313585 -0.65003374218940724 1.4724457263946535 0.70105105638504039 3.1411072015762334 1.2669808864593508 78.409255981445327 0.74770158529281627 27.185227394104007 1.989093065261841
decision_type=2 2 2 2 2 2 2 2 2 2 2 2 2 2 2 2 2 2 2 2 2 2 2 2 2 2
left_child=11 4 -3 -4 5 6 -2 -7 9 -6 -10 15 13 14 -13 18 24 -18 19 -1 21 -14 -15 -5 -17 -22
right_child=1 2 3 23 8 7 -8 -9 10 -11 -12 12 20 22 -16 16 17 -19 -20 -21 25 -23 -24 -25 -26 -27
leaf_value=0.0139946690709287 0.010853345871343916 -0.015294411831406816 -0.01480165534783872 -0.0049401705517686818 0.0077668209362092575 -0.015695802344414891 0.0033555173815222406 0.010486297729885397 -0.00053617020947928612 -0.0015198293883450164 0.0021216929236549348 0.01128031713586122 0.0035460458420477599 -0.01477185103825894 -0.0052997026397713668 -0.013175829874553929 0.0019735786921120375 0.0068214351830865163 -0.014834394358883363 0.0024608078939988478 -0.016014045589738717 -0.016196367827995852 0.002946504522238214 0.0071015602737937947 0.0025938107021634873 0.0013219788507354813
leaf_weight=14.48582088947296 33.880681470036507 4.4963057339191428 3.5558528006076804 8.1518021076917631 83.447867348790169 9.4360705167055112 496.25348038971424 3.2488398700952521 383.77301472425461 34.186944574117661 1304.4939563274384 16.257785931229591 288.72181862592697 21.234461903572086 19.985400378704071 12.032948881387712 128.81798441708088 408.99918073415756 6.674227610230445 553.06215341389179 6.7366185784339887 4.1841964274644843 4.6889213770627967 146.98739956319332 6.5464120209217063 2.5766504406929016
leaf_count=21 59 20 16 30 181 41 1223 6 1107 99 3380 29 697 85 64 47 323 831 31 1349 29 18 12 278 16 8
internal_value=0.00273469 0.00237197 0.00538734 0.00597962 0.00216203 0.00353685 0.00383659 -0.00891125 0.00174823 0.00505944 0.00151692 0.00334348 0.00172399 -0.00356108 0.00211009 0.00386454 0.00521863 0.00566214 0.00255075 0.00275695 0.00281444 0.00326061 -0.0115284 0.00646238 -0.0075656 -0.0111104
internal_weight=4006.92 2511.91 163.191 158.695 2348.72 542.819 530.134 12.6849 1805.9 117.635 1688.27 1495 364.386 62.1666 36.2432 1130.62 556.397 537.817 574.222 567.548 302.219 292.906 25.9234 155.139 18.5794 9.31327
internal_count=10000 6440 344 324 6096 1329 1282 47 4767 280 4487 3560 942 190 93 2618 1217 1154 1401 1370 752 715 97 308 63 37
is_linear=0
shrinkage=0.01


Tree=159
num_leaves=27
num_cat=0
split_feature=39 49 33 3 65 33 3 57 68 38 60 49 56 56 68 48 55 56 58 56 45 22 59 56 72 3
split_gain=8.70909 14.8433 14.0315 22.5991 18.8959 13.4309 15.4028 11.4473 19.8684 36.8761 25.5091 24.6693 20.5177 18.2194 15.6648 26.4289 22.4099 15.3633 14.8043 10.5106 10.1113 11.5283 6.93158 9.13862 6.81842 5.25265
threshold=2.4510273933410649 -0.79283851385116566 0.91629186272621166 24990.500000000004 1.989093065261841 -0.88798782229423512 -25360.999999999996 1.0949720740318301 32.262578964233406 -0.39383891224861139 0.0012893704697489741 1.9125389456748965 -0.95245903730392445 9.1635432243347186 21.796365737915043 2.038099050521851 -0.80629998445510853 1.096113443374634 -9487.9999999999982 2.9769973754882817 2.5106227397918706 -92027.164062499985 1.7193740010261538 0.28243839740753179 -891525.34374999988 2745.0000000000005
decision_type=2 2 2 2 2 2 2 2 2 2 2 2 2 2 2 2 2 2 2 2 2 2 2 2 2 2
left_child=7 5 20 24 -5 6 19 13 9 12 -11 18 -9 14 15 -1 -16 -13 -10 -2 21 -3 25 -24 -4 -7
right_child=1 2 3 4 -6 22 -8 8 11 10 -12 17 -14 -15 16 -17 -18 -19 -20 -21 -22 -23 23 -25 -26 -27
leaf_value=0.0066867905684559713 -0.0046225974662890221 -0.0044684260327309266 -0.016776159602888769 0.0056979281533032456 -0.014836845283724316 0.014089463105739386 -0.016017710582292375 -0.01040017878266297 0.00043185336294654055 -0.015991122738133561 -0.00048936624686939253 0.0098762371992753666 0.0015385025679924597 -0.014846821636544077 -0.0007351489624386092 -0.016619839787207151 0.0031533076449136088 -2.6816662625085822e-05 0.0029610618869883483 0.011325491431077488 0.012864292184306219 0.0038474773015803212 -0.0078751784944442512 0.0073274123001957053 0.0016693714503144563 0.0077412473163973082
leaf_weight=164.35755145549774 7.0886217057704988 17.539901107549667 10.623423650860785 26.909603878855705 5.3609452545642844 28.956350326538086 4.6576570421457282 15.044897750020025 350.07975743710995 23.032799273729324 19.943779036402702 68.350648388266563 325.8932022601366 5.6671881079673758 162.16722513735294 4.990398481488227 1673.536621555686 20.062796428799629 688.60481402277946 9.7053867280483228 11.756268247961996 300.46714435517788 4.4776878654956809 30.688450530171394 2.3514278829097739 25.594034671783447
leaf_count=363 22 55 45 56 25 36 20 56 937 99 57 120 859 26 456 21 4143 53 1704 14 15 697 15 55 6 45
internal_value=0.00270667 0.00396492 0.00300898 -0.00219924 0.0022556 0.00718064 2.54259e-05 0.00253268 0.00187327 -8.89839e-05 -0.00882062 0.00254254 0.00100874 0.00302772 0.00307875 0.00599408 0.00280925 0.00761772 0.00210958 0.00453438 0.00372661 0.00338566 0.00888034 0.00536324 -0.0133562 0.0111293
internal_weight=4007.91 486.177 375.009 45.2454 32.2705 111.168 21.4517 3521.73 1511.01 383.915 42.9766 1127.1 340.938 2010.72 2005.05 169.348 1835.7 88.4134 1038.68 16.794 329.763 318.007 89.7165 35.1661 12.9749 54.5504
internal_count=10000 1106 899 132 81 207 56 8894 3885 1071 156 2814 915 5009 4983 384 4599 173 2641 36 767 752 151 70 51 81
is_linear=0
shrinkage=0.01


Tree=160
num_leaves=17
num_cat=0
split_feature=27 72 23 38 26 30 51 54 36 41 21 39 41 9 30 54
split_gain=8.73472 19.1928 26.8098 17.7119 13.5268 14.4866 11.8849 22.5341 18.3434 17.7284 16.7554 22.0406 16.6778 15.5982 14.7814 4.64672
threshold=-195935.99999999997 -897330.21874999988 674.50000000000011 0.82196417450904857 1.0127141475677492 32.550842285156257 0.0022384485928341751 6.051577329635621 -2.1538465023040767 1.9719488620758059 -30972.999999999996 0.1508879438042641 1.7192696332931521 7075888.0000000009 9.1856303215026873 1.5526572465896609
decision_type=2 2 2 2 2 2 2 2 2 2 2 2 2 2 2 2
left_child=1 3 -3 4 5 -1 9 8 -8 10 11 -2 -12 -10 -9 -6
right_child=6 2 -4 -5 15 -7 7 14 13 -11 12 -13 -14 -15 -16 -17
leaf_value=0.0057102294380169507 0.016075198979883017 -0.016494337250672314 0.013715667534095245 -0.016087221971043342 0.0081262883469421041 -0.0057617890955396923 -0.016066635955139474 0.0042315427446054637 0.0029764885806111635 -0.015520421084859673 0.0019674505418960262 -0.0027056122926206621 0.016106367628421787 0.0057409703631574986 -0.015262919301177558 0.018458980918942498
leaf_weight=169.70134000480175 18.713665515184406 9.2460798472166044 4.2730715572834006 3.7403358668088904 8.2783095240592974 11.684645041823385 4.8420138955116263 5.9583025127649334 1369.3812757879496 5.6951759159564963 2117.4063988626003 9.2561436593532544 8.3961214423179609 241.0772772282362 10.846335709094999 10.418189525604246
leaf_count=367 23 39 6 16 15 37 21 14 3358 25 5480 27 12 501 50 9
internal_value=0.00267892 0.00463426 -0.00687173 0.00540233 0.00580906 0.0049657 0.00256657 0.0032117 0.00333199 0.00207853 0.00212553 0.00982425 0.00202376 0.00339094 -0.0082914 0.0139374
internal_weight=4008.91 217.342 13.5192 203.823 200.082 181.386 3791.57 1632.11 1615.3 2159.47 2153.77 27.9698 2125.8 1610.46 16.8046 18.6965
internal_count=10000 489 45 444 428 404 9511 3944 3880 5567 5542 50 5492 3859 64 24
is_linear=0
shrinkage=0.01


Tree=161
num_leaves=30
num_cat=0
split_feature=61 9 2 39 54 47 36 54 0 39 37 35 21 40 31 31 57 65 60 47 28 3 69 47 10 10 10 17 58
split_gain=8.63258 15.4439 14.4039 13.6774 12.996 19.8116 17.3774 16.4239 14.8861 13.7325 12.4794 13.5299 12.4624 16.5042 19.7907 23.1709 15.2474 25.7971 15.215 14.9287 14.9138 17.2495 14.7198 14.0776 13.2926 11.6603 10.5411 9.73681 4.37844
threshold=117.21471023559572 8482377.0000000019 128467.00000000001 -0.99398884177207936 -0.90696880221366871 1.6767125725746157 -0.7376405894756316 -1.0576315522193906 17212.500000000004 1.9484979510307314 -0.70387446880340565 -1.8815937638282774 -96.499999999999986 -2.1408281326293941 -0.21555231511592862 -4.0212764739990225 1.0949720740318301 1.1898656487464907 0.0058102759066969165 -0.032114794477820389 -1311.9687499999998 6152.5000000000009 29.63593673706055 -1.4129502177238462 -0.0010857500019483266 -0.00021709500288125125 0.00010689999908208848 444.50000000000006 19592.000000000004
decision_type=2 2 2 2 2 2 2 2 2 2 2 2 2 2 2 2 2 2 2 2 2 2 2 2 2 2 2 2 2
left_child=12 4 3 28 5 6 -2 -7 -6 -10 11 -4 13 23 15 -15 17 19 -16 -14 22 -22 -18 26 -25 -12 -1 -5 -3
right_child=1 2 10 27 8 7 -8 -9 9 -11 25 -13 16 14 18 -17 20 -19 -20 -21 21 -23 -24 24 -26 -27 -28 -29 -30
leaf_value=-0.010782063001964992 0.0010959055518508184 -0.0142456667389168 0.0062536793291770188 0.016173042442193718 -0.015486385974072366 -0.015635296048308732 0.0049820959370575745 0.010287066535896805 0.0013972371239182623 0.0040599555282939577 0.0086665107611629839 -0.012834257741360783 -0.0088851121215236702 0.0025558736310741692 0.0024596006470175044 -0.002269518028041006 0.0099431224802123495 -0.015496723786116084 0.0064203244993732657 0.0080403350382770734 0.0008447497915143906 0.0070535365013434086 -0.0010231380857064361 -0.0081918779516982586 0.0094867325686446673 -0.005729575193860633 0.011258462309055368 0.0068017158510189539 0.0031122424982615599
leaf_weight=7.1663220226764661 170.02528123557568 3.7405799329280844 5.4974391758441952 12.68894089758396 5.0279688239097586 9.4088037163019163 360.73052135109901 3.2535319179296485 1581.2925066798925 221.35416504740715 19.585111945867542 11.111690059304236 5.3209606409072867 242.73660638928413 351.45119597017765 168.51198270916939 52.892488405108452 4.9824142307043067 134.82439915835857 169.20870579779148 209.61353977024555 57.074282467365265 15.717069387435911 4.4728025943040839 68.70687997341156 7.8079858273267737 3.0775967985391617 100.45882481336594 2.2435029596090317
leaf_count=26 457 18 12 14 22 41 825 6 4222 523 35 44 18 602 863 486 92 23 290 329 533 115 42 15 121 25 5 190 6
internal_value=0.00265142 0.0022922 0.00527157 0.00707793 0.00208505 0.00344281 0.00373906 -0.00889568 0.00167633 0.00172476 0.000358324 -0.00645615 0.00325457 0.00259092 0.00219382 0.000576204 0.00451718 0.00687422 0.0035598 0.00751859 0.00325228 0.00217725 0.0074164 0.00685111 0.00839254 0.00452662 -0.00406277 0.0078615 -0.00757087
internal_weight=4009.98 2514.23 163.134 119.132 2351.09 543.418 530.756 12.6623 1807.67 1802.65 44.0022 16.6091 1495.76 980.948 897.524 411.249 514.809 179.512 486.276 174.53 335.297 266.688 68.6096 83.4236 73.1797 27.3931 10.2439 113.148 5.98408
internal_count=10000 6440 344 228 6096 1329 1282 47 4767 4745 116 56 3560 2408 2241 1088 1152 370 1153 347 782 648 134 167 136 60 31 204 24
is_linear=0
shrinkage=0.01


Tree=162
num_leaves=30
num_cat=0
split_feature=23 3 54 51 61 42 56 40 30 42 49 47 38 68 26 40 46 51 2 34 55 33 34 69 18 50 39 18 17
split_gain=8.59515 18.0366 27.2468 21.8917 23.513 19.1722 15.0416 20.359 21.4147 13.8321 12.9951 13.5501 12.8825 19.4037 12.8811 12.6986 34.8438 17.5215 17.0256 16.8523 13.0161 10.8864 10.5506 16.5895 9.96199 9.84267 9.10903 7.42284 6.83039
threshold=1303.5000000000002 3953.5000000000005 1.1621844768524172 -0.0048822837416082612 109.61161041259767 -0.0005807999987155198 -0.32032199203968043 0.44618736207485205 16.638831138610843 -0.0009112900006584822 1.4886478781700136 -1.4129502177238462 2.8406968116760258 78.571483612060561 0.13028580695390704 2.811020135879517 -0.58636528253555287 0.0063777007162570962 333835.50000000006 -0.52865505218505848 0.25033189356327062 1.3258968591690066 1.4731591343879702 97.153057098388686 860.50000000000011 -0.0017139988485723732 1.3834726810455324 52973.500000000007 25490.000000000004
decision_type=2 2 2 2 2 2 2 2 2 2 2 2 2 2 2 2 2 2 2 2 2 2 2 2 2 2 2 2 2
left_child=12 2 3 5 -5 -2 10 8 -8 26 27 -12 15 24 -11 18 19 -18 20 -17 -1 -20 23 -15 -14 -9 -4 -3 -26
right_child=1 6 9 4 -6 -7 7 25 -10 14 11 -13 13 22 -16 16 17 -19 21 -21 -22 -23 -24 -25 28 -27 -28 -29 -30
leaf_value=0.0019882103865265684 -0.0007764077406072408 0.0074765761822252474 -0.016020601786866446 -0.016696661672385406 0.0030882723680061277 -0.013597638407560815 -0.0018164211334626399 -0.0065543385794207369 0.008880171423275381 0.0091202188634342835 0.0092611124686129108 -0.0096576721051595017 0.0034965580225701275 -0.01529319572981843 -0.0047010065093150465 0.0098357592575836674 -0.0099728023823463172 0.00056339281247379019 0.006296400545582774 -0.00082866326793763279 0.0033173431595658271 -0.0055789809724254699 0.014452075132563547 0.011190349712493617 -0.015134865845488931 0.0094393143468062112 0.0050473238753754651 0.016684848092357978 0.0029645236816589339
leaf_weight=2044.196780949831 29.553270593285561 13.836535573005674 4.2194403111934644 6.3291559368371955 114.01564188301563 19.46238212287426 64.141342744231224 4.0130105167627326 26.382927566766739 73.164814323186874 11.625634521245958 5.5759185701608649 4.6888421624898937 4.656320661306383 7.3279901444911948 32.061354085803032 38.608978047966957 26.40574611723423 161.30359710752964 27.253115743398666 1158.8582273125648 8.0178951919078809 6.8621772080659857 4.7858305871486664 15.490256980061533 65.493548095226288 3.8970181494951248 26.355991184711456 2.3059331625699988
leaf_count=5239 84 26 18 27 276 80 179 13 47 137 21 19 13 21 23 61 148 75 328 76 2817 27 10 9 70 113 9 28 6
internal_value=0.00262433 0.00389035 0.00209617 -0.000248891 0.00203944 -0.00588767 0.00601449 0.00442845 0.00129001 0.00658962 0.0104194 0.00307042 0.00245381 -0.00326621 0.00784952 0.00251755 -0.000614488 -0.00567814 0.00263331 0.00491894 0.0024694 0.00572816 0.00499976 -0.00176389 -0.00930451 0.00850152 -0.00578189 0.0135397 -0.0127335
internal_weight=4010.89 475.395 257.97 169.36 120.345 49.0157 217.425 160.031 90.5243 88.6093 57.3941 17.2016 3535.5 38.7894 80.4928 3496.71 124.329 65.0147 3372.38 59.3145 3203.06 169.321 16.3043 9.44215 22.485 69.5066 8.11646 40.1925 17.7962
internal_count=10000 1100 654 467 303 164 446 352 226 187 94 40 8900 129 160 8771 360 223 8411 137 8056 355 40 30 89 126 27 54 76
is_linear=0
shrinkage=0.01


Tree=163
num_leaves=14
num_cat=0
split_feature=11 65 38 27 67 36 1 55 67 53 36 60 24
split_gain=8.58315 10.27 15.7872 14.0405 18.3214 16.5192 14.4496 22.6802 13.103 15.6172 13.0742 11.9484 5.74066
threshold=81.835556030273452 1.989093065261841 0.48426859080791479 50888.000000000007 5.3848581314086923 -1.4427297711372373 226057.50000000003 1.4085281491279604 4.2025671005249032 0.031883878633379943 1.8900397419929507 -0.017489163205027577 2124.5000000000005
decision_type=2 2 2 2 2 2 2 2 2 2 2 2 2
left_child=1 3 12 6 5 -5 11 -8 10 -10 -4 -1 -3
right_child=-2 2 8 4 -6 -7 7 -9 9 -11 -12 -13 -14
leaf_value=-0.0054398027498066426 0.015324988254029757 -0.014338619774298409 -0.014322390385854667 -0.0047590845157071552 -0.016138757083743915 0.0046771184912604326 0.0050415870029247249 -0.016549626477605897 -0.014483561116608605 0.0045093229105783398 0.0011391520318828425 0.0022781074154799171 0.0024602206778170433
leaf_weight=20.11472424864769 5.3234108239412299 10.193226858973501 9.8420238643884677 19.143335074186325 4.3864538818597785 513.06021025776863 265.16450408101082 4.9353596568107596 4.6379257291555396 61.318462073802948 12.066329449415205 3079.1441328972578 2.4200851470232001
leaf_count=65 7 49 48 61 19 1142 567 21 22 149 35 7808 7
internal_value=0.00259752 0.00258036 -0.000568161 0.00266161 0.00416658 0.00433582 0.00242164 0.00464336 0.000923182 0.00315862 -0.00576109 0.00222769 -0.0110362
internal_weight=4011.75 4006.43 100.478 3905.95 536.59 532.204 3369.36 270.1 87.8647 65.9564 21.9084 3099.26 12.6133
internal_count=10000 9993 310 9683 1222 1203 8461 588 254 171 83 7873 56
is_linear=0
shrinkage=0.01


Tree=164
num_leaves=24
num_cat=0
split_feature=59 39 72 21 64 60 57 56 55 61 40 63 36 61 48 40 21 65 69 37 19 60 34
split_gain=8.48274 13.9082 17.0092 13.8952 12.5149 11.752 10.5297 17.7684 16.0704 22.3345 40.443 21.0797 20.3344 19.9003 19.2229 15.4422 24.5672 18.5682 8.88555 7.05564 10.535 5.61843 3.73015
threshold=1.5933268070220949 1.7431697249412539 -807835.62499999988 -4572.4999999999991 9.2631258964538592 -0.002559178625233471 1.0949720740318301 9.1635432243347186 0.049720322713255889 112.2396812438965 0.51109409332275402 9.1177191734313983 1.1542778611183169 92.700817108154311 -1.0473212599754331 -1.0000000180025095e-35 -1388.4999999999998 1.7734422087669375 81.516559600830092 -1.0729357004165647 8298.9052734375018 0.0079383240081369894 0.19919209927320483
decision_type=2 2 2 2 2 2 2 2 2 2 2 2 2 2 2 2 2 2 2 2 2 2 2
left_child=6 3 4 -2 18 -6 7 15 9 13 -11 12 -10 -8 -13 16 -1 -17 -3 22 -21 -4 -5
right_child=1 2 21 19 5 -7 8 -9 11 10 -12 14 -14 -15 -16 17 -18 -19 -20 20 -22 -23 -24
leaf_value=0.0016132646865727473 -0.016394789615690689 0.010829764204392927 -0.015949512066685531 0.0092515914564495622 0.00018865145757164005 0.0042272658833951869 0.00081032909895341874 -0.014799853369625136 -0.01071936514081699 -0.0031446565459777799 0.0029186302609160338 0.0084126014245042985 0.0045180895310677968 0.0056715845015384968 0.0027014387175590894 0.002325645311532472 0.005050772796124342 -0.0064186284153679631 0.00039386409374804135 -0.016932704130354796 0.0091742717306020488 0.0021834415468152779 0.019008361833099282
leaf_weight=315.68151167035103 1.8857724517583836 36.615774989128113 5.9698667526245099 6.6318442523479488 104.98421902954578 233.44247384369373 218.74948570132256 5.6433824449777594 21.743737801909447 267.89130008220673 186.55776482820511 64.986145600676537 14.554052695631979 137.51972189545631 656.3867039680481 1053.0876703858376 614.6521954536438 24.79917186498642 10.756885200738905 1.7073795348405862 14.448863446712492 2.2658257633447647 11.791533827781675
leaf_count=816 8 55 26 12 277 513 567 26 80 813 475 128 34 299 1629 2670 1406 91 27 7 25 6 10
internal_value=0.00257089 0.00390095 0.0033503 0.00982365 0.0036558 0.00297739 0.00241078 0.00289004 0.00179474 0.000814439 -0.000653391 0.00284235 -0.00458217 0.00268958 0.00321733 0.00294025 0.00388543 0.00212354 0.0084812 0.0112824 0.00635341 -0.0108393 0.0155505
internal_weight=4012.75 430.5 394.035 36.4654 385.799 338.427 3582.25 2013.86 1568.39 810.718 454.449 757.671 36.2978 356.269 721.373 2008.22 930.334 1077.89 47.3727 34.5796 16.1562 8.23569 18.4234
internal_count=10000 966 904 62 872 790 9034 5009 4025 2154 1288 1871 114 866 1757 4983 2222 2761 82 54 32 32 22
is_linear=0
shrinkage=0.01


Tree=165
num_leaves=19
num_cat=0
split_feature=27 72 23 38 26 30 51 50 59 58 22 18 36 20 50 0 33 34
split_gain=8.48362 18.688 26.2617 17.2858 13.1499 14.1903 11.4513 21.3806 23.3421 19.2367 18.3183 21.0919 17.7191 17.7133 15.2524 24.5651 19.1106 4.30825
threshold=-195935.99999999997 -897330.21874999988 674.50000000000011 0.82196417450904857 1.0127141475677492 32.550842285156257 0.0022384485928341751 -0.010301450267434118 1.9452545642852785 -14491.999999999998 215831.39843750003 20593.000000000004 -2.1538465023040767 496127.04687500006 -0.0088110771030187589 38035.000000000007 0.34725750982761389 -0.70632913708686818
decision_type=2 2 2 2 2 2 2 2 2 2 2 2 2 2 2 2 2 2
left_child=1 3 -3 4 5 -1 7 8 9 -2 11 -9 -8 -12 15 -14 -16 -6
right_child=6 2 -4 -5 17 -7 12 10 -10 -11 13 -13 14 -15 16 -17 -18 -19
leaf_value=0.0055365112893317045 0.0086954011999934785 -0.016435659902861319 0.01346254896326137 -0.016028300972335253 0.0091995777287634511 -0.0058167004136170973 -0.016024107663299054 0.0019397676144057808 -0.016712305568724658 0.00036106590068189846 -0.0021294923013069496 -0.00085496796610649807 -0.016814315758849226 0.0078789872648611908 0.0044751753772748013 0.0016335651729383022 0.0022706647412099748 0.019180459747993976
leaf_weight=169.78877848386765 101.16090466082096 9.2248031646013242 4.2774455249309531 3.7309603989124289 10.427359342575075 11.68734137713909 4.8301501721143714 1588.374072983861 4.4858970195054999 38.484138429164886 22.281969144940376 324.81521838903427 9.7753859460353834 83.048099786043167 722.74341820180416 27.31811149418354 869.01976083219051 8.2259254455566388
leaf_count=367 191 39 6 16 17 37 21 4107 19 102 67 918 41 163 1654 67 2161 7
internal_value=0.0025446 0.00447146 -0.00688999 0.00522887 0.00563016 0.00479984 0.00243401 0.00195539 0.00567928 0.00640574 0.00168899 0.00146476 0.003067 0.00575226 0.00312423 -0.00320111 0.00327226 0.0136547
internal_weight=4013.7 217.363 13.5022 203.86 200.129 181.476 3796.34 2162.65 144.131 139.645 2018.52 1913.19 1633.69 105.33 1628.86 37.0935 1591.76 18.6533
internal_count=10000 489 45 444 428 404 9511 5567 312 293 5255 5025 3944 230 3923 108 3815 24
is_linear=0
shrinkage=0.01


Tree=166
num_leaves=14
num_cat=0
split_feature=11 11 3 38 47 69 55 9 52 69 40 37 7
split_gain=8.38546 8.95538 29.2461 21.7502 13.1359 9.75193 22.0963 19.4613 13.8929 27.2333 20.6042 7.28967 6.77483
threshold=81.835556030273452 62.632709503173835 -4754.4999999999991 0.90517193078994762 0.39904634654521948 94.65845108032228 -0.6303010582923888 2837487.5000000005 0.0072801304049789914 39.039026260375984 2.3803361654281621 1.4134517312049868 1.8299352526664736
decision_type=2 2 2 2 2 2 2 2 2 2 2 2 2
left_child=1 5 11 4 -4 8 -7 -8 10 -10 -1 -3 -5
right_child=-2 2 3 12 -6 6 7 -9 9 -11 -12 -13 -14
leaf_value=0.0025239498072522162 0.015097798936354876 -0.016652446472351031 0.012323924400506239 -0.015873364562348315 -0.0022673933122850185 -0.015781638168363449 -0.0040904892382501853 0.0029221224158858874 -0.017007694101397318 0.0038685400644412216 -0.0012923567685492637 0.0021829102387093883 0.0040665743185690825
leaf_weight=2654.1821102201939 5.3238346129655829 12.340375766158102 18.572776362299923 6.4337669461965543 9.0815583765506727 8.0366912633180601 53.203017950057983 153.79519529640675 6.2735502123832694 933.76104208827019 149.08122785389423 2.3556947857141486 2.2192833721637726
leaf_count=6608 7 52 31 28 26 35 176 392 26 2172 435 6 6
internal_value=0.00251855 0.0025016 -0.00165004 0.00314529 0.00749604 0.00255534 0.000478759 0.0011149 0.00267437 0.00372815 0.00232064 -0.0135652 -0.0106437
internal_weight=4014.66 4009.34 51.0035 36.3074 27.6543 3958.33 215.035 206.998 3743.3 940.035 2803.26 14.6961 8.65305
internal_count=10000 9993 149 91 57 9844 603 568 9241 2198 7043 58 34
is_linear=0
shrinkage=0.01


Tree=167
num_leaves=22
num_cat=0
split_feature=1 46 31 25 1 61 48 50 69 55 2 51 45 50 61 36 40 25 38 17 19
split_gain=8.34748 9.19257 15.4049 27.8462 18.8279 13.5787 16.5059 13.3864 11.7661 18.9006 15.9383 12.2975 39.9495 23.417 7.67393 15.3339 9.46419 18.8725 12.6289 2.96156 5.97915
threshold=528355.00000000012 -1.0176488757133482 6.803706407546998 29.500000000000004 245506.00000000003 89.921401977539077 -1.103191554546356 -0.0069443341344594947 94.65845108032228 -0.6303010582923888 25283.000000000004 0.0022384485928341751 -1.0132195353507993 -0.0088110771030187589 101.23583602905275 1.2861627936363222 0.065043885260820403 4102.0000000000009 -0.28754362463951105 105.50000000000001 151375.92187500003
decision_type=2 2 2 2 2 2 2 2 2 2 2 2 2 2 2 2 2 2 2 2 2
left_child=1 2 5 -4 -5 6 -1 -7 11 -10 -11 12 -3 -13 16 -16 19 -18 -19 -2 -21
right_child=14 8 3 4 -6 7 -8 -9 9 10 -12 13 -14 -15 15 -17 17 18 -20 20 -22
leaf_value=-0.016795090603571202 0.014976094200459398 -0.0058899826002889255 0.015150018604746358 -0.016358631135779515 0.010949089788473134 0.012686723723128589 0.0016481618414322327 0.0046064430790152787 -0.015642095673730146 -0.0092504505476599715 0.0013850753656253459 -0.0054858581642428447 0.0021871271279431939 0.0034052804386189512 -0.014876144663462548 0.008543124105569247 -0.016286075395501823 -0.003183277523934529 0.011592028440892663 0.0024370278218678199 0.012428807434491301
leaf_weight=5.732566535472869 10.838977128267286 63.051456809043884 5.4700942188501385 12.791941776871679 3.1000538468360892 22.362009182572365 31.311937302350998 271.90550693869591 7.5296533405780783 15.32891124486923 173.00423121452332 30.261739611625671 2055.812505543232 1240.9478302598 5.0229757130146009 6.2716129720211029 4.3851389586925533 8.9927425086498278 15.777679994702337 10.16423735022545 15.633144885301588
leaf_count=24 12 207 7 54 5 35 76 618 33 60 473 95 5234 2919 23 11 19 27 25 23 20
internal_value=0.00249271 0.00242849 0.0039728 -0.00423385 -0.0109688 0.00450496 -0.0011789 0.00522388 0.00227633 -0.000101883 0.000514113 0.00241402 0.0019463 0.00319284 0.00576114 -0.00178345 0.00707153 0.00277313 0.00618758 0.0104649 0.00853078
internal_weight=4015.7 3938.61 352.674 21.3621 15.892 331.312 37.0445 294.268 3585.94 195.863 188.333 3390.07 2118.86 1271.21 77.0865 11.2946 65.7919 29.1556 24.7704 36.6364 25.7974
internal_count=10000 9840 819 66 59 753 100 653 9021 566 533 8455 5441 3014 160 34 126 71 52 55 43
is_linear=0
shrinkage=0.01


Tree=168
num_leaves=27
num_cat=0
split_feature=23 3 55 53 2 47 31 23 47 55 10 58 34 68 45 48 15 23 24 47 55 55 61 31 46 0
split_gain=8.49694 17.5757 25.8993 24.7137 32.1766 16.7908 15.2571 14.5337 14.361 13.0581 23.8355 13.0449 13.0751 14.7575 15.5126 12.558 20.9493 15.7198 15.114 21.1423 19.6931 9.61448 15.7775 8.95497 8.80762 5.37603
threshold=1303.5000000000002 3953.5000000000005 0.74162480235099804 -1.4809319376945493 83676.500000000015 -0.45333899557590479 5.9219098091125497 1525.5000000000002 1.2705362439155581 0.8619341552257539 -8.8820001110434519e-05 -91655.999999999985 -0.23373466730117795 76.010444641113295 -0.75855937600135792 2.038099050521851 12.34999990463257 52.500000000000007 53.500000000000007 1.2705362439155581 0.25033189356327062 0.79831820726394664 138.0511169433594 -9.0495514869689924 1.3465646505355837 101174.00000000001
decision_type=2 2 2 2 2 2 2 2 2 2 2 2 2 2 2 2 2 2 2 2 2 2 2 2 2 2
left_child=11 2 3 24 -5 -4 9 -8 -7 23 -11 12 13 14 -1 18 -17 -18 19 -13 -20 25 -23 -3 -2 -14
right_child=1 6 5 4 -6 8 7 -9 -10 10 -12 15 21 -15 -16 16 17 -19 20 -21 -22 22 -24 -25 -26 -27
leaf_value=-0.0068148251016351422 0.014395548543702721 0.012485176846508262 -0.015656900646392517 0.0028779633657339426 -0.0056001033634567555 0.012325111084903844 0.0058217776912348829 -0.017039119252941742 -0.00054147811814741088 -0.0074654747786399266 0.012094891551022341 0.0034172524499311713 0.0061007166889989334 -0.016615766751879181 0.0059961590638075513 0.017278081060798998 -0.016615420332604762 0.0046044006289874548 0.00098120745275649332 -0.012055185207343666 0.0028201304850324926 0.0075966657381365491 -0.016414197513942158 0.0064036999783921847 0.0017501348458357144 0.014712896967128441
leaf_weight=11.43950432538986 15.406643077731134 29.430141031742096 2.7693520188331595 99.511976540088654 81.285249501466751 39.413065552711487 5.4875670522451383 5.5503394454717636 10.93452252447605 16.563569888472557 9.9841606616973895 807.73683638870716 10.804825887084005 3.770296946167945 52.934179991483688 13.179192736744879 3.5940665155649176 103.84737746417522 1543.0534678995609 8.9014096409082395 937.92605012655258 15.092827349901201 3.3260811716318122 150.37729151546955 8.8733160346746427 25.352093920111656
leaf_count=37 21 44 12 244 265 60 11 23 30 54 15 1933 22 16 109 16 15 233 4089 33 2321 29 14 299 22 33
internal_value=0.00246726 0.00372567 0.00195586 0.000338909 -0.000928189 0.00817988 0.00582304 -0.00558308 0.00951087 0.006438 -7.14778e-05 0.00229796 0.00550667 0.00256512 0.00370405 0.00218247 0.00535687 0.00388526 0.00206606 0.00324738 0.00167681 0.0091612 0.0032065 0.00740465 0.00981536 0.012167
internal_weight=4016.55 475.587 258.194 205.077 180.797 53.1169 217.393 11.0379 50.3476 206.355 26.5477 3540.96 122.72 68.144 64.3737 3418.24 120.621 107.441 3297.62 816.638 2480.98 54.5758 18.4189 179.807 24.28 36.1569
internal_count=10000 1100 654 552 509 102 446 34 90 412 69 8900 260 162 146 8640 264 248 8376 1966 6410 98 43 343 43 55
is_linear=0
shrinkage=0.01


Tree=169
num_leaves=20
num_cat=0
split_feature=27 72 23 38 68 55 2 40 18 53 53 67 67 21 24 72 50 61 59
split_gain=8.41486 18.2591 25.7583 16.9584 11.676 28.0443 12.4956 11.2018 20.5777 17.5832 19.5589 16.0211 13.0412 24.4147 27.1918 18.7739 34.7437 19.3727 15.1131
threshold=-195935.99999999997 -897330.21874999988 674.50000000000011 0.82196417450904857 34.064092636108406 -0.059762690216302865 402099.00000000006 -1.5049716234207151 100567.00000000001 0.37951920926570898 -0.26732082664966578 3.6060472726821904 -1.8137647509574888 -13175.499999999998 18.500000000000004 -1135247.5624999998 -0.0027508687926456328 162.48520660400393 0.81760165095329296
decision_type=2 2 2 2 2 2 2 2 2 2 2 2 2 2 2 2 2 2 2
left_child=1 3 -3 4 5 -1 -6 8 9 10 -2 -11 13 18 -15 17 -17 -14 -9
right_child=7 2 -4 -5 6 -7 -8 12 -10 11 -12 -13 15 14 -16 16 -18 -19 -20
leaf_value=0.0055798666243489945 0.0043466870711542102 -0.01635779308124544 0.01325903349373015 -0.015969968970536461 0.011566636029227369 -0.0085514811663397437 -0.0037688795582817261 -0.017095290559182703 -0.016636216548282935 0.007109209851910955 -7.3988307909117945e-05 -0.0021145789567294411 0.0040083880286242149 0.0052499655830477851 -5.099072215623045e-05 -0.0032202348073022808 0.0022815917077184788 0.0017657149125325389 0.0085967264675993089
leaf_weight=134.73587983846664 245.09225612878799 9.198937386274336 4.2796569615602484 3.7226558327674857 43.858843043446541 15.626380532979963 5.9387546330690375 2.3675383925437918 4.9845066368579856 180.99188628792763 168.42083677649498 20.837737113237381 941.03507319092751 111.41249617934227 733.50909513235092 145.89839780330658 536.52304358780384 655.60401594638824 53.312332913279533
leaf_count=287 568 39 6 16 70 54 17 10 21 367 450 62 2190 250 2024 432 1363 1671 103
internal_value=0.00244211 0.00436102 -0.00687981 0.00510905 0.00550608 0.00410462 0.00971767 0.00233208 0.0035636 0.00372886 0.00254376 0.00615195 0.00209151 0.00107078 0.000646817 0.00249442 0.00110386 0.00308814 0.00748633
internal_weight=4017.35 217.361 13.4786 203.883 200.16 150.362 49.7976 3799.99 620.327 615.343 413.513 201.83 3179.66 900.601 844.922 2279.06 682.421 1596.64 55.6799
internal_count=10000 489 45 444 428 341 87 9511 1468 1447 1018 429 8043 2387 2274 5656 1795 3861 113
is_linear=0
shrinkage=0.01


Tree=170
num_leaves=29
num_cat=0
split_feature=39 48 45 40 52 33 57 50 46 37 53 58 19 72 10 33 69 33 39 9 17 21 50 36 40 34 40 47
split_gain=8.25601 11.357 12.7518 14.6049 20.8232 15.8961 11.119 17.978 23.0014 22.7539 19.5767 28.2745 16.7603 15.1967 24.644 24.5144 33.1193 28.4161 22.9277 19.3311 9.203 8.74977 12.2536 22.1535 9.65715 7.24077 15.0048 3.7958
threshold=2.4510273933410649 -0.86251789331436146 2.5106227397918706 -2.2997447252273555 -0.013353568501770495 1.3258968591690066 1.0949720740318301 0.0062985129188746223 1.2094430923461916 0.54129233956336986 0.70066305994987499 -4471.9999999999991 241874.40625000003 -1206405.8749999998 -0.00083551500574685622 -0.99156033992767323 88.342964172363295 -0.95408442616462696 -1.3423720002174375 2640770.0000000005 32592.500000000004 -551.49999999999989 0.00044193038775119936 0.96218448877334606 -1.1339912414550779 0.059644853696227081 -0.97109809517860401 -0.18059580028057096
decision_type=2 2 2 2 2 2 2 2 2 2 2 2 2 2 2 2 2 2 2 2 2 2 2 2 2 2 2 2
left_child=6 21 3 4 -3 -5 13 10 9 -9 12 -12 -8 15 19 16 -1 -17 -16 -15 -10 25 24 -24 -23 27 -27 -2
right_child=1 2 -4 5 -6 -7 7 8 20 -11 11 -13 -14 14 18 17 -18 -19 -20 -21 -22 22 23 -25 -26 26 -28 -29
leaf_value=0.0061861347275890587 0.0073223351293062741 -0.0016938639993095022 0.012174868290608203 0.0021087803365098601 0.010991070487467936 -0.01204643407023857 -0.00033167372848820655 0.0050142906667700769 0.011516681976848865 -0.002777007863641216 -0.00013334968731105562 0.0064720790299687405 0.0024317226857855693 0.012309028036180471 0.0077594884611226931 -0.012910070973594102 -0.010120395134995422 0.0027211651253180843 0.00015807138427491554 0.0025923155089348816 0.0018776982908110685 -0.0036827535486569619 -0.017106017232942534 0.0092743196660590842 0.010663326334110532 0.01308023031568677 -0.0062581813284188778 0.015607599222629205
leaf_weight=343.58986629545689 8.4552309811115283 18.490366548299789 14.47714853286743 319.06018993258476 42.153581172227859 8.1172189414501172 710.65221525728703 106.06397841870785 47.661995649337769 57.791687503457069 114.83610612154007 147.87254670262337 317.2684485912323 34.271079927682877 42.930935621261597 11.746674761176108 12.878621965646742 991.74763828516006 528.43501661717892 51.715116262435913 12.830859929323195 5.9564142972230938 6.6746460497379285 6.0383762419223785 20.593370899558067 9.2126821577548998 7.0296716392040244 19.657352045178413
leaf_count=752 16 50 19 783 65 31 1955 235 78 178 308 316 784 57 90 45 46 2450 1439 130 31 17 28 10 32 12 22 21
internal_value=0.00241716 0.00364261 0.00294133 0.00259407 0.00710694 0.00175454 0.0022483 0.00159929 0.00421375 0.00226021 0.00114404 0.00358088 0.000520278 0.00273521 0.00148407 0.00333922 0.0055942 0.00253719 0.000730972 0.00647669 0.00948873 0.00700462 0.00352708 -0.00449734 0.00740713 0.0100604 0.00464902 0.0131513
internal_weight=4018.21 485.916 402.299 387.821 60.6439 327.177 3532.29 1514.98 224.349 163.856 1290.63 262.709 1027.92 2017.31 657.352 1359.96 356.468 1003.49 571.366 85.9862 60.4929 83.6177 39.2628 12.713 26.5498 44.3549 16.2424 28.1126
internal_count=10000 1106 948 929 115 814 8894 3885 522 413 3363 624 2739 5009 1716 3293 798 2495 1529 187 109 158 87 38 49 71 34 37
is_linear=0
shrinkage=0.01


Tree=171
num_leaves=30
num_cat=0
split_feature=61 9 2 39 54 48 46 45 0 39 38 2 2 22 3 10 22 65 59 40 7 37 35 30 49 10 62 65 58
split_gain=8.24051 15.0148 14.0943 13.3328 12.6599 19.6307 32.8934 20.2 14.4916 13.3229 12.4108 20.3184 27.4565 24.0239 19.3908 30.4856 22.3762 19.7147 18.1829 18.1024 15.5559 12.0707 13.2528 11.9994 11.4563 11.4142 10.4206 5.67715 4.27621
threshold=117.21471023559572 8482377.0000000019 128467.00000000001 -0.99398884177207936 -0.90696880221366871 -0.49020874500274653 -0.63891062140464772 -0.6617443561553954 17212.500000000004 1.9484979510307314 0.82196417450904857 49921.000000000007 32935.000000000007 1.0000000180025095e-35 -2897.9999999999995 -0.0011660349555313585 5578.1201171875009 1.4724457263946535 0.70105105638504039 3.1411072015762334 1.2669808864593508 -0.70387446880340565 -1.8815937638282774 78.409255981445327 1.1900070905685427 -0.00021709500288125125 27.185227394104007 1.989093065261841 19592.000000000004
decision_type=2 2 2 2 2 2 2 2 2 2 2 2 2 2 2 2 2 2 2 2 2 2 2 2 2 2 2 2 2
left_child=10 4 3 28 5 7 -7 -2 -6 -10 14 12 13 -12 17 26 -17 18 -1 20 -13 22 -4 -14 -5 -23 -16 -21 -3
right_child=1 2 21 24 8 6 -8 -9 9 -11 11 19 23 -15 15 16 -18 -19 -20 27 -22 25 -24 -25 -26 -27 -28 -29 -30
leaf_value=0.013466067403701003 0.0033018059184832956 -0.014268937087141081 0.0059998800196482569 0.0086789298868076778 -0.015504418836629553 -0.016889117389391299 0.0020984667478884289 0.0095642959952976642 0.0011618449307426674 0.003781701863101269 0.010790063366220825 0.0031650295993068912 -0.014877005686660505 -0.0055334587478633327 -0.013279746214992998 0.0082530046682440499 0.0038675988489019998 -0.014867984441796343 0.002118168415428738 -0.016081895257410744 -0.016213326457814821 0.0083244536475379442 -0.01289357937056025 0.0025818663999905168 -0.0013455471407943188 -0.0059173202015397634 0.0022761978056378032 0.00098898827173515792 0.0028546500115017941
leaf_weight=14.528557777404783 158.05384144186974 3.7467322796583167 5.4929707050323513 100.30233807861805 5.0254127234220496 9.4003549516201002 300.51384390890598 77.006822347640991 1586.4209293425083 221.73031291365623 16.335430979728699 289.33773632347584 21.277665376663212 20.055637300014496 12.031149715185167 171.48197086155415 367.24598078429699 6.6665225327014914 554.09378582239151 6.7461488693952543 4.1868346631526938 19.569039374589924 11.109618797898291 4.715364381670951 12.671452313661574 7.8169007599353781 6.5523389726877204 2.5883233100175858 2.2490763664245605
leaf_count=21 380 18 12 171 22 39 764 146 4222 523 29 697 85 64 47 320 834 31 1349 29 18 35 44 12 33 25 16 8 6
internal_value=0.00239256 0.00204227 0.00498156 0.00677001 0.00183873 0.00317672 0.00151931 0.00535768 0.00143603 0.00148367 0.00298148 0.00137404 -0.00381652 0.00176646 0.00349897 0.00482988 0.00526537 0.00220791 0.00240987 0.00244651 0.00288521 0.00012187 -0.00658244 -0.0116713 0.00754571 0.00422284 -0.00774108 -0.0112412 -0.00767896
internal_weight=4018.95 2521.11 162.958 118.97 2358.15 544.975 309.914 235.061 1813.18 1808.15 1497.84 365.243 62.3841 36.3911 1132.6 557.311 538.728 575.289 568.622 302.859 293.525 43.9885 16.6026 25.993 112.974 27.3859 18.5835 9.33447 5.99581
internal_count=10000 6440 344 228 6096 1329 803 526 4767 4745 3560 942 190 93 2618 1217 1154 1401 1370 752 715 116 56 97 204 60 63 37 24
is_linear=0
shrinkage=0.01


Tree=172
num_leaves=25
num_cat=0
split_feature=23 3 47 19 10 52 31 23 14 56 38 68 61 69 34 52 8 59 31 34 69 27 61 57
split_gain=8.28052 17.239 23.6045 21.549 17.6431 15.6063 14.9061 14.2713 12.8437 18.9633 12.587 18.8596 11.9066 16.6454 24.718 19.5391 13.1427 11.5533 10.8368 10.2765 16.1587 8.00553 4.75652 4.46427
threshold=1303.5000000000002 3953.5000000000005 -1.2681316733360288 391456.68750000006 -0.00095689500449225296 -0.015635739080607888 5.9219098091125497 1525.5000000000002 15.549999713897707 -0.32032199203968043 2.8406968116760258 78.571483612060561 117.21471023559572 95.966930389404311 0.42538310587406164 0.0072801304049789914 1.0666176676750185 0.70105105638504039 -8.5042486190795881 1.4731591343879702 97.153057098388686 -71159.999999999985 243.30318450927737 1.5820933580398562
decision_type=2 2 2 2 2 2 2 2 2 2 2 2 2 2 2 2 2 2 2 2 2 2 2 2
left_child=10 2 23 5 -5 -4 8 -8 9 -3 12 18 16 15 -15 -14 17 -1 -12 20 -13 -10 -20 -2
right_child=1 6 3 4 -6 -7 7 -9 21 -11 11 19 13 14 -16 -17 -18 -19 22 -21 -22 -23 -24 -25
leaf_value=0.0098069356440047134 -0.015845157920271621 0.011252813428814044 -0.015881128833389269 -0.0090588523711399114 0.0018276078585135907 0.0091364723224104244 0.0057044023474153473 -0.016959860462150964 0.0017360688366807092 0.0024895191927410652 0.0042898325880431814 -0.01531286757727494 0.0014319370195088014 -0.01084966379982848 0.0011886586322414096 0.0037980780894035656 -0.015757234776292442 0.0029040455272205078 -0.015181122002506035 0.014036650912992027 0.010793533458246603 0.011360453428285471 -0.0010151033565731105 -9.7124259843365412e-05
leaf_weight=24.811564207077026 8.5776444971561414 32.359621107578278 2.5877302885055533 16.252196907997131 175.07197225093842 53.356863275170326 5.4858360886573774 5.5398232638835907 10.481050506234167 106.3680881857872 4.5178393423557308 4.6628701090812701 1569.8783970028162 25.41118498146534 51.521537616848946 449.92051018774509 3.7178166806697837 1379.836295157671 15.018346399068834 6.8574061691761008 4.7989923059940338 57.110846117138863 2.9968741089105597 2.4408120810985556
leaf_count=44 37 49 11 58 443 98 11 23 24 250 12 21 4127 98 143 1059 16 3284 68 10 9 89 9 7
internal_value=0.00236827 0.00361049 0.00185833 0.00249985 0.000897621 0.0079614 0.0056881 -0.00559252 0.00629578 0.00454085 0.00220127 -0.0034491 0.00226419 0.00178532 -0.00277465 0.0019595 0.00297639 0.00302669 -0.00939316 0.00469697 -0.00196619 0.00988286 -0.0128801 -0.0124474
internal_weight=4019.58 475.632 258.287 247.269 191.324 55.9446 217.345 11.0257 206.32 138.728 3543.95 38.8523 3505.1 2096.73 76.9327 2019.8 1408.37 1404.65 22.5331 16.3193 9.46186 67.5919 18.0152 11.0185
internal_count=10000 1100 654 610 501 109 446 34 412 299 8900 129 8771 5427 241 5186 3344 3328 89 40 30 113 77 44
is_linear=0
shrinkage=0.01


Tree=173
num_leaves=20
num_cat=0
split_feature=27 72 24 26 38 30 40 18 7 57 53 52 68 2 47 50 38 57 34
split_gain=8.21904 17.8722 21.6311 14.1121 15.3182 13.8872 10.8148 20.1505 18.5746 17.8366 17.352 12.8086 21.99 27.0366 24.5077 20.1931 30.3762 19.8402 4.20833
threshold=-195935.99999999997 -897330.21874999988 854.50000000000011 1.0127141475677492 0.82196417450904857 32.550842285156257 -1.5049716234207151 100567.00000000001 2.4250384569168095 1.5031476616859438 0.37951920926570898 0.0018309272127225997 68.43418121337892 37316.000000000007 0.45106196403503424 -0.010301450267434118 -1.1023768782615659 0.87131470441818248 -0.70632913708686818
decision_type=2 2 2 2 2 2 2 2 2 2 2 2 2 2 2 2 2 2 2
left_child=1 3 -3 4 5 -1 7 8 10 -10 -2 15 14 -14 -13 16 -8 -17 -5
right_child=6 2 -4 18 -6 -7 11 -9 9 -11 -12 12 13 -15 -16 17 -18 -19 -20
leaf_value=0.0052834532543560983 0.0026516870722541963 -0.01629578779978904 0.010150521159698412 0.0088958343550450923 -0.015910892100701676 -0.0059437684788214437 0.0086557399465255376 -0.016564204618143834 -0.016587257971866706 0.012359476529475522 0.0062618714685748521 0.0025788312577636526 -0.0033631139227908663 0.0021678109813456164 0.0062951473072652931 0.0030659386490508749 -0.0032639172783580756 0.0004188166135561245 0.018775983197985499
leaf_weight=169.87404410541058 405.02708858251572 8.7088934034109098 4.7484983950853339 10.382041290402414 3.711913749575614 11.698575899004934 81.133474498987198 4.9746967852115622 8.3142785429954511 2.821698158979415 199.63664177060127 547.46429543197155 102.39748828113079 640.76688115298748 263.75381942093372 377.17917138338089 28.886535257101059 1140.5759626626968 8.2056673765182477
leaf_count=367 989 37 8 17 16 37 154 21 35 4 419 1335 313 1606 554 939 85 3057 7
internal_value=0.00234419 0.00424073 -0.00688979 0.00498035 0.00413919 0.00455459 0.00223555 0.00344516 0.00360843 -0.00916277 0.00384528 0.00199926 0.0026492 0.00140438 0.00378836 0.00137801 0.00551706 0.00107731 0.0133113
internal_weight=4020.26 217.33 13.4574 203.872 185.285 181.573 3802.93 620.774 615.8 11.136 604.664 3182.16 1554.38 743.164 811.218 1627.78 110.02 1517.76 18.5877
internal_count=10000 489 45 444 420 404 9511 1468 1447 39 1408 8043 3808 1919 1889 4235 239 3996 24
is_linear=0
shrinkage=0.01


Tree=174
num_leaves=15
num_cat=0
split_feature=11 65 38 1 56 9 60 1 67 64 36 29 24 24
split_gain=8.20273 9.97638 15.1615 12.8113 14.4448 25.7746 13.3914 18.9259 12.6493 13.5327 12.7677 11.0945 10.6561 5.59535
threshold=81.835556030273452 1.989093065261841 0.48426859080791479 226057.50000000003 -0.67287567257881153 4226577.5000000009 -0.017489163205027577 53219.500000000007 4.2025671005249032 9.2631258964538592 1.8900397419929507 23.899270057678226 23.500000000000004 2124.5000000000005
decision_type=2 2 2 2 2 2 2 2 2 2 2 2 2 2
left_child=1 3 13 6 5 -5 7 -1 10 -10 -4 -6 -8 -3
right_child=-2 2 8 4 11 -7 12 -9 9 -11 -12 -13 -14 -15
leaf_value=0.011205279379218374 0.014764751683058269 -0.014329647780590839 -0.014354740662520142 -0.012938540011475765 0.0032707631005749983 0.0059647536990490692 0.0037280398354767592 -0.011213983467179358 -0.015673195080565618 0.0039706318020765038 0.00091127207280804244 0.0069831669055535929 0.002040685017255379 0.002229996114147001
leaf_weight=4.9126934558153179 5.3194374144077292 10.175569146871565 9.8589319288730639 13.189063876867296 205.52425989508629 15.848155617713926 427.73987883329391 15.70558689534664 3.6993272006511679 62.350409939885139 12.075503647327421 134.20036797225475 3097.9933268427849 2.4268030375242224
leaf_count=9 7 49 48 52 468 32 998 58 16 155 35 260 7806 7
internal_value=0.00232032 0.00230358 -0.000798602 0.00238354 0.00416054 -0.00258692 0.00219848 -0.00582367 0.000660027 0.00285528 -0.00590479 0.00474021 0.00224568 -0.0110615
internal_weight=4021.02 4015.7 100.587 3915.11 368.762 29.0372 3546.35 20.6183 87.9842 66.0497 21.9344 339.725 3525.73 12.6024
internal_count=10000 9993 310 9683 812 84 8871 67 254 171 83 728 8804 56
is_linear=0
shrinkage=0.01


Tree=175
num_leaves=30
num_cat=0
split_feature=23 2 35 46 21 59 53 40 36 36 38 58 38 37 40 34 1 22 18 33 17 35 65 39 53 55 46 35 53
split_gain=8.15069 17.0802 15.7068 15.5458 19.2098 14.728 14.9864 12.8844 18.5662 15.9848 12.6856 12.6722 13.3619 17.8737 13.2115 12.8923 20.3406 14.4015 15.4277 12.0105 16.2961 13.8394 11.4772 19.5133 14.9203 10.3741 7.51052 5.91247 4.18947
threshold=1303.5000000000002 135199.50000000003 -1.4822627305984495 0.27466218173503881 3735.5000000000005 1.3802675008773806 -1.4809319376945493 1.0182720422744753 -1.1941156983375547 1.5652205944061282 1.5163550376892092 -91655.999999999985 2.8406968116760258 2.377282023429871 -2.2997447252273555 -0.23373466730117795 98047.000000000015 139141.11718750003 2146.5000000000005 -0.75758251547813404 98079.500000000015 -1.8815937638282774 1.989093065261841 1.15835177898407 0.48512905836105352 0.69036203622818004 1.2094430923461916 2.1530219316482548 0.37951920926570898
decision_type=2 2 2 2 2 2 2 2 2 2 2 2 2 2 2 2 2 2 2 2 2 2 2 2 2 2 2 2 2
left_child=11 2 3 -2 -5 6 26 9 -9 -4 -8 15 22 14 -14 17 28 18 -1 21 -21 -7 24 -24 -13 -18 -3 -15 -17
right_child=1 5 7 4 -6 19 10 8 -10 -11 -12 12 13 27 -16 16 25 -19 -20 20 -22 -23 23 -25 -26 -27 -28 -29 -30
leaf_value=-0.007032499514639648 -0.016324697313843478 0.016492856266783987 0.0028956744165507631 -0.0076512773498596124 0.0067608435135219705 0.0077312517412093809 -0.0079230643766904016 -0.0018756922451835664 0.010410931508235634 0.010417681054656187 0.0029300597868950574 0.0017610977245592699 0.0078495142049098722 -0.0021631312857197235 -0.012595417769842835 -0.016628330190141715 0.014664077194612841 -0.015411195496724213 0.0058520692090066259 0.010098553538111876 -0.0058335067827198356 -0.011419003656640421 -0.0091640241563193305 0.0022196004876890384 0.0032829126203769406 0.0050746678728088405 -0.00013901150049319409 0.010976332167499383 0.00020748898748497604
leaf_weight=11.22199137508869 5.6857803612947455 5.2053729444742185 181.00833234190941 14.742241203784941 24.722840800881386 6.4310226589441291 40.418672993779182 14.372356072068213 80.087452486157417 33.678821310400963 14.522846683859823 2444.7160376906395 3.7060770988464382 6.0387168079614622 19.574000358581543 3.1265957802534095 30.177278429269791 4.2480592280626288 52.637610420584679 32.424844667315483 7.9199801534414283 9.0243900120258314 24.322795271873474 39.306828528642654 878.22426822781563 18.635803148150444 5.4297735989093781 7.6014755964279175 2.5851601958274841
leaf_count=35 24 6 424 51 53 12 142 40 131 55 34 6217 8 18 86 13 38 19 108 52 26 35 102 106 2090 40 15 13 7
internal_value=0.00229667 0.00352905 0.00463834 -0.000851996 0.00135184 0.000282779 -0.00292162 0.00544344 0.0085309 0.00408034 -0.00503603 0.00213108 0.00201747 -0.00395658 -0.00929773 0.00529461 0.00892508 0.00237349 0.00357222 0.00406653 0.00694619 -0.00338585 0.00208289 -0.00211614 0.0021636 0.0110235 0.00790743 0.00508598 -0.0088333
internal_weight=4021.8 475.675 354.298 45.1509 39.4651 121.377 65.5767 309.147 94.4598 214.687 54.9415 3546.12 3423.49 36.9203 23.2801 122.632 54.5248 68.1077 63.8596 55.8002 40.3448 15.4554 3386.57 63.6296 3322.94 48.8131 10.6351 13.6402 5.71176
internal_count=10000 1100 778 128 104 322 197 650 171 479 176 8900 8640 125 94 260 98 162 143 125 78 47 8515 208 8307 78 21 31 20
is_linear=0
shrinkage=0.01


Tree=176
num_leaves=14
num_cat=0
split_feature=11 11 3 38 47 69 55 9 51 54 2 37 7
split_gain=8.03972 8.62359 28.4878 21.0919 12.8464 9.07997 21.2105 18.8379 13.6184 32.2503 19.7226 7.15735 6.61678
threshold=81.835556030273452 62.632709503173835 -4754.4999999999991 0.90517193078994762 0.39904634654521948 94.65845108032228 -0.6303010582923888 2837487.5000000005 0.0018636494060046973 2.7095706462860112 254980.50000000003 1.4134517312049868 1.8299352526664736
decision_type=2 2 2 2 2 2 2 2 2 2 2 2 2
left_child=1 5 11 4 -4 8 -7 -8 10 -10 -1 -3 -5
right_child=-2 2 3 12 -6 6 7 -9 9 -11 -12 -13 -14
leaf_value=0.0016513766763733828 0.014594487949785375 -0.016644061849414939 0.011951468636323513 -0.015855418641126124 -0.0024650066388666575 -0.015671878723147417 -0.0041920423562741569 0.0027047110822580756 0.0036555724300820032 -0.0015711340739748836 0.0048567001797910616 0.0019994658545790674 0.0038289967533383269
leaf_weight=2094.3756537884474 5.3186447471380225 12.329821661114691 18.623262986540798 6.4251712858676893 9.097241744399069 7.9920972585678092 53.246726527810097 153.98190858960152 1315.1346753835678 129.41378977894783 211.7939625531435 2.3599914610385886 2.224208265542984
leaf_count=5399 7 52 31 28 26 35 176 392 3021 366 455 6 6
internal_value=0.00227341 0.00225685 -0.00181565 0.00290882 0.00718423 0.00230954 0.000306722 0.000927787 0.00242419 0.00318663 0.00194618 -0.0135808 -0.0106779
internal_weight=4022.32 4017 51.0597 36.3699 27.7205 3965.94 215.221 207.229 3750.72 1444.55 2306.17 14.6898 8.64938
internal_count=10000 9993 149 91 57 9844 603 568 9241 3387 5854 58 34
is_linear=0
shrinkage=0.01


Tree=177
num_leaves=28
num_cat=0
split_feature=23 3 54 38 59 72 31 40 42 18 58 45 58 38 37 40 61 40 53 54 65 45 53 39 72 42 38
split_gain=7.99466 16.8354 26.1632 19.8721 20.77 20.4596 14.5599 19.8564 13.4168 12.7598 23.0072 12.6796 12.329 13.0647 17.5191 13.039 12.5266 12.7549 11.5375 11.2963 11.2656 22.7177 14.6277 8.78344 5.37184 4.31113 4.24635
threshold=1303.5000000000002 3953.5000000000005 1.1621844768524172 -1.5416823625564573 1.6532541513442995 -2610373.6249999995 5.9219098091125497 -1.5049716234207151 -0.0009112900006584822 100567.00000000001 8184.0000000000009 1.9360114336013796 -91655.999999999985 2.8406968116760258 2.377282023429871 -2.2997447252273555 214.08412170410159 -1.5049716234207151 -1.4809319376945493 0.4560383409261704 1.989093065261841 -0.052027331665158265 0.48512905836105352 1.3834726810455324 -1523774.6874999998 -0.00048911498743109394 0.57584404945373546
decision_type=2 2 2 2 2 2 2 2 2 2 2 2 2 2 2 2 2 2 2 2 2 2 2 2 2 2 2
left_child=12 2 3 4 -2 -5 9 -8 23 18 -11 -10 16 20 15 -15 17 25 -3 -19 22 -22 -14 -4 -16 -1 -18
right_child=1 6 8 5 -6 -7 7 -9 11 10 -12 -13 13 14 24 -17 26 19 -20 -21 21 -23 -24 -25 -26 -27 -28
leaf_value=0.014780058461507909 -0.01233448299216954 -0.0078411739339355833 -0.016085179182968236 -0.016238513002951566 0.0061007051185158982 0.0019560043907248708 0.0097455397480094557 -0.01731400221135887 0.0090089497726634563 -0.017038534765008832 0.0042386496373638663 -0.0022106133408628186 0.0017203720390313768 0.0077744347575066592 0.0090926297575292542 -0.012530991872993832 -0.016965560898057404 0.0070144553697739781 0.0077883328931059306 -0.00021221873965478135 0.0013445266420649216 -0.012377743240974433 0.0032268370340344105 0.0045876934658473567 -0.0045472876284308019 0.0063666438373235958 0
leaf_weight=18.048108428716663 23.997479051351547 4.8010293096303931 4.2249693125486356 6.4791499823331824 8.1186837404966337 130.99379234015942 4.7168297171592712 6.2944257855415326 69.022809714078903 5.9913400560617438 33.296903893351555 11.633489564061163 2445.7794349491596 3.7109228223562267 9.6294716745614988 19.494985356926918 3.1468378007411948 52.505954310297966 162.14604389667511 36.33670200407505 47.440005496144295 16.138493433594704 878.64272025227547 3.8950818926095963 4.0141717493534079 9.9739698916673643 2.5772848874330521
leaf_count=22 95 16 18 28 16 328 8 26 127 25 74 33 6217 8 17 86 13 104 297 95 137 71 2090 9 14 19 7
internal_value=0.00225027 0.0034709 0.00174002 -0.000556959 -0.00764309 0.00109122 0.00552477 -0.00563184 0.0061392 0.00612529 0.00096849 0.00737829 0.00208633 0.00197433 -0.00393865 -0.0092408 0.00520735 0.00592003 0.00733287 0.00404749 0.00203894 -0.00212295 0.00211883 -0.00604552 0.00500626 0.0118211 -0.00916795
internal_weight=4023.05 475.612 258.365 169.589 32.1162 137.473 217.247 11.0113 88.7764 206.235 39.2882 80.6563 3547.44 3424.85 36.8496 23.2059 122.589 116.865 166.947 88.8427 3388 63.5785 3324.42 8.12005 13.6436 28.0221 5.72412
internal_count=10000 1100 654 467 111 356 446 34 187 412 99 160 8900 8640 125 94 260 240 313 199 8515 208 8307 27 31 41 20
is_linear=0
shrinkage=0.01


Tree=178
num_leaves=20
num_cat=0
split_feature=27 72 23 26 36 30 28 7 31 52 34 31 46 33 46 19 33 27 34
split_gain=7.96121 17.431 24.8188 13.8414 16.4592 13.6761 10.5137 23.4246 17.9888 51.7785 18.6 17.919 25.7519 22.4638 19.8431 19.4442 19.3807 16.6971 4.12918
threshold=-195935.99999999997 -897330.21874999988 674.50000000000011 1.0127141475677492 0.84541893005371105 32.550842285156257 1.0000000180025095e-35 3.930268526077271 5.9219098091125497 0.0086968941614031809 -0.48834280669689173 5.1718027591705331 -1.0668933391571043 1.1997982859611513 -1.0176488757133482 737142.96875000012 -0.99156033992767323 33848.000000000007 -0.70632913708686818
decision_type=2 2 2 2 2 2 2 2 2 2 2 2 2 2 2 2 2 2 2
left_child=1 3 -3 4 5 -1 11 8 10 -10 -8 14 13 -13 17 -14 -16 -2 -5
right_child=6 2 -4 18 -6 -7 7 -9 9 -11 -12 12 15 -15 16 -17 -18 -19 -20
leaf_value=0.0051623192361944696 0.0027993614057507696 -0.016244357658356436 0.012838725343491803 0.0087054925481868002 -0.01609510120410804 -0.0059803756312835589 0.0087316758659458458 -0.01673280096243436 -0.0043410774403609236 0.0061090721636039968 0.002845536172433865 -0.016716414469761198 0.0047995519997430279 0.014982012821510522 0.0025088410156265412 -0.016613125311312829 0 0.01061522033101411 0.018505050212927837
leaf_weight=169.6040256768465 130.72273147106171 9.1593188345432264 4.2819399982690802 10.354455992579462 3.970085382461547 11.698250249028204 55.672935217618942 6.2041612416505805 118.23969694972038 79.14694020152092 1654.0910340249538 10.309277042746542 280.96353484690189 2.8228121101856223 449.13264913856983 4.285672351717948 979.92809590697289 34.791894495487213 8.1863232851028425
leaf_count=366 317 39 6 17 17 37 107 26 357 168 4001 43 646 4 1123 18 2642 59 7
internal_value=0.00222748 0.00409431 -0.00690505 0.00482462 0.00399245 0.00443784 0.00212066 0.00264421 0.00270777 -0.000145771 0.00303778 0.00159095 0.00384159 -0.00982652 0.00116917 0.00447434 0.000788681 0.00444833 0.0130862
internal_weight=4023.57 217.254 13.4413 203.813 185.272 181.302 3806.31 1913.35 1907.15 197.387 1709.76 1892.96 298.381 13.1321 1594.58 285.249 1429.06 165.515 18.5408
internal_count=10000 489 45 444 420 403 9511 4659 4633 525 4108 4852 711 47 4141 664 3765 376 24
is_linear=0
shrinkage=0.01


Tree=179
num_leaves=15
num_cat=0
split_feature=11 65 38 67 53 36 1 56 9 40 53 67 40 24
split_gain=7.92075 9.52028 14.7765 12.2687 14.997 12.4891 12.1639 14.0868 25.2342 13.0851 21.3273 14.5538 12.3093 5.46043
threshold=81.835556030273452 1.989093065261841 0.48426859080791479 4.2025671005249032 0.031883878633379943 1.8900397419929507 226057.50000000003 -0.67287567257881153 4226577.5000000009 -1.5049716234207151 0.37951920926570898 -1.8137647509574888 -1.2778888940811155 2124.5000000000005
decision_type=2 2 2 2 2 2 2 2 2 2 2 2 2 2
left_child=1 6 13 5 -5 -4 9 8 -8 10 -1 -11 -9 -3
right_child=-2 2 3 4 -6 -7 7 12 -10 11 -12 -13 -14 -15
leaf_value=0.0021501500782485279 0.014435994916914011 -0.014256559854804897 -0.014283046519141751 -0.014521871345322566 0.0040774154039895996 0.00085152305177154059 -0.012917784160748942 0.0008206633974334218 0.0057947472749485494 0.00074534406471831545 0.0062093084594017833 0.0022753152565333011 0.0055421356230245487 0.0021037408629108589
leaf_weight=411.55744016170502 5.3167780488729468 10.104814067482947 9.7924723327159899 4.646359220147132 61.357300534844398 12.042656764388083 13.173809677362444 70.093850508332253 15.834992766380308 894.85613998770714 189.7143273204565 2053.8287083059549 269.5370991230011 2.4278426319360724
leaf_count=1020 7 49 48 22 149 35 52 170 32 2385 394 5072 558 7
internal_value=0.00220481 0.00218838 -0.000845447 0.00059306 0.00275296 -0.00589013 0.00226635 0.00399826 -0.00266873 0.00208622 0.00343257 0.00181134 0.00457065 -0.0110074
internal_weight=4024.28 4018.97 100.371 87.8388 66.0037 21.8351 3918.6 368.64 29.0088 3549.96 601.272 2948.68 339.631 12.5327
internal_count=10000 9993 310 254 171 83 9683 812 84 8871 1414 7457 728 56
is_linear=0
shrinkage=0.01


Tree=180
num_leaves=24
num_cat=0
split_feature=59 39 72 21 47 60 57 56 68 25 55 55 61 40 63 36 61 48 37 24 60 39 36
split_gain=7.85201 13.779 16.233 13.5682 12.5541 15.0978 10.3977 17.2279 15.3526 28.777 21.3292 14.958 21.2661 39.3374 20.4678 20.002 19.3502 18.7247 6.94254 10.2794 5.40515 4.69651 2.26765
threshold=1.5933268070220949 1.7431697249412539 -807835.62499999988 -4572.4999999999991 1.6767125725746157 -0.002559178625233471 1.0949720740318301 9.1635432243347186 21.796365737915043 29.500000000000004 -0.80629998445510853 0.049720322713255889 112.2396812438965 0.51109409332275402 9.1177191734313983 1.1542778611183169 92.700817108154311 -1.0473212599754331 -1.0729357004165647 40.500000000000007 0.0079383240081369894 2.1754599809646611 -0.95141756534576405
decision_type=2 2 2 2 2 2 2 2 2 2 2 2 2 2 2 2 2 2 2 2 2 2 2
left_child=6 3 4 -2 5 -3 7 8 9 -1 -10 12 16 -14 15 -13 -8 -16 22 -20 -4 -6 -5
right_child=1 2 20 18 21 -7 11 -9 10 -11 -12 14 13 -15 17 -17 -18 -19 19 -21 -22 -23 -24
leaf_value=-0.01696232973426675 -0.016524983936445511 -0.00022768457555894658 -0.01596361552839792 0.0098711391339530927 0.017019254339265974 0.0041633169990870226 0.00045110183597270651 -0.014874406655550107 -0.0011621244107917986 0.0061871051064359538 0.0026221992241628146 -0.010957967022383098 -0.0034084772413619903 0.0025594639056604807 0.0079167810751382527 0.0041354714710282034 0.0052379710098002545 0.0022876692256780162 -0.017064604771453568 0.0087124201555370939 0.0018099282792208527 0.0062421280765786137 0.017720669042911655
leaf_weight=5.5290386378765097 1.8891808688640583 112.20471575856209 5.9670800417661649 6.3892426341772106 8.4106378704309481 255.99498724937439 219.22908486425877 5.6715038120746604 163.01350069046021 164.84488144516945 1682.6987738013268 21.802395343780518 268.82083831727505 187.31773811578751 65.1310093998909 14.579694375395773 137.88782039284706 658.57047827541828 1.7103894948959375 14.429749742150305 2.2640585005283356 8.5649767071008664 11.987676322460173
leaf_count=23 8 296 26 11 8 551 567 26 456 361 4143 80 813 475 128 34 299 1629 7 25 6 17 11
internal_value=0.00218244 0.00346314 0.00291477 0.00936133 0.00321372 0.00282249 0.00202904 0.00250411 0.00255349 0.00542998 0.00228743 0.00141795 0.000473788 -0.000955492 0.00242684 -0.00488196 0.00230218 0.00279565 0.0108071 0.00591884 -0.0109533 0.0116406 0.015046
internal_weight=4024.91 429.813 393.406 36.4062 385.175 368.2 3595.1 2021.76 2016.09 170.374 1845.71 1573.34 813.255 456.139 760.084 36.3821 357.117 723.701 34.5171 16.1401 8.23114 16.9756 18.3769
internal_count=10000 966 904 62 872 847 9034 5009 4983 384 4599 4025 2154 1288 1871 114 866 1757 54 32 32 25 22
is_linear=0
shrinkage=0.01


Tree=181
num_leaves=30
num_cat=0
split_feature=23 2 35 48 46 47 59 53 42 38 58 38 37 40 34 1 68 18 33 28 25 40 46 65 55 46 54 35 53
split_gain=7.88465 16.8267 15.2966 15.898 15.2701 17.7037 14.2002 14.6532 13.8604 12.3773 11.9758 12.8305 17.1251 12.8101 12.6342 19.8136 14.2228 13.7865 11.7555 14.5037 13.8915 11.1013 29.4539 14.4497 10.1463 7.36155 7.17369 5.78225 4.09067
threshold=1303.5000000000002 135199.50000000003 -1.4822627305984495 0.22459822893142703 0.27466218173503881 0.1591884642839432 1.3802675008773806 -1.4809319376945493 -0.00065457000164315094 1.5163550376892092 -91655.999999999985 2.8406968116760258 2.377282023429871 -2.2997447252273555 -0.23373466730117795 98047.000000000015 76.010444641113295 2146.5000000000005 -0.75758251547813404 -1311.9687499999998 198100.50000000003 2.3803361654281621 -0.50417053699493397 1.7734422087669375 0.69036203622818004 1.2094430923461916 -0.79887875914573658 2.1530219316482548 0.37951920926570898
decision_type=2 2 2 2 2 2 2 2 2 2 2 2 2 2 2 2 2 2 2 2 2 2 2 2 2 2 2 2 2
left_child=10 2 4 26 -2 -6 7 25 -5 -9 14 21 13 -13 16 28 17 -1 19 -8 -20 23 -23 -12 -17 -3 -4 -14 -16
right_child=1 6 3 8 5 -7 18 9 -10 -11 11 12 27 -15 15 24 -18 -19 20 -21 -22 22 -24 -25 -26 -27 -28 -29 -30
leaf_value=-0.0068664427906990648 -0.016290471148473241 0.016212237957681626 0.0010221887534352827 0.0002210682393056285 -0.0088864232676230843 0.0056737056555169127 0.0078103505490532904 -0.0079423065058960348 0.005598513760405285 0.0027778726435493846 0.0022103103051450156 0.0076165031657939031 -0.0023018110913911715 -0.012495399548145686 -0.016572395867074777 0.014349459647965038 -0.016673050164056406 0.005411821328013944 0.010404343711863303 -0.011786085294388361 -0.002598946392896772 0.0033705426375681903 -0.0042614895247864871 -0.0018512386413232496 0.004861325142735475 -0.0002552093630412004 0.012145393770993619 0.010691881962605494 5.339717607748208e-05
leaf_weight=10.973552614450453 5.6781072169542304 5.2040419131517393 6.9782881736755362 63.85634645819664 11.963799968361853 27.524417564272881 6.470482110977172 40.392742827534676 197.06003403663635 14.521508827805517 3098.3373613059521 3.7178958207368877 6.0430991649627668 19.450313046574593 3.1206069439649573 30.120050296187401 3.7618263512849799 53.334687128663063 28.933171227574348 8.9665626734495145 11.318860441446303 104.54552873969078 97.895420104265213 89.87348884344101 18.626321732997894 5.4306384921073914 41.248197674751282 7.6018459647893906 2.5894665122032166
leaf_count=34 24 6 17 163 43 61 12 142 410 34 7668 8 18 86 13 38 16 112 45 35 33 252 317 278 40 15 60 13 7
internal_value=0.00216028 0.00337254 0.00447298 0.00526769 -0.000944265 0.00123708 0.000148305 -0.0029976 0.00428628 -0.00508926 0.00199761 0.00188733 -0.00397559 -0.0092248 0.00507437 0.00867073 0.00218257 0.00330111 0.00386915 -0.0035074 0.00672298 0.00195128 -0.000315179 0.0020955 0.0107445 0.00770904 0.0105566 0.00486392 -0.00885762
internal_weight=4025.54 475.547 354.309 309.143 45.1663 39.4882 121.238 65.5489 260.916 54.9143 3549.99 3427.46 36.8132 23.1682 122.527 54.4564 68.0701 64.3082 55.6891 15.437 40.252 3390.65 202.441 3188.21 48.7464 10.6347 48.2265 13.6449 5.71007
internal_count=10000 1100 778 650 128 104 322 197 573 176 8900 8640 125 94 260 98 162 146 125 47 78 8515 569 7946 78 21 77 31 20
is_linear=0
shrinkage=0.01


Tree=182
num_leaves=11
num_cat=0
split_feature=13 13 45 61 13 61 38 61 7 31
split_gain=7.82618 9.29961 12.632 17.3794 8.93415 9.15831 12.6898 11.6828 4.77891 4.2059
threshold=548304.46875000012 494778.90625000006 -0.6617443561553954 101.23583602905275 481414.62500000006 117.21471023559572 0.82196417450904857 122.18572235107423 3.4091917276382451 -0.21555231511592862
decision_type=2 2 2 2 2 2 2 2 2 2
left_child=1 4 -3 -4 5 6 -1 -7 -6 -2
right_child=9 2 3 -5 8 7 -8 -9 -10 -11
leaf_value=0.0032966285002096942 -0.016675286316978059 0.017780788992753073 0.009805602825146113 -0.017011302340478998 -0.017714026371053151 -0.0014150491717149403 0.0011379122977903879 0.0019172409088006781 0 0
leaf_weight=1111.9859649091959 3.3623350709676743 8.9952205121517199 8.2722073495388013 3.4032781273126593 3.4464856833219519 109.66669251024723 362.70655822753906 2408.9440098553896 2.6312534362077713 2.5465368479490271
leaf_count=2559 14 10 15 14 14 317 934 6109 7 7
internal_value=0.00213846 0.00215556 0.00886094 0.00190311 0.00212066 0.0021393 0.00276636 0.00177175 -0.00996536 -0.00932998
internal_weight=4025.96 4020.05 20.6707 11.6755 3999.38 3993.3 1474.69 2518.61 6.07774 5.90887
internal_count=10000 9979 39 29 9940 9919 3493 6426 21 21
is_linear=0
shrinkage=0.01


Tree=183
num_leaves=27
num_cat=0
split_feature=20 58 30 0 31 36 47 19 19 47 54 31 58 9 28 31 10 31 34 40 39 10 32 48 18 37
split_gain=7.80356 16.3874 19.8757 19.4119 18.5082 16.1337 15.1276 23.8484 20.198 28.4906 19.6351 12.9547 27.2403 32.2625 25.5299 15.2062 23.4614 21.1569 12.7056 17.1726 21.2694 14.7059 23.6379 13.4409 11.7184 10.9858
threshold=535533.21875000012 -10507.999999999998 9.3323993682861346 172323.00000000003 -2.9785137176513667 1.6605882644653323 -0.57543706893920887 391456.68750000006 204005.55468750003 -1.4129502177238462 -0.90696880221366871 -12.781009197235106 838.00000000000011 4919877.5000000009 -163.43749999999997 -4.0212764739990225 -0.0011660349555313585 0.22595372796058658 -0.83611655235290516 -0.58810684084892262 3.2481319904327397 -6.0309999753371806e-05 -1.0000000180025095e-35 1.6936348080635073 29012.000000000004 -1.9901097416877744
decision_type=2 2 2 2 2 2 2 2 2 2 2 2 2 2 2 2 2 2 2 2 2 2 2 2 2 2
left_child=6 2 4 5 -2 -4 7 8 10 -10 -1 12 14 -14 -8 16 -13 -17 19 23 -21 22 -20 -3 -23 -5
right_child=1 18 3 25 -6 -7 11 -9 9 -11 -12 15 13 -15 -16 17 -18 -19 21 20 -22 24 -24 -25 -26 -27
leaf_value=0.0033841227570569417 0.0057803742761861959 0.010000347796309587 0.00051815003174347253 -0.014821805129994146 -0.016247843119819513 -0.016906681411651629 0.0097958456687328114 -0.016497640912684481 -0.0026546992575698803 0.0064621706898878939 -0.001236705249156892 -0.0060494433907870692 -0.017024660163418512 0.0076116278956038733 -0.0035038840816043644 0.00054767591090352575 0.0038298761072767295 0.0027107965391432536 0.0062506533279507153 -0.0086442637566872954 0.013688636102028764 0.014741934697579595 -0.00056539710442938054 -0.0079979320027950013 0.0064104329568341403 0.010495627257480608
leaf_weight=119.94010299444199 5.4019616693258312 19.639750331640247 73.272457718849182 1.7992565482854868 12.530850753188131 5.7235069870948783 25.275424599647522 8.0377482622861844 47.916802287101746 119.28730684518814 393.90548150241375 24.706792533397675 18.800087377429012 7.3464701622724524 33.511698588728905 720.53048118948936 798.93797513842583 1219.8586439788342 141.10918529331684 25.974886059761051 5.0735799074172965 23.464024871587753 79.170651122927666 5.1990999877452841 63.478850543498993 26.836008936166763
leaf_count=291 11 35 191 8 54 24 47 34 142 259 1114 80 78 15 100 1885 1872 2956 283 89 6 32 207 18 126 43
internal_value=0.00211667 0.00330415 0.000181734 0.00181354 -0.00955645 -0.000731675 0.00195237 0.000620812 0.000824312 0.00384351 -0.000156181 0.00227409 -0.00156562 -0.0100643 0.0021973 0.00239244 0.00353231 0.00190807 0.00438113 0 -0.00496267 0.00517896 0.00379636 0.00619281 0.00867043 0.00886992
internal_weight=4026.73 488.674 125.564 107.631 17.9328 78.996 3538.06 689.087 681.05 167.204 513.846 2848.97 84.9337 26.1466 58.7871 2764.03 823.645 1940.39 363.11 55.8873 31.0485 307.223 220.28 24.8389 86.9429 28.6353
internal_count=10000 1127 331 266 65 215 8873 1840 1806 401 1405 7033 240 93 147 6793 1952 4841 796 148 95 648 490 53 158 51
is_linear=0
shrinkage=0.01


Tree=184
num_leaves=13
num_cat=0
split_feature=11 65 38 27 67 54 37 27 38 36 28 24
split_gain=7.80974 9.19303 14.4729 12.743 17.4808 16.2933 15.0257 18.1391 14.0248 12.1194 17.2561 5.39362
threshold=81.835556030273452 1.989093065261841 0.48426859080791479 50888.000000000007 5.3848581314086923 2.4604901075363164 1.6164382100105288 22160.000000000004 2.289339661598206 -0.25714053213596338 -57.937499999999993 2124.5000000000005
decision_type=2 2 2 2 2 2 2 2 2 2 2 2
left_child=1 3 11 6 5 -5 8 -8 -1 -4 -11 -3
right_child=-2 2 9 4 -6 -7 7 -9 -10 10 -12 -13
leaf_value=0.0019366721120555326 0.014245074346799945 -0.014217180969082518 0.018870321125730064 0.004395292274140916 -0.016252581681241121 -0.00099316460014578804 -0.009324108379724692 0.00041466075378118918 0.0057631844116829371 -0.014797665405673802 0.0011705700529041139 0.0020482763492741902
leaf_weight=3169.5706779509783 5.3116207569837561 10.066785201430319 3.4580508470535269 469.84165365993977 4.3856914490461341 63.39279668033123 24.140316978096962 91.276437923312187 99.06646890938282 7.4182559698820105 76.915775820612907 2.4267598241567603
leaf_count=7913 7 49 3 1032 19 171 85 245 218 35 216 7
internal_value=0.00209522 0.00207892 -0.000903755 0.00215545 0.00358776 0.00375282 0.00192761 -0.00161361 0.00205295 0.000518463 -0.000222183 -0.0109777
internal_weight=4027.27 4021.96 100.286 3921.67 537.62 533.234 3384.05 115.417 3268.64 87.7921 84.334 12.4935
internal_count=10000 9993 310 9683 1222 1203 8461 330 8131 254 251 56
is_linear=0
shrinkage=0.01


Tree=185
num_leaves=20
num_cat=0
split_feature=27 72 23 26 36 30 40 18 7 57 58 67 21 49 57 72 50 62 54
split_gain=7.82108 17.009 24.2959 13.6599 16.0067 13.3673 10.2732 19.5435 18.0199 17.4113 13.4244 12.3148 23.6367 26.2241 20.2982 17.8532 34.0484 19.1654 4.72083
threshold=-195935.99999999997 -897330.21874999988 674.50000000000011 1.0127141475677492 0.84541893005371105 32.550842285156257 -1.5049716234207151 100567.00000000001 2.4250384569168095 1.5031476616859438 -91655.999999999985 -1.8137647509574888 -13175.499999999998 0.21192154288291934 0.84309691190719616 -1135247.5624999998 -0.0027508687926456328 90.242275238037124 1.5526572465896609
decision_type=2 2 2 2 2 2 2 2 2 2 2 2 2 2 2 2 2 2 2
left_child=1 3 -3 4 5 -1 7 8 10 -10 -2 12 14 -14 -8 17 -17 -13 -5
right_child=6 2 -4 18 -6 -7 11 -9 9 -11 -12 15 13 -15 -16 16 -18 -19 -20
leaf_value=0.0049752294636279037 0.010340262873569421 -0.016201530019115954 0.012583045348968567 0.0070143815138721654 -0.016021779566625257 -0.0060403066723983493 -0.01688379926625946 -0.016566066410621885 -0.016601080366950266 0.012000746838061512 0.0032103080019598735 0.0024597456498342061 0.0015909359605469032 -0.0021253911299384861 0.0085833185109640015 -0.0034995513604392271 0.0019396173890824109 0.0075648865024022403 0.017454727122323859
leaf_weight=169.58629231154919 27.824379593133926 9.1434155255556089 4.2802934199571601 8.2259386777877825 3.9577067494392386 11.701198011636732 3.3036264628171912 4.9725478887557975 8.3195711374282819 2.8190251290798178 577.90602332353592 1523.1737103015184 561.08168062567711 286.89173908531666 52.449835449457169 146.30774776637554 538.20693601667881 77.495940357446671 10.265139579772947
leaf_count=366 44 39 6 15 17 37 14 21 35 4 1364 3707 1438 836 99 432 1363 154 9
internal_value=0.00207393 0.00392448 -0.00694876 0.0046458 0.00382003 0.00425872 0.00196822 0.00314599 0.00330651 -0.00927257 0.00353948 0.00173823 0.00074835 0.000332425 0.00705635 0.00212927 0.000775592 0.00270753 0.0128643
internal_weight=4027.91 217.16 13.4237 203.736 185.245 181.287 3810.75 621.842 616.869 11.1386 605.73 3188.91 903.727 847.973 55.7535 2285.18 684.515 1600.67 18.4911
internal_count=10000 489 45 444 420 403 9511 1468 1447 39 1408 8043 2387 2274 113 5656 1795 3861 24
is_linear=0
shrinkage=0.01


Tree=186
num_leaves=11
num_cat=0
split_feature=13 13 24 57 13 28 59 33 7 31
split_gain=7.70279 9.00578 15.2757 18.8409 8.69941 8.127 18.1296 17.2101 4.68991 4.12395
threshold=548304.46875000012 494778.90625000006 23.500000000000004 1.1994471549987795 481414.62500000006 58.125000000000007 0.61053287982940685 -1.4734956622123716 3.4091917276382451 -0.21555231511592862
decision_type=2 2 2 2 2 2 2 2 2 2
left_child=1 4 -3 -4 5 6 -1 -7 -6 -2
right_child=9 2 3 -5 8 7 -8 -9 -10 -11
leaf_value=0.0078882359303915489 -0.016613137069861613 0.015905497720734418 -0.016958345452620795 0.012678673081498025 -0.017585710898351866 -0.011783474894657317 0.001518060634759965 0.0026275049816975506 0 0
leaf_weight=45.698713600635529 3.3564278185367584 12.109077766537668 4.1199870705604535 4.4600003361701965 3.439613625407218 8.301177576184271 2175.5560899376869 1766.2004675716162 2.6315659135580063 2.547175630927085
leaf_count=93 14 15 17 7 14 31 5528 4267 7 7
internal_value=0.00205294 0.00206989 0.00866543 -0.00143605 0.00203555 0.00205393 0.00164957 0.00255953 -0.00989749 -0.00933059
internal_weight=4028.42 4022.52 20.6891 8.57999 4001.83 3995.76 2221.25 1774.5 6.07118 5.9036
internal_count=10000 9979 39 24 9940 9919 5621 4298 21 21
is_linear=0
shrinkage=0.01


Tree=187
num_leaves=19
num_cat=0
split_feature=27 72 20 26 36 29 40 18 7 57 58 27 45 28 72 59 38 54
split_gain=7.69359 16.6803 13.8591 13.4446 15.7274 12.0204 10.077 19.197 17.6168 17.0884 13.1814 12.1203 30.7606 24.6118 19.6884 22.5433 17.5316 4.66013
threshold=-195935.99999999997 -897330.21874999988 314489.81250000006 1.0127141475677492 0.84541893005371105 43.545104980468757 -1.5049716234207151 100567.00000000001 2.4250384569168095 1.5031476616859438 -91655.999999999985 -99567.999999999985 -1.0132195353507993 -1899.9999999999998 -1921714.8124999998 0.70105105638504039 1.8951507210731509 1.5526572465896609
decision_type=2 2 2 2 2 2 2 2 2 2 2 2 2 2 2 2 2 2
left_child=1 3 -3 4 5 -1 7 8 10 -10 -2 12 -8 -14 16 -16 -13 -5
right_child=6 2 -4 17 -6 -7 11 -9 9 -11 -12 14 13 -15 15 -17 -18 -19
leaf_value=0.0046775228540829874 0.010224336412018946 -0.016009699755595706 0.0043682796854763182 0.0069315665330808582 -0.015937809372703952 -0.009652891286344915 -0.016871257055782903 -0.016471749785430746 -0.016484244103306026 0.01186882039235857 0.0031563900820268695 0.002526701585621956 0.0069400613250446873 -0.00099109153495237985 0.005704404856126972 0.0010388071971930654 0.006500128282862859 0.017313828836610531
leaf_weight=175.30649131536484 27.800918564200401 7.4630336761474592 5.9286237508058548 8.2216411381959933 3.9448513090610495 6.0117362588644019 10.741378277540205 4.9580544531345359 8.2902093678712827 2.8172298222780219 578.15332466363907 849.24590629339218 47.312047719955444 225.74593396484852 109.95028707385063 1818.7904885858297 128.25805786252022 10.234869003295897
leaf_count=382 44 32 13 15 17 21 45 21 35 4 1364 2052 96 623 243 4722 262 9
internal_value=0.00203203 0.00386764 -0.00691349 0.00458125 0.00376274 0.00419687 0.00192722 0.00309353 0.00325235 -0.0092029 0.00348231 0.00169949 -0.000269933 0.000379457 0.00189215 0.00130529 0.00304908 0.0127431
internal_weight=4029.18 217.111 13.3917 203.72 185.263 181.318 3812.06 622.02 617.062 11.1074 605.954 3190.04 283.799 273.058 2906.24 1928.74 977.504 18.4565
internal_count=10000 489 45 444 420 403 9511 1468 1447 39 1408 8043 764 719 7279 4965 2314 24
is_linear=0
shrinkage=0.01


Tree=188
num_leaves=26
num_cat=0
split_feature=39 64 54 22 58 6 60 33 30 56 57 68 67 56 10 56 58 59 37 68 25 55 29 37 24
split_gain=7.62724 12.1271 16.6845 20.5389 17.2049 16.5785 12.9739 12.3256 11.4076 11.0942 10.8442 18.0944 24.3541 24.4595 18.1175 16.8341 16.1555 32.3764 27.9617 15.0348 28.0243 20.8189 10.426 9.37227 3.87399
threshold=2.4510273933410649 9.2631258964538592 0.31618347764015203 192331.06250000003 -829.99999999999989 -346295279.99999994 -0.00020157341350568456 -1.1739287376403806 13.428057670593263 0.33426189422607427 1.0949720740318301 32.262578964233406 -2.1942590475082393 -0.67287567257881153 -0.00083551500574685622 9.1635432243347186 -5447.9999999999991 1.5933268070220949 0.8121982514858247 21.796365737915043 29.500000000000004 -0.80629998445510853 11.599242210388185 -0.12549073249101636 1255.5000000000002
decision_type=2 2 2 2 2 2 2 2 2 2 2 2 2 2 2 2 2 2 2 2 2 2 2 2 2
left_child=10 7 3 22 6 -6 -4 -2 -5 23 15 12 13 -12 -14 19 17 -13 -18 20 -1 -21 -3 -9 -11
right_child=1 2 4 8 5 -7 -8 9 -10 24 11 16 14 -15 -16 -17 18 -19 -20 21 -22 -23 -24 -25 -26
leaf_value=-0.016898919733736768 -0.015831219949294255 -0.0047116810797803816 0.0080156528838779655 0.004479152555736529 -0.0088708790003918427 0.00013998961929983855 0.00080130420105764891 0.006633395504349545 -0.017049114697644557 0.013727244616682462 -0.0084132892028524094 -0.00052903761541738925 0.0052179179660625779 0.0014375966678538922 -0.0080303192034787557 -0.014863701703540923 0.0042161514299998036 0.0085370388972427075 -7.1066519513117516e-05 -0.001290669116270336 0.0059667209305945372 0.002445562484460327 0.0057263604945142887 -0.016601014247027028 0.0071072404607011369
leaf_weight=5.5184531658887854 2.0570030659437171 9.9349974691867811 39.512495070695877 3.8151788562536222 27.709803879261017 76.798132106661797 68.510332986712456 4.4817639589309692 6.6320275068283081 23.662331208586693 27.640743866562843 401.02364832162857 12.299832612276075 284.61110796034336 61.724833995103836 5.662808194756507 462.42854224145412 43.670082941651344 226.03465558588505 163.25146597623825 165.18999710679054 1685.4595710486174 203.77151316404343 2.8117225617170325 15.451326861977575
leaf_count=23 9 31 72 8 93 198 168 8 28 28 97 1082 28 735 211 26 1054 77 601 456 361 4143 423 12 28
internal_value=0.00201147 0.00319027 0.00266012 0.00456418 0.000647232 -0.00223963 0.00344942 0.00794653 -0.00909156 0.00902203 0.00184984 0.00120991 -0.00065726 0.000562387 -0.0058155 0.00232949 0.00184728 0.000359026 0.00280713 0.0023782 0.00522169 0.00211509 0.00523643 -0.00218663 0.0111377
internal_weight=4029.66 485.149 436.684 224.154 212.531 104.508 108.023 48.4641 10.4472 46.4071 3544.52 1519.43 386.277 312.252 74.0247 2025.08 1133.16 444.694 688.463 2019.42 170.708 1848.71 213.707 7.29349 39.1137
internal_count=10000 1106 1021 490 531 291 240 85 36 76 8894 3885 1071 832 239 5009 2814 1159 1655 4983 384 4599 454 20 56
is_linear=0
shrinkage=0.01


Tree=189
num_leaves=31
num_cat=0
split_feature=61 9 2 39 21 40 31 31 24 28 57 65 72 47 10 10 37 37 35 28 61 50 35 58 48 72 10 49 10 20
split_gain=7.69176 14.1814 13.5019 13.0016 11.9576 15.5147 18.8929 22.2855 17.3101 14.905 15.8088 17.3213 14.4086 13.3893 13.3795 12.7896 11.9179 11.5288 12.8282 11.5198 29.2973 27.6263 22.6938 23.7718 18.2059 16.1957 11.1357 11.0194 10.0365 4.12186
threshold=117.21471023559572 8482377.0000000019 128467.00000000001 -0.99398884177207936 -96.499999999999986 -2.1408281326293941 -0.21555231511592862 -4.0212764739990225 6.5000000000000009 1633.3750000000002 1.0949720740318301 1.0403282642364504 -1098813.9999999998 -1.4129502177238462 0.0005024499841965736 -0.0010857500019483266 0.8121982514858247 -0.70387446880340565 -1.8815937638282774 -57.937499999999993 135.39043426513675 0.0056939432397484788 -1.6065695881843565 -32887.999999999993 -0.10331749543547629 -1861881.2499999998 -0.0002792400046018883 1.1900070905685427 0.00010689999908208848 431726.28125000006
decision_type=2 2 2 2 2 2 2 2 2 2 2 2 2 2 2 2 2 2 2 2 2 2 2 2 2 2 2 2 2 2
left_child=4 19 3 29 5 13 7 -7 -8 10 11 -6 -12 28 16 -15 -11 18 -4 20 24 -22 25 -24 -2 -21 -19 -5 -1 -3
right_child=1 2 17 27 9 6 8 -9 -10 14 12 -13 -14 15 -16 -17 -18 26 -20 22 21 -23 23 -25 -26 -27 -28 -29 -30 -31
leaf_value=-0.011141466414538859 -0.0061638178586703443 -0.01432773686288486 0.0055878854627670138 0.008155256385451351 0.0071219328463989528 0.001888685987704665 -0.017991761837601327 -0.0028352749751156935 0.0030321302453695069 -0.017363913365919116 0.0040398897045262937 -0.0097957774216055563 -0.00078480880782800491 -0.0087180762719142896 0.0096564134817366549 0.0086354556917421499 0.0025039059729433074 0.0086090196327929733 -0.013009712737888051 0.00091160168546008111 0.0016483647201929372 -0.012568237994113421 -0.0028183307862093827 0.0020608418684487369 0.00032674754070613011 0.0080039230866668747 -0.0046142492552297201 -0.0016925406229976406 0.010341677741955291 0.0024329153004368337
leaf_weight=7.1735257059335691 91.191960588097572 3.8006588816642752 5.4819061458110836 99.907448098063469 170.59894938766956 243.85129380226135 3.9350662231445304 169.11468854546547 484.03735412657261 8.5261325836181658 238.28246372938156 6.2255899161100379 83.184057071805 4.4708953350782386 4.4286116957664481 68.445088446140289 4.5493529736995688 17.402777805924419 11.09869448840618 47.612684890627861 847.34053635597229 13.87844382226467 109.92147818207741 1074.4657907038927 81.615731924772263 101.66097383201122 9.9369181394577009 12.636155530810354 3.0793921500444412 2.2419421076774597
leaf_count=26 302 18 12 171 332 602 16 486 1137 36 520 23 222 15 7 121 12 30 44 125 2174 57 317 2692 224 205 30 33 5 6
internal_value=0.00199114 0.00165366 0.00451424 0.00626872 0.00255977 0.00191131 0.00152834 -4.34131e-05 0.00286054 0.00379505 0.00411479 0.00652064 0.00278832 0.00604793 -0.00524971 0.0075577 -0.0103748 -0.000200115 -0.00680063 0.0014569 0.000663306 0.0014181 0.00207144 0.00160717 -0.00309259 0.00574844 0.0037663 0.00704068 -0.00459162 -0.00794366
internal_weight=4030.1 2530.19 162.507 118.586 1499.9 984.107 900.938 412.966 487.972 515.795 498.291 176.825 321.467 83.1689 17.5041 72.916 13.0755 43.9203 16.5806 2367.69 1034.03 861.219 1333.66 1184.39 172.808 149.274 27.3397 112.544 10.2529 6.0426
internal_count=10000 6440 344 228 3560 2408 2241 1088 1153 1152 1097 355 742 167 55 136 48 116 56 6096 2757 2231 3339 3009 526 330 60 204 31 24
is_linear=0
shrinkage=0.01


Tree=190
num_leaves=15
num_cat=0
split_feature=11 65 67 53 36 63 68 1 56 9 51 60 0 40
split_gain=7.75214 8.9968 13.937 15.8511 14.5799 14.0581 12.9551 11.729 13.69 24.5213 13.5729 16.9105 16.2934 12.1755
threshold=81.835556030273452 1.989093065261841 4.2025671005249032 0.031883878633379943 1.8900397419929507 9.2601084709167498 81.832210540771499 226057.50000000003 -0.67287567257881153 4226577.5000000009 0.0043348753824830064 -0.017489163205027577 31954.000000000004 -1.2778888940811155
decision_type=2 2 2 2 2 2 2 2 2 2 2 2 2 2
left_child=1 7 4 -4 -3 -5 -6 10 9 -9 11 -1 -12 -10
right_child=-2 2 3 5 6 -7 -8 8 13 -11 12 -13 -14 -15
leaf_value=-0.0086082758393839828 0.014079417579239169 -0.01429956913030587 -0.014344501322716042 -0.015443128298487695 0.0073932788725804121 0.0037263531561426565 -0.015432435483136043 -0.012941514970833221 0.00056301017909842638 0.0055138197477870958 -0.00059383175422755407 0.0015151673085698853 0.0032422838650023318 0.0052625069558488707
leaf_weight=16.583107158541679 5.3071868717670432 13.889146104454996 6.0150246173143378 4.0517920702695838 8.5285796672105771 64.297823056578636 3.5044305920600882 13.175242692232134 69.934336513280869 15.791648209094999 124.87288899719715 2467.0266007184982 948.11757807433605 269.32859498262405
leaf_count=58 7 68 29 18 19 160 16 52 170 32 340 6285 2188 558
internal_value=0.00197107 0.00195485 -0.000996093 0.00119333 -0.00731562 0.00257535 0.000662533 0.00203051 0.00373213 -0.00284585 0.00185405 0.00144717 0.00279491 0.00429672
internal_weight=4030.42 4025.12 100.287 74.3646 25.9222 68.3496 12.033 3924.83 368.23 28.9669 3556.6 2483.61 1072.99 339.263
internal_count=10000 9993 310 207 103 178 35 9683 812 84 8871 6343 2528 728
is_linear=0
shrinkage=0.01


Tree=191
num_leaves=28
num_cat=0
split_feature=23 2 9 53 46 39 33 39 8 33 25 10 49 38 68 61 69 34 52 8 59 34 69 18 17 38 56
split_gain=7.61805 16.397 14.226 19.6825 16.8409 14.308 13.6055 21.1867 20.2816 19.6872 18.486 16.5746 13.5581 11.6676 17.8936 11.1106 15.7636 24.0374 18.5092 12.5192 10.9574 9.63385 15.5703 9.62245 6.39905 5.48142 3.8876
threshold=1303.5000000000002 135199.50000000003 6726988.5000000009 -0.68268841505050648 1.0000000180025095e-35 0.81260141730308544 -0.31096784770488733 0.1508879438042641 1.3973450064659121 -0.88798782229423512 117666.50000000001 -0.00065457000164315094 0.46673278510570532 2.8406968116760258 78.571483612060561 117.21471023559572 95.966930389404311 0.42538310587406164 0.0072801304049789914 1.0666176676750185 0.70105105638504039 1.4731591343879702 97.153057098388686 860.50000000000011 25490.000000000004 -0.71032717823982228 3.75360119342804
decision_type=2 2 2 2 2 2 2 2 2 2 2 2 2 2 2 2 2 2 2 2 2 2 2 2 2 2 2
left_child=13 6 3 25 -4 -6 7 9 11 -2 -9 -8 -5 15 23 19 18 -18 -17 20 -1 22 -16 -15 -25 -3 -10
right_child=1 2 4 12 5 -7 8 10 26 -11 -12 -13 -14 14 21 16 17 -19 -20 -21 -22 -23 -24 24 -26 -27 -28
leaf_value=0.0091803880471682166 0.002219616449959863 -0.00024955430644628499 -0.01600635672692971 0.0086915550817161218 -0.0027346374499797521 0.0065625303002613249 0.0013355498356392077 0.0078240668966310101 -0.015665903044689757 -0.0089390658043155911 -0.0034289427376091005 0.008117825848177905 -0.012180556396816979 0.0030946244276450403 -0.015300529576069002 0.0010479486246941815 -0.010996751726088121 0.00085772505275883554 0.0033464325083973462 -0.015756399733863162 0.0024690611316122986 0.013371866016537823 0.010365870382368364 -0.015157103449654128 0.0023045558891456154 0.012803611996529449 0
leaf_weight=24.882061049342155 38.382501393556595 7.206706315279007 4.6558131277561179 3.5064327865839031 24.268876239657402 51.256755396723747 47.792746320366859 64.098876878619194 4.8211817741394034 26.776806935667992 18.764422878623009 151.20611828565598 24.557675674557686 4.7065594047307995 4.6413305699825305 1577.4331806749105 25.463776484131813 51.707111567258835 451.36054457724094 3.7147299051284781 1382.1826134622097 6.818132057785987 4.7883504331111908 15.464174300432207 2.316042184829711 5.606752932071684 2.4682204276323318
leaf_count=44 94 19 20 7 72 102 112 124 21 92 55 273 94 13 21 4127 98 143 1059 16 3284 10 9 70 6 8 7
internal_value=0.00195114 0.00314287 -2.62413e-05 -0.00483545 0.00241309 0.0035618 0.00422849 0.00190516 0.00589076 -0.00235063 0.00526375 0.00649398 -0.00953709 0.00179153 -0.00365817 0.00185184 0.00139074 -0.00304089 0.0015598 0.00253944 0.00258845 0.00429546 -0.0021612 -0.00944954 -0.0128263 0.00538404 -0.0104397
internal_weight=4030.85 475.37 121.059 40.8776 80.1814 75.5256 354.311 148.023 206.288 65.1593 82.8633 198.999 28.0641 3555.48 38.7346 3516.74 2105.96 77.1709 2028.79 1410.78 1407.06 16.2478 9.42968 22.4868 17.7802 12.8135 7.2894
internal_count=10000 1100 322 128 194 174 778 365 413 186 179 385 101 8900 129 8771 5427 241 5186 3344 3328 40 30 89 76 27 28
is_linear=0
shrinkage=0.01


Tree=192
num_leaves=14
num_cat=0
split_feature=11 11 3 38 47 69 55 36 52 66 40 37 7
split_gain=7.59553 8.35104 27.7983 20.4197 12.6142 8.62103 20.58 16.6605 12.126 26.6231 19.8053 6.89206 6.39992
threshold=81.835556030273452 62.632709503173835 -4754.4999999999991 0.90517193078994762 0.39904634654521948 94.65845108032228 -0.6303010582923888 -1.1445458531379697 0.0072801304049789914 -0.61655309796333302 2.3803361654281621 1.4134517312049868 1.8299352526664736
decision_type=2 2 2 2 2 2 2 2 2 2 2 2 2
left_child=1 5 11 4 -4 8 -7 -8 10 -10 -1 -3 -5
right_child=-2 2 3 12 -6 6 7 -9 9 -11 -12 -13 -14
leaf_value=0.0019482845891311993 0.0139209026514669 -0.016706863353316843 0.011487389511282727 -0.015892250720678482 -0.0027857266825474158 -0.015716819817720322 -0.015881134016302333 0.001119407067084414 -0.017339942897875743 0.0032010452241785533 -0.0017854443875331223 0.001540513418716261 0.0034506376475238838
leaf_weight=2666.6059641540051 5.3036656975746146 12.34545676410198 18.675128430128101 6.425115838646887 9.1147827655076963 7.9992414861917487 5.9295204281806937 201.64400170743465 6.3379091918468466 936.37630714476109 149.78270524740219 2.3687100857496253 2.2246457934379578
leaf_count=6608 7 52 31 28 26 35 26 542 26 2172 435 6 6
internal_value=0.0019315 0.00191545 -0.00208979 0.00257149 0.00676998 0.00196725 1.77739e-05 0.000628954 0.00207878 0.00306189 0.00174936 -0.0137014 -0.0108018
internal_weight=4031.13 4025.83 51.1538 36.4397 27.7899 3974.68 215.573 207.574 3759.1 942.714 2816.39 14.7142 8.64976
internal_count=10000 9993 149 91 57 9844 603 568 9241 2198 7043 58 34
is_linear=0
shrinkage=0.01


Tree=193
num_leaves=20
num_cat=0
split_feature=27 72 23 26 36 30 28 7 31 51 47 18 10 31 60 54 40 57 54
split_gain=7.57659 16.3005 23.5901 13.162 15.2725 12.8812 9.86358 22.4449 17.6044 27.3139 17.2737 24.2019 21.3942 23.1806 21.5024 17.4906 16.8812 5.44749 4.62354
threshold=-195935.99999999997 -897330.21874999988 674.50000000000011 1.0127141475677492 0.84541893005371105 32.550842285156257 1.0000000180025095e-35 3.930268526077271 5.9219098091125497 0.0030061672441661362 0.45106196403503424 61100.000000000007 -0.00023901500389911232 -4.9532732963562003 -0.00020157341350568456 1.1621844768524172 -1.0000000180025095e-35 1.5370615720748904 1.5526572465896609
decision_type=2 2 2 2 2 2 2 2 2 2 2 2 2 2 2 2 2 2 2
left_child=1 3 -3 4 5 -1 10 8 16 -10 12 15 13 -2 -14 -12 -8 -13 -5
right_child=6 2 -4 18 -6 -7 7 -9 9 -11 11 17 14 -15 -16 -17 -18 -19 -20
leaf_value=0.0047608850680607665 0.0017780550386189611 -0.016085779906306143 0.012301672869530654 0.006742592701038894 -0.015826298320314701 -0.0060586393680380256 0.003786982434786037 -0.01667929267229357 -0.0044568075737258916 0.0029963968752184916 0.0018382823697309439 -0.016468051903147311 0.0034383180029521959 -0.002179107366381332 -0.00041389116411438376 0.005528217253555027 0.0017908458630862408 1.1854705807693973e-05 0.017098494023630149
leaf_weight=169.59240190684795 237.02515253424644 9.0973276197910291 4.2787866145372382 8.2077119350433367 3.9276751130819312 11.687970668077467 782.16653044521809 6.1881877183914176 91.414022490382195 106.32513530552387 470.69557023048401 7.9967437535524351 371.6246142834425 393.64908672869205 236.80328503251076 177.47024042904377 930.81921735405922 2.5161225646734238 10.181745231151579
leaf_count=366 595 39 6 15 17 37 1791 26 277 248 1172 34 885 1130 646 383 2317 7 9
internal_value=0.00191192 0.00373395 -0.00693037 0.00443949 0.00363071 0.00405778 0.00180803 0.00231464 0.00237668 -0.000444133 0.00129578 0.00260477 0.000599138 -0.000690309 0.00193737 0.00285014 0.00270289 -0.0124287 0.0125308
internal_weight=4031.67 216.974 13.3761 203.598 185.208 181.28 3814.69 1916.91 1910.72 197.739 1897.78 658.679 1239.1 630.674 608.428 648.166 1712.99 10.5129 18.3895
internal_count=10000 489 45 444 420 403 9511 4659 4633 525 4852 1596 3256 1725 1531 1555 4108 41 24
is_linear=0
shrinkage=0.01


Tree=194
num_leaves=29
num_cat=0
split_feature=20 58 30 0 61 31 55 46 31 54 26 52 37 21 59 59 29 39 1 31 41 68 35 31 35 31 21 68
split_gain=7.50502 16.0248 19.4213 18.8533 18.7402 18.0419 16.5883 15.1257 13.2008 17.974 13.7004 11.8841 10.6871 10.5626 21.4524 27.7527 24.0339 19.658 19.1347 14.918 12.358 30.9159 15.7794 12.1404 31.4477 14.2331 5.28722 5.14724
threshold=535533.21875000012 -10507.999999999998 9.3323993682861346 172323.00000000003 235.00529479980472 -2.9785137176513667 0.93045917153358471 1.6942880153656008 -3.258104562759399 3.2793884277343754 0.21071413904428485 0.011134336702525617 -1.9901097416877744 -5736.4999999999991 1.5500127673149111 1.2240371704101565 27.050155639648441 1.5386719703674319 63569.000000000007 2.1530591249465947 0.49751038849353796 26.389482498168949 0.2179987654089928 -12.781009197235106 0.89375874400138866 -7.0992269515991202 -4078.9999999999995 39.093917846679695
decision_type=2 2 2 2 2 2 2 2 2 2 2 2 2 2 2 2 2 2 2 2 2 2 2 2 2 2 2 2
left_child=13 2 5 4 -4 -2 8 11 9 -3 -10 -8 -5 14 15 16 -1 -17 27 -20 23 -22 -23 24 -15 -25 -9 -16
right_child=1 6 3 12 -6 -7 7 26 10 -11 -12 -13 -14 20 18 17 -18 -19 19 -21 21 22 -24 25 -26 -27 -28 -29
leaf_value=0.001363901988772959 0.0054970179988427159 0.0085094854035416573 0.00052232379957143249 -0.014825057207360945 -0.017184170868968524 -0.016265172919980034 -0.0061747708017758605 -0.017590957774454102 0.0021056184209100647 -0.010094368491214447 0.0084747054646921432 0.007470940327451484 0.010156481787796134 -0.0056747617945273445 0.020448549204259873 -0.0135485534282659 -0.013640299556952283 -0.0022334706430854733 0.0040365885695926498 -0.016440099869143843 -0.016171185010437041 0.012797476790285619 -0.0021057510207437495 0.0036135108540079485 0.007061155282291595 0.0016624570365353631 -0.00088015240315227701 0.0089128819692610769
leaf_weight=217.86360323429108 5.3902381211519268 107.31904138624668 72.496787562966347 1.7982306331396127 6.5074279159307471 12.527183696627615 11.080154046416284 6.9910957962274551 172.17944131791592 5.4087857604026786 42.272028356790543 14.954930558800696 26.763638228178024 63.137182548642159 8.3568875342607516 25.897778570652008 11.219705596566198 38.360812231898308 35.40068507194519 3.9437879323959342 5.1375182569026938 34.266434729099274 8.8235815614461881 437.60105341672897 27.934327587485313 2617.6602043658495 2.7734828591346723 8.0140554010868055
leaf_count=564 11 194 188 8 27 54 34 29 409 19 75 28 43 199 8 100 43 110 77 17 22 53 25 1032 58 6551 8 14
internal_value=0.00189261 0.00305733 -1.52928e-05 0.00158235 -0.000923469 -0.00966247 0.0041223 -0.00232156 0.00483044 0.00760798 0.00336574 0.00162511 0.00854865 0.00173178 7.71379e-05 -0.00100037 0.000624683 -0.00680929 0.00576818 0.00195864 0.00191227 0.00694342 0.00972252 0.00183483 -0.0017573 0.00194223 -0.0129469 0.0148626
internal_weight=4032.08 488.462 125.484 107.566 79.0042 17.9174 362.979 35.7997 327.179 112.728 214.451 26.0351 28.5619 3543.62 349.057 293.342 229.083 64.2586 55.7154 39.3445 3194.56 48.2275 43.09 3146.33 91.0715 3055.26 9.76458 16.3709
internal_count=10000 1127 331 266 215 65 796 99 697 213 484 62 51 8873 933 817 607 210 116 94 7940 100 78 7840 257 7583 37 22
is_linear=0
shrinkage=0.01


Tree=195
num_leaves=24
num_cat=0
split_feature=1 46 7 52 2 10 68 1 1 49 45 27 24 40 24 56 33 24 23 49 34 60 64
split_gain=7.45311 8.74164 14.7121 13.7767 46.8958 32.1229 13.0091 27.5446 35.5347 25.7101 22.2499 38.2994 21.1826 6.74171 19.3487 14.0293 21.4435 6.67615 10.2359 14.0616 4.49558 3.28934 1.02953
threshold=528355.00000000012 -1.0176488757133482 2.2093255519866948 -0.0048302353825420133 57633.000000000007 -0.00095689500449225296 68.43418121337892 36047.500000000007 28823.000000000004 2.444355964660645 -0.9310936927795409 6808.0000000000009 23.500000000000004 0.065043885260820403 103.50000000000001 1.6522792577743532 1.2597787976264956 68.500000000000014 352.50000000000006 -0.47101786732673639 -0.17678809911012647 -0.010177009738981722 27.155709266662601
decision_type=2 2 2 2 2 2 2 2 2 2 2 2 2 2 2 2 2 2 2 2 2 2 2
left_child=1 2 3 4 -1 -5 10 8 -8 -9 11 -3 -12 17 -15 20 -17 22 19 -19 -16 -20 -2
right_child=13 6 -4 5 -6 -7 7 9 -10 -11 12 -13 -14 14 15 16 -18 18 21 -21 -22 -23 -24
leaf_value=-0.011977348405054742 0.008824249434224744 -0.0048046908430920635 0.015505128904777003 -0.01697774497686905 0.0037970027550917559 0.0048797724410455006 -0.00039081498826239424 0.0015507050778609751 -0.012057154836034662 -0.017788603349210716 0.0050197179019244552 0.0057304847483005336 0.0019244639988411233 -0.016336234844418041 0.0022658440338239588 -0.016419611449520574 0.013466123692674768 0.0080005012782667796 0.014326063233112443 -0.01715439987197686 0.012612793380778553 0.0048440077443082808 0.014782529384480294
leaf_weight=25.120773062109947 5.4960707277059582 113.30900001525879 9.6706293225288373 6.9014895707368842 75.439421713352203 236.68869066238403 93.150461092591286 676.84399385750294 36.38053634762764 6.9373412728309622 244.28439711034298 49.55822417140007 2381.8878299444914 5.0405961722135535 6.2893141955137279 6.2094778269529325 3.8854429721832275 4.5527651906013489 7.237423598766326 4.2914108783006686 14.389151453971865 8.2956603467464429 10.604662179946898
leaf_count=92 9 351 13 29 173 512 256 1704 136 29 531 105 5909 22 16 27 5 8 8 18 19 17 11
internal_value=0.0018735 0.0018134 0.00331615 0.00297073 -0.000133617 0.00425639 0.00166552 0.000550993 -0.00367518 0.00135303 0.00199017 -0.00159284 0.00221276 0.00497689 0.00178026 0.00478019 -0.0048178 0.00778048 0.00441706 -0.0040922 0.00951415 0.00932642 0.0128107
internal_weight=4032.46 3956.17 353.821 344.15 100.56 243.59 3602.35 813.312 129.531 683.781 2789.04 162.867 2626.17 76.292 35.814 30.7734 10.0949 40.478 24.3773 8.84418 20.6785 15.5331 16.1007
internal_count=10000 9840 819 806 265 541 9021 2125 392 1733 6896 456 6440 160 89 67 32 71 51 26 35 25 20
is_linear=0
shrinkage=0.01


Tree=196
num_leaves=26
num_cat=0
split_feature=23 2 35 45 48 10 0 51 1 10 40 38 1 59 40 46 51 34 2 28 6 57 59 40 57
split_gain=7.47885 16.0307 14.7754 15.7696 15.4532 18.1821 13.9713 17.8347 14.9717 13.349 13.0965 11.4163 15.4263 13.1269 11.6972 32.4849 16.6752 16.2711 14.4953 11.9979 10.2459 9.7625 8.59878 7.82114 6.77441
threshold=1303.5000000000002 135199.50000000003 -1.4822627305984495 0.82128477096557628 0.28767813742160803 -0.00065457000164315094 98175.000000000015 -0.018964955583214756 98047.000000000015 0.0003111699916189537 -1.3403376340866087 2.8406968116760258 137325.00000000003 1.3558621406555178 2.811020135879517 -0.58636528253555287 0.0063777007162570962 -0.52865505218505848 333835.50000000006 -1.0000000180025095e-35 -155771591.99999997 0.77807703614234935 1.1162661314010622 1.9885518550872805 1.3808134794235232
decision_type=2 2 2 2 2 2 2 2 2 2 2 2 2 2 2 2 2 2 2 2 2 2 2 2 2
left_child=11 2 3 24 21 -6 7 -3 -8 -10 -5 14 23 22 18 17 -17 -16 19 -1 -20 -4 -14 -13 -2
right_child=1 6 4 10 5 -7 8 -9 9 -11 -12 12 13 -15 15 16 -18 -19 20 -21 -22 -23 -24 -25 -26
leaf_value=0.0011140737152538418 -0.016398661885728767 0.0060605093191200624 -0.0057594065347916614 0.0099652205687206837 -0.00097149493566018642 0.0053244581865245421 -0.015317856369841506 -0.016582174740700548 0.0027886431514155263 -0.016465646723506869 -0.002692934321714508 -0.014841472899351749 -0.0068570823286745256 -0.014878618995945661 0.0089096768733185512 -0.010280407094431869 0 -0.0015510796679619604 0.0035975508322044453 0.0023357147090793391 0.010172980774666119 0.010761843721095531 0.0084169249017548471 0.0052608994074394219 0.002670212304778854
leaf_weight=1634.0634889006615 8.0575613528490049 5.1643794775009146 3.7566525638103476 12.970025122165678 59.853633254766464 192.82751166820526 5.2053183466196051 10.334186911582945 96.502841338515282 3.7282708436250678 21.920932203531265 12.517696782946585 4.8190233409404817 4.1583936661481848 32.222433939576149 38.912587821483612 26.54574753344059 27.353171706199646 139.56814543902874 1591.4348942935467 28.861962080001831 52.530197978019714 14.974016845226286 2.2081741094589225 2.3119582235813132
leaf_count=4194 34 10 12 23 158 400 23 44 229 16 65 58 17 19 61 148 75 76 307 3862 48 80 29 6 6
internal_value=0.00185462 0.00303563 0.00410892 -0.00120949 0.00489125 0.00382915 -9.98491e-05 -0.00897273 0.00119493 0.00206247 0.00198382 0.0016966 -0.00369841 0.00121578 0.00175618 -0.00124282 -0.00611166 0.00409001 0.00186696 0.00171713 0.00473025 0.00964143 0.00464763 -0.0117592 -0.0120507
internal_weight=4032.8 475.163 354.228 45.2605 308.968 252.681 120.935 15.4986 105.436 100.231 34.891 3557.64 38.6773 23.9514 3518.96 125.034 65.4583 59.5756 3393.93 3225.5 168.43 56.2869 19.793 14.7259 10.3695
internal_count=10000 1100 778 128 650 558 322 54 268 245 88 8900 129 65 8771 360 223 137 8411 8056 355 92 46 64 40
is_linear=0
shrinkage=0.01


Tree=197
num_leaves=15
num_cat=0
split_feature=11 65 67 53 36 63 68 1 56 9 51 50 60 40
split_gain=7.4478 8.84363 13.5611 15.3884 14.3265 13.6878 12.6713 11.2086 13.2746 23.9903 13.0209 22.3945 16.4925 11.9976
threshold=81.835556030273452 1.989093065261841 4.2025671005249032 0.031883878633379943 1.8900397419929507 9.2601084709167498 81.832210540771499 226057.50000000003 -0.67287567257881153 4226577.5000000009 0.0043348753824830064 -0.0063166320323944083 -0.017489163205027577 -1.2778888940811155
decision_type=2 2 2 2 2 2 2 2 2 2 2 2 2 2
left_child=1 7 4 -4 -3 -5 -6 10 9 -9 12 -12 -1 -10
right_child=-2 2 3 5 6 -7 -8 8 13 -11 11 -13 -14 -15
leaf_value=-0.0086085198980519473 0.013714860397158418 -0.014278140083337418 -0.014297253191257939 -0.015391104536060208 0.0072257036903985673 0.0035458541167002759 -0.01538262312680987 -0.012914687842894327 0.00040682476960747233 0.0053506573340009501 -0.0046474750088620325 0.0029303982348614448 0.0013915994281033775 0.0050744781992394404
leaf_weight=16.576131477952003 5.2969096750020972 13.860314413905146 5.9871327579021445 4.0426090359687796 8.5156438350677472 64.287508547306061 3.4923627078533164 13.158021092414858 69.835069298744202 15.770865201950071 40.428792744874954 1033.091643512249 2469.5987510681152 269.08342301845551
leaf_count=58 7 68 29 18 19 160 16 52 170 32 120 2408 6285 558
internal_value=0.00183596 0.00182009 -0.0011075 0.00105136 -0.00734836 0.00241085 0.000567107 0.00189503 0.00355941 -0.00292259 0.00172275 0.00264408 0.00132452 0.00411565
internal_weight=4033.03 4027.73 100.186 74.3173 25.8683 68.3301 12.008 3927.54 367.847 28.9289 3559.7 1073.52 2486.17 338.918
internal_count=10000 9993 310 207 103 178 35 9683 812 84 8871 2528 6343 728
is_linear=0
shrinkage=0.01


Tree=198
num_leaves=21
num_cat=0
split_feature=27 38 68 55 40 22 40 9 40 18 7 57 53 27 48 28 0 27 38 28
split_gain=7.3552 15.966 14.3281 20.7077 16.0478 15.5419 15.0101 13.5851 9.697 18.6693 17.1465 16.6148 16.2987 11.8066 27.1275 24.5003 18.2997 21.7144 17.9754 7.98417
threshold=-195935.99999999997 0.74135500192642223 34.064092636108406 -0.059762690216302865 -1.6903482675552366 8695.5048828125018 -1.2778888940811155 7957533.0000000009 -1.5049716234207151 100567.00000000001 2.4250384569168095 1.5031476616859438 0.37951920926570898 -99567.999999999985 -1.0473212599754331 -1899.9999999999998 136005.00000000003 169520.00000000003 1.8951507210731509 40.312500000000007
decision_type=2 2 2 2 2 2 2 2 2 2 2 2 2 2 2 2 2 2 2 2
left_child=1 2 3 5 -5 -1 7 -4 9 10 12 -12 -2 14 -10 -16 17 -15 -18 -8
right_child=8 -3 6 4 -6 -7 19 -9 13 -11 11 -13 -14 16 15 -17 18 -19 -20 -21
leaf_value=0.006944059211642796 0.0020873334285147795 -0.015800931258654574 -0.017439016063201581 0.0071408520978635164 -0.013621675145036408 0.00028038574301935245 0.013076657421139941 0.0075102331497707876 -0.016995141233135957 -0.0164511409309019 -0.016463644492366935 0.01152384210978241 0.0055807933063262809 0.00127128485878381 0.0066711186605432887 -0.0012378722073483686 0.0022962532041048344 -0.0072609673033816307 0.0064037613106730654 0.0027642678591621862
leaf_weight=73.754836976528168 406.3526773750782 4.1343509554862967 3.8833684623241407 5.173807010054591 12.83348575234413 67.229177236557007 34.935781970620155 4.9257548004388809 9.5781525522470456 4.9510402083396903 8.2800934314727765 2.8087475150823584 200.1087471395731 1957.2635837942362 47.325050741434097 227.10253416001797 799.18871928751469 30.25704725086689 123.38007923960686 9.8951979428529722
leaf_count=144 989 18 16 10 50 171 49 9 40 21 35 4 419 4998 96 628 1927 104 250 22
internal_value=0.00181745 0.00361349 0.00399568 0.002479 -0.00760071 0.00377353 0.00847254 -0.00337475 0.00171518 0.00285872 0.00301515 -0.00928437 0.00324169 0.001492 -0.000451382 0.00012239 0.001682 0.00114089 0.00284666 0.0108228
internal_weight=4033.36 216.766 212.631 158.991 18.0073 140.984 53.6401 8.80912 3816.6 622.501 617.55 11.0888 606.461 3194.1 284.006 274.428 2910.09 1987.52 922.569 44.831
internal_count=10000 489 471 375 60 315 96 25 9511 1468 1447 39 1408 8043 764 724 7279 5102 2177 71
is_linear=0
shrinkage=0.01


Tree=199
num_leaves=11
num_cat=0
split_feature=13 13 24 57 13 53 56 53 7 67
split_gain=7.37438 8.72758 14.6864 18.2 8.39587 8.06302 18.4855 15.9791 4.63376 3.83742
threshold=548304.46875000012 494778.90625000006 23.500000000000004 1.1994471549987795 481414.62500000006 0.37951920926570898 -0.32032199203968043 0.031883878633379943 3.4091917276382451 2.212793350219727
decision_type=2 2 2 2 2 2 2 2 2 2
left_child=1 4 -3 -4 5 7 -7 -1 -6 -2
right_child=9 2 3 -5 8 6 -8 -9 -10 -11
leaf_value=0.0019207018953453538 -0.016506285780987839 0.015397980580020768 -0.016889633934076317 0.012245184405361384 -0.017591257916977156 0.0047886773503626572 0.0018349420516864546 0.00012208445293688221 0 0
leaf_weight=2068.0991635918617 3.3004270642995825 12.123395144939424 4.1107643544673902 4.4645784944295883 3.4374030828475943 268.77177500724792 1013.6484754532576 650.5205841511488 2.6315462738275528 2.5854425579309464
leaf_count=5116 14 15 17 7 14 601 2493 1709 7 7
internal_value=0.00179913 0.00181568 0.00830563 -0.00160457 0.00178191 0.00179995 0.00245477 0.00149069 -0.00994582 -0.00935841
internal_weight=4033.69 4027.81 20.6987 8.57534 4007.11 4001.04 1282.42 2718.62 6.06895 5.88587
internal_count=10000 9979 39 24 9940 9919 3094 6825 21 21
is_linear=0
shrinkage=0.01


Tree=200
num_leaves=27
num_cat=0
split_feature=61 9 61 54 47 48 54 0 35 39 37 21 40 31 10 49 28 57 65 72 10 47 10 37 10 20
split_gain=7.36532 13.6674 18.4764 12.2654 19.0655 16.6722 15.5496 13.8027 12.858 11.7432 11.765 11.5613 15.1674 18.3752 22.1031 16.7513 14.5733 15.5696 16.9128 13.966 12.972 12.9242 12.4 11.7084 9.7172 4.28109
threshold=117.21471023559572 8482377.0000000019 124.99787521362306 -0.90696880221366871 1.6767125725746157 -1.2603750824928281 -1.0576315522193906 17212.500000000004 -1.5638900995254514 -0.99398884177207936 -2.1080430746078487 -96.499999999999986 -2.1408281326293941 -0.21555231511592862 0.0007068950217217208 1.3887293934822085 1633.3750000000002 1.0949720740318301 1.0403282642364504 -1098813.9999999998 0.0005024499841965736 -1.4129502177238462 -0.0010857500019483266 0.8121982514858247 0.00010689999908208848 462108.76562500006
decision_type=2 2 2 2 2 2 2 2 2 2 2 2 2 2 2 2 2 2 2 2 2 2 2 2 2 2
left_child=11 3 -3 4 5 -2 -6 -5 -9 25 -11 12 21 14 -14 -15 17 18 -13 -19 23 24 -23 -18 -1 -4
right_child=1 2 9 7 6 -7 -8 8 -10 10 -12 16 13 15 -16 -17 20 19 -20 -21 -22 22 -24 -25 -26 -27
leaf_value=-0.011125895428124451 0.0096422034868645281 -0.015591214988659912 -0.014301378735713546 -0.015644622746230016 -0.015966917099545778 0.0023986026867592962 0.0091584589968901047 0.0026916453828781744 0.000512155419847075 -0.0087038236284756546 0.0059597228903017973 0.0068476938741932215 8.8326362881659544e-05 0.0017673368175925299 -0.017018638236770089 0.0066072539302247726 -0.017372768181983238 0.0037839771974581401 -0.0098748426072241477 -0.00096648478024774249 0.0093198049180188616 -0.0087482106526916344 0.0083423493077147068 0.0023110565194253765 0.010019892995812454 0.0025420805379625022
leaf_weight=7.1562434434890729 34.050815522670746 4.532355085015296 4.2090891003608695 5.0441917330026618 9.5287237763404828 501.00654968619347 3.2672987878322592 331.47086982429028 1487.5101793259382 5.6310502141714087 145.5280272513628 170.71406279504299 405.54894253611565 400.86904448270798 7.6944795697927466 87.371073558926582 8.5170852541923541 238.17003598809242 6.2220292240381232 83.200924083590508 4.4061892032623282 4.4699615985155097 68.306602448225021 4.5550512969493857 3.0775709599256516 2.2111717909574509
leaf_count=26 59 20 20 22 41 1223 6 825 3920 21 277 332 1056 981 32 172 36 520 23 222 7 15 121 12 5 6
internal_value=0.00178089 0.00145107 0.00426283 0.00125847 0.00257153 0.00286145 -0.00947333 0.000863543 0.000909871 0.00484023 0.00540685 0.00233728 0.00169993 0.00132185 -0.000227781 0.00263549 0.00355187 0.00386784 0.00625399 0.002551 -0.00539946 0.00579386 0.0072789 -0.0104373 -0.0046691 -0.00834465
internal_weight=4034.27 2533.99 162.112 2371.88 547.853 535.057 12.796 1824.03 1818.98 157.579 151.159 1500.28 984.494 901.484 413.243 488.24 515.785 498.307 176.936 321.371 17.4783 83.0104 72.7766 13.0721 10.2338 6.42026
internal_count=10000 6440 344 6096 1329 1282 47 4767 4745 324 298 3560 2408 2241 1088 1153 1152 1097 355 742 55 167 136 48 31 26
is_linear=0
shrinkage=0.01


Tree=201
num_leaves=14
num_cat=0
split_feature=11 11 3 38 47 69 55 9 52 66 41 37 7
split_gain=7.35118 8.07918 27.2055 19.9447 12.3318 8.41882 20.13 17.9002 11.7952 26.019 18.0581 6.7091 6.27523
threshold=81.835556030273452 62.632709503173835 -4754.4999999999991 0.90517193078994762 0.39904634654521948 94.65845108032228 -0.6303010582923888 2837487.5000000005 0.0072801304049789914 -0.61655309796333302 1.9719488620758059 1.4134517312049868 1.8299352526664736
decision_type=2 2 2 2 2 2 2 2 2 2 2 2 2
left_child=1 5 11 4 -4 8 -7 -8 10 -10 -1 -3 -5
right_child=-2 2 3 12 -6 6 7 -9 9 -11 -12 -13 -14
leaf_value=0.0016209332364652649 0.013570402234860352 -0.016658433669671468 0.011218215550749418 -0.015865281942691201 -0.002889190050059629 -0.015698091758248257 -0.0045040563586212249 0.0022082526685372893 -0.017303224619831727 0.0030152387972440294 -0.01576617128835037 0.0013309134817559058 0.0032879434625584965
leaf_weight=2813.2411743998528 5.2910148799419394 12.326751336455343 18.700824946165088 6.4123879820108396 9.119721055030821 7.9900937825441352 53.47103376686573 154.27702355384827 6.3310016989707938 936.70369738340378 5.9755279272794715 2.3707682639360419 2.2240264713764191
leaf_count=7017 7 52 31 28 26 35 176 392 26 2172 26 6 6
internal_value=0.00176301 0.00174726 -0.00219276 0.00241434 0.00655779 0.00179817 -0.000118584 0.000475798 0.00190835 0.00287777 0.00158373 -0.0136886 -0.0108172
internal_weight=4034.44 4029.14 51.1545 36.457 27.8205 3977.99 215.738 207.748 3762.25 943.035 2819.22 14.6975 8.63641
internal_count=10000 9993 149 91 57 9844 603 568 9241 2198 7043 58 34
is_linear=0
shrinkage=0.01


Tree=202
num_leaves=29
num_cat=0
split_feature=23 2 35 48 10 21 68 9 53 30 39 49 50 58 34 1 68 48 14 54 19 55 23 57 55 57 27 59
split_gain=7.29299 15.7887 14.476 15.1248 17.8528 14.0671 18.0409 13.6644 19.0388 14.3859 14.0969 13.176 13.0475 11.2116 12.5515 19.3048 13.7042 12.2676 20.3156 20.6788 14.4327 30.344 16.3109 11.0809 9.85209 9.55204 4.14765 4.01278
threshold=1303.5000000000002 135199.50000000003 -1.4822627305984495 0.28767813742160803 -0.00065457000164315094 3735.5000000000005 37.002529144287116 6726988.5000000009 -0.68268841505050648 6.5790860652923593 0.81260141730308544 0.46673278510570532 0.0040648700669407853 -91655.999999999985 -0.23373466730117795 98047.000000000015 76.010444641113295 2.038099050521851 12.299999713897707 2.7095706462860112 391456.68750000006 -1.0343275666236875 1133.5000000000002 1.6880221366882326 0.69036203622818004 0.77807703614234935 -148831.99999999997 1.2924783825874331
decision_type=2 2 2 2 2 2 2 2 2 2 2 2 2 2 2 2 2 2 2 2 2 2 2 2 2 2 2 2
left_child=13 2 5 25 -5 12 -7 8 26 -9 -11 -10 -2 14 16 27 23 20 -19 -20 22 -22 -15 -1 -17 -4 -3 -16
right_child=1 7 3 4 -6 6 -8 9 11 10 -12 -13 -14 17 15 24 -18 18 19 -21 21 -23 -24 -25 -26 -27 -28 -29
leaf_value=-0.00058917661534157225 -0.012970767242314257 0.01006629226198716 -0.0057864293658826628 -0.0010549109253694536 0.0051835992527333938 0.0074608734810043612 -0.010799380842196209 -0.01584167140432767 0.0083982145368907239 -0.00302144947203547 0.0061779499355677867 -0.012162667102843274 0.0098974038624866506 0.0016089090245656266 -0.016705345955542551 0.013784822567877487 -0.016814332512477707 0.016321600453698779 0.0043682287717444748 -0.012867198302487596 -0.014694236487591366 -0.00010967630963205407 -0.0048193198236470012 0.0078701008867983549 0.0044167033756657174 0.010565655502068116 -0.0012992541231402945 0
leaf_weight=38.403617173433304 13.37508435547352 7.3333545625209808 3.752086177468299 59.86529578268528 192.80584913492203 21.696508616209034 7.1772079169750205 4.1748306006193152 3.5118560492992428 24.481723785400391 51.384553492069244 24.494422540068626 3.0167932361364356 3096.6800450980663 3.1409266591072074 29.953543469309807 3.7662093043327323 13.241331636905668 100.28698460757732 7.4557404220104209 15.635355457663534 164.5266977250576 39.906346499919891 25.728440031409264 18.557985678315163 52.433505684137344 5.4629663378000242 2.5856820344924927
leaf_count=101 53 12 12 158 400 44 26 18 7 73 103 94 5 7761 13 38 16 16 221 27 62 430 123 45 40 80 15 7
internal_value=0.0017452 0.00291166 0.00397687 0.00475158 0.00370155 -0.0012871 0.00288725 -0.000201563 -0.00491886 0.00219068 0.00319616 -0.00954872 -0.00870106 0.00158929 0.00457057 0.00816216 0.00168683 0.00148308 0.00461434 0.00316626 0.00136856 -0.00138095 0.0015268 0.00278892 0.0102217 0.00945586 0.005136 -0.00910993
internal_weight=4034.83 474.966 354.122 308.857 252.671 45.2656 28.8737 120.844 40.8026 80.0411 75.8663 28.0063 16.3919 3559.87 122.136 54.2381 67.8983 3437.73 120.984 107.743 3316.75 180.162 3136.59 64.1321 48.5115 56.1856 12.7963 5.72661
internal_count=10000 1100 778 650 558 128 70 322 128 194 176 101 58 8900 260 98 162 8640 264 248 8376 492 7884 146 78 92 27 20
is_linear=0
shrinkage=0.01


Tree=203
num_leaves=26
num_cat=0
split_feature=20 58 30 17 1 55 14 47 60 47 19 56 45 27 72 55 54 28 2 17 41 39 49 53 67
split_gain=7.29049 15.6931 18.9847 18.3466 23.1916 16.2702 15.5504 15.2279 14.4177 14.1857 23.0929 21.102 26.4834 21.8467 13.4317 11.821 20.4482 12.8248 11.0788 14.2538 13.393 11.4813 12.3732 10.5244 4.85974
threshold=535533.21875000012 -10507.999999999998 9.3323993682861346 21251.000000000004 57121.500000000007 0.93045917153358471 32.850000381469734 -1.4129502177238462 -1.0000000180025095e-35 -0.57543706893920887 391456.68750000006 -0.71890088915824879 -0.75855937600135792 -71159.999999999985 -2525215.7499999995 -0.94904372096061695 -0.11004403233528136 -582.93749999999989 402099.00000000006 73039.000000000015 0.49751038849353796 -0.21447938680648801 0.33383439481258398 0.80801433324813854 4.4468638896942148
decision_type=2 2 2 2 2 2 2 2 2 2 2 2 2 2 2 2 2 2 2 2 2 2 2 2 2
left_child=9 2 14 6 -5 15 -4 24 -9 10 11 13 -13 -1 -2 16 -3 -17 19 20 -11 -20 -23 -21 -7
right_child=1 5 3 4 -6 7 -8 8 -10 18 -12 12 -14 -15 -16 17 -18 -19 21 23 -22 22 -24 -25 -26
leaf_value=-0.008926025613464502 -0.016154570688879703 -0.017630726391334253 -0.016635543589946847 -0.017327710940896305 0.0041292029333375438 -0.017869815729992758 0.0087137236766068656 -0.0070076772655955242 0.0078799426852843232 0.0017190216727061131 -0.016557792727241599 -0.0059571433891558627 0.0005286928124648185 0.0060054028374108741 0.0018268757563756478 0 0.0024554933998285279 0.0062761703653583037 0.016143301647682046 -0.01597073669389306 0.0074586038615500659 0.0023261295937169343 0.011607923694285663 0.0042541219117802906 -0.0011619773847360894
leaf_weight=10.834308490157126 11.532354146242143 5.7429573684930793 9.219246178865431 5.3228469640016547 89.66824409365654 6.7974376976490003 3.2241769433021537 11.467501595616341 14.96437069773674 2699.2615660130978 8.0451347529888135 71.966767802834511 501.99295583367348 98.278335645794868 6.3469756096601477 37.527268871665001 43.110341548919678 240.62603703141212 8.6793784201145154 7.7891128957271558 41.39005471765995 77.201759934425354 17.787417069077492 3.7407902777194977 2.5172211825847626
leaf_count=38 50 24 39 22 199 28 6 36 28 6695 34 231 1326 211 15 98 100 475 9 34 83 179 25 8 7
internal_value=0.00172765 0.00287601 -0.000167197 0.00141252 0.00291633 0.00393005 -0.00998701 -0.00245719 0.0013831 0.00156936 0.000282105 0.000481907 -0.000282801 0.00451363 -0.00971541 0.00463132 7.37852e-05 0.00542819 0.00188052 0.00175908 0.00180607 0.0050948 0.00407474 -0.0093222 -0.013462
internal_weight=4035.03 488.067 125.314 107.435 94.9911 362.753 12.4434 35.7465 26.4319 3546.97 691.118 683.072 573.96 109.113 17.8793 327.007 48.8533 278.153 2855.85 2752.18 2740.65 103.669 94.9892 11.5299 9.31466
internal_count=10000 1127 331 266 221 796 45 99 64 8873 1840 1806 1557 249 65 697 124 573 7033 6820 6778 213 204 42 35
is_linear=0
shrinkage=0.01


Tree=204
num_leaves=11
num_cat=0
split_feature=13 13 24 57 13 61 9 38 8 31
split_gain=7.24223 8.53234 14.3323 17.7132 8.28835 8.52801 13.5742 12.354 4.23099 4.0001
threshold=548304.46875000012 494778.90625000006 23.500000000000004 1.1994471549987795 481414.62500000006 117.21471023559572 8482377.0000000019 0.82196417450904857 0.97703510522842418 -0.21555231511592862
decision_type=2 2 2 2 2 2 2 2 2 2
left_child=1 4 -3 -4 5 7 -7 -1 -6 -2
right_child=9 2 3 -5 8 6 -8 -9 -10 -11
leaf_value=0.0028391527071384231 -0.016532486823627839 0.015147463054827377 -0.016773119858066392 0.011990062810899352 -0.017304363459125612 0.0011651500235812674 0.0041611997283926517 0.00071091827503114461 -7.7360790815448328e-05 0
leaf_weight=1112.6587340533733 3.345524936914444 12.125960394740106 4.097073480486868 4.4664244800806046 3.4235051274299613 2364.9410990029573 161.8975697606802 363.12196424603462 2.6452865749597549 2.5344932824373236
leaf_count=2559 14 15 17 7 14 6082 344 934 7 7
internal_value=0.00171028 0.00172667 0.00814471 -0.00165446 0.0016933 0.00171122 0.00135751 0.00231617 -0.00996017 -0.00935322
internal_weight=4035.26 4029.38 20.6895 8.5635 4008.69 4002.62 2526.84 1475.78 6.06879 5.88002
internal_count=10000 9979 39 24 9940 9919 6426 3493 21 21
is_linear=0
shrinkage=0.01


Tree=205
num_leaves=14
num_cat=0
split_feature=11 65 38 36 34 1 51 55 38 40 49 45 24
split_gain=7.21834 8.65175 13.5958 11.7683 13.2842 10.7474 12.6552 22.655 15.4636 10.9441 22.2259 11.3017 5.31814
threshold=81.835556030273452 1.989093065261841 0.48426859080791479 -0.25714053213596338 0.51970210671424877 226057.50000000003 0.0043348753824830064 2.0333116054534917 2.289339661598206 -2.7409170866012569 -0.68328139185905445 0.35472607612609869 2124.5000000000005
decision_type=2 2 2 2 2 2 2 2 2 2 2 2 2
left_child=1 5 12 -4 -5 6 8 -8 -1 10 -7 -11 -3
right_child=-2 2 3 4 -6 9 7 -9 -10 11 -12 -13 -14
leaf_value=0.0010897320296317961 0.013400293890608581 -0.014207245855541619 0.018312816620756008 -0.009539346645311789 0.0011772897536856449 0.0096433876806267926 0.0026545949222851707 -0.010459979110514281 0.0073757364750375509 0.0023278228950710743 -0.013645446555059631 0.006026168308569421 0.0019865280805255463
leaf_weight=2448.9866868555546 5.2840932309627524 10.050060465931891 3.4341959953308097 13.826123893260954 70.414692789316177 6.7382659465074566 1060.6502702385187 13.308070346713064 39.832515582442284 214.48896643519402 10.352192565798758 135.86887116730213 2.4099343419075003
leaf_count=6262 7 49 3 56 195 10 2477 51 81 496 39 267 7
internal_value=0.00169302 0.00167742 -0.00121936 0.000158496 -0.00056972 0.00175148 0.00158301 0.00249115 0.00119074 0.00338219 -0.00440483 0.0037649 -0.0109949
internal_weight=4035.64 4030.36 100.135 87.675 84.2408 3930.23 3562.78 1073.96 2488.82 367.448 17.0905 350.358 12.46
internal_count=10000 9993 310 254 251 9683 8871 2528 6343 812 49 763 56
is_linear=0
shrinkage=0.01


Tree=206
num_leaves=27
num_cat=0
split_feature=39 49 33 3 33 3 66 57 68 38 60 49 56 56 68 48 55 56 40 56 45 22 59 19 3 3
split_gain=7.16458 14.4724 13.268 14.1764 13.2018 21.339 20.7986 10.6707 17.3167 34.5605 24.069 23.4366 19.2968 16.3015 14.8859 25.1593 20.0747 14.7609 12.9113 9.84985 9.66091 10.765 6.88484 9.03691 5.30044 4.96933
threshold=2.4510273933410649 -0.79283851385116566 -0.88798782229423512 -25360.999999999996 0.91629186272621166 24990.500000000004 3.0711508989334111 1.0949720740318301 32.262578964233406 -0.39383891224861139 0.0012893704697489741 1.9125389456748965 -0.95245903730392445 9.1635432243347186 21.796365737915043 2.038099050521851 -0.80629998445510853 1.096113443374634 1.0962607860565188 2.9769973754882817 2.5106227397918706 -92027.164062499985 1.7193740010261538 11951.504882812502 2745.0000000000005 9832.5000000000018
decision_type=2 2 2 2 2 2 2 2 2 2 2 2 2 2 2 2 2 2 2 2 2 2 2 2 2 2
left_child=7 2 3 19 20 25 -7 13 9 12 -11 18 -9 14 15 -1 -16 -13 -10 -2 21 -3 24 -24 -4 -6
right_child=1 4 22 -5 5 6 -8 8 11 10 -12 17 -14 -15 16 -17 -18 -19 -20 -21 -22 -23 23 -25 -26 -27
leaf_value=0.0055387106769393549 -0.0055039698283408855 -0.005331091101162473 0.012979215223132301 -0.016363803287467334 -0.0019139129221996047 0.0051438778220959823 -0.015344628829602887 -0.010911868736367928 0.00035158120725141206 -0.016285291267731709 -0.0012860164303059723 0.0086718049328283493 0.00063068160003285523 -0.014906201026424367 -0.0015594078952136199 -0.017146341359534967 0.0021054638945321412 -0.0010562498522530932 0.0027642088587036019 0.010027967840343524 0.011643810667066535 0.0026964736727956885 0.007522349268230818 -0.0036313618385782833 0.0065608072539694983 -0.017223305258745072
leaf_weight=166.13078457117081 7.1218675225973191 17.610108256340027 28.49239356815815 4.7135449796915045 2.8667573928832999 25.842700049281124 6.1211096048355094 15.149517595767973 726.44215114414692 23.249915927648544 20.104031041264534 68.314331293106079 328.6616178303957 5.6766879111528388 163.64905591309071 5.0171242654323569 1689.4407752305269 19.983984932303429 320.09281675517559 9.4194470942020398 11.39803287386894 300.44838178157806 24.411193802952766 10.204456463456152 25.123202115297318 10.222925037145613
leaf_count=363 22 55 36 20 8 53 28 56 1877 99 57 120 859 26 456 21 4143 53 764 14 15 697 42 28 45 43
internal_value=0.00167599 0.0028198 0.00602212 -0.00102904 0.00188095 -0.0031863 0.00118902 0.00151985 0.000885673 -0.000938913 -0.00935291 0.00150904 0.000119168 0.00199485 0.00204274 0.00486787 0.00178127 0.00645879 0.00109046 0.00328023 0.00257693 0.00224886 0.00773208 0.00420542 0.00999033 -0.0139468
internal_weight=4035.91 483.996 109.486 21.2549 374.51 45.0535 31.9638 3551.91 1522 387.165 43.3539 1134.83 343.811 2029.91 2024.24 171.148 1853.09 88.2983 1046.53 16.5413 329.457 318.058 88.2312 34.6157 53.6156 13.0897
internal_count=10000 1106 207 56 899 132 81 8894 3885 1071 156 2814 915 5009 4983 384 4599 173 2641 36 767 752 151 70 81 51
is_linear=0
shrinkage=0.01


Tree=207
num_leaves=27
num_cat=0
split_feature=28 34 37 69 28 67 54 27 0 26 2 47 50 63 67 3 61 64 63 60 72 3 39 72 69 31
split_gain=7.15558 19.7168 19.8694 20.4248 36.3249 28.6324 19.4544 25.0018 18.0316 16.5408 21.7912 28.4712 19.3888 18.9753 24.0652 32.126 19.1228 18.3891 25.5109 18.1845 17.6254 13.7859 12.6152 8.70865 8.04115 5.82749
threshold=58.125000000000007 -0.48834280669689173 -1.7864711880683897 9.9374313354492205 116.06250000000001 -2.7754706144332881 2.7095706462860112 -99567.999999999985 80588.500000000015 0.0337143111974001 68776.000000000015 0.65177732706069957 0.0007771213713567705 9.1177191734313983 0.33311709761619573 -11019.499999999998 170.04609680175784 11.601705551147463 12.019322872161867 -0.00052227306878194202 -1289827.6874999998 -28264.999999999996 1.0000000180025095e-35 -1283457.3749999998 52.524141311645515 -4.0212764739990225
decision_type=2 2 2 2 2 2 2 2 2 2 2 2 2 2 2 2 2 2 2 2 2 2 2 2 2 2
left_child=9 21 3 4 -3 -5 8 -8 -4 10 12 22 19 14 16 -16 -11 20 -19 -1 -15 -2 -12 -23 -14 -25
right_child=1 2 6 5 -6 -7 7 -9 -10 13 11 -13 24 17 15 -17 -18 18 -20 -21 -22 23 -24 25 -26 -27
leaf_value=0.0031600708134686163 -0.0080890181886145614 0.010364696708612342 0.001143972438048507 0.0050748529220846807 -0.017271691609769112 -0.0023906335659387825 0.010990850014414848 -0.0028169312426542213 0.00357677197627087 0.003292675208184648 0.014713468494645844 -0.016093420427980679 -0.0045993270862596308 0.00098921273780588903 -0.016534724321813445 0.0048031163481315588 0.014127817533118384 0.0092490880349747062 0.0013594583486655903 -0.0065340268467588142 -0.0062756090005899844 0.003156234024196273 -0.00059684806282282775 0.022088537377200349 -0.017554944292686531 0.011142428584711594
leaf_weight=35.399190947413445 3.8154531717300406 6.5643478631973293 458.25840845704079 80.159173533320427 16.939935445785522 142.98151554167271 14.759851410984991 116.52313773334026 917.35881447792053 29.911333978176117 16.735419526696212 5.1016818583011618 7.7679812461137798 73.638498559594154 9.6145002245902997 26.460905328392982 36.533836290240288 41.968757048249245 1840.5926734209061 42.462042599916458 60.818718522787094 8.4343557953834551 7.7516250908374777 8.1745122671127337 13.600093215703962 13.690210506319998
leaf_count=85 12 12 1161 177 70 407 23 338 2078 68 23 22 25 184 41 57 51 78 4631 138 194 19 21 7 56 22
internal_value=0.00165917 0.00213223 0.00198503 -0.000642885 -0.00951077 0.000286723 0.00241582 -0.00125694 0.00276706 0.0012826 -0.00219344 0.00532318 -0.00444486 0.00149434 0.00569401 -0.000855938 0.00926526 0.00128038 0.00153588 -0.00211381 -0.00228943 0.00966927 0.00982599 0.0119385 -0.012892 0.0152806
internal_weight=4036.02 1787.66 1753.55 246.645 23.5043 223.141 1506.9 131.283 1375.62 2248.36 128.818 29.5887 99.2293 2119.54 102.521 36.0754 66.4452 2017.02 1882.56 77.8612 134.457 34.1145 24.487 30.2991 21.3681 21.8647
internal_count=10000 4326 4266 666 82 584 3600 361 3239 5674 370 66 304 5304 217 98 119 5087 4709 223 378 60 44 48 81 29
is_linear=0
shrinkage=0.01


Tree=208
num_leaves=30
num_cat=0
split_feature=53 40 65 3 65 66 18 18 72 6 0 54 3 53 18 30 45 28 49 18 17 2 3 27 26 69 35 48 72
split_gain=7.18814 20.736 23.4927 24.4644 21.1745 30.3237 17.3107 21.4975 25.4126 22.3171 19.42 27.4164 16.8895 16.6174 25.4316 28.8385 26.3804 31.8734 22.6395 16.9677 28.9167 38.1413 28.5156 24.8856 20.8017 16.0355 8.08032 7.55655 4.72828
threshold=0.37951920926570898 -0.50347372889518727 1.989093065261841 -4137.4999999999991 0.80210420489311229 1.5482169985771181 2358.0000000000005 1944.5000000000002 -2175216.1249999995 -420333999.99999994 136005.00000000003 -1.1633153557777403 -35916.999999999993 0.24157356470823291 6977.0000000000009 19.518260002136234 0.43099401891231542 371.31250000000006 0.10265738517045976 2358.0000000000005 12448.500000000002 170534.50000000003 21681.000000000004 -238495.99999999997 0.040142841637134559 7.2002055644989023 -1.4822627305984495 2.2398296594619755 -2418562.9999999995
decision_type=2 2 2 2 2 2 2 2 2 2 2 2 2 2 2 2 2 2 2 2 2 2 2 2 2 2 2 2 2
left_child=13 2 4 -4 5 -2 7 8 -3 -9 11 -8 -6 19 16 18 17 -15 -16 23 21 -21 -22 28 -25 -12 -18 -17 -1
right_child=1 6 3 -5 12 -7 10 9 -10 -11 25 -13 -14 14 15 27 26 -19 -20 20 22 -23 -24 24 -26 -27 -28 -29 -30
leaf_value=0.0021293221609160525 0.0038178635265926348 -0.010962908642726355 0.0067073130632043865 -0.015163045274357122 -0.010345213474728464 -0.0091594926250801439 0.013353875975257437 0.0067578691179403152 0.00091702364852186511 -0.017447411708589516 0.013703177842421739 -6.6891915366334591e-05 0.0084370676292803252 -0.0042981058309020641 -0.011959173624337203 -0.01760610701086664 -0.0047090065380305871 0.0069850289386516468 0.0013797272199975597 -0.0014350984994957788 0.0014114682475482416 0.0042061937559426336 0.0063778167588879574 0.010349584422820584 0.002017442814380062 0.0037658129864819433 0.012195452158469225 0.00078063961675174447 0.011888935193434374
leaf_weight=6.1299778670072547 280.3823601603508 19.34204238653183 8.5241230577230471 12.623808130621908 4.9217385202646247 19.200839772820473 16.094798699021339 5.166900202631953 260.42957484722137 13.970486313104628 17.608975604176521 278.02650691568851 131.11949522793293 78.915575429797173 17.302454814314842 19.212829604744915 3.1117116510868099 36.645663127303123 47.741213619709015 647.85722881555557 629.32995964586735 147.01750870049 141.915378510952 31.09297476708889 877.8620753288269 224.68042661249638 24.105530336499214 2.4124213010072699 33.520960345864296
leaf_count=14 630 68 18 58 17 63 24 10 662 58 27 739 239 236 64 79 9 72 122 1802 1586 324 276 55 2149 507 38 6 48
internal_value=0.00164248 0.00225864 0.00397287 -0.00630045 0.0044739 0.00298278 0.00132007 -0.000605725 9.21288e-05 -0.01086 0.00239506 0.000664114 0.00775021 0.001352 -0.00122174 -0.00549716 0.00136651 -0.000711454 -0.00215322 0.00158723 0.000946948 -0.000390445 0.00232661 0.00264327 0.00230356 0.00449216 0.010226 -0.0155087 0.0104053
internal_weight=4036.27 1292.09 456.772 21.1479 435.624 299.583 835.32 298.909 279.772 19.1374 536.411 294.121 136.041 2744.17 229.447 86.6689 142.778 115.561 65.0437 2514.73 1566.12 794.875 771.245 948.606 908.955 242.289 27.2172 21.6253 39.6509
internal_count=10000 3120 1025 76 949 693 2095 798 730 68 1297 763 256 6880 626 271 355 308 186 6254 3988 2126 1862 2266 2204 534 47 85 62
is_linear=0
shrinkage=0.01


Tree=209
num_leaves=11
num_cat=0
split_feature=13 13 24 10 13 61 9 38 7 67
split_gain=7.09575 8.35091 14.0359 17.3611 8.10929 8.29671 13.1779 12.0703 4.52332 3.74311
threshold=548304.46875000012 494778.90625000006 23.500000000000004 0.00023928500013425949 481414.62500000006 117.21471023559572 8482377.0000000019 0.82196417450904857 3.4091917276382451 2.212793350219727
decision_type=2 2 2 2 2 2 2 2 2 2
left_child=1 4 -3 -4 5 7 -7 -1 -6 -2
right_child=9 2 3 -5 8 6 -8 -9 -10 -11
leaf_value=0.002740658650664789 -0.016409182707036892 0.014921590215360695 -0.016699459719202489 0.011787633144117935 -0.01748930133002256 0.0010888974213700154 0.004042065232938789 0.00063707005158256786 0 0
leaf_weight=1112.5916570574045 3.28974325954914 12.125302389264109 4.0892523229122144 4.4673883765935898 3.4308882355689994 2366.224872931838 161.74407714605331 363.13163580000401 2.6325054615736008 2.5833700746297836
leaf_count=2559 14 15 17 7 14 6082 344 934 7 7
internal_value=0.00162605 0.00164227 0.0079925 -0.00170959 0.00160927 0.00162698 0.00127824 0.00222371 -0.00992346 -0.0093322
internal_weight=4036.31 4030.44 20.6819 8.55664 4009.76 4003.69 2527.97 1475.72 6.06339 5.87311
internal_count=10000 9979 39 24 9940 9919 6426 3493 21 21
is_linear=0
shrinkage=0.01


Tree=210
num_leaves=15
num_cat=0
split_feature=11 65 28 2 59 53 40 36 18 36 9 52 72 3
split_gain=7.09148 8.36278 20.0467 22.7712 13.812 12.1908 25.5162 31.7063 19.9477 18.3908 31.3863 28.0028 11.7135 8.30969
threshold=81.835556030273452 1.7734422087669375 -77.187499999999986 55451.000000000007 0.88719189167022716 0.37951920926570898 -0.50347372889518727 0.96218448877334606 2358.0000000000005 1.0325402021408083 3280241.0000000005 0.0079998797737061995 -853153.71874999988 6894.0000000000009
decision_type=2 2 2 2 2 2 2 2 2 2 2 2 2 2
left_child=1 5 12 -4 -5 9 7 -7 -8 11 -11 -1 13 -3
right_child=-2 2 3 4 -6 6 8 -9 -10 10 -12 -13 -14 -15
leaf_value=0.0012117995350604629 0.013228241360296036 -0.003636677436102988 -0.01540206898933332 -0.0083811095556945679 0.003137724020390443 0.0025786204596066199 -0.00070753132044792846 0.0084033167051339296 0.0026553452787758686 -0.0031645847567269244 0.0020731876411791499 0.0043325644998234375 0.0099998236430279101 -0.015355646294984196
leaf_weight=1887.2206815183163 5.2700141668319693 10.675919428467756 7.937462404370307 11.437237560749052 112.12285514175892 284.76264800131321 276.18678076565266 139.69474242627621 486.20982167124748 225.96137420833111 231.58059741556644 339.69058488309383 3.0852253437042227 14.805916622281073
leaf_count=4767 7 36 36 42 278 665 732 256 1154 654 551 748 6 68
internal_value=0.00160966 0.00159422 -0.00064116 0.00100154 0.0020634 0.00168691 0.00253177 0.00449796 0.00143579 0.00131301 -0.00051135 0.00168829 -0.00823772 -0.0104851
internal_weight=4036.64 4031.37 160.065 131.498 123.56 3871.31 1186.85 424.457 762.397 2684.45 457.542 2226.91 28.5671 25.4818
internal_count=10000 9993 466 356 320 9527 2807 921 1886 6720 1205 5515 110 104
is_linear=0
shrinkage=0.01


Tree=211
num_leaves=22
num_cat=0
split_feature=57 52 31 26 62 34 36 2 20 8 60 65 54 58 14 41 49 31 58 22 58
split_gain=7.06218 20.8562 22.5262 17.8487 16.6342 15.6072 26.1589 16.2014 14.8903 11.787 20.4073 24.3062 17.7286 22.3523 14.6789 19.3229 18.6894 13.1792 14.3586 11.3439 11.0981
threshold=0.79526045918464672 0.015451190061867239 6.803706407546998 0.29135724902153021 54.055358886718757 -0.62554287910461415 -1.6395841836929319 49921.000000000007 20868.695312500004 1.3973450064659121 -0.0013924991362728176 0.97275906801223766 2.7095706462860112 41534.000000000007 8.1750001907348651 0.6418924629688264 0.21192154288291934 -14.824661731719969 -6363.9999999999991 215831.39843750003 2440.0000000000005
decision_type=2 2 2 2 2 2 2 2 2 2 2 2 2 2 2 2 2 2 2 2 2
left_child=1 3 -3 5 20 6 -1 -7 -6 14 12 -12 13 -11 15 16 -2 18 -16 -19 -5
right_child=9 2 -4 4 8 7 -8 -9 -10 10 11 -13 -14 -15 17 -17 -18 19 -20 -21 -22
leaf_value=0.0053056269146761169 0.0093433942413939704 -0.016989121303525475 0.0077391858211954684 0.015745274158372773 -0.0042440256303346779 0.0049440949888181745 -0.0049107091356926204 -0.00070268199151514487 0.0076712499932133004 -0.016121992516305833 -0.016038972516651217 0.0055322528938972554 0.01882055317782989 0.015127333637991711 0.00084906923011962468 -0.016546668907596145 -0.00088659471435057326 0.0012821144040330165 -0.016923629227246877 0.0035230448322091006 0.0025715053128158149
leaf_weight=40.421260997653008 62.621688365936279 10.59469383955002 5.5830013602972022 26.783783078193665 16.284478634595871 199.65625530481339 65.82622267305851 67.759323477745056 29.092255234718323 5.5986969918012601 17.384567201137546 7.3833588510751715 5.8390713930129996 3.8525277525186539 10.014539137482645 3.7960035353898993 24.743110135197639 3172.9451398551464 8.1745386123657209 243.87451663613319 8.651715546846388
leaf_count=90 107 45 12 33 47 446 203 180 58 24 75 16 5 5 26 16 66 7944 34 548 20
internal_value=0.00159347 0.00274715 -0.00839345 0.00314592 0.00741259 0.00222048 -0.00101455 0.00350954 0.00337314 0.00144093 -0.00394608 -0.00956818 0.00509545 -0.00327827 0.00150242 0.00546672 0.00643465 0.00139692 -0.00708336 0.00144235 0.0125571
internal_weight=4036.88 470.653 16.1777 454.475 80.8122 373.663 106.247 267.416 45.3767 3566.23 40.0582 24.7679 15.2903 9.45122 3526.17 91.1608 87.3648 3435.01 18.1891 3416.82 35.4355
internal_count=10000 1134 57 1077 158 919 293 626 105 8866 125 91 34 29 8741 189 173 8552 60 8492 53
is_linear=0
shrinkage=0.01


Tree=212
num_leaves=25
num_cat=0
split_feature=28 34 37 69 28 40 54 34 59 0 45 26 63 55 35 47 50 31 34 0 19 26 68 23
split_gain=7.00942 19.2066 19.3843 20.0389 35.6671 20.7417 19.0892 17.703 17.5565 20.6114 28.0017 20.3479 20.3028 22.3913 19.9401 17.9696 17.5235 15.5071 16.4614 12.7831 15.0735 5.54759 11.7499 4.64686
threshold=58.125000000000007 -0.48834280669689173 -1.7864711880683897 9.9374313354492205 116.06250000000001 1.9885518550872805 2.7095706462860112 0.37306705117225653 0.61053287982940685 80588.500000000015 -0.61842960119247425 0.0337143111974001 9.1177191734313983 -0.28355714678764338 -0.80006766319274891 0.45106196403503424 0.00061624130466952931 5.522336721420289 -0.96290177106857289 92702.500000000015 55578.443359375007 0.077856812626123442 34.064092636108406 104.50000000000001
decision_type=2 2 2 2 2 2 2 2 2 2 2 2 2 2 2 2 2 2 2 2 2 2 2 2
left_child=8 19 3 4 -3 -5 7 -4 9 -1 23 17 13 -13 -12 -14 -8 18 -10 21 -21 -2 -23 -11
right_child=1 2 6 5 -6 -7 16 -9 11 10 14 12 15 -15 -16 -17 -18 -19 -20 20 -22 22 -24 -25
leaf_value=0.018031024633198806 0.020852320965568567 0.010186477461577232 0.0048282030018266461 0.00096538012087946004 -0.017190689079756887 -0.012392981977175961 0.0020913483681260494 0.0020740992843154434 0.0009406304590148201 0.0048207076674996749 0.004383515838935619 0.010627912720923005 0.00038792679349026592 0.001217384858457769 -0.017751499410569031 0.0023898421353027166 -0.0052275259628766311 0.012531863192184758 -0.0068440597573711723 0.0084191933644747544 -0.017974172529112275 -0.0021525977419028851 0.015709571232427437 0.016114654639242658
leaf_weight=12.956456601619719 7.2471334934234646 6.5737618356943157 299.12947753071785 210.90420384705067 16.907235011458397 12.298642948269842 70.070819392800331 1076.78866314888 44.527530565857887 5.936507821083068 8.3736512064933759 48.049126207828522 1294.49770437181 53.939107194542885 7.8217128515243592 687.25668352842331 61.188978090882301 6.1211850047111502 68.841355159878731 6.7110577374696714 3.1932605654001236 5.2279353290796307 11.757957488298414 10.821341395378111
leaf_count=15 7 12 647 535 70 49 169 2592 116 13 19 81 3367 134 32 1648 192 10 225 12 13 14 14 14
internal_value=0.00157744 0.00204557 0.00190027 -0.000695212 -0.00948356 0.000224844 0.00232574 0.00267358 0.00120484 0.00732912 0.00309103 0.00107677 0.00130723 0.00566072 -0.00624506 0.00108268 -0.00131285 -0.0029338 -0.00377767 0.00948181 0 0.0133941 0.0101531 0.0121734
internal_weight=4037.14 1788 1753.86 246.684 23.481 223.203 1507.18 1375.92 2249.14 45.9097 32.9532 2203.23 2083.74 101.988 16.1954 1981.75 131.26 119.49 113.369 34.1373 9.90432 24.233 16.9859 16.7578
internal_count=10000 4326 4266 666 82 584 3600 3239 5674 93 78 5581 5230 215 51 5015 361 351 341 60 25 35 28 27
is_linear=0
shrinkage=0.01


Tree=213
num_leaves=11
num_cat=0
split_feature=13 13 24 57 13 61 38 61 50 31
split_gain=6.95631 8.17784 13.7047 17.0929 7.94834 8.12588 11.8007 10.8365 4.16506 3.90787
threshold=548304.46875000012 494778.90625000006 23.500000000000004 1.1994471549987795 481414.62500000006 117.21471023559572 0.82196417450904857 122.18572235107423 0.0035046250559389596 -0.21555231511592862
decision_type=2 2 2 2 2 2 2 2 2 2
left_child=1 4 -3 -4 5 6 -1 -7 -6 -2
right_child=9 2 3 -5 8 7 -8 -9 -10 -11
leaf_value=0.0026641355270807833 -0.016409159247791474 0.014709916357320767 -0.016622968153702219 0.011657676527690874 -0.017180048148329453 -0.0018449613251212008 0.00058434433997669349 0.0013574713084623696 -7.3390462626586359e-05 0
leaf_weight=1112.7136780768633 3.3338151425123215 12.121987819671633 4.0815796703100187 4.4665344059467316 3.4138924628496161 110.23222960531712 363.1778756827116 2418.686448007822 2.6446736603975296 2.5314282476901999
leaf_count=2559 14 15 17 7 14 317 934 6109 7 7
internal_value=0.00156158 0.00157762 0.00786328 -0.00172887 0.00154498 0.00156251 0.00215303 0.00121749 -0.00987774 -0.00929626
internal_weight=4037.4 4031.54 20.6701 8.54811 4010.87 4004.81 1475.89 2528.92 6.05857 5.86524
internal_count=10000 9979 39 24 9940 9919 3493 6426 21 21
is_linear=0
shrinkage=0.01


Tree=214
num_leaves=31
num_cat=0
split_feature=53 40 65 36 56 33 18 47 6 6 56 36 53 18 30 45 46 38 18 17 58 33 47 52 58 61 64 35 35 48
split_gain=6.94853 19.8801 22.7408 27.0902 20.1204 17.5321 16.6108 25.693 21.0663 20.896 20.8467 20.4647 16.1868 24.8225 28.3508 25.8025 22.4715 20.6692 16.4889 28.2483 38.3319 28.8328 24.5444 26.3765 20.5889 16.037 15.9288 8.04761 7.90166 7.43881
threshold=0.37951920926570898 -0.50347372889518727 1.989093065261841 1.0325402021408083 -0.77133348584175099 0.65034580230712902 2358.0000000000005 0.3035681694746018 -58523077.999999993 -58523077.999999993 -0.18950405716896054 -1.1445458531379697 0.24157356470823291 6977.0000000000009 19.518260002136234 0.43099401891231542 0.83118414878845226 2.0194348096847539 2358.0000000000005 12448.500000000002 -53103.999999999993 1.2597787976264956 -1.1632245182991026 0.035867977887392051 16312.000000000002 252.54982757568362 8.9091358184814471 1.179456949234009 -1.4822627305984495 2.2398296594619755
decision_type=2 2 2 2 2 2 2 2 2 2 2 2 2 2 2 2 2 2 2 2 2 2 2 2 2 2 2 2 2 2
left_child=12 2 3 4 -2 27 7 8 -3 -9 25 -12 18 15 16 17 -15 -14 22 20 -20 -21 24 -24 -1 -8 -5 -4 -17 -16
right_child=1 6 5 26 -6 -7 10 9 -10 -11 11 -13 13 14 29 28 -18 -19 19 21 -22 -23 23 -25 -26 -27 -28 -29 -30 -31
leaf_value=-0.010240761773021355 -0.0068612735688447536 -0.0055516370247223872 -0.0038201891631306413 -0.0065476881213897197 0.003337347557685819 -0.015011055899060355 0.0071273923138005148 0.0025895572182704674 0.0062286385428418746 -0.017125283600438426 -0.0046475934140309981 0.0020482969112772887 -0.0024332560083121153 -0.0070150551712686764 -0.017523996217148608 -0.0047366494740798577 0.0049626019960553342 0.010070756175034484 0.0060507941578992709 0.0016538342149446995 -0.0012014684129164643 0.0087939369253947977 0.0030583382057809763 -0.010863973289836142 0.0073337597654903599 -0.0042961029518571153 0.0087963594177317347 0.014468380294316604 0.011981301992527631 0.00071143201425655385
leaf_weight=25.847487643361092 20.734592005610466 113.56874425709248 6.1479412168264407 7.06043517589569 277.66005654633045 11.035802885890005 111.19299300014973 162.34588217735291 17.445933327078819 5.5496887862682334 52.21111261844635 359.57174465060234 100.3681817650795 38.937595769762993 19.183081805706028 3.1104650050401714 26.119425803422928 15.211840867996214 81.14289715886116 709.90826979279518 714.08694216609001 61.554464340209961 900.59847320616245 13.786498770117758 8.9154919534921628 13.702583327889441 130.30573011934757 3.9013200700283051 24.125013366341591 2.4138107001781455
leaf_count=92 66 356 20 22 628 51 227 381 38 23 159 870 282 127 79 9 59 26 165 1753 1961 109 2104 52 18 41 233 5 38 6
internal_value=0.00154583 0.00215153 0.00382989 0.00432202 0.00262532 -0.00629353 0.00123271 -0.000653922 -0.00397534 0.00193194 0.00228536 0.00119688 0.00126032 -0.00127985 -0.00550438 0.0012764 -0.00219083 -0.000778913 0.0014924 0.000861307 -0.000460212 0.00222483 0.00253306 0.00284733 -0.00570474 0.00586609 0.00800042 0.00318028 0.0100353 -0.0154396
internal_weight=4037.74 1292.43 456.846 435.761 298.395 21.0851 835.589 298.91 131.015 167.896 536.678 411.783 2745.31 229.469 86.6539 142.816 65.057 115.58 2515.84 1566.69 795.23 771.463 949.148 914.385 34.763 124.896 137.366 10.0493 27.2355 21.5969
internal_count=10000 3120 1025 949 694 76 2095 798 394 404 1297 1029 6880 626 271 355 186 308 6254 3988 2126 1862 2266 2156 110 268 255 25 47 85
is_linear=0
shrinkage=0.01


Tree=215
num_leaves=14
num_cat=0
split_feature=11 65 38 27 59 27 67 54 37 27 38 2 23
split_gain=6.9289 8.07707 13.1877 11.5956 17.1742 11.4576 16.6873 15.7881 14.4481 17.5523 13.2895 11.0936 5.15481
threshold=81.835556030273452 1.989093065261841 0.48426859080791479 50888.000000000007 1.1162661314010622 50888.000000000007 5.3848581314086923 2.4604901075363164 1.6164382100105288 22160.000000000004 2.289339661598206 90295.000000000015 1525.5000000000002
decision_type=2 2 2 2 2 2 2 2 2 2 2 2 2
left_child=1 5 12 11 -5 8 7 -7 10 -10 -1 -4 -3
right_child=-2 2 3 4 -6 6 -8 -9 9 -11 -12 -13 -14
leaf_value=0.0013811902119403045 0.013028890334140153 -0.014144432865354528 -0.0049125395714533704 -0.012298978542186274 0.00055450376039168248 0.0037394237486096603 -0.016408790762089141 -0.0015657746799871768 -0.0096578565873196263 -8.2075481703445689e-05 0.0051006063849438092 0.0079414693347065156 0.0017261250401926713
leaf_weight=3179.8308523446321 5.256646439433097 9.957437649369238 8.9928142130374891 14.146881639957426 38.708748519420624 469.68761794269085 4.4022513329982749 63.418850764632225 24.262307122349739 91.733801513910294 99.285518452525139 25.653896808624268 2.4393978416919699
leaf_count=7913 7 49 34 60 106 1032 19 171 85 245 218 54 7
internal_value=0.00153035 0.00151512 -0.00128737 6.88442e-05 -0.00286683 0.00158656 0.00294474 0.00310644 0.00137124 -0.00209361 0.00149411 0.00457625 -0.0109408
internal_weight=4037.78 4032.52 99.8992 87.5023 52.8556 3932.62 537.509 533.106 3395.11 115.996 3279.12 34.6467 12.3968
internal_count=10000 9993 310 254 166 9683 1222 1203 8461 330 8131 88 56
is_linear=0
shrinkage=0.01


Tree=216
num_leaves=24
num_cat=0
split_feature=1 59 21 10 52 3 17 19 8 54 52 39 35 37 65 61 36 40 18 28 19 18 30
split_gain=6.92874 8.36377 22.3448 20.9462 20.0967 22.323 19.8094 19.6704 12.8687 22.7732 18.1957 12.6345 11.6649 22.2954 21.4634 7.09924 14.0361 8.83148 18.4168 13.6965 7.82137 3.24165 7.89839
threshold=528355.00000000012 0.87513852119445812 -982.99999999999989 -0.0010142649989575145 0.015451190061867239 -15693.499999999998 50727.500000000007 227782.85937500003 1.3973450064659121 3.710322499275208 0.014143409207463266 -0.53005829453468312 -1.3018485307693479 -1.2838382124900816 -1.2239250540733335 101.23583602905275 1.2861627936363222 0.065043885260820403 10151.000000000002 -96.593749999999986 55578.443359375007 18909.500000000004 26.914936065673832
decision_type=2 2 2 2 2 2 2 2 2 2 2 2 2 2 2 2 2 2 2 2 2 2 2
left_child=1 2 3 11 6 -6 -4 -5 12 10 -10 -1 13 -3 -14 17 -17 21 20 -20 -19 22 -2
right_child=15 8 4 7 5 -7 -8 -9 9 -11 -12 -13 14 -15 -16 16 -18 18 19 -21 -22 -23 -24
leaf_value=0.0032698112959215152 -0.00053766238671973865 -0.0003132686225636043 0.0043175664936220635 -0.0027201772993572758 0.0080604929319296921 -0.011624877642328437 -0.0065349248531185256 0.0026833169809942188 -0.012570771542704922 0.010476565873396919 0.0086429977719405197 0.017394022177137279 0.0067203734612365706 0.0046026303541692355 0.0014750100896942064 -0.015170827142405275 0.0072765733048191965 -0.016588840233106122 -0.007602742685576638 0.012122119894434414 0.0016561998326887315 0.014480388510724343 0.011051575231344136
leaf_weight=17.451264232397083 8.4694828838109988 749.35209301114082 509.61272215843201 173.80423088371754 8.5823109447956103 17.280822843313217 17.321637228131294 109.89820437133312 23.395880356431011 7.6796083748340598 4.83017474412918 10.152126431465147 81.110433012247086 105.18129822611809 2126.7475838214159 5.0570906996726972 6.1464913785457611 6.0037175267934817 4.5726936757564571 14.603641360998152 3.7075475305318832 8.9264060109853727 18.116746470332146
leaf_count=41 21 1993 1144 502 16 66 58 263 93 13 9 11 164 234 5233 23 11 26 16 20 9 9 25
internal_value=0.00151496 0.00145737 0.00232859 0.000182335 0.00353544 -0.0050539 0.00395892 -0.000623493 0.00121406 -0.00473188 -0.00890514 0.00850072 0.0012841 0.000290641 0.00166816 0.00452008 -0.00276651 0.00580325 0.00165496 0.00736648 -0.00952031 0.0091495 0.00732202
internal_weight=4038 3962.4 864.103 311.306 552.797 25.8631 526.934 283.702 3098.3 35.9057 28.2261 27.6034 3062.39 854.533 2207.86 75.6038 11.2036 64.4002 28.8876 19.1763 9.71127 35.5126 26.5862
internal_count=10000 9840 2101 817 1284 82 1202 765 7739 115 102 52 7624 2227 5397 160 34 126 71 36 35 55 46
is_linear=0
shrinkage=0.01


Tree=217
num_leaves=20
num_cat=0
split_feature=27 1 72 20 68 55 40 27 19 67 67 72 54 49 45 8 58 37 49
split_gain=6.85333 17.5924 14.7983 12.6747 10.8302 26.0523 16.6289 9.41517 22.1471 18.4407 36.0238 22.8465 13.7913 32.9476 29.142 23.129 23.163 19.73 15.767
threshold=-195935.99999999997 53219.500000000007 -897330.21874999988 314489.81250000006 34.064092636108406 -0.059762690216302865 -1.2778888940811155 -48679.999999999993 1100104.6250000002 -2.654860138893127 -1.8137647509574888 -837432.46874999988 2.4604901075363164 -0.47101786732673639 -0.37149797379970545 1.3973450064659121 17904.000000000004 -2.1080430746078487 1.9125389456748965
decision_type=2 2 2 2 2 2 2 2 2 2 2 2 2 2 2 2 2 2 2
left_child=1 -1 4 -4 5 -3 -6 8 9 11 -11 -2 15 17 -15 18 -17 -14 -9
right_child=7 2 3 -5 6 -7 -8 12 -10 10 -12 -13 13 14 -16 16 -18 -19 -20
leaf_value=-0.016389748200245392 0.0018783565985962761 0.0044007901121902986 -0.01611511089096198 0.0037875518260686116 -0.0038546929557121568 -0.009223597141138011 0.011104854354595692 0.0017989170975562881 -0.016594174393179412 -0.0047594650410863774 0.0010506499374543965 0.01663743925068115 0.017496142194937576 -0.014912749975521529 -0.00181668728606938 -0.016276359428759733 0.0035694819808300003 0.0022736676223051788 0.0048951410578889675
leaf_weight=4.4553260803222647 400.20919565856457 133.85088084638119 6.8010962307453138 5.9211199134588242 8.9790224730968458 15.639089450240133 40.685848459601402 2372.6719379276037 7.4812310487031928 147.2352310270071 387.3137750774622 10.792424976825712 9.1779800057411176 19.335586607456207 142.90416751801968 13.829146668314936 10.11221596598625 123.51805432140827 177.20417256653309
leaf_count=19 991 286 29 13 26 54 62 5821 32 449 960 14 11 77 399 59 24 299 375
internal_value=0.00149978 0.00323486 0.00365224 -0.0067735 0.00432327 0.00296877 0.00838015 0.0014013 0.000538617 0.00067523 -0.000547807 0.00226835 0.00168754 -0.000357843 -0.00338363 0.00192231 -0.00785222 0.00333407 0.00201448
internal_weight=4038.12 216.332 211.877 12.7222 199.155 149.49 49.6649 3821.79 953.032 945.551 534.549 411.002 2868.75 294.936 162.24 2573.82 23.9414 132.696 2549.88
internal_count=10000 489 470 42 428 340 88 9511 2446 2414 1409 1005 7065 786 476 6279 83 310 6196
is_linear=0
shrinkage=0.01


Tree=218
num_leaves=28
num_cat=0
split_feature=39 49 33 33 54 38 52 36 57 68 38 60 49 17 9 27 72 10 33 57 45 22 59 26 58 10 69
split_gain=6.83791 14.2369 13.0456 12.9059 17.987 13.1203 11.4271 16.6733 10.4692 16.8899 33.7051 23.3784 22.6615 18.8681 14.7039 14.0031 14.2584 24.0291 22.337 13.7583 9.49062 10.4638 6.80393 8.45958 5.03414 4.179 3.96366
threshold=2.4510273933410649 -0.79283851385116566 -0.88798782229423512 0.91629186272621166 0.37832051515579229 -0.28754362463951105 -0.044521639123558991 0.080759417265653624 1.0949720740318301 32.262578964233406 -0.39383891224861139 0.0012893704697489741 1.9125389456748965 12448.500000000002 2924667.5000000005 245120.00000000003 -1206405.8749999998 -0.00083551500574685622 -0.99156033992767323 1.1861190199851992 2.5106227397918706 -92027.164062499985 1.7193740010261538 0.46285690367221838 -829.99999999999989 -3.0594999770983116e-05 95.966930389404311
decision_type=2 2 2 2 2 2 2 2 2 2 2 2 2 2 2 2 2 2 2 2 2 2 2 2 2 2 2
left_child=8 2 6 20 5 -5 -2 -8 15 10 13 -12 14 -10 -11 16 18 -18 -1 -14 21 -3 24 -24 -4 -17 -6
right_child=1 3 22 4 26 -7 7 -9 9 12 11 -13 19 -15 -16 25 17 -19 -20 -21 -22 -23 23 -25 -26 -27 -28
leaf_value=0.0045802491044868486 0.012261839240553008 -0.0054381086780946036 0.012553250122260606 0.0076607280829777561 -0.017220566983682503 -0.0050219557925516049 -0.013201104670562449 0.0075177551055199245 -0.0017055183400361787 0.0024938000747153585 -0.016252170561837139 -0.0014676875615687176 -0.0010638484352253495 0.0032605304214246827 2.1678149042429424e-05 -0.017567399968513382 0.0055619675408784828 -8.9322053851690342e-05 0.0016705844852782025 0.0083292136519006518 0.011382520632467729 0.0024782652128271716 1.1176410213258901e-05 0.010237882803420893 0.0062609921735323291 -0.0011283914918696748 -0.0026505760905703724
leaf_weight=359.02194471657276 4.8151074945926693 17.607393249869347 29.321448042988777 14.213239118456839 9.0228917449712736 19.116950631141663 10.128214299678804 6.235757738351821 229.49384126067162 375.58025814592838 23.208599328994751 20.135350197553635 19.978802695870399 114.76047311723232 671.76624464988708 4.7562010586261749 86.492673292756081 575.88074257969856 1003.4247428923845 68.221280351281166 11.307915434241293 300.21174532175064 21.212757661938667 13.272972479462622 24.028862833976746 2.4916951954364768 2.5685317367315283
leaf_count=798 6 55 37 26 38 60 39 11 644 906 99 57 52 271 1735 20 186 1527 2471 121 15 697 51 19 44 7 8
internal_value=0.00148472 0.00260322 0.00578695 0.00167266 -0.00334601 0.000356412 -0.00121736 -0.00524474 0.00133246 0.000704589 -0.00109641 -0.00940714 0.00132021 -4.71336e-05 0.00090914 0.00180259 0.00185268 0.000647113 0.00243805 0.00619019 0.00236069 0.00203655 0.00748723 0.00397626 0.00973797 -0.0120539 -0.0140783
internal_weight=4038.28 483.064 109.015 374.049 44.9216 33.3302 21.1791 16.364 3555.21 1523.14 387.598 43.3439 1135.55 344.254 1047.35 2032.07 2024.82 662.373 1362.45 88.2001 329.127 317.819 87.836 34.4857 53.3503 7.2479 11.5914
internal_count=10000 1106 207 899 132 86 56 50 8894 3885 1071 156 2814 915 2641 5009 4982 1713 3269 173 767 752 151 70 81 27 46
is_linear=0
shrinkage=0.01


Tree=219
num_leaves=29
num_cat=0
split_feature=53 40 65 36 3 56 31 0 18 66 14 48 53 18 30 45 28 46 18 17 2 33 27 59 29 35 48 36
split_gain=6.87963 19.4578 22.0837 26.4923 23.5338 19.626 18.8687 25.6042 28.3184 25.447 21.4268 19.6493 15.868 24.319 27.8431 25.1685 30.9603 21.95 16.1082 27.6131 36.8244 28.2184 24.2003 26.2788 14.0742 7.72504 7.30631 5.13633
threshold=0.37951920926570898 -0.50347372889518727 1.989093065261841 1.0325402021408083 -4137.4999999999991 -0.77133348584175099 3.8753105401992802 144300.50000000003 2146.5000000000005 2.2880344390869145 106.89999771118165 1.3218541145324709 0.24157356470823291 6977.0000000000009 19.518260002136234 0.43099401891231542 371.31250000000006 0.83118414878845226 2358.0000000000005 12448.500000000002 170534.50000000003 1.2597787976264956 -238495.99999999997 0.87513852119445812 18.697292327880863 -1.4822627305984495 2.2398296594619755 -1.004163861274719
decision_type=2 2 2 2 2 2 2 2 2 2 2 2 2 2 2 2 2 2 2 2 2 2 2 2 2 2 2 2
left_child=12 2 3 5 -4 -2 7 9 -9 -3 11 -8 18 15 17 16 -14 -15 22 20 -20 -21 27 -24 -5 -17 -16 -1
right_child=1 6 4 24 -6 -7 10 8 -10 -11 -12 -13 13 14 26 25 -18 -19 19 21 -22 -23 23 -25 -26 -27 -28 -29
leaf_value=0.011850442586734939 -0.0068324746563253351 -7.6736491002267818e-07 0.0064809617797990772 0.0038692789197694241 -0.015025278476656067 0.0032424056528135205 0.0055140135709107144 -0.0064579410907877602 0.0043315669137306157 -0.0066453178678626528 -0.017723727481980037 -0.0077213125590283298 -0.0043630787104781184 -0.0069995972050040881 -0.017436339266502274 -0.0047513805456721224 0.0067578008611463907 0.0048363768628899937 -0.0015400656167565792 0.0015752906056149837 0.0040030200639146621 0.0086405104135359994 0.0050653205978135355 0.0011303723115967698 0.010451685766866075 0.011772178615899695 0.00062751523267132257 0.0024345561673370787
leaf_weight=32.117382109165192 20.724650979042053 355.69121477007866 8.5082255154848117 54.346782386302948 12.491283267736433 277.68350170552731 162.40174761414528 27.53778849542141 204.75729101896286 68.853092446923256 4.3918144255876532 11.988652423024176 78.950693577528 38.925845846533775 19.150260627269748 3.1126502901315716 36.628247708082199 26.135018557310104 648.428107380867 710.0131658166647 146.97215415537357 61.521642804145813 226.23713411390781 683.74074803292751 83.019491344690323 24.138406708836555 2.4152962565422049 7.4104000627994528
leaf_count=46 66 925 18 118 58 628 347 86 447 234 18 38 236 127 79 9 72 59 1802 1753 324 109 490 1714 137 38 6 16
internal_value=0.00146987 0.00207253 0.00373313 0.00421718 -0.00626412 0.00253935 0.00116361 0.00037796 0.0030482 -0.00108074 0.00404446 0.0045984 0.00118585 -0.00132936 -0.00551173 0.00120024 -0.000830097 -0.0022297 0.00141559 0.000791843 -0.00051457 0.00213996 0.00244389 0.00210977 0.00785474 0.00984814 -0.0153669 0.0101105
internal_weight=4038.29 1292.4 456.774 435.774 20.9995 298.408 835.622 656.839 232.295 424.544 178.782 174.39 2745.9 229.456 86.6264 142.83 115.579 65.0609 2516.44 1566.94 795.4 771.535 949.506 909.978 137.366 27.2511 21.5656 39.5278
internal_count=10000 3120 1025 949 76 694 2095 1692 533 1159 403 385 6880 626 271 355 308 186 6254 3988 2126 1862 2266 2204 255 47 85 62
is_linear=0
shrinkage=0.01


Tree=220
num_leaves=14
num_cat=0
split_feature=11 11 3 38 47 53 41 56 53 31 2 13 7
split_gain=6.85431 7.89464 26.3334 19.2468 12.0904 7.81935 20.8192 20.6143 16.7634 30.4566 19.5164 6.45788 5.93262
threshold=81.835556030273452 62.632709503173835 -4754.4999999999991 0.90517193078994762 0.39904634654521948 0.37951920926570898 -1.0927570462226865 -0.32032199203968043 0.031883878633379943 5.9219098091125497 170534.50000000003 501743.92187500006 1.8299352526664736
decision_type=2 2 2 2 2 2 2 2 2 2 2 2 2
left_child=1 5 11 4 -4 8 -7 -8 10 -10 -1 -3 -5
right_child=-2 2 3 12 -6 6 7 -9 9 -11 -12 -13 -14
leaf_value=0.0011815850257934925 0.012905733730247032 -0.016681305034462763 0.010758198679427821 -0.015853961270476977 -0.0032097658839041416 -0.016335597563907164 0.0046975885033758271 0.0015651027871098925 0.00053091835153560836 -0.0065042584168370004 0.0037512286279463296 0.00092158015846273054 0.0027629272409906112
leaf_weight=1706.7431797683239 5.2428802996873847 12.320867270231245 18.708742260932926 6.3970276266336423 9.1255966871976835 6.0568587481975547 267.14763243496418 993.54105457663536 581.31372353434563 68.810747429728508 358.1925048828125 2.3805356174707404 2.2203333526849747
leaf_count=4299 7 52 31 28 26 26 588 2432 1490 218 791 6 6
internal_value=0.00145521 0.00144007 -0.00245609 0.00207666 0.00614282 0.00149038 0.00214013 0.00222969 0.00118686 -0.000212164 0.00162781 -0.0137629 -0.0109411
internal_weight=4038.2 4032.96 51.1531 36.4517 27.8343 3981.81 1266.75 1260.69 2715.06 650.124 2064.94 14.7014 8.61736
internal_count=10000 9993 149 91 57 9844 3046 3020 6798 1708 5090 58 34
is_linear=0
shrinkage=0.01


Tree=221
num_leaves=24
num_cat=0
split_feature=28 7 34 59 24 31 26 63 55 64 33 27 47 14 0 19 52 21 45 34 26 1 19
split_gain=6.83369 18.7686 18.4497 17.1132 20.3088 21.6873 19.5968 19.8566 21.7408 17.4671 15.3824 15.1561 17.6031 14.5377 12.4471 14.7745 12.105 10.6027 9.27188 6.48279 5.38872 5.18053 3.72579
threshold=58.125000000000007 3.8125413656234746 -0.48834280669689173 0.61053287982940685 439.50000000000006 4.1427748203277597 0.0337143111974001 9.1177191734313983 -0.28355714678764338 11.601705551147463 -1.4734956622123716 -56151.999999999993 0.7293527126312257 13.000000000000002 92702.500000000015 55578.443359375007 -0.0070026754401624194 41.500000000000007 -0.61842960119247425 -0.17678809911012647 0.077856812626123442 137325.00000000003 76764.183593750015
decision_type=2 2 2 2 2 2 2 2 2 2 2 2 2 2 2 2 2 2 2 2 2 2 2
left_child=3 2 14 4 17 19 11 8 -8 -9 21 12 -5 -13 20 -16 -12 22 -19 -6 -2 -4 -1
right_child=1 -3 10 6 5 -7 7 9 -10 -11 16 13 -14 -15 15 -17 -18 18 -20 -21 -22 -23 -24
leaf_value=0.01227741711354313 0.020443362904556821 -0.016609051355376901 -0.017363240574358757 0.0073922974867786373 -0.017726491695498933 0.012039946277261012 0.010372290654048641 -0.0025564707734654349 0.0010979486758484148 0.0012019583595803426 0.00032599638472161443 -0.0063642291438471754 -0.016121708945343163 0.0052339667391845266 0.0082194138130024103 -0.017919850624601785 0.002329500514323176 0.011507231596307522 -0.0074510303471731123 0.00067596573966923368 0.0099060892033925926 0 0.021367819741474423
leaf_weight=12.075702890753751 7.2685347348451641 5.4488023817539206 5.5352273136377317 21.465151920914654 6.3772484809160224 6.1626307517290106 48.046596944332123 132.35400730371475 53.903353095054626 1850.4654238373041 389.80388884246349 81.962404191493988 3.7187508791685095 12.353342175483702 6.7106755524873716 3.1893976330757141 1350.7309582531452 6.1422565877437592 4.389191120862959 2.5887894928455344 16.970532268285751 2.5281028598546982 8.2336742877960187
leaf_count=19 7 23 23 43 26 10 81 373 134 4642 997 264 16 28 12 13 3216 10 14 7 28 7 7
internal_value=0.00144058 0.00190276 0.0019599 0.00107286 0.00711498 -0.00232 0.000946397 0.00117248 0.00547854 0.000950577 0.00181704 -0.00298952 0.00388042 -0.00483451 0.00924772 -0.000100576 0.00188138 0.0117756 0.00351104 -0.0123016 0.0131071 -0.0119461 0.016012
internal_weight=4038.42 1788.19 1782.74 2250.24 45.9695 15.1287 2204.27 2084.77 101.95 1982.82 1748.6 119.5 25.1839 94.3157 34.1391 9.90007 1740.53 30.8408 10.5314 8.96604 24.2391 8.06333 20.3094
internal_count=10000 4326 4303 5674 93 43 5581 5230 215 5015 4243 351 59 292 60 25 4213 50 24 33 35 30 26
is_linear=0
shrinkage=0.01


Tree=222
num_leaves=26
num_cat=0
split_feature=46 61 49 3 27 54 20 55 37 35 49 28 26 2 47 25 57 49 7 31 54 28 63 29 39
split_gain=6.75847 16.1784 16.4407 19.2737 16.7063 15.0546 14.5779 15.0854 13.1835 12.271 10.5793 9.66175 21.0458 23.457 25.8516 22.6382 18.4454 19.4949 18.645 17.4341 38.4097 17.2079 14.5401 9.57686 5.43632
threshold=-1.0176488757133482 89.921401977539077 -0.7635214328765868 -6139.4999999999991 -7675.9999999999991 -0.74617168307304371 139250.26562500003 1.4085281491279604 1.6164382100105288 1.0401148200035097 -1.4285481572151182 58.125000000000007 0.0337143111974001 68776.000000000015 0.65177732706069957 44469.000000000007 0.6139267385005952 1.3887293934822085 3.8125413656234746 5.1718027591705331 1.1621844768524172 239.25000000000003 9.1177191734313983 23.899270057678226 3.2481319904327397
decision_type=2 2 2 2 2 2 2 2 2 2 2 2 2 2 2 2 2 2 2 2 2 2 2 2 2
left_child=1 2 3 4 -1 8 7 -7 9 -3 -10 12 13 15 -15 -2 17 23 21 22 -21 -18 -14 -13 -5
right_child=11 5 -4 24 -6 6 -8 -9 10 -11 -12 16 19 14 -16 -17 18 -19 -20 20 -22 -23 -24 -25 -26
leaf_value=-0.0067153143106997723 -0.011980002114788295 0.0059962120817812162 0.016786160202943708 -0.018310635425514501 0.0097796186418608478 0.0015225638775901817 -0.017717816806012483 0.010766503646400761 0.0066839257949309443 0.015417905621152314 -0.017516931300207039 -0.017938222060170504 0.0046971554438191209 0.0096452099807085023 -0.015959063984023934 -0.0013378622557610462 0.0035853275576469995 0.01659461109786891 -0.016498652007129584 0.00099320110902370541 0.0086412400430334411 0.0013562535179786656 0.00042246954138730453 -0.0018306125979608177 -0.0016315578142691199
leaf_weight=15.112249851226805 36.432089269161224 75.057211607694626 3.7724169194698325 10.266109317541121 10.34219639003277 192.88369637727737 3.6625484228134146 19.499892324209213 3.3096085786819458 17.207701906561852 3.8740426748991004 10.325764134526258 84.062834322452545 20.960222095251087 4.8347915410995475 44.820652946829796 501.1432798653841 2.7444909065961829 5.4305015653371802 227.65828305482864 92.501285374164581 1129.6561294794083 1514.5639406740665 5.9731846451759329 2.580257534980773
leaf_count=47 136 151 4 42 17 472 15 32 6 21 16 42 183 37 21 125 1138 4 23 575 176 2789 3904 17 7
internal_value=0.0014261 0.00274116 -0.00307096 -0.00505288 0 0.00351941 0.00203073 0.002376 0.00674344 0.00776423 -0.00622805 0.00129808 0.000834094 -0.00347895 0.0048074 -0.00612189 0.00186534 -0.00790911 0.00197971 0.00107524 0.00320601 0.00204186 0.000647877 -0.0120965 -0.0150384
internal_weight=4038.68 357.568 42.0732 38.3008 25.4544 315.495 216.046 212.384 99.4486 92.2649 7.18365 3681.11 2025.83 107.048 25.795 81.2527 1655.27 19.0434 1636.23 1918.79 320.16 1630.8 1598.63 16.2989 12.8464
internal_count=10000 830 117 113 64 713 519 504 194 172 22 9170 5157 319 58 261 4013 63 3950 4838 751 3927 4087 59 49
is_linear=0
shrinkage=0.01


Tree=223
num_leaves=28
num_cat=0
split_feature=61 9 61 39 21 40 31 31 24 28 57 65 72 10 47 10 46 28 61 50 35 58 48 0 10 9 20
split_gain=6.71604 12.4793 17.7739 11.2785 11.2127 14.6705 17.9098 21.4375 16.8501 14.1285 15.1208 16.0415 13.528 12.396 12.2084 12.1078 10.4152 10.2776 28.4458 26.4036 22.3506 23.022 17.6466 15.6213 9.40359 9.11771 4.11018
threshold=117.21471023559572 8482377.0000000019 124.99787521362306 -0.99398884177207936 -96.499999999999986 -2.1408281326293941 -0.21555231511592862 -4.0212764739990225 6.5000000000000009 1633.3750000000002 1.0949720740318301 0.85793694853782665 -1098813.9999999998 0.0005024499841965736 -1.4129502177238462 -0.0010857500019483266 -0.28821527957916254 -57.937499999999993 135.39043426513675 0.0056939432397484788 -1.6065695881843565 -32887.999999999993 -0.10331749543547629 128088.50000000001 0.00010689999908208848 3492712.0000000005 462108.76562500006
decision_type=2 2 2 2 2 2 2 2 2 2 2 2 2 2 2 2 2 2 2 2 2 2 2 2 2 2 2
left_child=4 17 -3 26 5 14 7 -7 -8 10 11 -6 -12 25 24 -16 -5 18 22 -20 23 -22 -2 -19 -1 -11 -4
right_child=1 2 3 16 9 6 8 -9 -10 13 12 -13 -14 -15 15 -17 -18 20 19 -21 21 -23 -24 -25 -26 -27 -28
leaf_value=-0.011195592798726039 -0.0065391014297829153 -0.015675526959598063 -0.01435069281977832 0.0075141935357821181 0.006667759941899414 0.001308367187652762 -0.01831210402867757 -0.0033199627402544403 0.0024119538510989393 -0.016905336641912194 0.0033674949646021321 -0.0046491426632162946 -0.0013108177993356195 0.0087821056209457446 -0.0090695003223734295 0.0078549069707852543 0.0022257159679438523 0.0073414179838722417 0.0011333951166388851 -0.012766145387075696 -0.0033195284367384839 0.0014788026328616697 -0.00014188675434543849 0.00039004627684092254 0.0096244819743565614 0.00024231362417667453 0.0021009758568542622
leaf_weight=7.1331613510847074 91.706622838973999 4.5364782661199561 4.2290097028017035 76.410550445318222 163.48354835808277 244.33169519901276 3.9447236955165854 169.34286327660084 484.40269891917706 8.3207013458013552 237.73877765238285 13.458363220095633 83.16583514213562 4.3660293519496909 4.4534061998128882 67.96596160531044 73.993466764688492 102.15650960803032 851.1527806520462 13.87996459007263 110.09760242700577 1078.7597746998072 82.00371840596199 47.750008955597878 3.0711304694414139 4.7616904973983756 2.2180333733558655
leaf_count=26 302 20 20 134 314 602 16 486 1137 36 520 41 222 7 15 121 164 205 2174 57 317 2692 224 125 5 12 6
internal_value=0.00141178 0.00109744 0.00379033 0.0043597 0.00194318 0.00131596 0.000945192 -0.00058388 0.0022425 0.00313976 0.003451 0.00580133 0.00215194 -0.00568347 0.00535167 0.00680034 0.0049191 0.000914228 0.000166725 0.000909213 0.00149347 0.0010336 -0.00352491 0.00513386 -0.00483149 -0.0105875 -0.00853557
internal_weight=4038.84 2538.89 161.388 156.851 1499.94 984.646 902.022 413.675 488.347 515.295 497.847 176.942 320.905 17.4484 82.6237 72.4194 150.404 2377.51 1038.74 865.033 1338.76 1188.86 173.71 149.907 10.2043 13.0824 6.44704
internal_count=10000 6440 344 324 3560 2408 2241 1088 1153 1152 1097 355 742 55 167 136 298 6096 2757 2231 3339 3009 526 330 31 48 26
is_linear=0
shrinkage=0.01


Tree=224
num_leaves=12
num_cat=0
split_feature=13 13 45 27 13 53 40 53 7 36 31
split_gain=6.71998 8.06035 10.9512 14.7246 7.73183 7.40273 18.1695 14.6911 4.43578 3.98995 3.82638
threshold=548304.46875000012 494778.90625000006 -0.6617443561553954 -51847.999999999993 481414.62500000006 0.37951920926570898 -0.50347372889518727 0.031883878633379943 3.4091917276382451 0.080759417265653624 -0.21555231511592862
decision_type=2 2 2 2 2 2 2 2 2 2 2
left_child=1 4 -3 -4 5 7 -7 -1 -6 -5 -2
right_child=10 2 3 9 8 6 -8 -9 -10 -11 -12
leaf_value=0.0015143828790271736 -0.0163412469046657 0.015947342689344664 0.012823272769743916 -0.016863781220341302 -0.017391925680382954 0.003633030433389613 0.0011424710605861341 -0.00020612052178073235 0 -2.8808057448467539e-05 0
leaf_weight=2071.4052652865648 3.3235688954591751 9.0034991800785082 5.6463155299425125 3.3708067536354047 3.4244713038206092 454.58162459731102 828.85911527276039 651.38721814751625 2.6315184384584427 2.6238550394773483 2.5251834392547599
leaf_count=5116 14 10 8 14 14 1020 2074 1709 7 7 7
internal_value=0.00139768 0.00141343 0.00765658 0.00115833 0.00138106 0.00139834 0.00202538 0.00110241 -0.0098892 -0.00966195 -0.00929096
internal_weight=4038.78 4032.93 20.6445 11.641 4012.29 4006.23 1283.44 2722.79 6.05599 5.99466 5.84875
internal_count=10000 9979 39 29 9940 9919 3094 6825 21 21 21
is_linear=0
shrinkage=0.01


Tree=225
num_leaves=15
num_cat=0
split_feature=11 65 28 2 66 72 53 47 49 36 9 65 56 47
split_gain=6.76266 7.81788 19.2285 22.0703 13.534 11.4789 11.2757 22.7625 19.2543 18.0528 30.7414 20.0843 17.48 7.90252
threshold=81.835556030273452 1.7734422087669375 -77.187499999999986 55451.000000000007 2.8548730611801152 -853153.71874999988 0.37951920926570898 2.0347951650619511 2.2280976772308354 1.0325402021408083 3280241.0000000005 0.22992417216300967 -0.32032199203968043 0.24697632342576983
decision_type=2 2 2 2 2 2 2 2 2 2 2 2 2 2
left_child=1 6 5 -4 -5 13 9 12 -9 11 -11 -1 -8 -3
right_child=-2 2 3 4 -6 -7 7 8 -10 10 -12 -13 -14 -15
leaf_value=0.00081652168570198918 0.012767255979577868 -0.015297263260041914 -0.015359524735801528 -0.0087333430586343224 0.0029002978428501408 0.0098026797059465685 0.0046835015511505701 -0.017656795196155841 0.010729547960418513 -0.0033317664375408147 0.0018503416922809966 0.0028511359971206481 0.0017579080017691804 -0.0038671172958696289
leaf_weight=1513.1174985468388 5.2329339534044257 14.602488622069364 7.9150270819663993 10.943217098712919 112.40047857165337 3.0851190686225882 264.24504314363003 9.959415525197981 3.0971912890672675 226.23816649615765 231.51083667576313 715.69654203951359 910.22354117035866 10.801382988691328
leaf_count=3854 7 67 36 40 280 6 578 41 5 654 551 1661 2183 37
internal_value=0.0013836 0.00136859 -0.000795335 0.000814064 0.00186004 -0.0082455 0.00145807 0.00227032 -0.0108466 0.00109867 -0.000708682 0.00147031 0.00241699 -0.0104767
internal_weight=4039.07 4033.84 159.748 131.259 123.344 28.489 3874.09 1187.53 13.0566 2686.56 457.749 2228.81 1174.47 25.4039
internal_count=10000 9993 466 356 320 110 9527 2807 46 6720 1205 5515 2761 104
is_linear=0
shrinkage=0.01


Tree=226
num_leaves=28
num_cat=0
split_feature=23 2 59 53 40 47 26 45 58 61 38 1 59 40 46 51 1 2 10 3 2 28 28 69 65 40 46
split_gain=6.71213 15.5018 13.4673 13.8037 12.3263 18.6684 11.5808 11.3441 18.5412 11.1419 11.0124 14.9208 12.471 11.0796 31.1917 16.1311 16.1055 12.9681 12.6083 10.7667 16.702 16.4369 10.5924 8.66925 8.63895 7.56609 6.72516
threshold=1303.5000000000002 135199.50000000003 1.3802675008773806 -1.4809319376945493 -2.1408281326293941 -0.45333899557590479 0.040142841637134559 0.048862760886549957 -13143.999999999998 293.86431884765631 2.8406968116760258 137325.00000000003 1.3558621406555178 2.811020135879517 -0.58636528253555287 0.0063777007162570962 123059.50000000001 402099.00000000006 -0.00070102501194924105 6894.0000000000009 213806.00000000003 -894.84374999999989 -1.0000000180025095e-35 97.153057098388686 0.70371159911155712 1.9885518550872805 1.2094430923461916
decision_type=2 2 2 2 2 2 2 2 2 2 2 2 2 2 2 2 2 2 2 2 2 2 2 2 2 2 2
left_child=10 4 3 26 5 -2 -5 9 -9 -6 13 25 23 17 16 -16 -15 22 -19 21 -21 -4 -1 -13 -7 -12 -3
right_child=1 2 19 6 7 24 -8 8 -10 -11 11 12 -14 14 15 -17 -18 18 -20 20 -22 -23 -24 -25 -26 -27 -28
leaf_value=0.00071114606650470806 -0.01807163110097796 0.014903014053007193 0.0083607965770602713 0.0027633267701080415 0.0096896399673113524 -0.0034804814110889464 -0.0081811819608864009 -0.0013874192751626724 0.0046926291218686057 -0.0043877825151660225 -0.014990536722321771 9.3924531232703989e-06 -0.014925595096893786 0.0076595660527516811 -0.010487111828291897 -0.00035030886354652202 -0.003025809201930504 0.0097403556208519784 0.0025202914601373362 -0.0058328302292425882 0.011953789527654024 -0.0075748659464232905 0.0018485508751951039 0.014967831341741884 0.010397940939534018 0.0046454627010696255 -0.00085879312933224278
leaf_weight=1672.0891170948744 6.3122041970491436 5.1709303855895978 10.517112195491793 12.353250846266745 50.728186041116714 11.730460003018381 42.531904339790344 66.082004442811012 205.15519498288631 6.2193488180637351 12.592039197683333 14.422343090176588 4.1565479934215537 36.99996654689312 39.076754257082939 26.589855775237083 22.632538408041 34.566380739212036 82.559537425637245 6.9977724552154568 20.738817855715752 16.756094872951508 1611.9742850661278 5.3661931008100501 7.2134786546230307 2.2377545684576026 5.4462333023548126
leaf_count=4269 26 6 18 30 82 33 146 178 430 18 58 39 19 73 148 75 64 55 186 21 28 58 3901 7 11 6 15
internal_value=0.00136972 0.00248979 -0.000600297 -0.00367071 0.00354625 -0.00316336 -0.00569963 0.00406564 0.00320765 0.00813466 0.00122054 -0.00407349 0.000769126 0.00127903 -0.00163764 -0.00639773 0.00358734 0.00138677 0.00465963 0.00303758 0.00743028 -0.00139308 0.00126974 0.00411631 0.00175136 -0.0119601 0.00672357
internal_weight=4039.22 473.953 120.512 65.5023 353.441 25.2561 54.8852 328.185 271.237 56.9475 3565.26 38.7749 23.9451 3526.49 125.299 65.6666 59.6325 3401.19 117.126 55.0098 27.7366 27.2732 3284.06 19.7885 18.9439 14.8298 10.6172
internal_count=10000 1100 322 197 778 70 176 708 608 100 8900 129 65 8771 360 223 137 8411 241 125 49 76 8170 46 44 64 21
is_linear=0
shrinkage=0.01


Tree=227
num_leaves=18
num_cat=0
split_feature=57 52 31 54 55 60 36 31 27 22 22 58 45 62 9 61 61
split_gain=6.67259 19.7386 22.0957 17.1826 18.809 28.569 14.8958 10.9673 18.7395 16.4474 10.349 14.6074 19.3692 16.576 9.90596 13.1803 12.7864
threshold=0.79526045918464672 0.015451190061867239 6.803706407546998 4.142979860305787 -0.80629998445510853 -0.0003457965212874114 -1.8772085905075071 -14.824661731719969 38456.000000000007 81137.691406250015 253673.23437500003 16312.000000000002 1.3706741333007815 23.321779251098636 8482377.0000000019 117.21471023559572 124.99787521362306
decision_type=2 2 2 2 2 2 2 2 2 2 2 2 2 2 2 2 2
left_child=1 3 -3 4 5 -1 -6 8 9 -2 14 12 -12 -13 15 -9 -16
right_child=7 2 -4 -5 6 -7 -8 10 -10 -11 11 13 -14 -15 16 -17 -18
leaf_value=0.0041458232325903331 -0.01718805929318043 -0.016920906662221815 0.0075734113901710027 0.014225751806907626 0.010217967765923621 -0.014741433950421592 0.0025903640371169523 0.0017540443913589482 0.011296775266111003 0.0066473253644400267 0.0027457328813819898 0.0070002948750506914 -0.0099408045765172742 -0.0026053557661037847 -0.0019604405043891267 0.00045140165797323258 0.0050279795539487828
leaf_weight=16.707804411649708 11.884800076484682 10.551390632987024 5.5915586054325095 12.967944905161856 27.561223030090332 15.28121544420719 382.68228831887245 1339.8615606129169 4.7004206329584113 3.7573082596063605 48.51324488222599 108.99229185283184 15.995932579040526 21.342192009091377 32.881242424249649 1854.7972705513239 125.04455555975437
leaf_count=38 49 45 12 19 48 59 913 3199 8 8 114 205 55 58 89 4835 246
internal_value=0.00135605 0.00247631 -0.00837467 0.00286332 0.00252787 -0.00484539 0.00310524 0.00120777 -0.00610548 -0.0113988 0.00124999 0.00349288 -0.000384566 0.0054197 0.00111934 0.000998052 0.00356661
internal_weight=4039.11 471.343 16.1429 455.2 442.233 31.989 410.244 3567.77 20.3425 15.6421 3547.43 194.844 64.5092 130.334 3352.58 3194.66 157.926
internal_count=10000 1134 57 1077 1058 97 961 8866 65 57 8801 432 169 263 8369 8034 335
is_linear=0
shrinkage=0.01


Tree=228
num_leaves=14
num_cat=0
split_feature=11 11 3 38 11 69 55 9 51 3 50 37 7
split_gain=6.64095 7.69365 25.8003 18.8318 11.1385 7.98498 19.4451 17.0078 11.5892 19.1516 16.928 6.33637 5.81976
threshold=81.835556030273452 62.632709503173835 -4754.4999999999991 0.90517193078994762 66.698238372802749 94.65845108032228 -0.6303010582923888 2837487.5000000005 0.0018636494060046973 -35916.999999999993 -0.010301450267434118 1.4134517312049868 1.8299352526664736
decision_type=2 2 2 2 2 2 2 2 2 2 2 2 2
left_child=1 5 11 4 -4 8 -7 -8 10 -10 -1 -3 -5
right_child=-2 2 3 12 -6 6 7 -9 9 -11 -12 -13 -14
leaf_value=0.003935539862551937 0.012633193248495836 -0.016614922156272718 -0.0048281270306378687 -0.015809168700496989 0.0096675285355297905 -0.015778977494565565 -0.0047545373917894321 0.0017848743635475056 -0.00267833205646673 0.0024593993950928227 0.00079237551163452088 0.00084511148392208487 0.002642786423231507
leaf_weight=186.55981108546257 5.2234524488449088 12.302361115813254 7.0080647915601757 6.3776771426200849 20.829915687441826 8.0104037225246412 53.57392743229866 154.30116234719753 76.424276903271675 1370.7328136712313 2133.286769375205 2.3715029358863822 2.2162975817918777
leaf_count=406 7 52 21 28 36 35 176 392 211 3176 5448 6 6
internal_value=0.00134247 0.0013276 -0.00252083 0.00196447 0.0059824 0.00137723 -0.000489644 9.47153e-05 0.00148449 0.00218739 0.00104558 -0.013725 -0.0109342
internal_weight=4039.22 4033.99 51.1058 36.432 27.838 3982.89 215.885 207.875 3767 1447.16 2319.85 14.6739 8.59397
internal_count=10000 9993 149 91 57 9844 603 568 9241 3387 5854 58 34
is_linear=0
shrinkage=0.01


Tree=229
num_leaves=30
num_cat=0
split_feature=39 64 54 22 58 6 56 37 30 37 39 37 68 56 33 45 10 31 53 65 2 31 1 66 61 53 17 45 33
split_gain=6.64706 11.7374 16.5774 19.6913 16.3932 16.2456 11.94 11.231 10.7535 10.7532 10.2436 9.70865 15.8086 24.8244 27.4158 20.3576 17.664 18.7679 13.8915 13.6942 21.1494 19.6436 14.0093 30.1748 19.8854 11.2699 5.36531 17.9781 2.20486
threshold=2.4510273933410649 9.2631258964538592 0.31618347764015203 192331.06250000003 -829.99999999999989 -346295279.99999994 0.33426189422607427 1.8164551854133608 13.428057670593263 -0.37935316562652582 2.6265919208526616 -1.8370754718780515 21.796365737915043 -0.45207586884498591 -1.3330656886100767 1.9360114336013796 0.0011165449977852406 -1.8707957863807676 0.56788408756256115 -1.301158010959625 77245.500000000015 -1.3791757225990293 102672.50000000001 -2.4225962162017818 106.72344207763673 0.56788408756256115 25490.000000000004 0.35472607612609869 -0.46017651259899134
decision_type=2 2 2 2 2 2 2 2 2 2 2 2 2 2 2 2 2 2 2 2 2 2 2 2 2 2 2 2 2
left_child=11 6 3 10 7 -6 9 -4 -5 -2 -3 12 13 14 -1 -15 17 -14 -18 20 21 -13 24 -24 -21 -22 28 -28 -8
right_child=1 2 4 8 5 -7 26 -9 -10 -11 -12 19 16 15 -16 -17 18 -19 -20 22 25 -23 23 -25 -26 -27 27 -29 -30
leaf_value=0.010638157036321705 0.0069160144496306745 0.0089110984965702199 0.003481766511478003 0.0036515409192706605 -0.0094868915461649266 -0.00052932393751149449 0.0073759267302944036 -0.010024858704798873 -0.01725171558096518 -0.016479263546380997 0.0033779676387026237 0.0039274356685930394 -0.0028081599753302868 0.0051652067833429715 -0.014129946235345577 -0.011581950635057046 -0.017590769334119995 0.0011509259861769161 0.0035319679769801994 0.0037273429967417406 0.0062582984484970128 -0.016084012011596888 -0.01750107629239531 0.00030260393088928826 0.0012467218080907409 0.016899153533646051 -0.011003684186219657 0.011213190159521005 0.015071535213986957
leaf_weight=6.1875420212745693 4.1147066056728363 42.074399128556252 100.79310362040997 3.797453820705412 27.662080034613609 76.548521980643272 5.7781415730714825 6.5238692611455908 6.6495150178670883 3.7052321583032599 170.6145396977663 14.233593821525576 200.49698930978775 137.53519417345524 15.793519794940947 7.628858193755149 10.683994010090826 296.91111899912357 4.2919859290122977 397.72717542946339 45.818434417247772 7.450731396675109 9.6608816236257535 650.32997308671474 1739.487552985549 12.964977964758871 4.8656708002090481 14.140552401542662 14.855241760611532
leaf_count=10 7 75 216 8 93 198 10 24 28 16 379 32 579 304 62 28 44 754 10 887 93 32 40 1649 4355 15 17 20 15
internal_value=0.00132901 0.00243284 0.00191413 0.00381566 -8.70285e-05 -0.00291665 0.00716249 0.00265137 -0.0095577 -0.00404122 0.00447724 0.00117912 0.00010245 0.00277425 -0.00711237 0.0042782 -0.000767169 -0.000442906 -0.0114704 0.00143301 0.00550415 -0.00290238 0.00131554 4.04802e-05 0.00170882 0.0086222 0.00939795 0.00547297 0.0129649
internal_weight=4039.33 482.123 434.663 223.136 211.528 104.211 47.4595 107.317 10.447 7.81994 212.689 3557.2 679.529 167.145 21.9811 145.164 512.384 497.408 14.976 2877.67 80.4677 21.6843 2797.21 659.991 2137.21 58.7834 39.6396 19.0062 20.6334
internal_count=10000 1106 1021 490 531 291 85 240 36 23 454 8894 1791 404 72 332 1387 1333 54 7103 172 64 6931 1689 5242 108 62 37 25
is_linear=0
shrinkage=0.01


Tree=230
num_leaves=29
num_cat=0
split_feature=46 61 49 3 34 54 31 26 19 37 27 49 68 1 1 10 36 3 69 45 35 19 57 24 45 40 36 57
split_gain=6.59145 15.908 16.0792 18.8041 20.903 14.813 14.3096 18.7356 13.4211 12.8445 12.081 10.4388 9.58441 28.5018 34.3883 31.0035 24.1665 27.5266 23.0369 19.8921 34.7471 29.8072 24.2003 20.4946 19.8084 19.3694 8.88025 5.41342
threshold=-1.0176488757133482 89.921401977539077 -0.7635214328765868 -6139.4999999999991 0.6735961139202119 -0.74617168307304371 6.803706407546998 0.27357146143913275 117215.03125000001 1.6164382100105288 15984.000000000002 -1.4285481572151182 68.43418121337892 36047.500000000007 28823.000000000004 0.00060028998996131133 -0.68378502130508412 1.0000000180025095e-35 61.53844070434571 -0.9310936927795409 -0.34889297187328333 19399.604492187504 1.2968822717666628 23.500000000000004 -0.63806959986686695 2.3803361654281621 0.64378961920738231 1.7516076564788821
decision_type=2 2 2 2 2 2 2 2 2 2 2 2 2 2 2 2 2 2 2 2 2 2 2 2 2 2 2 2
left_child=1 2 3 4 -1 9 8 -8 -7 10 -3 -11 19 14 15 -14 17 -15 -18 20 22 -22 -2 24 -21 -25 -16 -5
right_child=12 5 -4 27 -6 6 7 -9 -10 11 -12 -13 13 16 26 -17 18 -19 -20 23 21 -23 -24 25 -26 -27 -28 -29
leaf_value=-0.0059470660278421895 -0.0090794002235339063 0.0054609430136510545 0.016496087611483152 -0.018250057187998717 0.013998389564926703 0.0031635322804109485 -0.016650381634401565 0.013084569151681743 -0.0076035228899196117 0.006596045230489892 0.013836115570825123 -0.01745328814890457 -0.0030013061907105641 -0.010392905926679574 -0.0072109652092358376 0.014492815597519167 -0.017664328366262944 0.00075457371416956314 0.0019349640423059655 0.0065467972421169116 -0.003259608690456123 0.010454062886541878 0.0011040176105986588 0.0016028318053589315 0.00064556288846707901 -0.0024687246256025258 -0.017216454053917727 -0.0015963000413714182
leaf_weight=18.026473462581638 66.40054190158844 68.894298329949379 3.7678369283676139 10.253798589110373 7.4148502647876731 192.63428677618504 8.3600707650184614 2.8014904558658591 12.268051266670225 3.3083922564983368 23.350371405482292 3.867546319961547 81.954528093338013 37.155151829123497 18.049292296171188 11.552116870880125 6.046708717942237 54.485100224614143 617.29674971103668 158.14528881013393 30.154390662908554 33.225423261523247 35.730229839682579 2300.8246842771769 89.450464740395546 122.9051817804575 18.417610421776772 2.5773046612739554
leaf_count=55 228 141 4 42 9 441 35 4 39 6 31 16 239 132 59 17 25 139 1500 315 85 57 89 5627 221 360 77 7
internal_value=0.00131573 0.00261439 -0.00315176 -0.00511217 -9.46753e-05 0.00338593 0.00190954 -0.00909748 0.002514 0.00658442 0.00759183 -0.00622624 0.00118935 0.000253045 -0.00405303 -0.000829331 0.00103723 -0.00375421 0.00174324 0.00146788 -0.00189342 0.00391369 -0.00550696 0.00167651 0.00441886 0.00139595 -0.0122917 -0.0149829
internal_weight=4039.32 357.525 42.0403 38.2724 25.4413 315.485 216.064 11.1616 204.902 99.4206 92.2447 7.17594 3681.79 844.957 129.974 93.5066 714.984 91.6403 623.343 2836.84 165.511 63.3798 102.131 2671.33 247.596 2423.73 36.4669 12.8311
internal_count=10000 830 117 113 64 713 519 39 480 194 172 22 9170 2188 392 256 1796 271 1525 6982 459 142 317 6523 536 5987 136 49
is_linear=0
shrinkage=0.01


Tree=231
num_leaves=27
num_cat=0
split_feature=59 59 55 26 34 50 54 14 17 57 56 68 25 55 55 61 40 61 60 46 14 1 38 39 65 3
split_gain=6.59672 13.9085 17.8601 24.8809 13.7856 18.2315 20.0617 14.888 19.6945 9.5725 15.6731 14.1525 26.4404 19.3056 14.0256 19.5528 37.6357 18.3765 16.7903 24.791 16.5292 8.07712 7.74258 18.9068 10.3805 5.52392
threshold=1.5933268070220949 1.6532541513442995 0.64526459574699413 0.10121434181928636 0.13454280793666842 0.00024989104713313287 2.2429873943328862 9.1500000953674334 240.50000000000003 1.0949720740318301 9.1635432243347186 21.796365737915043 29.500000000000004 -0.80629998445510853 0.049720322713255889 112.2396812438965 0.51109409332275402 92.700817108154311 0.017451189458370212 2.147432923316956 9.1500000953674334 74079.500000000015 0.82196417450904857 2.0480047464370732 -0.65003374218940724 -3498.9999999999995
decision_type=2 2 2 2 2 2 2 2 2 2 2 2 2 2 2 2 2 2 2 2 2 2 2 2 2 2
left_child=9 2 22 -4 7 21 -7 25 -9 10 11 12 -1 -13 15 17 -17 -11 20 -20 -16 -6 24 -24 -2 -3
right_child=1 4 3 -5 5 6 -8 8 -10 14 -12 13 -14 -15 18 16 -18 -19 19 -21 -22 -23 23 -25 -26 -27
leaf_value=-0.017092739589366083 0.0036982152024842402 0.0020715091281565527 0.0087636775633177094 -0.017493005862101542 0.011500188920616602 0.0023541479045003722 -0.013138067928131008 0.0044679012839814953 -0.0031848637068938542 -0.00037325145111510047 -0.014948699561327097 -0.0018636790918353891 0.0051351224875174819 0.0017270998721772169 -0.0049627855420330234 -0.0040894088686192556 0.0017276276501763158 0.0042767204919441203 -0.013990294463583628 0.015144276229940409 0.0021148407979861114 0.0046299424344083094 0.014014588570370681 -0.017030844938156306 0.01245955608351125 0.013955650581645537
leaf_weight=5.510618418455123 20.956141293048859 7.1412973850965527 7.3992663025856 7.0016425400972366 29.690616637468338 74.462506279349327 9.4092131257057172 45.971511915326118 124.72156372666359 219.78841049969196 5.683134898543357 163.99826012551785 166.00762733817101 1692.3825865238905 34.527085572481155 270.5434095710516 188.58041699230671 138.22458212077618 14.259557083249094 3.6430315822362891 709.94633899629116 42.203850790858269 4.0257792472839347 3.8177740424871445 40.152992859482765 9.2821534872055036
leaf_count=23 46 16 12 29 43 166 36 95 354 567 26 456 361 4143 106 813 475 299 57 4 1704 85 5 16 53 10
internal_value=0.00130256 0.00248122 0.00614915 -0.00393274 0.00158664 0.00378469 0.000604219 -0.000237784 -0.00111794 0.00116324 0.00161714 0.00166406 0.00441515 0.00140934 0.000578213 -0.000330978 -0.00169794 0.00141925 0.00155402 -0.00800579 0.00178525 0.00748109 0.00826927 -0.000968984 0.0094714 0.00884904
internal_weight=4039.33 426.236 83.3536 14.4009 342.883 155.766 83.8717 187.117 170.693 3613.1 2033.58 2027.9 171.518 1856.38 1579.51 817.137 459.124 358.013 762.376 17.9026 744.473 71.8945 68.9527 7.84355 61.1091 16.4235
internal_count=10000 966 161 41 805 330 202 475 449 9034 5009 4983 384 4599 4025 2154 1288 866 1871 61 1810 128 120 21 99 26
is_linear=0
shrinkage=0.01


Tree=232
num_leaves=21
num_cat=0
split_feature=1 46 31 25 57 61 55 50 68 1 1 58 67 48 60 61 27 54 46 54
split_gain=6.58895 7.87067 14.4827 25.9909 17.295 12.7873 15.2525 12.5602 12.5087 25.0661 33.8009 25.515 17.7576 13.7508 12.5871 6.8671 13.8224 8.63145 10.2399 8.32643
threshold=528355.00000000012 -1.0176488757133482 6.803706407546998 29.500000000000004 1.2615148425102236 89.921401977539077 0.078006435185670867 -0.0069443341344594947 68.43418121337892 36047.500000000007 28823.000000000004 -26831.999999999996 2.8665943145751958 -0.74955633282661427 -0.0031365120084956284 101.23583602905275 245120.00000000003 -0.79887875914573658 -0.97718390822410572 0.11762553080916406
decision_type=2 2 2 2 2 2 2 2 2 2 2 2 2 2 2 2 2 2 2 2
left_child=1 2 5 -4 -5 6 -1 -7 12 10 -10 -11 14 -14 -3 17 -17 -2 -19 -20
right_child=15 8 3 4 -6 7 -8 -9 9 11 -12 -13 13 -15 -16 16 -18 18 19 -21
leaf_value=-0.0094188505521111861 -0.0078491411125227242 2.8034328451406856e-06 0.013476940912888161 -0.01682650238959672 0.0093820358867276084 0.01108823200971691 0.0034695155811437124 0.0032737012010900192 -0.00083014919405798384 -0.0031173659079434778 -0.012201940620064697 0.0017279580341509706 -0.0019851632742389934 0.006035554956293307 0.0016106277444273413 -0.015844739521279932 0.0065966148993964772 -0.01646539874433977 0.012318579018803287 0.0043495762609274116
leaf_weight=16.770189762115479 4.4396704435348502 645.64759902656078 5.4590998142957714 12.947599664330484 3.0730931162834159 22.390781238675117 20.154397800564766 273.17607891559601 93.501908630132675 135.42178297042847 36.399566844105721 548.69133120775223 25.40863573551178 129.02654018998146 1996.11041007936 4.7899948805570585 6.3627907335758209 1.8523215353488911 20.980356723070145 36.632348775863647
leaf_count=55 16 1674 7 54 5 35 45 618 256 387 136 1346 69 264 4889 21 13 8 27 75
internal_value=0.00128957 0.00123364 0.00265864 -0.00528213 -0.0117368 0.00317464 -0.00235696 0.00386908 0.00109365 1.46245e-06 -0.00402433 0.000767353 0.00141124 0.00470946 0.00121805 0.00423027 -0.00295203 0.00549939 0.00651281 0.00726894
internal_weight=4039.24 3964.18 353.971 21.4798 16.0207 332.491 36.9246 295.567 3610.21 814.015 129.901 684.113 2796.19 154.435 2641.76 75.0575 11.1528 63.9047 59.465 57.6127
internal_count=10000 9840 819 66 59 753 100 653 9021 2125 392 1733 6896 333 6563 160 34 126 110 102
is_linear=0
shrinkage=0.01


Tree=233
num_leaves=28
num_cat=0
split_feature=23 2 35 48 46 21 29 59 0 17 38 68 31 40 46 34 51 2 28 6 61 61 61 34 69 58 10
split_gain=6.6232 15.1044 13.6639 14.5031 14.459 17.4642 13.6284 13.1705 13.2341 10.8456 10.6987 16.6713 13.8614 10.7383 30.2551 15.8162 15.8021 12.731 10.7029 10.1525 10.1053 27.4048 9.57297 9.02547 14.8046 5.78917 4.43345
threshold=1303.5000000000002 135199.50000000003 -1.4822627305984495 0.22459822893142703 0.27466218173503881 3735.5000000000005 12.411993503570558 1.3802675008773806 98175.000000000015 59430.500000000007 2.8406968116760258 78.571483612060561 -9.0495514869689924 2.811020135879517 -0.58636528253555287 -0.52865505218505848 0.0063777007162570962 333835.50000000006 -1.0000000180025095e-35 -155771591.99999997 130.05535888671878 101.23583602905275 153.03606414794925 1.4731591343879702 97.153057098388686 -24303.999999999996 0.00023928500013425949
decision_type=2 2 2 2 2 2 2 2 2 2 2 2 2 2 2 2 2 2 2 2 2 2 2 2 2 2 2
left_child=10 2 4 25 -2 -6 -5 8 -3 -10 13 12 -12 17 15 -15 -16 18 -1 -19 21 -9 -22 24 -13 -4 -14
right_child=1 7 3 6 5 -7 -8 20 9 -11 11 23 26 14 16 -17 -18 19 -20 -21 22 -23 -24 -25 -26 -27 -28
leaf_value=0.00058445123740610014 -0.01655799169696465 -0.016419995484088065 0.014858829979502577 0.00071755367943410154 -0.0081474523849768693 0.0055808088479191468 0.0053278233132973843 0.0047646375410705802 -0.0076092003525193878 0.001268986951954191 0.0079231507385253905 -0.015382616826868189 -0.015340109097142765 0.0082078241307461369 -0.01043210805758508 -0.0021052165269807624 -0.00039427406501725017 0.0028553307265600089 0.0017362227060835132 0.009423811164127105 0.011673485531877938 -0.016906791024809048 -0.0018204424620970117 0.012477509055626968 0.0096390234102334861 0.0070149264018158778 -0.0019893585399208976
leaf_weight=1639.6748782992363 5.7107295095920554 7.2898984402418128 13.582655459642409 117.29494197666645 14.759096965193747 24.865323349833488 142.93464204668999 22.015437543392185 22.106020078063011 36.072351530194283 3.6778009235858944 4.657703250646593 15.687383607029917 32.262141332030296 39.00244228541851 27.362117648124695 26.586444661021233 138.47219322621822 1595.12581191957 28.616975724697113 17.549290806055073 7.9319137632846823 7.335344895720481 6.734759807586669 4.7680242210626602 34.059098333120346 3.1663423478603354
leaf_count=4194 24 31 15 285 51 53 288 46 74 92 8 21 71 61 148 76 75 307 3862 48 25 34 20 10 9 62 10
internal_value=0.00127666 0.00238976 0.00343256 0.00418824 -0.00167726 0.000442141 0.00325365 -0.00066362 -0.00369849 -0.00208727 0.00112857 -0.00409544 -0.00966669 0.00118616 -0.00168641 0.0034583 -0.00637852 0.00129218 0.00115272 0.00398628 0.00294172 -0.000941907 0.00765564 0.00361032 -0.00261927 0.00927221 -0.013151
internal_weight=4039.3 473.507 353.206 307.871 45.3351 39.6244 260.23 120.3 65.4683 58.1784 3565.8 38.692 22.5315 3527.1 125.213 59.6243 65.5889 3401.89 3234.8 167.089 54.832 29.9474 24.8846 16.1605 9.42573 47.6418 18.8537
internal_count=10000 1100 778 650 128 104 573 322 197 166 8900 129 89 8771 360 137 223 8411 8056 355 125 80 45 40 30 77 81
is_linear=0
shrinkage=0.01


Tree=234
num_leaves=11
num_cat=0
split_feature=13 13 24 57 13 61 9 38 7 31
split_gain=6.54896 7.86209 12.9624 11.859 7.60794 7.55112 11.9606 11.5575 4.32376 3.76711
threshold=548304.46875000012 494778.90625000006 34.500000000000007 1.3808134794235232 481414.62500000006 117.21471023559572 8482377.0000000019 0.82196417450904857 3.4091917276382451 -0.21555231511592862
decision_type=2 2 2 2 2 2 2 2 2 2
left_child=1 4 -3 -4 5 7 -7 -1 -6 -2
right_child=9 2 3 -5 8 6 -8 -9 -10 -11
leaf_value=0.0023401125201968995 -0.016298290378775997 0.012920701586711882 -0.016410090540725782 0.010351831313228857 -0.017352927257782459 0.00075297115640258734 0.0035724468505605876 0.00028156048135763873 0 0
leaf_weight=1111.8378248512745 3.3185753524303436 13.993406891822817 3.5793128460645667 3.0424101799726486 3.4203982800245276 2370.9592207223177 160.92138715088367 362.90334242582321 2.6360913217067719 2.5207762122154227
leaf_count=2559 14 19 15 5 14 6082 344 934 7 7
internal_value=0.00126395 0.00127949 0.00744901 -0.00396307 0.00124754 0.00126469 0.000932566 0.00183422 -0.00993323 -0.00929789
internal_weight=4039.13 4033.29 20.6151 6.62172 4012.68 4006.62 2531.88 1474.74 6.05649 5.83935
internal_count=10000 9979 39 20 9940 9919 6426 3493 21 21
is_linear=0
shrinkage=0.01


Tree=235
num_leaves=13
num_cat=0
split_feature=11 11 3 47 38 69 55 9 51 3 50 12
split_gain=6.53491 7.5017 25.2211 18.8576 20.4128 7.80859 19.0098 16.6113 11.3792 18.5756 16.3539 6.26284
threshold=81.835556030273452 62.632709503173835 -4754.4999999999991 0.68807667493820202 0.90517193078994762 94.65845108032228 -0.6303010582923888 2837487.5000000005 0.0018636494060046973 -35916.999999999993 -0.010301450267434118 541337.15625000012
decision_type=2 2 2 2 2 2 2 2 2 2 2 2
left_child=1 5 11 4 -4 8 -7 -8 10 -10 -1 -3
right_child=-2 2 3 -5 -6 6 7 -9 9 -11 -12 -13
leaf_value=0.003798349334612235 0.01246424369251717 -0.016544172196416369 0.0089466374079527466 -0.017534832891413978 -0.0099701569839811856 -0.01570708047068212 -0.0047774437676977111 0.0016861461336717535 -0.0027062122144168015 0.0023560132786404593 0.00070807646601299759 0.00081316875996977804
leaf_weight=186.42779879271984 5.2104883939027777 12.261758565902708 24.636895298957825 4.3850678205490103 7.3798801302909842 7.9803583920001975 53.562793493270874 154.2931274920702 76.353376120328903 1370.480740621686 2133.913985490799 2.3724592775106421
leaf_count=406 7 52 44 18 29 35 176 392 211 3176 5448 6
internal_value=0.00125127 0.00123654 -0.0025665 0.00186659 0.00455507 0.00128552 -0.000560984 1.57202e-05 0.00139158 0.00208817 0.000956795 -0.0136619
internal_weight=4039.26 4034.05 51.0361 36.4018 32.0168 3983.01 215.836 207.856 3767.18 1446.83 2320.34 14.6342
internal_count=10000 9993 149 91 73 9844 603 568 9241 3387 5854 58
is_linear=0
shrinkage=0.01


Tree=236
num_leaves=22
num_cat=0
split_feature=57 54 55 45 72 47 46 50 30 8 54 1 61 14 48 47 22 57 64 56 50
split_gain=6.55099 17.039 18.6341 18.3019 17.0296 14.2922 20.2144 18.5661 13.4467 10.8429 17.3302 21.0473 17.0209 13.634 17.4983 15.7791 11.1976 20.0989 13.1001 10.5764 1.84793
threshold=0.79526045918464672 4.142979860305787 -0.80629998445510853 0.35472607612609869 -891525.34374999988 -0.86946368217468251 1.4532638788223269 0.0078295720741152781 18.861788749694828 1.3973450064659121 3.710322499275208 68429.500000000015 227.71681213378909 8.1750001907348651 1.0043085813522341 -1.4129502177238462 215831.39843750003 1.0370509028434756 11.601705551147463 0.85123363137245189 0.00024989104713313287
decision_type=2 2 2 2 2 2 2 2 2 2 2 2 2 2 2 2 2 2 2 2 2
left_child=1 2 3 4 -1 6 -4 -7 -5 13 11 -11 -13 14 15 -2 18 -18 -15 -16 -3
right_child=9 20 5 8 -6 7 -8 -9 -10 10 -12 12 -14 16 19 -17 17 -19 -20 -21 -22
leaf_value=-0.017657803123209685 -0.016383395513342051 0.017623482704190591 -0.0079603272543761032 0.0096965298620960289 0.0060954712226371508 0.0035633690886355367 0.003799495482627232 -0.017405519092621242 -0.0094421583279913363 -0.016005616467830872 0.0089694267671613682 -0.0085889379485202481 0.011740291796612009 -0.00085538855057430241 0.0025781737391184522 0.0074884059596897158 0.0072680882061533772 0.0011200992146928694 0.0011259660868967437 -0.016812505529062632 0.0096007354933308735
leaf_weight=13.420169740915297 2.8473683446645728 6.3994528502225858 28.867213502526283 9.8807888925075513 3.8214151114225414 362.89284294843674 29.491498544812202 4.2567580491304389 5.8057004511356345 15.054533183574678 8.0396730601787549 9.423929765820505 7.3116496056318274 377.97573570907116 5.7290272414684278 76.865782275795937 78.947106033563614 164.44582805037498 2815.6737356334925 5.3887745141983032 6.7778753936290741
leaf_count=55 12 7 96 18 8 831 68 18 20 65 15 33 12 998 13 141 149 399 7006 23 13
internal_value=0.00123874 0.00234823 0.00202341 -0.00521398 -0.0123351 0.00258583 -0.00200038 0.00331753 0.00254939 0.0010918 -0.00409107 -0.00742551 0.000232998 0.00115059 0.00497765 0.00662316 0.00104917 0.00311837 0.000891155 -0.0067305 0.0135728
internal_weight=4039.32 471.614 458.436 32.9281 17.2416 425.508 58.3587 367.15 15.6865 3567.7 39.8298 31.7901 16.7356 3527.87 90.831 79.7132 3437.04 243.393 3193.65 11.1178 13.1773
internal_count=10000 1134 1114 101 63 1013 164 849 38 8866 125 110 45 8741 189 153 8552 548 8004 36 20
is_linear=0
shrinkage=0.01


Tree=237
num_leaves=16
num_cat=0
split_feature=18 39 48 45 40 37 40 55 68 65 2 1 50 21 68
split_gain=6.49767 6.8277 11.522 11.9115 13.7033 9.63679 17.6037 24.5353 16.7267 13.9781 20.8243 13.3046 8.31758 14.491 11.5693
threshold=1.0000000180025095e-35 2.4510273933410649 -0.86251789331436146 2.5106227397918706 -2.2997447252273555 -1.8370754718780515 1.9885518550872805 0.64526459574699413 21.796365737915043 -1.301158010959625 57633.000000000007 102672.50000000001 1.0000000180025095e-35 -400.49999999999994 44.935298919677741
decision_type=2 2 2 2 2 2 2 2 2 2 2 2 2 2 2
left_child=-1 5 12 4 -4 6 8 -8 -2 10 -7 -11 14 -14 -3
right_child=1 2 3 -5 -6 9 7 -9 -10 11 -12 -13 13 -15 -16
leaf_value=0.0093983639649554938 0.0033319907794789579 0.011358646796741265 0.0057014190447495115 0.010737042193947017 0.00048248309459812872 -0.006373580797128825 -0.0086984941891725554 0.012994002082477951 -0.00049042318221323964 0.0015724686049275721 0.007625060948838437 -5.1004631777964472e-05 0.0063300524344619569 -0.0074412929195652256 -0.00050856228545391989
leaf_weight=9.7422269731760007 150.31814946234226 35.079106003046036 59.627592280507088 13.871049761772154 325.91758306324482 12.527813300490378 40.964504703879356 5.9413222372531882 479.18072402477264 2132.1482205688953 67.687950521707535 659.82336533069611 25.132701009511948 10.932109221816061 10.519631519913672
leaf_count=17 351 49 115 19 814 41 149 9 1276 5233 130 1689 47 35 26
internal_value=0.00122633 0.00120632 0.002326 0.00162273 0.00129223 0.00105425 -1.81409e-05 -0.0059295 0.000420743 0.00130714 0.00542634 0.00118844 0.00575341 0.0021279 0.00859895
internal_weight=4039.41 4029.67 481.08 399.416 385.545 3548.59 676.405 46.9058 629.499 2872.19 80.2158 2791.97 81.6635 36.0648 45.5987
internal_count=10000 9983 1105 948 929 8878 1785 158 1627 7093 171 6922 157 82 75
is_linear=0
shrinkage=0.01


Tree=238
num_leaves=26
num_cat=0
split_feature=20 63 58 18 17 55 47 31 47 56 45 29 27 72 57 54 31 58 9 28 31 10 31 55 9
split_gain=6.44841 14.7431 14.5351 19.4586 17.4266 13.569 15.0753 13.3191 13.0163 20.4641 23.8953 34.8008 21.3556 19.9178 17.3637 13.3418 12.1617 25.846 30.5614 23.9459 14.6427 22.2536 19.623 4.4368 2.96709
threshold=535533.21875000012 6.561220884323121 -10507.999999999998 100567.00000000001 21251.000000000004 0.93045917153358471 -1.0524117350578306 -3.258104562759399 -0.57543706893920887 -0.71890088915824879 -0.75855937600135792 11.01464366912842 -71159.999999999985 -837432.46874999988 1.6252958774566653 -0.058528952300548547 -12.781009197235106 838.00000000000011 4919877.5000000009 -163.43749999999997 -4.0212764739990225 -0.0011660349555313585 0.22595372796058658 0.8619341552257539 9796489.5000000019
decision_type=2 2 2 2 2 2 2 2 2 2 2 2 2 2 2 2 2 2 2 2 2 2 2 2 2
left_child=8 24 3 4 -3 7 -7 -4 9 12 11 -11 14 -12 -1 -14 17 19 -19 -10 21 -18 -22 -5 -2
right_child=1 2 5 23 -6 6 -8 -9 16 10 13 -13 15 -15 -16 -17 20 18 -20 -21 22 -23 -24 -25 -26
leaf_value=-0.016653421194603252 -0.015688762346427479 -0.010322458709674978 0.0069810844106567719 -0.01650064045898161 0.0022376756620610186 -0.011249546458473375 0.0025259545354576552 0.0026931567216869098 0.0086530538469299072 0.0038325501500029767 -0.00057911584454547517 -0.011057655983447032 0.003646508545300881 0.0089765151030995142 0.012054787633256646 0.013708249372522061 -0.0067112551845298577 -0.017356782146913705 0.0065365536943997153 -0.0041968589406436536 -0.0003015489745545176 0.0028825049426636855 0.0017753660300176739 -0.0013651531704365189 -0.0019388165203980921
leaf_weight=8.2996086031198484 5.2355564236640921 12.44283990561962 111.04390950500965 8.5898539423942548 97.621889501810074 12.407456725835798 21.886451989412308 212.16958341002464 25.392702326178551 22.943225160241127 487.44718223810196 49.123993471264839 83.655470058321953 22.831601038575172 2.7827704995870581 15.789225921034811 24.868916153907776 18.904262393713001 7.3958565890789023 33.726902335882187 722.82793709635735 802.93416209518909 1223.9632847011089 2.6920451372861853 2.4935925900936127
leaf_count=35 23 45 208 37 229 44 49 477 47 53 1310 178 192 45 4 23 80 78 15 100 1885 1872 2956 8 7
internal_value=0.00121405 0.00229547 0.00251833 -0.000464848 0.000808664 0.00353369 -0.00242883 0.00416942 0.00106567 -0.000162777 -0.000912869 -0.00630335 0.00378027 -0.000149605 -0.0093546 0.00525411 0.00136362 -0.00234836 -0.0105997 0.00130544 0.00147826 0.00259308 0.00100371 -0.0129777 -0.0113821
internal_weight=4039.47 486.583 478.854 121.347 110.065 357.507 34.2939 323.213 3552.89 692.873 582.346 72.0672 110.527 510.279 11.0824 99.4447 2860.01 85.4197 26.3001 59.1196 2774.59 827.803 1946.79 11.2819 7.72915
internal_count=10000 1127 1097 319 274 778 93 685 8873 1840 1586 231 254 1355 39 215 7033 240 93 147 6793 1952 4841 45 30
is_linear=0
shrinkage=0.01


Tree=239
num_leaves=26
num_cat=0
split_feature=23 2 49 3 40 40 67 33 48 14 54 27 19 34 72 23 46 19 49 9 31 34 34 56 49
split_gain=6.42279 14.7315 16.4615 22.3013 19.7794 19.3694 11.5754 20.3622 10.015 20.1665 21.6364 14.6251 11.8529 27.3322 28.7951 14.5359 19.702 15.5908 9.55793 12.7243 7.71234 7.09293 4.99094 10.4285 3.62412
threshold=1303.5000000000002 31522.500000000004 0.52992185950279247 3953.5000000000005 -1.902381360530853 -1.4209909439086912 2.8665943145751958 0.97302690148353588 2.038099050521851 12.299999713897707 2.7095706462860112 -99567.999999999985 391456.68750000006 -1.3777233362197874 -957701.49999999988 1133.5000000000002 0.048360761255025871 271528.12500000006 0.91150036454200756 8114960.5000000009 3.8753105401992802 -0.794254571199417 -0.57939127087593068 1.3054938912391665 1.7522760033607485
decision_type=2 2 2 2 2 2 2 2 2 2 2 2 2 2 2 2 2 2 2 2 2 2 2 2 2
left_child=8 18 6 5 -5 -4 7 -3 12 -10 11 -11 15 20 -15 17 -17 -1 19 -2 -14 -8 -20 -24 -12
right_child=1 2 3 4 -6 -7 21 -9 9 10 24 -13 13 14 -16 16 -18 -19 22 -21 -22 -23 23 -25 -26
leaf_value=0.00096230244523939175 -0.0098816709519576832 0.004374671833439067 0.0036182885013352384 -0.0087187078795255297 0.0043295139660380752 -0.0041036793410878722 0.019505767290964482 -0.017785122941666138 0.015539862874505133 -0.010500995333594346 -0.003097606918519462 0.0047326302656871023 0.0030159683687468186 -0.00048244704988955353 -0.010422561065570055 0.0012287211644043305 -0.012623309491769793 0.0034675532199080817 0.017733883585336067 0.010230818865280355 0.017590022328179192 0.007640293730479559 0 0.017732183057102099 -0.018150045630571928
leaf_weight=2940.9180208146572 5.554614529013632 84.525778114795685 44.694495216012001 12.574426725506781 146.22958174347878 118.00915540754795 7.070550441741946 4.3457276821136466 13.247131764888762 6.7193764597177497 2.5249933153390876 93.808534353971481 6.5742128789424887 138.17759558558464 37.016739502549171 23.493290171027184 18.082969099283218 271.77180142700672 9.9021595120429993 7.2151100635528564 8.6630189865827543 19.535610094666481 7.2648768275976181 6.1479068249464035 5.3735924661159515
leaf_count=7370 19 181 102 41 301 353 6 18 16 24 7 198 16 357 130 59 67 625 10 11 9 34 18 6 22
internal_value=0.00120191 0.00229856 0.00178856 0.000621808 0.00329003 -0.00197632 0.00502831 0.00327983 0.00105617 0.00387847 0.0024445 0.00370445 0.000956186 -0.00146647 -0.0025884 0.00109826 -0.00477196 0.00117454 0.00844691 0.00140392 0.0113676 0.0108311 0.0122615 0.00814691 -0.0134647
internal_weight=4039.44 473.07 436.985 321.508 158.804 162.704 115.478 88.8715 3566.37 121.674 108.426 100.528 3444.7 190.432 175.194 3254.27 41.5763 3212.69 36.0847 12.7697 15.2372 26.6062 23.3149 13.4128 7.89859
internal_count=10000 1100 1036 797 342 455 239 199 8900 267 251 222 8633 512 487 8121 126 7995 64 30 25 40 34 24 29
is_linear=0
shrinkage=0.01


Tree=240
num_leaves=15
num_cat=0
split_feature=11 65 38 27 59 34 27 36 2 9 37 27 38 24
split_gain=6.45414 7.55266 12.5515 11.4378 16.6035 11.8029 11.0364 15.6541 17.1919 14.5535 13.7987 17.0046 13.1697 5.10207
threshold=81.835556030273452 1.989093065261841 0.48426859080791479 50888.000000000007 1.1162661314010622 0.6735961139202119 50888.000000000007 -1.4427297711372373 64168.000000000007 2954515.5000000005 1.6164382100105288 22160.000000000004 2.289339661598206 2124.5000000000005
decision_type=2 2 2 2 2 2 2 2 2 2 2 2 2 2
left_child=1 6 13 5 -5 -4 10 8 -8 -9 12 -12 -1 -3
right_child=-2 2 3 4 -6 -7 7 9 -10 -11 11 -13 -14 -15
leaf_value=0.0010411577253166824 0.012340681326015688 -0.014143771949941295 -0.0054249422236753008 -0.01239458193228378 0.0002423320886910568 0.0077782442576255616 0.0055119063397631876 0.0060382232828919769 -0.013528644733508568 0.0020077993168521563 -0.0097937187144012915 -0.00037226900398538607 0.0047439805591945761 0.001724663195909864
leaf_weight=3182.7122785896063 5.2029114961624137 9.9528100341558439 9.1325968801975232 14.165834888815878 38.531789779663086 25.460148110985756 7.6744178086519268 115.9880283176899 12.180958688259123 400.69362656772137 24.290035426616669 91.853297188878059 99.220434263348579 2.4077172428369513
leaf_count=7913 7 49 34 60 106 54 16 234 47 925 85 245 218 7
internal_value=0.0011899 0.00117527 -0.00153906 -0.000191896 -0.00313567 0.00426365 0.00124427 0.00257835 -0.00611881 0.00291451 0.00103333 -0.00235127 0.00115341 -0.0109718
internal_weight=4039.47 4034.26 99.6509 87.2904 52.6976 34.5927 3934.61 536.537 19.8554 516.682 3398.08 116.143 3281.93 12.3605
internal_count=10000 9993 310 254 166 88 9683 1222 63 1159 8461 330 8131 56
is_linear=0
shrinkage=0.01


Tree=241
num_leaves=24
num_cat=0
split_feature=57 52 26 62 27 56 69 32 20 56 22 53 57 45 65 34 59 10 65 62 7 9 24
split_gain=6.41056 18.9453 17.0523 16.0118 15.5303 31.1332 16.002 15.4676 14.7804 10.9673 10.4216 19.3 19.0755 16.3742 15.4571 11.6981 20.1019 16.3132 14.0325 12.3602 11.4081 11.3222 4.22148
threshold=0.79526045918464672 0.015451190061867239 0.29135724902153021 54.055358886718757 -41339.999999999993 -0.27896650135517115 72.112007141113295 1.0000000180025095e-35 20868.695312500004 -0.096388153731822954 215831.39843750003 1.4546656012535097 1.0370509028434756 0.64705821871757518 0.507795810699463 -1.3340028524398801 0.76699507236480724 0.00060028998996131133 0.80210420489311229 54.055358886718757 5.384571075439454 7376381.0000000009 2467.5000000000005
decision_type=2 2 2 2 2 2 2 2 2 2 2 2 2 2 2 2 2 2 2 2 2 2 2
left_child=1 2 4 9 5 -1 -6 -3 -5 -4 15 12 14 -14 -12 17 21 18 -2 -19 -18 -17 -13
right_child=10 7 3 8 6 -7 -8 -9 -10 -11 11 22 13 -15 -16 16 20 19 -20 -21 -22 -23 -24
leaf_value=-0.013207976794901471 0.0026933231584901317 -0.016918287236238453 0.00048900883149498189 -0.0047228340502968383 0.0044304362689596014 0.0016015515768840779 -0.00037099661721556876 0.002759023008200908 0.0071397987143071431 0.014627607455798965 0.010481521837290729 -0.017208412707891165 -0.0017438566086984261 0.0045036077234877295 0.00088328411827765419 -0.014095916927558849 0.00078068805461334106 -0.010128731734385081 0.009965974329685828 0.0039420838903087415 -0.015792909510047227 0.0052913912101405693 -0.0013443982056638543
leaf_weight=19.524184584617615 243.26716524362564 9.159723564982416 6.9801725447177878 16.305800393223763 196.75720812380314 51.709436193108559 106.679493278265 6.9491918236017218 29.194685965776443 28.45031426846981 54.787516415119171 5.4694371521472913 78.898201942443848 89.222045496106148 24.525197446346283 13.947900712490084 2990.9270017445087 16.290449932217602 29.944824770092964 9.9960461705923063 4.1534068286418906 3.7562668025493613 2.625102698802948
leaf_count=73 570 39 17 47 439 130 277 18 58 36 88 23 214 186 59 54 7507 56 53 22 18 8 8
internal_value=0.00117798 0.00227533 0.00265384 0.00682073 0.00175109 -0.0024435 0.0027391 -0.00836766 0.00286666 0.0118704 0.00103262 0.00298012 0.00348035 0.00156575 0.00752615 0.000882076 0.000694259 0.00276806 0.00349409 -0.00473994 0.000757371 -0.00992606 -0.0121872
internal_weight=4039.52 471.71 455.601 80.931 374.67 71.2336 303.437 16.1089 45.5005 35.4305 3567.81 255.528 247.433 168.12 79.3127 3312.28 3012.78 299.498 273.212 26.2865 2995.08 17.7042 8.09454
internal_count=10000 1134 1077 158 919 203 716 57 105 53 8866 578 547 400 147 8288 7587 701 623 78 7525 62 31
is_linear=0
shrinkage=0.01


Tree=242
num_leaves=23
num_cat=0
split_feature=28 34 7 59 0 45 35 26 63 67 64 31 34 52 45 34 0 51 26 68 23 31
split_gain=6.4587 18.1733 17.4778 16.3358 19.5381 26.3049 19.1745 18.7006 18.7578 21.1235 17.1136 14.7676 15.6159 12.1608 31.7984 16.2945 12.0801 14.4553 5.16641 11.2515 4.54245 4.15709
threshold=58.125000000000007 -0.48834280669689173 3.8125413656234746 0.61053287982940685 80588.500000000015 -0.61842960119247425 -0.80006766319274891 0.0337143111974001 9.1177191734313983 0.33311709761619573 11.601705551147463 5.522336721420289 -0.96290177106857289 -0.0070026754401624194 -1.0132195353507993 0.47777453064918524 92702.500000000015 0.0025968183763325219 0.077856812626123442 34.064092636108406 104.50000000000001 0.69944077730178844
decision_type=2 2 2 2 2 2 2 2 2 2 2 2 2 2 2 2 2 2 2 2 2 2
left_child=3 16 13 4 -1 20 -7 11 9 -9 -10 12 -5 14 -3 -15 18 21 -2 -20 -6 -18
right_child=1 2 -4 7 5 6 -8 8 10 -11 -12 -13 -14 15 -16 -17 17 -19 19 -21 -22 -23
leaf_value=0.017092610504335717 0.019819126885300877 -0.011887781570313994 -0.016462592902896603 0.00060601674231680592 0.0041132989560096365 0.0039272308451300262 -0.017759173154811639 0.0084295414241654983 -0.0027819007359190079 -0.0011126304771626903 0.00093949890885684816 0.011898467697427013 -0.0069733256721969186 0.004021827861891627 0.0006622257753729681 0.0013886751943843095 -0.018152231806547979 0.014080423362370694 -0.0025332917400753417 0.014966010814538752 0.015260245841832663 -0.00079564410873170927
leaf_weight=13.024375498294829 7.2928772270679501 21.352373167872429 5.4062943160533896 44.562876299023628 5.9403998851776114 8.40130467712879 7.8175682425499025 66.284388065338135 132.29539746046066 35.426038429141045 1851.9143341183662 6.1444114893674842 68.795911937952042 303.4496238976717 370.48887412250042 1053.3404046744108 3.2164190262556058 4.0404615849256516 5.223416984081271 11.707989647984503 10.847452908754347 2.637300431728363
leaf_count=15 7 77 23 116 13 19 32 119 373 96 4642 10 225 670 928 2568 13 5 14 14 14 7
internal_value=0.00116618 0.00161542 0.00147413 0.000808943 0.00670743 0.00257916 -0.00646405 0.000685378 0.000906156 0.00509614 0.000690874 -0.00315993 -0.00398496 0.00153016 -1.91023e-05 0.00197832 0.00884963 -0.000363054 0.0126537 0.00950833 0.0113755 -0.0105033
internal_weight=4039.61 1788.16 1754.04 2251.45 46.0311 33.0067 16.2189 2205.42 2085.92 101.71 1984.21 119.503 113.359 1748.63 391.841 1356.79 34.1185 9.89418 24.2243 16.9314 16.7879 5.85372
internal_count=10000 4326 4266 5674 93 78 51 5581 5230 215 5015 351 341 4243 1005 3238 60 25 35 28 27 20
is_linear=0
shrinkage=0.01


Tree=243
num_leaves=27
num_cat=0
split_feature=59 59 55 26 34 50 54 15 17 47 72 46 67 1 59 3 52 47 53 31 39 45 46 51 38 3
split_gain=6.43251 13.7334 17.5 24.3958 13.606 18.0076 19.5023 14.5247 19.1042 9.28265 16.2224 18.8753 19.8321 12.5757 10.082 25.9636 22.6944 14.0519 13.3303 18.7525 16.8558 8.18468 8.02889 7.72484 9.05236 5.45466
threshold=1.5933268070220949 1.6532541513442995 0.64526459574699413 0.10121434181928636 0.13454280793666842 0.00024989104713313287 2.2429873943328862 9.2000002861022967 240.50000000000003 2.0347951650619511 -1165504.6874999998 0.46016347408294683 -0.22215030342340467 28823.000000000004 0.87513852119445812 -22797.999999999996 0.015451190061867239 -0.86946368217468251 0.37951920926570898 8.8770670890808123 3.0047349929809575 2.302519798278809 0.75180989503860485 -0.026293114759027954 0.74135500192642223 -3498.9999999999995
decision_type=2 2 2 2 2 2 2 2 2 2 2 2 2 2 2 2 2 2 2 2 2 2 2 2 2 2
left_child=9 2 23 -4 7 22 -7 25 -9 14 11 -11 -13 -12 15 17 -17 -1 20 -20 -16 -15 -6 -2 -25 -3
right_child=1 4 3 -5 5 6 -8 8 -10 10 13 12 -14 21 18 16 -18 -19 19 -21 -22 -23 -24 24 -26 -27
leaf_value=-0.0089731199389438705 -0.0063690734350659861 0.0018829709970092743 0.0085825214409460792 -0.017448133694522555 0.0084633628143629333 0.0021818700050871449 -0.013104681442103621 0.004259002893470842 -0.0032857003752804967 -0.017325963076346297 0.012719783222659549 -0.01626595697944893 0.0051654951868290644 -0.017085861886778943 0.00011679980517876183 0.0017192502054750672 -0.0062702640467676395 0.0070415886737276671 0.0015521794366020975 0.011026716091786952 0.0057249942213491098 0.0049825941415256375 -0.0022237392298291841 0.010373098063007895 -0.0001294772329494284 0.013729395567352158
leaf_weight=5.6947618424892417 3.4387667030096045 7.1086725592613247 7.3690548688173276 6.9942438453435898 63.956429615616798 74.289582774043083 9.3970179557800275 45.844941407442093 124.65120507776737 12.060324579477308 8.978393152356146 6.2549749761819831 13.875609070062639 3.1591503024101248 1769.0958551615477 694.47519890964031 37.425813362002373 116.73855136334896 866.41086161136627 21.448100864887238 55.28596456348896 3.4905170947313309 7.7366947382688513 55.923808962106705 9.3984092473983747 9.1956592500209791
leaf_count=20 11 16 12 29 107 166 36 95 354 50 14 27 31 13 4572 1691 124 231 2110 35 109 7 21 85 24 10
internal_value=0.0011545 0.00231962 0.00596929 -0.00402355 0.0014301 0.00361712 0.000453421 -0.000383706 -0.00125113 0.00101713 -0.00335447 -0.00742525 -0.00144401 0.00496659 0.00107602 0.00202407 0.00130934 0.00628853 0.000777021 0.00178218 0.000287298 -0.00535139 0.00729613 0.00807121 0.0088467 0.0086257
internal_weight=4039.7 425.304 83.1243 14.3633 342.18 155.38 83.6866 186.8 170.496 3614.39 47.819 32.1909 20.1306 15.6281 3566.58 854.334 731.901 122.433 2712.24 887.859 1824.38 6.64967 71.6931 68.761 65.3222 16.3043
internal_count=10000 966 161 41 805 330 202 475 449 9034 142 108 58 34 8892 2066 1815 251 6826 2145 4681 20 128 120 109 26
is_linear=0
shrinkage=0.01


Tree=244
num_leaves=26
num_cat=0
split_feature=1 46 31 25 57 57 68 1 1 58 45 35 24 55 28 40 47 22 18 3 21 68 0 10 56
split_gain=6.40391 7.64962 14.173 25.4832 16.8795 12.5699 11.9628 24.3729 33.0634 24.8896 20.4695 36.0626 19.6571 11.9188 6.50922 11.8238 9.31815 10.5107 7.98586 10.2791 8.39578 7.88562 11.2721 2.84652 2.42932
threshold=528355.00000000012 -1.0176488757133482 6.803706407546998 29.500000000000004 1.2615148425102236 0.6139267385005952 68.43418121337892 36047.500000000007 28823.000000000004 -26831.999999999996 -0.9310936927795409 -0.34889297187328333 23.500000000000004 1.1195240020751955 165.00000000000003 0.065043885260820403 -0.18059580028057096 58859.535156250007 10151.000000000002 3347.5000000000005 -632.49999999999989 33.223974227905281 95484.500000000015 0.00010689999908208848 1.096113443374634
decision_type=2 2 2 2 2 2 2 2 2 2 2 2 2 2 2 2 2 2 2 2 2 2 2 2 2
left_child=1 2 5 -4 -5 -1 10 8 -8 -9 11 -3 -12 -7 15 21 -17 -18 19 -16 -21 23 -23 -2 -20
right_child=14 6 3 4 -6 13 7 9 -10 -11 12 -13 -14 -15 18 16 17 -19 24 20 -22 22 -24 -25 -26
leaf_value=0.013458138260951229 0.0060172638368919812 -0.0059204594055567552 0.013220018672141884 -0.016792841801271711 0.0091170582017386613 0.0019138530380935273 -0.00093094443962356277 -0.003201699642043468 -0.012182216883993565 0.0015856498598916095 0.0041738727801016434 0.0037164587749484506 0.0011966189451170488 0.0078100385275723687 0.0110398414136811 -0.015934026486212251 -0.0068498502368272941 0.014031036249365934 0.014859690020942236 -0.01651455189877522 0.0049104204721950344 0.007276869847315218 -0.017801692721469788 0.014436374654235811 0.0074336076427525925
leaf_weight=11.160141751170157 11.659937351942068 99.890659660100937 5.4502785503864315 12.932879596948625 3.0671987235546103 282.05590482056141 93.549676835536957 135.31464457511902 36.358913540840149 548.64513184130192 244.85862416028976 63.400896832346916 2388.9361649900675 39.224427655339241 6.0438610911369306 5.4220438599586513 7.2154080867767316 3.6193004995584488 10.487730443477632 3.9418770968914014 3.3126986324787158 4.2869594991207114 3.0510398596525192 6.7459895163774481 8.9232890009880048
leaf_count=15 21 314 7 54 5 666 256 387 136 1346 531 142 5909 72 8 24 24 4 11 17 7 8 13 7 16
internal_value=0.00114301 0.00108801 0.00249283 -0.00536882 -0.0117634 0.0030031 0.000950049 -0.000115866 -0.00408766 0.000637058 0.00126056 -0.00217263 0.00147379 0.00263682 0.00404847 0.00141411 -0.00523087 3.30486e-05 0.00740056 0.0013454 -0.0065933 0.00564912 -0.00301418 0.0091573 0.0114974
internal_weight=4039.56 3964.85 353.891 21.4504 16.0001 332.44 3610.95 813.868 129.909 683.96 2797.09 163.292 2633.79 321.28 74.7101 42.0007 16.2568 10.8347 32.7095 13.2984 7.25458 25.7439 7.338 18.4059 19.411
internal_count=10000 9840 819 66 59 753 9021 2125 392 1733 6896 456 6440 738 160 101 52 28 59 32 24 49 21 28 27
is_linear=0
shrinkage=0.01


Tree=245
num_leaves=18
num_cat=0
split_feature=27 1 26 26 40 58 17 61 18 27 19 67 57 40 28 50 36
split_gain=6.36653 16.8799 13.5885 12.9662 17.2732 9.14903 16.9072 13.1921 11.6553 9.55949 19.2056 17.7168 12.0846 18.2092 12.9737 9.23824 2.93622
threshold=-195935.99999999997 53219.500000000007 0.036785654723644264 1.0127141475677492 -0.90416228771209706 -91655.999999999985 50727.500000000007 214.08412170410159 1571.0000000000002 -48679.999999999993 1100104.6250000002 -2.654860138893127 0.73521175980567943 2.2447050809860234 3013.3750000000005 -1.0000000180025095e-35 -1.708396255970001
decision_type=2 2 2 2 2 2 2 2 2 2 2 2 2 2 2 2 2
left_child=1 -1 -3 4 -4 6 7 8 -2 10 11 -7 13 -11 -14 -8 -5
right_child=5 2 3 16 -6 9 15 -9 -10 12 -12 -13 14 -15 -16 -17 -18
leaf_value=-0.016432201157837827 -0.0027143165258775911 0.014146958014121839 -0.0023130872757385172 0.0054333912571981847 0.0041095491130200999 0.0017821947478724742 -0.016705866815191091 -0.0098193805039446854 0.0074193970615051711 0.0038308549488503775 -0.016685218227000559 -0.0010281051891057097 0.0011355391014140816 -0.016884360640658989 -0.0045421603307229498 0.00078392433581451744 0.013910126809366959
leaf_weight=4.4492708444595328 12.990430191159247 10.832583636045454 65.0831628292799 7.2128521651029613 116.73760962486267 396.4983577132225 5.6309701055288315 5.5041954219341269 82.978018462657928 225.92169372737408 6.792710840702056 516.34440420567989 2519.8715836405754 4.3079472482204428 40.832065150141716 6.2915611118078214 11.16267056763172
leaf_count=19 35 14 177 13 253 973 24 19 152 509 29 1370 6237 18 129 16 13
internal_value=0.00113162 0.00280677 0.00321714 0.00262073 0.00180505 0.00103697 0.00383791 0.00516729 0.00603726 0.000951101 6.5725e-05 0.000191469 0.00124248 0.0034389 0.00104461 -0.00739257 0.0106372
internal_weight=4039.44 215.478 211.029 200.196 181.821 3823.96 113.395 101.473 95.9684 3710.57 919.635 912.843 2790.93 230.23 2560.7 11.9225 18.3755
internal_count=10000 489 470 456 430 9511 246 206 187 9265 2372 2343 6893 527 6366 40 26
is_linear=0
shrinkage=0.01


Tree=246
num_leaves=30
num_cat=0
split_feature=23 3 54 51 9 42 56 30 53 42 57 49 47 61 38 68 31 50 26 48 49 60 29 45 51 34 69 42 66
split_gain=6.37814 14.3417 24.4741 19.3272 21.2035 16.9304 13.5769 18.2406 16.2139 12.9701 16.9631 12.8301 12.741 10.9482 10.3225 16.3487 13.5611 10.2664 9.46823 18.4882 18.2208 24.7106 23.4803 17.9294 15.4266 8.75222 14.5774 4.34384 4.33559
threshold=1303.5000000000002 3953.5000000000005 1.1621844768524172 -0.0048822837416082612 8243390.0000000009 -0.0005807999987155198 -0.32032199203968043 13.891981124877931 0.089568655937910094 -0.00038388499524444336 1.1994471549987795 1.4886478781700136 -1.4129502177238462 174.2984313964844 2.8406968116760258 78.571483612060561 -9.0495514869689924 0.0020697736181318764 0.24664279818534854 2.038099050521851 -0.65672260522842396 -0.001054276304785162 17.78641510009766 1.9360114336013796 -0.022367035038769242 1.4731591343879702 97.153057098388686 0.00023928500013425949 1.8001769185066225
decision_type=2 2 2 2 2 2 2 2 2 2 2 2 2 2 2 2 2 2 2 2 2 2 2 2 2 2 2 2 2
left_child=14 2 3 5 -5 -2 11 8 -8 10 -4 28 -13 -11 18 16 -16 -9 19 24 21 -20 -22 -21 -1 26 -17 -18 -3
right_child=1 6 9 4 -6 -7 7 17 -10 13 -12 12 -14 -15 15 25 27 -19 20 23 22 -23 -24 -25 -26 -27 -28 -29 -30
leaf_value=-0.0053668543159965552 -0.0020469036635311086 0.0087447729886686726 -0.0063613772474005762 -0.0021299532103981177 0.0071171829398894264 -0.014083370953668189 0.0031384776248639394 0.011223026087386125 -0.005301272423221811 0.0019681643868685542 0.0066129760317362885 0.0071073220753352121 -0.011262439423917744 0.011996865466278294 0.007684949125781681 -0.015341991084370009 -0.015309738581557325 0.0030218199628896957 0.0003073769005811512 0.013511968728838869 0.0079360808904910228 0.0055417888803940274 0.00053803712385827856 0.0019715806395870267 0.00061961825942892978 0.012235807624471323 0.0094964558725396872 -0.0020896888583617039 0.01573144152201094
leaf_weight=43.88462832570076 29.362679362297058 24.030594006180763 18.443895280361176 85.398319646716118 34.917316377162933 19.675503745675087 58.917277708649635 28.766878515481949 37.085728749632835 17.275399073958397 22.173086762428284 11.556917056441309 5.5935979485511771 30.683559149503708 3.687689125537875 4.6463367789983767 15.646745100617411 33.452467203140259 146.21658442914486 21.338821768760681 45.30709519982338 237.13095152378082 820.0889929831028 37.163528069853783 2177.0883935540915 6.7071147859096518 4.7715342342853546 3.1693148016929618 15.310755133628843
leaf_count=133 84 39 57 238 65 80 129 42 110 41 43 21 19 46 8 21 71 71 361 30 82 481 2058 88 5538 10 9 10 15
internal_value=0.00112029 0.00221354 0.000619655 -0.00160363 0.000545386 -0.00689667 0.00412358 0.00261182 -0.000111361 0.00488179 0.00069679 0.00834002 0.00105776 0.00840526 0.000975141 -0.00416103 -0.00967975 0.00682969 0.00103166 0.000647536 0.00173204 0.00354789 0.000926511 0.00619805 0.00050088 0.0034788 -0.00265149 -0.0131361 0.0114892
internal_weight=4039.49 472.644 257.93 169.354 120.316 49.0382 214.714 158.222 96.003 88.5759 40.617 56.4919 17.1505 47.959 3566.85 38.6287 22.5037 62.2193 3528.22 2279.48 1248.74 383.348 865.396 58.5023 2220.97 16.125 9.41787 18.8161 39.3413
internal_count=10000 1100 654 467 303 164 446 352 239 187 100 94 40 87 8900 129 89 113 8771 5789 2982 842 2140 118 5671 40 30 81 54
is_linear=0
shrinkage=0.01


Tree=247
num_leaves=11
num_cat=0
split_feature=13 13 24 59 13 53 56 40 7 67
split_gain=6.31602 7.6694 12.612 11.7921 7.47427 7.08795 19.697 11.4851 4.22576 3.43005
threshold=548304.46875000012 494778.90625000006 34.500000000000007 1.2924783825874331 481414.62500000006 0.48512905836105352 -0.32032199203968043 2.3803361654281621 3.4091917276382451 2.212793350219727
decision_type=2 2 2 2 2 2 2 2 2 2
left_child=1 4 -3 -4 5 7 -7 -1 -6 -2
right_child=9 2 3 -5 8 6 -8 -9 -10 -11
leaf_value=0.0010137009653223288 -0.01612082786274795 0.012624256132249798 -0.016436517272624844 0.010283275277283819 -0.01733390295318931 0.0046447944202224461 0.0011626762222287533 -0.0015819077155154173 -9.9996008337409467e-05 -0.00025719423478517603
leaf_weight=2732.2807921618223 3.2486230731010428 13.969730630517008 3.5809506922960272 3.0261305868625641 3.418427661061286 198.96101061999798 894.03843766450882 181.53048019111156 2.639654740691185 2.5738518387079239
leaf_count=6780 14 19 15 5 14 433 2196 510 7 7
internal_value=0.00110917 0.00112441 0.00722258 -0.00404715 0.00109289 0.0011099 0.00179745 0.000851651 -0.00998974 -0.00927998
internal_weight=4039.27 4033.45 20.5768 6.60708 4012.87 4006.81 1093 2913.81 6.05808 5.82247
internal_count=10000 9979 39 20 9940 9919 2629 7290 21 21
is_linear=0
shrinkage=0.01


Tree=248
num_leaves=22
num_cat=0
split_feature=28 7 33 59 23 26 63 55 54 47 38 37 27 47 14 31 56 56 68 1 27
split_gain=6.31786 17.3911 16.0102 15.7277 18.6865 18.3794 18.3262 20.917 16.9242 16.7639 15.5189 15.5401 14.3685 16.5745 14.2172 13.3448 8.25369 10.4016 6.15128 5.08793 2.9008
threshold=58.125000000000007 3.8125413656234746 -1.4734956622123716 0.61053287982940685 352.50000000000006 0.0337143111974001 9.1177191734313983 -0.28355714678764338 0.18062336742877963 0.45106196403503424 -2.1720215082168575 -1.7864711880683897 -56151.999999999993 0.7293527126312257 13.000000000000002 4.1427748203277597 -0.14723677188158033 -0.89356994628906239 33.223974227905281 144506.50000000003 -41339.999999999993
decision_type=2 2 2 2 2 2 2 2 2 2 2 2 2 2 2 2 2 2 2 2 2
left_child=3 2 19 4 16 12 7 -7 15 -8 18 -12 13 -5 -14 -6 17 -1 -4 -2 -18
right_child=1 -3 10 5 8 6 9 -9 -10 -11 11 -13 14 -15 -16 -17 20 -19 -20 -21 -22
leaf_value=0.012909406494970773 -0.017428136609306553 -0.016381097848719006 0.0054517269029181348 0.0069046249858049583 -0.0044135676507665684 0.009789094771331339 -3.9087295390742079e-05 0.00067938267317988854 -0.017549734234196028 0.0018915005233141504 -0.00074441970400115865 0.0019575615479561935 -0.0064992561131036195 -0.015978329812191591 0.0049530743242904426 0.016635015283150832 0.0067346116184567387 -0.0075723830124184441 0.018849651563549629 -6.4262901382810923e-06 0.017259866832959728
leaf_weight=5.6916947066783905 5.7723628282546979 5.3873524367809287 7.2899046987295133 21.456245601177219 7.0042202621698397 47.929634153842926 1296.5091350972652 53.69887475669384 4.8557907938957205 687.89888696372509 247.12546128034592 1512.809061601758 81.936867281794548 3.694564774632453 12.391672939062117 5.2219801098108292 3.5663674324750927 4.3338373899459857 6.9611250162124634 2.5250507742166519 15.372713893651961
leaf_count=8 24 23 15 43 21 81 3367 134 20 1648 658 3593 264 16 28 6 7 14 6 7 17
internal_value=0.00109803 0.00154236 0.00159709 0.000744754 0.0065313 0.00062349 0.000842341 0.00498551 -0.00171313 0.000629651 0.0016624 0.00157759 -0.00318915 0.00350344 -0.00498419 0.00449478 0.011428 0.00395579 0.0120663 -0.0122469 0.0153307
internal_weight=4039.43 1787.87 1782.48 2251.56 46.0466 2205.52 2086.04 101.629 17.082 1984.41 1774.19 1759.93 119.479 25.1508 94.3285 12.2262 28.9646 10.0255 14.251 8.29741 18.9391
internal_count=10000 4326 4303 5674 93 5581 5230 215 47 5015 4272 4251 351 59 292 27 46 22 21 31 24
is_linear=0
shrinkage=0.01


Tree=249
num_leaves=16
num_cat=0
split_feature=20 59 39 72 21 47 57 40 67 72 55 63 61 37 51
split_gain=6.31714 6.61486 13.5557 15.0294 13.045 12.1718 8.93367 17.5773 16.1306 15.655 14.3734 19.0581 17.5244 6.84685 4.6213
threshold=1.0000000180025095e-35 1.5933268070220949 1.7431697249412539 -807835.62499999988 -4572.4999999999991 1.6767125725746157 1.0949720740318301 3.1411072015762334 3.7945874929428105 -1098813.9999999998 0.049720322713255889 9.1177191734313983 112.2396812438965 -1.0729357004165647 0.0154014197178185
decision_type=2 2 2 2 2 2 2 2 2 2 2 2 2 2 2
left_child=-1 6 4 5 -3 -4 7 9 -9 -2 12 -12 -8 -6 -5
right_child=1 2 3 14 13 -7 10 8 -10 -11 11 -13 -14 -15 -16
leaf_value=0.0091428418294963627 0.0019672906071334316 -0.017168630486070622 0.0016088161511317106 -0.016685384816203228 0.013801745950439289 0.010379675011740166 0.0011057057408474726 -0.016378289215717167 0.0083929557840606971 -3.8455076418355663e-05 -0.0057058635750780627 0.0017047498521303977 -0.0018514380845220944 0.0047013274578669292 -0.00015987639854833096
leaf_weight=9.7436126470565778 1489.5780236572027 1.9030484706163395 363.59310694038868 5.6693824231624586 18.127384558320045 16.598788484930992 355.16365559399128 10.119308829307554 3.4922174215316764 525.42490290105343 36.391706705093384 725.83107002079487 459.22083203494549 15.997610896825789 2.5880842953920364
leaf_count=17 3578 8 846 24 22 25 862 43 7 1371 114 1756 1287 32 8
internal_value=0.00108704 0.00106732 0.00224974 0.00170224 0.00812497 0.00199437 0.000927822 0.00136684 -0.00994943 0.00144378 0.000362298 0.00134962 -0.000560561 0.00956482 -0.011627
internal_weight=4039.44 4029.7 424.477 388.449 36.028 380.192 3605.22 2028.61 13.6115 2015 1576.61 762.223 814.384 34.125 8.25747
internal_count=10000 9983 965 903 62 871 9018 4999 50 4949 4019 1870 2149 54 32
is_linear=0
shrinkage=0.01


Tree=250
num_leaves=18
num_cat=0
split_feature=27 1 72 23 26 26 58 17 61 34 40 27 19 41 49 40 52
split_gain=6.28796 16.5451 14.0288 21.8414 11.5846 12.8337 8.94748 16.5809 12.9391 11.1336 10.7016 9.28866 18.788 17.3996 12.4033 26.984 14.8054
threshold=-195935.99999999997 53219.500000000007 -897330.21874999988 674.50000000000011 0.036785654723644264 1.0127141475677492 -91655.999999999985 50727.500000000007 214.08412170410159 0.72370931506156932 -1.5944923758506773 -48679.999999999993 1100104.6250000002 0.49751038849353796 1.9125389456748965 1.7817147374153139 0.035867977887392051
decision_type=2 2 2 2 2 2 2 2 2 2 2 2 2 2 2 2 2
left_child=1 -1 4 -4 -3 -6 7 8 10 -9 -2 12 13 -8 16 -16 -13
right_child=6 2 3 -5 5 -7 11 9 -10 -11 -12 14 -14 -15 15 -17 -18
leaf_value=-0.016339284478973502 0.012081001603078559 0.013892673610388113 -0.016333554755433057 0.011341948703775969 0.0023599180325902052 0.011300643853696104 -2.9335218344240437e-05 -0.016233657796657787 -0.0097783102874412862 0.0030649427959291349 0.0040894503705816137 0.001138416307135102 -0.016576366884555074 0.010789231535506226 0.0048697787897824824 -0.008293607677471693 -0.0032590760050528848
leaf_weight=4.4338921308517447 21.981695771217346 10.82109911739826 8.4732081294059736 4.2564788162708274 169.49289028346539 17.832948207855225 897.74826541543007 6.4913335442543012 5.4996583908796302 5.405892014503479 73.900034561753273 2524.4593626260757 6.7661414295434943 15.113871499896048 170.82279990613461 17.083821669220924 78.845500752329826
leaf_count=19 29 14 36 6 390 24 2318 28 19 12 158 6238 29 25 356 57 242
internal_value=0.00107618 0.00274153 0.00314746 -0.00700102 0.00380449 0.00321639 0.000982151 0.00375344 0.00506991 -0.00738066 0.00593201 0.000897284 2.45462e-05 0.000148688 0.00118447 0.00366769 0.00100485
internal_weight=4039.43 215.311 210.877 12.7297 198.147 187.326 3824.12 113.279 101.381 11.8972 95.8817 3710.84 919.628 912.862 2791.21 187.907 2603.3
internal_count=10000 489 470 42 428 414 9511 246 206 40 187 9265 2372 2343 6893 413 6480
is_linear=0
shrinkage=0.01


Tree=251
num_leaves=13
num_cat=0
split_feature=11 11 3 47 1 69 55 40 51 3 50 12
split_gain=6.2796 7.31439 24.6602 18.454 16.5381 7.46427 18.5679 15.7956 11.0455 18.1247 15.7303 6.12567
threshold=81.835556030273452 62.632709503173835 -4754.4999999999991 0.68807667493820202 112185.50000000001 94.65845108032228 -0.6303010582923888 -2.4754198789596553 0.0018636494060046973 -35916.999999999993 -0.010301450267434118 541337.15625000012
decision_type=2 2 2 2 2 2 2 2 2 2 2 2
left_child=1 5 11 4 -4 8 -7 -8 10 -10 -1 -3
right_child=-2 2 3 -5 -6 6 7 -9 9 -11 -12 -13
leaf_value=0.003563770653146637 0.012089249444848165 -0.01653232793543484 0.0068508669129018051 -0.017520619027530236 -0.016348386777194922 -0.015687500437220458 0.011357897044739485 -0.0007931025307997561 -0.0028505198448989413 0.0021541156177783318 0.00053136114952862369 0.00063608047387837103
leaf_weight=186.16422395408154 5.178012251853942 12.252402395009993 28.577207788825039 4.3831903338432303 3.4227544367313376 7.9686979204416266 11.312024310231207 196.57051856815815 76.231998682022095 1369.9034334123135 2135.0064863711596 2.3689871281385413
leaf_count=406 7 52 58 18 15 35 18 550 211 3176 5448 6
internal_value=0.00106544 0.00105104 -0.00270619 0.00167731 0.0043382 0.00109941 -0.000706175 -0.00012709 0.00120312 0.00188961 0.000774999 -0.0136823
internal_weight=4039.34 4034.16 51.0045 36.3832 32 3983.16 215.851 207.883 3767.31 1446.14 2321.17 14.6214
internal_count=10000 9993 149 91 73 9844 603 568 9241 3387 5854 58
is_linear=0
shrinkage=0.01


Tree=252
num_leaves=23
num_cat=0
split_feature=20 63 58 18 17 55 47 31 47 19 19 47 54 31 58 9 28 31 42 31 55 21
split_gain=6.28703 14.2994 13.9164 18.8792 17.0488 13.1711 14.6789 13.043 12.5252 22.0402 18.7418 26.7074 18.3483 11.8696 25.2029 29.8191 23.0881 14.3257 21.7039 19.0733 4.3683 3.65749
threshold=535533.21875000012 6.561220884323121 -10507.999999999998 100567.00000000001 21251.000000000004 0.93045917153358471 -1.0524117350578306 -3.258104562759399 -0.57543706893920887 391456.68750000006 204005.55468750003 -1.4129502177238462 -0.90696880221366871 -12.781009197235106 838.00000000000011 4919877.5000000009 -163.43749999999997 -4.0212764739990225 -0.0011660349555313585 0.22595372796058658 0.8619341552257539 2387.5000000000005
decision_type=2 2 2 2 2 2 2 2 2 2 2 2 2 2 2 2 2 2 2 2 2 2
left_child=8 21 3 4 -3 7 -7 -4 9 10 12 -12 -1 14 16 -16 -10 18 -15 -19 -5 -2
right_child=1 2 5 20 -6 6 -8 -9 13 -11 11 -13 -14 17 15 -17 -18 19 -20 -21 -22 -23
leaf_value=0.0023644980088853452 -0.015999394256210806 -0.010342215849269793 0.0067502537003563054 -0.016429177862963808 0.00209065361922597 -0.011248911063360786 0.0023517641264083908 0.0025029744142347466 0.0083548340148840022 -0.016728087545519677 -0.0034711142383357209 0.0053280810207580092 -0.0020872046841449933 -0.0067710378961097027 -0.017307641516869272 0.0062917469570114128 -0.0042630249991821387 -0.00044223799007501888 0.0027020716222919362 0.0016054256056770384 -0.0013769161433531895 -0.00065386511384379442
leaf_weight=120.63328078389168 5.3151258826255789 12.425993815064428 110.79479417204857 8.5586849898099882 97.437384933233261 12.393249884247778 21.849292203783989 211.80102007091045 25.390988171100616 8.0687645077705366 48.280191317200661 119.92022460699081 396.26486241817474 24.878930851817131 18.86942054331303 7.4010190218687049 33.735549211502075 722.90063524246216 803.2857446372509 1224.0501485466957 2.6813901066780081 2.3910599201917648
leaf_count=291 23 45 208 37 229 44 49 477 47 34 142 259 1114 80 78 15 100 1885 1872 2956 8 7
internal_value=0.00105479 0.00212353 0.00234315 -0.000578916 0.000675343 0.00333764 -0.00254146 0.00396479 0.000908451 -0.000296415 -0.000101431 0.00279642 -0.00104634 0.00120077 -0.00246727 -0.0106211 0.00113861 0.001314 0.00241628 0.000844617 -0.0129273 -0.0113678
internal_weight=4039.33 485.648 477.942 121.103 109.863 356.838 34.2425 322.596 3553.68 693.167 685.099 168.2 516.898 2860.51 85.397 26.2704 59.1265 2775.12 828.165 1946.95 11.2401 7.70619
internal_count=10000 1127 1097 319 274 778 93 685 8873 1840 1806 401 1405 7033 240 93 147 6793 1952 4841 45 30
is_linear=0
shrinkage=0.01


Tree=253
num_leaves=28
num_cat=0
split_feature=39 64 54 47 6 39 72 72 40 56 50 37 46 68 56 10 65 58 58 1 66 61 36 17 45 31 33
split_gain=6.24874 11.2935 16.1565 16.7364 20.5068 19.4434 15.9062 18.8183 13.7409 11.6409 10.37 8.877 15.4304 16.1602 25.0658 17.0892 13.1886 20.8511 38.5754 13.4488 29.1329 19.2293 11.7235 5.26973 17.4329 4.85992 2.20261
threshold=2.4510273933410649 9.2631258964538592 0.31618347764015203 -0.57543706893920887 -231303215.99999997 2.6265919208526616 -1063393.3124999998 -1227161.1249999998 0.13660638779401782 0.33426189422607427 0.0062985129188746223 -1.8370754718780515 2.5288528203964238 21.796365737915043 -0.45207586884498591 0.0011165449977852406 -1.301158010959625 -13143.999999999998 13112.000000000002 102672.50000000001 -2.4225962162017818 106.72344207763673 -1.2887184023857114 25490.000000000004 0.35472607612609869 7.3209061622619638 -0.46017651259899134
decision_type=2 2 2 2 2 2 2 2 2 2 2 2 2 2 2 2 2 2 2 2 2 2 2 2 2 2 2
left_child=11 9 3 4 -3 -5 7 -4 -8 10 -2 12 13 14 -1 -15 17 22 -19 21 -21 -18 -13 26 -25 -14 -11
right_child=1 2 6 5 -6 -7 8 -9 -10 23 -12 16 25 15 -16 -17 19 18 -20 20 -22 -23 -24 24 -26 -27 -28
leaf_value=-0.0072071064854999237 -0.017011913082638198 -0.010414026931222033 -0.0010103563903008294 0.011380055466861215 0.0033869096420437489 0.0031777708102442336 0.0056448496159540139 -0.01239612261416111 -0.0047350934385756004 0.0069582143237612148 0.0061211969935800834 0.013828995092126045 -0.016880385422721522 -0.00051095333226624433 0.0043014545368896366 -0.011447353205763129 0.0033962875879862443 -0.013817499801806764 0.0072490072722624808 -0.017470332460707873 3.4107130617034865e-05 0.00095782672418312194 0.0027473410863426092 -0.011121038950533475 0.01082628655171919 -0.0004982882644005177 0.014691490929171514
leaf_weight=21.757486820220947 3.5407605171203604 17.494050294160843 120.13105277717113 36.619396388530731 27.861455261707306 140.42913120985031 57.861348077654839 16.559246599674225 16.256554320454597 5.7002165317535427 4.2011202275753021 27.531434237957001 7.1503108739852888 490.80881091952324 142.93941934406757 14.731217399239538 397.85658553242683 13.501724839210508 24.392115533351898 9.6476767957210523 649.68480911850929 1741.5638459026814 14.99652887880802 4.851358354091647 13.924669742584227 2.5960143506526947 14.639719828963278
leaf_count=71 15 62 306 56 63 309 115 61 49 10 8 37 30 1308 322 53 887 52 47 40 1649 4355 36 17 20 7 15
internal_value=0.00104425 0.00211674 0.00160928 0.00348988 -0.00191419 0.00487992 -0.00037002 -0.00239699 0.00335469 0.00678699 -0.0043296 0.00089931 -0.000127016 5.31529e-05 0.00277503 -0.000831613 0.00114205 0.0051378 -0.000230683 0.00102687 -0.00022051 0.00141176 0.00994481 0.00901276 0.00510227 -0.0126195 0.0125734
internal_weight=4039.23 480.07 433.212 222.404 45.3555 177.049 210.808 136.69 74.1179 46.8578 7.74188 3559.16 679.983 670.237 164.697 505.54 2879.17 80.4218 37.8938 2798.75 659.332 2139.42 42.528 39.116 18.776 9.74633 20.3399
internal_count=10000 1106 1021 490 125 365 531 367 164 85 23 8894 1791 1754 393 1361 7103 172 99 6931 1689 5242 73 62 37 37 25
is_linear=0
shrinkage=0.01


Tree=254
num_leaves=28
num_cat=0
split_feature=28 34 37 54 27 55 51 34 40 59 23 26 63 55 54 47 40 14 50 39 6 51 22 26 68 56 68
split_gain=6.23948 17.7158 17.4131 18.1957 23.6618 18.1861 26.9014 17.0416 16.4519 15.3452 18.2722 17.9925 18.003 20.3077 16.6067 16.2662 14.1696 22.2204 19.3466 11.859 11.718 14.0972 9.31559 5.09671 11.0139 4.24695 4.03855
threshold=58.125000000000007 -0.48834280669689173 -1.7864711880683897 2.7095706462860112 -99567.999999999985 -0.94904372096061695 -0.016950345598161217 0.37306705117225653 1.7817147374153139 0.61053287982940685 352.50000000000006 0.0337143111974001 9.1177191734313983 -0.28355714678764338 0.18062336742877963 0.45106196403503424 -0.67823415994644154 13.000000000000002 -0.00045432038314174855 -0.99398884177207936 -224665735.99999997 0.0025968183763325219 -7103.2299804687491 0.077856812626123442 34.064092636108406 -0.096388153731822954 33.223974227905281
decision_type=2 2 2 2 2 2 2 2 2 2 2 2 2 2 2 2 2 2 2 2 2 2 2 2 2 2 2
left_child=9 20 5 7 -5 8 -7 -4 -3 10 22 16 13 -13 19 -14 18 -18 -11 -12 21 26 -1 -22 -25 -24 -2
right_child=1 2 3 4 -6 6 -8 -9 -10 11 14 12 15 -15 -16 -17 17 -19 -20 -21 23 -23 25 24 -26 -27 -28
leaf_value=-0.00057209881367751734 -0.018053395416536184 0.0049458044253894683 0.0041920076879599115 0.010154715973395789 -0.0033277524023753013 -0.01775414058293006 -0.0017199076595373422 0.0014908966113359029 -0.016129593720139068 -0.0073734096518085135 -0.0043468061192052003 0.0096240328126562212 -8.988284188676655e-05 0.00064262665715960037 -0.017461411910864574 0.0018118393023251929 -0.0084502769816695526 0.0067105719344637002 0.005848491162683012 0.015388006245431435 0.019478151118460525 0.013816217737818522 0.0079456221999330834 -0.0026787571249465582 0.01465262585198644 0.017102497539837495 -0.00093069238040665474
leaf_weight=5.2928215414285686 3.2008577585220319 57.592133775353432 299.24044609069824 14.629134014248846 116.48616856336594 11.155991271138189 174.16853401064873 1076.3333552479744 3.9400795549154273 17.418175786733627 6.764649987220765 47.876002937555313 1296.5429355055094 53.635885760188103 4.8469388335943213 687.9337305277586 60.319287300109863 11.438054099678991 30.262148484587669 5.4628344923257837 7.3029211014509228 4.0343222469091415 8.3238491714000755 5.2161043286323574 11.671334400773047 15.346182793378825 2.6453288197517395
leaf_count=14 13 122 647 23 338 46 481 2592 17 57 20 81 3367 134 20 1648 205 24 65 7 7 5 15 14 14 17 7
internal_value=0.00103385 0.00147542 0.00133598 0.0017396 -0.00181582 -0.00112345 -0.00269052 0.00207922 0.00358004 0.000682803 0.00639897 0.000563027 0.000779542 0.00488837 -0.00175566 0.00056886 -0.00321006 -0.00601972 0.000997404 0.00438827 0.00862265 -0.00045638 0.0112409 0.0123723 0.00924018 0.0139246 -0.0104766
internal_weight=4039.08 1787.62 1753.55 1506.69 131.115 246.857 185.325 1375.57 61.5322 2251.46 46.0373 2205.43 2085.99 101.512 17.0744 1984.48 119.438 71.7573 47.6803 12.2275 34.0709 9.88051 28.9629 24.1904 16.8874 23.67 5.84619
internal_count=10000 4326 4266 3600 361 666 527 3239 139 5674 93 5581 5230 215 47 5015 351 229 122 27 60 25 46 35 28 32 20
is_linear=0
shrinkage=0.01


Tree=255
num_leaves=29
num_cat=0
split_feature=53 40 65 3 65 66 31 0 18 66 14 55 3 53 18 45 28 64 46 18 17 58 3 47 52 31 35 37
split_gain=6.23922 18.2899 20.8416 22.2941 20.2437 29.3952 17.8091 24.808 27.6526 23.8878 20.476 18.1302 15.9058 14.7161 23.2318 24.5559 29.8804 24.1487 20.2727 15.2855 26.1476 36.2691 25.952 23.2049 25.0189 21.6328 7.56374 5.81788
threshold=0.37951920926570898 -0.50347372889518727 1.989093065261841 -4137.4999999999991 0.80210420489311229 1.5482169985771181 3.8753105401992802 144300.50000000003 2146.5000000000005 2.2880344390869145 106.89999771118165 2.0333116054534917 -35916.999999999993 0.24157356470823291 6977.0000000000009 0.43099401891231542 371.31250000000006 20.050996780395511 0.59017083048820507 2358.0000000000005 12448.500000000002 -53103.999999999993 21681.000000000004 -1.1632245182991026 0.035867977887392051 -1.8707957863807676 -1.4822627305984495 -2.0450223684310909
decision_type=2 2 2 2 2 2 2 2 2 2 2 2 2 2 2 2 2 2 2 2 2 2 2 2 2 2 2 2
left_child=13 2 4 -4 5 -2 7 9 -9 -3 11 -8 -6 19 15 16 -15 18 -16 23 21 -21 -22 25 -25 -1 -17 -19
right_child=1 6 3 -5 12 -7 10 8 -10 -11 -12 -13 -14 14 17 26 -18 27 -20 20 22 -23 -24 24 -26 -27 -28 -29
leaf_value=-0.016946743448450482 0.0030451907904587008 -0.00043532782045511373 0.0059446637244682321 -0.015033167440139186 -0.010736297534345176 -0.0097351288640852504 0.0045995509639009538 -0.0067984823876252468 0.0038584676840825441 -0.0068751204339808202 -0.017779803912311775 -0.015177165196143238 0.0075557559710671095 -0.0046624174093633014 -0.0082381512511488161 -0.0051245599323979886 0.0062674903947741332 -0.0028967133792054214 0.0027889238950391756 0.0054419717961896779 0.00081138946438806319 -0.0016209136977465522 0.0055638008690222117 0.002486036563413225 -0.011084569226684434 -0.0002866490974384438 0.011254409543521094 -0.017764220450844314
leaf_weight=11.936050936579703 280.55335591733456 356.21079015731812 8.4418045431375521 12.484287038445471 4.8888108283281317 19.199172109365463 169.68630349636078 27.584813311696053 204.25978976488113 68.814103901386261 4.3873414397239676 4.743717446923255 130.66745153069496 79.12024612724781 34.014222607016563 3.1032996177673366 36.531393215060234 3.3175829499959972 32.52095627784729 80.882220983505249 629.9366040378809 715.73905645310879 140.76466079056263 901.68012069165707 13.767608433961867 22.823526039719582 24.12408459186554 16.811777025461197
leaf_count=50 630 925 18 58 17 63 363 86 447 234 18 22 239 236 114 9 72 10 78 165 1586 1961 276 2104 52 60 38 69
internal_value=0.00102353 0.00159734 0.00320831 -0.0065227 0.00367839 0.00222327 0.000716656 -4.35076e-05 0.00258619 -0.00148032 0.00351464 0.00405598 0.00688868 0.000753309 -0.00166899 0.000802552 -0.00120129 -0.00575523 -0.00283333 0.000974566 0.000367071 -0.000902552 0.00168069 0.00197555 0.00228085 -0.00603631 0.00935085 -0.0153635
internal_weight=4039 1291.92 456.235 20.9261 435.309 299.753 835.687 656.869 231.845 425.025 178.817 174.43 135.556 2747.07 229.544 142.879 115.652 86.6645 66.5352 2517.53 1567.32 796.621 770.701 950.207 915.448 34.7596 27.2274 20.1294
internal_count=10000 3120 1025 76 949 693 2095 1692 533 1159 403 385 256 6880 626 355 308 271 192 6254 3988 2126 1862 2266 2156 110 47 79
is_linear=0
shrinkage=0.01


Tree=256
num_leaves=19
num_cat=0
split_feature=1 46 7 31 60 61 68 1 1 58 45 35 67 61 27 46 54 54
split_gain=6.17695 7.34812 14.0205 16.7379 16.9695 13.7681 11.6496 23.669 32.3221 24.4258 19.9284 35.1137 18.7252 6.58149 13.2927 11.0672 7.35092 8.14063
threshold=528355.00000000012 -1.0176488757133482 2.2093255519866948 6.803706407546998 0.0024337335489690308 89.921401977539077 68.43418121337892 36047.500000000007 28823.000000000004 -26831.999999999996 -0.9310936927795409 -0.34889297187328333 2.8665943145751958 101.23583602905275 245120.00000000003 -0.97718390822410572 -0.79887875914573658 0.11762553080916406
decision_type=2 2 2 2 2 2 2 2 2 2 2 2 2 2 2 2 2 2
left_child=1 2 3 5 -5 -1 10 8 -8 -9 11 -3 -12 15 -15 -2 -17 -18
right_child=13 6 -4 4 -6 -7 7 9 -10 -11 12 -13 -14 14 -16 16 17 -19
leaf_value=-0.0033148207800309287 -0.016259803408266299 -0.0059559473364406579 0.014220837977269411 -0.013705997165562043 0.0052793434043897046 0.0032776694145546753 -0.001022660114591314 -0.0032907071015204617 -0.012151370232630609 0.0014540235089537674 0.0011367849175795341 0.0035524876322076838 0.0048311878077301256 -0.015816811111929667 0.0062474527070113528 -0.0071021955146902795 0.011915793031961434 0.0039842821206449207
leaf_weight=35.440774664282799 2.3060342222452155 99.871739789843559 9.6827729493379575 12.944605872035028 7.3057627379894248 288.35719732940197 93.592125490307808 135.18358336389065 36.318206608295441 548.47598032653332 2488.3313408046961 63.418752759695053 145.42036938667297 4.7780291140079481 6.2998074591159821 3.9562851041555396 20.652376309037209 36.265770375728607
leaf_count=98 10 314 13 50 15 643 256 387 136 1346 6132 142 308 21 13 14 27 75
internal_value=0.00101337 0.000959513 0.00233654 0.00199917 -0.00680724 0.00255301 0.000824329 -0.000227862 -0.00414154 0.00051436 0.00113074 -0.00225694 0.00134115 0.0038753 -0.00317891 0.00512799 0.00595462 0.00687975
internal_weight=4038.6 3964.34 353.731 344.048 20.2504 323.798 3610.61 813.57 129.91 683.66 2797.04 163.29 2633.75 74.2583 11.0778 63.1805 60.8744 56.9181
internal_count=10000 9840 819 806 65 741 9021 2125 392 1733 6896 456 6440 160 34 126 116 102
is_linear=0
shrinkage=0.01


Tree=257
num_leaves=17
num_cat=0
split_feature=18 59 59 55 26 36 62 36 58 47 72 67 1 59 3 22
split_gain=6.15425 6.4147 13.3109 17.093 23.8031 13.6044 21.5579 13.8224 9.41193 8.88227 15.8242 14.8646 12.313 9.3791 25.9506 12.9456
threshold=1.0000000180025095e-35 1.5933268070220949 1.6532541513442995 0.64526459574699413 0.10121434181928636 -0.84783038496971119 9.8374481201171893 0.33325044810771948 26664.000000000004 2.0347951650619511 -1165504.6874999998 -0.22215030342340467 28823.000000000004 0.87513852119445812 -22797.999999999996 253673.23437500003
decision_type=2 2 2 2 2 2 2 2 2 2 2 2 2 2 2 2
left_child=-1 9 3 8 -5 6 -4 -7 -3 13 11 -11 -12 14 -2 -15
right_child=1 2 5 4 -6 7 -8 -9 -10 10 12 -13 -14 15 -16 -17
leaf_value=0.0089568747284151009 0.0060818292839619342 0.0094916343320612349 0.0090463137005158262 0.0083503525102532287 -0.017404168911588403 0.0055307331939825882 -0.0029304419038405417 0.00041372510300309953 -0.00035884774396719853 -0.016464865277693544 0.012441590331547276 -0.0022582575155782477 -0.0054452043942852307 0.00044515086295340741 0.0011031587112965786 0.003430697245149778
leaf_weight=9.7360854744911176 122.44218663871288 57.053702414035797 17.365934044122696 7.3296341747045499 6.9828257858753204 99.997873410582542 110.68110053241253 112.79281537234783 11.452991798520086 11.69369564950466 8.9920628815889341 20.44362960755825 6.6367267966270438 2551.4570283442736 729.30117367208004 154.15816478431225
leaf_count=17 251 91 27 12 29 195 307 275 29 50 14 58 20 6475 1811 339
internal_value=0.00100326 0.00098379 0.00214933 0.00574864 -0.00414501 0.00127181 -0.00129833 0.00282309 0.00783023 0.000846544 -0.00343266 -0.00745868 0.00478202 0.000904284 0.00182004 0.000615628
internal_weight=4038.52 4028.78 423.657 82.8192 14.3125 340.838 128.047 212.791 68.5067 3605.12 47.7661 32.1373 15.6288 3557.36 851.743 2705.62
internal_count=10000 9983 965 161 41 804 334 470 120 9018 142 108 34 8876 2062 6814
is_linear=0
shrinkage=0.01


Tree=258
num_leaves=13
num_cat=0
split_feature=11 11 7 38 2 13 69 55 9 51 50 38
split_gain=6.17975 7.11137 22.0476 22.1008 20.3484 14.3242 7.21721 18.216 16.1013 10.8354 16.7564 15.9416
threshold=81.835556030273452 62.632709503173835 2.9588054418563847 -0.62664544582366932 68776.000000000015 541214.37500000012 94.65845108032228 -0.6303010582923888 2837487.5000000005 0.0018636494060046973 -0.0088110771030187589 -1.7538841366767881
decision_type=2 2 2 2 2 2 2 2 2 2 2 2
left_child=1 6 3 4 -3 -5 9 -8 -9 11 -11 -1
right_child=-2 2 -4 5 -6 -7 7 8 -10 10 -12 -13
leaf_value=0.0020797781851273956 0.011948859272988619 0.011781064486935342 0.011707917830430344 -0.01473841873535507 -0.010657412940220254 0.0067917243734501786 -0.015619402714558188 -0.0049021538635851281 0.0014596146244664201 -0.0048192329978193598 0.0019839001385927243 0.0002044882478332597
leaf_weight=618.54767397046089 5.1584196239709845 10.409342095255854 8.7215370088815671 21.689031660556797 6.5740851163864127 3.5350592136383048 7.9366357177495948 53.601569503545761 154.19298739731312 37.077319398522377 1408.4862663596869 1702.528515547514
leaf_count=1484 7 16 14 88 24 7 35 176 392 108 3279 4370
internal_value=0.00099325 0.000978991 -0.00272873 -0.00573553 0.00303651 -0.0116814 0.00102666 -0.000749388 -0.000176621 0.00112865 0.00180871 0.000704668
internal_weight=4038.46 4033.3 50.9291 42.2075 16.9834 25.2241 3982.37 215.731 207.795 3766.64 1445.56 2321.08
internal_count=10000 9993 149 135 40 95 9844 603 568 9241 3387 5854
is_linear=0
shrinkage=0.01


Tree=259
num_leaves=30
num_cat=0
split_feature=53 40 65 36 38 31 24 66 14 48 33 64 17 53 18 30 45 28 49 18 17 58 33 27 59 35 35 48 36
split_gain=6.12349 17.9268 20.3734 25.6763 17.6563 17.4234 25.7032 21.5328 19.9782 19.4586 15.9543 15.1679 14.5536 14.3865 22.7931 26.7165 24.0536 29.2918 20.9974 15.0517 25.5167 35.5432 26.5531 23.1159 24.1545 7.81239 7.40581 7.07774 4.95895
threshold=0.37951920926570898 -0.50347372889518727 1.989093065261841 1.0325402021408083 -0.85270911455154408 3.8753105401992802 754.50000000000011 2.2880344390869145 106.89999771118165 1.3218541145324709 0.65034580230712902 8.9091358184814471 10699.000000000002 0.24157356470823291 6977.0000000000009 19.518260002136234 0.43099401891231542 371.31250000000006 0.10265738517045976 2358.0000000000005 12448.500000000002 -53103.999999999993 1.2597787976264956 -238495.99999999997 0.87513852119445812 1.179456949234009 -1.4822627305984495 2.2398296594619755 -1.004163861274719
decision_type=2 2 2 2 2 2 2 2 2 2 2 2 2 2 2 2 2 2 2 2 2 2 2 2 2 2 2 2 2
left_child=13 2 3 4 -2 6 7 -3 9 -7 25 -5 -8 19 16 18 17 -15 -16 23 21 -21 -22 28 -25 -4 -18 -17 -1
right_child=1 5 10 11 -6 8 12 -9 -10 -11 -12 -13 -14 14 15 27 26 -19 -20 20 22 -23 -24 24 -26 -27 -28 -29 -30
leaf_value=0.011170310853133967 0.0044969355884808366 -0.00036209999945230618 -0.0043547594215234556 -0.0070331919408251611 -0.00036892579331981862 0.0048920551951901819 0.0096216119306534714 -0.0061545746605191996 -0.01761898894419843 -0.0082994830844815813 -0.014858937356095742 0.0079733887044985755 0.0018807003945269913 -0.0046430465348645021 -0.011965249060510146 -0.017428134139075353 -0.0050947430288179971 0.0061798664354381751 0.00088328456115576608 0.0053589485603115659 0.0010822166246996368 -0.0016337884549420837 0.007949031937715156 0.0044335925141503136 0.00066434269102057036 0.013750363057491697 0.01111249379690293 0.00032670329501164512 0.0018742390117225392
leaf_weight=31.829944297671318 142.88962440192699 397.82222837209702 6.098936855793001 7.0321785658597937 155.25120769441128 162.4380084425211 29.007920742034912 76.630268767476082 4.3738725632429114 11.955875590443609 10.905257746577261 130.04338127374649 153.27087642252445 79.09960749745369 17.277785629034042 19.130394130945209 3.1025487482547787 36.522808447480202 47.771396175026894 80.857740417122841 709.35748443007469 715.71767254173756 61.249756589531898 226.6029500067234 684.44817623496056 3.8691120445728302 24.122093334794044 2.4189898818731299 7.3284638226032248
leaf_count=46 303 1028 20 22 391 347 51 252 18 38 51 233 361 236 64 79 9 72 122 165 1753 1961 109 490 1714 5 38 6 16
internal_value=0.000983328 0.00155186 0.00314701 0.00361135 0.00195978 0.000679889 -7.20517e-05 -0.00129977 0.00344785 0.00398195 -0.00648667 0.00719623 0.00311808 0.000715635 -0.00167997 -0.00572936 0.000767904 -0.00121566 -0.00251406 0.000934378 0.000331509 -0.000922723 0.00162931 0.00192764 0.00160295 0.00257245 0.00922877 -0.0153887 0.0094561
internal_weight=4038.43 1291.59 456.09 435.216 298.141 835.499 656.731 474.452 178.768 174.394 20.8733 137.076 182.279 2746.84 229.446 86.5986 142.847 115.622 65.0492 2517.39 1567.18 796.575 770.607 950.21 911.051 9.96805 27.2246 21.5494 39.1584
internal_count=10000 3120 1025 949 694 2095 1692 1280 403 385 76 255 412 6880 626 271 355 308 186 6254 3988 2126 1862 2266 2204 25 47 85 62
is_linear=0
shrinkage=0.01


Tree=260
num_leaves=26
num_cat=0
split_feature=61 9 61 54 47 48 54 0 63 38 3 10 1 2 21 30 65 58 54 33 62 17 65 17 50
split_gain=6.1304 11.3544 16.7106 11.8666 17.9093 15.3537 14.6075 12.7873 12.2655 10.5809 18.968 28.3757 21.7886 18.5293 28.6646 17.9611 16.9331 16.4713 13.9843 13.5011 9.86712 9.28705 11.6834 2.75692 2.50301
threshold=117.21471023559572 8482377.0000000019 124.99787521362306 -0.90696880221366871 1.6767125725746157 -1.2603750824928281 -1.0576315522193906 17212.500000000004 77.959991455078139 0.82196417450904857 -2897.9999999999995 -0.0011660349555313585 68429.500000000015 49921.000000000007 1205.0000000000002 78.409255981445327 1.4724457263946535 96168.000000000015 4.142979860305787 -1.4372522234916685 27.185227394104007 444.50000000000006 -0.41019518673419947 9106.5000000000018 -0.00097587623167783011
decision_type=2 2 2 2 2 2 2 2 2 2 2 2 2 2 2 2 2 2 2 2 2 2 2 2 2
left_child=9 3 -3 4 5 -2 -6 -5 -9 10 16 20 -13 14 15 -11 17 -1 19 -15 -12 24 -23 -20 -4
right_child=1 2 21 7 6 -7 -8 8 -10 13 11 12 -14 18 -16 -17 -18 -19 23 -21 -22 22 -24 -25 -26
leaf_value=0.0010783617312456126 0.0085854423856394271 -0.015660216130736579 0.015580318366272071 -0.015762316190488221 -0.016141372182990287 0.0016275179525047862 0.0082252149212605017 2.1531960103626281e-06 0.0045045544098318395 -0.010512179653276584 -0.014180043129415072 0.0062581520932805225 0.002109137170784735 -0.018276598414150431 0.011492623604991046 0.0041358191083982901 -0.015137454933496114 -0.013257574667230432 -0.015912921733064547 0.001622873858316386 0.00091357202106744279 -0.0011044990027032876 0.0050167226178131751 -0.0025363028549956431 0.0070105418217438287
leaf_weight=560.56111133098602 33.947286367416382 4.5196302682161322 7.4087529480457306 5.0587716102600089 9.5637420117855054 502.67401084303856 3.2521357834339133 1763.8092338591814 62.671904549002647 43.659159764647484 12.114880904555323 205.74238729476929 331.84749123454094 3.4427108615636817 9.047841548919676 10.246837705373762 6.678970903158187 8.1220188140869123 5.5810689181089392 290.92513839900494 6.5547406524419776 46.136503413319588 94.682479381561279 2.3921577781438828 7.4567225575447065
leaf_count=1340 59 20 8 22 41 1223 6 4606 139 153 47 401 753 14 14 23 31 30 25 706 16 121 182 7 13
internal_value=0.000973579 0.000673811 0.00325189 0.000499925 0.001789 0.00206955 -0.00988012 0.000112675 0.000157191 0.0014818 0.00195948 0.00327667 0.00369888 0 -0.00493362 -0.00770923 0.000684276 0.000871855 0.00102975 0.00138675 -0.00882724 0.00380734 0.00300413 -0.012025 0.0113489
internal_weight=4038.1 2541.18 160.204 2380.98 549.437 536.621 12.8159 1831.54 1826.48 1496.92 1131.62 556.26 537.59 365.295 62.9538 53.906 575.362 568.683 302.341 294.368 18.6696 155.684 140.819 7.97323 14.8655
internal_count=10000 6440 344 6096 1329 1282 47 4767 4745 3560 2618 1217 1154 942 190 176 1401 1370 752 720 63 324 303 32 21
is_linear=0
shrinkage=0.01


Tree=261
num_leaves=14
num_cat=0
split_feature=11 11 3 47 38 53 56 20 53 31 69 34 54
split_gain=6.11312 6.96417 23.7759 17.9303 19.349 7.01436 18.7233 19.4543 15.3294 29.3905 22.3626 12.4053 6.01772
threshold=81.835556030273452 62.632709503173835 -4754.4999999999991 0.68807667493820202 0.90517193078994762 0.37951920926570898 -0.32032199203968043 129578.56640625001 0.031883878633379943 5.9219098091125497 95.966930389404311 -0.52865505218505848 3.2793884277343754
decision_type=2 2 2 2 2 2 2 2 2 2 2 2 2
left_child=1 5 12 4 -4 8 7 -7 10 -10 -1 -8 -3
right_child=-2 2 3 -5 -6 6 11 -9 9 -11 -12 -13 -14
leaf_value=0.0012941146174286595 0.011872836132155425 -0.016438374060212636 0.0084813045291662736 -0.017368426108960711 -0.0099836743877054959 0.0012620539628459197 -0.00073439495492464942 0.0066542510076495597 0.00010154684588825352 -0.0068064238484861648 -0.0055343919655704921 0.0017047736433354402 0.00034290710170512641
leaf_weight=2016.4510518610477 5.1462648659944525 12.083715140819548 24.588523313403133 4.3715334534645072 7.3358736634254447 134.6450292468071 296.08026726543903 134.08054140210152 581.47340349853039 68.852682322263718 49.076496660709381 701.21511608362198 2.4550923705101004
leaf_count=4930 7 51 44 18 29 330 777 264 1490 218 160 1675 7
internal_value=0.000963905 0.000949735 -0.00272289 0.00158081 0.00420693 0.000996873 0.00161222 0.00395621 0.000709654 -0.000628291 0.00113139 0.000979623 -0.0135358
internal_weight=4037.86 4032.71 50.8347 36.2959 31.9244 3981.87 1266.02 268.726 2715.85 650.326 2065.53 997.295 14.5388
internal_count=10000 9993 149 91 73 9844 3046 594 6798 1708 5090 2452 58
is_linear=0
shrinkage=0.01


Tree=262
num_leaves=11
num_cat=0
split_feature=13 13 24 42 13 61 9 38 50 67
split_gain=6.07337 7.38044 12.1391 15.7058 7.34038 7.15074 11.354 10.8427 3.9597 3.4049
threshold=548304.46875000012 494778.90625000006 23.500000000000004 0.00023928500013425949 481414.62500000006 117.21471023559572 8482377.0000000019 0.82196417450904857 0.0035046250559389596 2.212793350219727
decision_type=2 2 2 2 2 2 2 2 2 2
left_child=1 4 -3 -4 5 7 -7 -1 -6 -2
right_child=9 2 3 -5 8 6 -8 -9 -10 -11
leaf_value=0.0020002582364771954 -0.016072529498581199 0.013434426409249273 -0.016433885504961377 0.010767834173325233 -0.017175999633239826 0.00045802470707034332 0.0032110799840961847 5.2292073481430103e-06 -0.00047161776337397782 -0.00024124468872199458
leaf_weight=1109.9179538041353 3.2404474467039099 12.024402365088465 4.0494146645069105 4.4352107793092728 3.4128502011299124 2373.1021167337894 160.08571766316891 362.36724066734314 2.6460791230201721 2.5648484081029892
leaf_count=2559 14 15 17 7 14 6082 344 934 7 7
internal_value=0.000954268 0.000969209 0.0069604 -0.00209673 0.000938329 0.000955194 0.0006324 0.00150991 -0.0100458 -0.00925034
internal_weight=4037.85 4032.04 20.509 8.48463 4011.53 4005.47 2533.19 1472.29 6.05893 5.8053
internal_count=10000 9979 39 24 9940 9919 6426 3493 21 21
is_linear=0
shrinkage=0.01


Tree=263
num_leaves=22
num_cat=0
split_feature=28 7 33 38 37 24 24 39 7 24 41 53 10 25 25 30 54 36 45 65 1
split_gain=6.06872 16.9402 15.4987 14.9813 14.5638 13.9272 27.1954 26.824 30.0104 21.7277 21.688 21.5992 26.2514 27.0229 24.3497 19.3767 17.2785 21.1726 18.8885 6.84387 4.94988
threshold=58.125000000000007 3.8125413656234746 -1.4734956622123716 -2.1720215082168575 -1.7864711880683897 60.500000000000007 103.50000000000001 -0.70083749294280995 2.9588054418563847 86.500000000000014 1.0009917020797732 0.031883878633379943 -0.00042052500066347415 470.50000000000006 941.00000000000011 36.803436279296882 -1.3495631814002989 -1.7910739183425901 -1.2090179920196531 -0.50740790367126454 144506.50000000003
decision_type=2 2 2 2 2 2 2 2 2 2 2 2 2 2 2 2 2 2 2 2 2
left_child=5 2 20 19 -5 11 7 9 -9 -7 15 16 13 -13 -14 -8 17 -1 -18 -4 -2
right_child=1 -3 3 4 -6 6 10 8 -10 -11 -12 12 14 -15 -16 -17 18 -19 -20 -21 -22
leaf_value=-0.018115552119430129 -0.01732510983249121 -0.016342783542566634 0.0046966571260493254 -0.00083327010480352306 0.0017832302161556591 0.010303005624330631 0.0001969940535411998 -0.0063813335009318918 0.015524618572359804 -0.010741083609887203 -0.016178945834861895 -0.00050612112459269955 -0.0004174645404111532 -0.014125958169791342 0.0082978584495795888 0.0034168378361836135 -0.0074830863172786199 0.012016769178591147 0.0034988374735855044 0.018810880435641827 -0.00010574799559100374
leaf_weight=2.4700601547956458 5.7566114366054517 5.3677981942892066 7.198523610830307 247.00704243779182 1511.8763767927885 21.110029414296154 1305.7251493036747 136.62099632620811 6.5292340219020835 6.350407436490058 7.6842870861291876 36.772402092814445 133.31893099844456 24.300735205411911 42.12958125770092 218.29530768096447 16.622565492987633 35.591125771403313 257.57044769823551 7.0155320167541486 2.5171188861131668
leaf_count=10 24 23 15 658 3593 37 3350 424 8 22 33 95 340 92 78 500 53 54 578 6 7
internal_value=0.000944729 0.00138031 0.00143428 0.00149849 0.00141522 0.000598555 0.000151325 -0.00363502 -0.00537519 0.0054 0.000573724 0.00198405 -0.00029153 -0.00594177 0.0016696 0.000658849 0.00371093 0.010035 0.00282943 0.0117333 -0.0122073
internal_weight=4037.83 1786.74 1781.37 1773.1 1758.88 2251.09 1702.32 170.611 143.15 27.4604 1531.7 548.776 236.522 61.0731 175.449 1524.02 312.254 38.0612 274.193 14.2141 8.27373
internal_count=10000 4326 4303 4272 4251 5674 4374 491 432 59 3883 1300 605 187 418 3850 695 64 631 21 31
is_linear=0
shrinkage=0.01


Tree=264
num_leaves=28
num_cat=0
split_feature=23 2 49 58 10 19 67 33 58 34 1 22 18 0 65 33 25 53 58 31 49 34 34 2 34 56 57
split_gain=6.03865 14.355 15.9726 20.1811 27.303 21.8387 11.3243 19.9528 9.70127 12.6206 18.4934 12.4441 15.0632 10.3357 9.44797 24.1842 15.1032 11.0305 26.4865 17.3323 9.34001 12.0249 6.90988 5.08492 4.87492 9.99124 3.81686
threshold=1303.5000000000002 31522.500000000004 0.52992185950279247 -10507.999999999998 -0.0009112900006584822 455117.09375000006 2.8665943145751958 0.97302690148353588 -91655.999999999985 -0.23373466730117795 98047.000000000015 139141.11718750003 2146.5000000000005 58880.500000000007 1.4724457263946535 -0.72092685103416432 16258.500000000002 0.48512905836105352 -4471.9999999999991 -14.824661731719969 0.91150036454200756 0.76815447211265575 -0.794254571199417 402099.00000000006 -0.57939127087593068 1.3054938912391665 1.3358714580535891
decision_type=2 2 2 2 2 2 2 2 2 2 2 2 2 2 2 2 2 2 2 2 2 2 2 2 2 2 2
left_child=8 20 6 5 -5 -4 7 -3 9 11 26 12 -1 -12 17 23 -17 19 -19 -10 21 -2 -8 -16 -22 -26 -11
right_child=1 2 3 4 -6 -7 22 -9 14 10 13 -13 -14 -15 15 16 -18 18 -20 -21 24 -23 -24 -25 25 -27 -28
leaf_value=-0.0087557574177581522 -0.010430713893783097 0.0040519294247194628 -0.017436484200667453 -0.0090654654857169597 0.0031149948794587067 -0.0018312287909541614 0.019013254188882795 -0.017872529267465149 -0.0066849148730438882 -0.017029262949462502 -0.003110380176234228 -0.015815305856113848 0.0040882791046712667 0.010994414133026868 -0.016547644713566848 0.0014678838367980572 -0.0043587037538430854 -0.00043735608824648018 0.0032403550747925535 0.00058938890419018934 0.017260516474217395 0.0093026777689152202 0.0072824764465808812 0 -1.7357127665180307e-05 0.01718293623732749 -0.00023951585141997848
leaf_weight=11.049934372305868 5.238943859934805 84.247124165296555 10.027745068073271 20.206589460372925 202.80421601235867 87.438837245106697 7.057684779167178 4.3523903638124457 33.194821387529373 3.163136050105094 5.808423399925231 4.2701009660959235 51.851112067699432 41.954087391495705 11.938707917928694 136.01635608077049 66.054781422019005 317.24310268461704 509.81495223939419 2369.0228374749422 9.8791604042053223 7.4867473691701889 19.370994031429291 2.3217722475528708 7.264656275510788 6.1288311928510666 2.5829920619726181
leaf_count=35 18 181 42 66 446 243 6 18 106 13 17 19 108 61 52 364 207 810 1144 5951 10 12 34 6 18 6 7
internal_value=0.00093528 0.00200024 0.00149577 0.000345057 0.00200686 -0.00344702 0.00469305 0.00296362 0.000794199 0.0035831 0.00720836 0.000680327 0.00181605 0.00925819 0.00069623 -0.00132514 -0.000431813 0.000831953 0.00182845 0.000488453 0.00807553 0.00110021 0.010453 -0.0139135 0.0118467 0.0077788 -0.00965599
internal_weight=4037.79 471.504 435.506 320.477 223.011 97.4666 115.028 88.5995 3566.29 120.68 53.5086 67.1711 62.901 47.7625 3445.61 216.332 202.071 3229.28 827.058 2402.22 35.9983 12.7257 26.4287 14.2605 23.2726 13.3935 5.74613
internal_count=10000 1100 1036 797 512 285 239 199 8900 260 98 162 143 78 8640 629 571 8011 1954 6057 64 30 40 58 34 24 20
is_linear=0
shrinkage=0.01


Tree=265
num_leaves=20
num_cat=0
split_feature=27 38 72 23 68 55 2 27 19 67 67 72 54 49 48 8 58 37 49
split_gain=6.047 14.5244 14.0743 21.4367 10.8052 24.6654 12.0985 8.57646 20.1268 17.6082 34.166 21.9768 13.0264 31.5884 27.9926 21.3894 21.4288 19.0393 14.69
threshold=-195935.99999999997 0.74135500192642223 -897330.21874999988 674.50000000000011 34.064092636108406 -0.059762690216302865 402099.00000000006 -48679.999999999993 1100104.6250000002 -2.654860138893127 -1.8137647509574888 -837432.46874999988 2.4604901075363164 -0.47101786732673639 1.0000000180025095e-35 1.3973450064659121 17904.000000000004 -2.1080430746078487 1.9125389456748965
decision_type=2 2 2 2 2 2 2 2 2 2 2 2 2 2 2 2 2 2 2
left_child=1 2 4 -4 5 -1 -6 8 9 11 -11 -2 15 17 -15 18 -17 -14 -9
right_child=7 -3 3 -5 6 -7 -8 12 -10 10 -12 -13 13 14 -16 16 -18 -19 -20
leaf_value=0.0036424226787360363 0.0013132531822693712 -0.015927268370800485 -0.016242302740434061 0.01109593123065215 0.009501607976407693 -0.0096307940977804537 -0.0058020808305871861 0.0012158658202762712 -0.016412091097980593 -0.0051532767673717009 0.00050267772365888063 0.015752908292906844 0.0166058138893743 -0.010602417009487089 -0.0012797273205386458 -0.016213706935203277 0.002913713051945749 0.0016885625798200043 0.0042086455848790319
leaf_weight=133.12850914895535 400.76231822371483 4.1503301411867133 8.653465583920477 4.2473024129867545 43.212240755558014 15.613772884011267 5.7826869934797278 2374.370744779706 7.4031597822904578 147.39864264428616 386.91753579676151 10.842080175876616 9.222065865993498 44.516562834382057 117.64895483851433 13.757776543498041 10.065571293234823 123.35627010464668 176.54743963479996
leaf_count=287 991 18 37 6 70 54 17 5821 32 449 960 14 11 159 317 59 24 299 375
internal_value=0.000925958 0.00256086 0.00292989 -0.00716426 0.00359351 0.00224238 0.00767496 0.000833838 1.10185e-05 0.00014061 -0.00105573 0.00169604 0.00110685 -0.000882485 -0.00384509 0.00133497 -0.00809023 0.00273374 0.00142339
internal_weight=4037.6 214.788 210.638 12.9008 197.737 148.742 48.9949 3822.81 953.324 945.921 534.316 411.604 2869.49 294.744 162.166 2574.74 23.8233 132.578 2550.92
internal_count=10000 489 471 43 428 341 87 9511 2446 2414 1409 1005 7065 786 476 6279 83 310 6196
is_linear=0
shrinkage=0.01


Tree=266
num_leaves=29
num_cat=0
split_feature=39 49 27 46 31 9 9 19 34 53 49 54 21 37 59 21 20 19 17 68 67 37 65 34 68 49 35 27
split_gain=6.02278 13.7754 13.7503 26.018 16.6685 10.7391 16.4498 9.81904 15.006 14.8475 14.1946 14.1931 13.6493 9.14267 8.62641 21.3942 20.8367 20.6216 18.6354 18.9506 16.4746 15.6684 19.858 18.4214 21.0469 17.2962 15.7431 15.2475
threshold=2.4510273933410649 -0.1937102526426315 -109543.99999999999 -0.10387073084712027 1.2977344393730166 3933718.5000000005 7957533.0000000009 76764.183593750015 -1.4473892450332639 -2.0121741294860835 -0.91277694702148426 0.31618347764015203 1.0000000180025095e-35 -2.1697393655776973 0.87513852119445812 -982.99999999999989 26999.040039062504 241874.40625000003 50727.500000000007 67.410964965820327 -4.2786178588867179 -1.8370754718780515 -1.301158010959625 0.13454280793666842 29.519942283630375 1.3887293934822085 -1.4431028962135313 -41339.999999999993
decision_type=2 2 2 2 2 2 2 2 2 2 2 2 2 2 2 2 2 2 2 2 2 2 2 2 2 2 2 2
left_child=14 7 5 -4 -5 13 -7 10 -9 -10 12 -12 -2 -3 15 16 -1 -18 19 -17 -20 23 27 26 -25 -24 -16 -23
right_child=1 2 3 4 -6 6 -8 8 9 -11 11 -13 -14 -15 21 18 17 -19 20 -21 -22 22 25 24 -26 -27 -28 -29
leaf_value=0.013931173589545322 0.008169784036799993 0.00074607126515968973 -0.015646827509339937 0.0016943380612781946 -0.0064561677916568075 -0.0081332710948277837 0.0089382335191195046 -0.017789873071353171 -0.01794925813507595 0.0081452616152027178 0.0034048386473544039 -0.0033918686519868813 -0.0037753737423357509 0.010040957639225643 -0.0012853247241659872 0.0039977369424629853 -0.002895271463279241 0.0025197403924481958 0.007146967794755211 -0.0010427320383551957 -0.013639656155866507 0.0094799130113801672 0.0003278087634687031 -0.013119386756578923 -0.0022961294440044986 0.0029686868275576039 0.0034091414116198919 -0.00042796485841181632
leaf_weight=9.7574332952499372 53.609396025538445 17.191543117165565 12.213829681277273 98.154073372483253 33.687816143035889 14.950967267155649 9.0379649549722654 2.4321647435426703 2.2260171622037879 71.597604751586914 66.630555689334869 56.97386646270752 11.518172964453695 28.578598603606224 301.53211414813995 447.29517407715321 192.19976848363876 110.75482933223248 5.4443543106317547 89.159966260194778 12.356909796595572 45.833026394248009 1846.1978277862072 24.295306295156479 70.27212305366993 286.74709250032902 93.587307080626488 23.209291458129883
leaf_count=13 88 42 54 235 106 49 14 10 9 119 145 158 33 44 821 987 549 259 11 238 49 78 4671 94 198 646 217 63
internal_value=0.000916732 0.00197104 7.79651e-05 -0.00168196 -0.000380668 0.00372662 -0.0016598 0.00349476 0.0065301 0.00734488 0.00226305 0.000263894 0.00604186 0.00657159 0.000774597 0.00164262 -0.000445984 -0.000912338 0.00282282 0.00315814 -0.00722608 0.000494642 0.000854693 -0.00112237 -0.00508731 0.00068331 -0.000170871 0.00613479
internal_weight=4037.45 478.803 213.815 144.056 131.842 69.7591 23.9889 264.988 76.2558 73.8236 188.732 123.604 65.1276 45.7701 3558.64 866.968 312.712 302.955 554.256 536.455 17.8013 2691.67 2201.99 489.687 94.5674 2132.94 395.119 69.0423
internal_count=10000 1106 544 395 341 149 63 562 138 128 424 303 121 86 8894 2106 821 808 1285 1225 60 6788 5458 1330 292 5317 1038 141
is_linear=0
shrinkage=0.01


Tree=267
num_leaves=14
num_cat=0
split_feature=11 11 3 47 38 53 60 34 31 53 31 2 12
split_gain=5.98794 6.86969 23.216 17.5506 18.9001 6.88177 16.091 23.1172 16.6359 14.919 28.7887 18.3322 5.91982
threshold=81.835556030273452 62.632709503173835 -4754.4999999999991 0.68807667493820202 0.90517193078994762 0.37951920926570898 -0.005511603318154811 -0.52865505218505848 1.2977344393730166 0.031883878633379943 5.9219098091125497 170534.50000000003 541337.15625000012
decision_type=2 2 2 2 2 2 2 2 2 2 2 2 2
left_child=1 5 12 4 -4 9 8 -8 -7 11 -11 -1 -3
right_child=-2 2 3 -5 -6 6 7 -9 -10 10 -12 -13 -14
leaf_value=0.00064121086511543016 0.011728111695345165 -0.016282136320976356 0.0083162258385897081 -0.017274421677944029 -0.0099519621441055209 0.0016010599759201413 -0.0011711919496781749 0.0020331336279867888 0.0082858294749750001 5.8067076767588676e-05 -0.0067806270308165039 0.0031366187166628123 0.00064230765680464914
leaf_weight=1709.112563893199 5.1230475455522528 12.136636465787886 24.57304131984711 4.3623849749565116 7.3179642856121054 83.282868012785912 312.61753943562508 801.82446268200874 67.999576330184937 581.41946737468243 68.809994593262672 356.15971671044827 2.3552470952272406
leaf_count=4299 7 52 44 18 29 199 836 1890 121 1490 218 791 6
internal_value=0.000907642 0.000893645 -0.00275747 0.00149418 0.00409291 0.000940434 0.00154999 0.00113338 0.00461239 0.000655947 -0.000664094 0.00107203 -0.0134625
internal_weight=4037.09 4031.97 50.7453 36.2534 31.891 3981.23 1265.72 1114.44 151.282 2715.5 650.229 2065.27 14.4919
internal_count=10000 9993 149 91 73 9844 3046 2726 320 6798 1708 5090 58
is_linear=0
shrinkage=0.01


Tree=268
num_leaves=17
num_cat=0
split_feature=18 34 31 58 59 10 52 59 14 31 37 52 6 66 65 26
split_gain=5.99235 6.25234 22.3282 29.8785 25.8804 22.5612 15.7432 15.4978 12.8592 11.5761 43.7965 33.0526 27.4716 12.4727 22.9104 14.8796
threshold=1.0000000180025095e-35 -1.3340028524398801 -1.8707957863807676 -41099.999999999993 1.2240371704101565 0.00060028998996131133 0.018433980643749241 0.87513852119445812 18.800000190734867 -4.0212764739990225 -2.2439454793930049 0.022727020084857944 -152805231.99999997 -1.291756749153137 -1.2239250540733335 0.50624996423721325
decision_type=2 2 2 2 2 2 2 2 2 2 2 2 2 2 2 2
left_child=-1 2 3 8 -5 6 -4 -7 -2 10 12 -12 -3 14 -11 -15
right_child=1 9 5 4 -6 7 -8 -9 -10 13 11 -13 -14 15 -16 -17
leaf_value=0.0087481914391299986 0.0097895439403764811 -0.0086446608996512582 0.0059765389472182301 -0.0076101125319305305 0.0042732951656607931 0.011442529184636837 -0.0077089580211987122 -0.0091529031806691346 -0.0028370264395920779 0.0016294836242069497 0.0025201423671436917 -0.0052712663845342535 0.0054468033385960983 0.00040400321447760934 -0.0020628381719714236 0.0028009795181625032
leaf_weight=9.7303243875503522 28.166399344801903 62.738036066293716 179.22837927937508 64.937473744153976 25.415914162993431 4.5056252330541637 8.756544351577757 18.66509772837162 11.150141164660452 263.04226586222649 1031.2492773532867 57.4043298214674 17.656840637326241 1475.2955843657255 464.51213577389717 314.54211135208607
leaf_count=17 48 212 365 208 56 7 30 62 31 639 2399 183 38 3708 1284 713
internal_value=0.000898593 0.000879379 0.0021768 -0.00108328 -0.00425631 0.00418354 0.00533373 -0.00510489 0.00618322 0.000759157 0.00158174 0.00210839 -0.00553736 0.000376763 -0.00072653 0.000825801
internal_weight=4037 4027.27 340.826 129.67 90.3534 211.156 187.985 23.1707 39.3165 3686.44 1169.05 1088.65 80.3949 2517.39 727.554 1789.84
internal_count=10000 9983 807 343 264 464 395 69 79 9176 2832 2582 250 6344 1923 4421
is_linear=0
shrinkage=0.01


Tree=269
num_leaves=22
num_cat=0
split_feature=28 34 7 59 24 32 26 47 54 10 31 34 33 31 6 19 22 31 25 1 19
split_gain=5.96504 17.2436 16.3595 14.9692 18.3773 20.0924 17.3367 15.4417 21.7071 16.0822 14.1799 14.9611 14.0921 12.0571 11.3197 13.9729 10.7384 4.98933 7.27525 4.89388 4.20392
threshold=58.125000000000007 -0.48834280669689173 3.8125413656234746 0.61053287982940685 439.50000000000006 1.0000000180025095e-35 0.0337143111974001 0.45106196403503424 1.1621844768524172 -6.0309999753371806e-05 5.522336721420289 -0.96290177106857289 -1.4734956622123716 5.9219098091125497 -224665735.99999997 55578.443359375007 -7103.2299804687491 -4.0212764739990225 240.50000000000003 137325.00000000003 76764.183593750015
decision_type=2 2 2 2 2 2 2 2 2 2 2 2 2 2 2 2 2 2 2 2 2
left_child=3 14 12 4 16 -6 10 9 -9 -8 11 -5 19 -14 15 -2 -1 -16 -19 -3 -18
right_child=1 2 -4 6 5 -7 7 8 -10 -11 -12 -13 13 -15 17 -17 20 18 -20 -21 -22
leaf_value=4.7459446718065866e-05 0.0075454477059797419 -0.017255696271754183 -0.016262870560271404 0.00040772537622582936 -0.017389962750471895 0.0062531607596488003 -0.0008172417865180612 0.00071953118938557605 0.0045629515555550369 0.001425943488041069 0.011468090939927358 -0.0070141372587567844 0.0015808429659568796 -0.0011638417551471166 0.018199406344138205 -0.017913945643595598 0.010677784769873659 0.01741942074844182 0.0030560590945551943 0 0.019831608141978849
leaf_weight=7.4699318110942867 6.6913807392120344 5.5064141899347288 5.3499798178672782 44.5165164321661 5.8273039162158939 9.3119173496961594 858.90365017950535 510.61265270411968 206.81663213670254 508.99681223928928 6.1502702683210364 68.694990932941437 1560.9610360711813 177.90839764475822 8.7536787092685699 3.1762396395206451 15.151058405637743 5.7802921533584604 9.6054704934358579 2.5057118088006973 8.269339442253111
leaf_count=19 12 23 23 116 24 19 2273 1268 441 1248 10 225 3747 466 9 13 24 5 21 7 7
internal_value=0.000889618 0.0013215 0.00118396 0.000546417 0.00619213 -0.00278136 0.000428092 0.000640649 0.00182889 1.67181e-05 -0.00327704 -0.00408691 0.00123797 0.00129945 0.00837904 -0.000548209 0.0106224 0.0120697 0.00851724 -0.0119815 0.0139525
internal_weight=4036.96 1786.24 1752.23 2250.72 46.0296 15.1392 2204.69 2085.33 717.429 1367.9 119.362 113.212 1746.88 1738.87 34.0071 9.86762 30.8903 24.1394 15.3858 8.01213 23.4204
internal_count=10000 4326 4266 5674 93 43 5581 5230 1709 3521 351 341 4243 4213 60 25 50 35 26 30 31
is_linear=0
shrinkage=0.01


Tree=270
num_leaves=24
num_cat=0
split_feature=23 48 8 58 56 10 69 58 34 1 45 24 34 48 17 54 19 55 23 0 65 37 57
split_gain=5.94727 13.8222 13.289 13.6253 18.3201 12.6723 10.0447 9.42145 12.4528 18.1357 13.058 15.948 13.96 11.0016 19.7092 15.9271 14.0294 28.743 14.8607 10.1353 5.01165 10.992 3.7409
threshold=1303.5000000000002 0.05585914850234986 1.544081509113312 -13143.999999999998 0.71677497029304515 -0.00038388499524444336 11.263826847076418 -91655.999999999985 -0.23373466730117795 98047.000000000015 -0.75855937600135792 318.50000000000006 -0.34460113942623133 2.038099050521851 541.50000000000011 2.7095706462860112 391456.68750000006 -1.0343275666236875 1133.5000000000002 58880.500000000007 -0.573776215314865 -0.93438163399696339 1.3358714580535891
decision_type=2 2 2 2 2 2 2 2 2 2 2 2 2 2 2 2 2 2 2 2 2 2 2
left_child=7 6 3 4 -3 -5 -2 8 10 22 12 -12 -1 16 -15 -16 18 -18 -9 -11 -8 -22 -10
right_child=1 2 -4 5 -6 -7 20 13 9 19 11 -13 -14 14 15 -17 17 -19 -20 -21 21 -23 -24
leaf_value=-0.015091026212566383 -0.007500286716476518 -0.0051619185799912249 -0.015263049894620658 0.00072729224521990757 0.0022902931870984172 0.004931054568229184 0.014017244615819088 0.00077026328644849088 -0.016925664928840015 -0.0031148309005985006 0.0070699297954810178 -0.0038966703409894061 0.0097829107350855052 -0.017306046002626047 0.0054455544320842746 -0.0086527523060975862 -0.015155051681532151 -0.00094019313120739757 -0.0053612103245704494 0.01085509814836922 -0.009115019028918165 0.0088284059966193002 -0.00029071031160091262
leaf_weight=8.9949775487184507 4.1459695547819129 60.198593229055405 4.7345701903104773 147.06755338609219 72.790263161063194 141.15431986749172 12.642737880349157 3104.4704170972109 3.1556199043989173 5.8076066970825186 33.120977744460106 21.990597695112228 2.9607912003993979 4.3244050592184058 107.86721068620682 8.6045718193054181 15.597146421670912 164.49501106142998 40.000410228967667 41.837055623531342 3.9149917364120475 24.451628968119625 2.5840708911418915
leaf_count=35 14 185 21 353 173 287 15 7761 13 17 59 63 5 18 218 28 62 430 123 61 13 39 7
internal_value=0.000880743 0.00193804 0.00137742 0.00156684 -0.0010755 0.00278952 0.00720411 0.000740777 0.00349176 0.00709746 0.000606772 0.0026759 -0.00884747 0.000644311 0.00361026 0.00439543 0.000536244 -0.00217684 0.000691948 0.00913126 0.00871508 0.00631671 -0.00961065
internal_weight=4036.91 471.101 425.945 421.211 132.989 288.222 45.1553 3565.81 120.452 53.3844 67.0673 55.1116 11.9558 3445.36 120.796 116.472 3324.56 180.092 3144.47 47.6447 41.0094 28.3666 5.73969
internal_count=10000 1100 1019 998 358 640 81 8900 260 98 162 122 40 8640 264 246 8376 492 7884 78 67 52 20
is_linear=0
shrinkage=0.01


Tree=271
num_leaves=17
num_cat=0
split_feature=18 39 49 33 3 33 3 69 57 68 38 49 40 65 68 45
split_gain=5.84971 6.14416 13.6697 12.4022 19.7192 12.1241 12.6106 10.4228 9.3224 17.5338 31.3671 21.4217 17.0074 19.508 14.6304 9.03584
threshold=1.0000000180025095e-35 2.4510273933410649 -0.79283851385116566 0.91629186272621166 24990.500000000004 -0.88798782229423512 -25360.999999999996 5.7970836162567148 1.0949720740318301 32.262578964233406 -0.39383891224861139 1.9125389456748965 3.1411072015762334 1.6034188866615298 21.796365737915043 2.5106227397918706
decision_type=2 2 2 2 2 2 2 2 2 2 2 2 2 2 2 2
left_child=-1 8 5 15 -5 6 -3 -7 12 10 -10 -11 14 -14 -2 -4
right_child=1 2 3 4 -6 7 -8 -9 9 11 -12 -13 13 -15 -16 -17
leaf_value=0.008629042742082229 0.0040315931573849427 0.0022971072308372018 0.0013710908987005169 -0.014251767113092801 0.00032904613634858498 -0.019329619203952535 -0.016604477139311891 0.0071969310487205156 -0.00070599400347759976 0.0003443702121349133 -0.0097338892017044595 0.0054926231894104598 -0.016415075709541635 0.012286759751027884 0.00096866358166457721 0.010623061488003573
leaf_weight=9.7264707386493665 170.66469545662403 16.202213317155842 315.72346873581409 13.089809134602545 31.395337641239166 1.4877907335758198 4.496544584631919 84.638439878821373 341.97589649260044 1047.2942350655794 43.42004556953907 87.647502198815346 10.584835574030874 3.0102830678224555 1844.4033942073584 10.963260680437086
leaf_count=17 380 36 752 51 81 6 19 145 911 2639 156 173 45 5 4569 15
internal_value=0.000871964 0.000852979 0.00191855 0.00100796 -0.0039389 0.0050731 -0.00176071 0.00672709 0.000709181 0.000116417 -0.0017257 0.000742833 0.00115292 -0.00998625 0.00122857 0.00168464
internal_weight=4036.72 4027 477.997 371.172 44.4851 106.825 20.6988 86.1262 3549 1520.34 385.396 1134.94 2028.66 13.5951 2015.07 326.687
internal_count=10000 9983 1105 899 132 206 55 151 8878 3879 1067 2812 4999 50 4949 767
is_linear=0
shrinkage=0.01


Tree=272
num_leaves=11
num_cat=0
split_feature=13 13 45 61 13 61 27 9 7 31
split_gain=5.89766 7.20758 9.95386 14.491 7.15079 6.76667 11.0634 11.061 4.13583 3.58401
threshold=548304.46875000012 494778.90625000006 -0.6617443561553954 101.23583602905275 481414.62500000006 117.21471023559572 131824.00000000003 8482377.0000000019 3.4091917276382451 -0.21555231511592862
decision_type=2 2 2 2 2 2 2 2 2 2
left_child=1 4 -3 -4 5 6 -1 -7 -6 -2
right_child=9 2 3 -5 8 7 -8 -9 -10 -11
leaf_value=0.0015975810055806219 -0.016078600484578785 0.014753928870812489 0.0078316236293610036 -0.016844910245280082 -0.017277298804349608 0.00037826823129072173 -0.0024839815475004778 0.0030975486221142905 -0.00020967085630156412 0
leaf_weight=1401.6570861935616 3.2849919199943542 8.906993582844736 8.1989591568708402 3.3488204330205908 3.4130408912897101 2373.238991945982 69.527875915169716 159.81590132415295 2.6377638280391693 2.5013226121664038
leaf_count=3297 14 10 15 14 14 6082 196 344 7 7
internal_value=0.000863294 0.000878003 0.00680593 0.000588908 0.000847518 0.000864162 0.00140401 0.000550228 -0.0100022 -0.0092102
internal_weight=4036.53 4030.75 20.4548 11.5478 4010.29 4004.24 1471.18 2533.05 6.0508 5.78631
internal_count=10000 9979 39 29 9940 9919 3493 6426 21 21
is_linear=0
shrinkage=0.01


Tree=273
num_leaves=25
num_cat=0
split_feature=1 46 31 26 61 55 50 68 1 1 49 45 35 67 22 48 36 67 55 36 57 34 67 10
split_gain=5.87996 7.07807 13.6117 20.1911 12.367 15.188 11.9217 11.2421 22.8109 31.508 24.0716 19.309 34.2308 18.2086 6.42512 12.6051 10.0068 8.17607 6.29331 7.04233 6.73967 4.90858 2.77621 2.08061
threshold=528355.00000000012 -1.0176488757133482 6.803706407546998 0.27357146143913275 89.921401977539077 0.078006435185670867 -0.0069443341344594947 68.43418121337892 36047.500000000007 28823.000000000004 2.444355964660645 -0.9310936927795409 -0.34889297187328333 2.8665943145751958 26250.549804687504 -0.49020874500274653 -2.1538465023040767 -4.2786178588867179 1.1195240020751955 0.64378961920738231 2.2518700361251835 1.1310597658157351 -3.7883698940277095 -0.00011271499897702596
decision_type=2 2 2 2 2 2 2 2 2 2 2 2 2 2 2 2 2 2 2 2 2 2 2 2
left_child=1 2 4 21 5 -1 -6 11 9 -9 -10 12 -3 -13 15 23 -16 -17 19 -18 -20 -4 -19 -2
right_child=14 7 3 -5 6 -7 -8 8 10 -11 -12 13 -14 -15 16 17 18 22 20 -21 -22 -23 -24 -25
leaf_value=-0.0098603446302600647 -0.0048158789913280665 -0.0060178310972974023 -0.01684523871638299 0.0059866791750497229 0.010384311958400625 0.0030182664398731214 0.0027580720250507634 -0.0011296528780573665 0.00055576621593977481 -0.012124310586996118 -0.018192927971945577 0.00097626592432963999 0.0033706181171471203 0.00462014105265588 -0.018223522603552408 -0.0087928330646575067 0.0043763984711811107 0.014809043109135727 -0.0089241896242009053 0.012855381348483632 0.0088774359522988816 -0.0008429623698917721 0.0044769809999360092 -0.01662668953652633
leaf_weight=16.697104528546333 2.780317023396492 99.833437874913216 10.061163738369943 8.7923689037561399 22.297384232282639 20.113101556897163 272.87712994217873 93.607342153787613 676.10489684343338 36.257368251681328 6.9159381836652747 2487.8680443763733 63.417255595326424 145.33400923013687 1.6794311702251423 3.673380821943284 22.928665995597839 4.2162220478057861 4.9486585706472379 17.800057411193848 3.7055527567863464 2.5330887436866751 7.9283447265624964 4.1374964416027096
leaf_count=55 9 314 42 17 35 45 618 256 1704 136 29 6132 142 308 7 12 48 4 18 22 6 7 16 18
internal_value=0.000854662 0.000802254 0.00215423 -0.00556333 0.00265442 -0.0027963 0.00333754 0.000669612 -0.000364632 -0.00420699 0.000364462 0.000970608 -0.00236462 0.00117776 0.00365525 -0.000727871 0.00562644 0.00414933 0.00645779 0.0081066 -0.00118635 -0.0137061 0.0081463 -0.0120244
internal_weight=4036.51 3962.71 353.371 21.3866 331.985 36.8102 295.175 3609.34 812.886 129.865 683.021 2796.45 163.251 2633.2 73.7981 22.7358 51.0624 15.8179 49.3829 40.7287 8.65421 12.5943 12.1446 6.91781
internal_count=10000 9840 819 66 753 100 653 9021 2125 392 1733 6896 456 6440 160 59 101 32 94 70 24 49 20 27
is_linear=0
shrinkage=0.01


Tree=274
num_leaves=19
num_cat=0
split_feature=28 7 38 37 54 54 59 0 45 26 26 47 20 10 31 47 65 23
split_gain=5.82934 16.2913 14.7186 16.091 18.2764 17.5047 14.6783 18.2269 24.4967 18.1865 16.9499 15.0713 23.6373 15.7058 13.8501 12.8062 6.71039 4.44387
threshold=58.125000000000007 3.8125413656234746 -2.1720215082168575 -1.7864711880683897 3.710322499275208 2.7095706462860112 0.61053287982940685 80588.500000000015 -0.61842960119247425 0.030428580008447174 0.0337143111974001 0.45106196403503424 800943.06250000012 -6.0309999753371806e-05 5.522336721420289 0.82525923848152172 -0.50740790367126454 104.50000000000001
decision_type=2 2 2 2 2 2 2 2 2 2 2 2 2 2 2 2 2 2
left_child=6 2 16 4 -4 -5 7 -1 17 -10 14 13 -13 -12 15 -8 -2 -9
right_child=1 -3 3 5 -6 -7 10 8 9 -11 11 12 -14 -15 -16 -17 -18 -19
leaf_value=0.016116943806002034 0.0045091349790462804 -0.016171733126080289 -0.0020084763817744089 0.0019643865076997718 0.0069938753945685229 -0.0018388824387179669 -0.0028609670634090912 0.0034195079526872707 0.00911024072783778 -0.013739688435048516 -0.00084074607216142285 0.0019869839711770792 -0.013762077671844232 0.0013760696484275707 0.011290365976028392 -0.013509763056090803 0.018502456529197825 0.014440283239924374
leaf_weight=13.042382746934889 7.183844268321991 5.3286104798316947 225.10463896393776 1383.8437846601009 25.028829038143158 132.34161178767681 100.32887063920498 5.9306236803531638 5.0014200806617799 11.202477261424063 858.82909442484379 707.71007719635963 9.6452644169330579 509.00080005824566 6.1553416252136222 12.816980138421057 6.9941270351409894 10.836042717099188
leaf_count=15 15 23 624 3247 48 363 291 13 9 42 2273 1671 38 1248 10 50 6 14
internal_value=0.000846152 0.00127314 0.00132591 0.00124382 -0.00110369 0.00163176 0.000506884 0.00609838 0.00210494 -0.00662522 0.000389722 0.000599867 0.00177383 -1.50871e-05 -0.00327487 -0.00407608 0.0114827 0.0106017
internal_weight=4036.32 1785.83 1780.5 1766.32 250.133 1516.19 2250.5 46.0129 32.9706 16.2039 2204.49 2085.19 717.355 1367.83 119.301 113.146 14.178 16.7667
internal_count=10000 4326 4303 4282 672 3610 5674 93 78 51 5581 5230 1709 3521 351 341 21 27
is_linear=0
shrinkage=0.01


Tree=275
num_leaves=22
num_cat=0
split_feature=27 1 68 55 21 2 19 1 54 27 19 67 67 33 54 49 45 8 58 37 49
split_gain=5.8841 15.854 11.9485 17.9304 15.8613 14.7759 14.3568 10.7383 8.89955 8.33068 19.627 17.2171 33.1181 19.1617 12.6922 30.7444 27.3773 20.7605 20.9507 18.4827 14.1056
threshold=-195935.99999999997 53219.500000000007 34.064092636108406 -0.059762690216302865 -1717.4999999999998 402099.00000000006 288688.09375000006 163233.00000000003 2.2429873943328862 -48679.999999999993 1100104.6250000002 -2.654860138893127 -1.8137647509574888 -1.3707039356231687 2.4604901075363164 -0.47101786732673639 -0.37149797379970545 1.3973450064659121 17904.000000000004 -2.1080430746078487 1.9125389456748965
decision_type=2 2 2 2 2 2 2 2 2 2 2 2 2 2 2 2 2 2 2 2 2
left_child=1 -1 3 4 -3 7 -5 -4 -7 10 11 13 -13 -2 17 19 -17 20 -19 -16 -11
right_child=9 2 5 6 -6 8 -8 -9 -10 14 -12 12 -14 -15 15 16 -18 18 -20 -21 -22
leaf_value=-0.016274403244670336 0.00715166383710375 -0.0021972152896996308 0.0027608109791842973 -0.017432346368217534 0.005009723940099943 -0.01784743005212662 0.00050208387939883778 0.012693260356483993 0.0052371191338116685 0.0011248839521285504 -0.016320442658024455 -0.0051553524608453282 0.00041458835857604561 0.00075920067912828174 0.01627876081828062 -0.015057722501627274 -0.0023521610558958446 -0.0161165139268717 0.0028246411699082135 0.0015889568337285522 0.0040587545828344087
leaf_weight=4.4119927883148184 54.07576721906662 45.07758229970932 17.908702373504639 8.4611335843801516 93.695828512310982 3.5400371700525275 9.2260937839746457 28.958326756954193 3.0679285973310471 2374.2111961692572 7.3682366460561743 147.31223432719707 386.72547151148319 357.46526472270489 9.2326263189315778 19.306859046220779 142.77208061516285 13.696592628955843 10.043744683265684 123.28230866789818 176.3800510764122
leaf_count=19 104 122 40 35 190 15 24 38 6 5821 32 449 960 901 11 77 399 59 24 299 375
internal_value=0.000837715 0.00245201 0.00285032 0.00144752 0.0026615 0.00693604 -0.00802077 0.00891924 -0.00697847 0.000746917 -6.21734e-05 6.34585e-05 -0.00111999 0.00160159 0.00101601 -0.000948269 -0.00387182 0.00124119 -0.00806102 0.00261998 0.00132816
internal_weight=4036.22 214.348 209.936 156.461 138.773 53.475 17.6872 46.867 6.60797 3821.87 952.947 945.579 534.038 411.541 2868.93 294.594 162.079 2574.33 23.7403 132.515 2550.59
internal_count=10000 489 470 371 312 99 59 78 21 9511 2446 2414 1409 1005 7065 786 476 6279 83 310 6196
is_linear=0
shrinkage=0.01


Tree=276
num_leaves=27
num_cat=0
split_feature=23 2 10 3 39 48 18 47 38 68 31 40 46 1 51 2 10 38 31 34 69 50 35 69 10 19
split_gain=5.89933 14.1311 14.2714 20.358 16.9643 14.6629 16.4318 14.0098 9.93545 15.8591 13.1828 9.67447 28.8001 15.7312 15.0996 11.6615 12.3496 9.658 8.89018 8.41981 14.233 7.83337 14.7715 5.66924 4.2519 4.1649
threshold=1303.5000000000002 31522.500000000004 -0.00095689500449225296 17148.500000000004 4.0995099544525155 1.0000000180025095e-35 17715.500000000004 -1.9434487819671629 2.8406968116760258 78.571483612060561 -9.0495514869689924 2.811020135879517 -0.58636528253555287 123059.50000000001 0.0063777007162570962 402099.00000000006 -0.00021709500288125125 2.289339661598206 -4.6487395763397208 1.4731591343879702 97.153057098388686 -0.00079776867642067362 -1.012429356575012 72.112007141113295 0.00023928500013425949 364518.64062500006
decision_type=2 2 2 2 2 2 2 2 2 2 2 2 2 2 2 2 2 2 2 2 2 2 2 2 2 2
left_child=8 21 3 4 -3 18 -7 -5 11 10 -10 15 13 -13 -14 17 -17 -1 -4 20 -11 22 -2 25 -12 -23
right_child=1 2 5 7 -6 6 -8 -9 9 19 24 12 14 -15 -16 16 -18 -19 -20 -21 -22 23 -24 -25 -26 -27
leaf_value=0.0006315887639339714 0.010573046670520123 -0.013402945586539624 0.015967859146730677 -0.010742758126207001 0.010207347970983072 -0.017012956584300253 0.0016252812743013003 0.0098433868437505772 0.0072923520472517487 -0.015341267334841905 -0.015344314085868276 0.0070641625744661428 -0.010527306725542982 -0.0035160968124319492 -0.00070564877860683332 0.0072121630879593357 0.00065139330314282768 0.0035641654995953211 0.004782434565892715 0.011828722871710412 0.0092023231496021381 0.0080650839373280301 -0.017620207066222342 0.0027235928983736484 -0.0022606342878816171 0.017312212843005492
leaf_weight=3169.5974354445934 4.4929919838905334 21.104370847344402 10.4619063436985 4.4888251572847393 3.5070199817419043 4.7859575450420371 354.65443097054958 12.256975099444388 3.7042966634035137 4.6486104875803012 15.6458897292614 36.967066898941994 38.969730317592621 22.530187383294106 26.542750373482704 58.293653160333633 57.216861575841904 116.61135455965996 23.482505440711975 6.654814437031745 4.7658528983592987 9.7004161775112205 3.1618657559156409 7.5033942162990561 3.1724832952022544 11.094092503190039
leaf_count=7908 7 81 10 15 5 20 840 18 8 21 71 73 148 64 75 105 136 262 47 10 9 17 13 16 10 11
internal_value=0.000829384 0.00188283 0.00138177 -0.00419844 -0.00999795 0.00197097 0.00137433 0.00426541 0.000690028 -0.00435259 -0.00977834 0.000745491 -0.00198427 0.00304086 -0.00656327 0.000846101 0.00397102 0.000735956 0.00825932 0.00318989 -0.00281043 0.00791389 -0.000941639 0.0103447 -0.0131917 0.0130466
internal_weight=4036.02 470.695 434.742 41.3572 24.6114 393.385 359.44 16.7458 3565.32 38.5919 22.5227 3526.73 125.01 59.4973 65.5125 3401.72 115.511 3286.21 33.9444 16.0693 9.41446 35.9528 7.65486 28.2979 18.8184 20.7945
internal_count=10000 1100 1036 119 86 917 860 33 8900 129 89 8771 360 137 223 8411 241 8170 57 40 30 64 20 44 81 28
is_linear=0
shrinkage=0.01


Tree=277
num_leaves=30
num_cat=0
split_feature=53 40 65 36 3 56 31 6 18 66 48 64 36 6 40 21 1 56 39 27 65 68 48 49 36 37 58 26 60
split_gain=5.86332 17.4862 19.8658 24.9915 21.4502 19.0376 16.8109 23.6771 27.5053 22.9029 19.5361 14.6514 13.6988 29.3792 27.0838 24.2622 22.7214 20.5868 33.2105 18.2252 17.3472 21.3507 22.3287 20.1534 20.0268 29.4472 17.632 13.601 10.3833
threshold=0.37951920926570898 -0.50347372889518727 1.989093065261841 1.0325402021408083 -4137.4999999999991 -0.77133348584175099 3.8753105401992802 -389650367.99999994 2146.5000000000005 2.2880344390869145 1.3218541145324709 8.9091358184814471 1.0325402021408083 -351212895.99999994 -0.8372877538204192 -6457.9999999999991 63569.000000000007 -0.45207586884498591 -1.0798442959785459 15984.000000000002 0.22992417216300967 21.796365737915043 2.038099050521851 -0.14681884646415708 1.0000000180025095e-35 0.8121982514858247 -36575.999999999993 0.082214117050170912 0.0022083555813878779
decision_type=2 2 2 2 2 2 2 2 2 2 2 2 2 2 2 2 2 2 2 2 2 2 2 2 2 2 2 2 2
left_child=12 2 3 5 -4 -2 7 8 -3 -9 27 -5 20 14 15 -14 -16 18 -15 -19 21 23 -23 -1 26 -26 -22 -8 -12
right_child=1 6 4 11 -6 -7 10 9 -10 -11 28 -13 13 17 16 -17 -18 19 -20 -21 24 22 -24 -25 25 -27 -28 -29 -30
leaf_value=0.004681492868844582 -0.0074418270335437388 -0.0069684509704007634 0.0056768908689861742 -0.0070441253210094682 -0.014957289316793711 0.0024772514334758427 -0.0060958442633517931 -0.00060418215588036372 0.003622689351552081 -0.0069181393826313218 -0.018532387528463569 0.0077163811720149566 -0.01770279966773973 0.010141195326247876 0.0086769409198422971 -0.0005921900197159946 0.00045147599765676055 -0.0040227435354168979 -0.0097507589747089229 0.0016174545396352999 -0.0077855218172760837 -0.00069298358534204815 0.00543357964504691 -0.0001771923440208666 0.0057953449261356127 0.00016301239753911017 0.0010037186050432241 0.0049447528303456206 -5.3558674379631176e-05
leaf_weight=187.53831343352795 20.76036748290062 27.818438276648521 8.3981694579124468 7.021065726876258 12.399585753679274 277.06378091871738 11.949135318398474 355.93486435711384 203.89469119906425 68.622991338372231 5.847043961286543 129.85105459392071 10.095270618796347 9.5208829492330533 67.498514145612717 47.048623085021973 67.372438833117485 120.65366289019585 68.303495615720749 108.78466533124447 24.615988105535507 1106.7574720829725 62.845553442835808 156.00267399847507 247.29186554253101 149.20382326841354 311.83963479101658 154.23116745054722 6.5636610090732574
leaf_count=402 66 87 18 22 58 628 38 924 447 234 24 233 42 16 121 120 165 352 232 262 79 2917 129 406 501 376 760 325 16
internal_value=0.000821161 0.00137767 0.00295415 0.00341246 -0.00657709 0.00178247 0.000516357 -0.000222465 0.00234685 -0.00162709 0.00323691 0.00695191 0.000559233 -0.000938037 0.00212755 -0.00363252 0.00457547 -0.00285704 -0.00730437 -0.00134417 0.000892501 0.000280098 -0.000362934 0.00247224 0.00215542 0.00367838 0.000357702 0.00414487 -0.00884005
internal_weight=4035.73 1290.36 455.494 434.696 20.7978 297.824 834.862 656.271 231.713 424.558 178.591 136.872 2745.37 499.278 192.015 57.1439 134.871 307.263 77.8244 229.438 2246.1 1513.14 1169.6 343.541 732.951 396.496 336.456 166.18 12.4107
internal_count=10000 3120 1025 949 76 694 2095 1692 534 1158 403 255 6880 1310 448 162 286 862 248 614 5570 3854 3046 808 1716 877 839 363 40
is_linear=0
shrinkage=0.01


Tree=278
num_leaves=15
num_cat=0
split_feature=11 65 39 38 6 18 67 53 3 35 67 36 0 52
split_gain=5.83631 6.77458 17.1824 15.3359 18.4568 12.7029 10.8743 10.0472 22.3619 20.8712 18.9892 17.3803 29.0483 25.9848
threshold=81.835556030273452 1.7734422087669375 -0.3117679208517074 0.82196417450904857 -68301415.999999985 360.50000000000006 5.3848581314086923 0.37951920926570898 -2897.9999999999995 1.1153293251991274 3.9688702821731572 1.0325402021408083 133721.50000000003 0.0079998797737061995
decision_type=2 2 2 2 2 2 2 2 2 2 2 2 2 2
left_child=1 7 6 4 -4 -5 -3 11 9 -9 -10 13 -13 -1
right_child=-2 2 3 5 -6 -7 -8 8 10 -11 -12 12 -14 -15
leaf_value=0.00044966054081176565 0.01153044984566625 -0.015879203354403945 -0.011195903565728882 -0.01110804081159378 0.012118640228433409 0.0022700020520651184 0.0019306117643900595 -0.00053287348778781861 0.003361915004195182 0.0057044646151550738 -0.0036964795254151241 -0.0032184089665854444 0.0019652464020328965 0.0034562058001609735
leaf_weight=1889.0508448183537 5.0885751247405997 11.994976401329042 20.398643076419834 7.5689144581556311 4.0348217487335196 110.08704060316086 4.6671331524848929 483.98659656941891 601.10808265209198 60.324929803609848 40.561869025230408 282.16001600027084 175.00920821726322 339.34058193862438
leaf_count=4767 7 54 85 31 6 278 12 1244 1330 119 114 796 409 748
internal_value=0.000813008 0.000799228 -0.00122281 -8.91178e-05 -0.00730493 0.00140088 -0.0108306 0.0008824 0.0016494 0.000156561 0.00291417 0.00054331 -0.00123186 0.000907948
internal_weight=4035.38 4030.29 158.752 142.089 24.4335 117.656 16.6621 3871.54 1185.98 544.312 641.67 2685.56 457.169 2228.39
internal_count=10000 9993 466 400 91 309 66 9527 2807 1363 1444 6720 1205 5515
is_linear=0
shrinkage=0.01


Tree=279
num_leaves=28
num_cat=0
split_feature=38 39 27 24 54 0 2 61 15 47 1 67 38 72 56 53 39 59 38 9 55 61 68 31 33 47 33
split_gain=5.80759 18.6203 28.6865 20.5721 21.6389 23.8166 20.2502 19.33 24.4348 16.6653 25.2935 16.6711 15.1919 26.7733 19.5325 21.9048 14.8358 10.9236 24.7194 21.6964 21.2192 24.0775 16.0448 11.3375 9.69772 7.45009 7.35611
threshold=-1.7538841366767881 -0.10255385190248488 -9463.9999999999982 6.5000000000000009 1.1621844768524172 23027.500000000004 57633.000000000007 174.2984313964844 17.60000038146973 0.39904634654521948 83558.500000000015 -0.60061943531036366 -1.473759591579437 -878678.56249999988 -0.89356994628906239 -0.92373427748680104 0.57956096529960643 1.5500127673149111 0.82196417450904857 3354835.5000000005 -0.94904372096061695 153.03606414794925 10.69508743286133 5.1718027591705331 -0.5437844693660735 0.48220521211624151 0.86495307087898265
decision_type=2 2 2 2 2 2 2 2 2 2 2 2 2 2 2 2 2 2 2 2 2 2 2 2 2 2 2
left_child=1 2 9 6 5 -5 -3 -4 -9 11 -11 -1 13 14 26 -16 -6 20 23 -20 21 -14 -22 -19 -15 -8 -2
right_child=12 3 7 4 16 -7 25 8 -10 10 -12 -13 17 24 15 -17 -18 18 19 -21 22 -23 -24 -25 -26 -27 -28
leaf_value=0.0060042215435661059 -0.01771333920589177 -0.010159951494737415 -0.01789489370747251 0.0085705164707785206 -0.0032736805279650122 -0.0026513130727249408 0.0047608448363256721 -0.012445285962296474 0.0097157803795826087 -0.0065552568389504184 0.0085975565760423242 0.015742907013512466 0.00047020732918013507 0.00096331661840604282 -0.00980636415994692 -0.00062352056488070224 0.0041638755786097357 0.0045864887891170561 -0.0068325784837853431 0.0021426726994298543 0.010011951003696855 -0.0070283372657207249 0.0007684341067561983 -0.010311546801311546 0.016433494996840724 0.014305712842442853 0.0012750112615164109
leaf_weight=102.70784536004066 11.223188340663908 5.5642825067043296 8.2673381716012972 20.429067373275757 33.048454493284225 249.69858050346375 14.498243823647497 8.6883131712675112 11.637688428163527 23.506071850657463 20.715311408042908 21.443799197673798 98.695121198892593 6.9389492720365551 30.370584413409233 181.77740813791752 139.54994946718216 238.12122917175293 44.491490036249161 68.026550948619843 18.93689501285553 75.331110954284668 2563.7760317623615 5.1799505949020377 10.248032987117766 19.992060586810112 2.3755286335945121
leaf_count=211 46 19 34 38 94 700 30 32 21 73 36 27 250 17 103 472 304 485 143 154 32 243 6375 18 12 25 6
internal_value=0.000804909 0.00164871 0.00424072 0.000589147 -2.95056e-05 -0.00179893 0.00745212 -0.00500125 0.000193874 0.00581614 0.000520398 0.00769437 0.000633676 -0.0017735 -0.00269301 -0.00194283 0.00273397 0.000821876 0.00247174 -0.0013974 0.000608561 -0.00276996 0.000836596 0.0042652 0.0102459 0.0103225 -0.0143228
internal_weight=4035.24 679.747 196.966 482.781 442.726 270.128 40.0546 28.5933 20.326 168.373 44.2214 124.152 3355.49 242.934 225.747 212.148 172.598 3112.56 355.819 112.518 2756.74 174.026 2582.71 243.301 17.187 34.4903 13.5987
internal_count=10000 1644 434 1210 1136 738 74 87 53 347 109 238 8356 656 627 575 398 7700 800 297 6900 493 6407 503 29 55 52
is_linear=0
shrinkage=0.01


Tree=280
num_leaves=27
num_cat=0
split_feature=28 34 37 55 51 54 27 34 40 59 24 32 26 63 55 64 40 14 53 0 19 21 45 26 68 23
split_gain=5.81888 16.9246 15.7287 17.3656 26.1869 17.1219 22.866 16.6542 15.8237 14.3716 17.7849 19.342 16.4441 17.3363 19.7974 16.4503 13.6768 21.6709 16.9685 10.9633 13.7006 9.34785 8.18013 4.92068 10.5997 4.35783
threshold=58.125000000000007 -0.48834280669689173 -1.7864711880683897 -0.94904372096061695 -0.016950345598161217 2.7095706462860112 -99567.999999999985 0.37306705117225653 1.7817147374153139 0.61053287982940685 439.50000000000006 1.0000000180025095e-35 0.0337143111974001 9.1177191734313983 1.0000000180025095e-35 11.601705551147463 -0.67823415994644154 13.000000000000002 -1.7041901946067808 92702.500000000015 55578.443359375007 41.500000000000007 -0.61842960119247425 0.077856812626123442 34.064092636108406 148.50000000000003
decision_type=2 2 2 2 2 2 2 2 2 2 2 2 2 2 2 2 2 2 2 2 2 2 2 2 2 2
left_child=9 19 3 8 -5 7 -7 -4 -3 10 21 -12 16 14 -14 -15 18 -18 -11 23 -21 25 -23 -2 -25 -1
right_child=1 2 5 4 -6 6 -8 -9 -10 12 11 -13 13 15 -16 -17 17 -19 -20 20 -22 22 -24 24 -26 -27
leaf_value=0.0098231331038019752 0.018828349903928638 0.004692840599054191 0.0038899136480867809 -0.017669304627886965 -0.0018256713923471605 0.0098181453543217407 -0.0034685949313487297 0.0012186946347204197 -0.01603891747879704 0.016114700342978502 -0.017211066321407235 0.0060090597414413404 0.0083104998265811324 -0.0030650828894116661 -0.00064687653033709456 0.00058621879942236544 -0.008438747354825726 0.0065243451962318823 -0.0014503105313867757 0.007443971264197085 -0.017787189770052985 0.010117263359905142 -0.0076922195203149224 -0.0029361090939803037 0.014102686529695634 0.019406145679018171
leaf_weight=10.882979363203054 7.3069644719362286 57.405107870697975 298.96852424740791 11.122594326734541 173.99969321489334 14.548585727810858 116.22136572003365 1074.8485062271357 3.9160338044166556 6.3384953886270514 5.806297600269315 9.3141823410987854 59.241825133562088 132.14079502224922 41.952165141701698 1851.5318024307489 60.172557950019836 11.457931980490683 41.241232722997665 6.6867780834436399 3.169249564409256 6.1417108327150345 4.3967838585376722 5.2024482339620617 11.587610572576521 9.4457288980483991
leaf_count=18 7 122 647 46 481 23 338 2592 17 7 24 19 106 373 109 4642 205 24 115 12 13 10 14 14 14 8
internal_value=0.000796903 0.0012236 0.00108735 -0.00125226 -0.002783 0.00147123 -0.00198275 0.00180073 0.00335258 0.00045796 0.00599211 -0.00284138 0.000342037 0.00054899 0.00458714 0.000342486 -0.00326897 -0.00603131 0.000868655 0.00822087 -0.00056776 0.0103516 0.00259205 0.011857 0.00876361 0.0143251
internal_weight=4035.05 1784.98 1751.03 246.443 185.122 1504.59 130.77 1373.82 61.3211 2250.06 45.9877 15.1205 2204.08 2084.87 101.194 1983.67 119.21 71.6305 47.5797 33.9531 9.85603 30.8672 10.5385 24.097 16.7901 20.3287
internal_count=10000 4326 4266 666 527 3600 361 3239 139 5674 93 43 5581 5230 215 5015 351 229 122 60 25 50 24 35 28 26
is_linear=0
shrinkage=0.01


Tree=281
num_leaves=21
num_cat=0
split_feature=2 52 26 2 59 17 20 2 59 56 53 26 57 27 36 68 1 67 34 49
split_gain=5.79566 25.8065 20.7556 26.0524 19.7974 17.5825 24.3692 13.1802 21.597 18.6719 21.6244 16.8361 12.9727 16.2405 20.0702 20.0224 14.1756 37.3979 10.3736 5.25547
threshold=14647.500000000002 0.0094587872736156004 0.030428580008447174 11601.500000000002 0.86176371574401867 9931.5000000000018 74972.804687500015 20458.500000000004 0.66463682055473339 -0.82756891846656788 0.80801433324813854 0.13607154041528705 0.73521175980567943 -45255.999999999993 -1.5046061873435972 68.43418121337892 16403.000000000004 -1.2630741596221922 1.3951564431190493 1.0801108479499819
decision_type=2 2 2 2 2 2 2 2 2 2 2 2 2 2 2 2 2 2 2 2
left_child=1 2 3 4 -1 6 -4 8 -2 11 -11 -10 13 14 -9 -15 17 -14 -18 -7
right_child=7 -3 5 -5 -6 19 -8 12 9 10 -12 -13 16 15 -16 -17 18 -19 -20 -21
leaf_value=0.010091788518091954 -0.017709057118250313 -0.01716333251443623 0.007354593278088962 -0.0172223173887921 -0.016695792173099622 0.0093720282287305928 -0.004037852238278572 0.0064958489548265956 -0.0047011955802882021 -0.0045284351672134175 0.0046085991622887333 0.013998275752424821 0.0064084862746166893 0.0062587654178405498 -0.0076967142734574168 -0.0020754009241020304 0.00086929981686087432 -0.017930301940565881 -0.0017751263135596211 0.020957816342645656
leaf_weight=11.627169147133825 8.2975382059812528 6.1573123484849921 62.468711689114571 9.7253271192312241 3.5994010269641885 8.3400445133447665 26.721204072237015 15.933568984270094 7.2352188229560879 113.43894185125828 33.468219622969627 14.011077955365179 11.598996162414553 140.18179446458817 26.429138511419296 36.081377327442169 3322.5410042405128 13.743866860866545 155.03986528515816 8.2249934673309308
leaf_count=21 34 26 121 40 15 15 79 31 22 339 72 19 25 280 87 99 8190 56 422 7
internal_value=0.000788973 0.00281409 0.00376283 -0.00441845 0.00369381 0.00570259 0.00393022 0.000717612 -0.00195116 -0.00116764 -0.00244004 0.00758329 0.000844416 0.00320898 -0.00233497 0.00454707 0.000696552 -0.00675139 0.000751117 0.0151851
internal_weight=4034.86 136.864 130.707 24.9519 15.2266 105.755 89.1899 3898 176.451 168.153 146.907 21.2463 3721.55 218.626 42.3627 176.263 3502.92 25.3429 3477.58 16.565
internal_count=10000 324 298 76 36 222 200 9676 486 452 411 41 9190 497 118 379 8693 81 8612 22
is_linear=0
shrinkage=0.01


Tree=282
num_leaves=29
num_cat=0
split_feature=23 2 59 53 35 46 48 67 22 38 33 17 28 38 68 31 56 60 36 57 49 59 37 34 69 54 46 61
split_gain=5.77071 13.9613 12.5959 13.1601 12.1988 13.7891 13.5859 13.0461 12.0388 11.0216 10.5504 14.4669 12.7511 9.59936 15.6342 12.8836 9.20289 25.9312 29.3256 20.1725 14.1168 16.8672 16.456 8.28926 13.8949 6.83153 6.07534 4.22935
threshold=1303.5000000000002 135199.50000000003 1.3802675008773806 -1.4809319376945493 -1.4822627305984495 0.27466218173503881 0.22459822893142703 4.4468638896942148 -49301.738281249993 1.5163550376892092 -0.75758251547813404 98079.500000000015 -1311.9687499999998 2.8406968116760258 78.571483612060561 -9.0495514869689924 1.7780781984329226 0.0012893704697489741 1.8900397419929507 0.99270722270011913 1.6232409477233889 0.87513852119445812 -2.4412138462066646 1.4731591343879702 97.153057098388686 -0.79887875914573658 1.2094430923461916 243.30318450927737
decision_type=2 2 2 2 2 2 2 2 2 2 2 2 2 2 2 2 2 2 2 2 2 2 2 2 2 2 2 2
left_child=13 4 3 26 5 -2 25 -8 -7 -5 12 -12 -4 16 15 -15 20 19 -19 -18 21 -1 -22 24 -16 -6 -3 -17
right_child=1 2 10 9 6 8 7 -9 -10 -11 11 -13 -14 14 23 27 17 18 -20 -21 22 -23 -24 -25 -26 -27 -28 -29
leaf_value=0.0021799833657288972 -0.016547632706126615 0.013931291038478059 0.0061412082997135894 -0.0087486260827263768 -0.00051555636267433059 0.0040368385230777869 0.0020187481448264806 0.010797112559977107 -0.0076274662420352333 0.0014173592336670069 0.0082756337839900648 -0.0068752186609029823 -0.01237706403937682 0.0071287187253935812 -0.015228430031728319 -0.015196847746368322 -0.0026117495487757575 -0.00379263292358617 0.010507418001593074 0.0021915390905400001 -0.011325067006172296 0.00029726130679181602 0.0039913896347397648 0.011752960813429275 0.009060091462855949 0.010092949710826778 -0.0011027870708392492 -0.0018334040705066728
leaf_weight=629.8074961155653 5.6986051499843589 5.1108584702014905 6.3231061995029441 40.371959298849106 6.9457131922245017 26.162096947431564 240.44841089844704 18.291473507881165 13.367923215031622 14.27656529843807 31.083517700433731 7.8338190466165534 8.8685223907232267 3.7101642489433315 4.6198665797710436 15.731147557497026 114.44266229867935 234.50726364552975 15.242460399866102 368.85533863306046 7.2350704669952384 1953.78253865242 202.24167254567146 6.6414800286293021 4.7651597857475281 40.041326746344566 5.4335064291954041 2.99341195821762
leaf_count=1488 24 6 12 142 17 59 546 27 45 34 52 26 35 8 21 72 322 676 25 866 26 4930 438 10 9 60 15 9
internal_value=0.000781081 0.00182345 -0.00112583 -0.00409179 0.00282886 -0.00200425 0.00354713 0.00264319 6.70067e-05 -0.00607453 0.00242921 0.00520017 -0.00460351 0.000643285 -0.00432193 -0.00972168 0.000697727 -0.000298447 -0.00291588 0.00105207 0.000959534 0.000756604 0.0034576 0.00317452 -0.00278961 0.0085035 0.0060894 -0.0131139
internal_weight=4034.83 470.257 119.302 65.1929 350.956 45.2286 305.727 258.74 39.53 54.6485 54.109 38.9173 15.1916 3564.58 38.4612 22.4347 3526.11 733.048 249.75 483.298 2793.07 2583.59 209.477 16.0265 9.38503 46.987 10.5444 18.7246
internal_count=10000 1100 322 197 778 128 650 573 104 176 125 78 47 8900 129 89 8771 1889 701 1188 6882 6418 464 40 30 77 21 81
is_linear=0
shrinkage=0.01


Tree=283
num_leaves=19
num_cat=0
split_feature=27 1 26 26 40 40 18 7 57 53 67 31 50 37 28 18 30 54
split_gain=5.77607 15.4237 12.2594 12.29 16.9166 8.5603 17.0632 15.1528 14.6604 13.3434 10.6358 21.0348 31.3167 31.2138 15.3426 17.5446 14.3609 3.48165
threshold=-195935.99999999997 53219.500000000007 0.036785654723644264 1.0127141475677492 -0.90416228771209706 -1.5049716234207151 100567.00000000001 2.4250384569168095 1.5031476616859438 0.37951920926570898 -1.8137647509574888 -5.551090955734252 -0.0015366254374384878 -2.3292471170425411 3013.3750000000005 7524.0000000000009 78.409255981445327 1.5526572465896609
decision_type=2 2 2 2 2 2 2 2 2 2 2 2 2 2 2 2 2 2
left_child=1 -1 -3 4 -4 6 7 9 -9 -2 11 13 -13 -7 16 -16 -12 -5
right_child=5 2 3 17 -6 10 -8 8 -10 -11 14 12 -14 -15 15 -17 -18 -19
leaf_value=-0.016145623914827968 0.0010775499517831628 0.013186654887990036 -0.0026801769528041644 0.0049280027482238864 0.0036949885083213041 -0.0080943571753162632 -0.016755099174969677 -0.01642982836059198 0.010030093963513982 0.0042427337627221444 0.00072891035416004335 0.0007749970328733266 -0.0036153393867863919 0.0031588644738889298 -0.013762739453176687 0 0.00389918919803304 0.014021760760389914
leaf_weight=4.3889063745737067 405.99564878642559 10.750502303242682 64.746551349759102 7.9593045711517361 116.00142465531826 27.534940406680107 4.9278098791837683 8.2432858645915967 2.7571667730808249 199.15312683582306 2098.020166143775 326.97575022280216 322.36532406508923 232.35172668099403 15.223405703902243 23.472464874386787 153.54427266120911 10.108617797493933
leaf_count=19 989 14 177 15 253 91 21 35 4 419 5194 822 939 535 63 61 338 11
internal_value=0.000773333 0.00237413 0.00276676 0.00219829 0.00140578 0.000683425 0.00175838 0.00190807 -0.00970698 0.00212086 0.000474445 -0.000439895 -0.00140305 0.00196274 0.000837873 -0.00540163 0.00094555 0.0100711
internal_weight=4034.52 213.955 209.566 198.816 180.748 3820.57 621.077 616.149 11.0005 605.149 3199.49 909.228 649.341 259.887 2290.26 38.6959 2251.56 18.0679
internal_count=10000 489 470 456 430 9511 1468 1447 39 1408 8043 2387 1761 626 5656 124 5532 26
is_linear=0
shrinkage=0.01


Tree=284
num_leaves=11
num_cat=0
split_feature=13 13 24 59 13 61 27 61 50 31
split_gain=5.78355 6.99661 11.6235 10.9887 6.96229 6.47712 10.8817 9.472 3.8625 3.48851
threshold=548304.46875000012 494778.90625000006 34.500000000000007 1.2924783825874331 481414.62500000006 117.21471023559572 131824.00000000003 122.18572235107423 0.0035046250559389596 -0.21555231511592862
decision_type=2 2 2 2 2 2 2 2 2 2
left_child=1 4 -3 -4 5 6 -1 -7 -6 -2
right_child=9 2 3 -5 8 7 -8 -9 -10 -11
leaf_value=0.0014870419671265411 -0.016015761415306116 0.011844819293025497 -0.016233041660673478 0.0096407770625536061 -0.017018651375801747 -0.0024004300240330853 -0.0025643454454961933 0.00059054956659405878 -0.0004932198683196739 0
leaf_weight=1400.4480299800634 3.274383619427681 13.838246852159502 3.5538215637207022 3.0062576830387115 3.4026181101799002 110.60889399051666 69.416458621621132 2421.6420262902975 2.6404366791248322 2.5000960528850547
leaf_count=3297 14 19 15 5 14 317 196 6109 7 7
internal_value=0.000765642 0.000780206 0.00662823 -0.00422353 0.000750194 0.000766622 0.00129503 0.000459508 -0.00996355 -0.00922154
internal_weight=4034.33 4028.56 20.3983 6.56008 4008.16 4002.12 1469.86 2532.25 6.04305 5.77448
internal_count=10000 9979 39 20 9940 9919 3493 6426 21 21
is_linear=0
shrinkage=0.01


Tree=285
num_leaves=24
num_cat=0
split_feature=28 34 7 59 0 45 35 26 47 20 10 33 40 14 53 54 0 51 1 26 68 23 68
split_gain=5.78834 16.5537 15.6289 13.8912 17.5322 23.4322 17.771 16.0045 14.7691 22.9933 15.3073 13.6496 13.3452 21.1749 16.4718 11.7327 10.7442 13.5777 4.81394 4.80893 10.4132 4.30901 3.91009
threshold=58.125000000000007 -0.48834280669689173 3.8125413656234746 0.61053287982940685 80588.500000000015 -0.61842960119247425 -0.80006766319274891 0.0337143111974001 0.45106196403503424 800943.06250000012 -6.0309999753371806e-05 -1.4734956622123716 -0.67823415994644154 13.000000000000002 -1.7041901946067808 -1.0084958672523496 92702.500000000015 0.0025968183763325219 137325.00000000003 0.077856812626123442 34.064092636108406 104.50000000000001 33.223974227905281
decision_type=2 2 2 2 2 2 2 2 2 2 2 2 2 2 2 2 2 2 2 2 2 2 2
left_child=3 16 11 4 -1 21 -7 12 10 -10 -9 18 14 -14 -5 -13 19 22 -3 -2 -21 -6 -18
right_child=1 2 -4 7 5 6 -8 8 9 -11 -12 15 13 -15 -16 -17 17 -19 -20 20 -22 -23 -24
leaf_value=0.015691663172044661 0.018600341014347793 -0.017171793556996887 -0.016077986223654292 0.015865827465894277 0.0031835190237179869 0.0033745033963169901 -0.017527103032719597 -0.00091384218794121619 0.0018825121471083993 -0.013680048126505031 0.001274667052705903 0.0028295214491695394 -0.0083712756047976799 0.006415406693616163 -0.0014537707804567321 0.00075574510587802406 -0.017923076231123457 0.013427622313480419 -1.2483669209155991e-05 -0.0029443934399800047 0.013947788924605986 0.014040721744260543 -0.0010323712422627338
leaf_weight=13.030971899628637 7.306592762470248 5.4879338145256034 5.3044790774583808 6.327577903866767 5.9268512278795233 8.4040343016386014 7.770182788372046 858.68070386350155 707.47803030908108 9.6086989790201169 508.96616625785828 339.83529618382454 60.098880290985107 11.467108637094496 41.224446222186089 1397.4745710343122 3.1888243705034238 4.02165487408638 2.4957551956176758 5.2033124417066601 11.563356310129164 10.817568868398665 2.6363575458526611
leaf_count=15 7 23 23 7 13 19 32 2273 1671 38 1248 767 205 24 115 3446 13 5 7 14 14 14 7
internal_value=0.000757978 0.00118359 0.00104887 0.000419939 0.00586301 0.00194192 -0.00660492 0.000305999 0.000510114 0.00167259 -9.86631e-05 0.0011015 -0.00325792 -0.00598801 0.000829857 0.00116197 0.0081071 -0.000596535 -0.0119329 0.0117087 0.00864588 0.0102574 -0.0104504
internal_weight=4034.32 1784.52 1750.6 2249.8 45.9496 32.9186 16.1742 2203.85 2084.73 717.087 1367.65 1745.29 119.118 71.566 47.552 1737.31 33.9201 9.84684 7.98369 24.0733 16.7667 16.7444 5.82518
internal_count=10000 4326 4266 5674 93 78 51 5581 5230 1709 3521 4243 351 229 122 4213 60 25 30 35 28 27 20
is_linear=0
shrinkage=0.01


Tree=286
num_leaves=27
num_cat=0
split_feature=23 2 49 58 10 19 38 68 31 56 60 36 57 49 59 37 49 9 35 72 34 45 34 56 10 22
split_gain=5.76764 13.7608 15.2862 19.2949 26.3131 21.1627 9.35438 15.3388 12.6628 9.02369 25.4281 28.7704 19.7978 13.8477 16.4961 16.1145 8.9378 12.1964 8.48231 12.4661 8.12197 9.05163 4.86154 9.5813 4.20029 1.84681
threshold=1303.5000000000002 31522.500000000004 0.52992185950279247 -10507.999999999998 -0.0009112900006584822 455117.09375000006 2.8406968116760258 78.571483612060561 -9.0495514869689924 1.7780781984329226 0.0012893704697489741 1.8900397419929507 0.99270722270011913 1.6232409477233889 0.87513852119445812 -2.4412138462066646 0.91150036454200756 8114960.5000000009 1.3219240903854372 -1289827.6874999998 1.4731591343879702 0.22155269235372546 -0.57939127087593068 1.3054938912391665 0.00023928500013425949 139141.11718750003
decision_type=2 2 2 2 2 2 2 2 2 2 2 2 2 2 2 2 2 2 2 2 2 2 2 2 2 2
left_child=6 16 18 5 -5 -4 9 8 -8 13 12 -12 -11 14 -1 -15 17 -2 19 -3 21 -9 -18 -24 -10 -20
right_child=1 2 3 4 -6 -7 7 20 24 10 11 -13 -14 15 -16 -17 22 -19 25 -21 -22 -23 23 -25 -26 -27
leaf_value=0.0021322080237862668 -0.010128513113716375 0.0041999707386394282 -0.017349630295921636 -0.0090963061891271135 0.0028881308122307098 -0.0019505633282187944 0.0070291554884555785 -0.009225167481536024 -0.015190147804169296 -0.0026129011249783648 -0.0037809520898249749 0.010384165379816731 0.0021461010371187409 -0.01123898670422758 0.00027037253680551129 0.0039278605998180364 0.016856602823889288 0.0096268950324326068 0.013955887386381625 -0.010624395078077218 0.011633533901284481 0.012270628343753101 -0.00024469175029330704 0.016622531730676397 -0.0021468466148268318 0.0069918515980190669
leaf_weight=629.84634302556515 5.5431887954473478 91.218670889735222 9.9789883792400342 20.115625739097595 202.18426041305065 87.201689571142197 3.7145777344703665 6.5987769812345487 15.483791321516042 114.41571475565434 234.45347875356674 15.239642217755316 368.81335407495499 7.2249566018581381 1953.7666225284338 202.22499544918537 9.8428328931331635 7.1381572186946869 9.5891894698143023 6.0147709697484961 6.6290648877620688 2.7612800896167755 7.2631497532129288 6.1003703624010086 3.1562718302011481 7.6564325243234626
leaf_count=1488 19 193 42 66 446 243 8 26 71 322 676 25 866 26 4930 438 10 11 11 21 10 4 18 6 10 14
internal_value=0.000750425 0.00179297 0.00129805 0.000171317 0.00179918 -0.00354211 0.000612717 -0.00429638 -0.00965646 0.000666386 -0.00032016 -0.0029124 0.00101723 0.000925621 0.000724647 0.00339991 0.00774965 0.000912681 0.00443374 0.00327266 0.00313509 -0.00277693 0.0114427 0.00738027 -0.0130352 0.0109221
internal_weight=4034.18 469.847 433.96 319.481 222.3 97.1807 3564.33 38.3438 22.3546 3525.99 732.922 249.693 483.229 2793.06 2583.61 209.45 35.8877 12.6813 114.479 97.2334 15.9891 9.36006 23.2064 13.3635 18.6401 17.2456
internal_count=10000 1100 1036 797 512 285 8900 129 89 8771 1889 701 1188 6882 6418 464 64 30 239 214 40 30 34 24 81 25
is_linear=0
shrinkage=0.01


Tree=287
num_leaves=23
num_cat=0
split_feature=39 48 45 40 38 33 57 40 36 9 19 24 31 56 56 68 48 55 53 10 56 56
split_gain=5.75277 10.9586 11.3704 13.0854 20.0344 14.4051 9.14741 15.8207 31.3749 29.4934 30.5377 26.5815 25.6388 20.7686 14.5316 13.1302 23.6103 17.9192 6.49118 7.4056 15.342 6.58496
threshold=2.4510273933410649 -0.86251789331436146 2.5106227397918706 -2.2997447252273555 -2.2895545959472652 1.3258968591690066 1.0949720740318301 0.86493816971778881 -0.41843204200267786 2924667.5000000005 204005.55468750003 205.50000000000003 -4.0212764739990225 -0.95245903730392445 9.1635432243347186 21.796365737915043 2.038099050521851 -0.80629998445510853 -2.0121741294860835 -0.0005992150108795612 0.13057304918766025 0.57170149683952343
decision_type=2 2 2 2 2 2 2 2 2 2 2 2 2 2 2 2 2 2 2 2 2 2
left_child=6 18 3 4 -3 -5 14 9 12 11 -11 -8 -9 -10 15 16 -1 -17 -2 21 -21 -20
right_child=1 2 -4 5 -6 -7 7 8 13 10 -12 -13 -14 -15 -16 17 -18 -19 19 20 -22 -23
leaf_value=0.0043844865930064121 -0.0090325482240303095 -0.01755918245577243 0.010109500456004518 0.00031474783489753374 0.0066125028988799541 -0.013231473847219649 -0.0006525563153733663 0.0026638418817615979 -0.010135499965621171 -0.0044169160643316207 0.00023414475787891475 0.0044479677683042446 -0.0042177651792683155 0.0040879535144789751 -0.01494088394929304 -0.0023099299943008618 -0.017643370144713982 0.0011491923324799432 0.015535947111053494 -0.0096536736850520999 0.0057317900513122223 0.0057017191285630613
leaf_weight=166.52882458269596 3.0565144121646872 3.635987013578414 13.511722832918165 315.71949869394302 55.246132597327232 8.0501124113798124 275.96618726849556 91.732097581028938 10.611478745937346 299.18300598859787 266.54372276365757 162.01001608371735 131.76278200745583 285.00317768752575 5.6635212898254386 164.12029524147511 4.9959292113780966 1692.9094336628914 11.769817858934404 7.6608717888593665 40.945292890071869 17.329973161220551
leaf_count=363 10 15 19 783 100 31 719 217 36 880 665 354 388 626 26 456 21 4143 12 25 78 33
internal_value=0.000742965 0.00177536 0.00108774 0.000766565 0.00510291 -1.89728e-05 0.00060426 1.74794e-05 0.00143542 -0.000714877 -0.00222379 0.00123187 -0.00138878 0.003574 0.00104303 0.00108815 0.00373706 0.000842944 0.00513595 0.00570613 0.0032863 0.00971367
internal_weight=4033.96 476.926 396.163 382.652 58.8821 323.77 3557.03 1522.81 519.11 1003.7 565.727 437.976 223.495 295.615 2034.22 2028.55 171.525 1857.03 80.7625 77.706 48.6062 29.0998
internal_count=10000 1106 948 929 115 814 8894 3885 1267 2618 1545 1073 605 662 5009 4983 384 4599 158 148 103 45
is_linear=0
shrinkage=0.01


Tree=288
num_leaves=27
num_cat=0
split_feature=38 39 24 54 6 51 2 47 45 1 51 45 61 48 30 23 39 39 65 46 14 54 56 52 47 53
split_gain=5.71343 17.8067 20.2122 21.0874 23.2741 20.0906 19.7743 16.7131 21.5904 21.4092 15.0462 26.3823 27.8325 25.465 23.7621 22.9302 16.7927 14.5313 13.6118 19.2534 15.928 14.3848 30.3575 13.1228 7.23457 5.55016
threshold=-1.7538841366767881 -0.10255385190248488 6.5000000000000009 1.1621844768524172 -68301415.999999985 0.0069709077943116435 57633.000000000007 0.39904634654521948 -0.9310936927795409 83558.500000000015 -0.003620016272179782 1.0173677802085879 277.39518737792974 1.0043085813522341 71.962188720703139 633.50000000000011 2.4510273933410649 0.57956096529960643 -0.89349979162216175 -0.37152460217475886 19.35000038146973 2.7095706462860112 0.33426189422607427 -0.014507170766592024 0.48220521211624151 0.52152147889137279
decision_type=2 2 2 2 2 2 2 2 2 2 2 2 2 2 2 2 2 2 2 2 2 2 2 2 2 2
left_child=1 5 6 4 -4 7 -3 8 -1 -9 11 12 13 -2 15 -13 -16 -5 19 20 -12 23 -23 -20 -8 -14
right_child=10 2 3 17 -6 -7 24 9 -10 -11 18 14 25 -15 16 -17 -18 -19 21 -21 -22 22 -24 -25 -26 -27
leaf_value=-0.0044116631598849487 -0.00076694836533815289 -0.010075481573254804 -0.0026672021095025637 -0.0032965787367474865 0.0084227299252029562 -0.017917448415624527 0.0046975238662385474 -0.0058288412440700241 0.0077634153757819473 0.007244320997423415 0.0067936547005707252 0.0080703793301074335 -0.017287953384793022 -0.011598582454189613 -0.017339663253504802 0.00062744370768276145 0.010629321757088802 0.0040676446663300741 -0.006705599296376325 -0.017322160410483553 -0.01789985411952448 0.008861724916878198 -0.0028816828084660983 0.0013509068946385861 0.014109870330947141 -0.0015956528495296401
leaf_weight=16.374167501926422 668.94328482449055 5.5547828376293173 249.58500181138515 33.017793864011765 20.441884025931358 4.0380707532167426 14.488967984914778 29.686186000704765 125.13946734368801 21.660916596651077 10.9016250371933 72.471988871693611 13.033395648002623 22.453048378229141 9.1550828665494901 97.269774749875069 2.7571749091148368 139.45264527201653 20.364178568124771 9.7830286324024183 3.4304428696632376 24.988622352480888 183.36336387693882 2212.520361572504 19.963546454906464 2.8987832814455023
leaf_count=48 1752 19 700 94 38 17 30 91 238 40 22 135 54 81 38 246 4 304 61 41 14 45 523 5332 25 8
internal_value=0.000735574 0.00157265 0.000536076 -7.71058e-05 -0.00182396 0.00410771 0.00734312 0.00457405 0.0063476 -0.000294416 0.000565731 -0.000548882 -0.00142284 -0.00112015 0.00284865 0.00381113 -0.0107821 0.00265204 0.000968055 -0.00650239 0.000813382 0.00104226 -0.00146844 0.00127698 0.0101805 -0.0144956
internal_weight=4033.74 679.403 482.505 442.497 270.027 196.899 40.0073 192.861 141.514 51.3471 3354.33 888.983 707.329 691.396 181.654 169.742 11.9123 172.47 2465.35 24.1151 14.3321 2441.24 208.352 2232.88 34.4525 15.9322
internal_count=10000 1644 1210 1136 738 434 74 417 286 131 8356 2318 1895 1833 423 381 42 398 6038 77 36 5961 568 5393 55 62
is_linear=0
shrinkage=0.01


Tree=289
num_leaves=13
num_cat=0
split_feature=11 11 3 47 1 69 55 9 52 69 2 54
split_gain=5.74921 6.82061 22.4591 17.0612 15.5448 6.85011 17.5397 15.5028 10.2025 24.1977 16.9503 5.82993
threshold=81.835556030273452 62.632709503173835 -4754.4999999999991 0.68807667493820202 112185.50000000001 94.65845108032228 -0.6303010582923888 2837487.5000000005 0.0072801304049789914 39.039026260375984 14647.500000000002 3.2793884277343754
decision_type=2 2 2 2 2 2 2 2 2 2 2 2
left_child=1 5 11 4 -4 8 -7 -8 10 -10 -1 -3
right_child=-2 2 3 -5 -6 6 7 -9 9 -11 -12 -13
leaf_value=0.0041882428509700037 0.011390669538887677 -0.016328238374724996 0.0062667806171272855 -0.017254856559194811 -0.016307356308238832 -0.015588419045608147 -0.0050458515890797022 0.0011984571573485016 -0.017693387477226281 0.0018968853419032824 0.00039374081504324644 0.00022953960978022118
leaf_weight=123.1774517595768 5.0632310956716529 12.024192199110983 28.422800660133365 4.3591417372226706 3.3982890248298636 7.910977214574813 53.568269982933998 153.92433029413223 6.3386901170015326 933.34856395423412 2699.6117336452007 2.4394026547670355
leaf_count=274 7 51 58 18 15 35 176 392 26 2172 6769 7
internal_value=0.000728232 0.000714583 -0.00292806 0.00125721 0.00382458 0.00076121 -0.000970947 -0.000408814 0.000860642 0.00176367 0.000559675 -0.0134665
internal_weight=4033.59 4028.52 50.6438 36.1802 31.8211 3977.88 215.404 207.493 3762.48 939.687 2822.79 14.4636
internal_count=10000 9993 149 91 73 9844 603 568 9241 2198 7043 58
is_linear=0
shrinkage=0.01


Tree=290
num_leaves=23
num_cat=0
split_feature=28 34 7 37 69 54 59 0 45 35 47 54 31 61 10 64 36 0 19 31 67 23
split_gain=5.69048 16.2879 15.2674 14.4628 18.7765 16.5988 13.5082 17.156 22.966 17.4653 15.3437 22.0533 25.0811 21.4937 16.8917 18.8633 17.8492 10.5053 13.358 4.82788 6.7109 4.20122
threshold=58.125000000000007 -0.48834280669689173 3.8125413656234746 -1.7864711880683897 9.9374313354492205 2.7095706462860112 0.61053287982940685 80588.500000000015 -0.61842960119247425 -0.80006766319274891 0.45106196403503424 1.1621844768524172 5.1718027591705331 147.18748474121097 -6.0309999753371806e-05 9.2631258964538592 -1.2405637502670286 92702.500000000015 55578.443359375007 -4.0212764739990225 -1.2630741596221922 104.50000000000001
decision_type=2 2 2 2 2 2 2 2 2 2 2 2 2 2 2 2 2 2 2 2 2 2
left_child=6 17 3 4 -3 -5 7 -1 21 -10 14 13 -13 -12 15 -8 -16 19 -19 -2 -21 -9
right_child=1 2 -4 5 -6 -7 10 8 9 -11 11 12 -14 -15 16 -17 -18 18 -20 20 -22 -23
leaf_value=0.015481927586648828 0.017595292422507253 -0.0097451172067096088 -0.015966397418462695 0.0017542060460543913 -0.00028894037132537692 -0.001976297713231324 0.0029706153854310992 0.0031221696555837901 0.0032961452411970848 -0.01743329258143508 0.0019427634603482657 0.0024770108054469908 0.011177185191497652 -0.0021777910188735031 0.0032246260081760804 -0.0016430972380916632 -0.00047967727316703535 0.007314887558379073 -0.017629977333073643 0.0016141778035939156 0.015040981154025862 0.013848684115935475
leaf_weight=13.020260080695151 8.7610257118940353 23.230509787797928 5.2745942771434775 1369.8154264837503 221.4418728351593 130.40235282480717 99.187559232115746 5.9241801351308814 8.4050950556993467 7.755519434809691 324.46818552911282 177.73181016743183 40.892452672123909 207.46791923046112 225.93931758403778 822.14148177206516 305.70585006475449 6.6780975311994535 3.1592707484960556 8.016148775815962 7.2669898569583902 10.807579934597014
leaf_count=15 9 81 23 3224 578 360 224 13 19 32 760 407 65 575 517 2236 797 12 13 18 8 14
internal_value=0.000720964 0.00114301 0.00100941 0.0010613 -0.00119085 0.00142928 0.00038579 0.00575541 0.00187482 -0.00659009 0.000273455 0.00143473 0.0041089 0.000333768 -0.000325732 -0.00114531 0.0010927 0.00801459 -0.000594502 0.0115785 0.00806393 0.0101105
internal_weight=4033.49 1784.05 1750.16 1744.89 244.672 1500.22 2249.45 45.9126 32.8924 16.1606 2203.53 750.56 218.624 531.936 1452.97 921.329 531.645 33.8815 9.83737 24.0442 15.2831 16.7318
internal_count=10000 4326 4266 4243 659 3584 5674 93 78 51 5581 1807 472 1335 3774 2460 1314 60 25 35 26 27
is_linear=0
shrinkage=0.01


Tree=291
num_leaves=21
num_cat=0
split_feature=27 1 72 23 68 55 2 58 17 34 34 20 1 10 20 25 6 31 37 50
split_gain=5.75995 15.0917 13.2564 20.7375 10.0244 23.2607 13.5648 8.33243 15.5597 10.5499 10.1974 18.6994 11.7252 8.44938 27.291 24.3588 15.3888 8.87386 35.0083 9.40279
threshold=-195935.99999999997 53219.500000000007 -897330.21874999988 674.50000000000011 34.064092636108406 -0.059762690216302865 402099.00000000006 -91655.999999999985 50727.500000000007 0.72370931506156932 -0.29397323727607721 64618.808593750007 98047.000000000015 -0.0011660349555313585 100441.03906250001 240.50000000000003 -154717247.99999997 -7.0992269515991202 -2.2439454793930049 0.0032222156878560786
decision_type=2 2 2 2 2 2 2 2 2 2 2 2 2 2 2 2 2 2 2 2
left_child=1 -1 4 -4 5 -3 -6 8 10 -10 11 -2 -12 14 15 -9 -16 18 -15 -19
right_child=7 2 3 -5 6 -7 -8 13 9 -11 12 -13 -14 17 16 -17 -18 19 -20 -21
leaf_value=-0.016045826351655849 -0.010986844754777377 0.0034008912947853065 -0.016287646419679499 0.010746314027176214 0.0092847189667327138 -0.0095227645022930556 -0.0065194599570903124 0.0088601214529343657 -0.016151572177781976 0.002687028967131517 -0.0033630437607924551 0.0045392237436976584 0.009291905164612306 -0.0078237344289481883 -0.00090092224078140097 -0.015604785372331212 0.013821640595268244 5.8577545691769812e-05 0.0023056563569874978 0.0013349926451437007
leaf_weight=4.3703216761350623 10.079442352056502 132.26309940218925 8.443610802292822 4.2290027588605872 42.731694862246513 15.535350352525709 6.1451015770435324 4.9654622524976757 6.4519864171743375 5.3679071366786957 8.4989610612392408 33.523177593946457 48.386080384254456 36.219181284308434 42.536972135305405 21.476911783218384 8.5015747696161252 2235.9277246296406 578.84697094559669 778.78984226286411
leaf_count=19 34 286 36 6 69 54 19 9 28 12 24 70 78 119 113 85 12 5682 1357 1888
internal_value=0.000713799 0.00231312 0.00270116 -0.00718718 0.00334339 0.0020357 0.00727726 0.000624049 0.00330929 -0.00751157 0.00459205 0.000927191 0.0073836 0.000542433 -0.0027228 -0.0109728 0.00153185 0.000612408 0.00170754 0.000388645
internal_weight=4033.29 213.718 209.348 12.6726 196.675 147.798 48.8768 3819.57 112.308 11.8199 100.488 43.6026 56.885 3707.26 77.4809 26.4424 51.0385 3629.78 615.066 3014.72
internal_count=10000 489 470 42 428 340 88 9511 246 40 206 104 102 9265 219 94 125 9046 1476 7570
is_linear=0
shrinkage=0.01


Tree=292
num_leaves=27
num_cat=0
split_feature=23 2 49 3 40 40 40 46 39 38 68 40 46 1 51 2 10 38 18 49 34 34 46 17 34 56
split_gain=5.67381 13.5133 14.9991 19.8205 18.6819 18.4142 11.0779 10.8641 9.48519 9.23642 15.1099 9.3084 27.9799 15.46 14.7016 11.3756 12.1707 9.38524 8.79158 8.75861 11.6546 7.98354 8.98115 5.82745 4.80125 9.36693
threshold=1303.5000000000002 31522.500000000004 0.52992185950279247 3953.5000000000005 -1.902381360530853 -1.4209909439086912 -2.1408281326293941 0.75180989503860485 -0.41722278296947474 2.8406968116760258 78.571483612060561 2.811020135879517 -0.58636528253555287 123059.50000000001 0.0063777007162570962 402099.00000000006 -0.00021709500288125125 2.289339661598206 860.50000000000011 0.91150036454200756 0.76815447211265575 1.4731591343879702 0.75180989503860485 25490.000000000004 -0.57939127087593068 1.3054938912391665
decision_type=2 2 2 2 2 2 2 2 2 2 2 2 2 2 2 2 2 2 2 2 2 2 2 2 2 2
left_child=9 19 6 5 -5 -4 7 -3 -8 11 18 15 13 -13 -14 17 -17 -1 -11 20 -2 22 -12 -20 -21 -26
right_child=1 2 3 4 -6 -7 8 -9 -10 10 21 12 14 -15 -16 16 -18 -19 23 24 -22 -23 -24 -25 25 -27
leaf_value=0.00051061852425015838 -0.01051010473842422 -0.018229172176198769 0.0031487573910555337 -0.0090442750332169926 0.0036820679642748772 -0.0043972261610304144 -0.0021524202042634897 0.0070087340511232757 0.0063597051342448307 0.0022920623163856378 -0.0092077184751442488 0.0068872590406857392 -0.010490531943626232 -0.0036068914883850439 -0.00079249320712983912 0.0070361749364497 0.00051313634564930906 0.0034020952139909785 -0.015139102943937371 0.016690996489630266 0.0089695637170778744 0.011504222661513706 0.01224130278264874 0.001563764274231928 -0.00026613661205127532 0.016420400690439423
leaf_weight=3168.8075178563595 5.2111513316631299 4.1275236755609503 44.470975294709206 12.494232460856436 144.82978367805481 117.44872443377972 15.060534358024595 2.835738867521286 92.330549106001854 4.7257880866527584 6.5991268903017026 36.945883482694626 38.891369491815567 22.504343912005424 26.528741836547852 58.099136397242546 57.040071547031403 116.53551387786865 15.288530915975572 9.8267264664173126 7.4515286982059479 6.6156754791736594 2.7473477125167847 2.2958574891090384 7.2631983757019043 6.0868631154298782
leaf_count=7908 18 17 102 41 301 353 41 5 176 13 26 73 148 64 75 105 136 262 70 10 12 10 4 6 18 6
internal_value=0.000706699 0.00174116 0.00125061 0.000134228 0.00266502 -0.00231856 0.00435849 -0.0078076 0.00515665 0.000570149 -0.00431268 0.000623442 -0.00205597 0.00289797 -0.00657313 0.000722128 0.00381334 0.000613487 -0.00963832 0.00764802 0.000874003 0.00306828 -0.0027959 -0.0129015 0.0113059 0.00726706
internal_weight=4033.06 469.438 433.598 319.244 157.324 161.92 114.354 6.96326 107.391 3563.62 38.2723 3525.35 124.87 59.4502 65.4201 3400.48 115.139 3285.34 22.3102 35.8395 12.6627 15.9622 9.34647 17.5844 23.1768 13.3501
internal_count=10000 1100 1036 797 342 455 239 22 217 8900 129 8771 360 137 223 8411 241 8170 89 64 30 40 30 76 34 24
is_linear=0
shrinkage=0.01


Tree=293
num_leaves=20
num_cat=0
split_feature=20 63 10 25 10 6 52 47 19 56 27 19 31 27 68 31 10 31 39
split_gain=5.62877 13.6698 12.1931 20.5097 19.2229 20.3406 13.3523 11.5045 21.2066 19.3663 20.0296 15.485 11.3824 21.8228 23.8387 13.7861 20.3776 17.9655 2.72094
threshold=535533.21875000012 6.561220884323121 0.00060028998996131133 32275.500000000004 -6.0309999753371806e-05 -155771591.99999997 -0.014507170766592024 -0.57543706893920887 391456.68750000006 -0.71890088915824879 -71159.999999999985 241874.40625000003 -12.781009197235106 79600.000000000015 81.832210540771499 -4.0212764739990225 -0.0011660349555313585 0.22595372796058658 2.6265919208526616
decision_type=2 2 2 2 2 2 2 2 2 2 2 2 2 2 2 2 2 2 2
left_child=7 18 4 -4 5 -3 -6 8 9 10 -1 -11 13 14 -9 16 -14 -17 -2
right_child=1 2 3 -5 6 -7 -8 12 -10 11 -12 -13 15 -15 -16 17 -18 -19 -20
leaf_value=-0.0094557765837223143 -0.015612500014582651 0.0014625941729993223 0.0099718733172527961 -0.017678879151399932 0.012551095776906416 -0.011557515071073643 0.0040069155718622726 -0.0062943358572123478 -0.016727199324666563 -0.0018621536513976787 0.0048789670501187864 0.0025735244188737389 -0.006876146185189197 0.012232496455987842 0.012614087882836838 -0.00075797347242217679 0.0023111233462795801 0.0012311577834756152 -0.0022569387772600601
leaf_weight=10.777124047279356 5.2369390428066245 332.85656560957432 4.0546290725469571 7.744113564491272 22.867326855659485 12.434825271368025 95.38289412856102 69.238220855593681 8.0557165294885618 481.55618862807751 98.451774299144745 93.913414940237999 24.839654445648193 8.691091373562811 7.3475321829318991 721.82396142184734 802.82018013298512 1222.2164262831211 2.4174012392759323
leaf_count=38 23 780 6 32 31 44 204 216 34 1333 211 224 80 13 11 1885 1872 2956 7
internal_value=0.000699698 0.00171353 0.00192882 -0.00809196 0.00218604 0.000990811 0.00566765 0.000561469 -0.000593798 -0.000402522 0.00345547 -0.00113654 0.000841946 -0.00275353 -0.00446723 0.000952929 0.00203419 0.000492077 -0.0115252
internal_weight=4032.73 482.995 475.34 11.7987 463.542 345.291 118.25 3549.73 692.754 684.699 109.229 575.47 2856.98 85.2768 76.5858 2771.7 827.66 1944.04 7.65434
internal_count=10000 1127 1097 38 1059 824 235 8873 1840 1806 249 1557 7033 240 227 6793 1952 4841 30
is_linear=0
shrinkage=0.01


Tree=294
num_leaves=29
num_cat=0
split_feature=38 39 27 24 54 2 61 15 61 47 67 38 72 48 22 19 9 39 59 38 9 55 47 68 31 2 2 47
split_gain=5.63629 17.3626 27.5366 19.826 20.4991 19.3913 18.8796 23.6888 16.5467 15.8792 16.1131 14.7531 26.1757 20.4901 24.9677 23.8951 14.5962 14.2362 10.6927 24.266 21.0535 20.1438 23.6492 15.6455 11.0801 8.71334 8.87686 7.06656
threshold=-1.7538841366767881 -0.10255385190248488 -9463.9999999999982 6.5000000000000009 1.1621844768524172 57633.000000000007 174.2984313964844 17.60000038146973 81.073898315429702 0.39904634654521948 -0.60061943531036366 -1.473759591579437 -878678.56249999988 1.4293313622474673 105488.21484375001 534538.34375000012 2640770.0000000005 0.57956096529960643 1.5500127673149111 0.82196417450904857 3354835.5000000005 -0.94904372096061695 0.82525923848152172 10.69508743286133 5.1718027591705331 22334.000000000004 86551.500000000015 0.48220521211624151
decision_type=2 2 2 2 2 2 2 2 2 2 2 2 2 2 2 2 2 2 2 2 2 2 2 2 2 2 2 2
left_child=1 2 9 5 8 -3 -4 -8 -5 10 -1 12 13 14 -2 -15 -11 -6 21 24 -21 22 -13 -23 -20 -14 -27 -7
right_child=11 3 6 4 17 27 7 -9 -10 16 -12 18 25 15 -16 -17 -18 -19 19 20 -22 23 -24 -25 -26 26 -28 -29
leaf_value=0.0057422985259165879 -0.0026931268819810018 -0.010011082981541278 -0.017790119329769583 0.0021590022143081014 -0.0033047322854935614 0.0046343759172876812 -0.012374616820811112 0.0094588513761047627 -0.0033655380129141623 -0.010045638289272215 0.015318438544563122 -0.0046228774050737411 0.019686545765084641 0.0091759503159897244 -0.014096532346820992 -0.012485147978458582 0.0035765884795680883 0.0039861720383532421 0.0044411816449185949 -0.0068529135291573911 0.0019976736861191057 0.0097833420039248262 0.004647520798538563 0.0006535091688357835 -0.010294162121216976 -0.0068155787598930921 0.011607365237808904 0.013941905650897195
leaf_weight=102.70871587097645 172.60500712692738 5.5498830676078788 8.2501206845045107 74.855137035250664 33.00235715508461 14.478894799947737 8.6624460369348544 11.652949273586271 195.05072948336601 10.233245387673376 21.43283300101757 139.67581477761269 6.1034571230411556 24.927791222929958 21.680778831243515 6.3682922571897498 33.918514728546143 139.3746175467968 237.56050033867359 44.402230113744736 67.850386098027229 18.926019385457039 34.168882817029953 2562.9292361140251 5.1753136664628974 4.1323627680540067 6.923910841345787 19.945041567087173
leaf_count=211 479 19 34 173 94 30 32 21 565 34 27 417 6 42 82 24 75 304 485 143 154 32 76 6375 18 13 10 25
internal_value=0.000692728 0.00152427 0.00402762 0.000500317 -0.000107015 0.00724505 -0.005032 9.98782e-05 -0.00182967 0.00557131 0.00740366 0.000524031 -0.00184923 -0.00275839 -0.00397081 0.00473628 0.000396657 0.00258449 0.000709549 0.00234383 -0.00149432 0.000498659 -0.00279504 0.000720822 0.00412289 0.0100444 0.00463121 0.0100562
internal_weight=4032.55 679.115 196.859 482.257 442.283 39.9738 28.5655 20.3154 269.906 168.293 124.142 3353.43 242.742 225.582 194.286 31.2961 44.1518 172.377 3110.69 354.988 112.253 2755.7 173.845 2581.86 242.736 17.1597 11.0563 34.4239
internal_count=10000 1644 434 1210 1136 74 87 53 738 347 238 8356 656 627 561 66 109 398 7700 800 297 6900 493 6407 503 29 23 55
is_linear=0
shrinkage=0.01


Tree=295
num_leaves=13
num_cat=0
split_feature=11 11 3 40 36 69 55 40 52 69 40 54
split_gain=5.62292 6.67077 22.0175 16.7937 22.4724 6.76279 17.2112 15.1536 9.91597 23.6709 16.6575 5.75379
threshold=81.835556030273452 62.632709503173835 -4754.4999999999991 -0.4155867844820022 0.48522853851318365 94.65845108032228 -0.6303010582923888 -2.4754198789596553 0.0072801304049789914 39.039026260375984 2.3803361654281621 3.2793884277343754
decision_type=2 2 2 2 2 2 2 2 2 2 2 2
left_child=1 5 11 -4 -5 8 -7 -8 10 -10 -1 -3
right_child=-2 2 3 4 -6 6 7 -9 9 -11 -12 -13
leaf_value=0.00070261003279967346 0.011250851010555904 -0.016235801462877779 0.016982266155532728 0.0034375846417214347 -0.015965943223575359 -0.015514215345098302 0.01085895498666322 -0.0010974792045548504 -0.017559287387129838 0.0018393453938957633 -0.0027253911666078744 0.00021321843737309802
leaf_weight=2672.4173374772072 5.0433238744735709 11.984309285879133 5.6982190608978263 22.328466743230823 8.1294937133789045 7.8785668313503256 11.198491245508192 196.21683590114117 6.3238106220960608 933.02749206125736 149.59244860708714 2.4401515871286383
leaf_count=6608 7 51 5 50 36 35 18 550 26 2172 435 7
internal_value=0.000685849 0.00067237 -0.00293245 0.00120946 -0.00170855 0.000718473 -0.00100314 -0.000447122 0.000817281 0.00170769 0.00052054 -0.0133838
internal_weight=4032.28 4027.24 50.5806 36.1562 30.458 3976.65 215.294 207.415 3761.36 939.351 2822.01 14.4245
internal_count=10000 9993 149 91 86 9844 603 568 9241 2198 7043 58
is_linear=0
shrinkage=0.01


Tree=296
num_leaves=19
num_cat=0
split_feature=27 1 72 23 26 21 40 18 7 57 53 27 45 28 72 27 39 54
split_gain=5.61474 14.7961 13.0355 20.3122 10.5231 12.3539 8.39414 16.6046 14.7023 14.2647 13.0366 10.2966 27.3936 21.9834 15.8605 20.1104 14.3662 4.74465
threshold=-195935.99999999997 53219.500000000007 -897330.21874999988 674.50000000000011 1.0127141475677492 2387.5000000000005 -1.5049716234207151 100567.00000000001 2.4250384569168095 1.5031476616859438 0.37951920926570898 -99567.999999999985 -1.0132195353507993 -1899.9999999999998 -1921714.8124999998 169520.00000000003 -1.1936948895454405 1.5526572465896609
decision_type=2 2 2 2 2 2 2 2 2 2 2 2 2 2 2 2 2 2
left_child=1 -1 4 -4 5 -3 7 8 10 -10 -2 12 -8 -14 16 -16 -13 -6
right_child=6 2 3 -5 17 -7 11 -9 9 -11 -12 14 13 -15 15 -17 -18 -19
leaf_value=-0.015961895792869014 0.00098080690048677941 0.00092798600577355698 -0.016202376074288032 0.010585409046435831 0.0048094380107903956 0.0068330668509363124 -0.017105497566862141 -0.016640926824809447 -0.016308220498957211 0.0098362309568641188 0.0041106232511988316 -0.0036516440571956327 0.0053936963434113227 -0.0021123526360731074 0.00016556618987365382 -0.0080482172695865769 0.0018808354279566165 0.015509565440830162
leaf_weight=4.3502112776041022 405.73837459087372 130.01776622235775 8.4160908162593824 4.2196556478738776 7.9355189055204418 48.974731624126434 10.737800389528273 4.9103548973798743 8.2097585052251798 2.7473912835121146 198.95389702916145 49.322824358940125 47.118318125605583 226.00531986355782 1907.7276758998632 30.280087351799011 926.91522175073624 9.5328577756881696
leaf_count=19 989 310 36 6 15 94 45 21 35 4 419 142 96 623 4860 105 2172 9
internal_value=0.000679016 0.00225905 0.00264291 -0.00717756 0.00327963 0.00254928 0.000590437 0.00165528 0.00180283 -0.00966151 0.00201222 0.000383503 -0.00143357 -0.000813774 0.000560838 3.67153e-05 0.00160029 0.010706
internal_weight=4032.11 213.447 209.097 12.6357 196.461 178.992 3818.67 620.56 615.649 10.9571 604.692 3198.11 283.861 273.124 2914.25 1938.01 976.238 17.4684
internal_count=10000 489 470 42 428 404 9511 1468 1447 39 1408 8043 764 719 7279 4965 2314 24
is_linear=0
shrinkage=0.01


Tree=297
num_leaves=28
num_cat=0
split_feature=46 61 49 3 27 54 20 55 37 35 52 68 38 3 62 10 20 1 45 27 17 2 20 45 60 54 39
split_gain=5.61791 14.7826 15.46 17.5675 15.8237 13.9486 13.7453 14.0078 12.4696 11.9682 11.299 8.32945 24.8973 28.1524 28.7845 23.6256 30.8886 28.5748 17.2159 31.5587 27.1116 23.9076 17.7212 22.3923 18.2149 14.4668 5.3085
threshold=-1.0176488757133482 89.921401977539077 -0.7635214328765868 -6139.4999999999991 -7675.9999999999991 -0.74617168307304371 139250.26562500003 1.4085281491279604 1.6164382100105288 1.0401148200035097 0.016698353923857216 68.43418121337892 -0.096356704831123338 -2261.4999999999995 40.716783523559577 -0.00077432498801499594 637491.37500000012 36047.500000000007 -0.9310936927795409 6808.0000000000009 1654.0000000000002 333835.50000000006 20868.695312500004 -0.78143149614334095 0.0026843844680115585 1.7288748621940615 3.2481319904327397
decision_type=2 2 2 2 2 2 2 2 2 2 2 2 2 2 2 2 2 2 2 2 2 2 2 2 2 2 2
left_child=1 2 3 4 -1 8 7 -7 9 -3 -10 18 13 25 -15 16 -14 -17 19 21 -21 -2 24 -24 -20 -13 -5
right_child=11 5 -4 26 -6 6 -8 -9 10 -11 -12 12 15 14 -16 17 -18 -19 22 20 -22 -23 23 -25 -26 -27 -28
leaf_value=-0.0073122061505746265 -0.0065334924537393778 0.0049780407037648203 0.015631189705495666 -0.018414856976436807 0.0088058435887526498 0.00070260388548144565 -0.017987936410373259 0.0096557265827243478 -0.018336514063165617 0.014310023002569843 0.00679393054684566 -0.013179957681373715 0.0063192085752260888 -0.0048451593765957693 0.0070912330333569445 -0.0053894166147759092 -0.017645320712018346 0.00063764956709969772 0.0015933282060326375 -0.0030647154424377687 0.011707571708035349 0.010119949261574675 -0.0036195540920825491 0.00090132420276336405 0.0063665331865366938 -0.00093295792119758652 -0.0018122258192036259
leaf_weight=15.054335117340086 106.31263387203217 74.64831668138504 3.7373535335063925 10.236952096223829 10.213048487901689 192.63127988576889 3.6675396561622611 19.264504700899124 3.940262258052825 17.076552554965019 3.2035796940326691 38.156999826431274 94.505583420395851 59.191629573702812 30.646512523293495 93.070282474160194 5.6836662739515296 507.4871466755867 276.15030567348003 24.599891617894173 24.938387423753738 9.3368040770292264 115.32983595132828 2164.0264006406069 113.04370309412479 13.149316444993017 2.5411092191934577
leaf_count=47 340 151 4 42 17 472 15 32 16 21 6 143 190 179 58 290 24 1267 652 67 38 14 330 5324 217 37 7
internal_value=0.000672274 0.00187253 -0.00370592 -0.00563176 -0.000757732 0.002617 0.00118473 0.0015213 0.00572964 0.00672629 -0.00692705 0.000555682 -0.000316825 -0.00414927 -0.000762163 0.00045368 0.00494974 -0.000294719 0.000815253 -0.00231572 0.00435171 -0.00518035 0.00100944 0.00067214 0.0029823 -0.0100607 -0.0151914
internal_weight=4031.84 356.215 41.7828 38.0454 25.2674 314.432 215.563 211.896 98.8687 91.7249 7.14384 3675.63 841.891 141.144 89.8381 700.747 100.189 600.557 2833.74 165.188 49.5383 115.649 2668.55 2279.36 389.194 51.3063 12.7781
internal_count=10000 830 117 113 64 713 519 504 194 172 22 9170 2188 417 237 1771 214 1557 6982 459 105 354 6523 5654 869 180 49
is_linear=0
shrinkage=0.01


Tree=298
num_leaves=25
num_cat=0
split_feature=28 34 37 69 28 67 0 53 36 59 24 32 26 62 55 41 27 59 14 2 28 22 2 19
split_gain=5.59153 15.9719 14.6242 18.3641 33.4812 26.1307 16.2758 31.2644 20.8263 13.2389 16.818 18.2179 15.6881 14.4557 15.9951 14.8784 13.2227 15.4543 12.9136 10.3081 20.4963 9.73006 4.74936 3.83748
threshold=58.125000000000007 -0.48834280669689173 -1.7864711880683897 9.9374313354492205 116.06250000000001 -2.7754706144332881 80588.500000000015 -0.92373427748680104 0.64378961920738231 0.61053287982940685 439.50000000000006 1.0000000180025095e-35 0.0337143111974001 9.117624759674074 1.0000000180025095e-35 0.29770106077194219 -56151.999999999993 1.0917317867279055 13.000000000000002 98039.500000000015 96.437500000000014 -7103.2299804687491 44333.500000000007 76764.183593750015
decision_type=2 2 2 2 2 2 2 2 2 2 2 2 2 2 2 2 2 2 2 2 2 2 2 2
left_child=9 19 3 4 -3 -5 8 -8 -4 10 21 -12 16 14 -14 -15 17 -11 -18 22 -21 -1 -2 -23
right_child=1 2 6 5 -6 -7 7 -9 -10 12 11 -13 13 15 -16 -17 18 -19 -20 20 -22 23 -24 -25
leaf_value=0 0.0058029375738223874 0.0093117744200445982 0.002041573722347559 0.0041619370321244247 -0.017220045183130639 -0.002980190457628444 -0.0039913556391363318 0.0025827035953133286 -0.0020231733546345796 0.0062650413659520263 -0.0169626334108707 0.0056219042544315189 0.0073469950256725269 0.00013777370276803349 -0.00082008111872495365 0.0078650216957748039 -0.0064826824501991939 -0.016784698291752449 0.0044071451033406706 0.010113055200908969 -0.018359829696664498 0.0099384750893584412 0.015401107780627712 0.018710975662936662
leaf_weight=7.4732323586940792 8.8230685442686099 6.5735348761081722 235.14276501536369 79.828834176063538 16.847619742155075 142.84679315984249 78.417017668485641 917.93436898291111 271.6193370372057 21.620136275887493 5.7660463303327534 9.3049671947956085 60.813992142677307 1958.3348093926907 39.255312457680702 25.246809899806976 81.584791004657745 3.3451713323593131 12.453864619135855 7.0834826380014402 3.9312920719385147 15.080618023872377 13.982419162988661 8.2337613105773908
leaf_count=19 17 12 548 177 70 407 225 2075 752 45 24 19 113 4968 102 47 264 14 28 11 16 24 16 7
internal_value=0.000665601 0.00108406 0.000951811 -0.00130588 -0.00973075 -0.000415259 0.00132212 0.00206429 -0.000135116 0.000333323 0.00565212 -0.0029524 0.000222133 0.000424246 0.00413321 0.000236629 -0.00330828 0.00313649 -0.00502987 0.00789474 0 0.00989665 0.0117316 0.0130795
internal_weight=4031.54 1783.03 1749.21 246.097 23.4212 222.676 1503.11 996.351 506.762 2248.51 45.8586 15.071 2202.65 2083.65 100.069 1983.58 119.004 24.9653 94.0387 33.8203 11.0148 30.7876 22.8055 23.3144
internal_count=10000 4326 4266 666 82 584 3600 2300 1300 5674 93 43 5581 5230 215 5015 351 59 292 60 27 50 33 31
is_linear=0
shrinkage=0.01


Tree=299
num_leaves=17
num_cat=0
split_feature=18 39 49 27 46 9 19 49 24 57 50 46 72 40 65 72
split_gain=5.52926 5.83367 13.3384 13.4897 25.0551 10.605 9.55193 14.0264 12.4107 8.74004 16.4552 20.8109 16.6031 16.184 18.8697 15.0435
threshold=1.0000000180025095e-35 2.4510273933410649 -0.1937102526426315 -109543.99999999999 -0.10387073084712027 3933718.5000000005 76764.183593750015 -0.91277694702148426 714.50000000000011 1.0949720740318301 0.0062985129188746223 1.2094430923461916 -1183022.6874999998 3.1411072015762334 1.6034188866615298 -1098813.9999999998
decision_type=2 2 2 2 2 2 2 2 2 2 2 2 2 2 2 2
left_child=-1 9 6 5 -5 -4 7 -3 -8 13 12 -12 -11 15 -15 -2
right_child=1 2 3 4 -6 -7 8 -9 -10 10 11 -13 -14 14 -16 -17
leaf_value=0.0082093821584643505 0.0015180158905774602 0.0057601663699144694 0.0062777793966565043 -0.015650525653059653 -0.00064857690460168847 -0.0019430836450517056 0.0076645216151351829 0 -0.004921981930811177 -0.0012799624834921785 0.00058530104524214931 0.0074924611043118055 0.0011495130655986127 -0.016313848616310453 0.011931298417562844 -0.0004484121340540396
leaf_weight=9.6981430798768979 1488.0193705558777 64.130281403660774 45.477463528513908 12.184621199965475 131.28927271068096 23.721422553062439 66.905139029026031 123.06810326874256 8.7727016359567624 882.64825487136841 163.8758290708065 59.632630541920662 412.51023057103157 10.526691302657126 3.0091427564620963 525.80804985761642
leaf_count=17 3578 120 86 54 341 63 112 303 26 2335 413 109 1022 45 5 1371
internal_value=0.000658999 0.000640542 0.00168147 -0.000176055 -0.0019296 0.00344521 0.00318804 0.0019682 0.00619226 0.000500665 -7.2339e-05 0.00243262 -0.000505398 0.000930386 -0.00996081 0.00100409
internal_weight=4031.28 4021.58 475.549 212.673 143.474 69.1989 262.876 187.198 75.6778 3546.03 1518.67 223.508 1295.16 2027.36 13.5358 2013.83
internal_count=10000 9983 1105 544 395 149 561 423 138 8878 3879 522 3357 4999 50 4949
is_linear=0
shrinkage=0.01


end of trees

feature_importances:
z_oi=246
price_atr=207
z_btc_20=198
Buy_Qty=182
ret_kurt_10=182
vol_regime=181
atr_ratio_lag1=177
macro_score=172
z_ask_trades=170
btc_cvd_mom=166
ret_skew_20=157
cvd_accel=156
ret_kurt_20=154
Agg._OI=149
pull_ema8=149
z_btc_4=148
cvd_delta=147
z_delta_qty=145
Sell_Qty=144
z_cvd_20=140
ret_skew_10=140
z_bid_qty=136
Candle_Delta=132
Agg._Funding_Rate=129
z_btc_10=125
rsi=125
atr_ratio=122
log_ret_1=117
z_ask_qty=114
btc_CVD=113
z_cvd_4=109
atr=108
z_bid_trades=108
pull_ema50=108
ret_lag1=107
Delta_Qty=106
log_ret_3=104
stoch_k=104
Bid_Trades=102
Ask_Qty=97
Delta_USD=96
Ask_USD=94
Bid_Qty=91
Ask_Trades=91
Candle=90
Bid_USD=87
z_cvd_10=77
log_ret_5=62
Long/Short_Ratio_(Account)=54
RSI=49
ema_slow=49
total_qty=46
Whale_Ind=39
Net_Longs=39
CVD=38
ema_50=36
Price_Low=35
ema_21=31
ema_fast=28
ema_8=27
pull_ema21=24
funding=19
z_ls=15
macro=6
Price_High=5
Net_Shorts=3
Mid_Price=1

parameters:
[boosting: gbdt]
[objective: binary]
[metric: binary_logloss]
[tree_learner: serial]
[device_type: cpu]
[data_sample_strategy: bagging]
[data: ]
[valid: ]
[num_iterations: 300]
[learning_rate: 0.01]
[num_leaves: 31]
[num_threads: 1]
[seed: 42]
[deterministic: 0]
[force_col_wise: 0]
[force_row_wise: 0]
[histogram_pool_size: -1]
[max_depth: 5]
[min_data_in_leaf: 10]
[min_sum_hessian_in_leaf: 0.001]
[bagging_fraction: 0.8]
[pos_bagging_fraction: 1]
[neg_bagging_fraction: 1]
[bagging_freq: 0]
[bagging_seed: 400]
[bagging_by_query: 0]
[feature_fraction: 0.8]
[feature_fraction_bynode: 1]
[feature_fraction_seed: 30056]
[extra_trees: 0]
[extra_seed: 12879]
[early_stopping_round: 0]
[early_stopping_min_delta: 0]
[first_metric_only: 0]
[max_delta_step: 0]
[lambda_l1: 0.1]
[lambda_l2: 0]
[linear_lambda: 0]
[min_gain_to_split: 0]
[drop_rate: 0.1]
[max_drop: 50]
[skip_drop: 0.5]
[xgboost_dart_mode: 0]
[uniform_drop: 0]
[drop_seed: 17869]
[top_rate: 0.2]
[other_rate: 0.1]
[min_data_per_group: 100]
[max_cat_threshold: 32]
[cat_l2: 10]
[cat_smooth: 10]
[max_cat_to_onehot: 4]
[top_k: 20]
[monotone_constraints: ]
[monotone_constraints_method: basic]
[monotone_penalty: 0]
[feature_contri: ]
[forcedsplits_filename: ]
[refit_decay_rate: 0.9]
[cegb_tradeoff: 1]
[cegb_penalty_split: 0]
[cegb_penalty_feature_lazy: ]
[cegb_penalty_feature_coupled: ]
[path_smooth: 0]
[interaction_constraints: ]
[verbosity: -1]
[saved_feature_importance_type: 0]
[use_quantized_grad: 0]
[num_grad_quant_bins: 4]
[quant_train_renew_leaf: 0]
[stochastic_rounding: 1]
[linear_tree: 0]
[max_bin: 63]
[max_bin_by_feature: ]
[min_data_in_bin: 3]
[bin_construct_sample_cnt: 200000]
[data_random_seed: 175]
[is_enable_sparse: 1]
[enable_bundle: 1]
[use_missing: 1]
[zero_as_missing: 0]
[feature_pre_filter: 1]
[pre_partition: 0]
[two_round: 0]
[header: 0]
[label_column: ]
[weight_column: ]
[group_column: ]
[ignore_column: ]
[categorical_feature: ]
[forcedbins_filename: ]
[precise_float_parser: 0]
[parser_config_file: ]
[objective_seed: 16083]
[num_class: 1]
[is_unbalance: 0]
[scale_pos_weight: 4.73394]
[sigmoid: 1]
[boost_from_average: 1]
[reg_sqrt: 0]
[alpha: 0.9]
[fair_c: 1]
[poisson_max_delta_step: 0.7]
[tweedie_variance_power: 1.5]
[lambdarank_truncation_level: 30]
[lambdarank_norm: 1]
[label_gain: ]
[lambdarank_position_bias_regularization: 0]
[eval_at: ]
[multi_error_top_k: 1]
[auc_mu_weights: ]
[num_machines: 1]
[local_listen_port: 12400]
[time_out: 120]
[machine_list_filename: ]
[machines: ]
[gpu_platform_id: -1]
[gpu_device_id: -1]
[gpu_use_dp: 0]
[num_gpu: 1]

end of parameters

pandas_categorical:[]
